Copyright 1986-2022 Xilinx, Inc. All Rights Reserved. Copyright 2022-2025 Advanced Micro Devices, Inc. All Rights Reserved.
---------------------------------------------------------------------------------------------------------------------------------------------------------------------------------------------------------------------------------------------------------------------------------------------
| Tool Version : Vivado v.2025.1 (lin64) Build 6140274 Wed May 21 22:58:25 MDT 2025
| Date         : Fri May 29 06:56:03 2026
| Host         : niklas.ece.pdx.edu running 64-bit Pop!_OS 22.04 LTS
| Command      : report_timing_summary -max_paths 10 -routable_nets -report_unconstrained -file board_top_fractional_32_8_8_timing_summary_routed.rpt -pb board_top_fractional_32_8_8_timing_summary_routed.pb -rpx board_top_fractional_32_8_8_timing_summary_routed.rpx -warn_on_violation
| Design       : board_top_fractional_32_8_8
| Device       : 7a100t-csg324
| Speed File   : -1  PRODUCTION 1.23 2018-06-13
| Design State : Routed
---------------------------------------------------------------------------------------------------------------------------------------------------------------------------------------------------------------------------------------------------------------------------------------------

Timing Summary Report

------------------------------------------------------------------------------------------------
| Timer Settings
| --------------
------------------------------------------------------------------------------------------------

  Enable Multi Corner Analysis               :  Yes
  Enable Pessimism Removal                   :  Yes
  Pessimism Removal Resolution               :  Nearest Common Node
  Enable Input Delay Default Clock           :  No
  Enable Preset / Clear Arcs                 :  No
  Disable Flight Delays                      :  No
  Ignore I/O Paths                           :  No
  Timing Early Launch at Borrowing Latches   :  No
  Borrow Time for Max Delay Exceptions       :  Yes
  Merge Timing Exceptions                    :  Yes
  Inter-SLR Compensation                     :  Conservative

  Corner  Analyze    Analyze    
  Name    Max Paths  Min Paths  
  ------  ---------  ---------  
  Slow    Yes        Yes        
  Fast    Yes        Yes        


------------------------------------------------------------------------------------------------
| Report Methodology
| ------------------
------------------------------------------------------------------------------------------------

Rule       Severity  Description                    Violations  
---------  --------  -----------------------------  ----------  
DPIR-1     Warning   Asynchronous driver check      6585        
SYNTH-10   Warning   Wide multiplier                120         
TIMING-18  Warning   Missing input or output delay  19          

Note: This report is based on the most recent report_methodology run and may not be up-to-date. Run report_methodology on the current design for the latest report.



check_timing report

Table of Contents
-----------------
1. checking no_clock (0)
2. checking constant_clock (0)
3. checking pulse_width_clock (0)
4. checking unconstrained_internal_endpoints (0)
5. checking no_input_delay (2)
6. checking no_output_delay (4)
7. checking multiple_clock (0)
8. checking generated_clocks (0)
9. checking loops (0)
10. checking partial_input_delay (0)
11. checking partial_output_delay (0)
12. checking latch_loops (0)

1. checking no_clock (0)
------------------------
 There are 0 register/latch pins with no clock.


2. checking constant_clock (0)
------------------------------
 There are 0 register/latch pins with constant_clock.


3. checking pulse_width_clock (0)
---------------------------------
 There are 0 register/latch pins which need pulse_width check


4. checking unconstrained_internal_endpoints (0)
------------------------------------------------
 There are 0 pins that are not constrained for maximum delay.

 There are 0 pins that are not constrained for maximum delay due to constant clock.


5. checking no_input_delay (2)
------------------------------
 There are 2 input ports with no input delay specified. (HIGH)

 There are 0 input ports with no input delay but user has a false path constraint.


6. checking no_output_delay (4)
-------------------------------
 There are 4 ports with no output delay specified. (HIGH)

 There are 0 ports with no output delay but user has a false path constraint

 There are 0 ports with no output delay but with a timing clock defined on it or propagating through it


7. checking multiple_clock (0)
------------------------------
 There are 0 register/latch pins with multiple clocks.


8. checking generated_clocks (0)
--------------------------------
 There are 0 generated clocks that are not connected to a clock source.


9. checking loops (0)
---------------------
 There are 0 combinational loops in the design.


10. checking partial_input_delay (0)
------------------------------------
 There are 0 input ports with partial input delay specified.


11. checking partial_output_delay (0)
-------------------------------------
 There are 0 ports with partial output delay specified.


12. checking latch_loops (0)
----------------------------
 There are 0 combinational latch loops in the design through latch input



------------------------------------------------------------------------------------------------
| Design Timing Summary
| ---------------------
------------------------------------------------------------------------------------------------

    WNS(ns)      TNS(ns)  TNS Failing Endpoints  TNS Total Endpoints      WHS(ns)      THS(ns)  THS Failing Endpoints  THS Total Endpoints     WPWS(ns)     TPWS(ns)  TPWS Failing Endpoints  TPWS Total Endpoints  
    -------      -------  ---------------------  -------------------      -------      -------  ---------------------  -------------------     --------     --------  ----------------------  --------------------  
      0.072        0.000                      0                42483        0.033        0.000                      0                42483        4.500        0.000                       0                 21455  


All user specified timing constraints are met.


------------------------------------------------------------------------------------------------
| Clock Summary
| -------------
------------------------------------------------------------------------------------------------

Clock        Waveform(ns)       Period(ns)      Frequency(MHz)
-----        ------------       ----------      --------------
sys_clk_pin  {0.000 5.000}      10.000          100.000         


------------------------------------------------------------------------------------------------
| Intra Clock Table
| -----------------
------------------------------------------------------------------------------------------------

Clock             WNS(ns)      TNS(ns)  TNS Failing Endpoints  TNS Total Endpoints      WHS(ns)      THS(ns)  THS Failing Endpoints  THS Total Endpoints     WPWS(ns)     TPWS(ns)  TPWS Failing Endpoints  TPWS Total Endpoints  
-----             -------      -------  ---------------------  -------------------      -------      -------  ---------------------  -------------------     --------     --------  ----------------------  --------------------  
sys_clk_pin         0.072        0.000                      0                42483        0.033        0.000                      0                42483        4.500        0.000                       0                 21455  


------------------------------------------------------------------------------------------------
| Inter Clock Table
| -----------------
------------------------------------------------------------------------------------------------

From Clock    To Clock          WNS(ns)      TNS(ns)  TNS Failing Endpoints  TNS Total Endpoints      WHS(ns)      THS(ns)  THS Failing Endpoints  THS Total Endpoints  
----------    --------          -------      -------  ---------------------  -------------------      -------      -------  ---------------------  -------------------  


------------------------------------------------------------------------------------------------
| Other Path Groups Table
| -----------------------
------------------------------------------------------------------------------------------------

Path Group    From Clock    To Clock          WNS(ns)      TNS(ns)  TNS Failing Endpoints  TNS Total Endpoints      WHS(ns)      THS(ns)  THS Failing Endpoints  THS Total Endpoints  
----------    ----------    --------          -------      -------  ---------------------  -------------------      -------      -------  ---------------------  -------------------  


------------------------------------------------------------------------------------------------
| User Ignored Path Table
| -----------------------
------------------------------------------------------------------------------------------------

Path Group    From Clock    To Clock    
----------    ----------    --------    


------------------------------------------------------------------------------------------------
| Unconstrained Path Table
| ------------------------
------------------------------------------------------------------------------------------------

Path Group    From Clock    To Clock    
----------    ----------    --------    
(none)        sys_clk_pin                 
(none)                      sys_clk_pin   


------------------------------------------------------------------------------------------------
| Timing Details
| --------------
------------------------------------------------------------------------------------------------


---------------------------------------------------------------------------------------------------
From Clock:  sys_clk_pin
  To Clock:  sys_clk_pin

Setup :            0  Failing Endpoints,  Worst Slack        0.072ns,  Total Violation        0.000ns
Hold  :            0  Failing Endpoints,  Worst Slack        0.033ns,  Total Violation        0.000ns
PW    :            0  Failing Endpoints,  Worst Slack        4.500ns,  Total Violation        0.000ns
---------------------------------------------------------------------------------------------------


Max Delay Paths
--------------------------------------------------------------------------------------
Slack (MET) :             0.072ns  (required time - arrival time)
  Source:                 u_accel/gen_nn_fractional.u_accel/fc1_start_reg/C
                            (rising edge-triggered cell FDCE clocked by sys_clk_pin  {rise@0.000ns fall@5.000ns period=10.000ns})
  Destination:            u_accel/gen_nn_fractional.u_accel/gen_hl1_lif[14].hl1_lif/mul_scaled_result_reg_reg[61]/D
                            (rising edge-triggered cell FDCE clocked by sys_clk_pin  {rise@0.000ns fall@5.000ns period=10.000ns})
  Path Group:             sys_clk_pin
  Path Type:              Setup (Max at Slow Process Corner)
  Requirement:            10.000ns  (sys_clk_pin rise@10.000ns - sys_clk_pin rise@0.000ns)
  Data Path Delay:        10.027ns  (logic 2.019ns (20.135%)  route 8.008ns (79.865%))
  Logic Levels:           9  (CARRY4=8 LUT2=1)
  Clock Path Skew:        0.073ns (DCD - SCD + CPR)
    Destination Clock Delay (DCD):    5.127ns = ( 15.127 - 10.000 ) 
    Source Clock Delay      (SCD):    5.235ns
    Clock Pessimism Removal (CPR):    0.180ns
  Clock Uncertainty:      0.035ns  ((TSJ^2 + TIJ^2)^1/2 + DJ) / 2 + PE
    Total System Jitter     (TSJ):    0.071ns
    Total Input Jitter      (TIJ):    0.000ns
    Discrete Jitter          (DJ):    0.000ns
    Phase Error              (PE):    0.000ns

    Location             Delay type                Incr(ns)  Path(ns)    Netlist Resource(s)
  -------------------------------------------------------------------    -------------------
                         (clock sys_clk_pin rise edge)
                                                      0.000     0.000 r  
    E3                                                0.000     0.000 r  CLK100MHZ (IN)
                         net (fo=0)                   0.000     0.000    CLK100MHZ
    E3                   IBUF (Prop_ibuf_I_O)         1.482     1.482 r  CLK100MHZ_IBUF_inst/O
                         net (fo=1, routed)           2.025     3.506    CLK100MHZ_IBUF
    BUFGCTRL_X0Y16       BUFG (Prop_bufg_I_O)         0.096     3.602 r  CLK100MHZ_IBUF_BUFG_inst/O
                         net (fo=21454, routed)       1.632     5.235    u_accel/gen_nn_fractional.u_accel/CLK100MHZ_IBUF_BUFG
    SLICE_X47Y59         FDCE                                         r  u_accel/gen_nn_fractional.u_accel/fc1_start_reg/C
  -------------------------------------------------------------------    -------------------
    SLICE_X47Y59         FDCE (Prop_fdce_C_Q)         0.456     5.691 f  u_accel/gen_nn_fractional.u_accel/fc1_start_reg/Q
                         net (fo=12728, routed)       7.999    13.690    u_accel/gen_nn_fractional.u_accel/gen_hl1_lif[14].hl1_lif/hl2_clear
    SLICE_X79Y169        LUT2 (Prop_lut2_I1_O)        0.124    13.814 r  u_accel/gen_nn_fractional.u_accel/gen_hl1_lif[14].hl1_lif/mul_scaled_result_reg[36]_i_8__15/O
                         net (fo=1, routed)           0.000    13.814    u_accel/gen_nn_fractional.u_accel/gen_hl1_lif[14].hl1_lif/mul_scaled_result_reg[36]_i_8__15_n_0
    SLICE_X79Y169        CARRY4 (Prop_carry4_S[0]_CO[3])
                                                      0.532    14.346 r  u_accel/gen_nn_fractional.u_accel/gen_hl1_lif[14].hl1_lif/mul_scaled_result_reg_reg[36]_i_1__15/CO[3]
                         net (fo=1, routed)           0.000    14.346    u_accel/gen_nn_fractional.u_accel/gen_hl1_lif[14].hl1_lif/mul_scaled_result_reg_reg[36]_i_1__15_n_0
    SLICE_X79Y170        CARRY4 (Prop_carry4_CI_CO[3])
                                                      0.114    14.460 r  u_accel/gen_nn_fractional.u_accel/gen_hl1_lif[14].hl1_lif/mul_scaled_result_reg_reg[40]_i_1__15/CO[3]
                         net (fo=1, routed)           0.000    14.460    u_accel/gen_nn_fractional.u_accel/gen_hl1_lif[14].hl1_lif/mul_scaled_result_reg_reg[40]_i_1__15_n_0
    SLICE_X79Y171        CARRY4 (Prop_carry4_CI_CO[3])
                                                      0.114    14.574 r  u_accel/gen_nn_fractional.u_accel/gen_hl1_lif[14].hl1_lif/mul_scaled_result_reg_reg[44]_i_1__15/CO[3]
                         net (fo=1, routed)           0.000    14.574    u_accel/gen_nn_fractional.u_accel/gen_hl1_lif[14].hl1_lif/mul_scaled_result_reg_reg[44]_i_1__15_n_0
    SLICE_X79Y172        CARRY4 (Prop_carry4_CI_CO[3])
                                                      0.114    14.688 r  u_accel/gen_nn_fractional.u_accel/gen_hl1_lif[14].hl1_lif/mul_scaled_result_reg_reg[48]_i_1__15/CO[3]
                         net (fo=1, routed)           0.000    14.688    u_accel/gen_nn_fractional.u_accel/gen_hl1_lif[14].hl1_lif/mul_scaled_result_reg_reg[48]_i_1__15_n_0
    SLICE_X79Y173        CARRY4 (Prop_carry4_CI_CO[3])
                                                      0.114    14.802 r  u_accel/gen_nn_fractional.u_accel/gen_hl1_lif[14].hl1_lif/mul_scaled_result_reg_reg[52]_i_1__15/CO[3]
                         net (fo=1, routed)           0.000    14.802    u_accel/gen_nn_fractional.u_accel/gen_hl1_lif[14].hl1_lif/mul_scaled_result_reg_reg[52]_i_1__15_n_0
    SLICE_X79Y174        CARRY4 (Prop_carry4_CI_CO[3])
                                                      0.114    14.916 r  u_accel/gen_nn_fractional.u_accel/gen_hl1_lif[14].hl1_lif/mul_scaled_result_reg_reg[56]_i_1__15/CO[3]
                         net (fo=1, routed)           0.009    14.925    u_accel/gen_nn_fractional.u_accel/gen_hl1_lif[14].hl1_lif/mul_scaled_result_reg_reg[56]_i_1__15_n_0
    SLICE_X79Y175        CARRY4 (Prop_carry4_CI_CO[3])
                                                      0.114    15.039 r  u_accel/gen_nn_fractional.u_accel/gen_hl1_lif[14].hl1_lif/mul_scaled_result_reg_reg[60]_i_1__15/CO[3]
                         net (fo=1, routed)           0.000    15.039    u_accel/gen_nn_fractional.u_accel/gen_hl1_lif[14].hl1_lif/mul_scaled_result_reg_reg[60]_i_1__15_n_0
    SLICE_X79Y176        CARRY4 (Prop_carry4_CI_O[0])
                                                      0.223    15.262 r  u_accel/gen_nn_fractional.u_accel/gen_hl1_lif[14].hl1_lif/mul_scaled_result_reg_reg[61]_i_2__15/O[0]
                         net (fo=1, routed)           0.000    15.262    u_accel/gen_nn_fractional.u_accel/gen_hl1_lif[14].hl1_lif/mul_scaled_result_reg_reg[61]_i_2__15_n_7
    SLICE_X79Y176        FDCE                                         r  u_accel/gen_nn_fractional.u_accel/gen_hl1_lif[14].hl1_lif/mul_scaled_result_reg_reg[61]/D
  -------------------------------------------------------------------    -------------------

                         (clock sys_clk_pin rise edge)
                                                     10.000    10.000 r  
    E3                                                0.000    10.000 r  CLK100MHZ (IN)
                         net (fo=0)                   0.000    10.000    CLK100MHZ
    E3                   IBUF (Prop_ibuf_I_O)         1.411    11.411 r  CLK100MHZ_IBUF_inst/O
                         net (fo=1, routed)           1.920    13.331    CLK100MHZ_IBUF
    BUFGCTRL_X0Y16       BUFG (Prop_bufg_I_O)         0.091    13.422 r  CLK100MHZ_IBUF_BUFG_inst/O
                         net (fo=21454, routed)       1.705    15.127    u_accel/gen_nn_fractional.u_accel/gen_hl1_lif[14].hl1_lif/CLK100MHZ_IBUF_BUFG
    SLICE_X79Y176        FDCE                                         r  u_accel/gen_nn_fractional.u_accel/gen_hl1_lif[14].hl1_lif/mul_scaled_result_reg_reg[61]/C
                         clock pessimism              0.180    15.307    
                         clock uncertainty           -0.035    15.272    
    SLICE_X79Y176        FDCE (Setup_fdce_C_D)        0.062    15.334    u_accel/gen_nn_fractional.u_accel/gen_hl1_lif[14].hl1_lif/mul_scaled_result_reg_reg[61]
  -------------------------------------------------------------------
                         required time                         15.334    
                         arrival time                         -15.262    
  -------------------------------------------------------------------
                         slack                                  0.072    

Slack (MET) :             0.073ns  (required time - arrival time)
  Source:                 u_accel/gen_nn_fractional.u_accel/fc1_start_reg/C
                            (rising edge-triggered cell FDCE clocked by sys_clk_pin  {rise@0.000ns fall@5.000ns period=10.000ns})
  Destination:            u_accel/gen_nn_fractional.u_accel/gen_hl1_lif[14].hl1_lif/mul_scaled_result_reg_reg[58]/D
                            (rising edge-triggered cell FDCE clocked by sys_clk_pin  {rise@0.000ns fall@5.000ns period=10.000ns})
  Path Group:             sys_clk_pin
  Path Type:              Setup (Max at Slow Process Corner)
  Requirement:            10.000ns  (sys_clk_pin rise@10.000ns - sys_clk_pin rise@0.000ns)
  Data Path Delay:        10.024ns  (logic 2.016ns (20.111%)  route 8.008ns (79.889%))
  Logic Levels:           8  (CARRY4=7 LUT2=1)
  Clock Path Skew:        0.071ns (DCD - SCD + CPR)
    Destination Clock Delay (DCD):    5.125ns = ( 15.125 - 10.000 ) 
    Source Clock Delay      (SCD):    5.235ns
    Clock Pessimism Removal (CPR):    0.180ns
  Clock Uncertainty:      0.035ns  ((TSJ^2 + TIJ^2)^1/2 + DJ) / 2 + PE
    Total System Jitter     (TSJ):    0.071ns
    Total Input Jitter      (TIJ):    0.000ns
    Discrete Jitter          (DJ):    0.000ns
    Phase Error              (PE):    0.000ns

    Location             Delay type                Incr(ns)  Path(ns)    Netlist Resource(s)
  -------------------------------------------------------------------    -------------------
                         (clock sys_clk_pin rise edge)
                                                      0.000     0.000 r  
    E3                                                0.000     0.000 r  CLK100MHZ (IN)
                         net (fo=0)                   0.000     0.000    CLK100MHZ
    E3                   IBUF (Prop_ibuf_I_O)         1.482     1.482 r  CLK100MHZ_IBUF_inst/O
                         net (fo=1, routed)           2.025     3.506    CLK100MHZ_IBUF
    BUFGCTRL_X0Y16       BUFG (Prop_bufg_I_O)         0.096     3.602 r  CLK100MHZ_IBUF_BUFG_inst/O
                         net (fo=21454, routed)       1.632     5.235    u_accel/gen_nn_fractional.u_accel/CLK100MHZ_IBUF_BUFG
    SLICE_X47Y59         FDCE                                         r  u_accel/gen_nn_fractional.u_accel/fc1_start_reg/C
  -------------------------------------------------------------------    -------------------
    SLICE_X47Y59         FDCE (Prop_fdce_C_Q)         0.456     5.691 f  u_accel/gen_nn_fractional.u_accel/fc1_start_reg/Q
                         net (fo=12728, routed)       7.999    13.690    u_accel/gen_nn_fractional.u_accel/gen_hl1_lif[14].hl1_lif/hl2_clear
    SLICE_X79Y169        LUT2 (Prop_lut2_I1_O)        0.124    13.814 r  u_accel/gen_nn_fractional.u_accel/gen_hl1_lif[14].hl1_lif/mul_scaled_result_reg[36]_i_8__15/O
                         net (fo=1, routed)           0.000    13.814    u_accel/gen_nn_fractional.u_accel/gen_hl1_lif[14].hl1_lif/mul_scaled_result_reg[36]_i_8__15_n_0
    SLICE_X79Y169        CARRY4 (Prop_carry4_S[0]_CO[3])
                                                      0.532    14.346 r  u_accel/gen_nn_fractional.u_accel/gen_hl1_lif[14].hl1_lif/mul_scaled_result_reg_reg[36]_i_1__15/CO[3]
                         net (fo=1, routed)           0.000    14.346    u_accel/gen_nn_fractional.u_accel/gen_hl1_lif[14].hl1_lif/mul_scaled_result_reg_reg[36]_i_1__15_n_0
    SLICE_X79Y170        CARRY4 (Prop_carry4_CI_CO[3])
                                                      0.114    14.460 r  u_accel/gen_nn_fractional.u_accel/gen_hl1_lif[14].hl1_lif/mul_scaled_result_reg_reg[40]_i_1__15/CO[3]
                         net (fo=1, routed)           0.000    14.460    u_accel/gen_nn_fractional.u_accel/gen_hl1_lif[14].hl1_lif/mul_scaled_result_reg_reg[40]_i_1__15_n_0
    SLICE_X79Y171        CARRY4 (Prop_carry4_CI_CO[3])
                                                      0.114    14.574 r  u_accel/gen_nn_fractional.u_accel/gen_hl1_lif[14].hl1_lif/mul_scaled_result_reg_reg[44]_i_1__15/CO[3]
                         net (fo=1, routed)           0.000    14.574    u_accel/gen_nn_fractional.u_accel/gen_hl1_lif[14].hl1_lif/mul_scaled_result_reg_reg[44]_i_1__15_n_0
    SLICE_X79Y172        CARRY4 (Prop_carry4_CI_CO[3])
                                                      0.114    14.688 r  u_accel/gen_nn_fractional.u_accel/gen_hl1_lif[14].hl1_lif/mul_scaled_result_reg_reg[48]_i_1__15/CO[3]
                         net (fo=1, routed)           0.000    14.688    u_accel/gen_nn_fractional.u_accel/gen_hl1_lif[14].hl1_lif/mul_scaled_result_reg_reg[48]_i_1__15_n_0
    SLICE_X79Y173        CARRY4 (Prop_carry4_CI_CO[3])
                                                      0.114    14.802 r  u_accel/gen_nn_fractional.u_accel/gen_hl1_lif[14].hl1_lif/mul_scaled_result_reg_reg[52]_i_1__15/CO[3]
                         net (fo=1, routed)           0.000    14.802    u_accel/gen_nn_fractional.u_accel/gen_hl1_lif[14].hl1_lif/mul_scaled_result_reg_reg[52]_i_1__15_n_0
    SLICE_X79Y174        CARRY4 (Prop_carry4_CI_CO[3])
                                                      0.114    14.916 r  u_accel/gen_nn_fractional.u_accel/gen_hl1_lif[14].hl1_lif/mul_scaled_result_reg_reg[56]_i_1__15/CO[3]
                         net (fo=1, routed)           0.009    14.925    u_accel/gen_nn_fractional.u_accel/gen_hl1_lif[14].hl1_lif/mul_scaled_result_reg_reg[56]_i_1__15_n_0
    SLICE_X79Y175        CARRY4 (Prop_carry4_CI_O[1])
                                                      0.334    15.259 r  u_accel/gen_nn_fractional.u_accel/gen_hl1_lif[14].hl1_lif/mul_scaled_result_reg_reg[60]_i_1__15/O[1]
                         net (fo=1, routed)           0.000    15.259    u_accel/gen_nn_fractional.u_accel/gen_hl1_lif[14].hl1_lif/mul_scaled_result_reg_reg[60]_i_1__15_n_6
    SLICE_X79Y175        FDCE                                         r  u_accel/gen_nn_fractional.u_accel/gen_hl1_lif[14].hl1_lif/mul_scaled_result_reg_reg[58]/D
  -------------------------------------------------------------------    -------------------

                         (clock sys_clk_pin rise edge)
                                                     10.000    10.000 r  
    E3                                                0.000    10.000 r  CLK100MHZ (IN)
                         net (fo=0)                   0.000    10.000    CLK100MHZ
    E3                   IBUF (Prop_ibuf_I_O)         1.411    11.411 r  CLK100MHZ_IBUF_inst/O
                         net (fo=1, routed)           1.920    13.331    CLK100MHZ_IBUF
    BUFGCTRL_X0Y16       BUFG (Prop_bufg_I_O)         0.091    13.422 r  CLK100MHZ_IBUF_BUFG_inst/O
                         net (fo=21454, routed)       1.703    15.125    u_accel/gen_nn_fractional.u_accel/gen_hl1_lif[14].hl1_lif/CLK100MHZ_IBUF_BUFG
    SLICE_X79Y175        FDCE                                         r  u_accel/gen_nn_fractional.u_accel/gen_hl1_lif[14].hl1_lif/mul_scaled_result_reg_reg[58]/C
                         clock pessimism              0.180    15.305    
                         clock uncertainty           -0.035    15.270    
    SLICE_X79Y175        FDCE (Setup_fdce_C_D)        0.062    15.332    u_accel/gen_nn_fractional.u_accel/gen_hl1_lif[14].hl1_lif/mul_scaled_result_reg_reg[58]
  -------------------------------------------------------------------
                         required time                         15.332    
                         arrival time                         -15.259    
  -------------------------------------------------------------------
                         slack                                  0.073    

Slack (MET) :             0.093ns  (required time - arrival time)
  Source:                 u_accel/gen_nn_fractional.u_accel/fc1_start_reg/C
                            (rising edge-triggered cell FDCE clocked by sys_clk_pin  {rise@0.000ns fall@5.000ns period=10.000ns})
  Destination:            u_accel/gen_nn_fractional.u_accel/gen_hl1_lif[14].hl1_lif/numerator_reg_reg[44]/D
                            (rising edge-triggered cell FDCE clocked by sys_clk_pin  {rise@0.000ns fall@5.000ns period=10.000ns})
  Path Group:             sys_clk_pin
  Path Type:              Setup (Max at Slow Process Corner)
  Requirement:            10.000ns  (sys_clk_pin rise@10.000ns - sys_clk_pin rise@0.000ns)
  Data Path Delay:        10.054ns  (logic 2.034ns (20.232%)  route 8.020ns (79.768%))
  Logic Levels:           9  (CARRY4=8 LUT3=1)
  Clock Path Skew:        0.073ns (DCD - SCD + CPR)
    Destination Clock Delay (DCD):    5.127ns = ( 15.127 - 10.000 ) 
    Source Clock Delay      (SCD):    5.235ns
    Clock Pessimism Removal (CPR):    0.180ns
  Clock Uncertainty:      0.035ns  ((TSJ^2 + TIJ^2)^1/2 + DJ) / 2 + PE
    Total System Jitter     (TSJ):    0.071ns
    Total Input Jitter      (TIJ):    0.000ns
    Discrete Jitter          (DJ):    0.000ns
    Phase Error              (PE):    0.000ns

    Location             Delay type                Incr(ns)  Path(ns)    Netlist Resource(s)
  -------------------------------------------------------------------    -------------------
                         (clock sys_clk_pin rise edge)
                                                      0.000     0.000 r  
    E3                                                0.000     0.000 r  CLK100MHZ (IN)
                         net (fo=0)                   0.000     0.000    CLK100MHZ
    E3                   IBUF (Prop_ibuf_I_O)         1.482     1.482 r  CLK100MHZ_IBUF_inst/O
                         net (fo=1, routed)           2.025     3.506    CLK100MHZ_IBUF
    BUFGCTRL_X0Y16       BUFG (Prop_bufg_I_O)         0.096     3.602 r  CLK100MHZ_IBUF_BUFG_inst/O
                         net (fo=21454, routed)       1.632     5.235    u_accel/gen_nn_fractional.u_accel/CLK100MHZ_IBUF_BUFG
    SLICE_X47Y59         FDCE                                         r  u_accel/gen_nn_fractional.u_accel/fc1_start_reg/C
  -------------------------------------------------------------------    -------------------
    SLICE_X47Y59         FDCE (Prop_fdce_C_Q)         0.456     5.691 f  u_accel/gen_nn_fractional.u_accel/fc1_start_reg/Q
                         net (fo=12728, routed)       8.011    13.701    u_accel/gen_nn_fractional.u_accel/gen_hl1_lif[14].hl1_lif/hl2_clear
    SLICE_X78Y169        LUT3 (Prop_lut3_I1_O)        0.124    13.825 r  u_accel/gen_nn_fractional.u_accel/gen_hl1_lif[14].hl1_lif/numerator_reg[19]_i_8__15/O
                         net (fo=1, routed)           0.000    13.825    u_accel/gen_nn_fractional.u_accel/gen_hl1_lif[14].hl1_lif/numerator_reg[19]_i_8__15_n_0
    SLICE_X78Y169        CARRY4 (Prop_carry4_S[1]_CO[3])
                                                      0.533    14.358 r  u_accel/gen_nn_fractional.u_accel/gen_hl1_lif[14].hl1_lif/numerator_reg_reg[19]_i_1__15/CO[3]
                         net (fo=1, routed)           0.000    14.358    u_accel/gen_nn_fractional.u_accel/gen_hl1_lif[14].hl1_lif/numerator_reg_reg[19]_i_1__15_n_0
    SLICE_X78Y170        CARRY4 (Prop_carry4_CI_CO[3])
                                                      0.117    14.475 r  u_accel/gen_nn_fractional.u_accel/gen_hl1_lif[14].hl1_lif/numerator_reg_reg[23]_i_1__15/CO[3]
                         net (fo=1, routed)           0.000    14.475    u_accel/gen_nn_fractional.u_accel/gen_hl1_lif[14].hl1_lif/numerator_reg_reg[23]_i_1__15_n_0
    SLICE_X78Y171        CARRY4 (Prop_carry4_CI_CO[3])
                                                      0.117    14.592 r  u_accel/gen_nn_fractional.u_accel/gen_hl1_lif[14].hl1_lif/numerator_reg_reg[27]_i_1__15/CO[3]
                         net (fo=1, routed)           0.000    14.592    u_accel/gen_nn_fractional.u_accel/gen_hl1_lif[14].hl1_lif/numerator_reg_reg[27]_i_1__15_n_0
    SLICE_X78Y172        CARRY4 (Prop_carry4_CI_CO[3])
                                                      0.117    14.709 r  u_accel/gen_nn_fractional.u_accel/gen_hl1_lif[14].hl1_lif/numerator_reg_reg[31]_i_1__15/CO[3]
                         net (fo=1, routed)           0.000    14.709    u_accel/gen_nn_fractional.u_accel/gen_hl1_lif[14].hl1_lif/numerator_reg_reg[31]_i_1__15_n_0
    SLICE_X78Y173        CARRY4 (Prop_carry4_CI_CO[3])
                                                      0.117    14.826 r  u_accel/gen_nn_fractional.u_accel/gen_hl1_lif[14].hl1_lif/numerator_reg_reg[35]_i_1__15/CO[3]
                         net (fo=1, routed)           0.000    14.826    u_accel/gen_nn_fractional.u_accel/gen_hl1_lif[14].hl1_lif/numerator_reg_reg[35]_i_1__15_n_0
    SLICE_X78Y174        CARRY4 (Prop_carry4_CI_CO[3])
                                                      0.117    14.943 r  u_accel/gen_nn_fractional.u_accel/gen_hl1_lif[14].hl1_lif/numerator_reg_reg[39]_i_1__15/CO[3]
                         net (fo=1, routed)           0.009    14.952    u_accel/gen_nn_fractional.u_accel/gen_hl1_lif[14].hl1_lif/numerator_reg_reg[39]_i_1__15_n_0
    SLICE_X78Y175        CARRY4 (Prop_carry4_CI_CO[3])
                                                      0.117    15.069 r  u_accel/gen_nn_fractional.u_accel/gen_hl1_lif[14].hl1_lif/numerator_reg_reg[43]_i_1__15/CO[3]
                         net (fo=1, routed)           0.000    15.069    u_accel/gen_nn_fractional.u_accel/gen_hl1_lif[14].hl1_lif/numerator_reg_reg[43]_i_1__15_n_0
    SLICE_X78Y176        CARRY4 (Prop_carry4_CI_O[0])
                                                      0.219    15.288 r  u_accel/gen_nn_fractional.u_accel/gen_hl1_lif[14].hl1_lif/numerator_reg_reg[44]_i_2__15/O[0]
                         net (fo=1, routed)           0.000    15.288    u_accel/gen_nn_fractional.u_accel/gen_hl1_lif[14].hl1_lif/numerator_reg_reg[44]_i_2__15_n_7
    SLICE_X78Y176        FDCE                                         r  u_accel/gen_nn_fractional.u_accel/gen_hl1_lif[14].hl1_lif/numerator_reg_reg[44]/D
  -------------------------------------------------------------------    -------------------

                         (clock sys_clk_pin rise edge)
                                                     10.000    10.000 r  
    E3                                                0.000    10.000 r  CLK100MHZ (IN)
                         net (fo=0)                   0.000    10.000    CLK100MHZ
    E3                   IBUF (Prop_ibuf_I_O)         1.411    11.411 r  CLK100MHZ_IBUF_inst/O
                         net (fo=1, routed)           1.920    13.331    CLK100MHZ_IBUF
    BUFGCTRL_X0Y16       BUFG (Prop_bufg_I_O)         0.091    13.422 r  CLK100MHZ_IBUF_BUFG_inst/O
                         net (fo=21454, routed)       1.705    15.127    u_accel/gen_nn_fractional.u_accel/gen_hl1_lif[14].hl1_lif/CLK100MHZ_IBUF_BUFG
    SLICE_X78Y176        FDCE                                         r  u_accel/gen_nn_fractional.u_accel/gen_hl1_lif[14].hl1_lif/numerator_reg_reg[44]/C
                         clock pessimism              0.180    15.307    
                         clock uncertainty           -0.035    15.272    
    SLICE_X78Y176        FDCE (Setup_fdce_C_D)        0.109    15.381    u_accel/gen_nn_fractional.u_accel/gen_hl1_lif[14].hl1_lif/numerator_reg_reg[44]
  -------------------------------------------------------------------
                         required time                         15.381    
                         arrival time                         -15.288    
  -------------------------------------------------------------------
                         slack                                  0.093    

Slack (MET) :             0.094ns  (required time - arrival time)
  Source:                 u_accel/gen_nn_fractional.u_accel/fc1_start_reg/C
                            (rising edge-triggered cell FDCE clocked by sys_clk_pin  {rise@0.000ns fall@5.000ns period=10.000ns})
  Destination:            u_accel/gen_nn_fractional.u_accel/gen_hl1_lif[14].hl1_lif/mul_scaled_result_reg_reg[60]/D
                            (rising edge-triggered cell FDCE clocked by sys_clk_pin  {rise@0.000ns fall@5.000ns period=10.000ns})
  Path Group:             sys_clk_pin
  Path Type:              Setup (Max at Slow Process Corner)
  Requirement:            10.000ns  (sys_clk_pin rise@10.000ns - sys_clk_pin rise@0.000ns)
  Data Path Delay:        10.003ns  (logic 1.995ns (19.943%)  route 8.008ns (80.057%))
  Logic Levels:           8  (CARRY4=7 LUT2=1)
  Clock Path Skew:        0.071ns (DCD - SCD + CPR)
    Destination Clock Delay (DCD):    5.125ns = ( 15.125 - 10.000 ) 
    Source Clock Delay      (SCD):    5.235ns
    Clock Pessimism Removal (CPR):    0.180ns
  Clock Uncertainty:      0.035ns  ((TSJ^2 + TIJ^2)^1/2 + DJ) / 2 + PE
    Total System Jitter     (TSJ):    0.071ns
    Total Input Jitter      (TIJ):    0.000ns
    Discrete Jitter          (DJ):    0.000ns
    Phase Error              (PE):    0.000ns

    Location             Delay type                Incr(ns)  Path(ns)    Netlist Resource(s)
  -------------------------------------------------------------------    -------------------
                         (clock sys_clk_pin rise edge)
                                                      0.000     0.000 r  
    E3                                                0.000     0.000 r  CLK100MHZ (IN)
                         net (fo=0)                   0.000     0.000    CLK100MHZ
    E3                   IBUF (Prop_ibuf_I_O)         1.482     1.482 r  CLK100MHZ_IBUF_inst/O
                         net (fo=1, routed)           2.025     3.506    CLK100MHZ_IBUF
    BUFGCTRL_X0Y16       BUFG (Prop_bufg_I_O)         0.096     3.602 r  CLK100MHZ_IBUF_BUFG_inst/O
                         net (fo=21454, routed)       1.632     5.235    u_accel/gen_nn_fractional.u_accel/CLK100MHZ_IBUF_BUFG
    SLICE_X47Y59         FDCE                                         r  u_accel/gen_nn_fractional.u_accel/fc1_start_reg/C
  -------------------------------------------------------------------    -------------------
    SLICE_X47Y59         FDCE (Prop_fdce_C_Q)         0.456     5.691 f  u_accel/gen_nn_fractional.u_accel/fc1_start_reg/Q
                         net (fo=12728, routed)       7.999    13.690    u_accel/gen_nn_fractional.u_accel/gen_hl1_lif[14].hl1_lif/hl2_clear
    SLICE_X79Y169        LUT2 (Prop_lut2_I1_O)        0.124    13.814 r  u_accel/gen_nn_fractional.u_accel/gen_hl1_lif[14].hl1_lif/mul_scaled_result_reg[36]_i_8__15/O
                         net (fo=1, routed)           0.000    13.814    u_accel/gen_nn_fractional.u_accel/gen_hl1_lif[14].hl1_lif/mul_scaled_result_reg[36]_i_8__15_n_0
    SLICE_X79Y169        CARRY4 (Prop_carry4_S[0]_CO[3])
                                                      0.532    14.346 r  u_accel/gen_nn_fractional.u_accel/gen_hl1_lif[14].hl1_lif/mul_scaled_result_reg_reg[36]_i_1__15/CO[3]
                         net (fo=1, routed)           0.000    14.346    u_accel/gen_nn_fractional.u_accel/gen_hl1_lif[14].hl1_lif/mul_scaled_result_reg_reg[36]_i_1__15_n_0
    SLICE_X79Y170        CARRY4 (Prop_carry4_CI_CO[3])
                                                      0.114    14.460 r  u_accel/gen_nn_fractional.u_accel/gen_hl1_lif[14].hl1_lif/mul_scaled_result_reg_reg[40]_i_1__15/CO[3]
                         net (fo=1, routed)           0.000    14.460    u_accel/gen_nn_fractional.u_accel/gen_hl1_lif[14].hl1_lif/mul_scaled_result_reg_reg[40]_i_1__15_n_0
    SLICE_X79Y171        CARRY4 (Prop_carry4_CI_CO[3])
                                                      0.114    14.574 r  u_accel/gen_nn_fractional.u_accel/gen_hl1_lif[14].hl1_lif/mul_scaled_result_reg_reg[44]_i_1__15/CO[3]
                         net (fo=1, routed)           0.000    14.574    u_accel/gen_nn_fractional.u_accel/gen_hl1_lif[14].hl1_lif/mul_scaled_result_reg_reg[44]_i_1__15_n_0
    SLICE_X79Y172        CARRY4 (Prop_carry4_CI_CO[3])
                                                      0.114    14.688 r  u_accel/gen_nn_fractional.u_accel/gen_hl1_lif[14].hl1_lif/mul_scaled_result_reg_reg[48]_i_1__15/CO[3]
                         net (fo=1, routed)           0.000    14.688    u_accel/gen_nn_fractional.u_accel/gen_hl1_lif[14].hl1_lif/mul_scaled_result_reg_reg[48]_i_1__15_n_0
    SLICE_X79Y173        CARRY4 (Prop_carry4_CI_CO[3])
                                                      0.114    14.802 r  u_accel/gen_nn_fractional.u_accel/gen_hl1_lif[14].hl1_lif/mul_scaled_result_reg_reg[52]_i_1__15/CO[3]
                         net (fo=1, routed)           0.000    14.802    u_accel/gen_nn_fractional.u_accel/gen_hl1_lif[14].hl1_lif/mul_scaled_result_reg_reg[52]_i_1__15_n_0
    SLICE_X79Y174        CARRY4 (Prop_carry4_CI_CO[3])
                                                      0.114    14.916 r  u_accel/gen_nn_fractional.u_accel/gen_hl1_lif[14].hl1_lif/mul_scaled_result_reg_reg[56]_i_1__15/CO[3]
                         net (fo=1, routed)           0.009    14.925    u_accel/gen_nn_fractional.u_accel/gen_hl1_lif[14].hl1_lif/mul_scaled_result_reg_reg[56]_i_1__15_n_0
    SLICE_X79Y175        CARRY4 (Prop_carry4_CI_O[3])
                                                      0.313    15.238 r  u_accel/gen_nn_fractional.u_accel/gen_hl1_lif[14].hl1_lif/mul_scaled_result_reg_reg[60]_i_1__15/O[3]
                         net (fo=1, routed)           0.000    15.238    u_accel/gen_nn_fractional.u_accel/gen_hl1_lif[14].hl1_lif/mul_scaled_result_reg_reg[60]_i_1__15_n_4
    SLICE_X79Y175        FDCE                                         r  u_accel/gen_nn_fractional.u_accel/gen_hl1_lif[14].hl1_lif/mul_scaled_result_reg_reg[60]/D
  -------------------------------------------------------------------    -------------------

                         (clock sys_clk_pin rise edge)
                                                     10.000    10.000 r  
    E3                                                0.000    10.000 r  CLK100MHZ (IN)
                         net (fo=0)                   0.000    10.000    CLK100MHZ
    E3                   IBUF (Prop_ibuf_I_O)         1.411    11.411 r  CLK100MHZ_IBUF_inst/O
                         net (fo=1, routed)           1.920    13.331    CLK100MHZ_IBUF
    BUFGCTRL_X0Y16       BUFG (Prop_bufg_I_O)         0.091    13.422 r  CLK100MHZ_IBUF_BUFG_inst/O
                         net (fo=21454, routed)       1.703    15.125    u_accel/gen_nn_fractional.u_accel/gen_hl1_lif[14].hl1_lif/CLK100MHZ_IBUF_BUFG
    SLICE_X79Y175        FDCE                                         r  u_accel/gen_nn_fractional.u_accel/gen_hl1_lif[14].hl1_lif/mul_scaled_result_reg_reg[60]/C
                         clock pessimism              0.180    15.305    
                         clock uncertainty           -0.035    15.270    
    SLICE_X79Y175        FDCE (Setup_fdce_C_D)        0.062    15.332    u_accel/gen_nn_fractional.u_accel/gen_hl1_lif[14].hl1_lif/mul_scaled_result_reg_reg[60]
  -------------------------------------------------------------------
                         required time                         15.332    
                         arrival time                         -15.238    
  -------------------------------------------------------------------
                         slack                                  0.094    

Slack (MET) :             0.104ns  (required time - arrival time)
  Source:                 u_accel/gen_nn_fractional.u_accel/fc1_start_reg/C
                            (rising edge-triggered cell FDCE clocked by sys_clk_pin  {rise@0.000ns fall@5.000ns period=10.000ns})
  Destination:            u_accel/gen_nn_fractional.u_accel/gen_hl1_lif[14].hl1_lif/numerator_reg_reg[41]/D
                            (rising edge-triggered cell FDCE clocked by sys_clk_pin  {rise@0.000ns fall@5.000ns period=10.000ns})
  Path Group:             sys_clk_pin
  Path Type:              Setup (Max at Slow Process Corner)
  Requirement:            10.000ns  (sys_clk_pin rise@10.000ns - sys_clk_pin rise@0.000ns)
  Data Path Delay:        10.041ns  (logic 2.021ns (20.128%)  route 8.020ns (79.872%))
  Logic Levels:           8  (CARRY4=7 LUT3=1)
  Clock Path Skew:        0.071ns (DCD - SCD + CPR)
    Destination Clock Delay (DCD):    5.125ns = ( 15.125 - 10.000 ) 
    Source Clock Delay      (SCD):    5.235ns
    Clock Pessimism Removal (CPR):    0.180ns
  Clock Uncertainty:      0.035ns  ((TSJ^2 + TIJ^2)^1/2 + DJ) / 2 + PE
    Total System Jitter     (TSJ):    0.071ns
    Total Input Jitter      (TIJ):    0.000ns
    Discrete Jitter          (DJ):    0.000ns
    Phase Error              (PE):    0.000ns

    Location             Delay type                Incr(ns)  Path(ns)    Netlist Resource(s)
  -------------------------------------------------------------------    -------------------
                         (clock sys_clk_pin rise edge)
                                                      0.000     0.000 r  
    E3                                                0.000     0.000 r  CLK100MHZ (IN)
                         net (fo=0)                   0.000     0.000    CLK100MHZ
    E3                   IBUF (Prop_ibuf_I_O)         1.482     1.482 r  CLK100MHZ_IBUF_inst/O
                         net (fo=1, routed)           2.025     3.506    CLK100MHZ_IBUF
    BUFGCTRL_X0Y16       BUFG (Prop_bufg_I_O)         0.096     3.602 r  CLK100MHZ_IBUF_BUFG_inst/O
                         net (fo=21454, routed)       1.632     5.235    u_accel/gen_nn_fractional.u_accel/CLK100MHZ_IBUF_BUFG
    SLICE_X47Y59         FDCE                                         r  u_accel/gen_nn_fractional.u_accel/fc1_start_reg/C
  -------------------------------------------------------------------    -------------------
    SLICE_X47Y59         FDCE (Prop_fdce_C_Q)         0.456     5.691 f  u_accel/gen_nn_fractional.u_accel/fc1_start_reg/Q
                         net (fo=12728, routed)       8.011    13.701    u_accel/gen_nn_fractional.u_accel/gen_hl1_lif[14].hl1_lif/hl2_clear
    SLICE_X78Y169        LUT3 (Prop_lut3_I1_O)        0.124    13.825 r  u_accel/gen_nn_fractional.u_accel/gen_hl1_lif[14].hl1_lif/numerator_reg[19]_i_8__15/O
                         net (fo=1, routed)           0.000    13.825    u_accel/gen_nn_fractional.u_accel/gen_hl1_lif[14].hl1_lif/numerator_reg[19]_i_8__15_n_0
    SLICE_X78Y169        CARRY4 (Prop_carry4_S[1]_CO[3])
                                                      0.533    14.358 r  u_accel/gen_nn_fractional.u_accel/gen_hl1_lif[14].hl1_lif/numerator_reg_reg[19]_i_1__15/CO[3]
                         net (fo=1, routed)           0.000    14.358    u_accel/gen_nn_fractional.u_accel/gen_hl1_lif[14].hl1_lif/numerator_reg_reg[19]_i_1__15_n_0
    SLICE_X78Y170        CARRY4 (Prop_carry4_CI_CO[3])
                                                      0.117    14.475 r  u_accel/gen_nn_fractional.u_accel/gen_hl1_lif[14].hl1_lif/numerator_reg_reg[23]_i_1__15/CO[3]
                         net (fo=1, routed)           0.000    14.475    u_accel/gen_nn_fractional.u_accel/gen_hl1_lif[14].hl1_lif/numerator_reg_reg[23]_i_1__15_n_0
    SLICE_X78Y171        CARRY4 (Prop_carry4_CI_CO[3])
                                                      0.117    14.592 r  u_accel/gen_nn_fractional.u_accel/gen_hl1_lif[14].hl1_lif/numerator_reg_reg[27]_i_1__15/CO[3]
                         net (fo=1, routed)           0.000    14.592    u_accel/gen_nn_fractional.u_accel/gen_hl1_lif[14].hl1_lif/numerator_reg_reg[27]_i_1__15_n_0
    SLICE_X78Y172        CARRY4 (Prop_carry4_CI_CO[3])
                                                      0.117    14.709 r  u_accel/gen_nn_fractional.u_accel/gen_hl1_lif[14].hl1_lif/numerator_reg_reg[31]_i_1__15/CO[3]
                         net (fo=1, routed)           0.000    14.709    u_accel/gen_nn_fractional.u_accel/gen_hl1_lif[14].hl1_lif/numerator_reg_reg[31]_i_1__15_n_0
    SLICE_X78Y173        CARRY4 (Prop_carry4_CI_CO[3])
                                                      0.117    14.826 r  u_accel/gen_nn_fractional.u_accel/gen_hl1_lif[14].hl1_lif/numerator_reg_reg[35]_i_1__15/CO[3]
                         net (fo=1, routed)           0.000    14.826    u_accel/gen_nn_fractional.u_accel/gen_hl1_lif[14].hl1_lif/numerator_reg_reg[35]_i_1__15_n_0
    SLICE_X78Y174        CARRY4 (Prop_carry4_CI_CO[3])
                                                      0.117    14.943 r  u_accel/gen_nn_fractional.u_accel/gen_hl1_lif[14].hl1_lif/numerator_reg_reg[39]_i_1__15/CO[3]
                         net (fo=1, routed)           0.009    14.952    u_accel/gen_nn_fractional.u_accel/gen_hl1_lif[14].hl1_lif/numerator_reg_reg[39]_i_1__15_n_0
    SLICE_X78Y175        CARRY4 (Prop_carry4_CI_O[1])
                                                      0.323    15.275 r  u_accel/gen_nn_fractional.u_accel/gen_hl1_lif[14].hl1_lif/numerator_reg_reg[43]_i_1__15/O[1]
                         net (fo=1, routed)           0.000    15.275    u_accel/gen_nn_fractional.u_accel/gen_hl1_lif[14].hl1_lif/numerator_reg_reg[43]_i_1__15_n_6
    SLICE_X78Y175        FDCE                                         r  u_accel/gen_nn_fractional.u_accel/gen_hl1_lif[14].hl1_lif/numerator_reg_reg[41]/D
  -------------------------------------------------------------------    -------------------

                         (clock sys_clk_pin rise edge)
                                                     10.000    10.000 r  
    E3                                                0.000    10.000 r  CLK100MHZ (IN)
                         net (fo=0)                   0.000    10.000    CLK100MHZ
    E3                   IBUF (Prop_ibuf_I_O)         1.411    11.411 r  CLK100MHZ_IBUF_inst/O
                         net (fo=1, routed)           1.920    13.331    CLK100MHZ_IBUF
    BUFGCTRL_X0Y16       BUFG (Prop_bufg_I_O)         0.091    13.422 r  CLK100MHZ_IBUF_BUFG_inst/O
                         net (fo=21454, routed)       1.703    15.125    u_accel/gen_nn_fractional.u_accel/gen_hl1_lif[14].hl1_lif/CLK100MHZ_IBUF_BUFG
    SLICE_X78Y175        FDCE                                         r  u_accel/gen_nn_fractional.u_accel/gen_hl1_lif[14].hl1_lif/numerator_reg_reg[41]/C
                         clock pessimism              0.180    15.305    
                         clock uncertainty           -0.035    15.270    
    SLICE_X78Y175        FDCE (Setup_fdce_C_D)        0.109    15.379    u_accel/gen_nn_fractional.u_accel/gen_hl1_lif[14].hl1_lif/numerator_reg_reg[41]
  -------------------------------------------------------------------
                         required time                         15.379    
                         arrival time                         -15.275    
  -------------------------------------------------------------------
                         slack                                  0.104    

Slack (MET) :             0.112ns  (required time - arrival time)
  Source:                 u_accel/gen_nn_fractional.u_accel/fc1_start_reg/C
                            (rising edge-triggered cell FDCE clocked by sys_clk_pin  {rise@0.000ns fall@5.000ns period=10.000ns})
  Destination:            u_accel/gen_nn_fractional.u_accel/gen_hl1_lif[14].hl1_lif/numerator_reg_reg[43]/D
                            (rising edge-triggered cell FDCE clocked by sys_clk_pin  {rise@0.000ns fall@5.000ns period=10.000ns})
  Path Group:             sys_clk_pin
  Path Type:              Setup (Max at Slow Process Corner)
  Requirement:            10.000ns  (sys_clk_pin rise@10.000ns - sys_clk_pin rise@0.000ns)
  Data Path Delay:        10.033ns  (logic 2.013ns (20.065%)  route 8.020ns (79.935%))
  Logic Levels:           8  (CARRY4=7 LUT3=1)
  Clock Path Skew:        0.071ns (DCD - SCD + CPR)
    Destination Clock Delay (DCD):    5.125ns = ( 15.125 - 10.000 ) 
    Source Clock Delay      (SCD):    5.235ns
    Clock Pessimism Removal (CPR):    0.180ns
  Clock Uncertainty:      0.035ns  ((TSJ^2 + TIJ^2)^1/2 + DJ) / 2 + PE
    Total System Jitter     (TSJ):    0.071ns
    Total Input Jitter      (TIJ):    0.000ns
    Discrete Jitter          (DJ):    0.000ns
    Phase Error              (PE):    0.000ns

    Location             Delay type                Incr(ns)  Path(ns)    Netlist Resource(s)
  -------------------------------------------------------------------    -------------------
                         (clock sys_clk_pin rise edge)
                                                      0.000     0.000 r  
    E3                                                0.000     0.000 r  CLK100MHZ (IN)
                         net (fo=0)                   0.000     0.000    CLK100MHZ
    E3                   IBUF (Prop_ibuf_I_O)         1.482     1.482 r  CLK100MHZ_IBUF_inst/O
                         net (fo=1, routed)           2.025     3.506    CLK100MHZ_IBUF
    BUFGCTRL_X0Y16       BUFG (Prop_bufg_I_O)         0.096     3.602 r  CLK100MHZ_IBUF_BUFG_inst/O
                         net (fo=21454, routed)       1.632     5.235    u_accel/gen_nn_fractional.u_accel/CLK100MHZ_IBUF_BUFG
    SLICE_X47Y59         FDCE                                         r  u_accel/gen_nn_fractional.u_accel/fc1_start_reg/C
  -------------------------------------------------------------------    -------------------
    SLICE_X47Y59         FDCE (Prop_fdce_C_Q)         0.456     5.691 f  u_accel/gen_nn_fractional.u_accel/fc1_start_reg/Q
                         net (fo=12728, routed)       8.011    13.701    u_accel/gen_nn_fractional.u_accel/gen_hl1_lif[14].hl1_lif/hl2_clear
    SLICE_X78Y169        LUT3 (Prop_lut3_I1_O)        0.124    13.825 r  u_accel/gen_nn_fractional.u_accel/gen_hl1_lif[14].hl1_lif/numerator_reg[19]_i_8__15/O
                         net (fo=1, routed)           0.000    13.825    u_accel/gen_nn_fractional.u_accel/gen_hl1_lif[14].hl1_lif/numerator_reg[19]_i_8__15_n_0
    SLICE_X78Y169        CARRY4 (Prop_carry4_S[1]_CO[3])
                                                      0.533    14.358 r  u_accel/gen_nn_fractional.u_accel/gen_hl1_lif[14].hl1_lif/numerator_reg_reg[19]_i_1__15/CO[3]
                         net (fo=1, routed)           0.000    14.358    u_accel/gen_nn_fractional.u_accel/gen_hl1_lif[14].hl1_lif/numerator_reg_reg[19]_i_1__15_n_0
    SLICE_X78Y170        CARRY4 (Prop_carry4_CI_CO[3])
                                                      0.117    14.475 r  u_accel/gen_nn_fractional.u_accel/gen_hl1_lif[14].hl1_lif/numerator_reg_reg[23]_i_1__15/CO[3]
                         net (fo=1, routed)           0.000    14.475    u_accel/gen_nn_fractional.u_accel/gen_hl1_lif[14].hl1_lif/numerator_reg_reg[23]_i_1__15_n_0
    SLICE_X78Y171        CARRY4 (Prop_carry4_CI_CO[3])
                                                      0.117    14.592 r  u_accel/gen_nn_fractional.u_accel/gen_hl1_lif[14].hl1_lif/numerator_reg_reg[27]_i_1__15/CO[3]
                         net (fo=1, routed)           0.000    14.592    u_accel/gen_nn_fractional.u_accel/gen_hl1_lif[14].hl1_lif/numerator_reg_reg[27]_i_1__15_n_0
    SLICE_X78Y172        CARRY4 (Prop_carry4_CI_CO[3])
                                                      0.117    14.709 r  u_accel/gen_nn_fractional.u_accel/gen_hl1_lif[14].hl1_lif/numerator_reg_reg[31]_i_1__15/CO[3]
                         net (fo=1, routed)           0.000    14.709    u_accel/gen_nn_fractional.u_accel/gen_hl1_lif[14].hl1_lif/numerator_reg_reg[31]_i_1__15_n_0
    SLICE_X78Y173        CARRY4 (Prop_carry4_CI_CO[3])
                                                      0.117    14.826 r  u_accel/gen_nn_fractional.u_accel/gen_hl1_lif[14].hl1_lif/numerator_reg_reg[35]_i_1__15/CO[3]
                         net (fo=1, routed)           0.000    14.826    u_accel/gen_nn_fractional.u_accel/gen_hl1_lif[14].hl1_lif/numerator_reg_reg[35]_i_1__15_n_0
    SLICE_X78Y174        CARRY4 (Prop_carry4_CI_CO[3])
                                                      0.117    14.943 r  u_accel/gen_nn_fractional.u_accel/gen_hl1_lif[14].hl1_lif/numerator_reg_reg[39]_i_1__15/CO[3]
                         net (fo=1, routed)           0.009    14.952    u_accel/gen_nn_fractional.u_accel/gen_hl1_lif[14].hl1_lif/numerator_reg_reg[39]_i_1__15_n_0
    SLICE_X78Y175        CARRY4 (Prop_carry4_CI_O[3])
                                                      0.315    15.267 r  u_accel/gen_nn_fractional.u_accel/gen_hl1_lif[14].hl1_lif/numerator_reg_reg[43]_i_1__15/O[3]
                         net (fo=1, routed)           0.000    15.267    u_accel/gen_nn_fractional.u_accel/gen_hl1_lif[14].hl1_lif/numerator_reg_reg[43]_i_1__15_n_4
    SLICE_X78Y175        FDCE                                         r  u_accel/gen_nn_fractional.u_accel/gen_hl1_lif[14].hl1_lif/numerator_reg_reg[43]/D
  -------------------------------------------------------------------    -------------------

                         (clock sys_clk_pin rise edge)
                                                     10.000    10.000 r  
    E3                                                0.000    10.000 r  CLK100MHZ (IN)
                         net (fo=0)                   0.000    10.000    CLK100MHZ
    E3                   IBUF (Prop_ibuf_I_O)         1.411    11.411 r  CLK100MHZ_IBUF_inst/O
                         net (fo=1, routed)           1.920    13.331    CLK100MHZ_IBUF
    BUFGCTRL_X0Y16       BUFG (Prop_bufg_I_O)         0.091    13.422 r  CLK100MHZ_IBUF_BUFG_inst/O
                         net (fo=21454, routed)       1.703    15.125    u_accel/gen_nn_fractional.u_accel/gen_hl1_lif[14].hl1_lif/CLK100MHZ_IBUF_BUFG
    SLICE_X78Y175        FDCE                                         r  u_accel/gen_nn_fractional.u_accel/gen_hl1_lif[14].hl1_lif/numerator_reg_reg[43]/C
                         clock pessimism              0.180    15.305    
                         clock uncertainty           -0.035    15.270    
    SLICE_X78Y175        FDCE (Setup_fdce_C_D)        0.109    15.379    u_accel/gen_nn_fractional.u_accel/gen_hl1_lif[14].hl1_lif/numerator_reg_reg[43]
  -------------------------------------------------------------------
                         required time                         15.379    
                         arrival time                         -15.267    
  -------------------------------------------------------------------
                         slack                                  0.112    

Slack (MET) :             0.168ns  (required time - arrival time)
  Source:                 u_accel/gen_nn_fractional.u_accel/fc1_start_reg/C
                            (rising edge-triggered cell FDCE clocked by sys_clk_pin  {rise@0.000ns fall@5.000ns period=10.000ns})
  Destination:            u_accel/gen_nn_fractional.u_accel/gen_hl1_lif[14].hl1_lif/mul_scaled_result_reg_reg[59]/D
                            (rising edge-triggered cell FDCE clocked by sys_clk_pin  {rise@0.000ns fall@5.000ns period=10.000ns})
  Path Group:             sys_clk_pin
  Path Type:              Setup (Max at Slow Process Corner)
  Requirement:            10.000ns  (sys_clk_pin rise@10.000ns - sys_clk_pin rise@0.000ns)
  Data Path Delay:        9.929ns  (logic 1.921ns (19.346%)  route 8.008ns (80.653%))
  Logic Levels:           8  (CARRY4=7 LUT2=1)
  Clock Path Skew:        0.071ns (DCD - SCD + CPR)
    Destination Clock Delay (DCD):    5.125ns = ( 15.125 - 10.000 ) 
    Source Clock Delay      (SCD):    5.235ns
    Clock Pessimism Removal (CPR):    0.180ns
  Clock Uncertainty:      0.035ns  ((TSJ^2 + TIJ^2)^1/2 + DJ) / 2 + PE
    Total System Jitter     (TSJ):    0.071ns
    Total Input Jitter      (TIJ):    0.000ns
    Discrete Jitter          (DJ):    0.000ns
    Phase Error              (PE):    0.000ns

    Location             Delay type                Incr(ns)  Path(ns)    Netlist Resource(s)
  -------------------------------------------------------------------    -------------------
                         (clock sys_clk_pin rise edge)
                                                      0.000     0.000 r  
    E3                                                0.000     0.000 r  CLK100MHZ (IN)
                         net (fo=0)                   0.000     0.000    CLK100MHZ
    E3                   IBUF (Prop_ibuf_I_O)         1.482     1.482 r  CLK100MHZ_IBUF_inst/O
                         net (fo=1, routed)           2.025     3.506    CLK100MHZ_IBUF
    BUFGCTRL_X0Y16       BUFG (Prop_bufg_I_O)         0.096     3.602 r  CLK100MHZ_IBUF_BUFG_inst/O
                         net (fo=21454, routed)       1.632     5.235    u_accel/gen_nn_fractional.u_accel/CLK100MHZ_IBUF_BUFG
    SLICE_X47Y59         FDCE                                         r  u_accel/gen_nn_fractional.u_accel/fc1_start_reg/C
  -------------------------------------------------------------------    -------------------
    SLICE_X47Y59         FDCE (Prop_fdce_C_Q)         0.456     5.691 f  u_accel/gen_nn_fractional.u_accel/fc1_start_reg/Q
                         net (fo=12728, routed)       7.999    13.690    u_accel/gen_nn_fractional.u_accel/gen_hl1_lif[14].hl1_lif/hl2_clear
    SLICE_X79Y169        LUT2 (Prop_lut2_I1_O)        0.124    13.814 r  u_accel/gen_nn_fractional.u_accel/gen_hl1_lif[14].hl1_lif/mul_scaled_result_reg[36]_i_8__15/O
                         net (fo=1, routed)           0.000    13.814    u_accel/gen_nn_fractional.u_accel/gen_hl1_lif[14].hl1_lif/mul_scaled_result_reg[36]_i_8__15_n_0
    SLICE_X79Y169        CARRY4 (Prop_carry4_S[0]_CO[3])
                                                      0.532    14.346 r  u_accel/gen_nn_fractional.u_accel/gen_hl1_lif[14].hl1_lif/mul_scaled_result_reg_reg[36]_i_1__15/CO[3]
                         net (fo=1, routed)           0.000    14.346    u_accel/gen_nn_fractional.u_accel/gen_hl1_lif[14].hl1_lif/mul_scaled_result_reg_reg[36]_i_1__15_n_0
    SLICE_X79Y170        CARRY4 (Prop_carry4_CI_CO[3])
                                                      0.114    14.460 r  u_accel/gen_nn_fractional.u_accel/gen_hl1_lif[14].hl1_lif/mul_scaled_result_reg_reg[40]_i_1__15/CO[3]
                         net (fo=1, routed)           0.000    14.460    u_accel/gen_nn_fractional.u_accel/gen_hl1_lif[14].hl1_lif/mul_scaled_result_reg_reg[40]_i_1__15_n_0
    SLICE_X79Y171        CARRY4 (Prop_carry4_CI_CO[3])
                                                      0.114    14.574 r  u_accel/gen_nn_fractional.u_accel/gen_hl1_lif[14].hl1_lif/mul_scaled_result_reg_reg[44]_i_1__15/CO[3]
                         net (fo=1, routed)           0.000    14.574    u_accel/gen_nn_fractional.u_accel/gen_hl1_lif[14].hl1_lif/mul_scaled_result_reg_reg[44]_i_1__15_n_0
    SLICE_X79Y172        CARRY4 (Prop_carry4_CI_CO[3])
                                                      0.114    14.688 r  u_accel/gen_nn_fractional.u_accel/gen_hl1_lif[14].hl1_lif/mul_scaled_result_reg_reg[48]_i_1__15/CO[3]
                         net (fo=1, routed)           0.000    14.688    u_accel/gen_nn_fractional.u_accel/gen_hl1_lif[14].hl1_lif/mul_scaled_result_reg_reg[48]_i_1__15_n_0
    SLICE_X79Y173        CARRY4 (Prop_carry4_CI_CO[3])
                                                      0.114    14.802 r  u_accel/gen_nn_fractional.u_accel/gen_hl1_lif[14].hl1_lif/mul_scaled_result_reg_reg[52]_i_1__15/CO[3]
                         net (fo=1, routed)           0.000    14.802    u_accel/gen_nn_fractional.u_accel/gen_hl1_lif[14].hl1_lif/mul_scaled_result_reg_reg[52]_i_1__15_n_0
    SLICE_X79Y174        CARRY4 (Prop_carry4_CI_CO[3])
                                                      0.114    14.916 r  u_accel/gen_nn_fractional.u_accel/gen_hl1_lif[14].hl1_lif/mul_scaled_result_reg_reg[56]_i_1__15/CO[3]
                         net (fo=1, routed)           0.009    14.925    u_accel/gen_nn_fractional.u_accel/gen_hl1_lif[14].hl1_lif/mul_scaled_result_reg_reg[56]_i_1__15_n_0
    SLICE_X79Y175        CARRY4 (Prop_carry4_CI_O[2])
                                                      0.239    15.164 r  u_accel/gen_nn_fractional.u_accel/gen_hl1_lif[14].hl1_lif/mul_scaled_result_reg_reg[60]_i_1__15/O[2]
                         net (fo=1, routed)           0.000    15.164    u_accel/gen_nn_fractional.u_accel/gen_hl1_lif[14].hl1_lif/mul_scaled_result_reg_reg[60]_i_1__15_n_5
    SLICE_X79Y175        FDCE                                         r  u_accel/gen_nn_fractional.u_accel/gen_hl1_lif[14].hl1_lif/mul_scaled_result_reg_reg[59]/D
  -------------------------------------------------------------------    -------------------

                         (clock sys_clk_pin rise edge)
                                                     10.000    10.000 r  
    E3                                                0.000    10.000 r  CLK100MHZ (IN)
                         net (fo=0)                   0.000    10.000    CLK100MHZ
    E3                   IBUF (Prop_ibuf_I_O)         1.411    11.411 r  CLK100MHZ_IBUF_inst/O
                         net (fo=1, routed)           1.920    13.331    CLK100MHZ_IBUF
    BUFGCTRL_X0Y16       BUFG (Prop_bufg_I_O)         0.091    13.422 r  CLK100MHZ_IBUF_BUFG_inst/O
                         net (fo=21454, routed)       1.703    15.125    u_accel/gen_nn_fractional.u_accel/gen_hl1_lif[14].hl1_lif/CLK100MHZ_IBUF_BUFG
    SLICE_X79Y175        FDCE                                         r  u_accel/gen_nn_fractional.u_accel/gen_hl1_lif[14].hl1_lif/mul_scaled_result_reg_reg[59]/C
                         clock pessimism              0.180    15.305    
                         clock uncertainty           -0.035    15.270    
    SLICE_X79Y175        FDCE (Setup_fdce_C_D)        0.062    15.332    u_accel/gen_nn_fractional.u_accel/gen_hl1_lif[14].hl1_lif/mul_scaled_result_reg_reg[59]
  -------------------------------------------------------------------
                         required time                         15.332    
                         arrival time                         -15.164    
  -------------------------------------------------------------------
                         slack                                  0.168    

Slack (MET) :             0.184ns  (required time - arrival time)
  Source:                 u_accel/gen_nn_fractional.u_accel/fc1_start_reg/C
                            (rising edge-triggered cell FDCE clocked by sys_clk_pin  {rise@0.000ns fall@5.000ns period=10.000ns})
  Destination:            u_accel/gen_nn_fractional.u_accel/gen_hl1_lif[14].hl1_lif/mul_scaled_result_reg_reg[57]/D
                            (rising edge-triggered cell FDCE clocked by sys_clk_pin  {rise@0.000ns fall@5.000ns period=10.000ns})
  Path Group:             sys_clk_pin
  Path Type:              Setup (Max at Slow Process Corner)
  Requirement:            10.000ns  (sys_clk_pin rise@10.000ns - sys_clk_pin rise@0.000ns)
  Data Path Delay:        9.913ns  (logic 1.905ns (19.216%)  route 8.008ns (80.784%))
  Logic Levels:           8  (CARRY4=7 LUT2=1)
  Clock Path Skew:        0.071ns (DCD - SCD + CPR)
    Destination Clock Delay (DCD):    5.125ns = ( 15.125 - 10.000 ) 
    Source Clock Delay      (SCD):    5.235ns
    Clock Pessimism Removal (CPR):    0.180ns
  Clock Uncertainty:      0.035ns  ((TSJ^2 + TIJ^2)^1/2 + DJ) / 2 + PE
    Total System Jitter     (TSJ):    0.071ns
    Total Input Jitter      (TIJ):    0.000ns
    Discrete Jitter          (DJ):    0.000ns
    Phase Error              (PE):    0.000ns

    Location             Delay type                Incr(ns)  Path(ns)    Netlist Resource(s)
  -------------------------------------------------------------------    -------------------
                         (clock sys_clk_pin rise edge)
                                                      0.000     0.000 r  
    E3                                                0.000     0.000 r  CLK100MHZ (IN)
                         net (fo=0)                   0.000     0.000    CLK100MHZ
    E3                   IBUF (Prop_ibuf_I_O)         1.482     1.482 r  CLK100MHZ_IBUF_inst/O
                         net (fo=1, routed)           2.025     3.506    CLK100MHZ_IBUF
    BUFGCTRL_X0Y16       BUFG (Prop_bufg_I_O)         0.096     3.602 r  CLK100MHZ_IBUF_BUFG_inst/O
                         net (fo=21454, routed)       1.632     5.235    u_accel/gen_nn_fractional.u_accel/CLK100MHZ_IBUF_BUFG
    SLICE_X47Y59         FDCE                                         r  u_accel/gen_nn_fractional.u_accel/fc1_start_reg/C
  -------------------------------------------------------------------    -------------------
    SLICE_X47Y59         FDCE (Prop_fdce_C_Q)         0.456     5.691 f  u_accel/gen_nn_fractional.u_accel/fc1_start_reg/Q
                         net (fo=12728, routed)       7.999    13.690    u_accel/gen_nn_fractional.u_accel/gen_hl1_lif[14].hl1_lif/hl2_clear
    SLICE_X79Y169        LUT2 (Prop_lut2_I1_O)        0.124    13.814 r  u_accel/gen_nn_fractional.u_accel/gen_hl1_lif[14].hl1_lif/mul_scaled_result_reg[36]_i_8__15/O
                         net (fo=1, routed)           0.000    13.814    u_accel/gen_nn_fractional.u_accel/gen_hl1_lif[14].hl1_lif/mul_scaled_result_reg[36]_i_8__15_n_0
    SLICE_X79Y169        CARRY4 (Prop_carry4_S[0]_CO[3])
                                                      0.532    14.346 r  u_accel/gen_nn_fractional.u_accel/gen_hl1_lif[14].hl1_lif/mul_scaled_result_reg_reg[36]_i_1__15/CO[3]
                         net (fo=1, routed)           0.000    14.346    u_accel/gen_nn_fractional.u_accel/gen_hl1_lif[14].hl1_lif/mul_scaled_result_reg_reg[36]_i_1__15_n_0
    SLICE_X79Y170        CARRY4 (Prop_carry4_CI_CO[3])
                                                      0.114    14.460 r  u_accel/gen_nn_fractional.u_accel/gen_hl1_lif[14].hl1_lif/mul_scaled_result_reg_reg[40]_i_1__15/CO[3]
                         net (fo=1, routed)           0.000    14.460    u_accel/gen_nn_fractional.u_accel/gen_hl1_lif[14].hl1_lif/mul_scaled_result_reg_reg[40]_i_1__15_n_0
    SLICE_X79Y171        CARRY4 (Prop_carry4_CI_CO[3])
                                                      0.114    14.574 r  u_accel/gen_nn_fractional.u_accel/gen_hl1_lif[14].hl1_lif/mul_scaled_result_reg_reg[44]_i_1__15/CO[3]
                         net (fo=1, routed)           0.000    14.574    u_accel/gen_nn_fractional.u_accel/gen_hl1_lif[14].hl1_lif/mul_scaled_result_reg_reg[44]_i_1__15_n_0
    SLICE_X79Y172        CARRY4 (Prop_carry4_CI_CO[3])
                                                      0.114    14.688 r  u_accel/gen_nn_fractional.u_accel/gen_hl1_lif[14].hl1_lif/mul_scaled_result_reg_reg[48]_i_1__15/CO[3]
                         net (fo=1, routed)           0.000    14.688    u_accel/gen_nn_fractional.u_accel/gen_hl1_lif[14].hl1_lif/mul_scaled_result_reg_reg[48]_i_1__15_n_0
    SLICE_X79Y173        CARRY4 (Prop_carry4_CI_CO[3])
                                                      0.114    14.802 r  u_accel/gen_nn_fractional.u_accel/gen_hl1_lif[14].hl1_lif/mul_scaled_result_reg_reg[52]_i_1__15/CO[3]
                         net (fo=1, routed)           0.000    14.802    u_accel/gen_nn_fractional.u_accel/gen_hl1_lif[14].hl1_lif/mul_scaled_result_reg_reg[52]_i_1__15_n_0
    SLICE_X79Y174        CARRY4 (Prop_carry4_CI_CO[3])
                                                      0.114    14.916 r  u_accel/gen_nn_fractional.u_accel/gen_hl1_lif[14].hl1_lif/mul_scaled_result_reg_reg[56]_i_1__15/CO[3]
                         net (fo=1, routed)           0.009    14.925    u_accel/gen_nn_fractional.u_accel/gen_hl1_lif[14].hl1_lif/mul_scaled_result_reg_reg[56]_i_1__15_n_0
    SLICE_X79Y175        CARRY4 (Prop_carry4_CI_O[0])
                                                      0.223    15.148 r  u_accel/gen_nn_fractional.u_accel/gen_hl1_lif[14].hl1_lif/mul_scaled_result_reg_reg[60]_i_1__15/O[0]
                         net (fo=1, routed)           0.000    15.148    u_accel/gen_nn_fractional.u_accel/gen_hl1_lif[14].hl1_lif/mul_scaled_result_reg_reg[60]_i_1__15_n_7
    SLICE_X79Y175        FDCE                                         r  u_accel/gen_nn_fractional.u_accel/gen_hl1_lif[14].hl1_lif/mul_scaled_result_reg_reg[57]/D
  -------------------------------------------------------------------    -------------------

                         (clock sys_clk_pin rise edge)
                                                     10.000    10.000 r  
    E3                                                0.000    10.000 r  CLK100MHZ (IN)
                         net (fo=0)                   0.000    10.000    CLK100MHZ
    E3                   IBUF (Prop_ibuf_I_O)         1.411    11.411 r  CLK100MHZ_IBUF_inst/O
                         net (fo=1, routed)           1.920    13.331    CLK100MHZ_IBUF
    BUFGCTRL_X0Y16       BUFG (Prop_bufg_I_O)         0.091    13.422 r  CLK100MHZ_IBUF_BUFG_inst/O
                         net (fo=21454, routed)       1.703    15.125    u_accel/gen_nn_fractional.u_accel/gen_hl1_lif[14].hl1_lif/CLK100MHZ_IBUF_BUFG
    SLICE_X79Y175        FDCE                                         r  u_accel/gen_nn_fractional.u_accel/gen_hl1_lif[14].hl1_lif/mul_scaled_result_reg_reg[57]/C
                         clock pessimism              0.180    15.305    
                         clock uncertainty           -0.035    15.270    
    SLICE_X79Y175        FDCE (Setup_fdce_C_D)        0.062    15.332    u_accel/gen_nn_fractional.u_accel/gen_hl1_lif[14].hl1_lif/mul_scaled_result_reg_reg[57]
  -------------------------------------------------------------------
                         required time                         15.332    
                         arrival time                         -15.148    
  -------------------------------------------------------------------
                         slack                                  0.184    

Slack (MET) :             0.188ns  (required time - arrival time)
  Source:                 u_accel/gen_nn_fractional.u_accel/fc1_start_reg/C
                            (rising edge-triggered cell FDCE clocked by sys_clk_pin  {rise@0.000ns fall@5.000ns period=10.000ns})
  Destination:            u_accel/gen_nn_fractional.u_accel/gen_hl1_lif[14].hl1_lif/numerator_reg_reg[42]/D
                            (rising edge-triggered cell FDCE clocked by sys_clk_pin  {rise@0.000ns fall@5.000ns period=10.000ns})
  Path Group:             sys_clk_pin
  Path Type:              Setup (Max at Slow Process Corner)
  Requirement:            10.000ns  (sys_clk_pin rise@10.000ns - sys_clk_pin rise@0.000ns)
  Data Path Delay:        9.957ns  (logic 1.937ns (19.455%)  route 8.020ns (80.545%))
  Logic Levels:           8  (CARRY4=7 LUT3=1)
  Clock Path Skew:        0.071ns (DCD - SCD + CPR)
    Destination Clock Delay (DCD):    5.125ns = ( 15.125 - 10.000 ) 
    Source Clock Delay      (SCD):    5.235ns
    Clock Pessimism Removal (CPR):    0.180ns
  Clock Uncertainty:      0.035ns  ((TSJ^2 + TIJ^2)^1/2 + DJ) / 2 + PE
    Total System Jitter     (TSJ):    0.071ns
    Total Input Jitter      (TIJ):    0.000ns
    Discrete Jitter          (DJ):    0.000ns
    Phase Error              (PE):    0.000ns

    Location             Delay type                Incr(ns)  Path(ns)    Netlist Resource(s)
  -------------------------------------------------------------------    -------------------
                         (clock sys_clk_pin rise edge)
                                                      0.000     0.000 r  
    E3                                                0.000     0.000 r  CLK100MHZ (IN)
                         net (fo=0)                   0.000     0.000    CLK100MHZ
    E3                   IBUF (Prop_ibuf_I_O)         1.482     1.482 r  CLK100MHZ_IBUF_inst/O
                         net (fo=1, routed)           2.025     3.506    CLK100MHZ_IBUF
    BUFGCTRL_X0Y16       BUFG (Prop_bufg_I_O)         0.096     3.602 r  CLK100MHZ_IBUF_BUFG_inst/O
                         net (fo=21454, routed)       1.632     5.235    u_accel/gen_nn_fractional.u_accel/CLK100MHZ_IBUF_BUFG
    SLICE_X47Y59         FDCE                                         r  u_accel/gen_nn_fractional.u_accel/fc1_start_reg/C
  -------------------------------------------------------------------    -------------------
    SLICE_X47Y59         FDCE (Prop_fdce_C_Q)         0.456     5.691 f  u_accel/gen_nn_fractional.u_accel/fc1_start_reg/Q
                         net (fo=12728, routed)       8.011    13.701    u_accel/gen_nn_fractional.u_accel/gen_hl1_lif[14].hl1_lif/hl2_clear
    SLICE_X78Y169        LUT3 (Prop_lut3_I1_O)        0.124    13.825 r  u_accel/gen_nn_fractional.u_accel/gen_hl1_lif[14].hl1_lif/numerator_reg[19]_i_8__15/O
                         net (fo=1, routed)           0.000    13.825    u_accel/gen_nn_fractional.u_accel/gen_hl1_lif[14].hl1_lif/numerator_reg[19]_i_8__15_n_0
    SLICE_X78Y169        CARRY4 (Prop_carry4_S[1]_CO[3])
                                                      0.533    14.358 r  u_accel/gen_nn_fractional.u_accel/gen_hl1_lif[14].hl1_lif/numerator_reg_reg[19]_i_1__15/CO[3]
                         net (fo=1, routed)           0.000    14.358    u_accel/gen_nn_fractional.u_accel/gen_hl1_lif[14].hl1_lif/numerator_reg_reg[19]_i_1__15_n_0
    SLICE_X78Y170        CARRY4 (Prop_carry4_CI_CO[3])
                                                      0.117    14.475 r  u_accel/gen_nn_fractional.u_accel/gen_hl1_lif[14].hl1_lif/numerator_reg_reg[23]_i_1__15/CO[3]
                         net (fo=1, routed)           0.000    14.475    u_accel/gen_nn_fractional.u_accel/gen_hl1_lif[14].hl1_lif/numerator_reg_reg[23]_i_1__15_n_0
    SLICE_X78Y171        CARRY4 (Prop_carry4_CI_CO[3])
                                                      0.117    14.592 r  u_accel/gen_nn_fractional.u_accel/gen_hl1_lif[14].hl1_lif/numerator_reg_reg[27]_i_1__15/CO[3]
                         net (fo=1, routed)           0.000    14.592    u_accel/gen_nn_fractional.u_accel/gen_hl1_lif[14].hl1_lif/numerator_reg_reg[27]_i_1__15_n_0
    SLICE_X78Y172        CARRY4 (Prop_carry4_CI_CO[3])
                                                      0.117    14.709 r  u_accel/gen_nn_fractional.u_accel/gen_hl1_lif[14].hl1_lif/numerator_reg_reg[31]_i_1__15/CO[3]
                         net (fo=1, routed)           0.000    14.709    u_accel/gen_nn_fractional.u_accel/gen_hl1_lif[14].hl1_lif/numerator_reg_reg[31]_i_1__15_n_0
    SLICE_X78Y173        CARRY4 (Prop_carry4_CI_CO[3])
                                                      0.117    14.826 r  u_accel/gen_nn_fractional.u_accel/gen_hl1_lif[14].hl1_lif/numerator_reg_reg[35]_i_1__15/CO[3]
                         net (fo=1, routed)           0.000    14.826    u_accel/gen_nn_fractional.u_accel/gen_hl1_lif[14].hl1_lif/numerator_reg_reg[35]_i_1__15_n_0
    SLICE_X78Y174        CARRY4 (Prop_carry4_CI_CO[3])
                                                      0.117    14.943 r  u_accel/gen_nn_fractional.u_accel/gen_hl1_lif[14].hl1_lif/numerator_reg_reg[39]_i_1__15/CO[3]
                         net (fo=1, routed)           0.009    14.952    u_accel/gen_nn_fractional.u_accel/gen_hl1_lif[14].hl1_lif/numerator_reg_reg[39]_i_1__15_n_0
    SLICE_X78Y175        CARRY4 (Prop_carry4_CI_O[2])
                                                      0.239    15.191 r  u_accel/gen_nn_fractional.u_accel/gen_hl1_lif[14].hl1_lif/numerator_reg_reg[43]_i_1__15/O[2]
                         net (fo=1, routed)           0.000    15.191    u_accel/gen_nn_fractional.u_accel/gen_hl1_lif[14].hl1_lif/numerator_reg_reg[43]_i_1__15_n_5
    SLICE_X78Y175        FDCE                                         r  u_accel/gen_nn_fractional.u_accel/gen_hl1_lif[14].hl1_lif/numerator_reg_reg[42]/D
  -------------------------------------------------------------------    -------------------

                         (clock sys_clk_pin rise edge)
                                                     10.000    10.000 r  
    E3                                                0.000    10.000 r  CLK100MHZ (IN)
                         net (fo=0)                   0.000    10.000    CLK100MHZ
    E3                   IBUF (Prop_ibuf_I_O)         1.411    11.411 r  CLK100MHZ_IBUF_inst/O
                         net (fo=1, routed)           1.920    13.331    CLK100MHZ_IBUF
    BUFGCTRL_X0Y16       BUFG (Prop_bufg_I_O)         0.091    13.422 r  CLK100MHZ_IBUF_BUFG_inst/O
                         net (fo=21454, routed)       1.703    15.125    u_accel/gen_nn_fractional.u_accel/gen_hl1_lif[14].hl1_lif/CLK100MHZ_IBUF_BUFG
    SLICE_X78Y175        FDCE                                         r  u_accel/gen_nn_fractional.u_accel/gen_hl1_lif[14].hl1_lif/numerator_reg_reg[42]/C
                         clock pessimism              0.180    15.305    
                         clock uncertainty           -0.035    15.270    
    SLICE_X78Y175        FDCE (Setup_fdce_C_D)        0.109    15.379    u_accel/gen_nn_fractional.u_accel/gen_hl1_lif[14].hl1_lif/numerator_reg_reg[42]
  -------------------------------------------------------------------
                         required time                         15.379    
                         arrival time                         -15.191    
  -------------------------------------------------------------------
                         slack                                  0.188    

Slack (MET) :             0.196ns  (required time - arrival time)
  Source:                 u_accel/gen_nn_fractional.u_accel/fc1_start_reg/C
                            (rising edge-triggered cell FDCE clocked by sys_clk_pin  {rise@0.000ns fall@5.000ns period=10.000ns})
  Destination:            u_accel/gen_nn_fractional.u_accel/gen_hl1_lif[14].hl1_lif/mul_scaled_result_reg_reg[54]/D
                            (rising edge-triggered cell FDCE clocked by sys_clk_pin  {rise@0.000ns fall@5.000ns period=10.000ns})
  Path Group:             sys_clk_pin
  Path Type:              Setup (Max at Slow Process Corner)
  Requirement:            10.000ns  (sys_clk_pin rise@10.000ns - sys_clk_pin rise@0.000ns)
  Data Path Delay:        9.901ns  (logic 1.902ns (19.209%)  route 7.999ns (80.791%))
  Logic Levels:           7  (CARRY4=6 LUT2=1)
  Clock Path Skew:        0.071ns (DCD - SCD + CPR)
    Destination Clock Delay (DCD):    5.125ns = ( 15.125 - 10.000 ) 
    Source Clock Delay      (SCD):    5.235ns
    Clock Pessimism Removal (CPR):    0.180ns
  Clock Uncertainty:      0.035ns  ((TSJ^2 + TIJ^2)^1/2 + DJ) / 2 + PE
    Total System Jitter     (TSJ):    0.071ns
    Total Input Jitter      (TIJ):    0.000ns
    Discrete Jitter          (DJ):    0.000ns
    Phase Error              (PE):    0.000ns

    Location             Delay type                Incr(ns)  Path(ns)    Netlist Resource(s)
  -------------------------------------------------------------------    -------------------
                         (clock sys_clk_pin rise edge)
                                                      0.000     0.000 r  
    E3                                                0.000     0.000 r  CLK100MHZ (IN)
                         net (fo=0)                   0.000     0.000    CLK100MHZ
    E3                   IBUF (Prop_ibuf_I_O)         1.482     1.482 r  CLK100MHZ_IBUF_inst/O
                         net (fo=1, routed)           2.025     3.506    CLK100MHZ_IBUF
    BUFGCTRL_X0Y16       BUFG (Prop_bufg_I_O)         0.096     3.602 r  CLK100MHZ_IBUF_BUFG_inst/O
                         net (fo=21454, routed)       1.632     5.235    u_accel/gen_nn_fractional.u_accel/CLK100MHZ_IBUF_BUFG
    SLICE_X47Y59         FDCE                                         r  u_accel/gen_nn_fractional.u_accel/fc1_start_reg/C
  -------------------------------------------------------------------    -------------------
    SLICE_X47Y59         FDCE (Prop_fdce_C_Q)         0.456     5.691 f  u_accel/gen_nn_fractional.u_accel/fc1_start_reg/Q
                         net (fo=12728, routed)       7.999    13.690    u_accel/gen_nn_fractional.u_accel/gen_hl1_lif[14].hl1_lif/hl2_clear
    SLICE_X79Y169        LUT2 (Prop_lut2_I1_O)        0.124    13.814 r  u_accel/gen_nn_fractional.u_accel/gen_hl1_lif[14].hl1_lif/mul_scaled_result_reg[36]_i_8__15/O
                         net (fo=1, routed)           0.000    13.814    u_accel/gen_nn_fractional.u_accel/gen_hl1_lif[14].hl1_lif/mul_scaled_result_reg[36]_i_8__15_n_0
    SLICE_X79Y169        CARRY4 (Prop_carry4_S[0]_CO[3])
                                                      0.532    14.346 r  u_accel/gen_nn_fractional.u_accel/gen_hl1_lif[14].hl1_lif/mul_scaled_result_reg_reg[36]_i_1__15/CO[3]
                         net (fo=1, routed)           0.000    14.346    u_accel/gen_nn_fractional.u_accel/gen_hl1_lif[14].hl1_lif/mul_scaled_result_reg_reg[36]_i_1__15_n_0
    SLICE_X79Y170        CARRY4 (Prop_carry4_CI_CO[3])
                                                      0.114    14.460 r  u_accel/gen_nn_fractional.u_accel/gen_hl1_lif[14].hl1_lif/mul_scaled_result_reg_reg[40]_i_1__15/CO[3]
                         net (fo=1, routed)           0.000    14.460    u_accel/gen_nn_fractional.u_accel/gen_hl1_lif[14].hl1_lif/mul_scaled_result_reg_reg[40]_i_1__15_n_0
    SLICE_X79Y171        CARRY4 (Prop_carry4_CI_CO[3])
                                                      0.114    14.574 r  u_accel/gen_nn_fractional.u_accel/gen_hl1_lif[14].hl1_lif/mul_scaled_result_reg_reg[44]_i_1__15/CO[3]
                         net (fo=1, routed)           0.000    14.574    u_accel/gen_nn_fractional.u_accel/gen_hl1_lif[14].hl1_lif/mul_scaled_result_reg_reg[44]_i_1__15_n_0
    SLICE_X79Y172        CARRY4 (Prop_carry4_CI_CO[3])
                                                      0.114    14.688 r  u_accel/gen_nn_fractional.u_accel/gen_hl1_lif[14].hl1_lif/mul_scaled_result_reg_reg[48]_i_1__15/CO[3]
                         net (fo=1, routed)           0.000    14.688    u_accel/gen_nn_fractional.u_accel/gen_hl1_lif[14].hl1_lif/mul_scaled_result_reg_reg[48]_i_1__15_n_0
    SLICE_X79Y173        CARRY4 (Prop_carry4_CI_CO[3])
                                                      0.114    14.802 r  u_accel/gen_nn_fractional.u_accel/gen_hl1_lif[14].hl1_lif/mul_scaled_result_reg_reg[52]_i_1__15/CO[3]
                         net (fo=1, routed)           0.000    14.802    u_accel/gen_nn_fractional.u_accel/gen_hl1_lif[14].hl1_lif/mul_scaled_result_reg_reg[52]_i_1__15_n_0
    SLICE_X79Y174        CARRY4 (Prop_carry4_CI_O[1])
                                                      0.334    15.136 r  u_accel/gen_nn_fractional.u_accel/gen_hl1_lif[14].hl1_lif/mul_scaled_result_reg_reg[56]_i_1__15/O[1]
                         net (fo=1, routed)           0.000    15.136    u_accel/gen_nn_fractional.u_accel/gen_hl1_lif[14].hl1_lif/mul_scaled_result_reg_reg[56]_i_1__15_n_6
    SLICE_X79Y174        FDCE                                         r  u_accel/gen_nn_fractional.u_accel/gen_hl1_lif[14].hl1_lif/mul_scaled_result_reg_reg[54]/D
  -------------------------------------------------------------------    -------------------

                         (clock sys_clk_pin rise edge)
                                                     10.000    10.000 r  
    E3                                                0.000    10.000 r  CLK100MHZ (IN)
                         net (fo=0)                   0.000    10.000    CLK100MHZ
    E3                   IBUF (Prop_ibuf_I_O)         1.411    11.411 r  CLK100MHZ_IBUF_inst/O
                         net (fo=1, routed)           1.920    13.331    CLK100MHZ_IBUF
    BUFGCTRL_X0Y16       BUFG (Prop_bufg_I_O)         0.091    13.422 r  CLK100MHZ_IBUF_BUFG_inst/O
                         net (fo=21454, routed)       1.703    15.125    u_accel/gen_nn_fractional.u_accel/gen_hl1_lif[14].hl1_lif/CLK100MHZ_IBUF_BUFG
    SLICE_X79Y174        FDCE                                         r  u_accel/gen_nn_fractional.u_accel/gen_hl1_lif[14].hl1_lif/mul_scaled_result_reg_reg[54]/C
                         clock pessimism              0.180    15.305    
                         clock uncertainty           -0.035    15.270    
    SLICE_X79Y174        FDCE (Setup_fdce_C_D)        0.062    15.332    u_accel/gen_nn_fractional.u_accel/gen_hl1_lif[14].hl1_lif/mul_scaled_result_reg_reg[54]
  -------------------------------------------------------------------
                         required time                         15.332    
                         arrival time                         -15.136    
  -------------------------------------------------------------------
                         slack                                  0.196    





Min Delay Paths
--------------------------------------------------------------------------------------
Slack (MET) :             0.033ns  (arrival time - required time)
  Source:                 u_accel/gen_nn_fractional.u_accel/gen_hl1_lif[8].hl1_lif/mul_scaled_result_reg_reg[32]/C
                            (rising edge-triggered cell FDCE clocked by sys_clk_pin  {rise@0.000ns fall@5.000ns period=10.000ns})
  Destination:            u_accel/gen_nn_fractional.u_accel/gen_hl1_lif[8].hl1_lif/membrane_pre_reset_reg_reg[16]/D
                            (rising edge-triggered cell FDCE clocked by sys_clk_pin  {rise@0.000ns fall@5.000ns period=10.000ns})
  Path Group:             sys_clk_pin
  Path Type:              Hold (Min at Fast Process Corner)
  Requirement:            0.000ns  (sys_clk_pin rise@0.000ns - sys_clk_pin rise@0.000ns)
  Data Path Delay:        0.418ns  (logic 0.226ns (54.015%)  route 0.192ns (45.985%))
  Logic Levels:           1  (LUT2=1)
  Clock Path Skew:        0.265ns (DCD - SCD - CPR)
    Destination Clock Delay (DCD):    2.075ns
    Source Clock Delay      (SCD):    1.556ns
    Clock Pessimism Removal (CPR):    0.255ns

    Location             Delay type                Incr(ns)  Path(ns)    Netlist Resource(s)
  -------------------------------------------------------------------    -------------------
                         (clock sys_clk_pin rise edge)
                                                      0.000     0.000 r  
    E3                                                0.000     0.000 r  CLK100MHZ (IN)
                         net (fo=0)                   0.000     0.000    CLK100MHZ
    E3                   IBUF (Prop_ibuf_I_O)         0.250     0.250 r  CLK100MHZ_IBUF_inst/O
                         net (fo=1, routed)           0.644     0.894    CLK100MHZ_IBUF
    BUFGCTRL_X0Y16       BUFG (Prop_bufg_I_O)         0.026     0.920 r  CLK100MHZ_IBUF_BUFG_inst/O
                         net (fo=21454, routed)       0.636     1.556    u_accel/gen_nn_fractional.u_accel/gen_hl1_lif[8].hl1_lif/CLK100MHZ_IBUF_BUFG
    SLICE_X52Y163        FDCE                                         r  u_accel/gen_nn_fractional.u_accel/gen_hl1_lif[8].hl1_lif/mul_scaled_result_reg_reg[32]/C
  -------------------------------------------------------------------    -------------------
    SLICE_X52Y163        FDCE (Prop_fdce_C_Q)         0.128     1.684 r  u_accel/gen_nn_fractional.u_accel/gen_hl1_lif[8].hl1_lif/mul_scaled_result_reg_reg[32]/Q
                         net (fo=1, routed)           0.192     1.876    u_accel/gen_nn_fractional.u_accel/gen_hl1_lif[8].hl1_lif/mul_scaled_result_reg_reg_n_0_[32]
    SLICE_X50Y163        LUT2 (Prop_lut2_I0_O)        0.098     1.974 r  u_accel/gen_nn_fractional.u_accel/gen_hl1_lif[8].hl1_lif/membrane_pre_reset_reg[16]_i_1__22/O
                         net (fo=1, routed)           0.000     1.974    u_accel/gen_nn_fractional.u_accel/gen_hl1_lif[8].hl1_lif/membrane_pre_reset_reg[16]_i_1__22_n_0
    SLICE_X50Y163        FDCE                                         r  u_accel/gen_nn_fractional.u_accel/gen_hl1_lif[8].hl1_lif/membrane_pre_reset_reg_reg[16]/D
  -------------------------------------------------------------------    -------------------

                         (clock sys_clk_pin rise edge)
                                                      0.000     0.000 r  
    E3                                                0.000     0.000 r  CLK100MHZ (IN)
                         net (fo=0)                   0.000     0.000    CLK100MHZ
    E3                   IBUF (Prop_ibuf_I_O)         0.438     0.438 r  CLK100MHZ_IBUF_inst/O
                         net (fo=1, routed)           0.699     1.136    CLK100MHZ_IBUF
    BUFGCTRL_X0Y16       BUFG (Prop_bufg_I_O)         0.029     1.165 r  CLK100MHZ_IBUF_BUFG_inst/O
                         net (fo=21454, routed)       0.910     2.075    u_accel/gen_nn_fractional.u_accel/gen_hl1_lif[8].hl1_lif/CLK100MHZ_IBUF_BUFG
    SLICE_X50Y163        FDCE                                         r  u_accel/gen_nn_fractional.u_accel/gen_hl1_lif[8].hl1_lif/membrane_pre_reset_reg_reg[16]/C
                         clock pessimism             -0.255     1.821    
    SLICE_X50Y163        FDCE (Hold_fdce_C_D)         0.121     1.942    u_accel/gen_nn_fractional.u_accel/gen_hl1_lif[8].hl1_lif/membrane_pre_reset_reg_reg[16]
  -------------------------------------------------------------------
                         required time                         -1.942    
                         arrival time                           1.974    
  -------------------------------------------------------------------
                         slack                                  0.033    

Slack (MET) :             0.043ns  (arrival time - required time)
  Source:                 u_accel/gen_nn_fractional.u_accel/gen_hl1_lif[8].hl1_lif/mul_scaled_result_reg_reg[41]/C
                            (rising edge-triggered cell FDCE clocked by sys_clk_pin  {rise@0.000ns fall@5.000ns period=10.000ns})
  Destination:            u_accel/gen_nn_fractional.u_accel/gen_hl1_lif[8].hl1_lif/membrane_pre_reset_reg_reg[25]/D
                            (rising edge-triggered cell FDCE clocked by sys_clk_pin  {rise@0.000ns fall@5.000ns period=10.000ns})
  Path Group:             sys_clk_pin
  Path Type:              Hold (Min at Fast Process Corner)
  Requirement:            0.000ns  (sys_clk_pin rise@0.000ns - sys_clk_pin rise@0.000ns)
  Data Path Delay:        0.438ns  (logic 0.190ns (43.355%)  route 0.248ns (56.645%))
  Logic Levels:           1  (LUT2=1)
  Clock Path Skew:        0.264ns (DCD - SCD - CPR)
    Destination Clock Delay (DCD):    2.075ns
    Source Clock Delay      (SCD):    1.557ns
    Clock Pessimism Removal (CPR):    0.255ns

    Location             Delay type                Incr(ns)  Path(ns)    Netlist Resource(s)
  -------------------------------------------------------------------    -------------------
                         (clock sys_clk_pin rise edge)
                                                      0.000     0.000 r  
    E3                                                0.000     0.000 r  CLK100MHZ (IN)
                         net (fo=0)                   0.000     0.000    CLK100MHZ
    E3                   IBUF (Prop_ibuf_I_O)         0.250     0.250 r  CLK100MHZ_IBUF_inst/O
                         net (fo=1, routed)           0.644     0.894    CLK100MHZ_IBUF
    BUFGCTRL_X0Y16       BUFG (Prop_bufg_I_O)         0.026     0.920 r  CLK100MHZ_IBUF_BUFG_inst/O
                         net (fo=21454, routed)       0.637     1.557    u_accel/gen_nn_fractional.u_accel/gen_hl1_lif[8].hl1_lif/CLK100MHZ_IBUF_BUFG
    SLICE_X57Y164        FDCE                                         r  u_accel/gen_nn_fractional.u_accel/gen_hl1_lif[8].hl1_lif/mul_scaled_result_reg_reg[41]/C
  -------------------------------------------------------------------    -------------------
    SLICE_X57Y164        FDCE (Prop_fdce_C_Q)         0.141     1.698 r  u_accel/gen_nn_fractional.u_accel/gen_hl1_lif[8].hl1_lif/mul_scaled_result_reg_reg[41]/Q
                         net (fo=1, routed)           0.248     1.946    u_accel/gen_nn_fractional.u_accel/gen_hl1_lif[8].hl1_lif/mul_scaled_result_reg_reg_n_0_[41]
    SLICE_X50Y164        LUT2 (Prop_lut2_I0_O)        0.049     1.995 r  u_accel/gen_nn_fractional.u_accel/gen_hl1_lif[8].hl1_lif/membrane_pre_reset_reg[25]_i_1__22/O
                         net (fo=1, routed)           0.000     1.995    u_accel/gen_nn_fractional.u_accel/gen_hl1_lif[8].hl1_lif/membrane_pre_reset_reg[25]_i_1__22_n_0
    SLICE_X50Y164        FDCE                                         r  u_accel/gen_nn_fractional.u_accel/gen_hl1_lif[8].hl1_lif/membrane_pre_reset_reg_reg[25]/D
  -------------------------------------------------------------------    -------------------

                         (clock sys_clk_pin rise edge)
                                                      0.000     0.000 r  
    E3                                                0.000     0.000 r  CLK100MHZ (IN)
                         net (fo=0)                   0.000     0.000    CLK100MHZ
    E3                   IBUF (Prop_ibuf_I_O)         0.438     0.438 r  CLK100MHZ_IBUF_inst/O
                         net (fo=1, routed)           0.699     1.136    CLK100MHZ_IBUF
    BUFGCTRL_X0Y16       BUFG (Prop_bufg_I_O)         0.029     1.165 r  CLK100MHZ_IBUF_BUFG_inst/O
                         net (fo=21454, routed)       0.910     2.075    u_accel/gen_nn_fractional.u_accel/gen_hl1_lif[8].hl1_lif/CLK100MHZ_IBUF_BUFG
    SLICE_X50Y164        FDCE                                         r  u_accel/gen_nn_fractional.u_accel/gen_hl1_lif[8].hl1_lif/membrane_pre_reset_reg_reg[25]/C
                         clock pessimism             -0.255     1.821    
    SLICE_X50Y164        FDCE (Hold_fdce_C_D)         0.131     1.952    u_accel/gen_nn_fractional.u_accel/gen_hl1_lif[8].hl1_lif/membrane_pre_reset_reg_reg[25]
  -------------------------------------------------------------------
                         required time                         -1.952    
                         arrival time                           1.995    
  -------------------------------------------------------------------
                         slack                                  0.043    

Slack (MET) :             0.048ns  (arrival time - required time)
  Source:                 u_accel/gen_nn_fractional.u_accel/gen_hl1_lif[25].hl1_lif/mul_scaled_result_reg_reg[18]/C
                            (rising edge-triggered cell FDCE clocked by sys_clk_pin  {rise@0.000ns fall@5.000ns period=10.000ns})
  Destination:            u_accel/gen_nn_fractional.u_accel/gen_hl1_lif[25].hl1_lif/membrane_pre_reset_reg_reg[2]/D
                            (rising edge-triggered cell FDCE clocked by sys_clk_pin  {rise@0.000ns fall@5.000ns period=10.000ns})
  Path Group:             sys_clk_pin
  Path Type:              Hold (Min at Fast Process Corner)
  Requirement:            0.000ns  (sys_clk_pin rise@0.000ns - sys_clk_pin rise@0.000ns)
  Data Path Delay:        0.432ns  (logic 0.227ns (52.540%)  route 0.205ns (47.460%))
  Logic Levels:           1  (LUT2=1)
  Clock Path Skew:        0.263ns (DCD - SCD - CPR)
    Destination Clock Delay (DCD):    1.985ns
    Source Clock Delay      (SCD):    1.471ns
    Clock Pessimism Removal (CPR):    0.250ns

    Location             Delay type                Incr(ns)  Path(ns)    Netlist Resource(s)
  -------------------------------------------------------------------    -------------------
                         (clock sys_clk_pin rise edge)
                                                      0.000     0.000 r  
    E3                                                0.000     0.000 r  CLK100MHZ (IN)
                         net (fo=0)                   0.000     0.000    CLK100MHZ
    E3                   IBUF (Prop_ibuf_I_O)         0.250     0.250 r  CLK100MHZ_IBUF_inst/O
                         net (fo=1, routed)           0.644     0.894    CLK100MHZ_IBUF
    BUFGCTRL_X0Y16       BUFG (Prop_bufg_I_O)         0.026     0.920 r  CLK100MHZ_IBUF_BUFG_inst/O
                         net (fo=21454, routed)       0.552     1.471    u_accel/gen_nn_fractional.u_accel/gen_hl1_lif[25].hl1_lif/CLK100MHZ_IBUF_BUFG
    SLICE_X53Y73         FDCE                                         r  u_accel/gen_nn_fractional.u_accel/gen_hl1_lif[25].hl1_lif/mul_scaled_result_reg_reg[18]/C
  -------------------------------------------------------------------    -------------------
    SLICE_X53Y73         FDCE (Prop_fdce_C_Q)         0.128     1.599 r  u_accel/gen_nn_fractional.u_accel/gen_hl1_lif[25].hl1_lif/mul_scaled_result_reg_reg[18]/Q
                         net (fo=1, routed)           0.205     1.804    u_accel/gen_nn_fractional.u_accel/gen_hl1_lif[25].hl1_lif/mul_scaled_result_reg_reg_n_0_[18]
    SLICE_X50Y73         LUT2 (Prop_lut2_I0_O)        0.099     1.903 r  u_accel/gen_nn_fractional.u_accel/gen_hl1_lif[25].hl1_lif/membrane_pre_reset_reg[2]_i_1__6/O
                         net (fo=1, routed)           0.000     1.903    u_accel/gen_nn_fractional.u_accel/gen_hl1_lif[25].hl1_lif/membrane_pre_reset_reg[2]_i_1__6_n_0
    SLICE_X50Y73         FDCE                                         r  u_accel/gen_nn_fractional.u_accel/gen_hl1_lif[25].hl1_lif/membrane_pre_reset_reg_reg[2]/D
  -------------------------------------------------------------------    -------------------

                         (clock sys_clk_pin rise edge)
                                                      0.000     0.000 r  
    E3                                                0.000     0.000 r  CLK100MHZ (IN)
                         net (fo=0)                   0.000     0.000    CLK100MHZ
    E3                   IBUF (Prop_ibuf_I_O)         0.438     0.438 r  CLK100MHZ_IBUF_inst/O
                         net (fo=1, routed)           0.699     1.136    CLK100MHZ_IBUF
    BUFGCTRL_X0Y16       BUFG (Prop_bufg_I_O)         0.029     1.165 r  CLK100MHZ_IBUF_BUFG_inst/O
                         net (fo=21454, routed)       0.820     1.985    u_accel/gen_nn_fractional.u_accel/gen_hl1_lif[25].hl1_lif/CLK100MHZ_IBUF_BUFG
    SLICE_X50Y73         FDCE                                         r  u_accel/gen_nn_fractional.u_accel/gen_hl1_lif[25].hl1_lif/membrane_pre_reset_reg_reg[2]/C
                         clock pessimism             -0.250     1.734    
    SLICE_X50Y73         FDCE (Hold_fdce_C_D)         0.121     1.855    u_accel/gen_nn_fractional.u_accel/gen_hl1_lif[25].hl1_lif/membrane_pre_reset_reg_reg[2]
  -------------------------------------------------------------------
                         required time                         -1.855    
                         arrival time                           1.903    
  -------------------------------------------------------------------
                         slack                                  0.048    

Slack (MET) :             0.049ns  (arrival time - required time)
  Source:                 u_accel/gen_nn_fractional.u_accel/gen_hl2[7].hl2_lif/membrane_out_reg[23]/C
                            (rising edge-triggered cell FDCE clocked by sys_clk_pin  {rise@0.000ns fall@5.000ns period=10.000ns})
  Destination:            u_accel/gen_nn_fractional.u_accel/gen_hl2[7].membrane_buf/membrane_storage_reg[1][23]/D
                            (rising edge-triggered cell FDCE clocked by sys_clk_pin  {rise@0.000ns fall@5.000ns period=10.000ns})
  Path Group:             sys_clk_pin
  Path Type:              Hold (Min at Fast Process Corner)
  Requirement:            0.000ns  (sys_clk_pin rise@0.000ns - sys_clk_pin rise@0.000ns)
  Data Path Delay:        0.384ns  (logic 0.141ns (36.748%)  route 0.243ns (63.252%))
  Logic Levels:           0  
  Clock Path Skew:        0.265ns (DCD - SCD - CPR)
    Destination Clock Delay (DCD):    2.070ns
    Source Clock Delay      (SCD):    1.551ns
    Clock Pessimism Removal (CPR):    0.254ns

    Location             Delay type                Incr(ns)  Path(ns)    Netlist Resource(s)
  -------------------------------------------------------------------    -------------------
                         (clock sys_clk_pin rise edge)
                                                      0.000     0.000 r  
    E3                                                0.000     0.000 r  CLK100MHZ (IN)
                         net (fo=0)                   0.000     0.000    CLK100MHZ
    E3                   IBUF (Prop_ibuf_I_O)         0.250     0.250 r  CLK100MHZ_IBUF_inst/O
                         net (fo=1, routed)           0.644     0.894    CLK100MHZ_IBUF
    BUFGCTRL_X0Y16       BUFG (Prop_bufg_I_O)         0.026     0.920 r  CLK100MHZ_IBUF_BUFG_inst/O
                         net (fo=21454, routed)       0.631     1.551    u_accel/gen_nn_fractional.u_accel/gen_hl2[7].hl2_lif/CLK100MHZ_IBUF_BUFG
    SLICE_X57Y5          FDCE                                         r  u_accel/gen_nn_fractional.u_accel/gen_hl2[7].hl2_lif/membrane_out_reg[23]/C
  -------------------------------------------------------------------    -------------------
    SLICE_X57Y5          FDCE (Prop_fdce_C_Q)         0.141     1.692 r  u_accel/gen_nn_fractional.u_accel/gen_hl2[7].hl2_lif/membrane_out_reg[23]/Q
                         net (fo=10, routed)          0.243     1.935    u_accel/gen_nn_fractional.u_accel/gen_hl2[7].membrane_buf/D[23]
    SLICE_X51Y5          FDCE                                         r  u_accel/gen_nn_fractional.u_accel/gen_hl2[7].membrane_buf/membrane_storage_reg[1][23]/D
  -------------------------------------------------------------------    -------------------

                         (clock sys_clk_pin rise edge)
                                                      0.000     0.000 r  
    E3                                                0.000     0.000 r  CLK100MHZ (IN)
                         net (fo=0)                   0.000     0.000    CLK100MHZ
    E3                   IBUF (Prop_ibuf_I_O)         0.438     0.438 r  CLK100MHZ_IBUF_inst/O
                         net (fo=1, routed)           0.699     1.136    CLK100MHZ_IBUF
    BUFGCTRL_X0Y16       BUFG (Prop_bufg_I_O)         0.029     1.165 r  CLK100MHZ_IBUF_BUFG_inst/O
                         net (fo=21454, routed)       0.905     2.070    u_accel/gen_nn_fractional.u_accel/gen_hl2[7].membrane_buf/CLK100MHZ_IBUF_BUFG
    SLICE_X51Y5          FDCE                                         r  u_accel/gen_nn_fractional.u_accel/gen_hl2[7].membrane_buf/membrane_storage_reg[1][23]/C
                         clock pessimism             -0.254     1.816    
    SLICE_X51Y5          FDCE (Hold_fdce_C_D)         0.070     1.886    u_accel/gen_nn_fractional.u_accel/gen_hl2[7].membrane_buf/membrane_storage_reg[1][23]
  -------------------------------------------------------------------
                         required time                         -1.886    
                         arrival time                           1.935    
  -------------------------------------------------------------------
                         slack                                  0.049    

Slack (MET) :             0.056ns  (arrival time - required time)
  Source:                 u_accel/gen_nn_fractional.u_accel/fc1/outputs_reg[14][0]/C
                            (rising edge-triggered cell FDCE clocked by sys_clk_pin  {rise@0.000ns fall@5.000ns period=10.000ns})
  Destination:            u_accel/gen_nn_fractional.u_accel/gen_hl1_lif[14].hl1_lif/current_latched_reg[0]/D
                            (rising edge-triggered cell FDCE clocked by sys_clk_pin  {rise@0.000ns fall@5.000ns period=10.000ns})
  Path Group:             sys_clk_pin
  Path Type:              Hold (Min at Fast Process Corner)
  Requirement:            0.000ns  (sys_clk_pin rise@0.000ns - sys_clk_pin rise@0.000ns)
  Data Path Delay:        0.495ns  (logic 0.186ns (37.554%)  route 0.309ns (62.446%))
  Logic Levels:           1  (LUT2=1)
  Clock Path Skew:        0.348ns (DCD - SCD - CPR)
    Destination Clock Delay (DCD):    2.106ns
    Source Clock Delay      (SCD):    1.507ns
    Clock Pessimism Removal (CPR):    0.250ns

    Location             Delay type                Incr(ns)  Path(ns)    Netlist Resource(s)
  -------------------------------------------------------------------    -------------------
                         (clock sys_clk_pin rise edge)
                                                      0.000     0.000 r  
    E3                                                0.000     0.000 r  CLK100MHZ (IN)
                         net (fo=0)                   0.000     0.000    CLK100MHZ
    E3                   IBUF (Prop_ibuf_I_O)         0.250     0.250 r  CLK100MHZ_IBUF_inst/O
                         net (fo=1, routed)           0.644     0.894    CLK100MHZ_IBUF
    BUFGCTRL_X0Y16       BUFG (Prop_bufg_I_O)         0.026     0.920 r  CLK100MHZ_IBUF_BUFG_inst/O
                         net (fo=21454, routed)       0.588     1.507    u_accel/gen_nn_fractional.u_accel/fc1/CLK100MHZ_IBUF_BUFG
    SLICE_X75Y137        FDCE                                         r  u_accel/gen_nn_fractional.u_accel/fc1/outputs_reg[14][0]/C
  -------------------------------------------------------------------    -------------------
    SLICE_X75Y137        FDCE (Prop_fdce_C_Q)         0.141     1.648 r  u_accel/gen_nn_fractional.u_accel/fc1/outputs_reg[14][0]/Q
                         net (fo=1, routed)           0.309     1.958    u_accel/gen_nn_fractional.u_accel/fc1/fc1_outputs[14]_56[0]
    SLICE_X75Y151        LUT2 (Prop_lut2_I0_O)        0.045     2.003 r  u_accel/gen_nn_fractional.u_accel/fc1/current_latched[0]_i_1__15/O
                         net (fo=1, routed)           0.000     2.003    u_accel/gen_nn_fractional.u_accel/gen_hl1_lif[14].hl1_lif/D[0]
    SLICE_X75Y151        FDCE                                         r  u_accel/gen_nn_fractional.u_accel/gen_hl1_lif[14].hl1_lif/current_latched_reg[0]/D
  -------------------------------------------------------------------    -------------------

                         (clock sys_clk_pin rise edge)
                                                      0.000     0.000 r  
    E3                                                0.000     0.000 r  CLK100MHZ (IN)
                         net (fo=0)                   0.000     0.000    CLK100MHZ
    E3                   IBUF (Prop_ibuf_I_O)         0.438     0.438 r  CLK100MHZ_IBUF_inst/O
                         net (fo=1, routed)           0.699     1.136    CLK100MHZ_IBUF
    BUFGCTRL_X0Y16       BUFG (Prop_bufg_I_O)         0.029     1.165 r  CLK100MHZ_IBUF_BUFG_inst/O
                         net (fo=21454, routed)       0.941     2.106    u_accel/gen_nn_fractional.u_accel/gen_hl1_lif[14].hl1_lif/CLK100MHZ_IBUF_BUFG
    SLICE_X75Y151        FDCE                                         r  u_accel/gen_nn_fractional.u_accel/gen_hl1_lif[14].hl1_lif/current_latched_reg[0]/C
                         clock pessimism             -0.250     1.856    
    SLICE_X75Y151        FDCE (Hold_fdce_C_D)         0.091     1.947    u_accel/gen_nn_fractional.u_accel/gen_hl1_lif[14].hl1_lif/current_latched_reg[0]
  -------------------------------------------------------------------
                         required time                         -1.947    
                         arrival time                           2.003    
  -------------------------------------------------------------------
                         slack                                  0.056    

Slack (MET) :             0.056ns  (arrival time - required time)
  Source:                 u_accel/gen_nn_fractional.u_accel/fc1/outputs_reg[2][10]/C
                            (rising edge-triggered cell FDCE clocked by sys_clk_pin  {rise@0.000ns fall@5.000ns period=10.000ns})
  Destination:            u_accel/gen_nn_fractional.u_accel/gen_hl1_lif[2].hl1_lif/current_latched_reg[10]/D
                            (rising edge-triggered cell FDCE clocked by sys_clk_pin  {rise@0.000ns fall@5.000ns period=10.000ns})
  Path Group:             sys_clk_pin
  Path Type:              Hold (Min at Fast Process Corner)
  Requirement:            0.000ns  (sys_clk_pin rise@0.000ns - sys_clk_pin rise@0.000ns)
  Data Path Delay:        0.514ns  (logic 0.209ns (40.652%)  route 0.305ns (59.348%))
  Logic Levels:           1  (LUT2=1)
  Clock Path Skew:        0.338ns (DCD - SCD - CPR)
    Destination Clock Delay (DCD):    2.076ns
    Source Clock Delay      (SCD):    1.487ns
    Clock Pessimism Removal (CPR):    0.250ns

    Location             Delay type                Incr(ns)  Path(ns)    Netlist Resource(s)
  -------------------------------------------------------------------    -------------------
                         (clock sys_clk_pin rise edge)
                                                      0.000     0.000 r  
    E3                                                0.000     0.000 r  CLK100MHZ (IN)
                         net (fo=0)                   0.000     0.000    CLK100MHZ
    E3                   IBUF (Prop_ibuf_I_O)         0.250     0.250 r  CLK100MHZ_IBUF_inst/O
                         net (fo=1, routed)           0.644     0.894    CLK100MHZ_IBUF
    BUFGCTRL_X0Y16       BUFG (Prop_bufg_I_O)         0.026     0.920 r  CLK100MHZ_IBUF_BUFG_inst/O
                         net (fo=21454, routed)       0.568     1.487    u_accel/gen_nn_fractional.u_accel/fc1/CLK100MHZ_IBUF_BUFG
    SLICE_X62Y56         FDCE                                         r  u_accel/gen_nn_fractional.u_accel/fc1/outputs_reg[2][10]/C
  -------------------------------------------------------------------    -------------------
    SLICE_X62Y56         FDCE (Prop_fdce_C_Q)         0.164     1.651 r  u_accel/gen_nn_fractional.u_accel/fc1/outputs_reg[2][10]/Q
                         net (fo=1, routed)           0.305     1.956    u_accel/gen_nn_fractional.u_accel/fc1/fc1_outputs[2]_44[10]
    SLICE_X70Y49         LUT2 (Prop_lut2_I0_O)        0.045     2.001 r  u_accel/gen_nn_fractional.u_accel/fc1/current_latched[10]_i_1__28/O
                         net (fo=1, routed)           0.000     2.001    u_accel/gen_nn_fractional.u_accel/gen_hl1_lif[2].hl1_lif/D[10]
    SLICE_X70Y49         FDCE                                         r  u_accel/gen_nn_fractional.u_accel/gen_hl1_lif[2].hl1_lif/current_latched_reg[10]/D
  -------------------------------------------------------------------    -------------------

                         (clock sys_clk_pin rise edge)
                                                      0.000     0.000 r  
    E3                                                0.000     0.000 r  CLK100MHZ (IN)
                         net (fo=0)                   0.000     0.000    CLK100MHZ
    E3                   IBUF (Prop_ibuf_I_O)         0.438     0.438 r  CLK100MHZ_IBUF_inst/O
                         net (fo=1, routed)           0.699     1.136    CLK100MHZ_IBUF
    BUFGCTRL_X0Y16       BUFG (Prop_bufg_I_O)         0.029     1.165 r  CLK100MHZ_IBUF_BUFG_inst/O
                         net (fo=21454, routed)       0.911     2.076    u_accel/gen_nn_fractional.u_accel/gen_hl1_lif[2].hl1_lif/CLK100MHZ_IBUF_BUFG
    SLICE_X70Y49         FDCE                                         r  u_accel/gen_nn_fractional.u_accel/gen_hl1_lif[2].hl1_lif/current_latched_reg[10]/C
                         clock pessimism             -0.250     1.825    
    SLICE_X70Y49         FDCE (Hold_fdce_C_D)         0.120     1.945    u_accel/gen_nn_fractional.u_accel/gen_hl1_lif[2].hl1_lif/current_latched_reg[10]
  -------------------------------------------------------------------
                         required time                         -1.945    
                         arrival time                           2.001    
  -------------------------------------------------------------------
                         slack                                  0.056    

Slack (MET) :             0.056ns  (arrival time - required time)
  Source:                 u_accel/gen_nn_fractional.u_accel/gen_hl2[7].hl2_lif/membrane_out_reg[13]/C
                            (rising edge-triggered cell FDCE clocked by sys_clk_pin  {rise@0.000ns fall@5.000ns period=10.000ns})
  Destination:            u_accel/gen_nn_fractional.u_accel/gen_hl2[7].membrane_buf/membrane_storage_reg[2][13]/D
                            (rising edge-triggered cell FDCE clocked by sys_clk_pin  {rise@0.000ns fall@5.000ns period=10.000ns})
  Path Group:             sys_clk_pin
  Path Type:              Hold (Min at Fast Process Corner)
  Requirement:            0.000ns  (sys_clk_pin rise@0.000ns - sys_clk_pin rise@0.000ns)
  Data Path Delay:        0.397ns  (logic 0.164ns (41.294%)  route 0.233ns (58.706%))
  Logic Levels:           0  
  Clock Path Skew:        0.265ns (DCD - SCD - CPR)
    Destination Clock Delay (DCD):    2.070ns
    Source Clock Delay      (SCD):    1.551ns
    Clock Pessimism Removal (CPR):    0.254ns

    Location             Delay type                Incr(ns)  Path(ns)    Netlist Resource(s)
  -------------------------------------------------------------------    -------------------
                         (clock sys_clk_pin rise edge)
                                                      0.000     0.000 r  
    E3                                                0.000     0.000 r  CLK100MHZ (IN)
                         net (fo=0)                   0.000     0.000    CLK100MHZ
    E3                   IBUF (Prop_ibuf_I_O)         0.250     0.250 r  CLK100MHZ_IBUF_inst/O
                         net (fo=1, routed)           0.644     0.894    CLK100MHZ_IBUF
    BUFGCTRL_X0Y16       BUFG (Prop_bufg_I_O)         0.026     0.920 r  CLK100MHZ_IBUF_BUFG_inst/O
                         net (fo=21454, routed)       0.631     1.551    u_accel/gen_nn_fractional.u_accel/gen_hl2[7].hl2_lif/CLK100MHZ_IBUF_BUFG
    SLICE_X56Y5          FDCE                                         r  u_accel/gen_nn_fractional.u_accel/gen_hl2[7].hl2_lif/membrane_out_reg[13]/C
  -------------------------------------------------------------------    -------------------
    SLICE_X56Y5          FDCE (Prop_fdce_C_Q)         0.164     1.715 r  u_accel/gen_nn_fractional.u_accel/gen_hl2[7].hl2_lif/membrane_out_reg[13]/Q
                         net (fo=10, routed)          0.233     1.948    u_accel/gen_nn_fractional.u_accel/gen_hl2[7].membrane_buf/D[13]
    SLICE_X50Y6          FDCE                                         r  u_accel/gen_nn_fractional.u_accel/gen_hl2[7].membrane_buf/membrane_storage_reg[2][13]/D
  -------------------------------------------------------------------    -------------------

                         (clock sys_clk_pin rise edge)
                                                      0.000     0.000 r  
    E3                                                0.000     0.000 r  CLK100MHZ (IN)
                         net (fo=0)                   0.000     0.000    CLK100MHZ
    E3                   IBUF (Prop_ibuf_I_O)         0.438     0.438 r  CLK100MHZ_IBUF_inst/O
                         net (fo=1, routed)           0.699     1.136    CLK100MHZ_IBUF
    BUFGCTRL_X0Y16       BUFG (Prop_bufg_I_O)         0.029     1.165 r  CLK100MHZ_IBUF_BUFG_inst/O
                         net (fo=21454, routed)       0.905     2.070    u_accel/gen_nn_fractional.u_accel/gen_hl2[7].membrane_buf/CLK100MHZ_IBUF_BUFG
    SLICE_X50Y6          FDCE                                         r  u_accel/gen_nn_fractional.u_accel/gen_hl2[7].membrane_buf/membrane_storage_reg[2][13]/C
                         clock pessimism             -0.254     1.816    
    SLICE_X50Y6          FDCE (Hold_fdce_C_D)         0.076     1.892    u_accel/gen_nn_fractional.u_accel/gen_hl2[7].membrane_buf/membrane_storage_reg[2][13]
  -------------------------------------------------------------------
                         required time                         -1.892    
                         arrival time                           1.948    
  -------------------------------------------------------------------
                         slack                                  0.056    

Slack (MET) :             0.058ns  (arrival time - required time)
  Source:                 u_accel/gen_nn_fractional.u_accel/fc1/outputs_reg[7][12]/C
                            (rising edge-triggered cell FDCE clocked by sys_clk_pin  {rise@0.000ns fall@5.000ns period=10.000ns})
  Destination:            u_accel/gen_nn_fractional.u_accel/gen_hl1_lif[7].hl1_lif/current_latched_reg[12]/D
                            (rising edge-triggered cell FDCE clocked by sys_clk_pin  {rise@0.000ns fall@5.000ns period=10.000ns})
  Path Group:             sys_clk_pin
  Path Type:              Hold (Min at Fast Process Corner)
  Requirement:            0.000ns  (sys_clk_pin rise@0.000ns - sys_clk_pin rise@0.000ns)
  Data Path Delay:        0.446ns  (logic 0.186ns (41.705%)  route 0.260ns (58.295%))
  Logic Levels:           1  (LUT2=1)
  Clock Path Skew:        0.268ns (DCD - SCD - CPR)
    Destination Clock Delay (DCD):    2.034ns
    Source Clock Delay      (SCD):    1.520ns
    Clock Pessimism Removal (CPR):    0.245ns

    Location             Delay type                Incr(ns)  Path(ns)    Netlist Resource(s)
  -------------------------------------------------------------------    -------------------
                         (clock sys_clk_pin rise edge)
                                                      0.000     0.000 r  
    E3                                                0.000     0.000 r  CLK100MHZ (IN)
                         net (fo=0)                   0.000     0.000    CLK100MHZ
    E3                   IBUF (Prop_ibuf_I_O)         0.250     0.250 r  CLK100MHZ_IBUF_inst/O
                         net (fo=1, routed)           0.644     0.894    CLK100MHZ_IBUF
    BUFGCTRL_X0Y16       BUFG (Prop_bufg_I_O)         0.026     0.920 r  CLK100MHZ_IBUF_BUFG_inst/O
                         net (fo=21454, routed)       0.601     1.520    u_accel/gen_nn_fractional.u_accel/fc1/CLK100MHZ_IBUF_BUFG
    SLICE_X79Y99         FDCE                                         r  u_accel/gen_nn_fractional.u_accel/fc1/outputs_reg[7][12]/C
  -------------------------------------------------------------------    -------------------
    SLICE_X79Y99         FDCE (Prop_fdce_C_Q)         0.141     1.661 r  u_accel/gen_nn_fractional.u_accel/fc1/outputs_reg[7][12]/Q
                         net (fo=1, routed)           0.260     1.921    u_accel/gen_nn_fractional.u_accel/fc1/fc1_outputs[7]_49[12]
    SLICE_X80Y102        LUT2 (Prop_lut2_I0_O)        0.045     1.966 r  u_accel/gen_nn_fractional.u_accel/fc1/current_latched[12]_i_1__23/O
                         net (fo=1, routed)           0.000     1.966    u_accel/gen_nn_fractional.u_accel/gen_hl1_lif[7].hl1_lif/D[12]
    SLICE_X80Y102        FDCE                                         r  u_accel/gen_nn_fractional.u_accel/gen_hl1_lif[7].hl1_lif/current_latched_reg[12]/D
  -------------------------------------------------------------------    -------------------

                         (clock sys_clk_pin rise edge)
                                                      0.000     0.000 r  
    E3                                                0.000     0.000 r  CLK100MHZ (IN)
                         net (fo=0)                   0.000     0.000    CLK100MHZ
    E3                   IBUF (Prop_ibuf_I_O)         0.438     0.438 r  CLK100MHZ_IBUF_inst/O
                         net (fo=1, routed)           0.699     1.136    CLK100MHZ_IBUF
    BUFGCTRL_X0Y16       BUFG (Prop_bufg_I_O)         0.029     1.165 r  CLK100MHZ_IBUF_BUFG_inst/O
                         net (fo=21454, routed)       0.868     2.034    u_accel/gen_nn_fractional.u_accel/gen_hl1_lif[7].hl1_lif/CLK100MHZ_IBUF_BUFG
    SLICE_X80Y102        FDCE                                         r  u_accel/gen_nn_fractional.u_accel/gen_hl1_lif[7].hl1_lif/current_latched_reg[12]/C
                         clock pessimism             -0.245     1.788    
    SLICE_X80Y102        FDCE (Hold_fdce_C_D)         0.120     1.908    u_accel/gen_nn_fractional.u_accel/gen_hl1_lif[7].hl1_lif/current_latched_reg[12]
  -------------------------------------------------------------------
                         required time                         -1.908    
                         arrival time                           1.966    
  -------------------------------------------------------------------
                         slack                                  0.058    

Slack (MET) :             0.060ns  (arrival time - required time)
  Source:                 u_accel/gen_nn_fractional.u_accel/gen_hl2[7].hl2_lif/membrane_out_reg[6]/C
                            (rising edge-triggered cell FDCE clocked by sys_clk_pin  {rise@0.000ns fall@5.000ns period=10.000ns})
  Destination:            u_accel/gen_nn_fractional.u_accel/gen_hl2[7].membrane_buf/membrane_storage_reg[5][6]/D
                            (rising edge-triggered cell FDCE clocked by sys_clk_pin  {rise@0.000ns fall@5.000ns period=10.000ns})
  Path Group:             sys_clk_pin
  Path Type:              Hold (Min at Fast Process Corner)
  Requirement:            0.000ns  (sys_clk_pin rise@0.000ns - sys_clk_pin rise@0.000ns)
  Data Path Delay:        0.399ns  (logic 0.164ns (41.102%)  route 0.235ns (58.898%))
  Logic Levels:           0  
  Clock Path Skew:        0.267ns (DCD - SCD - CPR)
    Destination Clock Delay (DCD):    2.071ns
    Source Clock Delay      (SCD):    1.550ns
    Clock Pessimism Removal (CPR):    0.254ns

    Location             Delay type                Incr(ns)  Path(ns)    Netlist Resource(s)
  -------------------------------------------------------------------    -------------------
                         (clock sys_clk_pin rise edge)
                                                      0.000     0.000 r  
    E3                                                0.000     0.000 r  CLK100MHZ (IN)
                         net (fo=0)                   0.000     0.000    CLK100MHZ
    E3                   IBUF (Prop_ibuf_I_O)         0.250     0.250 r  CLK100MHZ_IBUF_inst/O
                         net (fo=1, routed)           0.644     0.894    CLK100MHZ_IBUF
    BUFGCTRL_X0Y16       BUFG (Prop_bufg_I_O)         0.026     0.920 r  CLK100MHZ_IBUF_BUFG_inst/O
                         net (fo=21454, routed)       0.630     1.550    u_accel/gen_nn_fractional.u_accel/gen_hl2[7].hl2_lif/CLK100MHZ_IBUF_BUFG
    SLICE_X54Y4          FDCE                                         r  u_accel/gen_nn_fractional.u_accel/gen_hl2[7].hl2_lif/membrane_out_reg[6]/C
  -------------------------------------------------------------------    -------------------
    SLICE_X54Y4          FDCE (Prop_fdce_C_Q)         0.164     1.714 r  u_accel/gen_nn_fractional.u_accel/gen_hl2[7].hl2_lif/membrane_out_reg[6]/Q
                         net (fo=10, routed)          0.235     1.949    u_accel/gen_nn_fractional.u_accel/gen_hl2[7].membrane_buf/D[6]
    SLICE_X48Y8          FDCE                                         r  u_accel/gen_nn_fractional.u_accel/gen_hl2[7].membrane_buf/membrane_storage_reg[5][6]/D
  -------------------------------------------------------------------    -------------------

                         (clock sys_clk_pin rise edge)
                                                      0.000     0.000 r  
    E3                                                0.000     0.000 r  CLK100MHZ (IN)
                         net (fo=0)                   0.000     0.000    CLK100MHZ
    E3                   IBUF (Prop_ibuf_I_O)         0.438     0.438 r  CLK100MHZ_IBUF_inst/O
                         net (fo=1, routed)           0.699     1.136    CLK100MHZ_IBUF
    BUFGCTRL_X0Y16       BUFG (Prop_bufg_I_O)         0.029     1.165 r  CLK100MHZ_IBUF_BUFG_inst/O
                         net (fo=21454, routed)       0.906     2.071    u_accel/gen_nn_fractional.u_accel/gen_hl2[7].membrane_buf/CLK100MHZ_IBUF_BUFG
    SLICE_X48Y8          FDCE                                         r  u_accel/gen_nn_fractional.u_accel/gen_hl2[7].membrane_buf/membrane_storage_reg[5][6]/C
                         clock pessimism             -0.254     1.817    
    SLICE_X48Y8          FDCE (Hold_fdce_C_D)         0.072     1.889    u_accel/gen_nn_fractional.u_accel/gen_hl2[7].membrane_buf/membrane_storage_reg[5][6]
  -------------------------------------------------------------------
                         required time                         -1.889    
                         arrival time                           1.949    
  -------------------------------------------------------------------
                         slack                                  0.060    

Slack (MET) :             0.062ns  (arrival time - required time)
  Source:                 u_accel/gen_nn_fractional.u_accel/gen_hl2[7].hl2_lif/membrane_out_reg[11]/C
                            (rising edge-triggered cell FDCE clocked by sys_clk_pin  {rise@0.000ns fall@5.000ns period=10.000ns})
  Destination:            u_accel/gen_nn_fractional.u_accel/gen_hl2[7].membrane_buf/membrane_storage_reg[6][11]/D
                            (rising edge-triggered cell FDCE clocked by sys_clk_pin  {rise@0.000ns fall@5.000ns period=10.000ns})
  Path Group:             sys_clk_pin
  Path Type:              Hold (Min at Fast Process Corner)
  Requirement:            0.000ns  (sys_clk_pin rise@0.000ns - sys_clk_pin rise@0.000ns)
  Data Path Delay:        0.388ns  (logic 0.164ns (42.242%)  route 0.224ns (57.758%))
  Logic Levels:           0  
  Clock Path Skew:        0.267ns (DCD - SCD - CPR)
    Destination Clock Delay (DCD):    2.072ns
    Source Clock Delay      (SCD):    1.551ns
    Clock Pessimism Removal (CPR):    0.254ns

    Location             Delay type                Incr(ns)  Path(ns)    Netlist Resource(s)
  -------------------------------------------------------------------    -------------------
                         (clock sys_clk_pin rise edge)
                                                      0.000     0.000 r  
    E3                                                0.000     0.000 r  CLK100MHZ (IN)
                         net (fo=0)                   0.000     0.000    CLK100MHZ
    E3                   IBUF (Prop_ibuf_I_O)         0.250     0.250 r  CLK100MHZ_IBUF_inst/O
                         net (fo=1, routed)           0.644     0.894    CLK100MHZ_IBUF
    BUFGCTRL_X0Y16       BUFG (Prop_bufg_I_O)         0.026     0.920 r  CLK100MHZ_IBUF_BUFG_inst/O
                         net (fo=21454, routed)       0.631     1.551    u_accel/gen_nn_fractional.u_accel/gen_hl2[7].hl2_lif/CLK100MHZ_IBUF_BUFG
    SLICE_X56Y5          FDCE                                         r  u_accel/gen_nn_fractional.u_accel/gen_hl2[7].hl2_lif/membrane_out_reg[11]/C
  -------------------------------------------------------------------    -------------------
    SLICE_X56Y5          FDCE (Prop_fdce_C_Q)         0.164     1.715 r  u_accel/gen_nn_fractional.u_accel/gen_hl2[7].hl2_lif/membrane_out_reg[11]/Q
                         net (fo=10, routed)          0.224     1.939    u_accel/gen_nn_fractional.u_accel/gen_hl2[7].membrane_buf/D[11]
    SLICE_X46Y5          FDCE                                         r  u_accel/gen_nn_fractional.u_accel/gen_hl2[7].membrane_buf/membrane_storage_reg[6][11]/D
  -------------------------------------------------------------------    -------------------

                         (clock sys_clk_pin rise edge)
                                                      0.000     0.000 r  
    E3                                                0.000     0.000 r  CLK100MHZ (IN)
                         net (fo=0)                   0.000     0.000    CLK100MHZ
    E3                   IBUF (Prop_ibuf_I_O)         0.438     0.438 r  CLK100MHZ_IBUF_inst/O
                         net (fo=1, routed)           0.699     1.136    CLK100MHZ_IBUF
    BUFGCTRL_X0Y16       BUFG (Prop_bufg_I_O)         0.029     1.165 r  CLK100MHZ_IBUF_BUFG_inst/O
                         net (fo=21454, routed)       0.907     2.072    u_accel/gen_nn_fractional.u_accel/gen_hl2[7].membrane_buf/CLK100MHZ_IBUF_BUFG
    SLICE_X46Y5          FDCE                                         r  u_accel/gen_nn_fractional.u_accel/gen_hl2[7].membrane_buf/membrane_storage_reg[6][11]/C
                         clock pessimism             -0.254     1.818    
    SLICE_X46Y5          FDCE (Hold_fdce_C_D)         0.059     1.877    u_accel/gen_nn_fractional.u_accel/gen_hl2[7].membrane_buf/membrane_storage_reg[6][11]
  -------------------------------------------------------------------
                         required time                         -1.877    
                         arrival time                           1.939    
  -------------------------------------------------------------------
                         slack                                  0.062    





Pulse Width Checks
--------------------------------------------------------------------------------------
Clock Name:         sys_clk_pin
Waveform(ns):       { 0.000 5.000 }
Period(ns):         10.000
Sources:            { CLK100MHZ }

Check Type        Corner  Lib Pin      Reference Pin  Required(ns)  Actual(ns)  Slack(ns)  Location        Pin
Min Period        n/a     BUFG/I       n/a            2.155         10.000      7.845      BUFGCTRL_X0Y16  CLK100MHZ_IBUF_BUFG_inst/I
Min Period        n/a     DSP48E1/CLK  n/a            2.154         10.000      7.846      DSP48_X1Y10     u_accel/gen_nn_fractional.u_accel/q_accum/p_0_out/CLK
Min Period        n/a     DSP48E1/CLK  n/a            2.154         10.000      7.846      DSP48_X1Y12     u_accel/gen_nn_fractional.u_accel/q_accum/p_0_out__0/CLK
Min Period        n/a     FDCE/C       n/a            1.000         10.000      9.000      SLICE_X41Y101   action_q_reg/C
Min Period        n/a     FDRE/C       n/a            1.000         10.000      9.000      SLICE_X0Y51     heartbeat_count_reg[0]/C
Min Period        n/a     FDRE/C       n/a            1.000         10.000      9.000      SLICE_X0Y53     heartbeat_count_reg[10]/C
Min Period        n/a     FDRE/C       n/a            1.000         10.000      9.000      SLICE_X0Y53     heartbeat_count_reg[11]/C
Min Period        n/a     FDRE/C       n/a            1.000         10.000      9.000      SLICE_X0Y54     heartbeat_count_reg[12]/C
Min Period        n/a     FDRE/C       n/a            1.000         10.000      9.000      SLICE_X0Y54     heartbeat_count_reg[13]/C
Min Period        n/a     FDRE/C       n/a            1.000         10.000      9.000      SLICE_X0Y54     heartbeat_count_reg[14]/C
Low Pulse Width   Slow    FDCE/C       n/a            0.500         5.000       4.500      SLICE_X41Y101   action_q_reg/C
Low Pulse Width   Fast    FDCE/C       n/a            0.500         5.000       4.500      SLICE_X41Y101   action_q_reg/C
Low Pulse Width   Slow    FDRE/C       n/a            0.500         5.000       4.500      SLICE_X0Y51     heartbeat_count_reg[0]/C
Low Pulse Width   Fast    FDRE/C       n/a            0.500         5.000       4.500      SLICE_X0Y51     heartbeat_count_reg[0]/C
Low Pulse Width   Slow    FDRE/C       n/a            0.500         5.000       4.500      SLICE_X0Y53     heartbeat_count_reg[10]/C
Low Pulse Width   Fast    FDRE/C       n/a            0.500         5.000       4.500      SLICE_X0Y53     heartbeat_count_reg[10]/C
Low Pulse Width   Slow    FDRE/C       n/a            0.500         5.000       4.500      SLICE_X0Y53     heartbeat_count_reg[11]/C
Low Pulse Width   Fast    FDRE/C       n/a            0.500         5.000       4.500      SLICE_X0Y53     heartbeat_count_reg[11]/C
Low Pulse Width   Slow    FDRE/C       n/a            0.500         5.000       4.500      SLICE_X0Y54     heartbeat_count_reg[12]/C
Low Pulse Width   Fast    FDRE/C       n/a            0.500         5.000       4.500      SLICE_X0Y54     heartbeat_count_reg[12]/C
High Pulse Width  Slow    FDCE/C       n/a            0.500         5.000       4.500      SLICE_X41Y101   action_q_reg/C
High Pulse Width  Fast    FDCE/C       n/a            0.500         5.000       4.500      SLICE_X41Y101   action_q_reg/C
High Pulse Width  Slow    FDRE/C       n/a            0.500         5.000       4.500      SLICE_X0Y51     heartbeat_count_reg[0]/C
High Pulse Width  Fast    FDRE/C       n/a            0.500         5.000       4.500      SLICE_X0Y51     heartbeat_count_reg[0]/C
High Pulse Width  Slow    FDRE/C       n/a            0.500         5.000       4.500      SLICE_X0Y53     heartbeat_count_reg[10]/C
High Pulse Width  Fast    FDRE/C       n/a            0.500         5.000       4.500      SLICE_X0Y53     heartbeat_count_reg[10]/C
High Pulse Width  Slow    FDRE/C       n/a            0.500         5.000       4.500      SLICE_X0Y53     heartbeat_count_reg[11]/C
High Pulse Width  Fast    FDRE/C       n/a            0.500         5.000       4.500      SLICE_X0Y53     heartbeat_count_reg[11]/C
High Pulse Width  Slow    FDRE/C       n/a            0.500         5.000       4.500      SLICE_X0Y54     heartbeat_count_reg[12]/C
High Pulse Width  Fast    FDRE/C       n/a            0.500         5.000       4.500      SLICE_X0Y54     heartbeat_count_reg[12]/C



--------------------------------------------------------------------------------------
Path Group:  (none)
From Clock:  sys_clk_pin
  To Clock:  

Max Delay             4 Endpoints
Min Delay             4 Endpoints
--------------------------------------------------------------------------------------


Max Delay Paths
--------------------------------------------------------------------------------------
Slack:                    inf
  Source:                 u_accel/accel_busy_reg/C
                            (rising edge-triggered cell FDCE clocked by sys_clk_pin  {rise@0.000ns fall@5.000ns period=10.000ns})
  Destination:            LED[0]
                            (output port)
  Path Group:             (none)
  Path Type:              Max at Slow Process Corner
  Data Path Delay:        8.593ns  (logic 4.038ns (46.995%)  route 4.555ns (53.005%))
  Logic Levels:           1  (OBUF=1)
  Clock Uncertainty:      0.025ns  ((TSJ^2 + TIJ^2)^1/2 + DJ) / 2 + PE
    Total System Jitter     (TSJ):    0.050ns
    Total Input Jitter      (TIJ):    0.000ns
    Discrete Jitter          (DJ):    0.000ns
    Phase Error              (PE):    0.000ns

    Location             Delay type                Incr(ns)  Path(ns)    Netlist Resource(s)
  -------------------------------------------------------------------    -------------------
                         (clock sys_clk_pin rise edge)
                                                      0.000     0.000 r  
    E3                                                0.000     0.000 r  CLK100MHZ (IN)
                         net (fo=0)                   0.000     0.000    CLK100MHZ
    E3                   IBUF (Prop_ibuf_I_O)         1.482     1.482 r  CLK100MHZ_IBUF_inst/O
                         net (fo=1, routed)           2.025     3.506    CLK100MHZ_IBUF
    BUFGCTRL_X0Y16       BUFG (Prop_bufg_I_O)         0.096     3.602 r  CLK100MHZ_IBUF_BUFG_inst/O
                         net (fo=21454, routed)       1.639     5.242    u_accel/CLK100MHZ_IBUF_BUFG
    SLICE_X38Y95         FDCE                                         r  u_accel/accel_busy_reg/C
  -------------------------------------------------------------------    -------------------
    SLICE_X38Y95         FDCE (Prop_fdce_C_Q)         0.518     5.760 r  u_accel/accel_busy_reg/Q
                         net (fo=18, routed)          4.555    10.315    LED_OBUF[0]
    H17                  OBUF (Prop_obuf_I_O)         3.520    13.835 r  LED_OBUF[0]_inst/O
                         net (fo=0)                   0.000    13.835    LED[0]
    H17                                                               r  LED[0] (OUT)
  -------------------------------------------------------------------    -------------------

Slack:                    inf
  Source:                 u_accel/u_uart_tx/tx_reg/C
                            (rising edge-triggered cell FDPE clocked by sys_clk_pin  {rise@0.000ns fall@5.000ns period=10.000ns})
  Destination:            UART_RXD_OUT
                            (output port)
  Path Group:             (none)
  Path Type:              Max at Slow Process Corner
  Data Path Delay:        7.627ns  (logic 4.011ns (52.595%)  route 3.615ns (47.405%))
  Logic Levels:           1  (OBUF=1)
  Clock Uncertainty:      0.025ns  ((TSJ^2 + TIJ^2)^1/2 + DJ) / 2 + PE
    Total System Jitter     (TSJ):    0.050ns
    Total Input Jitter      (TIJ):    0.000ns
    Discrete Jitter          (DJ):    0.000ns
    Phase Error              (PE):    0.000ns

    Location             Delay type                Incr(ns)  Path(ns)    Netlist Resource(s)
  -------------------------------------------------------------------    -------------------
                         (clock sys_clk_pin rise edge)
                                                      0.000     0.000 r  
    E3                                                0.000     0.000 r  CLK100MHZ (IN)
                         net (fo=0)                   0.000     0.000    CLK100MHZ
    E3                   IBUF (Prop_ibuf_I_O)         1.482     1.482 r  CLK100MHZ_IBUF_inst/O
                         net (fo=1, routed)           2.025     3.506    CLK100MHZ_IBUF
    BUFGCTRL_X0Y16       BUFG (Prop_bufg_I_O)         0.096     3.602 r  CLK100MHZ_IBUF_BUFG_inst/O
                         net (fo=21454, routed)       1.614     5.216    u_accel/u_uart_tx/CLK100MHZ_IBUF_BUFG
    SLICE_X51Y110        FDPE                                         r  u_accel/u_uart_tx/tx_reg/C
  -------------------------------------------------------------------    -------------------
    SLICE_X51Y110        FDPE (Prop_fdpe_C_Q)         0.456     5.672 r  u_accel/u_uart_tx/tx_reg/Q
                         net (fo=1, routed)           3.615     9.288    UART_RXD_OUT_OBUF
    D4                   OBUF (Prop_obuf_I_O)         3.555    12.843 r  UART_RXD_OUT_OBUF_inst/O
                         net (fo=0)                   0.000    12.843    UART_RXD_OUT
    D4                                                                r  UART_RXD_OUT (OUT)
  -------------------------------------------------------------------    -------------------

Slack:                    inf
  Source:                 action_q_reg/C
                            (rising edge-triggered cell FDCE clocked by sys_clk_pin  {rise@0.000ns fall@5.000ns period=10.000ns})
  Destination:            LED[1]
                            (output port)
  Path Group:             (none)
  Path Type:              Max at Slow Process Corner
  Data Path Delay:        6.655ns  (logic 3.991ns (59.976%)  route 2.664ns (40.024%))
  Logic Levels:           1  (OBUF=1)
  Clock Uncertainty:      0.025ns  ((TSJ^2 + TIJ^2)^1/2 + DJ) / 2 + PE
    Total System Jitter     (TSJ):    0.050ns
    Total Input Jitter      (TIJ):    0.000ns
    Discrete Jitter          (DJ):    0.000ns
    Phase Error              (PE):    0.000ns

    Location             Delay type                Incr(ns)  Path(ns)    Netlist Resource(s)
  -------------------------------------------------------------------    -------------------
                         (clock sys_clk_pin rise edge)
                                                      0.000     0.000 r  
    E3                                                0.000     0.000 r  CLK100MHZ (IN)
                         net (fo=0)                   0.000     0.000    CLK100MHZ
    E3                   IBUF (Prop_ibuf_I_O)         1.482     1.482 r  CLK100MHZ_IBUF_inst/O
                         net (fo=1, routed)           2.025     3.506    CLK100MHZ_IBUF
    BUFGCTRL_X0Y16       BUFG (Prop_bufg_I_O)         0.096     3.602 r  CLK100MHZ_IBUF_BUFG_inst/O
                         net (fo=21454, routed)       1.624     5.226    CLK100MHZ_IBUF_BUFG
    SLICE_X41Y101        FDCE                                         r  action_q_reg/C
  -------------------------------------------------------------------    -------------------
    SLICE_X41Y101        FDCE (Prop_fdce_C_Q)         0.456     5.682 r  action_q_reg/Q
                         net (fo=1, routed)           2.664     8.346    LED_OBUF[1]
    K15                  OBUF (Prop_obuf_I_O)         3.535    11.881 r  LED_OBUF[1]_inst/O
                         net (fo=0)                   0.000    11.881    LED[1]
    K15                                                               r  LED[1] (OUT)
  -------------------------------------------------------------------    -------------------

Slack:                    inf
  Source:                 heartbeat_count_reg[24]/C
                            (rising edge-triggered cell FDRE clocked by sys_clk_pin  {rise@0.000ns fall@5.000ns period=10.000ns})
  Destination:            LED[15]
                            (output port)
  Path Group:             (none)
  Path Type:              Max at Slow Process Corner
  Data Path Delay:        5.572ns  (logic 4.025ns (72.236%)  route 1.547ns (27.764%))
  Logic Levels:           1  (OBUF=1)
  Clock Uncertainty:      0.025ns  ((TSJ^2 + TIJ^2)^1/2 + DJ) / 2 + PE
    Total System Jitter     (TSJ):    0.050ns
    Total Input Jitter      (TIJ):    0.000ns
    Discrete Jitter          (DJ):    0.000ns
    Phase Error              (PE):    0.000ns

    Location             Delay type                Incr(ns)  Path(ns)    Netlist Resource(s)
  -------------------------------------------------------------------    -------------------
                         (clock sys_clk_pin rise edge)
                                                      0.000     0.000 r  
    E3                                                0.000     0.000 r  CLK100MHZ (IN)
                         net (fo=0)                   0.000     0.000    CLK100MHZ
    E3                   IBUF (Prop_ibuf_I_O)         1.482     1.482 r  CLK100MHZ_IBUF_inst/O
                         net (fo=1, routed)           2.025     3.506    CLK100MHZ_IBUF
    BUFGCTRL_X0Y16       BUFG (Prop_bufg_I_O)         0.096     3.602 r  CLK100MHZ_IBUF_BUFG_inst/O
                         net (fo=21454, routed)       1.724     5.327    CLK100MHZ_IBUF_BUFG
    SLICE_X0Y57          FDRE                                         r  heartbeat_count_reg[24]/C
  -------------------------------------------------------------------    -------------------
    SLICE_X0Y57          FDRE (Prop_fdre_C_Q)         0.456     5.783 r  heartbeat_count_reg[24]/Q
                         net (fo=2, routed)           1.547     7.330    LED_OBUF[15]
    V11                  OBUF (Prop_obuf_I_O)         3.569    10.899 r  LED_OBUF[15]_inst/O
                         net (fo=0)                   0.000    10.899    LED[15]
    V11                                                               r  LED[15] (OUT)
  -------------------------------------------------------------------    -------------------





Min Delay Paths
--------------------------------------------------------------------------------------
Slack:                    inf
  Source:                 heartbeat_count_reg[24]/C
                            (rising edge-triggered cell FDRE clocked by sys_clk_pin  {rise@0.000ns fall@5.000ns period=10.000ns})
  Destination:            LED[15]
                            (output port)
  Path Group:             (none)
  Path Type:              Min at Fast Process Corner
  Data Path Delay:        1.710ns  (logic 1.410ns (82.462%)  route 0.300ns (17.538%))
  Logic Levels:           1  (OBUF=1)
  Clock Uncertainty:      0.025ns  ((TSJ^2 + TIJ^2)^1/2 + DJ) / 2 + PE
    Total System Jitter     (TSJ):    0.050ns
    Total Input Jitter      (TIJ):    0.000ns
    Discrete Jitter          (DJ):    0.000ns
    Phase Error              (PE):    0.000ns

    Location             Delay type                Incr(ns)  Path(ns)    Netlist Resource(s)
  -------------------------------------------------------------------    -------------------
                         (clock sys_clk_pin rise edge)
                                                      0.000     0.000 r  
    E3                                                0.000     0.000 r  CLK100MHZ (IN)
                         net (fo=0)                   0.000     0.000    CLK100MHZ
    E3                   IBUF (Prop_ibuf_I_O)         0.250     0.250 r  CLK100MHZ_IBUF_inst/O
                         net (fo=1, routed)           0.644     0.894    CLK100MHZ_IBUF
    BUFGCTRL_X0Y16       BUFG (Prop_bufg_I_O)         0.026     0.920 r  CLK100MHZ_IBUF_BUFG_inst/O
                         net (fo=21454, routed)       0.603     1.522    CLK100MHZ_IBUF_BUFG
    SLICE_X0Y57          FDRE                                         r  heartbeat_count_reg[24]/C
  -------------------------------------------------------------------    -------------------
    SLICE_X0Y57          FDRE (Prop_fdre_C_Q)         0.141     1.663 r  heartbeat_count_reg[24]/Q
                         net (fo=2, routed)           0.300     1.963    LED_OBUF[15]
    V11                  OBUF (Prop_obuf_I_O)         1.269     3.233 r  LED_OBUF[15]_inst/O
                         net (fo=0)                   0.000     3.233    LED[15]
    V11                                                               r  LED[15] (OUT)
  -------------------------------------------------------------------    -------------------

Slack:                    inf
  Source:                 action_q_reg/C
                            (rising edge-triggered cell FDCE clocked by sys_clk_pin  {rise@0.000ns fall@5.000ns period=10.000ns})
  Destination:            LED[1]
                            (output port)
  Path Group:             (none)
  Path Type:              Min at Fast Process Corner
  Data Path Delay:        2.165ns  (logic 1.377ns (63.619%)  route 0.788ns (36.381%))
  Logic Levels:           1  (OBUF=1)
  Clock Uncertainty:      0.025ns  ((TSJ^2 + TIJ^2)^1/2 + DJ) / 2 + PE
    Total System Jitter     (TSJ):    0.050ns
    Total Input Jitter      (TIJ):    0.000ns
    Discrete Jitter          (DJ):    0.000ns
    Phase Error              (PE):    0.000ns

    Location             Delay type                Incr(ns)  Path(ns)    Netlist Resource(s)
  -------------------------------------------------------------------    -------------------
                         (clock sys_clk_pin rise edge)
                                                      0.000     0.000 r  
    E3                                                0.000     0.000 r  CLK100MHZ (IN)
                         net (fo=0)                   0.000     0.000    CLK100MHZ
    E3                   IBUF (Prop_ibuf_I_O)         0.250     0.250 r  CLK100MHZ_IBUF_inst/O
                         net (fo=1, routed)           0.644     0.894    CLK100MHZ_IBUF
    BUFGCTRL_X0Y16       BUFG (Prop_bufg_I_O)         0.026     0.920 r  CLK100MHZ_IBUF_BUFG_inst/O
                         net (fo=21454, routed)       0.563     1.482    CLK100MHZ_IBUF_BUFG
    SLICE_X41Y101        FDCE                                         r  action_q_reg/C
  -------------------------------------------------------------------    -------------------
    SLICE_X41Y101        FDCE (Prop_fdce_C_Q)         0.141     1.623 r  action_q_reg/Q
                         net (fo=1, routed)           0.788     2.411    LED_OBUF[1]
    K15                  OBUF (Prop_obuf_I_O)         1.236     3.647 r  LED_OBUF[1]_inst/O
                         net (fo=0)                   0.000     3.647    LED[1]
    K15                                                               r  LED[1] (OUT)
  -------------------------------------------------------------------    -------------------

Slack:                    inf
  Source:                 u_accel/u_uart_tx/tx_reg/C
                            (rising edge-triggered cell FDPE clocked by sys_clk_pin  {rise@0.000ns fall@5.000ns period=10.000ns})
  Destination:            UART_RXD_OUT
                            (output port)
  Path Group:             (none)
  Path Type:              Min at Fast Process Corner
  Data Path Delay:        2.705ns  (logic 1.397ns (51.636%)  route 1.308ns (48.364%))
  Logic Levels:           1  (OBUF=1)
  Clock Uncertainty:      0.025ns  ((TSJ^2 + TIJ^2)^1/2 + DJ) / 2 + PE
    Total System Jitter     (TSJ):    0.050ns
    Total Input Jitter      (TIJ):    0.000ns
    Discrete Jitter          (DJ):    0.000ns
    Phase Error              (PE):    0.000ns

    Location             Delay type                Incr(ns)  Path(ns)    Netlist Resource(s)
  -------------------------------------------------------------------    -------------------
                         (clock sys_clk_pin rise edge)
                                                      0.000     0.000 r  
    E3                                                0.000     0.000 r  CLK100MHZ (IN)
                         net (fo=0)                   0.000     0.000    CLK100MHZ
    E3                   IBUF (Prop_ibuf_I_O)         0.250     0.250 r  CLK100MHZ_IBUF_inst/O
                         net (fo=1, routed)           0.644     0.894    CLK100MHZ_IBUF
    BUFGCTRL_X0Y16       BUFG (Prop_bufg_I_O)         0.026     0.920 r  CLK100MHZ_IBUF_BUFG_inst/O
                         net (fo=21454, routed)       0.557     1.476    u_accel/u_uart_tx/CLK100MHZ_IBUF_BUFG
    SLICE_X51Y110        FDPE                                         r  u_accel/u_uart_tx/tx_reg/C
  -------------------------------------------------------------------    -------------------
    SLICE_X51Y110        FDPE (Prop_fdpe_C_Q)         0.141     1.617 r  u_accel/u_uart_tx/tx_reg/Q
                         net (fo=1, routed)           1.308     2.926    UART_RXD_OUT_OBUF
    D4                   OBUF (Prop_obuf_I_O)         1.256     4.182 r  UART_RXD_OUT_OBUF_inst/O
                         net (fo=0)                   0.000     4.182    UART_RXD_OUT
    D4                                                                r  UART_RXD_OUT (OUT)
  -------------------------------------------------------------------    -------------------

Slack:                    inf
  Source:                 u_accel/accel_busy_reg/C
                            (rising edge-triggered cell FDCE clocked by sys_clk_pin  {rise@0.000ns fall@5.000ns period=10.000ns})
  Destination:            LED[0]
                            (output port)
  Path Group:             (none)
  Path Type:              Min at Fast Process Corner
  Data Path Delay:        2.953ns  (logic 1.385ns (46.911%)  route 1.568ns (53.089%))
  Logic Levels:           1  (OBUF=1)
  Clock Uncertainty:      0.025ns  ((TSJ^2 + TIJ^2)^1/2 + DJ) / 2 + PE
    Total System Jitter     (TSJ):    0.050ns
    Total Input Jitter      (TIJ):    0.000ns
    Discrete Jitter          (DJ):    0.000ns
    Phase Error              (PE):    0.000ns

    Location             Delay type                Incr(ns)  Path(ns)    Netlist Resource(s)
  -------------------------------------------------------------------    -------------------
                         (clock sys_clk_pin rise edge)
                                                      0.000     0.000 r  
    E3                                                0.000     0.000 r  CLK100MHZ (IN)
                         net (fo=0)                   0.000     0.000    CLK100MHZ
    E3                   IBUF (Prop_ibuf_I_O)         0.250     0.250 r  CLK100MHZ_IBUF_inst/O
                         net (fo=1, routed)           0.644     0.894    CLK100MHZ_IBUF
    BUFGCTRL_X0Y16       BUFG (Prop_bufg_I_O)         0.026     0.920 r  CLK100MHZ_IBUF_BUFG_inst/O
                         net (fo=21454, routed)       0.568     1.487    u_accel/CLK100MHZ_IBUF_BUFG
    SLICE_X38Y95         FDCE                                         r  u_accel/accel_busy_reg/C
  -------------------------------------------------------------------    -------------------
    SLICE_X38Y95         FDCE (Prop_fdce_C_Q)         0.164     1.651 r  u_accel/accel_busy_reg/Q
                         net (fo=18, routed)          1.568     3.219    LED_OBUF[0]
    H17                  OBUF (Prop_obuf_I_O)         1.221     4.440 r  LED_OBUF[0]_inst/O
                         net (fo=0)                   0.000     4.440    LED[0]
    H17                                                               r  LED[0] (OUT)
  -------------------------------------------------------------------    -------------------





--------------------------------------------------------------------------------------
Path Group:  (none)
From Clock:  
  To Clock:  sys_clk_pin

Max Delay         21502 Endpoints
Min Delay         21502 Endpoints
--------------------------------------------------------------------------------------


Max Delay Paths
--------------------------------------------------------------------------------------
Slack:                    inf
  Source:                 CPU_RESETN
                            (input port)
  Destination:            u_accel/gen_nn_fractional.u_accel/gen_hl2[7].hl2_lif/history_sum_acc_reg[12]/CLR
                            (recovery check against rising-edge clock sys_clk_pin  {rise@0.000ns fall@5.000ns period=10.000ns})
  Path Group:             (none)
  Path Type:              Recovery (Max at Slow Process Corner)
  Data Path Delay:        13.619ns  (logic 1.631ns (11.976%)  route 11.988ns (88.024%))
  Logic Levels:           2  (IBUF=1 LUT1=1)
  Clock Path Skew:        5.149ns (DCD - SCD + CPR)
    Destination Clock Delay (DCD):    5.149ns
    Source Clock Delay      (SCD):    0.000ns
    Clock Pessimism Removal (CPR):    0.000ns
  Clock Uncertainty:      0.025ns  ((TSJ^2 + TIJ^2)^1/2 + DJ) / 2 + PE
    Total System Jitter     (TSJ):    0.050ns
    Total Input Jitter      (TIJ):    0.000ns
    Discrete Jitter          (DJ):    0.000ns
    Phase Error              (PE):    0.000ns

    Location             Delay type                Incr(ns)  Path(ns)    Netlist Resource(s)
  -------------------------------------------------------------------    -------------------
    C12                                               0.000     0.000 r  CPU_RESETN (IN)
                         net (fo=0)                   0.000     0.000    CPU_RESETN
    C12                  IBUF (Prop_ibuf_I_O)         1.507     1.507 r  CPU_RESETN_IBUF_inst/O
                         net (fo=24, routed)          1.387     2.894    u_accel/gen_nn_fractional.u_accel/fc1/CPU_RESETN_IBUF
    SLICE_X2Y143         LUT1 (Prop_lut1_I0_O)        0.124     3.018 f  u_accel/gen_nn_fractional.u_accel/fc1/FSM_onehot_state[2]_i_2__0/O
                         net (fo=21292, routed)      10.600    13.619    u_accel/gen_nn_fractional.u_accel/gen_hl2[7].hl2_lif/spike_prev_reg_0
    SLICE_X80Y3          FDCE                                         f  u_accel/gen_nn_fractional.u_accel/gen_hl2[7].hl2_lif/history_sum_acc_reg[12]/CLR
  -------------------------------------------------------------------    -------------------

                         (clock sys_clk_pin rise edge)
                                                      0.000     0.000 r  
    E3                                                0.000     0.000 r  CLK100MHZ (IN)
                         net (fo=0)                   0.000     0.000    CLK100MHZ
    E3                   IBUF (Prop_ibuf_I_O)         1.411     1.411 r  CLK100MHZ_IBUF_inst/O
                         net (fo=1, routed)           1.920     3.331    CLK100MHZ_IBUF
    BUFGCTRL_X0Y16       BUFG (Prop_bufg_I_O)         0.091     3.422 r  CLK100MHZ_IBUF_BUFG_inst/O
                         net (fo=21454, routed)       1.727     5.149    u_accel/gen_nn_fractional.u_accel/gen_hl2[7].hl2_lif/CLK100MHZ_IBUF_BUFG
    SLICE_X80Y3          FDCE                                         r  u_accel/gen_nn_fractional.u_accel/gen_hl2[7].hl2_lif/history_sum_acc_reg[12]/C

Slack:                    inf
  Source:                 CPU_RESETN
                            (input port)
  Destination:            u_accel/gen_nn_fractional.u_accel/gen_hl2[7].hl2_lif/history_sum_acc_reg[13]/CLR
                            (recovery check against rising-edge clock sys_clk_pin  {rise@0.000ns fall@5.000ns period=10.000ns})
  Path Group:             (none)
  Path Type:              Recovery (Max at Slow Process Corner)
  Data Path Delay:        13.619ns  (logic 1.631ns (11.976%)  route 11.988ns (88.024%))
  Logic Levels:           2  (IBUF=1 LUT1=1)
  Clock Path Skew:        5.149ns (DCD - SCD + CPR)
    Destination Clock Delay (DCD):    5.149ns
    Source Clock Delay      (SCD):    0.000ns
    Clock Pessimism Removal (CPR):    0.000ns
  Clock Uncertainty:      0.025ns  ((TSJ^2 + TIJ^2)^1/2 + DJ) / 2 + PE
    Total System Jitter     (TSJ):    0.050ns
    Total Input Jitter      (TIJ):    0.000ns
    Discrete Jitter          (DJ):    0.000ns
    Phase Error              (PE):    0.000ns

    Location             Delay type                Incr(ns)  Path(ns)    Netlist Resource(s)
  -------------------------------------------------------------------    -------------------
    C12                                               0.000     0.000 r  CPU_RESETN (IN)
                         net (fo=0)                   0.000     0.000    CPU_RESETN
    C12                  IBUF (Prop_ibuf_I_O)         1.507     1.507 r  CPU_RESETN_IBUF_inst/O
                         net (fo=24, routed)          1.387     2.894    u_accel/gen_nn_fractional.u_accel/fc1/CPU_RESETN_IBUF
    SLICE_X2Y143         LUT1 (Prop_lut1_I0_O)        0.124     3.018 f  u_accel/gen_nn_fractional.u_accel/fc1/FSM_onehot_state[2]_i_2__0/O
                         net (fo=21292, routed)      10.600    13.619    u_accel/gen_nn_fractional.u_accel/gen_hl2[7].hl2_lif/spike_prev_reg_0
    SLICE_X80Y3          FDCE                                         f  u_accel/gen_nn_fractional.u_accel/gen_hl2[7].hl2_lif/history_sum_acc_reg[13]/CLR
  -------------------------------------------------------------------    -------------------

                         (clock sys_clk_pin rise edge)
                                                      0.000     0.000 r  
    E3                                                0.000     0.000 r  CLK100MHZ (IN)
                         net (fo=0)                   0.000     0.000    CLK100MHZ
    E3                   IBUF (Prop_ibuf_I_O)         1.411     1.411 r  CLK100MHZ_IBUF_inst/O
                         net (fo=1, routed)           1.920     3.331    CLK100MHZ_IBUF
    BUFGCTRL_X0Y16       BUFG (Prop_bufg_I_O)         0.091     3.422 r  CLK100MHZ_IBUF_BUFG_inst/O
                         net (fo=21454, routed)       1.727     5.149    u_accel/gen_nn_fractional.u_accel/gen_hl2[7].hl2_lif/CLK100MHZ_IBUF_BUFG
    SLICE_X80Y3          FDCE                                         r  u_accel/gen_nn_fractional.u_accel/gen_hl2[7].hl2_lif/history_sum_acc_reg[13]/C

Slack:                    inf
  Source:                 CPU_RESETN
                            (input port)
  Destination:            u_accel/gen_nn_fractional.u_accel/gen_hl2[7].hl2_lif/history_sum_acc_reg[14]/CLR
                            (recovery check against rising-edge clock sys_clk_pin  {rise@0.000ns fall@5.000ns period=10.000ns})
  Path Group:             (none)
  Path Type:              Recovery (Max at Slow Process Corner)
  Data Path Delay:        13.619ns  (logic 1.631ns (11.976%)  route 11.988ns (88.024%))
  Logic Levels:           2  (IBUF=1 LUT1=1)
  Clock Path Skew:        5.149ns (DCD - SCD + CPR)
    Destination Clock Delay (DCD):    5.149ns
    Source Clock Delay      (SCD):    0.000ns
    Clock Pessimism Removal (CPR):    0.000ns
  Clock Uncertainty:      0.025ns  ((TSJ^2 + TIJ^2)^1/2 + DJ) / 2 + PE
    Total System Jitter     (TSJ):    0.050ns
    Total Input Jitter      (TIJ):    0.000ns
    Discrete Jitter          (DJ):    0.000ns
    Phase Error              (PE):    0.000ns

    Location             Delay type                Incr(ns)  Path(ns)    Netlist Resource(s)
  -------------------------------------------------------------------    -------------------
    C12                                               0.000     0.000 r  CPU_RESETN (IN)
                         net (fo=0)                   0.000     0.000    CPU_RESETN
    C12                  IBUF (Prop_ibuf_I_O)         1.507     1.507 r  CPU_RESETN_IBUF_inst/O
                         net (fo=24, routed)          1.387     2.894    u_accel/gen_nn_fractional.u_accel/fc1/CPU_RESETN_IBUF
    SLICE_X2Y143         LUT1 (Prop_lut1_I0_O)        0.124     3.018 f  u_accel/gen_nn_fractional.u_accel/fc1/FSM_onehot_state[2]_i_2__0/O
                         net (fo=21292, routed)      10.600    13.619    u_accel/gen_nn_fractional.u_accel/gen_hl2[7].hl2_lif/spike_prev_reg_0
    SLICE_X80Y3          FDCE                                         f  u_accel/gen_nn_fractional.u_accel/gen_hl2[7].hl2_lif/history_sum_acc_reg[14]/CLR
  -------------------------------------------------------------------    -------------------

                         (clock sys_clk_pin rise edge)
                                                      0.000     0.000 r  
    E3                                                0.000     0.000 r  CLK100MHZ (IN)
                         net (fo=0)                   0.000     0.000    CLK100MHZ
    E3                   IBUF (Prop_ibuf_I_O)         1.411     1.411 r  CLK100MHZ_IBUF_inst/O
                         net (fo=1, routed)           1.920     3.331    CLK100MHZ_IBUF
    BUFGCTRL_X0Y16       BUFG (Prop_bufg_I_O)         0.091     3.422 r  CLK100MHZ_IBUF_BUFG_inst/O
                         net (fo=21454, routed)       1.727     5.149    u_accel/gen_nn_fractional.u_accel/gen_hl2[7].hl2_lif/CLK100MHZ_IBUF_BUFG
    SLICE_X80Y3          FDCE                                         r  u_accel/gen_nn_fractional.u_accel/gen_hl2[7].hl2_lif/history_sum_acc_reg[14]/C

Slack:                    inf
  Source:                 CPU_RESETN
                            (input port)
  Destination:            u_accel/gen_nn_fractional.u_accel/gen_hl2[7].hl2_lif/history_sum_acc_reg[15]/CLR
                            (recovery check against rising-edge clock sys_clk_pin  {rise@0.000ns fall@5.000ns period=10.000ns})
  Path Group:             (none)
  Path Type:              Recovery (Max at Slow Process Corner)
  Data Path Delay:        13.619ns  (logic 1.631ns (11.976%)  route 11.988ns (88.024%))
  Logic Levels:           2  (IBUF=1 LUT1=1)
  Clock Path Skew:        5.149ns (DCD - SCD + CPR)
    Destination Clock Delay (DCD):    5.149ns
    Source Clock Delay      (SCD):    0.000ns
    Clock Pessimism Removal (CPR):    0.000ns
  Clock Uncertainty:      0.025ns  ((TSJ^2 + TIJ^2)^1/2 + DJ) / 2 + PE
    Total System Jitter     (TSJ):    0.050ns
    Total Input Jitter      (TIJ):    0.000ns
    Discrete Jitter          (DJ):    0.000ns
    Phase Error              (PE):    0.000ns

    Location             Delay type                Incr(ns)  Path(ns)    Netlist Resource(s)
  -------------------------------------------------------------------    -------------------
    C12                                               0.000     0.000 r  CPU_RESETN (IN)
                         net (fo=0)                   0.000     0.000    CPU_RESETN
    C12                  IBUF (Prop_ibuf_I_O)         1.507     1.507 r  CPU_RESETN_IBUF_inst/O
                         net (fo=24, routed)          1.387     2.894    u_accel/gen_nn_fractional.u_accel/fc1/CPU_RESETN_IBUF
    SLICE_X2Y143         LUT1 (Prop_lut1_I0_O)        0.124     3.018 f  u_accel/gen_nn_fractional.u_accel/fc1/FSM_onehot_state[2]_i_2__0/O
                         net (fo=21292, routed)      10.600    13.619    u_accel/gen_nn_fractional.u_accel/gen_hl2[7].hl2_lif/spike_prev_reg_0
    SLICE_X80Y3          FDCE                                         f  u_accel/gen_nn_fractional.u_accel/gen_hl2[7].hl2_lif/history_sum_acc_reg[15]/CLR
  -------------------------------------------------------------------    -------------------

                         (clock sys_clk_pin rise edge)
                                                      0.000     0.000 r  
    E3                                                0.000     0.000 r  CLK100MHZ (IN)
                         net (fo=0)                   0.000     0.000    CLK100MHZ
    E3                   IBUF (Prop_ibuf_I_O)         1.411     1.411 r  CLK100MHZ_IBUF_inst/O
                         net (fo=1, routed)           1.920     3.331    CLK100MHZ_IBUF
    BUFGCTRL_X0Y16       BUFG (Prop_bufg_I_O)         0.091     3.422 r  CLK100MHZ_IBUF_BUFG_inst/O
                         net (fo=21454, routed)       1.727     5.149    u_accel/gen_nn_fractional.u_accel/gen_hl2[7].hl2_lif/CLK100MHZ_IBUF_BUFG
    SLICE_X80Y3          FDCE                                         r  u_accel/gen_nn_fractional.u_accel/gen_hl2[7].hl2_lif/history_sum_acc_reg[15]/C

Slack:                    inf
  Source:                 CPU_RESETN
                            (input port)
  Destination:            u_accel/gen_nn_fractional.u_accel/gen_hl2[7].hl2_lif/history_sum_acc_reg[28]/CLR
                            (recovery check against rising-edge clock sys_clk_pin  {rise@0.000ns fall@5.000ns period=10.000ns})
  Path Group:             (none)
  Path Type:              Recovery (Max at Slow Process Corner)
  Data Path Delay:        13.480ns  (logic 1.631ns (12.099%)  route 11.849ns (87.901%))
  Logic Levels:           2  (IBUF=1 LUT1=1)
  Clock Path Skew:        5.150ns (DCD - SCD + CPR)
    Destination Clock Delay (DCD):    5.150ns
    Source Clock Delay      (SCD):    0.000ns
    Clock Pessimism Removal (CPR):    0.000ns
  Clock Uncertainty:      0.025ns  ((TSJ^2 + TIJ^2)^1/2 + DJ) / 2 + PE
    Total System Jitter     (TSJ):    0.050ns
    Total Input Jitter      (TIJ):    0.000ns
    Discrete Jitter          (DJ):    0.000ns
    Phase Error              (PE):    0.000ns

    Location             Delay type                Incr(ns)  Path(ns)    Netlist Resource(s)
  -------------------------------------------------------------------    -------------------
    C12                                               0.000     0.000 r  CPU_RESETN (IN)
                         net (fo=0)                   0.000     0.000    CPU_RESETN
    C12                  IBUF (Prop_ibuf_I_O)         1.507     1.507 r  CPU_RESETN_IBUF_inst/O
                         net (fo=24, routed)          1.387     2.894    u_accel/gen_nn_fractional.u_accel/fc1/CPU_RESETN_IBUF
    SLICE_X2Y143         LUT1 (Prop_lut1_I0_O)        0.124     3.018 f  u_accel/gen_nn_fractional.u_accel/fc1/FSM_onehot_state[2]_i_2__0/O
                         net (fo=21292, routed)      10.462    13.480    u_accel/gen_nn_fractional.u_accel/gen_hl2[7].hl2_lif/spike_prev_reg_0
    SLICE_X80Y2          FDCE                                         f  u_accel/gen_nn_fractional.u_accel/gen_hl2[7].hl2_lif/history_sum_acc_reg[28]/CLR
  -------------------------------------------------------------------    -------------------

                         (clock sys_clk_pin rise edge)
                                                      0.000     0.000 r  
    E3                                                0.000     0.000 r  CLK100MHZ (IN)
                         net (fo=0)                   0.000     0.000    CLK100MHZ
    E3                   IBUF (Prop_ibuf_I_O)         1.411     1.411 r  CLK100MHZ_IBUF_inst/O
                         net (fo=1, routed)           1.920     3.331    CLK100MHZ_IBUF
    BUFGCTRL_X0Y16       BUFG (Prop_bufg_I_O)         0.091     3.422 r  CLK100MHZ_IBUF_BUFG_inst/O
                         net (fo=21454, routed)       1.728     5.150    u_accel/gen_nn_fractional.u_accel/gen_hl2[7].hl2_lif/CLK100MHZ_IBUF_BUFG
    SLICE_X80Y2          FDCE                                         r  u_accel/gen_nn_fractional.u_accel/gen_hl2[7].hl2_lif/history_sum_acc_reg[28]/C

Slack:                    inf
  Source:                 CPU_RESETN
                            (input port)
  Destination:            u_accel/gen_nn_fractional.u_accel/gen_hl2[7].hl2_lif/history_sum_acc_reg[29]/CLR
                            (recovery check against rising-edge clock sys_clk_pin  {rise@0.000ns fall@5.000ns period=10.000ns})
  Path Group:             (none)
  Path Type:              Recovery (Max at Slow Process Corner)
  Data Path Delay:        13.480ns  (logic 1.631ns (12.099%)  route 11.849ns (87.901%))
  Logic Levels:           2  (IBUF=1 LUT1=1)
  Clock Path Skew:        5.150ns (DCD - SCD + CPR)
    Destination Clock Delay (DCD):    5.150ns
    Source Clock Delay      (SCD):    0.000ns
    Clock Pessimism Removal (CPR):    0.000ns
  Clock Uncertainty:      0.025ns  ((TSJ^2 + TIJ^2)^1/2 + DJ) / 2 + PE
    Total System Jitter     (TSJ):    0.050ns
    Total Input Jitter      (TIJ):    0.000ns
    Discrete Jitter          (DJ):    0.000ns
    Phase Error              (PE):    0.000ns

    Location             Delay type                Incr(ns)  Path(ns)    Netlist Resource(s)
  -------------------------------------------------------------------    -------------------
    C12                                               0.000     0.000 r  CPU_RESETN (IN)
                         net (fo=0)                   0.000     0.000    CPU_RESETN
    C12                  IBUF (Prop_ibuf_I_O)         1.507     1.507 r  CPU_RESETN_IBUF_inst/O
                         net (fo=24, routed)          1.387     2.894    u_accel/gen_nn_fractional.u_accel/fc1/CPU_RESETN_IBUF
    SLICE_X2Y143         LUT1 (Prop_lut1_I0_O)        0.124     3.018 f  u_accel/gen_nn_fractional.u_accel/fc1/FSM_onehot_state[2]_i_2__0/O
                         net (fo=21292, routed)      10.462    13.480    u_accel/gen_nn_fractional.u_accel/gen_hl2[7].hl2_lif/spike_prev_reg_0
    SLICE_X80Y2          FDCE                                         f  u_accel/gen_nn_fractional.u_accel/gen_hl2[7].hl2_lif/history_sum_acc_reg[29]/CLR
  -------------------------------------------------------------------    -------------------

                         (clock sys_clk_pin rise edge)
                                                      0.000     0.000 r  
    E3                                                0.000     0.000 r  CLK100MHZ (IN)
                         net (fo=0)                   0.000     0.000    CLK100MHZ
    E3                   IBUF (Prop_ibuf_I_O)         1.411     1.411 r  CLK100MHZ_IBUF_inst/O
                         net (fo=1, routed)           1.920     3.331    CLK100MHZ_IBUF
    BUFGCTRL_X0Y16       BUFG (Prop_bufg_I_O)         0.091     3.422 r  CLK100MHZ_IBUF_BUFG_inst/O
                         net (fo=21454, routed)       1.728     5.150    u_accel/gen_nn_fractional.u_accel/gen_hl2[7].hl2_lif/CLK100MHZ_IBUF_BUFG
    SLICE_X80Y2          FDCE                                         r  u_accel/gen_nn_fractional.u_accel/gen_hl2[7].hl2_lif/history_sum_acc_reg[29]/C

Slack:                    inf
  Source:                 CPU_RESETN
                            (input port)
  Destination:            u_accel/gen_nn_fractional.u_accel/gen_hl2[7].hl2_lif/history_sum_acc_reg[8]/CLR
                            (recovery check against rising-edge clock sys_clk_pin  {rise@0.000ns fall@5.000ns period=10.000ns})
  Path Group:             (none)
  Path Type:              Recovery (Max at Slow Process Corner)
  Data Path Delay:        13.480ns  (logic 1.631ns (12.099%)  route 11.849ns (87.901%))
  Logic Levels:           2  (IBUF=1 LUT1=1)
  Clock Path Skew:        5.150ns (DCD - SCD + CPR)
    Destination Clock Delay (DCD):    5.150ns
    Source Clock Delay      (SCD):    0.000ns
    Clock Pessimism Removal (CPR):    0.000ns
  Clock Uncertainty:      0.025ns  ((TSJ^2 + TIJ^2)^1/2 + DJ) / 2 + PE
    Total System Jitter     (TSJ):    0.050ns
    Total Input Jitter      (TIJ):    0.000ns
    Discrete Jitter          (DJ):    0.000ns
    Phase Error              (PE):    0.000ns

    Location             Delay type                Incr(ns)  Path(ns)    Netlist Resource(s)
  -------------------------------------------------------------------    -------------------
    C12                                               0.000     0.000 r  CPU_RESETN (IN)
                         net (fo=0)                   0.000     0.000    CPU_RESETN
    C12                  IBUF (Prop_ibuf_I_O)         1.507     1.507 r  CPU_RESETN_IBUF_inst/O
                         net (fo=24, routed)          1.387     2.894    u_accel/gen_nn_fractional.u_accel/fc1/CPU_RESETN_IBUF
    SLICE_X2Y143         LUT1 (Prop_lut1_I0_O)        0.124     3.018 f  u_accel/gen_nn_fractional.u_accel/fc1/FSM_onehot_state[2]_i_2__0/O
                         net (fo=21292, routed)      10.462    13.480    u_accel/gen_nn_fractional.u_accel/gen_hl2[7].hl2_lif/spike_prev_reg_0
    SLICE_X81Y2          FDCE                                         f  u_accel/gen_nn_fractional.u_accel/gen_hl2[7].hl2_lif/history_sum_acc_reg[8]/CLR
  -------------------------------------------------------------------    -------------------

                         (clock sys_clk_pin rise edge)
                                                      0.000     0.000 r  
    E3                                                0.000     0.000 r  CLK100MHZ (IN)
                         net (fo=0)                   0.000     0.000    CLK100MHZ
    E3                   IBUF (Prop_ibuf_I_O)         1.411     1.411 r  CLK100MHZ_IBUF_inst/O
                         net (fo=1, routed)           1.920     3.331    CLK100MHZ_IBUF
    BUFGCTRL_X0Y16       BUFG (Prop_bufg_I_O)         0.091     3.422 r  CLK100MHZ_IBUF_BUFG_inst/O
                         net (fo=21454, routed)       1.728     5.150    u_accel/gen_nn_fractional.u_accel/gen_hl2[7].hl2_lif/CLK100MHZ_IBUF_BUFG
    SLICE_X81Y2          FDCE                                         r  u_accel/gen_nn_fractional.u_accel/gen_hl2[7].hl2_lif/history_sum_acc_reg[8]/C

Slack:                    inf
  Source:                 CPU_RESETN
                            (input port)
  Destination:            u_accel/gen_nn_fractional.u_accel/gen_hl2[7].hl2_lif/history_sum_acc_reg[9]/CLR
                            (recovery check against rising-edge clock sys_clk_pin  {rise@0.000ns fall@5.000ns period=10.000ns})
  Path Group:             (none)
  Path Type:              Recovery (Max at Slow Process Corner)
  Data Path Delay:        13.480ns  (logic 1.631ns (12.099%)  route 11.849ns (87.901%))
  Logic Levels:           2  (IBUF=1 LUT1=1)
  Clock Path Skew:        5.150ns (DCD - SCD + CPR)
    Destination Clock Delay (DCD):    5.150ns
    Source Clock Delay      (SCD):    0.000ns
    Clock Pessimism Removal (CPR):    0.000ns
  Clock Uncertainty:      0.025ns  ((TSJ^2 + TIJ^2)^1/2 + DJ) / 2 + PE
    Total System Jitter     (TSJ):    0.050ns
    Total Input Jitter      (TIJ):    0.000ns
    Discrete Jitter          (DJ):    0.000ns
    Phase Error              (PE):    0.000ns

    Location             Delay type                Incr(ns)  Path(ns)    Netlist Resource(s)
  -------------------------------------------------------------------    -------------------
    C12                                               0.000     0.000 r  CPU_RESETN (IN)
                         net (fo=0)                   0.000     0.000    CPU_RESETN
    C12                  IBUF (Prop_ibuf_I_O)         1.507     1.507 r  CPU_RESETN_IBUF_inst/O
                         net (fo=24, routed)          1.387     2.894    u_accel/gen_nn_fractional.u_accel/fc1/CPU_RESETN_IBUF
    SLICE_X2Y143         LUT1 (Prop_lut1_I0_O)        0.124     3.018 f  u_accel/gen_nn_fractional.u_accel/fc1/FSM_onehot_state[2]_i_2__0/O
                         net (fo=21292, routed)      10.462    13.480    u_accel/gen_nn_fractional.u_accel/gen_hl2[7].hl2_lif/spike_prev_reg_0
    SLICE_X81Y2          FDCE                                         f  u_accel/gen_nn_fractional.u_accel/gen_hl2[7].hl2_lif/history_sum_acc_reg[9]/CLR
  -------------------------------------------------------------------    -------------------

                         (clock sys_clk_pin rise edge)
                                                      0.000     0.000 r  
    E3                                                0.000     0.000 r  CLK100MHZ (IN)
                         net (fo=0)                   0.000     0.000    CLK100MHZ
    E3                   IBUF (Prop_ibuf_I_O)         1.411     1.411 r  CLK100MHZ_IBUF_inst/O
                         net (fo=1, routed)           1.920     3.331    CLK100MHZ_IBUF
    BUFGCTRL_X0Y16       BUFG (Prop_bufg_I_O)         0.091     3.422 r  CLK100MHZ_IBUF_BUFG_inst/O
                         net (fo=21454, routed)       1.728     5.150    u_accel/gen_nn_fractional.u_accel/gen_hl2[7].hl2_lif/CLK100MHZ_IBUF_BUFG
    SLICE_X81Y2          FDCE                                         r  u_accel/gen_nn_fractional.u_accel/gen_hl2[7].hl2_lif/history_sum_acc_reg[9]/C

Slack:                    inf
  Source:                 CPU_RESETN
                            (input port)
  Destination:            u_accel/gen_nn_fractional.u_accel/gen_hl2[7].hl2_lif/history_sum_acc_reg[10]/CLR
                            (recovery check against rising-edge clock sys_clk_pin  {rise@0.000ns fall@5.000ns period=10.000ns})
  Path Group:             (none)
  Path Type:              Recovery (Max at Slow Process Corner)
  Data Path Delay:        13.454ns  (logic 1.631ns (12.123%)  route 11.823ns (87.877%))
  Logic Levels:           2  (IBUF=1 LUT1=1)
  Clock Path Skew:        5.150ns (DCD - SCD + CPR)
    Destination Clock Delay (DCD):    5.150ns
    Source Clock Delay      (SCD):    0.000ns
    Clock Pessimism Removal (CPR):    0.000ns
  Clock Uncertainty:      0.025ns  ((TSJ^2 + TIJ^2)^1/2 + DJ) / 2 + PE
    Total System Jitter     (TSJ):    0.050ns
    Total Input Jitter      (TIJ):    0.000ns
    Discrete Jitter          (DJ):    0.000ns
    Phase Error              (PE):    0.000ns

    Location             Delay type                Incr(ns)  Path(ns)    Netlist Resource(s)
  -------------------------------------------------------------------    -------------------
    C12                                               0.000     0.000 r  CPU_RESETN (IN)
                         net (fo=0)                   0.000     0.000    CPU_RESETN
    C12                  IBUF (Prop_ibuf_I_O)         1.507     1.507 r  CPU_RESETN_IBUF_inst/O
                         net (fo=24, routed)          1.387     2.894    u_accel/gen_nn_fractional.u_accel/fc1/CPU_RESETN_IBUF
    SLICE_X2Y143         LUT1 (Prop_lut1_I0_O)        0.124     3.018 f  u_accel/gen_nn_fractional.u_accel/fc1/FSM_onehot_state[2]_i_2__0/O
                         net (fo=21292, routed)      10.436    13.454    u_accel/gen_nn_fractional.u_accel/gen_hl2[7].hl2_lif/spike_prev_reg_0
    SLICE_X79Y1          FDCE                                         f  u_accel/gen_nn_fractional.u_accel/gen_hl2[7].hl2_lif/history_sum_acc_reg[10]/CLR
  -------------------------------------------------------------------    -------------------

                         (clock sys_clk_pin rise edge)
                                                      0.000     0.000 r  
    E3                                                0.000     0.000 r  CLK100MHZ (IN)
                         net (fo=0)                   0.000     0.000    CLK100MHZ
    E3                   IBUF (Prop_ibuf_I_O)         1.411     1.411 r  CLK100MHZ_IBUF_inst/O
                         net (fo=1, routed)           1.920     3.331    CLK100MHZ_IBUF
    BUFGCTRL_X0Y16       BUFG (Prop_bufg_I_O)         0.091     3.422 r  CLK100MHZ_IBUF_BUFG_inst/O
                         net (fo=21454, routed)       1.728     5.150    u_accel/gen_nn_fractional.u_accel/gen_hl2[7].hl2_lif/CLK100MHZ_IBUF_BUFG
    SLICE_X79Y1          FDCE                                         r  u_accel/gen_nn_fractional.u_accel/gen_hl2[7].hl2_lif/history_sum_acc_reg[10]/C

Slack:                    inf
  Source:                 CPU_RESETN
                            (input port)
  Destination:            u_accel/gen_nn_fractional.u_accel/gen_hl2[7].hl2_lif/history_sum_acc_reg[11]/CLR
                            (recovery check against rising-edge clock sys_clk_pin  {rise@0.000ns fall@5.000ns period=10.000ns})
  Path Group:             (none)
  Path Type:              Recovery (Max at Slow Process Corner)
  Data Path Delay:        13.454ns  (logic 1.631ns (12.123%)  route 11.823ns (87.877%))
  Logic Levels:           2  (IBUF=1 LUT1=1)
  Clock Path Skew:        5.150ns (DCD - SCD + CPR)
    Destination Clock Delay (DCD):    5.150ns
    Source Clock Delay      (SCD):    0.000ns
    Clock Pessimism Removal (CPR):    0.000ns
  Clock Uncertainty:      0.025ns  ((TSJ^2 + TIJ^2)^1/2 + DJ) / 2 + PE
    Total System Jitter     (TSJ):    0.050ns
    Total Input Jitter      (TIJ):    0.000ns
    Discrete Jitter          (DJ):    0.000ns
    Phase Error              (PE):    0.000ns

    Location             Delay type                Incr(ns)  Path(ns)    Netlist Resource(s)
  -------------------------------------------------------------------    -------------------
    C12                                               0.000     0.000 r  CPU_RESETN (IN)
                         net (fo=0)                   0.000     0.000    CPU_RESETN
    C12                  IBUF (Prop_ibuf_I_O)         1.507     1.507 r  CPU_RESETN_IBUF_inst/O
                         net (fo=24, routed)          1.387     2.894    u_accel/gen_nn_fractional.u_accel/fc1/CPU_RESETN_IBUF
    SLICE_X2Y143         LUT1 (Prop_lut1_I0_O)        0.124     3.018 f  u_accel/gen_nn_fractional.u_accel/fc1/FSM_onehot_state[2]_i_2__0/O
                         net (fo=21292, routed)      10.436    13.454    u_accel/gen_nn_fractional.u_accel/gen_hl2[7].hl2_lif/spike_prev_reg_0
    SLICE_X79Y1          FDCE                                         f  u_accel/gen_nn_fractional.u_accel/gen_hl2[7].hl2_lif/history_sum_acc_reg[11]/CLR
  -------------------------------------------------------------------    -------------------

                         (clock sys_clk_pin rise edge)
                                                      0.000     0.000 r  
    E3                                                0.000     0.000 r  CLK100MHZ (IN)
                         net (fo=0)                   0.000     0.000    CLK100MHZ
    E3                   IBUF (Prop_ibuf_I_O)         1.411     1.411 r  CLK100MHZ_IBUF_inst/O
                         net (fo=1, routed)           1.920     3.331    CLK100MHZ_IBUF
    BUFGCTRL_X0Y16       BUFG (Prop_bufg_I_O)         0.091     3.422 r  CLK100MHZ_IBUF_BUFG_inst/O
                         net (fo=21454, routed)       1.728     5.150    u_accel/gen_nn_fractional.u_accel/gen_hl2[7].hl2_lif/CLK100MHZ_IBUF_BUFG
    SLICE_X79Y1          FDCE                                         r  u_accel/gen_nn_fractional.u_accel/gen_hl2[7].hl2_lif/history_sum_acc_reg[11]/C





Min Delay Paths
--------------------------------------------------------------------------------------
Slack:                    inf
  Source:                 CPU_RESETN
                            (input port)
  Destination:            u_accel/gen_nn_fractional.u_accel/gen_hl1_lif[29].hl1_lif/history_sum_acc_reg[34]/CLR
                            (removal check against rising-edge clock sys_clk_pin  {rise@0.000ns fall@5.000ns period=10.000ns})
  Path Group:             (none)
  Path Type:              Removal (Min at Fast Process Corner)
  Data Path Delay:        1.272ns  (logic 0.320ns (25.115%)  route 0.953ns (74.885%))
  Logic Levels:           2  (IBUF=1 LUT1=1)
  Clock Path Skew:        2.005ns (DCD - SCD - CPR)
    Destination Clock Delay (DCD):    2.005ns
    Source Clock Delay      (SCD):    0.000ns
    Clock Pessimism Removal (CPR):    -0.000ns

    Location             Delay type                Incr(ns)  Path(ns)    Netlist Resource(s)
  -------------------------------------------------------------------    -------------------
    C12                                               0.000     0.000 r  CPU_RESETN (IN)
                         net (fo=0)                   0.000     0.000    CPU_RESETN
    C12                  IBUF (Prop_ibuf_I_O)         0.275     0.275 r  CPU_RESETN_IBUF_inst/O
                         net (fo=24, routed)          0.527     0.802    u_accel/gen_nn_fractional.u_accel/fc1/CPU_RESETN_IBUF
    SLICE_X2Y143         LUT1 (Prop_lut1_I0_O)        0.045     0.847 f  u_accel/gen_nn_fractional.u_accel/fc1/FSM_onehot_state[2]_i_2__0/O
                         net (fo=21292, routed)       0.426     1.272    u_accel/gen_nn_fractional.u_accel/gen_hl1_lif[29].hl1_lif/spike_prev_reg_0
    SLICE_X10Y145        FDCE                                         f  u_accel/gen_nn_fractional.u_accel/gen_hl1_lif[29].hl1_lif/history_sum_acc_reg[34]/CLR
  -------------------------------------------------------------------    -------------------

                         (clock sys_clk_pin rise edge)
                                                      0.000     0.000 r  
    E3                                                0.000     0.000 r  CLK100MHZ (IN)
                         net (fo=0)                   0.000     0.000    CLK100MHZ
    E3                   IBUF (Prop_ibuf_I_O)         0.438     0.438 r  CLK100MHZ_IBUF_inst/O
                         net (fo=1, routed)           0.699     1.136    CLK100MHZ_IBUF
    BUFGCTRL_X0Y16       BUFG (Prop_bufg_I_O)         0.029     1.165 r  CLK100MHZ_IBUF_BUFG_inst/O
                         net (fo=21454, routed)       0.840     2.005    u_accel/gen_nn_fractional.u_accel/gen_hl1_lif[29].hl1_lif/CLK100MHZ_IBUF_BUFG
    SLICE_X10Y145        FDCE                                         r  u_accel/gen_nn_fractional.u_accel/gen_hl1_lif[29].hl1_lif/history_sum_acc_reg[34]/C

Slack:                    inf
  Source:                 CPU_RESETN
                            (input port)
  Destination:            u_accel/gen_nn_fractional.u_accel/gen_hl1_lif[29].hl1_lif/history_sum_acc_reg[35]/CLR
                            (removal check against rising-edge clock sys_clk_pin  {rise@0.000ns fall@5.000ns period=10.000ns})
  Path Group:             (none)
  Path Type:              Removal (Min at Fast Process Corner)
  Data Path Delay:        1.272ns  (logic 0.320ns (25.115%)  route 0.953ns (74.885%))
  Logic Levels:           2  (IBUF=1 LUT1=1)
  Clock Path Skew:        2.005ns (DCD - SCD - CPR)
    Destination Clock Delay (DCD):    2.005ns
    Source Clock Delay      (SCD):    0.000ns
    Clock Pessimism Removal (CPR):    -0.000ns

    Location             Delay type                Incr(ns)  Path(ns)    Netlist Resource(s)
  -------------------------------------------------------------------    -------------------
    C12                                               0.000     0.000 r  CPU_RESETN (IN)
                         net (fo=0)                   0.000     0.000    CPU_RESETN
    C12                  IBUF (Prop_ibuf_I_O)         0.275     0.275 r  CPU_RESETN_IBUF_inst/O
                         net (fo=24, routed)          0.527     0.802    u_accel/gen_nn_fractional.u_accel/fc1/CPU_RESETN_IBUF
    SLICE_X2Y143         LUT1 (Prop_lut1_I0_O)        0.045     0.847 f  u_accel/gen_nn_fractional.u_accel/fc1/FSM_onehot_state[2]_i_2__0/O
                         net (fo=21292, routed)       0.426     1.272    u_accel/gen_nn_fractional.u_accel/gen_hl1_lif[29].hl1_lif/spike_prev_reg_0
    SLICE_X10Y145        FDCE                                         f  u_accel/gen_nn_fractional.u_accel/gen_hl1_lif[29].hl1_lif/history_sum_acc_reg[35]/CLR
  -------------------------------------------------------------------    -------------------

                         (clock sys_clk_pin rise edge)
                                                      0.000     0.000 r  
    E3                                                0.000     0.000 r  CLK100MHZ (IN)
                         net (fo=0)                   0.000     0.000    CLK100MHZ
    E3                   IBUF (Prop_ibuf_I_O)         0.438     0.438 r  CLK100MHZ_IBUF_inst/O
                         net (fo=1, routed)           0.699     1.136    CLK100MHZ_IBUF
    BUFGCTRL_X0Y16       BUFG (Prop_bufg_I_O)         0.029     1.165 r  CLK100MHZ_IBUF_BUFG_inst/O
                         net (fo=21454, routed)       0.840     2.005    u_accel/gen_nn_fractional.u_accel/gen_hl1_lif[29].hl1_lif/CLK100MHZ_IBUF_BUFG
    SLICE_X10Y145        FDCE                                         r  u_accel/gen_nn_fractional.u_accel/gen_hl1_lif[29].hl1_lif/history_sum_acc_reg[35]/C

Slack:                    inf
  Source:                 CPU_RESETN
                            (input port)
  Destination:            u_accel/gen_nn_fractional.u_accel/gen_hl1_lif[29].hl1_lif/history_sum_acc_reg[36]/CLR
                            (removal check against rising-edge clock sys_clk_pin  {rise@0.000ns fall@5.000ns period=10.000ns})
  Path Group:             (none)
  Path Type:              Removal (Min at Fast Process Corner)
  Data Path Delay:        1.272ns  (logic 0.320ns (25.115%)  route 0.953ns (74.885%))
  Logic Levels:           2  (IBUF=1 LUT1=1)
  Clock Path Skew:        2.005ns (DCD - SCD - CPR)
    Destination Clock Delay (DCD):    2.005ns
    Source Clock Delay      (SCD):    0.000ns
    Clock Pessimism Removal (CPR):    -0.000ns

    Location             Delay type                Incr(ns)  Path(ns)    Netlist Resource(s)
  -------------------------------------------------------------------    -------------------
    C12                                               0.000     0.000 r  CPU_RESETN (IN)
                         net (fo=0)                   0.000     0.000    CPU_RESETN
    C12                  IBUF (Prop_ibuf_I_O)         0.275     0.275 r  CPU_RESETN_IBUF_inst/O
                         net (fo=24, routed)          0.527     0.802    u_accel/gen_nn_fractional.u_accel/fc1/CPU_RESETN_IBUF
    SLICE_X2Y143         LUT1 (Prop_lut1_I0_O)        0.045     0.847 f  u_accel/gen_nn_fractional.u_accel/fc1/FSM_onehot_state[2]_i_2__0/O
                         net (fo=21292, routed)       0.426     1.272    u_accel/gen_nn_fractional.u_accel/gen_hl1_lif[29].hl1_lif/spike_prev_reg_0
    SLICE_X10Y145        FDCE                                         f  u_accel/gen_nn_fractional.u_accel/gen_hl1_lif[29].hl1_lif/history_sum_acc_reg[36]/CLR
  -------------------------------------------------------------------    -------------------

                         (clock sys_clk_pin rise edge)
                                                      0.000     0.000 r  
    E3                                                0.000     0.000 r  CLK100MHZ (IN)
                         net (fo=0)                   0.000     0.000    CLK100MHZ
    E3                   IBUF (Prop_ibuf_I_O)         0.438     0.438 r  CLK100MHZ_IBUF_inst/O
                         net (fo=1, routed)           0.699     1.136    CLK100MHZ_IBUF
    BUFGCTRL_X0Y16       BUFG (Prop_bufg_I_O)         0.029     1.165 r  CLK100MHZ_IBUF_BUFG_inst/O
                         net (fo=21454, routed)       0.840     2.005    u_accel/gen_nn_fractional.u_accel/gen_hl1_lif[29].hl1_lif/CLK100MHZ_IBUF_BUFG
    SLICE_X10Y145        FDCE                                         r  u_accel/gen_nn_fractional.u_accel/gen_hl1_lif[29].hl1_lif/history_sum_acc_reg[36]/C

Slack:                    inf
  Source:                 CPU_RESETN
                            (input port)
  Destination:            u_accel/gen_nn_fractional.u_accel/gen_hl1_lif[29].hl1_lif/history_sum_acc_reg[37]/CLR
                            (removal check against rising-edge clock sys_clk_pin  {rise@0.000ns fall@5.000ns period=10.000ns})
  Path Group:             (none)
  Path Type:              Removal (Min at Fast Process Corner)
  Data Path Delay:        1.272ns  (logic 0.320ns (25.115%)  route 0.953ns (74.885%))
  Logic Levels:           2  (IBUF=1 LUT1=1)
  Clock Path Skew:        2.005ns (DCD - SCD - CPR)
    Destination Clock Delay (DCD):    2.005ns
    Source Clock Delay      (SCD):    0.000ns
    Clock Pessimism Removal (CPR):    -0.000ns

    Location             Delay type                Incr(ns)  Path(ns)    Netlist Resource(s)
  -------------------------------------------------------------------    -------------------
    C12                                               0.000     0.000 r  CPU_RESETN (IN)
                         net (fo=0)                   0.000     0.000    CPU_RESETN
    C12                  IBUF (Prop_ibuf_I_O)         0.275     0.275 r  CPU_RESETN_IBUF_inst/O
                         net (fo=24, routed)          0.527     0.802    u_accel/gen_nn_fractional.u_accel/fc1/CPU_RESETN_IBUF
    SLICE_X2Y143         LUT1 (Prop_lut1_I0_O)        0.045     0.847 f  u_accel/gen_nn_fractional.u_accel/fc1/FSM_onehot_state[2]_i_2__0/O
                         net (fo=21292, routed)       0.426     1.272    u_accel/gen_nn_fractional.u_accel/gen_hl1_lif[29].hl1_lif/spike_prev_reg_0
    SLICE_X10Y145        FDCE                                         f  u_accel/gen_nn_fractional.u_accel/gen_hl1_lif[29].hl1_lif/history_sum_acc_reg[37]/CLR
  -------------------------------------------------------------------    -------------------

                         (clock sys_clk_pin rise edge)
                                                      0.000     0.000 r  
    E3                                                0.000     0.000 r  CLK100MHZ (IN)
                         net (fo=0)                   0.000     0.000    CLK100MHZ
    E3                   IBUF (Prop_ibuf_I_O)         0.438     0.438 r  CLK100MHZ_IBUF_inst/O
                         net (fo=1, routed)           0.699     1.136    CLK100MHZ_IBUF
    BUFGCTRL_X0Y16       BUFG (Prop_bufg_I_O)         0.029     1.165 r  CLK100MHZ_IBUF_BUFG_inst/O
                         net (fo=21454, routed)       0.840     2.005    u_accel/gen_nn_fractional.u_accel/gen_hl1_lif[29].hl1_lif/CLK100MHZ_IBUF_BUFG
    SLICE_X10Y145        FDCE                                         r  u_accel/gen_nn_fractional.u_accel/gen_hl1_lif[29].hl1_lif/history_sum_acc_reg[37]/C

Slack:                    inf
  Source:                 CPU_RESETN
                            (input port)
  Destination:            u_accel/gen_nn_fractional.u_accel/gen_hl1_lif[29].hl1_lif/history_sum_acc_reg[38]/CLR
                            (removal check against rising-edge clock sys_clk_pin  {rise@0.000ns fall@5.000ns period=10.000ns})
  Path Group:             (none)
  Path Type:              Removal (Min at Fast Process Corner)
  Data Path Delay:        1.272ns  (logic 0.320ns (25.115%)  route 0.953ns (74.885%))
  Logic Levels:           2  (IBUF=1 LUT1=1)
  Clock Path Skew:        2.005ns (DCD - SCD - CPR)
    Destination Clock Delay (DCD):    2.005ns
    Source Clock Delay      (SCD):    0.000ns
    Clock Pessimism Removal (CPR):    -0.000ns

    Location             Delay type                Incr(ns)  Path(ns)    Netlist Resource(s)
  -------------------------------------------------------------------    -------------------
    C12                                               0.000     0.000 r  CPU_RESETN (IN)
                         net (fo=0)                   0.000     0.000    CPU_RESETN
    C12                  IBUF (Prop_ibuf_I_O)         0.275     0.275 r  CPU_RESETN_IBUF_inst/O
                         net (fo=24, routed)          0.527     0.802    u_accel/gen_nn_fractional.u_accel/fc1/CPU_RESETN_IBUF
    SLICE_X2Y143         LUT1 (Prop_lut1_I0_O)        0.045     0.847 f  u_accel/gen_nn_fractional.u_accel/fc1/FSM_onehot_state[2]_i_2__0/O
                         net (fo=21292, routed)       0.426     1.272    u_accel/gen_nn_fractional.u_accel/gen_hl1_lif[29].hl1_lif/spike_prev_reg_0
    SLICE_X10Y145        FDCE                                         f  u_accel/gen_nn_fractional.u_accel/gen_hl1_lif[29].hl1_lif/history_sum_acc_reg[38]/CLR
  -------------------------------------------------------------------    -------------------

                         (clock sys_clk_pin rise edge)
                                                      0.000     0.000 r  
    E3                                                0.000     0.000 r  CLK100MHZ (IN)
                         net (fo=0)                   0.000     0.000    CLK100MHZ
    E3                   IBUF (Prop_ibuf_I_O)         0.438     0.438 r  CLK100MHZ_IBUF_inst/O
                         net (fo=1, routed)           0.699     1.136    CLK100MHZ_IBUF
    BUFGCTRL_X0Y16       BUFG (Prop_bufg_I_O)         0.029     1.165 r  CLK100MHZ_IBUF_BUFG_inst/O
                         net (fo=21454, routed)       0.840     2.005    u_accel/gen_nn_fractional.u_accel/gen_hl1_lif[29].hl1_lif/CLK100MHZ_IBUF_BUFG
    SLICE_X10Y145        FDCE                                         r  u_accel/gen_nn_fractional.u_accel/gen_hl1_lif[29].hl1_lif/history_sum_acc_reg[38]/C

Slack:                    inf
  Source:                 CPU_RESETN
                            (input port)
  Destination:            u_accel/gen_nn_fractional.u_accel/gen_hl1_lif[29].hl1_lif/history_sum_acc_reg[39]/CLR
                            (removal check against rising-edge clock sys_clk_pin  {rise@0.000ns fall@5.000ns period=10.000ns})
  Path Group:             (none)
  Path Type:              Removal (Min at Fast Process Corner)
  Data Path Delay:        1.272ns  (logic 0.320ns (25.115%)  route 0.953ns (74.885%))
  Logic Levels:           2  (IBUF=1 LUT1=1)
  Clock Path Skew:        2.005ns (DCD - SCD - CPR)
    Destination Clock Delay (DCD):    2.005ns
    Source Clock Delay      (SCD):    0.000ns
    Clock Pessimism Removal (CPR):    -0.000ns

    Location             Delay type                Incr(ns)  Path(ns)    Netlist Resource(s)
  -------------------------------------------------------------------    -------------------
    C12                                               0.000     0.000 r  CPU_RESETN (IN)
                         net (fo=0)                   0.000     0.000    CPU_RESETN
    C12                  IBUF (Prop_ibuf_I_O)         0.275     0.275 r  CPU_RESETN_IBUF_inst/O
                         net (fo=24, routed)          0.527     0.802    u_accel/gen_nn_fractional.u_accel/fc1/CPU_RESETN_IBUF
    SLICE_X2Y143         LUT1 (Prop_lut1_I0_O)        0.045     0.847 f  u_accel/gen_nn_fractional.u_accel/fc1/FSM_onehot_state[2]_i_2__0/O
                         net (fo=21292, routed)       0.426     1.272    u_accel/gen_nn_fractional.u_accel/gen_hl1_lif[29].hl1_lif/spike_prev_reg_0
    SLICE_X10Y145        FDCE                                         f  u_accel/gen_nn_fractional.u_accel/gen_hl1_lif[29].hl1_lif/history_sum_acc_reg[39]/CLR
  -------------------------------------------------------------------    -------------------

                         (clock sys_clk_pin rise edge)
                                                      0.000     0.000 r  
    E3                                                0.000     0.000 r  CLK100MHZ (IN)
                         net (fo=0)                   0.000     0.000    CLK100MHZ
    E3                   IBUF (Prop_ibuf_I_O)         0.438     0.438 r  CLK100MHZ_IBUF_inst/O
                         net (fo=1, routed)           0.699     1.136    CLK100MHZ_IBUF
    BUFGCTRL_X0Y16       BUFG (Prop_bufg_I_O)         0.029     1.165 r  CLK100MHZ_IBUF_BUFG_inst/O
                         net (fo=21454, routed)       0.840     2.005    u_accel/gen_nn_fractional.u_accel/gen_hl1_lif[29].hl1_lif/CLK100MHZ_IBUF_BUFG
    SLICE_X10Y145        FDCE                                         r  u_accel/gen_nn_fractional.u_accel/gen_hl1_lif[29].hl1_lif/history_sum_acc_reg[39]/C

Slack:                    inf
  Source:                 CPU_RESETN
                            (input port)
  Destination:            u_accel/gen_nn_fractional.u_accel/gen_hl1_lif[27].hl1_lif/mul_scaled_result_reg_reg[53]/CLR
                            (removal check against rising-edge clock sys_clk_pin  {rise@0.000ns fall@5.000ns period=10.000ns})
  Path Group:             (none)
  Path Type:              Removal (Min at Fast Process Corner)
  Data Path Delay:        1.301ns  (logic 0.320ns (24.559%)  route 0.982ns (75.441%))
  Logic Levels:           2  (IBUF=1 LUT1=1)
  Clock Path Skew:        2.004ns (DCD - SCD - CPR)
    Destination Clock Delay (DCD):    2.004ns
    Source Clock Delay      (SCD):    0.000ns
    Clock Pessimism Removal (CPR):    -0.000ns

    Location             Delay type                Incr(ns)  Path(ns)    Netlist Resource(s)
  -------------------------------------------------------------------    -------------------
    C12                                               0.000     0.000 r  CPU_RESETN (IN)
                         net (fo=0)                   0.000     0.000    CPU_RESETN
    C12                  IBUF (Prop_ibuf_I_O)         0.275     0.275 r  CPU_RESETN_IBUF_inst/O
                         net (fo=24, routed)          0.527     0.802    u_accel/gen_nn_fractional.u_accel/fc1/CPU_RESETN_IBUF
    SLICE_X2Y143         LUT1 (Prop_lut1_I0_O)        0.045     0.847 f  u_accel/gen_nn_fractional.u_accel/fc1/FSM_onehot_state[2]_i_2__0/O
                         net (fo=21292, routed)       0.454     1.301    u_accel/gen_nn_fractional.u_accel/gen_hl1_lif[27].hl1_lif/spike_prev_reg_0
    SLICE_X10Y141        FDCE                                         f  u_accel/gen_nn_fractional.u_accel/gen_hl1_lif[27].hl1_lif/mul_scaled_result_reg_reg[53]/CLR
  -------------------------------------------------------------------    -------------------

                         (clock sys_clk_pin rise edge)
                                                      0.000     0.000 r  
    E3                                                0.000     0.000 r  CLK100MHZ (IN)
                         net (fo=0)                   0.000     0.000    CLK100MHZ
    E3                   IBUF (Prop_ibuf_I_O)         0.438     0.438 r  CLK100MHZ_IBUF_inst/O
                         net (fo=1, routed)           0.699     1.136    CLK100MHZ_IBUF
    BUFGCTRL_X0Y16       BUFG (Prop_bufg_I_O)         0.029     1.165 r  CLK100MHZ_IBUF_BUFG_inst/O
                         net (fo=21454, routed)       0.839     2.004    u_accel/gen_nn_fractional.u_accel/gen_hl1_lif[27].hl1_lif/CLK100MHZ_IBUF_BUFG
    SLICE_X10Y141        FDCE                                         r  u_accel/gen_nn_fractional.u_accel/gen_hl1_lif[27].hl1_lif/mul_scaled_result_reg_reg[53]/C

Slack:                    inf
  Source:                 CPU_RESETN
                            (input port)
  Destination:            u_accel/gen_nn_fractional.u_accel/gen_hl1_lif[27].hl1_lif/mul_scaled_result_reg_reg[54]/CLR
                            (removal check against rising-edge clock sys_clk_pin  {rise@0.000ns fall@5.000ns period=10.000ns})
  Path Group:             (none)
  Path Type:              Removal (Min at Fast Process Corner)
  Data Path Delay:        1.301ns  (logic 0.320ns (24.559%)  route 0.982ns (75.441%))
  Logic Levels:           2  (IBUF=1 LUT1=1)
  Clock Path Skew:        2.004ns (DCD - SCD - CPR)
    Destination Clock Delay (DCD):    2.004ns
    Source Clock Delay      (SCD):    0.000ns
    Clock Pessimism Removal (CPR):    -0.000ns

    Location             Delay type                Incr(ns)  Path(ns)    Netlist Resource(s)
  -------------------------------------------------------------------    -------------------
    C12                                               0.000     0.000 r  CPU_RESETN (IN)
                         net (fo=0)                   0.000     0.000    CPU_RESETN
    C12                  IBUF (Prop_ibuf_I_O)         0.275     0.275 r  CPU_RESETN_IBUF_inst/O
                         net (fo=24, routed)          0.527     0.802    u_accel/gen_nn_fractional.u_accel/fc1/CPU_RESETN_IBUF
    SLICE_X2Y143         LUT1 (Prop_lut1_I0_O)        0.045     0.847 f  u_accel/gen_nn_fractional.u_accel/fc1/FSM_onehot_state[2]_i_2__0/O
                         net (fo=21292, routed)       0.454     1.301    u_accel/gen_nn_fractional.u_accel/gen_hl1_lif[27].hl1_lif/spike_prev_reg_0
    SLICE_X10Y141        FDCE                                         f  u_accel/gen_nn_fractional.u_accel/gen_hl1_lif[27].hl1_lif/mul_scaled_result_reg_reg[54]/CLR
  -------------------------------------------------------------------    -------------------

                         (clock sys_clk_pin rise edge)
                                                      0.000     0.000 r  
    E3                                                0.000     0.000 r  CLK100MHZ (IN)
                         net (fo=0)                   0.000     0.000    CLK100MHZ
    E3                   IBUF (Prop_ibuf_I_O)         0.438     0.438 r  CLK100MHZ_IBUF_inst/O
                         net (fo=1, routed)           0.699     1.136    CLK100MHZ_IBUF
    BUFGCTRL_X0Y16       BUFG (Prop_bufg_I_O)         0.029     1.165 r  CLK100MHZ_IBUF_BUFG_inst/O
                         net (fo=21454, routed)       0.839     2.004    u_accel/gen_nn_fractional.u_accel/gen_hl1_lif[27].hl1_lif/CLK100MHZ_IBUF_BUFG
    SLICE_X10Y141        FDCE                                         r  u_accel/gen_nn_fractional.u_accel/gen_hl1_lif[27].hl1_lif/mul_scaled_result_reg_reg[54]/C

Slack:                    inf
  Source:                 CPU_RESETN
                            (input port)
  Destination:            u_accel/gen_nn_fractional.u_accel/gen_hl1_lif[27].hl1_lif/mul_scaled_result_reg_reg[55]/CLR
                            (removal check against rising-edge clock sys_clk_pin  {rise@0.000ns fall@5.000ns period=10.000ns})
  Path Group:             (none)
  Path Type:              Removal (Min at Fast Process Corner)
  Data Path Delay:        1.301ns  (logic 0.320ns (24.559%)  route 0.982ns (75.441%))
  Logic Levels:           2  (IBUF=1 LUT1=1)
  Clock Path Skew:        2.004ns (DCD - SCD - CPR)
    Destination Clock Delay (DCD):    2.004ns
    Source Clock Delay      (SCD):    0.000ns
    Clock Pessimism Removal (CPR):    -0.000ns

    Location             Delay type                Incr(ns)  Path(ns)    Netlist Resource(s)
  -------------------------------------------------------------------    -------------------
    C12                                               0.000     0.000 r  CPU_RESETN (IN)
                         net (fo=0)                   0.000     0.000    CPU_RESETN
    C12                  IBUF (Prop_ibuf_I_O)         0.275     0.275 r  CPU_RESETN_IBUF_inst/O
                         net (fo=24, routed)          0.527     0.802    u_accel/gen_nn_fractional.u_accel/fc1/CPU_RESETN_IBUF
    SLICE_X2Y143         LUT1 (Prop_lut1_I0_O)        0.045     0.847 f  u_accel/gen_nn_fractional.u_accel/fc1/FSM_onehot_state[2]_i_2__0/O
                         net (fo=21292, routed)       0.454     1.301    u_accel/gen_nn_fractional.u_accel/gen_hl1_lif[27].hl1_lif/spike_prev_reg_0
    SLICE_X10Y141        FDCE                                         f  u_accel/gen_nn_fractional.u_accel/gen_hl1_lif[27].hl1_lif/mul_scaled_result_reg_reg[55]/CLR
  -------------------------------------------------------------------    -------------------

                         (clock sys_clk_pin rise edge)
                                                      0.000     0.000 r  
    E3                                                0.000     0.000 r  CLK100MHZ (IN)
                         net (fo=0)                   0.000     0.000    CLK100MHZ
    E3                   IBUF (Prop_ibuf_I_O)         0.438     0.438 r  CLK100MHZ_IBUF_inst/O
                         net (fo=1, routed)           0.699     1.136    CLK100MHZ_IBUF
    BUFGCTRL_X0Y16       BUFG (Prop_bufg_I_O)         0.029     1.165 r  CLK100MHZ_IBUF_BUFG_inst/O
                         net (fo=21454, routed)       0.839     2.004    u_accel/gen_nn_fractional.u_accel/gen_hl1_lif[27].hl1_lif/CLK100MHZ_IBUF_BUFG
    SLICE_X10Y141        FDCE                                         r  u_accel/gen_nn_fractional.u_accel/gen_hl1_lif[27].hl1_lif/mul_scaled_result_reg_reg[55]/C

Slack:                    inf
  Source:                 CPU_RESETN
                            (input port)
  Destination:            u_accel/gen_nn_fractional.u_accel/gen_hl1_lif[27].hl1_lif/mul_scaled_result_reg_reg[56]/CLR
                            (removal check against rising-edge clock sys_clk_pin  {rise@0.000ns fall@5.000ns period=10.000ns})
  Path Group:             (none)
  Path Type:              Removal (Min at Fast Process Corner)
  Data Path Delay:        1.301ns  (logic 0.320ns (24.559%)  route 0.982ns (75.441%))
  Logic Levels:           2  (IBUF=1 LUT1=1)
  Clock Path Skew:        2.004ns (DCD - SCD - CPR)
    Destination Clock Delay (DCD):    2.004ns
    Source Clock Delay      (SCD):    0.000ns
    Clock Pessimism Removal (CPR):    -0.000ns

    Location             Delay type                Incr(ns)  Path(ns)    Netlist Resource(s)
  -------------------------------------------------------------------    -------------------
    C12                                               0.000     0.000 r  CPU_RESETN (IN)
                         net (fo=0)                   0.000     0.000    CPU_RESETN
    C12                  IBUF (Prop_ibuf_I_O)         0.275     0.275 r  CPU_RESETN_IBUF_inst/O
                         net (fo=24, routed)          0.527     0.802    u_accel/gen_nn_fractional.u_accel/fc1/CPU_RESETN_IBUF
    SLICE_X2Y143         LUT1 (Prop_lut1_I0_O)        0.045     0.847 f  u_accel/gen_nn_fractional.u_accel/fc1/FSM_onehot_state[2]_i_2__0/O
                         net (fo=21292, routed)       0.454     1.301    u_accel/gen_nn_fractional.u_accel/gen_hl1_lif[27].hl1_lif/spike_prev_reg_0
    SLICE_X10Y141        FDCE                                         f  u_accel/gen_nn_fractional.u_accel/gen_hl1_lif[27].hl1_lif/mul_scaled_result_reg_reg[56]/CLR
  -------------------------------------------------------------------    -------------------

                         (clock sys_clk_pin rise edge)
                                                      0.000     0.000 r  
    E3                                                0.000     0.000 r  CLK100MHZ (IN)
                         net (fo=0)                   0.000     0.000    CLK100MHZ
    E3                   IBUF (Prop_ibuf_I_O)         0.438     0.438 r  CLK100MHZ_IBUF_inst/O
                         net (fo=1, routed)           0.699     1.136    CLK100MHZ_IBUF
    BUFGCTRL_X0Y16       BUFG (Prop_bufg_I_O)         0.029     1.165 r  CLK100MHZ_IBUF_BUFG_inst/O
                         net (fo=21454, routed)       0.839     2.004    u_accel/gen_nn_fractional.u_accel/gen_hl1_lif[27].hl1_lif/CLK100MHZ_IBUF_BUFG
    SLICE_X10Y141        FDCE                                         r  u_accel/gen_nn_fractional.u_accel/gen_hl1_lif[27].hl1_lif/mul_scaled_result_reg_reg[56]/C





