Copyright 1986-2022 Xilinx, Inc. All Rights Reserved. Copyright 2022-2025 Advanced Micro Devices, Inc. All Rights Reserved.
------------------------------------------------------------------------------------------------------------------------------------------------------------------------------------------------------------------------------------------------------------------------------------------
| Tool Version : Vivado v.2025.1 (lin64) Build 6140274 Wed May 21 22:58:25 MDT 2025
| Date         : Fri May 29 09:11:24 2026
| Host         : niklas.ece.pdx.edu running 64-bit Pop!_OS 22.04 LTS
| Command      : report_timing_summary -max_paths 10 -routable_nets -report_unconstrained -file board_top_bitshift_64_32_4_timing_summary_routed.rpt -pb board_top_bitshift_64_32_4_timing_summary_routed.pb -rpx board_top_bitshift_64_32_4_timing_summary_routed.rpx -warn_on_violation
| Design       : board_top_bitshift_64_32_4
| Device       : 7a100t-csg324
| Speed File   : -1  PRODUCTION 1.23 2018-06-13
| Design State : Routed
------------------------------------------------------------------------------------------------------------------------------------------------------------------------------------------------------------------------------------------------------------------------------------------

Timing Summary Report

------------------------------------------------------------------------------------------------
| Timer Settings
| --------------
------------------------------------------------------------------------------------------------

  Enable Multi Corner Analysis               :  Yes
  Enable Pessimism Removal                   :  Yes
  Pessimism Removal Resolution               :  Nearest Common Node
  Enable Input Delay Default Clock           :  No
  Enable Preset / Clear Arcs                 :  No
  Disable Flight Delays                      :  No
  Ignore I/O Paths                           :  No
  Timing Early Launch at Borrowing Latches   :  No
  Borrow Time for Max Delay Exceptions       :  Yes
  Merge Timing Exceptions                    :  Yes
  Inter-SLR Compensation                     :  Conservative

  Corner  Analyze    Analyze    
  Name    Max Paths  Min Paths  
  ------  ---------  ---------  
  Slow    Yes        Yes        
  Fast    Yes        Yes        


------------------------------------------------------------------------------------------------
| Report Methodology
| ------------------
------------------------------------------------------------------------------------------------

Rule       Severity  Description                                  Violations  
---------  --------  -------------------------------------------  ----------  
DPIR-1     Warning   Asynchronous driver check                    4896        
TIMING-18  Warning   Missing input or output delay                19          
ULMTCS-1   Warning   Control Sets use limits recommend reduction  1           

Note: This report is based on the most recent report_methodology run and may not be up-to-date. Run report_methodology on the current design for the latest report.



check_timing report

Table of Contents
-----------------
1. checking no_clock (0)
2. checking constant_clock (0)
3. checking pulse_width_clock (0)
4. checking unconstrained_internal_endpoints (0)
5. checking no_input_delay (2)
6. checking no_output_delay (4)
7. checking multiple_clock (0)
8. checking generated_clocks (0)
9. checking loops (0)
10. checking partial_input_delay (0)
11. checking partial_output_delay (0)
12. checking latch_loops (0)

1. checking no_clock (0)
------------------------
 There are 0 register/latch pins with no clock.


2. checking constant_clock (0)
------------------------------
 There are 0 register/latch pins with constant_clock.


3. checking pulse_width_clock (0)
---------------------------------
 There are 0 register/latch pins which need pulse_width check


4. checking unconstrained_internal_endpoints (0)
------------------------------------------------
 There are 0 pins that are not constrained for maximum delay.

 There are 0 pins that are not constrained for maximum delay due to constant clock.


5. checking no_input_delay (2)
------------------------------
 There are 2 input ports with no input delay specified. (HIGH)

 There are 0 input ports with no input delay but user has a false path constraint.


6. checking no_output_delay (4)
-------------------------------
 There are 4 ports with no output delay specified. (HIGH)

 There are 0 ports with no output delay but user has a false path constraint

 There are 0 ports with no output delay but with a timing clock defined on it or propagating through it


7. checking multiple_clock (0)
------------------------------
 There are 0 register/latch pins with multiple clocks.


8. checking generated_clocks (0)
--------------------------------
 There are 0 generated clocks that are not connected to a clock source.


9. checking loops (0)
---------------------
 There are 0 combinational loops in the design.


10. checking partial_input_delay (0)
------------------------------------
 There are 0 input ports with partial input delay specified.


11. checking partial_output_delay (0)
-------------------------------------
 There are 0 ports with partial output delay specified.


12. checking latch_loops (0)
----------------------------
 There are 0 combinational latch loops in the design through latch input



------------------------------------------------------------------------------------------------
| Design Timing Summary
| ---------------------
------------------------------------------------------------------------------------------------

    WNS(ns)      TNS(ns)  TNS Failing Endpoints  TNS Total Endpoints      WHS(ns)      THS(ns)  THS Failing Endpoints  THS Total Endpoints     WPWS(ns)     TPWS(ns)  TPWS Failing Endpoints  TPWS Total Endpoints  
    -------      -------  ---------------------  -------------------      -------      -------  ---------------------  -------------------     --------     --------  ----------------------  --------------------  
      0.178        0.000                      0                88959        0.015        0.000                      0                88959        4.500        0.000                       0                 45157  


All user specified timing constraints are met.


------------------------------------------------------------------------------------------------
| Clock Summary
| -------------
------------------------------------------------------------------------------------------------

Clock        Waveform(ns)       Period(ns)      Frequency(MHz)
-----        ------------       ----------      --------------
sys_clk_pin  {0.000 5.000}      10.000          100.000         


------------------------------------------------------------------------------------------------
| Intra Clock Table
| -----------------
------------------------------------------------------------------------------------------------

Clock             WNS(ns)      TNS(ns)  TNS Failing Endpoints  TNS Total Endpoints      WHS(ns)      THS(ns)  THS Failing Endpoints  THS Total Endpoints     WPWS(ns)     TPWS(ns)  TPWS Failing Endpoints  TPWS Total Endpoints  
-----             -------      -------  ---------------------  -------------------      -------      -------  ---------------------  -------------------     --------     --------  ----------------------  --------------------  
sys_clk_pin         0.178        0.000                      0                88959        0.015        0.000                      0                88959        4.500        0.000                       0                 45157  


------------------------------------------------------------------------------------------------
| Inter Clock Table
| -----------------
------------------------------------------------------------------------------------------------

From Clock    To Clock          WNS(ns)      TNS(ns)  TNS Failing Endpoints  TNS Total Endpoints      WHS(ns)      THS(ns)  THS Failing Endpoints  THS Total Endpoints  
----------    --------          -------      -------  ---------------------  -------------------      -------      -------  ---------------------  -------------------  


------------------------------------------------------------------------------------------------
| Other Path Groups Table
| -----------------------
------------------------------------------------------------------------------------------------

Path Group    From Clock    To Clock          WNS(ns)      TNS(ns)  TNS Failing Endpoints  TNS Total Endpoints      WHS(ns)      THS(ns)  THS Failing Endpoints  THS Total Endpoints  
----------    ----------    --------          -------      -------  ---------------------  -------------------      -------      -------  ---------------------  -------------------  


------------------------------------------------------------------------------------------------
| User Ignored Path Table
| -----------------------
------------------------------------------------------------------------------------------------

Path Group    From Clock    To Clock    
----------    ----------    --------    


------------------------------------------------------------------------------------------------
| Unconstrained Path Table
| ------------------------
------------------------------------------------------------------------------------------------

Path Group    From Clock    To Clock    
----------    ----------    --------    
(none)        sys_clk_pin                 
(none)                      sys_clk_pin   


------------------------------------------------------------------------------------------------
| Timing Details
| --------------
------------------------------------------------------------------------------------------------


---------------------------------------------------------------------------------------------------
From Clock:  sys_clk_pin
  To Clock:  sys_clk_pin

Setup :            0  Failing Endpoints,  Worst Slack        0.178ns,  Total Violation        0.000ns
Hold  :            0  Failing Endpoints,  Worst Slack        0.015ns,  Total Violation        0.000ns
PW    :            0  Failing Endpoints,  Worst Slack        4.500ns,  Total Violation        0.000ns
---------------------------------------------------------------------------------------------------


Max Delay Paths
--------------------------------------------------------------------------------------
Slack (MET) :             0.178ns  (required time - arrival time)
  Source:                 u_accel/gen_nn_bitshift.u_accel/q_accum/p_0_out__1/CLK
                            (rising edge-triggered cell DSP48E1 clocked by sys_clk_pin  {rise@0.000ns fall@5.000ns period=10.000ns})
  Destination:            u_accel/gen_nn_bitshift.u_accel/q_accum/q_accum_reg[1][49]/D
                            (rising edge-triggered cell FDCE clocked by sys_clk_pin  {rise@0.000ns fall@5.000ns period=10.000ns})
  Path Group:             sys_clk_pin
  Path Type:              Setup (Max at Slow Process Corner)
  Requirement:            10.000ns  (sys_clk_pin rise@10.000ns - sys_clk_pin rise@0.000ns)
  Data Path Delay:        9.638ns  (logic 5.501ns (57.074%)  route 4.137ns (42.926%))
  Logic Levels:           23  (CARRY4=17 LUT4=3 LUT5=3)
  Clock Path Skew:        -0.180ns (DCD - SCD + CPR)
    Destination Clock Delay (DCD):    5.098ns = ( 15.098 - 10.000 ) 
    Source Clock Delay      (SCD):    5.473ns
    Clock Pessimism Removal (CPR):    0.195ns
  Clock Uncertainty:      0.035ns  ((TSJ^2 + TIJ^2)^1/2 + DJ) / 2 + PE
    Total System Jitter     (TSJ):    0.071ns
    Total Input Jitter      (TIJ):    0.000ns
    Discrete Jitter          (DJ):    0.000ns
    Phase Error              (PE):    0.000ns

    Location             Delay type                Incr(ns)  Path(ns)    Netlist Resource(s)
  -------------------------------------------------------------------    -------------------
                         (clock sys_clk_pin rise edge)
                                                      0.000     0.000 r  
    E3                                                0.000     0.000 r  CLK100MHZ (IN)
                         net (fo=0)                   0.000     0.000    CLK100MHZ
    E3                   IBUF (Prop_ibuf_I_O)         1.482     1.482 r  CLK100MHZ_IBUF_inst/O
                         net (fo=1, routed)           2.025     3.506    CLK100MHZ_IBUF
    BUFGCTRL_X0Y16       BUFG (Prop_bufg_I_O)         0.096     3.602 r  CLK100MHZ_IBUF_BUFG_inst/O
                         net (fo=45158, routed)       1.871     5.473    u_accel/gen_nn_bitshift.u_accel/q_accum/CLK100MHZ_IBUF_BUFG
    DSP48_X1Y10          DSP48E1                                      r  u_accel/gen_nn_bitshift.u_accel/q_accum/p_0_out__1/CLK
  -------------------------------------------------------------------    -------------------
    DSP48_X1Y10          DSP48E1 (Prop_dsp48e1_CLK_P[4])
                                                      0.434     5.907 r  u_accel/gen_nn_bitshift.u_accel/q_accum/p_0_out__1/P[4]
                         net (fo=2, routed)           0.940     6.847    u_accel/gen_nn_bitshift.u_accel/q_accum/p_0_out__1_n_101
    SLICE_X55Y24         LUT4 (Prop_lut4_I2_O)        0.124     6.971 r  u_accel/gen_nn_bitshift.u_accel/q_accum/timestep_accum[1][11]_i_14/O
                         net (fo=2, routed)           0.517     7.488    u_accel/gen_nn_bitshift.u_accel/q_accum/timestep_accum[1][11]_i_14_n_0
    SLICE_X57Y24         LUT5 (Prop_lut5_I0_O)        0.124     7.612 r  u_accel/gen_nn_bitshift.u_accel/q_accum/timestep_accum[1][11]_i_18/O
                         net (fo=1, routed)           0.000     7.612    u_accel/gen_nn_bitshift.u_accel/q_accum/timestep_accum[1][11]_i_18_n_0
    SLICE_X57Y24         CARRY4 (Prop_carry4_S[1]_CO[3])
                                                      0.550     8.162 r  u_accel/gen_nn_bitshift.u_accel/q_accum/timestep_accum_reg[1][11]_i_11/CO[3]
                         net (fo=1, routed)           0.009     8.171    u_accel/gen_nn_bitshift.u_accel/q_accum/timestep_accum_reg[1][11]_i_11_n_0
    SLICE_X57Y25         CARRY4 (Prop_carry4_CI_O[0])
                                                      0.222     8.393 r  u_accel/gen_nn_bitshift.u_accel/q_accum/timestep_accum_reg[1][15]_i_11/O[0]
                         net (fo=2, routed)           0.678     9.071    u_accel/gen_nn_bitshift.u_accel/q_accum/timestep_accum_reg[1][15]_i_11_n_7
    SLICE_X56Y21         LUT4 (Prop_lut4_I2_O)        0.299     9.370 r  u_accel/gen_nn_bitshift.u_accel/q_accum/timestep_accum[1][11]_i_5/O
                         net (fo=2, routed)           0.578     9.948    u_accel/gen_nn_bitshift.u_accel/q_accum/timestep_accum[1][11]_i_5_n_0
    SLICE_X56Y24         LUT5 (Prop_lut5_I0_O)        0.124    10.072 r  u_accel/gen_nn_bitshift.u_accel/q_accum/timestep_accum[1][11]_i_9/O
                         net (fo=1, routed)           0.000    10.072    u_accel/gen_nn_bitshift.u_accel/q_accum/timestep_accum[1][11]_i_9_n_0
    SLICE_X56Y24         CARRY4 (Prop_carry4_S[1]_CO[3])
                                                      0.533    10.605 r  u_accel/gen_nn_bitshift.u_accel/q_accum/timestep_accum_reg[1][11]_i_2/CO[3]
                         net (fo=1, routed)           0.009    10.614    u_accel/gen_nn_bitshift.u_accel/q_accum/timestep_accum_reg[1][11]_i_2_n_0
    SLICE_X56Y25         CARRY4 (Prop_carry4_CI_CO[3])
                                                      0.117    10.731 r  u_accel/gen_nn_bitshift.u_accel/q_accum/timestep_accum_reg[1][15]_i_2/CO[3]
                         net (fo=1, routed)           0.000    10.731    u_accel/gen_nn_bitshift.u_accel/q_accum/timestep_accum_reg[1][15]_i_2_n_0
    SLICE_X56Y26         CARRY4 (Prop_carry4_CI_CO[3])
                                                      0.117    10.848 r  u_accel/gen_nn_bitshift.u_accel/q_accum/timestep_accum_reg[1][19]_i_2/CO[3]
                         net (fo=1, routed)           0.000    10.848    u_accel/gen_nn_bitshift.u_accel/q_accum/timestep_accum_reg[1][19]_i_2_n_0
    SLICE_X56Y27         CARRY4 (Prop_carry4_CI_CO[3])
                                                      0.117    10.965 r  u_accel/gen_nn_bitshift.u_accel/q_accum/timestep_accum_reg[1][23]_i_2/CO[3]
                         net (fo=1, routed)           0.000    10.965    u_accel/gen_nn_bitshift.u_accel/q_accum/timestep_accum_reg[1][23]_i_2_n_0
    SLICE_X56Y28         CARRY4 (Prop_carry4_CI_CO[3])
                                                      0.117    11.082 r  u_accel/gen_nn_bitshift.u_accel/q_accum/timestep_accum_reg[1][27]_i_2/CO[3]
                         net (fo=1, routed)           0.000    11.082    u_accel/gen_nn_bitshift.u_accel/q_accum/timestep_accum_reg[1][27]_i_2_n_0
    SLICE_X56Y29         CARRY4 (Prop_carry4_CI_CO[3])
                                                      0.117    11.199 r  u_accel/gen_nn_bitshift.u_accel/q_accum/timestep_accum_reg[1][31]_i_2/CO[3]
                         net (fo=1, routed)           0.000    11.199    u_accel/gen_nn_bitshift.u_accel/q_accum/timestep_accum_reg[1][31]_i_2_n_0
    SLICE_X56Y30         CARRY4 (Prop_carry4_CI_CO[3])
                                                      0.117    11.316 r  u_accel/gen_nn_bitshift.u_accel/q_accum/timestep_accum_reg[1][35]_i_2/CO[3]
                         net (fo=1, routed)           0.000    11.316    u_accel/gen_nn_bitshift.u_accel/q_accum/timestep_accum_reg[1][35]_i_2_n_0
    SLICE_X56Y31         CARRY4 (Prop_carry4_CI_CO[3])
                                                      0.117    11.433 r  u_accel/gen_nn_bitshift.u_accel/q_accum/timestep_accum_reg[1][39]_i_2/CO[3]
                         net (fo=1, routed)           0.000    11.433    u_accel/gen_nn_bitshift.u_accel/q_accum/timestep_accum_reg[1][39]_i_2_n_0
    SLICE_X56Y32         CARRY4 (Prop_carry4_CI_O[1])
                                                      0.323    11.756 r  u_accel/gen_nn_bitshift.u_accel/q_accum/timestep_accum_reg[1][43]_i_2/O[1]
                         net (fo=4, routed)           0.999    12.755    u_accel/gen_nn_bitshift.u_accel/q_accum/full_timestep_sum[1]_471[41]
    SLICE_X51Y37         LUT4 (Prop_lut4_I1_O)        0.306    13.061 r  u_accel/gen_nn_bitshift.u_accel/q_accum/q_accum[1][31]_i_9/O
                         net (fo=1, routed)           0.000    13.061    u_accel/gen_nn_bitshift.u_accel/q_accum/q_accum[1][31]_i_9_n_0
    SLICE_X51Y37         CARRY4 (Prop_carry4_S[1]_CO[3])
                                                      0.550    13.611 r  u_accel/gen_nn_bitshift.u_accel/q_accum/q_accum_reg[1][31]_i_2/CO[3]
                         net (fo=1, routed)           0.000    13.611    u_accel/gen_nn_bitshift.u_accel/q_accum/q_accum_reg[1][31]_i_2_n_0
    SLICE_X51Y38         CARRY4 (Prop_carry4_CI_CO[3])
                                                      0.114    13.725 r  u_accel/gen_nn_bitshift.u_accel/q_accum/q_accum_reg[1][35]_i_2/CO[3]
                         net (fo=1, routed)           0.000    13.725    u_accel/gen_nn_bitshift.u_accel/q_accum/q_accum_reg[1][35]_i_2_n_0
    SLICE_X51Y39         CARRY4 (Prop_carry4_CI_CO[3])
                                                      0.114    13.839 r  u_accel/gen_nn_bitshift.u_accel/q_accum/q_accum_reg[1][39]_i_2/CO[3]
                         net (fo=1, routed)           0.000    13.839    u_accel/gen_nn_bitshift.u_accel/q_accum/q_accum_reg[1][39]_i_2_n_0
    SLICE_X51Y40         CARRY4 (Prop_carry4_CI_CO[3])
                                                      0.114    13.953 r  u_accel/gen_nn_bitshift.u_accel/q_accum/q_accum_reg[1][43]_i_2/CO[3]
                         net (fo=1, routed)           0.000    13.953    u_accel/gen_nn_bitshift.u_accel/q_accum/q_accum_reg[1][43]_i_2_n_0
    SLICE_X51Y41         CARRY4 (Prop_carry4_CI_CO[3])
                                                      0.114    14.067 r  u_accel/gen_nn_bitshift.u_accel/q_accum/q_accum_reg[1][47]_i_2/CO[3]
                         net (fo=1, routed)           0.000    14.067    u_accel/gen_nn_bitshift.u_accel/q_accum/q_accum_reg[1][47]_i_2_n_0
    SLICE_X51Y42         CARRY4 (Prop_carry4_CI_O[1])
                                                      0.334    14.401 r  u_accel/gen_nn_bitshift.u_accel/q_accum/q_accum_reg[1][51]_i_3/O[1]
                         net (fo=1, routed)           0.408    14.809    u_accel/gen_nn_bitshift.u_accel/q_accum/q_accum_reg[1][51]_i_3_n_6
    SLICE_X51Y43         LUT5 (Prop_lut5_I3_O)        0.303    15.112 r  u_accel/gen_nn_bitshift.u_accel/q_accum/q_accum[1][49]_i_1/O
                         net (fo=1, routed)           0.000    15.112    u_accel/gen_nn_bitshift.u_accel/q_accum/q_accum[49]
    SLICE_X51Y43         FDCE                                         r  u_accel/gen_nn_bitshift.u_accel/q_accum/q_accum_reg[1][49]/D
  -------------------------------------------------------------------    -------------------

                         (clock sys_clk_pin rise edge)
                                                     10.000    10.000 r  
    E3                                                0.000    10.000 r  CLK100MHZ (IN)
                         net (fo=0)                   0.000    10.000    CLK100MHZ
    E3                   IBUF (Prop_ibuf_I_O)         1.411    11.411 r  CLK100MHZ_IBUF_inst/O
                         net (fo=1, routed)           1.920    13.331    CLK100MHZ_IBUF
    BUFGCTRL_X0Y16       BUFG (Prop_bufg_I_O)         0.091    13.422 r  CLK100MHZ_IBUF_BUFG_inst/O
                         net (fo=45158, routed)       1.676    15.098    u_accel/gen_nn_bitshift.u_accel/q_accum/CLK100MHZ_IBUF_BUFG
    SLICE_X51Y43         FDCE                                         r  u_accel/gen_nn_bitshift.u_accel/q_accum/q_accum_reg[1][49]/C
                         clock pessimism              0.195    15.294    
                         clock uncertainty           -0.035    15.258    
    SLICE_X51Y43         FDCE (Setup_fdce_C_D)        0.031    15.289    u_accel/gen_nn_bitshift.u_accel/q_accum/q_accum_reg[1][49]
  -------------------------------------------------------------------
                         required time                         15.289    
                         arrival time                         -15.112    
  -------------------------------------------------------------------
                         slack                                  0.178    

Slack (MET) :             0.242ns  (required time - arrival time)
  Source:                 u_accel/gen_nn_bitshift.u_accel/fc1_start_reg/C
                            (rising edge-triggered cell FDCE clocked by sys_clk_pin  {rise@0.000ns fall@5.000ns period=10.000ns})
  Destination:            u_accel/gen_nn_bitshift.u_accel/gen_hl2[25].hl2_lif/numerator_reg_reg[25]/D
                            (rising edge-triggered cell FDCE clocked by sys_clk_pin  {rise@0.000ns fall@5.000ns period=10.000ns})
  Path Group:             sys_clk_pin
  Path Type:              Setup (Max at Slow Process Corner)
  Requirement:            10.000ns  (sys_clk_pin rise@10.000ns - sys_clk_pin rise@0.000ns)
  Data Path Delay:        9.864ns  (logic 1.602ns (16.241%)  route 8.262ns (83.759%))
  Logic Levels:           3  (CARRY4=2 LUT3=1)
  Clock Path Skew:        0.079ns (DCD - SCD + CPR)
    Destination Clock Delay (DCD):    5.110ns = ( 15.110 - 10.000 ) 
    Source Clock Delay      (SCD):    5.211ns
    Clock Pessimism Removal (CPR):    0.180ns
  Clock Uncertainty:      0.035ns  ((TSJ^2 + TIJ^2)^1/2 + DJ) / 2 + PE
    Total System Jitter     (TSJ):    0.071ns
    Total Input Jitter      (TIJ):    0.000ns
    Discrete Jitter          (DJ):    0.000ns
    Phase Error              (PE):    0.000ns

    Location             Delay type                Incr(ns)  Path(ns)    Netlist Resource(s)
  -------------------------------------------------------------------    -------------------
                         (clock sys_clk_pin rise edge)
                                                      0.000     0.000 r  
    E3                                                0.000     0.000 r  CLK100MHZ (IN)
                         net (fo=0)                   0.000     0.000    CLK100MHZ
    E3                   IBUF (Prop_ibuf_I_O)         1.482     1.482 r  CLK100MHZ_IBUF_inst/O
                         net (fo=1, routed)           2.025     3.506    CLK100MHZ_IBUF
    BUFGCTRL_X0Y16       BUFG (Prop_bufg_I_O)         0.096     3.602 r  CLK100MHZ_IBUF_BUFG_inst/O
                         net (fo=45158, routed)       1.609     5.211    u_accel/gen_nn_bitshift.u_accel/CLK100MHZ_IBUF_BUFG
    SLICE_X51Y134        FDCE                                         r  u_accel/gen_nn_bitshift.u_accel/fc1_start_reg/C
  -------------------------------------------------------------------    -------------------
    SLICE_X51Y134        FDCE (Prop_fdce_C_Q)         0.419     5.630 f  u_accel/gen_nn_bitshift.u_accel/fc1_start_reg/Q
                         net (fo=21171, routed)       8.262    13.892    u_accel/gen_nn_bitshift.u_accel/gen_hl2[25].hl2_lif/hl2_clear
    SLICE_X11Y12         LUT3 (Prop_lut3_I1_O)        0.299    14.191 r  u_accel/gen_nn_bitshift.u_accel/gen_hl2[25].hl2_lif/numerator_reg[23]_i_8__68/O
                         net (fo=1, routed)           0.000    14.191    u_accel/gen_nn_bitshift.u_accel/gen_hl2[25].hl2_lif/numerator_reg[23]_i_8__68_n_0
    SLICE_X11Y12         CARRY4 (Prop_carry4_S[1]_CO[3])
                                                      0.550    14.741 r  u_accel/gen_nn_bitshift.u_accel/gen_hl2[25].hl2_lif/numerator_reg_reg[23]_i_1__68/CO[3]
                         net (fo=1, routed)           0.000    14.741    u_accel/gen_nn_bitshift.u_accel/gen_hl2[25].hl2_lif/numerator_reg_reg[23]_i_1__68_n_0
    SLICE_X11Y13         CARRY4 (Prop_carry4_CI_O[1])
                                                      0.334    15.075 r  u_accel/gen_nn_bitshift.u_accel/gen_hl2[25].hl2_lif/numerator_reg_reg[26]_i_2__68/O[1]
                         net (fo=1, routed)           0.000    15.075    u_accel/gen_nn_bitshift.u_accel/gen_hl2[25].hl2_lif/numerator_reg_reg[26]_i_2__68_n_6
    SLICE_X11Y13         FDCE                                         r  u_accel/gen_nn_bitshift.u_accel/gen_hl2[25].hl2_lif/numerator_reg_reg[25]/D
  -------------------------------------------------------------------    -------------------

                         (clock sys_clk_pin rise edge)
                                                     10.000    10.000 r  
    E3                                                0.000    10.000 r  CLK100MHZ (IN)
                         net (fo=0)                   0.000    10.000    CLK100MHZ
    E3                   IBUF (Prop_ibuf_I_O)         1.411    11.411 r  CLK100MHZ_IBUF_inst/O
                         net (fo=1, routed)           1.920    13.331    CLK100MHZ_IBUF
    BUFGCTRL_X0Y16       BUFG (Prop_bufg_I_O)         0.091    13.422 r  CLK100MHZ_IBUF_BUFG_inst/O
                         net (fo=45158, routed)       1.688    15.110    u_accel/gen_nn_bitshift.u_accel/gen_hl2[25].hl2_lif/CLK100MHZ_IBUF_BUFG
    SLICE_X11Y13         FDCE                                         r  u_accel/gen_nn_bitshift.u_accel/gen_hl2[25].hl2_lif/numerator_reg_reg[25]/C
                         clock pessimism              0.180    15.290    
                         clock uncertainty           -0.035    15.255    
    SLICE_X11Y13         FDCE (Setup_fdce_C_D)        0.062    15.317    u_accel/gen_nn_bitshift.u_accel/gen_hl2[25].hl2_lif/numerator_reg_reg[25]
  -------------------------------------------------------------------
                         required time                         15.317    
                         arrival time                         -15.075    
  -------------------------------------------------------------------
                         slack                                  0.242    

Slack (MET) :             0.283ns  (required time - arrival time)
  Source:                 u_accel/gen_nn_bitshift.u_accel/fc1_start_reg/C
                            (rising edge-triggered cell FDCE clocked by sys_clk_pin  {rise@0.000ns fall@5.000ns period=10.000ns})
  Destination:            u_accel/gen_nn_bitshift.u_accel/gen_hl2[29].hl2_lif/numerator_reg_reg[25]/D
                            (rising edge-triggered cell FDCE clocked by sys_clk_pin  {rise@0.000ns fall@5.000ns period=10.000ns})
  Path Group:             sys_clk_pin
  Path Type:              Setup (Max at Slow Process Corner)
  Requirement:            10.000ns  (sys_clk_pin rise@10.000ns - sys_clk_pin rise@0.000ns)
  Data Path Delay:        9.809ns  (logic 1.792ns (18.269%)  route 8.017ns (81.731%))
  Logic Levels:           6  (CARRY4=5 LUT3=1)
  Clock Path Skew:        0.066ns (DCD - SCD + CPR)
    Destination Clock Delay (DCD):    5.097ns = ( 15.097 - 10.000 ) 
    Source Clock Delay      (SCD):    5.211ns
    Clock Pessimism Removal (CPR):    0.180ns
  Clock Uncertainty:      0.035ns  ((TSJ^2 + TIJ^2)^1/2 + DJ) / 2 + PE
    Total System Jitter     (TSJ):    0.071ns
    Total Input Jitter      (TIJ):    0.000ns
    Discrete Jitter          (DJ):    0.000ns
    Phase Error              (PE):    0.000ns

    Location             Delay type                Incr(ns)  Path(ns)    Netlist Resource(s)
  -------------------------------------------------------------------    -------------------
                         (clock sys_clk_pin rise edge)
                                                      0.000     0.000 r  
    E3                                                0.000     0.000 r  CLK100MHZ (IN)
                         net (fo=0)                   0.000     0.000    CLK100MHZ
    E3                   IBUF (Prop_ibuf_I_O)         1.482     1.482 r  CLK100MHZ_IBUF_inst/O
                         net (fo=1, routed)           2.025     3.506    CLK100MHZ_IBUF
    BUFGCTRL_X0Y16       BUFG (Prop_bufg_I_O)         0.096     3.602 r  CLK100MHZ_IBUF_BUFG_inst/O
                         net (fo=45158, routed)       1.609     5.211    u_accel/gen_nn_bitshift.u_accel/CLK100MHZ_IBUF_BUFG
    SLICE_X51Y134        FDCE                                         r  u_accel/gen_nn_bitshift.u_accel/fc1_start_reg/C
  -------------------------------------------------------------------    -------------------
    SLICE_X51Y134        FDCE (Prop_fdce_C_Q)         0.419     5.630 f  u_accel/gen_nn_bitshift.u_accel/fc1_start_reg/Q
                         net (fo=21171, routed)       8.017    13.647    u_accel/gen_nn_bitshift.u_accel/gen_hl2[29].hl2_lif/hl2_clear
    SLICE_X68Y5          LUT3 (Prop_lut3_I1_O)        0.299    13.946 r  u_accel/gen_nn_bitshift.u_accel/gen_hl2[29].hl2_lif/numerator_reg[11]_i_7__92/O
                         net (fo=1, routed)           0.000    13.946    u_accel/gen_nn_bitshift.u_accel/gen_hl2[29].hl2_lif/numerator_reg[11]_i_7__92_n_0
    SLICE_X68Y5          CARRY4 (Prop_carry4_S[2]_CO[3])
                                                      0.398    14.344 r  u_accel/gen_nn_bitshift.u_accel/gen_hl2[29].hl2_lif/numerator_reg_reg[11]_i_1__92/CO[3]
                         net (fo=1, routed)           0.000    14.344    u_accel/gen_nn_bitshift.u_accel/gen_hl2[29].hl2_lif/numerator_reg_reg[11]_i_1__92_n_0
    SLICE_X68Y6          CARRY4 (Prop_carry4_CI_CO[3])
                                                      0.114    14.458 r  u_accel/gen_nn_bitshift.u_accel/gen_hl2[29].hl2_lif/numerator_reg_reg[15]_i_1__92/CO[3]
                         net (fo=1, routed)           0.000    14.458    u_accel/gen_nn_bitshift.u_accel/gen_hl2[29].hl2_lif/numerator_reg_reg[15]_i_1__92_n_0
    SLICE_X68Y7          CARRY4 (Prop_carry4_CI_CO[3])
                                                      0.114    14.572 r  u_accel/gen_nn_bitshift.u_accel/gen_hl2[29].hl2_lif/numerator_reg_reg[19]_i_1__92/CO[3]
                         net (fo=1, routed)           0.000    14.572    u_accel/gen_nn_bitshift.u_accel/gen_hl2[29].hl2_lif/numerator_reg_reg[19]_i_1__92_n_0
    SLICE_X68Y8          CARRY4 (Prop_carry4_CI_CO[3])
                                                      0.114    14.686 r  u_accel/gen_nn_bitshift.u_accel/gen_hl2[29].hl2_lif/numerator_reg_reg[23]_i_1__92/CO[3]
                         net (fo=1, routed)           0.000    14.686    u_accel/gen_nn_bitshift.u_accel/gen_hl2[29].hl2_lif/numerator_reg_reg[23]_i_1__92_n_0
    SLICE_X68Y9          CARRY4 (Prop_carry4_CI_O[1])
                                                      0.334    15.020 r  u_accel/gen_nn_bitshift.u_accel/gen_hl2[29].hl2_lif/numerator_reg_reg[26]_i_2__92/O[1]
                         net (fo=1, routed)           0.000    15.020    u_accel/gen_nn_bitshift.u_accel/gen_hl2[29].hl2_lif/numerator_reg_reg[26]_i_2__92_n_6
    SLICE_X68Y9          FDCE                                         r  u_accel/gen_nn_bitshift.u_accel/gen_hl2[29].hl2_lif/numerator_reg_reg[25]/D
  -------------------------------------------------------------------    -------------------

                         (clock sys_clk_pin rise edge)
                                                     10.000    10.000 r  
    E3                                                0.000    10.000 r  CLK100MHZ (IN)
                         net (fo=0)                   0.000    10.000    CLK100MHZ
    E3                   IBUF (Prop_ibuf_I_O)         1.411    11.411 r  CLK100MHZ_IBUF_inst/O
                         net (fo=1, routed)           1.920    13.331    CLK100MHZ_IBUF
    BUFGCTRL_X0Y16       BUFG (Prop_bufg_I_O)         0.091    13.422 r  CLK100MHZ_IBUF_BUFG_inst/O
                         net (fo=45158, routed)       1.675    15.097    u_accel/gen_nn_bitshift.u_accel/gen_hl2[29].hl2_lif/CLK100MHZ_IBUF_BUFG
    SLICE_X68Y9          FDCE                                         r  u_accel/gen_nn_bitshift.u_accel/gen_hl2[29].hl2_lif/numerator_reg_reg[25]/C
                         clock pessimism              0.180    15.277    
                         clock uncertainty           -0.035    15.242    
    SLICE_X68Y9          FDCE (Setup_fdce_C_D)        0.062    15.304    u_accel/gen_nn_bitshift.u_accel/gen_hl2[29].hl2_lif/numerator_reg_reg[25]
  -------------------------------------------------------------------
                         required time                         15.304    
                         arrival time                         -15.020    
  -------------------------------------------------------------------
                         slack                                  0.283    

Slack (MET) :             0.293ns  (required time - arrival time)
  Source:                 u_accel/gen_nn_bitshift.u_accel/q_accum/p_0_out__5/CLK
                            (rising edge-triggered cell DSP48E1 clocked by sys_clk_pin  {rise@0.000ns fall@5.000ns period=10.000ns})
  Destination:            u_accel/gen_nn_bitshift.u_accel/q_accum/q_accum_reg[0][45]/D
                            (rising edge-triggered cell FDCE clocked by sys_clk_pin  {rise@0.000ns fall@5.000ns period=10.000ns})
  Path Group:             sys_clk_pin
  Path Type:              Setup (Max at Slow Process Corner)
  Requirement:            10.000ns  (sys_clk_pin rise@10.000ns - sys_clk_pin rise@0.000ns)
  Data Path Delay:        9.522ns  (logic 5.489ns (57.645%)  route 4.033ns (42.355%))
  Logic Levels:           23  (CARRY4=17 LUT4=3 LUT5=3)
  Clock Path Skew:        -0.179ns (DCD - SCD + CPR)
    Destination Clock Delay (DCD):    5.099ns = ( 15.099 - 10.000 ) 
    Source Clock Delay      (SCD):    5.473ns
    Clock Pessimism Removal (CPR):    0.195ns
  Clock Uncertainty:      0.035ns  ((TSJ^2 + TIJ^2)^1/2 + DJ) / 2 + PE
    Total System Jitter     (TSJ):    0.071ns
    Total Input Jitter      (TIJ):    0.000ns
    Discrete Jitter          (DJ):    0.000ns
    Phase Error              (PE):    0.000ns

    Location             Delay type                Incr(ns)  Path(ns)    Netlist Resource(s)
  -------------------------------------------------------------------    -------------------
                         (clock sys_clk_pin rise edge)
                                                      0.000     0.000 r  
    E3                                                0.000     0.000 r  CLK100MHZ (IN)
                         net (fo=0)                   0.000     0.000    CLK100MHZ
    E3                   IBUF (Prop_ibuf_I_O)         1.482     1.482 r  CLK100MHZ_IBUF_inst/O
                         net (fo=1, routed)           2.025     3.506    CLK100MHZ_IBUF
    BUFGCTRL_X0Y16       BUFG (Prop_bufg_I_O)         0.096     3.602 r  CLK100MHZ_IBUF_BUFG_inst/O
                         net (fo=45158, routed)       1.871     5.473    u_accel/gen_nn_bitshift.u_accel/q_accum/CLK100MHZ_IBUF_BUFG
    DSP48_X1Y9           DSP48E1                                      r  u_accel/gen_nn_bitshift.u_accel/q_accum/p_0_out__5/CLK
  -------------------------------------------------------------------    -------------------
    DSP48_X1Y9           DSP48E1 (Prop_dsp48e1_CLK_P[0])
                                                      0.434     5.907 r  u_accel/gen_nn_bitshift.u_accel/q_accum/p_0_out__5/P[0]
                         net (fo=2, routed)           0.768     6.675    u_accel/gen_nn_bitshift.u_accel/q_accum/p_0_out__5_n_105
    SLICE_X52Y21         LUT4 (Prop_lut4_I2_O)        0.124     6.799 r  u_accel/gen_nn_bitshift.u_accel/q_accum/timestep_accum[0][7]_i_14/O
                         net (fo=2, routed)           0.593     7.392    u_accel/gen_nn_bitshift.u_accel/q_accum/timestep_accum[0][7]_i_14_n_0
    SLICE_X53Y21         LUT5 (Prop_lut5_I0_O)        0.124     7.516 r  u_accel/gen_nn_bitshift.u_accel/q_accum/timestep_accum[0][7]_i_17/O
                         net (fo=1, routed)           0.000     7.516    u_accel/gen_nn_bitshift.u_accel/q_accum/timestep_accum[0][7]_i_17_n_0
    SLICE_X53Y21         CARRY4 (Prop_carry4_S[1]_CO[3])
                                                      0.550     8.066 r  u_accel/gen_nn_bitshift.u_accel/q_accum/timestep_accum_reg[0][7]_i_11/CO[3]
                         net (fo=1, routed)           0.000     8.066    u_accel/gen_nn_bitshift.u_accel/q_accum/timestep_accum_reg[0][7]_i_11_n_0
    SLICE_X53Y22         CARRY4 (Prop_carry4_CI_CO[3])
                                                      0.114     8.180 r  u_accel/gen_nn_bitshift.u_accel/q_accum/timestep_accum_reg[0][11]_i_11/CO[3]
                         net (fo=1, routed)           0.000     8.180    u_accel/gen_nn_bitshift.u_accel/q_accum/timestep_accum_reg[0][11]_i_11_n_0
    SLICE_X53Y23         CARRY4 (Prop_carry4_CI_CO[3])
                                                      0.114     8.294 r  u_accel/gen_nn_bitshift.u_accel/q_accum/timestep_accum_reg[0][15]_i_12/CO[3]
                         net (fo=1, routed)           0.000     8.294    u_accel/gen_nn_bitshift.u_accel/q_accum/timestep_accum_reg[0][15]_i_12_n_0
    SLICE_X53Y24         CARRY4 (Prop_carry4_CI_O[0])
                                                      0.222     8.516 r  u_accel/gen_nn_bitshift.u_accel/q_accum/timestep_accum_reg[0][19]_i_11/O[0]
                         net (fo=2, routed)           0.511     9.027    u_accel/gen_nn_bitshift.u_accel/q_accum/timestep_accum_reg[0][19]_i_11_n_7
    SLICE_X52Y22         LUT4 (Prop_lut4_I2_O)        0.299     9.326 r  u_accel/gen_nn_bitshift.u_accel/q_accum/timestep_accum[0][15]_i_5/O
                         net (fo=2, routed)           0.592     9.918    u_accel/gen_nn_bitshift.u_accel/q_accum/timestep_accum[0][15]_i_5_n_0
    SLICE_X50Y24         LUT5 (Prop_lut5_I0_O)        0.124    10.042 r  u_accel/gen_nn_bitshift.u_accel/q_accum/timestep_accum[0][15]_i_9/O
                         net (fo=1, routed)           0.000    10.042    u_accel/gen_nn_bitshift.u_accel/q_accum/timestep_accum[0][15]_i_9_n_0
    SLICE_X50Y24         CARRY4 (Prop_carry4_S[1]_CO[3])
                                                      0.533    10.575 r  u_accel/gen_nn_bitshift.u_accel/q_accum/timestep_accum_reg[0][15]_i_2/CO[3]
                         net (fo=1, routed)           0.009    10.584    u_accel/gen_nn_bitshift.u_accel/q_accum/timestep_accum_reg[0][15]_i_2_n_0
    SLICE_X50Y25         CARRY4 (Prop_carry4_CI_CO[3])
                                                      0.117    10.701 r  u_accel/gen_nn_bitshift.u_accel/q_accum/timestep_accum_reg[0][19]_i_2/CO[3]
                         net (fo=1, routed)           0.000    10.701    u_accel/gen_nn_bitshift.u_accel/q_accum/timestep_accum_reg[0][19]_i_2_n_0
    SLICE_X50Y26         CARRY4 (Prop_carry4_CI_CO[3])
                                                      0.117    10.818 r  u_accel/gen_nn_bitshift.u_accel/q_accum/timestep_accum_reg[0][23]_i_2/CO[3]
                         net (fo=1, routed)           0.000    10.818    u_accel/gen_nn_bitshift.u_accel/q_accum/timestep_accum_reg[0][23]_i_2_n_0
    SLICE_X50Y27         CARRY4 (Prop_carry4_CI_CO[3])
                                                      0.117    10.935 r  u_accel/gen_nn_bitshift.u_accel/q_accum/timestep_accum_reg[0][27]_i_2/CO[3]
                         net (fo=1, routed)           0.000    10.935    u_accel/gen_nn_bitshift.u_accel/q_accum/timestep_accum_reg[0][27]_i_2_n_0
    SLICE_X50Y28         CARRY4 (Prop_carry4_CI_O[1])
                                                      0.323    11.258 r  u_accel/gen_nn_bitshift.u_accel/q_accum/timestep_accum_reg[0][31]_i_2/O[1]
                         net (fo=4, routed)           1.063    12.321    u_accel/gen_nn_bitshift.u_accel/q_accum/full_timestep_sum[0]_472[29]
    SLICE_X48Y33         LUT4 (Prop_lut4_I0_O)        0.306    12.627 r  u_accel/gen_nn_bitshift.u_accel/q_accum/q_accum[0][19]_i_9/O
                         net (fo=1, routed)           0.000    12.627    u_accel/gen_nn_bitshift.u_accel/q_accum/q_accum[0][19]_i_9_n_0
    SLICE_X48Y33         CARRY4 (Prop_carry4_S[1]_CO[3])
                                                      0.550    13.177 r  u_accel/gen_nn_bitshift.u_accel/q_accum/q_accum_reg[0][19]_i_2/CO[3]
                         net (fo=1, routed)           0.000    13.177    u_accel/gen_nn_bitshift.u_accel/q_accum/q_accum_reg[0][19]_i_2_n_0
    SLICE_X48Y34         CARRY4 (Prop_carry4_CI_CO[3])
                                                      0.114    13.291 r  u_accel/gen_nn_bitshift.u_accel/q_accum/q_accum_reg[0][23]_i_2/CO[3]
                         net (fo=1, routed)           0.000    13.291    u_accel/gen_nn_bitshift.u_accel/q_accum/q_accum_reg[0][23]_i_2_n_0
    SLICE_X48Y35         CARRY4 (Prop_carry4_CI_CO[3])
                                                      0.114    13.405 r  u_accel/gen_nn_bitshift.u_accel/q_accum/q_accum_reg[0][27]_i_2/CO[3]
                         net (fo=1, routed)           0.000    13.405    u_accel/gen_nn_bitshift.u_accel/q_accum/q_accum_reg[0][27]_i_2_n_0
    SLICE_X48Y36         CARRY4 (Prop_carry4_CI_CO[3])
                                                      0.114    13.519 r  u_accel/gen_nn_bitshift.u_accel/q_accum/q_accum_reg[0][31]_i_2/CO[3]
                         net (fo=1, routed)           0.000    13.519    u_accel/gen_nn_bitshift.u_accel/q_accum/q_accum_reg[0][31]_i_2_n_0
    SLICE_X48Y37         CARRY4 (Prop_carry4_CI_CO[3])
                                                      0.114    13.633 r  u_accel/gen_nn_bitshift.u_accel/q_accum/q_accum_reg[0][35]_i_2/CO[3]
                         net (fo=1, routed)           0.000    13.633    u_accel/gen_nn_bitshift.u_accel/q_accum/q_accum_reg[0][35]_i_2_n_0
    SLICE_X48Y38         CARRY4 (Prop_carry4_CI_CO[3])
                                                      0.114    13.747 r  u_accel/gen_nn_bitshift.u_accel/q_accum/q_accum_reg[0][39]_i_2/CO[3]
                         net (fo=1, routed)           0.000    13.747    u_accel/gen_nn_bitshift.u_accel/q_accum/q_accum_reg[0][39]_i_2_n_0
    SLICE_X48Y39         CARRY4 (Prop_carry4_CI_CO[3])
                                                      0.114    13.861 r  u_accel/gen_nn_bitshift.u_accel/q_accum/q_accum_reg[0][43]_i_2/CO[3]
                         net (fo=1, routed)           0.000    13.861    u_accel/gen_nn_bitshift.u_accel/q_accum/q_accum_reg[0][43]_i_2_n_0
    SLICE_X48Y40         CARRY4 (Prop_carry4_CI_O[1])
                                                      0.334    14.195 r  u_accel/gen_nn_bitshift.u_accel/q_accum/q_accum_reg[0][47]_i_2/O[1]
                         net (fo=1, routed)           0.497    14.692    u_accel/gen_nn_bitshift.u_accel/q_accum/q_accum_reg[0][47]_i_2_n_6
    SLICE_X49Y42         LUT5 (Prop_lut5_I3_O)        0.303    14.995 r  u_accel/gen_nn_bitshift.u_accel/q_accum/q_accum[0][45]_i_1/O
                         net (fo=1, routed)           0.000    14.995    u_accel/gen_nn_bitshift.u_accel/q_accum/q_accum[0][45]_i_1_n_0
    SLICE_X49Y42         FDCE                                         r  u_accel/gen_nn_bitshift.u_accel/q_accum/q_accum_reg[0][45]/D
  -------------------------------------------------------------------    -------------------

                         (clock sys_clk_pin rise edge)
                                                     10.000    10.000 r  
    E3                                                0.000    10.000 r  CLK100MHZ (IN)
                         net (fo=0)                   0.000    10.000    CLK100MHZ
    E3                   IBUF (Prop_ibuf_I_O)         1.411    11.411 r  CLK100MHZ_IBUF_inst/O
                         net (fo=1, routed)           1.920    13.331    CLK100MHZ_IBUF
    BUFGCTRL_X0Y16       BUFG (Prop_bufg_I_O)         0.091    13.422 r  CLK100MHZ_IBUF_BUFG_inst/O
                         net (fo=45158, routed)       1.677    15.099    u_accel/gen_nn_bitshift.u_accel/q_accum/CLK100MHZ_IBUF_BUFG
    SLICE_X49Y42         FDCE                                         r  u_accel/gen_nn_bitshift.u_accel/q_accum/q_accum_reg[0][45]/C
                         clock pessimism              0.195    15.295    
                         clock uncertainty           -0.035    15.259    
    SLICE_X49Y42         FDCE (Setup_fdce_C_D)        0.029    15.288    u_accel/gen_nn_bitshift.u_accel/q_accum/q_accum_reg[0][45]
  -------------------------------------------------------------------
                         required time                         15.288    
                         arrival time                         -14.995    
  -------------------------------------------------------------------
                         slack                                  0.293    

Slack (MET) :             0.301ns  (required time - arrival time)
  Source:                 u_accel/gen_nn_bitshift.u_accel/q_accum/p_0_out__5/CLK
                            (rising edge-triggered cell DSP48E1 clocked by sys_clk_pin  {rise@0.000ns fall@5.000ns period=10.000ns})
  Destination:            u_accel/gen_nn_bitshift.u_accel/q_accum/q_accum_reg[0][48]/D
                            (rising edge-triggered cell FDCE clocked by sys_clk_pin  {rise@0.000ns fall@5.000ns period=10.000ns})
  Path Group:             sys_clk_pin
  Path Type:              Setup (Max at Slow Process Corner)
  Requirement:            10.000ns  (sys_clk_pin rise@10.000ns - sys_clk_pin rise@0.000ns)
  Data Path Delay:        9.517ns  (logic 5.487ns (57.652%)  route 4.030ns (42.348%))
  Logic Levels:           24  (CARRY4=18 LUT4=3 LUT5=3)
  Clock Path Skew:        -0.179ns (DCD - SCD + CPR)
    Destination Clock Delay (DCD):    5.099ns = ( 15.099 - 10.000 ) 
    Source Clock Delay      (SCD):    5.473ns
    Clock Pessimism Removal (CPR):    0.195ns
  Clock Uncertainty:      0.035ns  ((TSJ^2 + TIJ^2)^1/2 + DJ) / 2 + PE
    Total System Jitter     (TSJ):    0.071ns
    Total Input Jitter      (TIJ):    0.000ns
    Discrete Jitter          (DJ):    0.000ns
    Phase Error              (PE):    0.000ns

    Location             Delay type                Incr(ns)  Path(ns)    Netlist Resource(s)
  -------------------------------------------------------------------    -------------------
                         (clock sys_clk_pin rise edge)
                                                      0.000     0.000 r  
    E3                                                0.000     0.000 r  CLK100MHZ (IN)
                         net (fo=0)                   0.000     0.000    CLK100MHZ
    E3                   IBUF (Prop_ibuf_I_O)         1.482     1.482 r  CLK100MHZ_IBUF_inst/O
                         net (fo=1, routed)           2.025     3.506    CLK100MHZ_IBUF
    BUFGCTRL_X0Y16       BUFG (Prop_bufg_I_O)         0.096     3.602 r  CLK100MHZ_IBUF_BUFG_inst/O
                         net (fo=45158, routed)       1.871     5.473    u_accel/gen_nn_bitshift.u_accel/q_accum/CLK100MHZ_IBUF_BUFG
    DSP48_X1Y9           DSP48E1                                      r  u_accel/gen_nn_bitshift.u_accel/q_accum/p_0_out__5/CLK
  -------------------------------------------------------------------    -------------------
    DSP48_X1Y9           DSP48E1 (Prop_dsp48e1_CLK_P[0])
                                                      0.434     5.907 r  u_accel/gen_nn_bitshift.u_accel/q_accum/p_0_out__5/P[0]
                         net (fo=2, routed)           0.768     6.675    u_accel/gen_nn_bitshift.u_accel/q_accum/p_0_out__5_n_105
    SLICE_X52Y21         LUT4 (Prop_lut4_I2_O)        0.124     6.799 r  u_accel/gen_nn_bitshift.u_accel/q_accum/timestep_accum[0][7]_i_14/O
                         net (fo=2, routed)           0.593     7.392    u_accel/gen_nn_bitshift.u_accel/q_accum/timestep_accum[0][7]_i_14_n_0
    SLICE_X53Y21         LUT5 (Prop_lut5_I0_O)        0.124     7.516 r  u_accel/gen_nn_bitshift.u_accel/q_accum/timestep_accum[0][7]_i_17/O
                         net (fo=1, routed)           0.000     7.516    u_accel/gen_nn_bitshift.u_accel/q_accum/timestep_accum[0][7]_i_17_n_0
    SLICE_X53Y21         CARRY4 (Prop_carry4_S[1]_CO[3])
                                                      0.550     8.066 r  u_accel/gen_nn_bitshift.u_accel/q_accum/timestep_accum_reg[0][7]_i_11/CO[3]
                         net (fo=1, routed)           0.000     8.066    u_accel/gen_nn_bitshift.u_accel/q_accum/timestep_accum_reg[0][7]_i_11_n_0
    SLICE_X53Y22         CARRY4 (Prop_carry4_CI_CO[3])
                                                      0.114     8.180 r  u_accel/gen_nn_bitshift.u_accel/q_accum/timestep_accum_reg[0][11]_i_11/CO[3]
                         net (fo=1, routed)           0.000     8.180    u_accel/gen_nn_bitshift.u_accel/q_accum/timestep_accum_reg[0][11]_i_11_n_0
    SLICE_X53Y23         CARRY4 (Prop_carry4_CI_CO[3])
                                                      0.114     8.294 r  u_accel/gen_nn_bitshift.u_accel/q_accum/timestep_accum_reg[0][15]_i_12/CO[3]
                         net (fo=1, routed)           0.000     8.294    u_accel/gen_nn_bitshift.u_accel/q_accum/timestep_accum_reg[0][15]_i_12_n_0
    SLICE_X53Y24         CARRY4 (Prop_carry4_CI_O[0])
                                                      0.222     8.516 r  u_accel/gen_nn_bitshift.u_accel/q_accum/timestep_accum_reg[0][19]_i_11/O[0]
                         net (fo=2, routed)           0.511     9.027    u_accel/gen_nn_bitshift.u_accel/q_accum/timestep_accum_reg[0][19]_i_11_n_7
    SLICE_X52Y22         LUT4 (Prop_lut4_I2_O)        0.299     9.326 r  u_accel/gen_nn_bitshift.u_accel/q_accum/timestep_accum[0][15]_i_5/O
                         net (fo=2, routed)           0.592     9.918    u_accel/gen_nn_bitshift.u_accel/q_accum/timestep_accum[0][15]_i_5_n_0
    SLICE_X50Y24         LUT5 (Prop_lut5_I0_O)        0.124    10.042 r  u_accel/gen_nn_bitshift.u_accel/q_accum/timestep_accum[0][15]_i_9/O
                         net (fo=1, routed)           0.000    10.042    u_accel/gen_nn_bitshift.u_accel/q_accum/timestep_accum[0][15]_i_9_n_0
    SLICE_X50Y24         CARRY4 (Prop_carry4_S[1]_CO[3])
                                                      0.533    10.575 r  u_accel/gen_nn_bitshift.u_accel/q_accum/timestep_accum_reg[0][15]_i_2/CO[3]
                         net (fo=1, routed)           0.009    10.584    u_accel/gen_nn_bitshift.u_accel/q_accum/timestep_accum_reg[0][15]_i_2_n_0
    SLICE_X50Y25         CARRY4 (Prop_carry4_CI_CO[3])
                                                      0.117    10.701 r  u_accel/gen_nn_bitshift.u_accel/q_accum/timestep_accum_reg[0][19]_i_2/CO[3]
                         net (fo=1, routed)           0.000    10.701    u_accel/gen_nn_bitshift.u_accel/q_accum/timestep_accum_reg[0][19]_i_2_n_0
    SLICE_X50Y26         CARRY4 (Prop_carry4_CI_CO[3])
                                                      0.117    10.818 r  u_accel/gen_nn_bitshift.u_accel/q_accum/timestep_accum_reg[0][23]_i_2/CO[3]
                         net (fo=1, routed)           0.000    10.818    u_accel/gen_nn_bitshift.u_accel/q_accum/timestep_accum_reg[0][23]_i_2_n_0
    SLICE_X50Y27         CARRY4 (Prop_carry4_CI_CO[3])
                                                      0.117    10.935 r  u_accel/gen_nn_bitshift.u_accel/q_accum/timestep_accum_reg[0][27]_i_2/CO[3]
                         net (fo=1, routed)           0.000    10.935    u_accel/gen_nn_bitshift.u_accel/q_accum/timestep_accum_reg[0][27]_i_2_n_0
    SLICE_X50Y28         CARRY4 (Prop_carry4_CI_O[1])
                                                      0.323    11.258 r  u_accel/gen_nn_bitshift.u_accel/q_accum/timestep_accum_reg[0][31]_i_2/O[1]
                         net (fo=4, routed)           1.063    12.321    u_accel/gen_nn_bitshift.u_accel/q_accum/full_timestep_sum[0]_472[29]
    SLICE_X48Y33         LUT4 (Prop_lut4_I0_O)        0.306    12.627 r  u_accel/gen_nn_bitshift.u_accel/q_accum/q_accum[0][19]_i_9/O
                         net (fo=1, routed)           0.000    12.627    u_accel/gen_nn_bitshift.u_accel/q_accum/q_accum[0][19]_i_9_n_0
    SLICE_X48Y33         CARRY4 (Prop_carry4_S[1]_CO[3])
                                                      0.550    13.177 r  u_accel/gen_nn_bitshift.u_accel/q_accum/q_accum_reg[0][19]_i_2/CO[3]
                         net (fo=1, routed)           0.000    13.177    u_accel/gen_nn_bitshift.u_accel/q_accum/q_accum_reg[0][19]_i_2_n_0
    SLICE_X48Y34         CARRY4 (Prop_carry4_CI_CO[3])
                                                      0.114    13.291 r  u_accel/gen_nn_bitshift.u_accel/q_accum/q_accum_reg[0][23]_i_2/CO[3]
                         net (fo=1, routed)           0.000    13.291    u_accel/gen_nn_bitshift.u_accel/q_accum/q_accum_reg[0][23]_i_2_n_0
    SLICE_X48Y35         CARRY4 (Prop_carry4_CI_CO[3])
                                                      0.114    13.405 r  u_accel/gen_nn_bitshift.u_accel/q_accum/q_accum_reg[0][27]_i_2/CO[3]
                         net (fo=1, routed)           0.000    13.405    u_accel/gen_nn_bitshift.u_accel/q_accum/q_accum_reg[0][27]_i_2_n_0
    SLICE_X48Y36         CARRY4 (Prop_carry4_CI_CO[3])
                                                      0.114    13.519 r  u_accel/gen_nn_bitshift.u_accel/q_accum/q_accum_reg[0][31]_i_2/CO[3]
                         net (fo=1, routed)           0.000    13.519    u_accel/gen_nn_bitshift.u_accel/q_accum/q_accum_reg[0][31]_i_2_n_0
    SLICE_X48Y37         CARRY4 (Prop_carry4_CI_CO[3])
                                                      0.114    13.633 r  u_accel/gen_nn_bitshift.u_accel/q_accum/q_accum_reg[0][35]_i_2/CO[3]
                         net (fo=1, routed)           0.000    13.633    u_accel/gen_nn_bitshift.u_accel/q_accum/q_accum_reg[0][35]_i_2_n_0
    SLICE_X48Y38         CARRY4 (Prop_carry4_CI_CO[3])
                                                      0.114    13.747 r  u_accel/gen_nn_bitshift.u_accel/q_accum/q_accum_reg[0][39]_i_2/CO[3]
                         net (fo=1, routed)           0.000    13.747    u_accel/gen_nn_bitshift.u_accel/q_accum/q_accum_reg[0][39]_i_2_n_0
    SLICE_X48Y39         CARRY4 (Prop_carry4_CI_CO[3])
                                                      0.114    13.861 r  u_accel/gen_nn_bitshift.u_accel/q_accum/q_accum_reg[0][43]_i_2/CO[3]
                         net (fo=1, routed)           0.000    13.861    u_accel/gen_nn_bitshift.u_accel/q_accum/q_accum_reg[0][43]_i_2_n_0
    SLICE_X48Y40         CARRY4 (Prop_carry4_CI_CO[3])
                                                      0.114    13.975 r  u_accel/gen_nn_bitshift.u_accel/q_accum/q_accum_reg[0][47]_i_2/CO[3]
                         net (fo=1, routed)           0.000    13.975    u_accel/gen_nn_bitshift.u_accel/q_accum/q_accum_reg[0][47]_i_2_n_0
    SLICE_X48Y41         CARRY4 (Prop_carry4_CI_O[0])
                                                      0.222    14.197 r  u_accel/gen_nn_bitshift.u_accel/q_accum/q_accum_reg[0][51]_i_2/O[0]
                         net (fo=1, routed)           0.494    14.692    u_accel/gen_nn_bitshift.u_accel/q_accum/q_accum_reg[0][51]_i_2_n_7
    SLICE_X48Y42         LUT5 (Prop_lut5_I3_O)        0.299    14.991 r  u_accel/gen_nn_bitshift.u_accel/q_accum/q_accum[0][48]_i_1/O
                         net (fo=1, routed)           0.000    14.991    u_accel/gen_nn_bitshift.u_accel/q_accum/q_accum[0][48]_i_1_n_0
    SLICE_X48Y42         FDCE                                         r  u_accel/gen_nn_bitshift.u_accel/q_accum/q_accum_reg[0][48]/D
  -------------------------------------------------------------------    -------------------

                         (clock sys_clk_pin rise edge)
                                                     10.000    10.000 r  
    E3                                                0.000    10.000 r  CLK100MHZ (IN)
                         net (fo=0)                   0.000    10.000    CLK100MHZ
    E3                   IBUF (Prop_ibuf_I_O)         1.411    11.411 r  CLK100MHZ_IBUF_inst/O
                         net (fo=1, routed)           1.920    13.331    CLK100MHZ_IBUF
    BUFGCTRL_X0Y16       BUFG (Prop_bufg_I_O)         0.091    13.422 r  CLK100MHZ_IBUF_BUFG_inst/O
                         net (fo=45158, routed)       1.677    15.099    u_accel/gen_nn_bitshift.u_accel/q_accum/CLK100MHZ_IBUF_BUFG
    SLICE_X48Y42         FDCE                                         r  u_accel/gen_nn_bitshift.u_accel/q_accum/q_accum_reg[0][48]/C
                         clock pessimism              0.195    15.295    
                         clock uncertainty           -0.035    15.259    
    SLICE_X48Y42         FDCE (Setup_fdce_C_D)        0.032    15.291    u_accel/gen_nn_bitshift.u_accel/q_accum/q_accum_reg[0][48]
  -------------------------------------------------------------------
                         required time                         15.291    
                         arrival time                         -14.991    
  -------------------------------------------------------------------
                         slack                                  0.301    

Slack (MET) :             0.305ns  (required time - arrival time)
  Source:                 u_accel/gen_nn_bitshift.u_accel/q_accum/p_0_out__1/CLK
                            (rising edge-triggered cell DSP48E1 clocked by sys_clk_pin  {rise@0.000ns fall@5.000ns period=10.000ns})
  Destination:            u_accel/gen_nn_bitshift.u_accel/q_accum/q_accum_reg[1][51]/D
                            (rising edge-triggered cell FDCE clocked by sys_clk_pin  {rise@0.000ns fall@5.000ns period=10.000ns})
  Path Group:             sys_clk_pin
  Path Type:              Setup (Max at Slow Process Corner)
  Requirement:            10.000ns  (sys_clk_pin rise@10.000ns - sys_clk_pin rise@0.000ns)
  Data Path Delay:        9.512ns  (logic 5.483ns (57.643%)  route 4.029ns (42.357%))
  Logic Levels:           23  (CARRY4=17 LUT4=3 LUT5=3)
  Clock Path Skew:        -0.180ns (DCD - SCD + CPR)
    Destination Clock Delay (DCD):    5.098ns = ( 15.098 - 10.000 ) 
    Source Clock Delay      (SCD):    5.473ns
    Clock Pessimism Removal (CPR):    0.195ns
  Clock Uncertainty:      0.035ns  ((TSJ^2 + TIJ^2)^1/2 + DJ) / 2 + PE
    Total System Jitter     (TSJ):    0.071ns
    Total Input Jitter      (TIJ):    0.000ns
    Discrete Jitter          (DJ):    0.000ns
    Phase Error              (PE):    0.000ns

    Location             Delay type                Incr(ns)  Path(ns)    Netlist Resource(s)
  -------------------------------------------------------------------    -------------------
                         (clock sys_clk_pin rise edge)
                                                      0.000     0.000 r  
    E3                                                0.000     0.000 r  CLK100MHZ (IN)
                         net (fo=0)                   0.000     0.000    CLK100MHZ
    E3                   IBUF (Prop_ibuf_I_O)         1.482     1.482 r  CLK100MHZ_IBUF_inst/O
                         net (fo=1, routed)           2.025     3.506    CLK100MHZ_IBUF
    BUFGCTRL_X0Y16       BUFG (Prop_bufg_I_O)         0.096     3.602 r  CLK100MHZ_IBUF_BUFG_inst/O
                         net (fo=45158, routed)       1.871     5.473    u_accel/gen_nn_bitshift.u_accel/q_accum/CLK100MHZ_IBUF_BUFG
    DSP48_X1Y10          DSP48E1                                      r  u_accel/gen_nn_bitshift.u_accel/q_accum/p_0_out__1/CLK
  -------------------------------------------------------------------    -------------------
    DSP48_X1Y10          DSP48E1 (Prop_dsp48e1_CLK_P[4])
                                                      0.434     5.907 r  u_accel/gen_nn_bitshift.u_accel/q_accum/p_0_out__1/P[4]
                         net (fo=2, routed)           0.940     6.847    u_accel/gen_nn_bitshift.u_accel/q_accum/p_0_out__1_n_101
    SLICE_X55Y24         LUT4 (Prop_lut4_I2_O)        0.124     6.971 r  u_accel/gen_nn_bitshift.u_accel/q_accum/timestep_accum[1][11]_i_14/O
                         net (fo=2, routed)           0.517     7.488    u_accel/gen_nn_bitshift.u_accel/q_accum/timestep_accum[1][11]_i_14_n_0
    SLICE_X57Y24         LUT5 (Prop_lut5_I0_O)        0.124     7.612 r  u_accel/gen_nn_bitshift.u_accel/q_accum/timestep_accum[1][11]_i_18/O
                         net (fo=1, routed)           0.000     7.612    u_accel/gen_nn_bitshift.u_accel/q_accum/timestep_accum[1][11]_i_18_n_0
    SLICE_X57Y24         CARRY4 (Prop_carry4_S[1]_CO[3])
                                                      0.550     8.162 r  u_accel/gen_nn_bitshift.u_accel/q_accum/timestep_accum_reg[1][11]_i_11/CO[3]
                         net (fo=1, routed)           0.009     8.171    u_accel/gen_nn_bitshift.u_accel/q_accum/timestep_accum_reg[1][11]_i_11_n_0
    SLICE_X57Y25         CARRY4 (Prop_carry4_CI_O[0])
                                                      0.222     8.393 r  u_accel/gen_nn_bitshift.u_accel/q_accum/timestep_accum_reg[1][15]_i_11/O[0]
                         net (fo=2, routed)           0.678     9.071    u_accel/gen_nn_bitshift.u_accel/q_accum/timestep_accum_reg[1][15]_i_11_n_7
    SLICE_X56Y21         LUT4 (Prop_lut4_I2_O)        0.299     9.370 r  u_accel/gen_nn_bitshift.u_accel/q_accum/timestep_accum[1][11]_i_5/O
                         net (fo=2, routed)           0.578     9.948    u_accel/gen_nn_bitshift.u_accel/q_accum/timestep_accum[1][11]_i_5_n_0
    SLICE_X56Y24         LUT5 (Prop_lut5_I0_O)        0.124    10.072 r  u_accel/gen_nn_bitshift.u_accel/q_accum/timestep_accum[1][11]_i_9/O
                         net (fo=1, routed)           0.000    10.072    u_accel/gen_nn_bitshift.u_accel/q_accum/timestep_accum[1][11]_i_9_n_0
    SLICE_X56Y24         CARRY4 (Prop_carry4_S[1]_CO[3])
                                                      0.533    10.605 r  u_accel/gen_nn_bitshift.u_accel/q_accum/timestep_accum_reg[1][11]_i_2/CO[3]
                         net (fo=1, routed)           0.009    10.614    u_accel/gen_nn_bitshift.u_accel/q_accum/timestep_accum_reg[1][11]_i_2_n_0
    SLICE_X56Y25         CARRY4 (Prop_carry4_CI_CO[3])
                                                      0.117    10.731 r  u_accel/gen_nn_bitshift.u_accel/q_accum/timestep_accum_reg[1][15]_i_2/CO[3]
                         net (fo=1, routed)           0.000    10.731    u_accel/gen_nn_bitshift.u_accel/q_accum/timestep_accum_reg[1][15]_i_2_n_0
    SLICE_X56Y26         CARRY4 (Prop_carry4_CI_CO[3])
                                                      0.117    10.848 r  u_accel/gen_nn_bitshift.u_accel/q_accum/timestep_accum_reg[1][19]_i_2/CO[3]
                         net (fo=1, routed)           0.000    10.848    u_accel/gen_nn_bitshift.u_accel/q_accum/timestep_accum_reg[1][19]_i_2_n_0
    SLICE_X56Y27         CARRY4 (Prop_carry4_CI_CO[3])
                                                      0.117    10.965 r  u_accel/gen_nn_bitshift.u_accel/q_accum/timestep_accum_reg[1][23]_i_2/CO[3]
                         net (fo=1, routed)           0.000    10.965    u_accel/gen_nn_bitshift.u_accel/q_accum/timestep_accum_reg[1][23]_i_2_n_0
    SLICE_X56Y28         CARRY4 (Prop_carry4_CI_CO[3])
                                                      0.117    11.082 r  u_accel/gen_nn_bitshift.u_accel/q_accum/timestep_accum_reg[1][27]_i_2/CO[3]
                         net (fo=1, routed)           0.000    11.082    u_accel/gen_nn_bitshift.u_accel/q_accum/timestep_accum_reg[1][27]_i_2_n_0
    SLICE_X56Y29         CARRY4 (Prop_carry4_CI_CO[3])
                                                      0.117    11.199 r  u_accel/gen_nn_bitshift.u_accel/q_accum/timestep_accum_reg[1][31]_i_2/CO[3]
                         net (fo=1, routed)           0.000    11.199    u_accel/gen_nn_bitshift.u_accel/q_accum/timestep_accum_reg[1][31]_i_2_n_0
    SLICE_X56Y30         CARRY4 (Prop_carry4_CI_CO[3])
                                                      0.117    11.316 r  u_accel/gen_nn_bitshift.u_accel/q_accum/timestep_accum_reg[1][35]_i_2/CO[3]
                         net (fo=1, routed)           0.000    11.316    u_accel/gen_nn_bitshift.u_accel/q_accum/timestep_accum_reg[1][35]_i_2_n_0
    SLICE_X56Y31         CARRY4 (Prop_carry4_CI_CO[3])
                                                      0.117    11.433 r  u_accel/gen_nn_bitshift.u_accel/q_accum/timestep_accum_reg[1][39]_i_2/CO[3]
                         net (fo=1, routed)           0.000    11.433    u_accel/gen_nn_bitshift.u_accel/q_accum/timestep_accum_reg[1][39]_i_2_n_0
    SLICE_X56Y32         CARRY4 (Prop_carry4_CI_O[1])
                                                      0.323    11.756 r  u_accel/gen_nn_bitshift.u_accel/q_accum/timestep_accum_reg[1][43]_i_2/O[1]
                         net (fo=4, routed)           0.999    12.755    u_accel/gen_nn_bitshift.u_accel/q_accum/full_timestep_sum[1]_471[41]
    SLICE_X51Y37         LUT4 (Prop_lut4_I1_O)        0.306    13.061 r  u_accel/gen_nn_bitshift.u_accel/q_accum/q_accum[1][31]_i_9/O
                         net (fo=1, routed)           0.000    13.061    u_accel/gen_nn_bitshift.u_accel/q_accum/q_accum[1][31]_i_9_n_0
    SLICE_X51Y37         CARRY4 (Prop_carry4_S[1]_CO[3])
                                                      0.550    13.611 r  u_accel/gen_nn_bitshift.u_accel/q_accum/q_accum_reg[1][31]_i_2/CO[3]
                         net (fo=1, routed)           0.000    13.611    u_accel/gen_nn_bitshift.u_accel/q_accum/q_accum_reg[1][31]_i_2_n_0
    SLICE_X51Y38         CARRY4 (Prop_carry4_CI_CO[3])
                                                      0.114    13.725 r  u_accel/gen_nn_bitshift.u_accel/q_accum/q_accum_reg[1][35]_i_2/CO[3]
                         net (fo=1, routed)           0.000    13.725    u_accel/gen_nn_bitshift.u_accel/q_accum/q_accum_reg[1][35]_i_2_n_0
    SLICE_X51Y39         CARRY4 (Prop_carry4_CI_CO[3])
                                                      0.114    13.839 r  u_accel/gen_nn_bitshift.u_accel/q_accum/q_accum_reg[1][39]_i_2/CO[3]
                         net (fo=1, routed)           0.000    13.839    u_accel/gen_nn_bitshift.u_accel/q_accum/q_accum_reg[1][39]_i_2_n_0
    SLICE_X51Y40         CARRY4 (Prop_carry4_CI_CO[3])
                                                      0.114    13.953 r  u_accel/gen_nn_bitshift.u_accel/q_accum/q_accum_reg[1][43]_i_2/CO[3]
                         net (fo=1, routed)           0.000    13.953    u_accel/gen_nn_bitshift.u_accel/q_accum/q_accum_reg[1][43]_i_2_n_0
    SLICE_X51Y41         CARRY4 (Prop_carry4_CI_CO[3])
                                                      0.114    14.067 r  u_accel/gen_nn_bitshift.u_accel/q_accum/q_accum_reg[1][47]_i_2/CO[3]
                         net (fo=1, routed)           0.000    14.067    u_accel/gen_nn_bitshift.u_accel/q_accum/q_accum_reg[1][47]_i_2_n_0
    SLICE_X51Y42         CARRY4 (Prop_carry4_CI_O[3])
                                                      0.313    14.380 r  u_accel/gen_nn_bitshift.u_accel/q_accum/q_accum_reg[1][51]_i_3/O[3]
                         net (fo=1, routed)           0.300    14.679    u_accel/gen_nn_bitshift.u_accel/q_accum/q_accum_reg[1][51]_i_3_n_4
    SLICE_X51Y43         LUT5 (Prop_lut5_I3_O)        0.306    14.985 r  u_accel/gen_nn_bitshift.u_accel/q_accum/q_accum[1][51]_i_2/O
                         net (fo=1, routed)           0.000    14.985    u_accel/gen_nn_bitshift.u_accel/q_accum/q_accum[51]
    SLICE_X51Y43         FDCE                                         r  u_accel/gen_nn_bitshift.u_accel/q_accum/q_accum_reg[1][51]/D
  -------------------------------------------------------------------    -------------------

                         (clock sys_clk_pin rise edge)
                                                     10.000    10.000 r  
    E3                                                0.000    10.000 r  CLK100MHZ (IN)
                         net (fo=0)                   0.000    10.000    CLK100MHZ
    E3                   IBUF (Prop_ibuf_I_O)         1.411    11.411 r  CLK100MHZ_IBUF_inst/O
                         net (fo=1, routed)           1.920    13.331    CLK100MHZ_IBUF
    BUFGCTRL_X0Y16       BUFG (Prop_bufg_I_O)         0.091    13.422 r  CLK100MHZ_IBUF_BUFG_inst/O
                         net (fo=45158, routed)       1.676    15.098    u_accel/gen_nn_bitshift.u_accel/q_accum/CLK100MHZ_IBUF_BUFG
    SLICE_X51Y43         FDCE                                         r  u_accel/gen_nn_bitshift.u_accel/q_accum/q_accum_reg[1][51]/C
                         clock pessimism              0.195    15.294    
                         clock uncertainty           -0.035    15.258    
    SLICE_X51Y43         FDCE (Setup_fdce_C_D)        0.032    15.290    u_accel/gen_nn_bitshift.u_accel/q_accum/q_accum_reg[1][51]
  -------------------------------------------------------------------
                         required time                         15.290    
                         arrival time                         -14.985    
  -------------------------------------------------------------------
                         slack                                  0.305    

Slack (MET) :             0.321ns  (required time - arrival time)
  Source:                 u_accel/gen_nn_bitshift.u_accel/q_accum/p_0_out__5/CLK
                            (rising edge-triggered cell DSP48E1 clocked by sys_clk_pin  {rise@0.000ns fall@5.000ns period=10.000ns})
  Destination:            u_accel/gen_nn_bitshift.u_accel/q_accum/q_accum_reg[0][46]/D
                            (rising edge-triggered cell FDCE clocked by sys_clk_pin  {rise@0.000ns fall@5.000ns period=10.000ns})
  Path Group:             sys_clk_pin
  Path Type:              Setup (Max at Slow Process Corner)
  Requirement:            10.000ns  (sys_clk_pin rise@10.000ns - sys_clk_pin rise@0.000ns)
  Data Path Delay:        9.496ns  (logic 5.393ns (56.791%)  route 4.103ns (43.209%))
  Logic Levels:           23  (CARRY4=17 LUT4=3 LUT5=3)
  Clock Path Skew:        -0.179ns (DCD - SCD + CPR)
    Destination Clock Delay (DCD):    5.099ns = ( 15.099 - 10.000 ) 
    Source Clock Delay      (SCD):    5.473ns
    Clock Pessimism Removal (CPR):    0.195ns
  Clock Uncertainty:      0.035ns  ((TSJ^2 + TIJ^2)^1/2 + DJ) / 2 + PE
    Total System Jitter     (TSJ):    0.071ns
    Total Input Jitter      (TIJ):    0.000ns
    Discrete Jitter          (DJ):    0.000ns
    Phase Error              (PE):    0.000ns

    Location             Delay type                Incr(ns)  Path(ns)    Netlist Resource(s)
  -------------------------------------------------------------------    -------------------
                         (clock sys_clk_pin rise edge)
                                                      0.000     0.000 r  
    E3                                                0.000     0.000 r  CLK100MHZ (IN)
                         net (fo=0)                   0.000     0.000    CLK100MHZ
    E3                   IBUF (Prop_ibuf_I_O)         1.482     1.482 r  CLK100MHZ_IBUF_inst/O
                         net (fo=1, routed)           2.025     3.506    CLK100MHZ_IBUF
    BUFGCTRL_X0Y16       BUFG (Prop_bufg_I_O)         0.096     3.602 r  CLK100MHZ_IBUF_BUFG_inst/O
                         net (fo=45158, routed)       1.871     5.473    u_accel/gen_nn_bitshift.u_accel/q_accum/CLK100MHZ_IBUF_BUFG
    DSP48_X1Y9           DSP48E1                                      r  u_accel/gen_nn_bitshift.u_accel/q_accum/p_0_out__5/CLK
  -------------------------------------------------------------------    -------------------
    DSP48_X1Y9           DSP48E1 (Prop_dsp48e1_CLK_P[0])
                                                      0.434     5.907 r  u_accel/gen_nn_bitshift.u_accel/q_accum/p_0_out__5/P[0]
                         net (fo=2, routed)           0.768     6.675    u_accel/gen_nn_bitshift.u_accel/q_accum/p_0_out__5_n_105
    SLICE_X52Y21         LUT4 (Prop_lut4_I2_O)        0.124     6.799 r  u_accel/gen_nn_bitshift.u_accel/q_accum/timestep_accum[0][7]_i_14/O
                         net (fo=2, routed)           0.593     7.392    u_accel/gen_nn_bitshift.u_accel/q_accum/timestep_accum[0][7]_i_14_n_0
    SLICE_X53Y21         LUT5 (Prop_lut5_I0_O)        0.124     7.516 r  u_accel/gen_nn_bitshift.u_accel/q_accum/timestep_accum[0][7]_i_17/O
                         net (fo=1, routed)           0.000     7.516    u_accel/gen_nn_bitshift.u_accel/q_accum/timestep_accum[0][7]_i_17_n_0
    SLICE_X53Y21         CARRY4 (Prop_carry4_S[1]_CO[3])
                                                      0.550     8.066 r  u_accel/gen_nn_bitshift.u_accel/q_accum/timestep_accum_reg[0][7]_i_11/CO[3]
                         net (fo=1, routed)           0.000     8.066    u_accel/gen_nn_bitshift.u_accel/q_accum/timestep_accum_reg[0][7]_i_11_n_0
    SLICE_X53Y22         CARRY4 (Prop_carry4_CI_CO[3])
                                                      0.114     8.180 r  u_accel/gen_nn_bitshift.u_accel/q_accum/timestep_accum_reg[0][11]_i_11/CO[3]
                         net (fo=1, routed)           0.000     8.180    u_accel/gen_nn_bitshift.u_accel/q_accum/timestep_accum_reg[0][11]_i_11_n_0
    SLICE_X53Y23         CARRY4 (Prop_carry4_CI_CO[3])
                                                      0.114     8.294 r  u_accel/gen_nn_bitshift.u_accel/q_accum/timestep_accum_reg[0][15]_i_12/CO[3]
                         net (fo=1, routed)           0.000     8.294    u_accel/gen_nn_bitshift.u_accel/q_accum/timestep_accum_reg[0][15]_i_12_n_0
    SLICE_X53Y24         CARRY4 (Prop_carry4_CI_O[0])
                                                      0.222     8.516 r  u_accel/gen_nn_bitshift.u_accel/q_accum/timestep_accum_reg[0][19]_i_11/O[0]
                         net (fo=2, routed)           0.511     9.027    u_accel/gen_nn_bitshift.u_accel/q_accum/timestep_accum_reg[0][19]_i_11_n_7
    SLICE_X52Y22         LUT4 (Prop_lut4_I2_O)        0.299     9.326 r  u_accel/gen_nn_bitshift.u_accel/q_accum/timestep_accum[0][15]_i_5/O
                         net (fo=2, routed)           0.592     9.918    u_accel/gen_nn_bitshift.u_accel/q_accum/timestep_accum[0][15]_i_5_n_0
    SLICE_X50Y24         LUT5 (Prop_lut5_I0_O)        0.124    10.042 r  u_accel/gen_nn_bitshift.u_accel/q_accum/timestep_accum[0][15]_i_9/O
                         net (fo=1, routed)           0.000    10.042    u_accel/gen_nn_bitshift.u_accel/q_accum/timestep_accum[0][15]_i_9_n_0
    SLICE_X50Y24         CARRY4 (Prop_carry4_S[1]_CO[3])
                                                      0.533    10.575 r  u_accel/gen_nn_bitshift.u_accel/q_accum/timestep_accum_reg[0][15]_i_2/CO[3]
                         net (fo=1, routed)           0.009    10.584    u_accel/gen_nn_bitshift.u_accel/q_accum/timestep_accum_reg[0][15]_i_2_n_0
    SLICE_X50Y25         CARRY4 (Prop_carry4_CI_CO[3])
                                                      0.117    10.701 r  u_accel/gen_nn_bitshift.u_accel/q_accum/timestep_accum_reg[0][19]_i_2/CO[3]
                         net (fo=1, routed)           0.000    10.701    u_accel/gen_nn_bitshift.u_accel/q_accum/timestep_accum_reg[0][19]_i_2_n_0
    SLICE_X50Y26         CARRY4 (Prop_carry4_CI_CO[3])
                                                      0.117    10.818 r  u_accel/gen_nn_bitshift.u_accel/q_accum/timestep_accum_reg[0][23]_i_2/CO[3]
                         net (fo=1, routed)           0.000    10.818    u_accel/gen_nn_bitshift.u_accel/q_accum/timestep_accum_reg[0][23]_i_2_n_0
    SLICE_X50Y27         CARRY4 (Prop_carry4_CI_CO[3])
                                                      0.117    10.935 r  u_accel/gen_nn_bitshift.u_accel/q_accum/timestep_accum_reg[0][27]_i_2/CO[3]
                         net (fo=1, routed)           0.000    10.935    u_accel/gen_nn_bitshift.u_accel/q_accum/timestep_accum_reg[0][27]_i_2_n_0
    SLICE_X50Y28         CARRY4 (Prop_carry4_CI_O[1])
                                                      0.323    11.258 r  u_accel/gen_nn_bitshift.u_accel/q_accum/timestep_accum_reg[0][31]_i_2/O[1]
                         net (fo=4, routed)           1.063    12.321    u_accel/gen_nn_bitshift.u_accel/q_accum/full_timestep_sum[0]_472[29]
    SLICE_X48Y33         LUT4 (Prop_lut4_I0_O)        0.306    12.627 r  u_accel/gen_nn_bitshift.u_accel/q_accum/q_accum[0][19]_i_9/O
                         net (fo=1, routed)           0.000    12.627    u_accel/gen_nn_bitshift.u_accel/q_accum/q_accum[0][19]_i_9_n_0
    SLICE_X48Y33         CARRY4 (Prop_carry4_S[1]_CO[3])
                                                      0.550    13.177 r  u_accel/gen_nn_bitshift.u_accel/q_accum/q_accum_reg[0][19]_i_2/CO[3]
                         net (fo=1, routed)           0.000    13.177    u_accel/gen_nn_bitshift.u_accel/q_accum/q_accum_reg[0][19]_i_2_n_0
    SLICE_X48Y34         CARRY4 (Prop_carry4_CI_CO[3])
                                                      0.114    13.291 r  u_accel/gen_nn_bitshift.u_accel/q_accum/q_accum_reg[0][23]_i_2/CO[3]
                         net (fo=1, routed)           0.000    13.291    u_accel/gen_nn_bitshift.u_accel/q_accum/q_accum_reg[0][23]_i_2_n_0
    SLICE_X48Y35         CARRY4 (Prop_carry4_CI_CO[3])
                                                      0.114    13.405 r  u_accel/gen_nn_bitshift.u_accel/q_accum/q_accum_reg[0][27]_i_2/CO[3]
                         net (fo=1, routed)           0.000    13.405    u_accel/gen_nn_bitshift.u_accel/q_accum/q_accum_reg[0][27]_i_2_n_0
    SLICE_X48Y36         CARRY4 (Prop_carry4_CI_CO[3])
                                                      0.114    13.519 r  u_accel/gen_nn_bitshift.u_accel/q_accum/q_accum_reg[0][31]_i_2/CO[3]
                         net (fo=1, routed)           0.000    13.519    u_accel/gen_nn_bitshift.u_accel/q_accum/q_accum_reg[0][31]_i_2_n_0
    SLICE_X48Y37         CARRY4 (Prop_carry4_CI_CO[3])
                                                      0.114    13.633 r  u_accel/gen_nn_bitshift.u_accel/q_accum/q_accum_reg[0][35]_i_2/CO[3]
                         net (fo=1, routed)           0.000    13.633    u_accel/gen_nn_bitshift.u_accel/q_accum/q_accum_reg[0][35]_i_2_n_0
    SLICE_X48Y38         CARRY4 (Prop_carry4_CI_CO[3])
                                                      0.114    13.747 r  u_accel/gen_nn_bitshift.u_accel/q_accum/q_accum_reg[0][39]_i_2/CO[3]
                         net (fo=1, routed)           0.000    13.747    u_accel/gen_nn_bitshift.u_accel/q_accum/q_accum_reg[0][39]_i_2_n_0
    SLICE_X48Y39         CARRY4 (Prop_carry4_CI_CO[3])
                                                      0.114    13.861 r  u_accel/gen_nn_bitshift.u_accel/q_accum/q_accum_reg[0][43]_i_2/CO[3]
                         net (fo=1, routed)           0.000    13.861    u_accel/gen_nn_bitshift.u_accel/q_accum/q_accum_reg[0][43]_i_2_n_0
    SLICE_X48Y40         CARRY4 (Prop_carry4_CI_O[2])
                                                      0.239    14.100 r  u_accel/gen_nn_bitshift.u_accel/q_accum/q_accum_reg[0][47]_i_2/O[2]
                         net (fo=1, routed)           0.567    14.667    u_accel/gen_nn_bitshift.u_accel/q_accum/q_accum_reg[0][47]_i_2_n_5
    SLICE_X48Y42         LUT5 (Prop_lut5_I3_O)        0.302    14.969 r  u_accel/gen_nn_bitshift.u_accel/q_accum/q_accum[0][46]_i_1/O
                         net (fo=1, routed)           0.000    14.969    u_accel/gen_nn_bitshift.u_accel/q_accum/q_accum[0][46]_i_1_n_0
    SLICE_X48Y42         FDCE                                         r  u_accel/gen_nn_bitshift.u_accel/q_accum/q_accum_reg[0][46]/D
  -------------------------------------------------------------------    -------------------

                         (clock sys_clk_pin rise edge)
                                                     10.000    10.000 r  
    E3                                                0.000    10.000 r  CLK100MHZ (IN)
                         net (fo=0)                   0.000    10.000    CLK100MHZ
    E3                   IBUF (Prop_ibuf_I_O)         1.411    11.411 r  CLK100MHZ_IBUF_inst/O
                         net (fo=1, routed)           1.920    13.331    CLK100MHZ_IBUF
    BUFGCTRL_X0Y16       BUFG (Prop_bufg_I_O)         0.091    13.422 r  CLK100MHZ_IBUF_BUFG_inst/O
                         net (fo=45158, routed)       1.677    15.099    u_accel/gen_nn_bitshift.u_accel/q_accum/CLK100MHZ_IBUF_BUFG
    SLICE_X48Y42         FDCE                                         r  u_accel/gen_nn_bitshift.u_accel/q_accum/q_accum_reg[0][46]/C
                         clock pessimism              0.195    15.295    
                         clock uncertainty           -0.035    15.259    
    SLICE_X48Y42         FDCE (Setup_fdce_C_D)        0.031    15.290    u_accel/gen_nn_bitshift.u_accel/q_accum/q_accum_reg[0][46]
  -------------------------------------------------------------------
                         required time                         15.290    
                         arrival time                         -14.969    
  -------------------------------------------------------------------
                         slack                                  0.321    

Slack (MET) :             0.325ns  (required time - arrival time)
  Source:                 u_accel/gen_nn_bitshift.u_accel/q_accum/p_0_out__5/CLK
                            (rising edge-triggered cell DSP48E1 clocked by sys_clk_pin  {rise@0.000ns fall@5.000ns period=10.000ns})
  Destination:            u_accel/gen_nn_bitshift.u_accel/q_accum/q_accum_reg[0][49]/D
                            (rising edge-triggered cell FDCE clocked by sys_clk_pin  {rise@0.000ns fall@5.000ns period=10.000ns})
  Path Group:             sys_clk_pin
  Path Type:              Setup (Max at Slow Process Corner)
  Requirement:            10.000ns  (sys_clk_pin rise@10.000ns - sys_clk_pin rise@0.000ns)
  Data Path Delay:        9.490ns  (logic 5.603ns (59.040%)  route 3.887ns (40.960%))
  Logic Levels:           24  (CARRY4=18 LUT4=3 LUT5=3)
  Clock Path Skew:        -0.179ns (DCD - SCD + CPR)
    Destination Clock Delay (DCD):    5.099ns = ( 15.099 - 10.000 ) 
    Source Clock Delay      (SCD):    5.473ns
    Clock Pessimism Removal (CPR):    0.195ns
  Clock Uncertainty:      0.035ns  ((TSJ^2 + TIJ^2)^1/2 + DJ) / 2 + PE
    Total System Jitter     (TSJ):    0.071ns
    Total Input Jitter      (TIJ):    0.000ns
    Discrete Jitter          (DJ):    0.000ns
    Phase Error              (PE):    0.000ns

    Location             Delay type                Incr(ns)  Path(ns)    Netlist Resource(s)
  -------------------------------------------------------------------    -------------------
                         (clock sys_clk_pin rise edge)
                                                      0.000     0.000 r  
    E3                                                0.000     0.000 r  CLK100MHZ (IN)
                         net (fo=0)                   0.000     0.000    CLK100MHZ
    E3                   IBUF (Prop_ibuf_I_O)         1.482     1.482 r  CLK100MHZ_IBUF_inst/O
                         net (fo=1, routed)           2.025     3.506    CLK100MHZ_IBUF
    BUFGCTRL_X0Y16       BUFG (Prop_bufg_I_O)         0.096     3.602 r  CLK100MHZ_IBUF_BUFG_inst/O
                         net (fo=45158, routed)       1.871     5.473    u_accel/gen_nn_bitshift.u_accel/q_accum/CLK100MHZ_IBUF_BUFG
    DSP48_X1Y9           DSP48E1                                      r  u_accel/gen_nn_bitshift.u_accel/q_accum/p_0_out__5/CLK
  -------------------------------------------------------------------    -------------------
    DSP48_X1Y9           DSP48E1 (Prop_dsp48e1_CLK_P[0])
                                                      0.434     5.907 r  u_accel/gen_nn_bitshift.u_accel/q_accum/p_0_out__5/P[0]
                         net (fo=2, routed)           0.768     6.675    u_accel/gen_nn_bitshift.u_accel/q_accum/p_0_out__5_n_105
    SLICE_X52Y21         LUT4 (Prop_lut4_I2_O)        0.124     6.799 r  u_accel/gen_nn_bitshift.u_accel/q_accum/timestep_accum[0][7]_i_14/O
                         net (fo=2, routed)           0.593     7.392    u_accel/gen_nn_bitshift.u_accel/q_accum/timestep_accum[0][7]_i_14_n_0
    SLICE_X53Y21         LUT5 (Prop_lut5_I0_O)        0.124     7.516 r  u_accel/gen_nn_bitshift.u_accel/q_accum/timestep_accum[0][7]_i_17/O
                         net (fo=1, routed)           0.000     7.516    u_accel/gen_nn_bitshift.u_accel/q_accum/timestep_accum[0][7]_i_17_n_0
    SLICE_X53Y21         CARRY4 (Prop_carry4_S[1]_CO[3])
                                                      0.550     8.066 r  u_accel/gen_nn_bitshift.u_accel/q_accum/timestep_accum_reg[0][7]_i_11/CO[3]
                         net (fo=1, routed)           0.000     8.066    u_accel/gen_nn_bitshift.u_accel/q_accum/timestep_accum_reg[0][7]_i_11_n_0
    SLICE_X53Y22         CARRY4 (Prop_carry4_CI_CO[3])
                                                      0.114     8.180 r  u_accel/gen_nn_bitshift.u_accel/q_accum/timestep_accum_reg[0][11]_i_11/CO[3]
                         net (fo=1, routed)           0.000     8.180    u_accel/gen_nn_bitshift.u_accel/q_accum/timestep_accum_reg[0][11]_i_11_n_0
    SLICE_X53Y23         CARRY4 (Prop_carry4_CI_CO[3])
                                                      0.114     8.294 r  u_accel/gen_nn_bitshift.u_accel/q_accum/timestep_accum_reg[0][15]_i_12/CO[3]
                         net (fo=1, routed)           0.000     8.294    u_accel/gen_nn_bitshift.u_accel/q_accum/timestep_accum_reg[0][15]_i_12_n_0
    SLICE_X53Y24         CARRY4 (Prop_carry4_CI_O[0])
                                                      0.222     8.516 r  u_accel/gen_nn_bitshift.u_accel/q_accum/timestep_accum_reg[0][19]_i_11/O[0]
                         net (fo=2, routed)           0.511     9.027    u_accel/gen_nn_bitshift.u_accel/q_accum/timestep_accum_reg[0][19]_i_11_n_7
    SLICE_X52Y22         LUT4 (Prop_lut4_I2_O)        0.299     9.326 r  u_accel/gen_nn_bitshift.u_accel/q_accum/timestep_accum[0][15]_i_5/O
                         net (fo=2, routed)           0.592     9.918    u_accel/gen_nn_bitshift.u_accel/q_accum/timestep_accum[0][15]_i_5_n_0
    SLICE_X50Y24         LUT5 (Prop_lut5_I0_O)        0.124    10.042 r  u_accel/gen_nn_bitshift.u_accel/q_accum/timestep_accum[0][15]_i_9/O
                         net (fo=1, routed)           0.000    10.042    u_accel/gen_nn_bitshift.u_accel/q_accum/timestep_accum[0][15]_i_9_n_0
    SLICE_X50Y24         CARRY4 (Prop_carry4_S[1]_CO[3])
                                                      0.533    10.575 r  u_accel/gen_nn_bitshift.u_accel/q_accum/timestep_accum_reg[0][15]_i_2/CO[3]
                         net (fo=1, routed)           0.009    10.584    u_accel/gen_nn_bitshift.u_accel/q_accum/timestep_accum_reg[0][15]_i_2_n_0
    SLICE_X50Y25         CARRY4 (Prop_carry4_CI_CO[3])
                                                      0.117    10.701 r  u_accel/gen_nn_bitshift.u_accel/q_accum/timestep_accum_reg[0][19]_i_2/CO[3]
                         net (fo=1, routed)           0.000    10.701    u_accel/gen_nn_bitshift.u_accel/q_accum/timestep_accum_reg[0][19]_i_2_n_0
    SLICE_X50Y26         CARRY4 (Prop_carry4_CI_CO[3])
                                                      0.117    10.818 r  u_accel/gen_nn_bitshift.u_accel/q_accum/timestep_accum_reg[0][23]_i_2/CO[3]
                         net (fo=1, routed)           0.000    10.818    u_accel/gen_nn_bitshift.u_accel/q_accum/timestep_accum_reg[0][23]_i_2_n_0
    SLICE_X50Y27         CARRY4 (Prop_carry4_CI_CO[3])
                                                      0.117    10.935 r  u_accel/gen_nn_bitshift.u_accel/q_accum/timestep_accum_reg[0][27]_i_2/CO[3]
                         net (fo=1, routed)           0.000    10.935    u_accel/gen_nn_bitshift.u_accel/q_accum/timestep_accum_reg[0][27]_i_2_n_0
    SLICE_X50Y28         CARRY4 (Prop_carry4_CI_O[1])
                                                      0.323    11.258 r  u_accel/gen_nn_bitshift.u_accel/q_accum/timestep_accum_reg[0][31]_i_2/O[1]
                         net (fo=4, routed)           1.063    12.321    u_accel/gen_nn_bitshift.u_accel/q_accum/full_timestep_sum[0]_472[29]
    SLICE_X48Y33         LUT4 (Prop_lut4_I0_O)        0.306    12.627 r  u_accel/gen_nn_bitshift.u_accel/q_accum/q_accum[0][19]_i_9/O
                         net (fo=1, routed)           0.000    12.627    u_accel/gen_nn_bitshift.u_accel/q_accum/q_accum[0][19]_i_9_n_0
    SLICE_X48Y33         CARRY4 (Prop_carry4_S[1]_CO[3])
                                                      0.550    13.177 r  u_accel/gen_nn_bitshift.u_accel/q_accum/q_accum_reg[0][19]_i_2/CO[3]
                         net (fo=1, routed)           0.000    13.177    u_accel/gen_nn_bitshift.u_accel/q_accum/q_accum_reg[0][19]_i_2_n_0
    SLICE_X48Y34         CARRY4 (Prop_carry4_CI_CO[3])
                                                      0.114    13.291 r  u_accel/gen_nn_bitshift.u_accel/q_accum/q_accum_reg[0][23]_i_2/CO[3]
                         net (fo=1, routed)           0.000    13.291    u_accel/gen_nn_bitshift.u_accel/q_accum/q_accum_reg[0][23]_i_2_n_0
    SLICE_X48Y35         CARRY4 (Prop_carry4_CI_CO[3])
                                                      0.114    13.405 r  u_accel/gen_nn_bitshift.u_accel/q_accum/q_accum_reg[0][27]_i_2/CO[3]
                         net (fo=1, routed)           0.000    13.405    u_accel/gen_nn_bitshift.u_accel/q_accum/q_accum_reg[0][27]_i_2_n_0
    SLICE_X48Y36         CARRY4 (Prop_carry4_CI_CO[3])
                                                      0.114    13.519 r  u_accel/gen_nn_bitshift.u_accel/q_accum/q_accum_reg[0][31]_i_2/CO[3]
                         net (fo=1, routed)           0.000    13.519    u_accel/gen_nn_bitshift.u_accel/q_accum/q_accum_reg[0][31]_i_2_n_0
    SLICE_X48Y37         CARRY4 (Prop_carry4_CI_CO[3])
                                                      0.114    13.633 r  u_accel/gen_nn_bitshift.u_accel/q_accum/q_accum_reg[0][35]_i_2/CO[3]
                         net (fo=1, routed)           0.000    13.633    u_accel/gen_nn_bitshift.u_accel/q_accum/q_accum_reg[0][35]_i_2_n_0
    SLICE_X48Y38         CARRY4 (Prop_carry4_CI_CO[3])
                                                      0.114    13.747 r  u_accel/gen_nn_bitshift.u_accel/q_accum/q_accum_reg[0][39]_i_2/CO[3]
                         net (fo=1, routed)           0.000    13.747    u_accel/gen_nn_bitshift.u_accel/q_accum/q_accum_reg[0][39]_i_2_n_0
    SLICE_X48Y39         CARRY4 (Prop_carry4_CI_CO[3])
                                                      0.114    13.861 r  u_accel/gen_nn_bitshift.u_accel/q_accum/q_accum_reg[0][43]_i_2/CO[3]
                         net (fo=1, routed)           0.000    13.861    u_accel/gen_nn_bitshift.u_accel/q_accum/q_accum_reg[0][43]_i_2_n_0
    SLICE_X48Y40         CARRY4 (Prop_carry4_CI_CO[3])
                                                      0.114    13.975 r  u_accel/gen_nn_bitshift.u_accel/q_accum/q_accum_reg[0][47]_i_2/CO[3]
                         net (fo=1, routed)           0.000    13.975    u_accel/gen_nn_bitshift.u_accel/q_accum/q_accum_reg[0][47]_i_2_n_0
    SLICE_X48Y41         CARRY4 (Prop_carry4_CI_O[1])
                                                      0.334    14.309 r  u_accel/gen_nn_bitshift.u_accel/q_accum/q_accum_reg[0][51]_i_2/O[1]
                         net (fo=1, routed)           0.351    14.660    u_accel/gen_nn_bitshift.u_accel/q_accum/q_accum_reg[0][51]_i_2_n_6
    SLICE_X49Y41         LUT5 (Prop_lut5_I3_O)        0.303    14.963 r  u_accel/gen_nn_bitshift.u_accel/q_accum/q_accum[0][49]_i_1/O
                         net (fo=1, routed)           0.000    14.963    u_accel/gen_nn_bitshift.u_accel/q_accum/q_accum[0][49]_i_1_n_0
    SLICE_X49Y41         FDCE                                         r  u_accel/gen_nn_bitshift.u_accel/q_accum/q_accum_reg[0][49]/D
  -------------------------------------------------------------------    -------------------

                         (clock sys_clk_pin rise edge)
                                                     10.000    10.000 r  
    E3                                                0.000    10.000 r  CLK100MHZ (IN)
                         net (fo=0)                   0.000    10.000    CLK100MHZ
    E3                   IBUF (Prop_ibuf_I_O)         1.411    11.411 r  CLK100MHZ_IBUF_inst/O
                         net (fo=1, routed)           1.920    13.331    CLK100MHZ_IBUF
    BUFGCTRL_X0Y16       BUFG (Prop_bufg_I_O)         0.091    13.422 r  CLK100MHZ_IBUF_BUFG_inst/O
                         net (fo=45158, routed)       1.677    15.099    u_accel/gen_nn_bitshift.u_accel/q_accum/CLK100MHZ_IBUF_BUFG
    SLICE_X49Y41         FDCE                                         r  u_accel/gen_nn_bitshift.u_accel/q_accum/q_accum_reg[0][49]/C
                         clock pessimism              0.195    15.295    
                         clock uncertainty           -0.035    15.259    
    SLICE_X49Y41         FDCE (Setup_fdce_C_D)        0.029    15.288    u_accel/gen_nn_bitshift.u_accel/q_accum/q_accum_reg[0][49]
  -------------------------------------------------------------------
                         required time                         15.288    
                         arrival time                         -14.963    
  -------------------------------------------------------------------
                         slack                                  0.325    

Slack (MET) :             0.327ns  (required time - arrival time)
  Source:                 u_accel/gen_nn_bitshift.u_accel/fc2/input_idx_reg[1]/C
                            (rising edge-triggered cell FDCE clocked by sys_clk_pin  {rise@0.000ns fall@5.000ns period=10.000ns})
  Destination:            u_accel/gen_nn_bitshift.u_accel/fc2/accums_reg[1][0]/D
                            (rising edge-triggered cell FDCE clocked by sys_clk_pin  {rise@0.000ns fall@5.000ns period=10.000ns})
  Path Group:             sys_clk_pin
  Path Type:              Setup (Max at Slow Process Corner)
  Requirement:            10.000ns  (sys_clk_pin rise@10.000ns - sys_clk_pin rise@0.000ns)
  Data Path Delay:        9.673ns  (logic 5.196ns (53.717%)  route 4.477ns (46.283%))
  Logic Levels:           6  (DSP48E1=1 LUT2=1 LUT6=2 MUXF7=1 MUXF8=1)
  Clock Path Skew:        -0.040ns (DCD - SCD + CPR)
    Destination Clock Delay (DCD):    5.106ns = ( 15.106 - 10.000 ) 
    Source Clock Delay      (SCD):    5.414ns
    Clock Pessimism Removal (CPR):    0.267ns
  Clock Uncertainty:      0.035ns  ((TSJ^2 + TIJ^2)^1/2 + DJ) / 2 + PE
    Total System Jitter     (TSJ):    0.071ns
    Total Input Jitter      (TIJ):    0.000ns
    Discrete Jitter          (DJ):    0.000ns
    Phase Error              (PE):    0.000ns

    Location             Delay type                Incr(ns)  Path(ns)    Netlist Resource(s)
  -------------------------------------------------------------------    -------------------
                         (clock sys_clk_pin rise edge)
                                                      0.000     0.000 r  
    E3                                                0.000     0.000 r  CLK100MHZ (IN)
                         net (fo=0)                   0.000     0.000    CLK100MHZ
    E3                   IBUF (Prop_ibuf_I_O)         1.482     1.482 r  CLK100MHZ_IBUF_inst/O
                         net (fo=1, routed)           2.025     3.506    CLK100MHZ_IBUF
    BUFGCTRL_X0Y16       BUFG (Prop_bufg_I_O)         0.096     3.602 r  CLK100MHZ_IBUF_BUFG_inst/O
                         net (fo=45158, routed)       1.811     5.414    u_accel/gen_nn_bitshift.u_accel/fc2/CLK100MHZ_IBUF_BUFG
    SLICE_X43Y49         FDCE                                         r  u_accel/gen_nn_bitshift.u_accel/fc2/input_idx_reg[1]/C
  -------------------------------------------------------------------    -------------------
    SLICE_X43Y49         FDCE (Prop_fdce_C_Q)         0.456     5.870 r  u_accel/gen_nn_bitshift.u_accel/fc2/input_idx_reg[1]/Q
                         net (fo=136, routed)         1.200     7.070    u_accel/gen_nn_bitshift.u_accel/fc2/input_idx_reg[5]_0[1]
    SLICE_X43Y49         LUT6 (Prop_lut6_I2_O)        0.124     7.194 r  u_accel/gen_nn_bitshift.u_accel/fc2/accums_reg[0]1_i_62/O
                         net (fo=1, routed)           0.000     7.194    u_accel/gen_nn_bitshift.u_accel/fc2/accums_reg[0]1_i_62_n_0
    SLICE_X43Y49         MUXF7 (Prop_muxf7_I0_O)      0.212     7.406 r  u_accel/gen_nn_bitshift.u_accel/fc2/accums_reg[0]1_i_51/O
                         net (fo=1, routed)           0.000     7.406    u_accel/gen_nn_bitshift.u_accel/fc2/accums_reg[0]1_i_51_n_0
    SLICE_X43Y49         MUXF8 (Prop_muxf8_I1_O)      0.094     7.500 r  u_accel/gen_nn_bitshift.u_accel/fc2/accums_reg[0]1_i_45/O
                         net (fo=1, routed)           0.792     8.291    u_accel/gen_nn_bitshift.u_accel/fc2/accums_reg[0]1_i_45_n_0
    SLICE_X40Y43         LUT6 (Prop_lut6_I1_O)        0.316     8.607 r  u_accel/gen_nn_bitshift.u_accel/fc2/accums_reg[0]1_i_15__0/O
                         net (fo=8, routed)           1.108     9.715    u_accel/gen_nn_bitshift.u_accel/fc2/accums_reg[0]1_i_15__0_n_0
    DSP48_X0Y17          DSP48E1 (Prop_dsp48e1_A[13]_P[0])
                                                      3.841    13.556 r  u_accel/gen_nn_bitshift.u_accel/fc2/accums_reg[1]1/P[0]
                         net (fo=1, routed)           1.377    14.934    u_accel/gen_nn_bitshift.u_accel/fc2/accums_reg[1]1_n_105
    SLICE_X31Y39         LUT2 (Prop_lut2_I1_O)        0.153    15.087 r  u_accel/gen_nn_bitshift.u_accel/fc2/accums[1][0]_i_1__0/O
                         net (fo=1, routed)           0.000    15.087    u_accel/gen_nn_bitshift.u_accel/fc2/accums[1][0]_i_1__0_n_0
    SLICE_X31Y39         FDCE                                         r  u_accel/gen_nn_bitshift.u_accel/fc2/accums_reg[1][0]/D
  -------------------------------------------------------------------    -------------------

                         (clock sys_clk_pin rise edge)
                                                     10.000    10.000 r  
    E3                                                0.000    10.000 r  CLK100MHZ (IN)
                         net (fo=0)                   0.000    10.000    CLK100MHZ
    E3                   IBUF (Prop_ibuf_I_O)         1.411    11.411 r  CLK100MHZ_IBUF_inst/O
                         net (fo=1, routed)           1.920    13.331    CLK100MHZ_IBUF
    BUFGCTRL_X0Y16       BUFG (Prop_bufg_I_O)         0.091    13.422 r  CLK100MHZ_IBUF_BUFG_inst/O
                         net (fo=45158, routed)       1.684    15.106    u_accel/gen_nn_bitshift.u_accel/fc2/CLK100MHZ_IBUF_BUFG
    SLICE_X31Y39         FDCE                                         r  u_accel/gen_nn_bitshift.u_accel/fc2/accums_reg[1][0]/C
                         clock pessimism              0.267    15.374    
                         clock uncertainty           -0.035    15.338    
    SLICE_X31Y39         FDCE (Setup_fdce_C_D)        0.075    15.413    u_accel/gen_nn_bitshift.u_accel/fc2/accums_reg[1][0]
  -------------------------------------------------------------------
                         required time                         15.413    
                         arrival time                         -15.087    
  -------------------------------------------------------------------
                         slack                                  0.327    

Slack (MET) :             0.327ns  (required time - arrival time)
  Source:                 u_accel/gen_nn_bitshift.u_accel/fc1_start_reg/C
                            (rising edge-triggered cell FDCE clocked by sys_clk_pin  {rise@0.000ns fall@5.000ns period=10.000ns})
  Destination:            u_accel/gen_nn_bitshift.u_accel/gen_hl2[8].hl2_lif/numerator_reg_reg[25]/D
                            (rising edge-triggered cell FDCE clocked by sys_clk_pin  {rise@0.000ns fall@5.000ns period=10.000ns})
  Path Group:             sys_clk_pin
  Path Type:              Setup (Max at Slow Process Corner)
  Requirement:            10.000ns  (sys_clk_pin rise@10.000ns - sys_clk_pin rise@0.000ns)
  Data Path Delay:        9.778ns  (logic 2.058ns (21.046%)  route 7.720ns (78.954%))
  Logic Levels:           7  (CARRY4=6 LUT3=1)
  Clock Path Skew:        0.079ns (DCD - SCD + CPR)
    Destination Clock Delay (DCD):    5.110ns = ( 15.110 - 10.000 ) 
    Source Clock Delay      (SCD):    5.211ns
    Clock Pessimism Removal (CPR):    0.180ns
  Clock Uncertainty:      0.035ns  ((TSJ^2 + TIJ^2)^1/2 + DJ) / 2 + PE
    Total System Jitter     (TSJ):    0.071ns
    Total Input Jitter      (TIJ):    0.000ns
    Discrete Jitter          (DJ):    0.000ns
    Phase Error              (PE):    0.000ns

    Location             Delay type                Incr(ns)  Path(ns)    Netlist Resource(s)
  -------------------------------------------------------------------    -------------------
                         (clock sys_clk_pin rise edge)
                                                      0.000     0.000 r  
    E3                                                0.000     0.000 r  CLK100MHZ (IN)
                         net (fo=0)                   0.000     0.000    CLK100MHZ
    E3                   IBUF (Prop_ibuf_I_O)         1.482     1.482 r  CLK100MHZ_IBUF_inst/O
                         net (fo=1, routed)           2.025     3.506    CLK100MHZ_IBUF
    BUFGCTRL_X0Y16       BUFG (Prop_bufg_I_O)         0.096     3.602 r  CLK100MHZ_IBUF_BUFG_inst/O
                         net (fo=45158, routed)       1.609     5.211    u_accel/gen_nn_bitshift.u_accel/CLK100MHZ_IBUF_BUFG
    SLICE_X51Y134        FDCE                                         r  u_accel/gen_nn_bitshift.u_accel/fc1_start_reg/C
  -------------------------------------------------------------------    -------------------
    SLICE_X51Y134        FDCE (Prop_fdce_C_Q)         0.419     5.630 f  u_accel/gen_nn_bitshift.u_accel/fc1_start_reg/Q
                         net (fo=21171, routed)       7.720    13.351    u_accel/gen_nn_bitshift.u_accel/gen_hl2[8].hl2_lif/hl2_clear
    SLICE_X13Y32         LUT3 (Prop_lut3_I1_O)        0.299    13.650 r  u_accel/gen_nn_bitshift.u_accel/gen_hl2[8].hl2_lif/numerator_reg[7]_i_8__70/O
                         net (fo=1, routed)           0.000    13.650    u_accel/gen_nn_bitshift.u_accel/gen_hl2[8].hl2_lif/numerator_reg[7]_i_8__70_n_0
    SLICE_X13Y32         CARRY4 (Prop_carry4_S[1]_CO[3])
                                                      0.550    14.200 r  u_accel/gen_nn_bitshift.u_accel/gen_hl2[8].hl2_lif/numerator_reg_reg[7]_i_1__70/CO[3]
                         net (fo=1, routed)           0.000    14.200    u_accel/gen_nn_bitshift.u_accel/gen_hl2[8].hl2_lif/numerator_reg_reg[7]_i_1__70_n_0
    SLICE_X13Y33         CARRY4 (Prop_carry4_CI_CO[3])
                                                      0.114    14.314 r  u_accel/gen_nn_bitshift.u_accel/gen_hl2[8].hl2_lif/numerator_reg_reg[11]_i_1__70/CO[3]
                         net (fo=1, routed)           0.000    14.314    u_accel/gen_nn_bitshift.u_accel/gen_hl2[8].hl2_lif/numerator_reg_reg[11]_i_1__70_n_0
    SLICE_X13Y34         CARRY4 (Prop_carry4_CI_CO[3])
                                                      0.114    14.428 r  u_accel/gen_nn_bitshift.u_accel/gen_hl2[8].hl2_lif/numerator_reg_reg[15]_i_1__70/CO[3]
                         net (fo=1, routed)           0.000    14.428    u_accel/gen_nn_bitshift.u_accel/gen_hl2[8].hl2_lif/numerator_reg_reg[15]_i_1__70_n_0
    SLICE_X13Y35         CARRY4 (Prop_carry4_CI_CO[3])
                                                      0.114    14.542 r  u_accel/gen_nn_bitshift.u_accel/gen_hl2[8].hl2_lif/numerator_reg_reg[19]_i_1__70/CO[3]
                         net (fo=1, routed)           0.000    14.542    u_accel/gen_nn_bitshift.u_accel/gen_hl2[8].hl2_lif/numerator_reg_reg[19]_i_1__70_n_0
    SLICE_X13Y36         CARRY4 (Prop_carry4_CI_CO[3])
                                                      0.114    14.656 r  u_accel/gen_nn_bitshift.u_accel/gen_hl2[8].hl2_lif/numerator_reg_reg[23]_i_1__70/CO[3]
                         net (fo=1, routed)           0.000    14.656    u_accel/gen_nn_bitshift.u_accel/gen_hl2[8].hl2_lif/numerator_reg_reg[23]_i_1__70_n_0
    SLICE_X13Y37         CARRY4 (Prop_carry4_CI_O[1])
                                                      0.334    14.990 r  u_accel/gen_nn_bitshift.u_accel/gen_hl2[8].hl2_lif/numerator_reg_reg[26]_i_2__70/O[1]
                         net (fo=1, routed)           0.000    14.990    u_accel/gen_nn_bitshift.u_accel/gen_hl2[8].hl2_lif/numerator_reg_reg[26]_i_2__70_n_6
    SLICE_X13Y37         FDCE                                         r  u_accel/gen_nn_bitshift.u_accel/gen_hl2[8].hl2_lif/numerator_reg_reg[25]/D
  -------------------------------------------------------------------    -------------------

                         (clock sys_clk_pin rise edge)
                                                     10.000    10.000 r  
    E3                                                0.000    10.000 r  CLK100MHZ (IN)
                         net (fo=0)                   0.000    10.000    CLK100MHZ
    E3                   IBUF (Prop_ibuf_I_O)         1.411    11.411 r  CLK100MHZ_IBUF_inst/O
                         net (fo=1, routed)           1.920    13.331    CLK100MHZ_IBUF
    BUFGCTRL_X0Y16       BUFG (Prop_bufg_I_O)         0.091    13.422 r  CLK100MHZ_IBUF_BUFG_inst/O
                         net (fo=45158, routed)       1.688    15.110    u_accel/gen_nn_bitshift.u_accel/gen_hl2[8].hl2_lif/CLK100MHZ_IBUF_BUFG
    SLICE_X13Y37         FDCE                                         r  u_accel/gen_nn_bitshift.u_accel/gen_hl2[8].hl2_lif/numerator_reg_reg[25]/C
                         clock pessimism              0.180    15.290    
                         clock uncertainty           -0.035    15.255    
    SLICE_X13Y37         FDCE (Setup_fdce_C_D)        0.062    15.317    u_accel/gen_nn_bitshift.u_accel/gen_hl2[8].hl2_lif/numerator_reg_reg[25]
  -------------------------------------------------------------------
                         required time                         15.317    
                         arrival time                         -14.990    
  -------------------------------------------------------------------
                         slack                                  0.327    





Min Delay Paths
--------------------------------------------------------------------------------------
Slack (MET) :             0.015ns  (arrival time - required time)
  Source:                 u_accel/gen_nn_bitshift.u_accel/fc2/outputs_reg[7][21]/C
                            (rising edge-triggered cell FDCE clocked by sys_clk_pin  {rise@0.000ns fall@5.000ns period=10.000ns})
  Destination:            u_accel/gen_nn_bitshift.u_accel/gen_hl2[7].hl2_lif/current_latched_reg[21]/D
                            (rising edge-triggered cell FDCE clocked by sys_clk_pin  {rise@0.000ns fall@5.000ns period=10.000ns})
  Path Group:             sys_clk_pin
  Path Type:              Hold (Min at Fast Process Corner)
  Requirement:            0.000ns  (sys_clk_pin rise@0.000ns - sys_clk_pin rise@0.000ns)
  Data Path Delay:        0.385ns  (logic 0.186ns (48.278%)  route 0.199ns (51.722%))
  Logic Levels:           1  (LUT2=1)
  Clock Path Skew:        0.263ns (DCD - SCD - CPR)
    Destination Clock Delay (DCD):    1.995ns
    Source Clock Delay      (SCD):    1.481ns
    Clock Pessimism Removal (CPR):    0.250ns

    Location             Delay type                Incr(ns)  Path(ns)    Netlist Resource(s)
  -------------------------------------------------------------------    -------------------
                         (clock sys_clk_pin rise edge)
                                                      0.000     0.000 r  
    E3                                                0.000     0.000 r  CLK100MHZ (IN)
                         net (fo=0)                   0.000     0.000    CLK100MHZ
    E3                   IBUF (Prop_ibuf_I_O)         0.250     0.250 r  CLK100MHZ_IBUF_inst/O
                         net (fo=1, routed)           0.644     0.894    CLK100MHZ_IBUF
    BUFGCTRL_X0Y16       BUFG (Prop_bufg_I_O)         0.026     0.920 r  CLK100MHZ_IBUF_BUFG_inst/O
                         net (fo=45158, routed)       0.562     1.481    u_accel/gen_nn_bitshift.u_accel/fc2/CLK100MHZ_IBUF_BUFG
    SLICE_X51Y87         FDCE                                         r  u_accel/gen_nn_bitshift.u_accel/fc2/outputs_reg[7][21]/C
  -------------------------------------------------------------------    -------------------
    SLICE_X51Y87         FDCE (Prop_fdce_C_Q)         0.141     1.622 r  u_accel/gen_nn_bitshift.u_accel/fc2/outputs_reg[7][21]/Q
                         net (fo=1, routed)           0.199     1.822    u_accel/gen_nn_bitshift.u_accel/fc2/fc2_outputs[7]_549[21]
    SLICE_X52Y87         LUT2 (Prop_lut2_I0_O)        0.045     1.867 r  u_accel/gen_nn_bitshift.u_accel/fc2/current_latched[21]_i_1__9/O
                         net (fo=1, routed)           0.000     1.867    u_accel/gen_nn_bitshift.u_accel/gen_hl2[7].hl2_lif/D[21]
    SLICE_X52Y87         FDCE                                         r  u_accel/gen_nn_bitshift.u_accel/gen_hl2[7].hl2_lif/current_latched_reg[21]/D
  -------------------------------------------------------------------    -------------------

                         (clock sys_clk_pin rise edge)
                                                      0.000     0.000 r  
    E3                                                0.000     0.000 r  CLK100MHZ (IN)
                         net (fo=0)                   0.000     0.000    CLK100MHZ
    E3                   IBUF (Prop_ibuf_I_O)         0.438     0.438 r  CLK100MHZ_IBUF_inst/O
                         net (fo=1, routed)           0.699     1.136    CLK100MHZ_IBUF
    BUFGCTRL_X0Y16       BUFG (Prop_bufg_I_O)         0.029     1.165 r  CLK100MHZ_IBUF_BUFG_inst/O
                         net (fo=45158, routed)       0.830     1.995    u_accel/gen_nn_bitshift.u_accel/gen_hl2[7].hl2_lif/CLK100MHZ_IBUF_BUFG
    SLICE_X52Y87         FDCE                                         r  u_accel/gen_nn_bitshift.u_accel/gen_hl2[7].hl2_lif/current_latched_reg[21]/C
                         clock pessimism             -0.250     1.744    
    SLICE_X52Y87         FDCE (Hold_fdce_C_D)         0.107     1.851    u_accel/gen_nn_bitshift.u_accel/gen_hl2[7].hl2_lif/current_latched_reg[21]
  -------------------------------------------------------------------
                         required time                         -1.851    
                         arrival time                           1.867    
  -------------------------------------------------------------------
                         slack                                  0.015    

Slack (MET) :             0.032ns  (arrival time - required time)
  Source:                 u_accel/gen_nn_bitshift.u_accel/gen_hl1_lif[51].hl1_lif/mul_scaled_result_reg_reg[43]/C
                            (rising edge-triggered cell FDCE clocked by sys_clk_pin  {rise@0.000ns fall@5.000ns period=10.000ns})
  Destination:            u_accel/gen_nn_bitshift.u_accel/gen_hl1_lif[51].hl1_lif/membrane_pre_reset_reg_reg[42]/D
                            (rising edge-triggered cell FDCE clocked by sys_clk_pin  {rise@0.000ns fall@5.000ns period=10.000ns})
  Path Group:             sys_clk_pin
  Path Type:              Hold (Min at Fast Process Corner)
  Requirement:            0.000ns  (sys_clk_pin rise@0.000ns - sys_clk_pin rise@0.000ns)
  Data Path Delay:        0.490ns  (logic 0.226ns (46.092%)  route 0.264ns (53.908%))
  Logic Levels:           1  (LUT2=1)
  Clock Path Skew:        0.351ns (DCD - SCD - CPR)
    Destination Clock Delay (DCD):    2.080ns
    Source Clock Delay      (SCD):    1.478ns
    Clock Pessimism Removal (CPR):    0.250ns

    Location             Delay type                Incr(ns)  Path(ns)    Netlist Resource(s)
  -------------------------------------------------------------------    -------------------
                         (clock sys_clk_pin rise edge)
                                                      0.000     0.000 r  
    E3                                                0.000     0.000 r  CLK100MHZ (IN)
                         net (fo=0)                   0.000     0.000    CLK100MHZ
    E3                   IBUF (Prop_ibuf_I_O)         0.250     0.250 r  CLK100MHZ_IBUF_inst/O
                         net (fo=1, routed)           0.644     0.894    CLK100MHZ_IBUF
    BUFGCTRL_X0Y16       BUFG (Prop_bufg_I_O)         0.026     0.920 r  CLK100MHZ_IBUF_BUFG_inst/O
                         net (fo=45158, routed)       0.559     1.478    u_accel/gen_nn_bitshift.u_accel/gen_hl1_lif[51].hl1_lif/CLK100MHZ_IBUF_BUFG
    SLICE_X53Y149        FDCE                                         r  u_accel/gen_nn_bitshift.u_accel/gen_hl1_lif[51].hl1_lif/mul_scaled_result_reg_reg[43]/C
  -------------------------------------------------------------------    -------------------
    SLICE_X53Y149        FDCE (Prop_fdce_C_Q)         0.128     1.606 r  u_accel/gen_nn_bitshift.u_accel/gen_hl1_lif[51].hl1_lif/mul_scaled_result_reg_reg[43]/Q
                         net (fo=1, routed)           0.264     1.871    u_accel/gen_nn_bitshift.u_accel/gen_hl1_lif[51].hl1_lif/mul_membrane_pre_reset0
    SLICE_X52Y150        LUT2 (Prop_lut2_I0_O)        0.098     1.969 r  u_accel/gen_nn_bitshift.u_accel/gen_hl1_lif[51].hl1_lif/membrane_pre_reset_reg[42]_i_2__11/O
                         net (fo=1, routed)           0.000     1.969    u_accel/gen_nn_bitshift.u_accel/gen_hl1_lif[51].hl1_lif/membrane_pre_reset_reg[42]_i_2__11_n_0
    SLICE_X52Y150        FDCE                                         r  u_accel/gen_nn_bitshift.u_accel/gen_hl1_lif[51].hl1_lif/membrane_pre_reset_reg_reg[42]/D
  -------------------------------------------------------------------    -------------------

                         (clock sys_clk_pin rise edge)
                                                      0.000     0.000 r  
    E3                                                0.000     0.000 r  CLK100MHZ (IN)
                         net (fo=0)                   0.000     0.000    CLK100MHZ
    E3                   IBUF (Prop_ibuf_I_O)         0.438     0.438 r  CLK100MHZ_IBUF_inst/O
                         net (fo=1, routed)           0.699     1.136    CLK100MHZ_IBUF
    BUFGCTRL_X0Y16       BUFG (Prop_bufg_I_O)         0.029     1.165 r  CLK100MHZ_IBUF_BUFG_inst/O
                         net (fo=45158, routed)       0.915     2.080    u_accel/gen_nn_bitshift.u_accel/gen_hl1_lif[51].hl1_lif/CLK100MHZ_IBUF_BUFG
    SLICE_X52Y150        FDCE                                         r  u_accel/gen_nn_bitshift.u_accel/gen_hl1_lif[51].hl1_lif/membrane_pre_reset_reg_reg[42]/C
                         clock pessimism             -0.250     1.830    
    SLICE_X52Y150        FDCE (Hold_fdce_C_D)         0.107     1.937    u_accel/gen_nn_bitshift.u_accel/gen_hl1_lif[51].hl1_lif/membrane_pre_reset_reg_reg[42]
  -------------------------------------------------------------------
                         required time                         -1.937    
                         arrival time                           1.969    
  -------------------------------------------------------------------
                         slack                                  0.032    

Slack (MET) :             0.037ns  (arrival time - required time)
  Source:                 u_accel/gen_nn_bitshift.u_accel/fc2/outputs_reg[7][22]/C
                            (rising edge-triggered cell FDCE clocked by sys_clk_pin  {rise@0.000ns fall@5.000ns period=10.000ns})
  Destination:            u_accel/gen_nn_bitshift.u_accel/gen_hl2[7].hl2_lif/current_latched_reg[22]/D
                            (rising edge-triggered cell FDCE clocked by sys_clk_pin  {rise@0.000ns fall@5.000ns period=10.000ns})
  Path Group:             sys_clk_pin
  Path Type:              Hold (Min at Fast Process Corner)
  Requirement:            0.000ns  (sys_clk_pin rise@0.000ns - sys_clk_pin rise@0.000ns)
  Data Path Delay:        0.392ns  (logic 0.186ns (47.473%)  route 0.206ns (52.527%))
  Logic Levels:           1  (LUT2=1)
  Clock Path Skew:        0.263ns (DCD - SCD - CPR)
    Destination Clock Delay (DCD):    1.995ns
    Source Clock Delay      (SCD):    1.481ns
    Clock Pessimism Removal (CPR):    0.250ns

    Location             Delay type                Incr(ns)  Path(ns)    Netlist Resource(s)
  -------------------------------------------------------------------    -------------------
                         (clock sys_clk_pin rise edge)
                                                      0.000     0.000 r  
    E3                                                0.000     0.000 r  CLK100MHZ (IN)
                         net (fo=0)                   0.000     0.000    CLK100MHZ
    E3                   IBUF (Prop_ibuf_I_O)         0.250     0.250 r  CLK100MHZ_IBUF_inst/O
                         net (fo=1, routed)           0.644     0.894    CLK100MHZ_IBUF
    BUFGCTRL_X0Y16       BUFG (Prop_bufg_I_O)         0.026     0.920 r  CLK100MHZ_IBUF_BUFG_inst/O
                         net (fo=45158, routed)       0.562     1.481    u_accel/gen_nn_bitshift.u_accel/fc2/CLK100MHZ_IBUF_BUFG
    SLICE_X51Y87         FDCE                                         r  u_accel/gen_nn_bitshift.u_accel/fc2/outputs_reg[7][22]/C
  -------------------------------------------------------------------    -------------------
    SLICE_X51Y87         FDCE (Prop_fdce_C_Q)         0.141     1.622 r  u_accel/gen_nn_bitshift.u_accel/fc2/outputs_reg[7][22]/Q
                         net (fo=1, routed)           0.206     1.828    u_accel/gen_nn_bitshift.u_accel/fc2/fc2_outputs[7]_549[22]
    SLICE_X52Y87         LUT2 (Prop_lut2_I0_O)        0.045     1.873 r  u_accel/gen_nn_bitshift.u_accel/fc2/current_latched[22]_i_1__9/O
                         net (fo=1, routed)           0.000     1.873    u_accel/gen_nn_bitshift.u_accel/gen_hl2[7].hl2_lif/D[22]
    SLICE_X52Y87         FDCE                                         r  u_accel/gen_nn_bitshift.u_accel/gen_hl2[7].hl2_lif/current_latched_reg[22]/D
  -------------------------------------------------------------------    -------------------

                         (clock sys_clk_pin rise edge)
                                                      0.000     0.000 r  
    E3                                                0.000     0.000 r  CLK100MHZ (IN)
                         net (fo=0)                   0.000     0.000    CLK100MHZ
    E3                   IBUF (Prop_ibuf_I_O)         0.438     0.438 r  CLK100MHZ_IBUF_inst/O
                         net (fo=1, routed)           0.699     1.136    CLK100MHZ_IBUF
    BUFGCTRL_X0Y16       BUFG (Prop_bufg_I_O)         0.029     1.165 r  CLK100MHZ_IBUF_BUFG_inst/O
                         net (fo=45158, routed)       0.830     1.995    u_accel/gen_nn_bitshift.u_accel/gen_hl2[7].hl2_lif/CLK100MHZ_IBUF_BUFG
    SLICE_X52Y87         FDCE                                         r  u_accel/gen_nn_bitshift.u_accel/gen_hl2[7].hl2_lif/current_latched_reg[22]/C
                         clock pessimism             -0.250     1.744    
    SLICE_X52Y87         FDCE (Hold_fdce_C_D)         0.092     1.836    u_accel/gen_nn_bitshift.u_accel/gen_hl2[7].hl2_lif/current_latched_reg[22]
  -------------------------------------------------------------------
                         required time                         -1.836    
                         arrival time                           1.873    
  -------------------------------------------------------------------
                         slack                                  0.037    

Slack (MET) :             0.041ns  (arrival time - required time)
  Source:                 u_accel/gen_nn_bitshift.u_accel/gen_hl1_lif[23].hl1_lif/mul_scaled_result_reg_reg[20]/C
                            (rising edge-triggered cell FDCE clocked by sys_clk_pin  {rise@0.000ns fall@5.000ns period=10.000ns})
  Destination:            u_accel/gen_nn_bitshift.u_accel/gen_hl1_lif[23].hl1_lif/membrane_pre_reset_reg_reg[4]/D
                            (rising edge-triggered cell FDCE clocked by sys_clk_pin  {rise@0.000ns fall@5.000ns period=10.000ns})
  Path Group:             sys_clk_pin
  Path Type:              Hold (Min at Fast Process Corner)
  Requirement:            0.000ns  (sys_clk_pin rise@0.000ns - sys_clk_pin rise@0.000ns)
  Data Path Delay:        0.395ns  (logic 0.186ns (47.066%)  route 0.209ns (52.934%))
  Logic Levels:           1  (LUT2=1)
  Clock Path Skew:        0.262ns (DCD - SCD - CPR)
    Destination Clock Delay (DCD):    2.065ns
    Source Clock Delay      (SCD):    1.549ns
    Clock Pessimism Removal (CPR):    0.255ns

    Location             Delay type                Incr(ns)  Path(ns)    Netlist Resource(s)
  -------------------------------------------------------------------    -------------------
                         (clock sys_clk_pin rise edge)
                                                      0.000     0.000 r  
    E3                                                0.000     0.000 r  CLK100MHZ (IN)
                         net (fo=0)                   0.000     0.000    CLK100MHZ
    E3                   IBUF (Prop_ibuf_I_O)         0.250     0.250 r  CLK100MHZ_IBUF_inst/O
                         net (fo=1, routed)           0.644     0.894    CLK100MHZ_IBUF
    BUFGCTRL_X0Y16       BUFG (Prop_bufg_I_O)         0.026     0.920 r  CLK100MHZ_IBUF_BUFG_inst/O
                         net (fo=45158, routed)       0.629     1.549    u_accel/gen_nn_bitshift.u_accel/gen_hl1_lif[23].hl1_lif/CLK100MHZ_IBUF_BUFG
    SLICE_X57Y176        FDCE                                         r  u_accel/gen_nn_bitshift.u_accel/gen_hl1_lif[23].hl1_lif/mul_scaled_result_reg_reg[20]/C
  -------------------------------------------------------------------    -------------------
    SLICE_X57Y176        FDCE (Prop_fdce_C_Q)         0.141     1.690 r  u_accel/gen_nn_bitshift.u_accel/gen_hl1_lif[23].hl1_lif/mul_scaled_result_reg_reg[20]/Q
                         net (fo=1, routed)           0.209     1.899    u_accel/gen_nn_bitshift.u_accel/gen_hl1_lif[23].hl1_lif/mul_scaled_result_reg_reg_n_0_[20]
    SLICE_X51Y176        LUT2 (Prop_lut2_I0_O)        0.045     1.944 r  u_accel/gen_nn_bitshift.u_accel/gen_hl1_lif[23].hl1_lif/membrane_pre_reset_reg[4]_i_1__27/O
                         net (fo=1, routed)           0.000     1.944    u_accel/gen_nn_bitshift.u_accel/gen_hl1_lif[23].hl1_lif/membrane_pre_reset_reg[4]_i_1__27_n_0
    SLICE_X51Y176        FDCE                                         r  u_accel/gen_nn_bitshift.u_accel/gen_hl1_lif[23].hl1_lif/membrane_pre_reset_reg_reg[4]/D
  -------------------------------------------------------------------    -------------------

                         (clock sys_clk_pin rise edge)
                                                      0.000     0.000 r  
    E3                                                0.000     0.000 r  CLK100MHZ (IN)
                         net (fo=0)                   0.000     0.000    CLK100MHZ
    E3                   IBUF (Prop_ibuf_I_O)         0.438     0.438 r  CLK100MHZ_IBUF_inst/O
                         net (fo=1, routed)           0.699     1.136    CLK100MHZ_IBUF
    BUFGCTRL_X0Y16       BUFG (Prop_bufg_I_O)         0.029     1.165 r  CLK100MHZ_IBUF_BUFG_inst/O
                         net (fo=45158, routed)       0.900     2.065    u_accel/gen_nn_bitshift.u_accel/gen_hl1_lif[23].hl1_lif/CLK100MHZ_IBUF_BUFG
    SLICE_X51Y176        FDCE                                         r  u_accel/gen_nn_bitshift.u_accel/gen_hl1_lif[23].hl1_lif/membrane_pre_reset_reg_reg[4]/C
                         clock pessimism             -0.255     1.811    
    SLICE_X51Y176        FDCE (Hold_fdce_C_D)         0.092     1.903    u_accel/gen_nn_bitshift.u_accel/gen_hl1_lif[23].hl1_lif/membrane_pre_reset_reg_reg[4]
  -------------------------------------------------------------------
                         required time                         -1.903    
                         arrival time                           1.944    
  -------------------------------------------------------------------
                         slack                                  0.041    

Slack (MET) :             0.046ns  (arrival time - required time)
  Source:                 u_accel/gen_nn_bitshift.u_accel/fc1/outputs_reg[17][6]/C
                            (rising edge-triggered cell FDCE clocked by sys_clk_pin  {rise@0.000ns fall@5.000ns period=10.000ns})
  Destination:            u_accel/gen_nn_bitshift.u_accel/gen_hl1_lif[17].hl1_lif/current_latched_reg[6]/D
                            (rising edge-triggered cell FDCE clocked by sys_clk_pin  {rise@0.000ns fall@5.000ns period=10.000ns})
  Path Group:             sys_clk_pin
  Path Type:              Hold (Min at Fast Process Corner)
  Requirement:            0.000ns  (sys_clk_pin rise@0.000ns - sys_clk_pin rise@0.000ns)
  Data Path Delay:        0.515ns  (logic 0.209ns (40.590%)  route 0.306ns (59.410%))
  Logic Levels:           1  (LUT2=1)
  Clock Path Skew:        0.348ns (DCD - SCD - CPR)
    Destination Clock Delay (DCD):    2.081ns
    Source Clock Delay      (SCD):    1.482ns
    Clock Pessimism Removal (CPR):    0.250ns

    Location             Delay type                Incr(ns)  Path(ns)    Netlist Resource(s)
  -------------------------------------------------------------------    -------------------
                         (clock sys_clk_pin rise edge)
                                                      0.000     0.000 r  
    E3                                                0.000     0.000 r  CLK100MHZ (IN)
                         net (fo=0)                   0.000     0.000    CLK100MHZ
    E3                   IBUF (Prop_ibuf_I_O)         0.250     0.250 r  CLK100MHZ_IBUF_inst/O
                         net (fo=1, routed)           0.644     0.894    CLK100MHZ_IBUF
    BUFGCTRL_X0Y16       BUFG (Prop_bufg_I_O)         0.026     0.920 r  CLK100MHZ_IBUF_BUFG_inst/O
                         net (fo=45158, routed)       0.563     1.482    u_accel/gen_nn_bitshift.u_accel/fc1/CLK100MHZ_IBUF_BUFG
    SLICE_X42Y148        FDCE                                         r  u_accel/gen_nn_bitshift.u_accel/fc1/outputs_reg[17][6]/C
  -------------------------------------------------------------------    -------------------
    SLICE_X42Y148        FDCE (Prop_fdce_C_Q)         0.164     1.646 r  u_accel/gen_nn_bitshift.u_accel/fc1/outputs_reg[17][6]/Q
                         net (fo=1, routed)           0.306     1.952    u_accel/gen_nn_bitshift.u_accel/fc1/fc1_outputs[17]_54[6]
    SLICE_X50Y150        LUT2 (Prop_lut2_I0_O)        0.045     1.997 r  u_accel/gen_nn_bitshift.u_accel/fc1/current_latched[6]_i_1__43/O
                         net (fo=1, routed)           0.000     1.997    u_accel/gen_nn_bitshift.u_accel/gen_hl1_lif[17].hl1_lif/D[6]
    SLICE_X50Y150        FDCE                                         r  u_accel/gen_nn_bitshift.u_accel/gen_hl1_lif[17].hl1_lif/current_latched_reg[6]/D
  -------------------------------------------------------------------    -------------------

                         (clock sys_clk_pin rise edge)
                                                      0.000     0.000 r  
    E3                                                0.000     0.000 r  CLK100MHZ (IN)
                         net (fo=0)                   0.000     0.000    CLK100MHZ
    E3                   IBUF (Prop_ibuf_I_O)         0.438     0.438 r  CLK100MHZ_IBUF_inst/O
                         net (fo=1, routed)           0.699     1.136    CLK100MHZ_IBUF
    BUFGCTRL_X0Y16       BUFG (Prop_bufg_I_O)         0.029     1.165 r  CLK100MHZ_IBUF_BUFG_inst/O
                         net (fo=45158, routed)       0.916     2.081    u_accel/gen_nn_bitshift.u_accel/gen_hl1_lif[17].hl1_lif/CLK100MHZ_IBUF_BUFG
    SLICE_X50Y150        FDCE                                         r  u_accel/gen_nn_bitshift.u_accel/gen_hl1_lif[17].hl1_lif/current_latched_reg[6]/C
                         clock pessimism             -0.250     1.831    
    SLICE_X50Y150        FDCE (Hold_fdce_C_D)         0.121     1.952    u_accel/gen_nn_bitshift.u_accel/gen_hl1_lif[17].hl1_lif/current_latched_reg[6]
  -------------------------------------------------------------------
                         required time                         -1.952    
                         arrival time                           1.997    
  -------------------------------------------------------------------
                         slack                                  0.046    

Slack (MET) :             0.048ns  (arrival time - required time)
  Source:                 u_accel/gen_nn_bitshift.u_accel/gen_hl1_lif[51].hl1_lif/current_latched_reg[6]/C
                            (rising edge-triggered cell FDCE clocked by sys_clk_pin  {rise@0.000ns fall@5.000ns period=10.000ns})
  Destination:            u_accel/gen_nn_bitshift.u_accel/gen_hl1_lif[51].hl1_lif/numerator_reg_reg[8]/D
                            (rising edge-triggered cell FDCE clocked by sys_clk_pin  {rise@0.000ns fall@5.000ns period=10.000ns})
  Path Group:             sys_clk_pin
  Path Type:              Hold (Min at Fast Process Corner)
  Requirement:            0.000ns  (sys_clk_pin rise@0.000ns - sys_clk_pin rise@0.000ns)
  Data Path Delay:        0.534ns  (logic 0.350ns (65.530%)  route 0.184ns (34.470%))
  Logic Levels:           3  (CARRY4=2 LUT3=1)
  Clock Path Skew:        0.352ns (DCD - SCD - CPR)
    Destination Clock Delay (DCD):    2.083ns
    Source Clock Delay      (SCD):    1.480ns
    Clock Pessimism Removal (CPR):    0.250ns

    Location             Delay type                Incr(ns)  Path(ns)    Netlist Resource(s)
  -------------------------------------------------------------------    -------------------
                         (clock sys_clk_pin rise edge)
                                                      0.000     0.000 r  
    E3                                                0.000     0.000 r  CLK100MHZ (IN)
                         net (fo=0)                   0.000     0.000    CLK100MHZ
    E3                   IBUF (Prop_ibuf_I_O)         0.250     0.250 r  CLK100MHZ_IBUF_inst/O
                         net (fo=1, routed)           0.644     0.894    CLK100MHZ_IBUF
    BUFGCTRL_X0Y16       BUFG (Prop_bufg_I_O)         0.026     0.920 r  CLK100MHZ_IBUF_BUFG_inst/O
                         net (fo=45158, routed)       0.561     1.480    u_accel/gen_nn_bitshift.u_accel/gen_hl1_lif[51].hl1_lif/CLK100MHZ_IBUF_BUFG
    SLICE_X49Y148        FDCE                                         r  u_accel/gen_nn_bitshift.u_accel/gen_hl1_lif[51].hl1_lif/current_latched_reg[6]/C
  -------------------------------------------------------------------    -------------------
    SLICE_X49Y148        FDCE (Prop_fdce_C_Q)         0.141     1.621 r  u_accel/gen_nn_bitshift.u_accel/gen_hl1_lif[51].hl1_lif/current_latched_reg[6]/Q
                         net (fo=1, routed)           0.183     1.805    u_accel/gen_nn_bitshift.u_accel/gen_hl1_lif[51].hl1_lif/current_latched_reg_n_0_[6]
    SLICE_X46Y149        LUT3 (Prop_lut3_I2_O)        0.045     1.850 r  u_accel/gen_nn_bitshift.u_accel/gen_hl1_lif[51].hl1_lif/numerator_reg[7]_i_7__9/O
                         net (fo=1, routed)           0.000     1.850    u_accel/gen_nn_bitshift.u_accel/gen_hl1_lif[51].hl1_lif/numerator_reg[7]_i_7__9_n_0
    SLICE_X46Y149        CARRY4 (Prop_carry4_S[2]_CO[3])
                                                      0.111     1.961 r  u_accel/gen_nn_bitshift.u_accel/gen_hl1_lif[51].hl1_lif/numerator_reg_reg[7]_i_1__9/CO[3]
                         net (fo=1, routed)           0.001     1.962    u_accel/gen_nn_bitshift.u_accel/gen_hl1_lif[51].hl1_lif/numerator_reg_reg[7]_i_1__9_n_0
    SLICE_X46Y150        CARRY4 (Prop_carry4_CI_O[0])
                                                      0.053     2.015 r  u_accel/gen_nn_bitshift.u_accel/gen_hl1_lif[51].hl1_lif/numerator_reg_reg[11]_i_1__9/O[0]
                         net (fo=1, routed)           0.000     2.015    u_accel/gen_nn_bitshift.u_accel/gen_hl1_lif[51].hl1_lif/numerator_reg_reg[11]_i_1__9_n_7
    SLICE_X46Y150        FDCE                                         r  u_accel/gen_nn_bitshift.u_accel/gen_hl1_lif[51].hl1_lif/numerator_reg_reg[8]/D
  -------------------------------------------------------------------    -------------------

                         (clock sys_clk_pin rise edge)
                                                      0.000     0.000 r  
    E3                                                0.000     0.000 r  CLK100MHZ (IN)
                         net (fo=0)                   0.000     0.000    CLK100MHZ
    E3                   IBUF (Prop_ibuf_I_O)         0.438     0.438 r  CLK100MHZ_IBUF_inst/O
                         net (fo=1, routed)           0.699     1.136    CLK100MHZ_IBUF
    BUFGCTRL_X0Y16       BUFG (Prop_bufg_I_O)         0.029     1.165 r  CLK100MHZ_IBUF_BUFG_inst/O
                         net (fo=45158, routed)       0.918     2.083    u_accel/gen_nn_bitshift.u_accel/gen_hl1_lif[51].hl1_lif/CLK100MHZ_IBUF_BUFG
    SLICE_X46Y150        FDCE                                         r  u_accel/gen_nn_bitshift.u_accel/gen_hl1_lif[51].hl1_lif/numerator_reg_reg[8]/C
                         clock pessimism             -0.250     1.833    
    SLICE_X46Y150        FDCE (Hold_fdce_C_D)         0.134     1.967    u_accel/gen_nn_bitshift.u_accel/gen_hl1_lif[51].hl1_lif/numerator_reg_reg[8]
  -------------------------------------------------------------------
                         required time                         -1.967    
                         arrival time                           2.015    
  -------------------------------------------------------------------
                         slack                                  0.048    

Slack (MET) :             0.049ns  (arrival time - required time)
  Source:                 u_accel/gen_nn_bitshift.u_accel/fc1/outputs_reg[50][14]/C
                            (rising edge-triggered cell FDCE clocked by sys_clk_pin  {rise@0.000ns fall@5.000ns period=10.000ns})
  Destination:            u_accel/gen_nn_bitshift.u_accel/gen_hl1_lif[50].hl1_lif/current_latched_reg[14]/D
                            (rising edge-triggered cell FDCE clocked by sys_clk_pin  {rise@0.000ns fall@5.000ns period=10.000ns})
  Path Group:             sys_clk_pin
  Path Type:              Hold (Min at Fast Process Corner)
  Requirement:            0.000ns  (sys_clk_pin rise@0.000ns - sys_clk_pin rise@0.000ns)
  Data Path Delay:        0.403ns  (logic 0.209ns (51.871%)  route 0.194ns (48.129%))
  Logic Levels:           1  (LUT2=1)
  Clock Path Skew:        0.262ns (DCD - SCD - CPR)
    Destination Clock Delay (DCD):    1.981ns
    Source Clock Delay      (SCD):    1.468ns
    Clock Pessimism Removal (CPR):    0.250ns

    Location             Delay type                Incr(ns)  Path(ns)    Netlist Resource(s)
  -------------------------------------------------------------------    -------------------
                         (clock sys_clk_pin rise edge)
                                                      0.000     0.000 r  
    E3                                                0.000     0.000 r  CLK100MHZ (IN)
                         net (fo=0)                   0.000     0.000    CLK100MHZ
    E3                   IBUF (Prop_ibuf_I_O)         0.250     0.250 r  CLK100MHZ_IBUF_inst/O
                         net (fo=1, routed)           0.644     0.894    CLK100MHZ_IBUF
    BUFGCTRL_X0Y16       BUFG (Prop_bufg_I_O)         0.026     0.920 r  CLK100MHZ_IBUF_BUFG_inst/O
                         net (fo=45158, routed)       0.549     1.468    u_accel/gen_nn_bitshift.u_accel/fc1/CLK100MHZ_IBUF_BUFG
    SLICE_X50Y122        FDCE                                         r  u_accel/gen_nn_bitshift.u_accel/fc1/outputs_reg[50][14]/C
  -------------------------------------------------------------------    -------------------
    SLICE_X50Y122        FDCE (Prop_fdce_C_Q)         0.164     1.632 r  u_accel/gen_nn_bitshift.u_accel/fc1/outputs_reg[50][14]/Q
                         net (fo=1, routed)           0.194     1.826    u_accel/gen_nn_bitshift.u_accel/fc1/fc1_outputs[50]_87[14]
    SLICE_X52Y121        LUT2 (Prop_lut2_I0_O)        0.045     1.871 r  u_accel/gen_nn_bitshift.u_accel/fc1/current_latched[14]_i_1__10/O
                         net (fo=1, routed)           0.000     1.871    u_accel/gen_nn_bitshift.u_accel/gen_hl1_lif[50].hl1_lif/D[14]
    SLICE_X52Y121        FDCE                                         r  u_accel/gen_nn_bitshift.u_accel/gen_hl1_lif[50].hl1_lif/current_latched_reg[14]/D
  -------------------------------------------------------------------    -------------------

                         (clock sys_clk_pin rise edge)
                                                      0.000     0.000 r  
    E3                                                0.000     0.000 r  CLK100MHZ (IN)
                         net (fo=0)                   0.000     0.000    CLK100MHZ
    E3                   IBUF (Prop_ibuf_I_O)         0.438     0.438 r  CLK100MHZ_IBUF_inst/O
                         net (fo=1, routed)           0.699     1.136    CLK100MHZ_IBUF
    BUFGCTRL_X0Y16       BUFG (Prop_bufg_I_O)         0.029     1.165 r  CLK100MHZ_IBUF_BUFG_inst/O
                         net (fo=45158, routed)       0.816     1.981    u_accel/gen_nn_bitshift.u_accel/gen_hl1_lif[50].hl1_lif/CLK100MHZ_IBUF_BUFG
    SLICE_X52Y121        FDCE                                         r  u_accel/gen_nn_bitshift.u_accel/gen_hl1_lif[50].hl1_lif/current_latched_reg[14]/C
                         clock pessimism             -0.250     1.730    
    SLICE_X52Y121        FDCE (Hold_fdce_C_D)         0.092     1.822    u_accel/gen_nn_bitshift.u_accel/gen_hl1_lif[50].hl1_lif/current_latched_reg[14]
  -------------------------------------------------------------------
                         required time                         -1.822    
                         arrival time                           1.871    
  -------------------------------------------------------------------
                         slack                                  0.049    

Slack (MET) :             0.052ns  (arrival time - required time)
  Source:                 u_accel/gen_nn_bitshift.u_accel/gen_hl1_lif[44].hl1_lif/mul_scaled_result_reg_reg[26]/C
                            (rising edge-triggered cell FDCE clocked by sys_clk_pin  {rise@0.000ns fall@5.000ns period=10.000ns})
  Destination:            u_accel/gen_nn_bitshift.u_accel/gen_hl1_lif[44].hl1_lif/membrane_pre_reset_reg_reg[10]/D
                            (rising edge-triggered cell FDCE clocked by sys_clk_pin  {rise@0.000ns fall@5.000ns period=10.000ns})
  Path Group:             sys_clk_pin
  Path Type:              Hold (Min at Fast Process Corner)
  Requirement:            0.000ns  (sys_clk_pin rise@0.000ns - sys_clk_pin rise@0.000ns)
  Data Path Delay:        0.409ns  (logic 0.186ns (45.426%)  route 0.223ns (54.574%))
  Logic Levels:           1  (LUT2=1)
  Clock Path Skew:        0.267ns (DCD - SCD - CPR)
    Destination Clock Delay (DCD):    2.033ns
    Source Clock Delay      (SCD):    1.520ns
    Clock Pessimism Removal (CPR):    0.245ns

    Location             Delay type                Incr(ns)  Path(ns)    Netlist Resource(s)
  -------------------------------------------------------------------    -------------------
                         (clock sys_clk_pin rise edge)
                                                      0.000     0.000 r  
    E3                                                0.000     0.000 r  CLK100MHZ (IN)
                         net (fo=0)                   0.000     0.000    CLK100MHZ
    E3                   IBUF (Prop_ibuf_I_O)         0.250     0.250 r  CLK100MHZ_IBUF_inst/O
                         net (fo=1, routed)           0.644     0.894    CLK100MHZ_IBUF
    BUFGCTRL_X0Y16       BUFG (Prop_bufg_I_O)         0.026     0.920 r  CLK100MHZ_IBUF_BUFG_inst/O
                         net (fo=45158, routed)       0.601     1.520    u_accel/gen_nn_bitshift.u_accel/gen_hl1_lif[44].hl1_lif/CLK100MHZ_IBUF_BUFG
    SLICE_X79Y97         FDCE                                         r  u_accel/gen_nn_bitshift.u_accel/gen_hl1_lif[44].hl1_lif/mul_scaled_result_reg_reg[26]/C
  -------------------------------------------------------------------    -------------------
    SLICE_X79Y97         FDCE (Prop_fdce_C_Q)         0.141     1.661 r  u_accel/gen_nn_bitshift.u_accel/gen_hl1_lif[44].hl1_lif/mul_scaled_result_reg_reg[26]/Q
                         net (fo=1, routed)           0.223     1.885    u_accel/gen_nn_bitshift.u_accel/gen_hl1_lif[44].hl1_lif/mul_scaled_result_reg_reg_n_0_[26]
    SLICE_X81Y103        LUT2 (Prop_lut2_I0_O)        0.045     1.930 r  u_accel/gen_nn_bitshift.u_accel/gen_hl1_lif[44].hl1_lif/membrane_pre_reset_reg[10]_i_1__15/O
                         net (fo=1, routed)           0.000     1.930    u_accel/gen_nn_bitshift.u_accel/gen_hl1_lif[44].hl1_lif/membrane_pre_reset_reg[10]_i_1__15_n_0
    SLICE_X81Y103        FDCE                                         r  u_accel/gen_nn_bitshift.u_accel/gen_hl1_lif[44].hl1_lif/membrane_pre_reset_reg_reg[10]/D
  -------------------------------------------------------------------    -------------------

                         (clock sys_clk_pin rise edge)
                                                      0.000     0.000 r  
    E3                                                0.000     0.000 r  CLK100MHZ (IN)
                         net (fo=0)                   0.000     0.000    CLK100MHZ
    E3                   IBUF (Prop_ibuf_I_O)         0.438     0.438 r  CLK100MHZ_IBUF_inst/O
                         net (fo=1, routed)           0.699     1.136    CLK100MHZ_IBUF
    BUFGCTRL_X0Y16       BUFG (Prop_bufg_I_O)         0.029     1.165 r  CLK100MHZ_IBUF_BUFG_inst/O
                         net (fo=45158, routed)       0.867     2.033    u_accel/gen_nn_bitshift.u_accel/gen_hl1_lif[44].hl1_lif/CLK100MHZ_IBUF_BUFG
    SLICE_X81Y103        FDCE                                         r  u_accel/gen_nn_bitshift.u_accel/gen_hl1_lif[44].hl1_lif/membrane_pre_reset_reg_reg[10]/C
                         clock pessimism             -0.245     1.787    
    SLICE_X81Y103        FDCE (Hold_fdce_C_D)         0.091     1.878    u_accel/gen_nn_bitshift.u_accel/gen_hl1_lif[44].hl1_lif/membrane_pre_reset_reg_reg[10]
  -------------------------------------------------------------------
                         required time                         -1.878    
                         arrival time                           1.930    
  -------------------------------------------------------------------
                         slack                                  0.052    

Slack (MET) :             0.052ns  (arrival time - required time)
  Source:                 u_accel/gen_nn_bitshift.u_accel/gen_hl1_lif[51].hl1_lif/current_latched_reg[11]/C
                            (rising edge-triggered cell FDCE clocked by sys_clk_pin  {rise@0.000ns fall@5.000ns period=10.000ns})
  Destination:            u_accel/gen_nn_bitshift.u_accel/gen_hl1_lif[51].hl1_lif/numerator_reg_reg[11]/D
                            (rising edge-triggered cell FDCE clocked by sys_clk_pin  {rise@0.000ns fall@5.000ns period=10.000ns})
  Path Group:             sys_clk_pin
  Path Type:              Hold (Min at Fast Process Corner)
  Requirement:            0.000ns  (sys_clk_pin rise@0.000ns - sys_clk_pin rise@0.000ns)
  Data Path Delay:        0.538ns  (logic 0.291ns (54.059%)  route 0.247ns (45.941%))
  Logic Levels:           2  (CARRY4=1 LUT3=1)
  Clock Path Skew:        0.352ns (DCD - SCD - CPR)
    Destination Clock Delay (DCD):    2.083ns
    Source Clock Delay      (SCD):    1.480ns
    Clock Pessimism Removal (CPR):    0.250ns

    Location             Delay type                Incr(ns)  Path(ns)    Netlist Resource(s)
  -------------------------------------------------------------------    -------------------
                         (clock sys_clk_pin rise edge)
                                                      0.000     0.000 r  
    E3                                                0.000     0.000 r  CLK100MHZ (IN)
                         net (fo=0)                   0.000     0.000    CLK100MHZ
    E3                   IBUF (Prop_ibuf_I_O)         0.250     0.250 r  CLK100MHZ_IBUF_inst/O
                         net (fo=1, routed)           0.644     0.894    CLK100MHZ_IBUF
    BUFGCTRL_X0Y16       BUFG (Prop_bufg_I_O)         0.026     0.920 r  CLK100MHZ_IBUF_BUFG_inst/O
                         net (fo=45158, routed)       0.561     1.480    u_accel/gen_nn_bitshift.u_accel/gen_hl1_lif[51].hl1_lif/CLK100MHZ_IBUF_BUFG
    SLICE_X47Y148        FDCE                                         r  u_accel/gen_nn_bitshift.u_accel/gen_hl1_lif[51].hl1_lif/current_latched_reg[11]/C
  -------------------------------------------------------------------    -------------------
    SLICE_X47Y148        FDCE (Prop_fdce_C_Q)         0.128     1.608 r  u_accel/gen_nn_bitshift.u_accel/gen_hl1_lif[51].hl1_lif/current_latched_reg[11]/Q
                         net (fo=1, routed)           0.247     1.856    u_accel/gen_nn_bitshift.u_accel/gen_hl1_lif[51].hl1_lif/current_latched_reg_n_0_[11]
    SLICE_X46Y150        LUT3 (Prop_lut3_I2_O)        0.099     1.955 r  u_accel/gen_nn_bitshift.u_accel/gen_hl1_lif[51].hl1_lif/numerator_reg[11]_i_6__9/O
                         net (fo=1, routed)           0.000     1.955    u_accel/gen_nn_bitshift.u_accel/gen_hl1_lif[51].hl1_lif/numerator_reg[11]_i_6__9_n_0
    SLICE_X46Y150        CARRY4 (Prop_carry4_S[3]_O[3])
                                                      0.064     2.019 r  u_accel/gen_nn_bitshift.u_accel/gen_hl1_lif[51].hl1_lif/numerator_reg_reg[11]_i_1__9/O[3]
                         net (fo=1, routed)           0.000     2.019    u_accel/gen_nn_bitshift.u_accel/gen_hl1_lif[51].hl1_lif/numerator_reg_reg[11]_i_1__9_n_4
    SLICE_X46Y150        FDCE                                         r  u_accel/gen_nn_bitshift.u_accel/gen_hl1_lif[51].hl1_lif/numerator_reg_reg[11]/D
  -------------------------------------------------------------------    -------------------

                         (clock sys_clk_pin rise edge)
                                                      0.000     0.000 r  
    E3                                                0.000     0.000 r  CLK100MHZ (IN)
                         net (fo=0)                   0.000     0.000    CLK100MHZ
    E3                   IBUF (Prop_ibuf_I_O)         0.438     0.438 r  CLK100MHZ_IBUF_inst/O
                         net (fo=1, routed)           0.699     1.136    CLK100MHZ_IBUF
    BUFGCTRL_X0Y16       BUFG (Prop_bufg_I_O)         0.029     1.165 r  CLK100MHZ_IBUF_BUFG_inst/O
                         net (fo=45158, routed)       0.918     2.083    u_accel/gen_nn_bitshift.u_accel/gen_hl1_lif[51].hl1_lif/CLK100MHZ_IBUF_BUFG
    SLICE_X46Y150        FDCE                                         r  u_accel/gen_nn_bitshift.u_accel/gen_hl1_lif[51].hl1_lif/numerator_reg_reg[11]/C
                         clock pessimism             -0.250     1.833    
    SLICE_X46Y150        FDCE (Hold_fdce_C_D)         0.134     1.967    u_accel/gen_nn_bitshift.u_accel/gen_hl1_lif[51].hl1_lif/numerator_reg_reg[11]
  -------------------------------------------------------------------
                         required time                         -1.967    
                         arrival time                           2.019    
  -------------------------------------------------------------------
                         slack                                  0.052    

Slack (MET) :             0.054ns  (arrival time - required time)
  Source:                 u_accel/gen_nn_bitshift.u_accel/gen_hl2[15].hl2_lif/membrane_out_reg[18]/C
                            (rising edge-triggered cell FDCE clocked by sys_clk_pin  {rise@0.000ns fall@5.000ns period=10.000ns})
  Destination:            u_accel/gen_nn_bitshift.u_accel/gen_hl2[15].membrane_buf/membrane_storage_reg[11][18]/D
                            (rising edge-triggered cell FDCE clocked by sys_clk_pin  {rise@0.000ns fall@5.000ns period=10.000ns})
  Path Group:             sys_clk_pin
  Path Type:              Hold (Min at Fast Process Corner)
  Requirement:            0.000ns  (sys_clk_pin rise@0.000ns - sys_clk_pin rise@0.000ns)
  Data Path Delay:        0.367ns  (logic 0.164ns (44.626%)  route 0.203ns (55.374%))
  Logic Levels:           0  
  Clock Path Skew:        0.267ns (DCD - SCD - CPR)
    Destination Clock Delay (DCD):    2.002ns
    Source Clock Delay      (SCD):    1.489ns
    Clock Pessimism Removal (CPR):    0.245ns

    Location             Delay type                Incr(ns)  Path(ns)    Netlist Resource(s)
  -------------------------------------------------------------------    -------------------
                         (clock sys_clk_pin rise edge)
                                                      0.000     0.000 r  
    E3                                                0.000     0.000 r  CLK100MHZ (IN)
                         net (fo=0)                   0.000     0.000    CLK100MHZ
    E3                   IBUF (Prop_ibuf_I_O)         0.250     0.250 r  CLK100MHZ_IBUF_inst/O
                         net (fo=1, routed)           0.644     0.894    CLK100MHZ_IBUF
    BUFGCTRL_X0Y16       BUFG (Prop_bufg_I_O)         0.026     0.920 r  CLK100MHZ_IBUF_BUFG_inst/O
                         net (fo=45158, routed)       0.570     1.489    u_accel/gen_nn_bitshift.u_accel/gen_hl2[15].hl2_lif/CLK100MHZ_IBUF_BUFG
    SLICE_X30Y92         FDCE                                         r  u_accel/gen_nn_bitshift.u_accel/gen_hl2[15].hl2_lif/membrane_out_reg[18]/C
  -------------------------------------------------------------------    -------------------
    SLICE_X30Y92         FDCE (Prop_fdce_C_Q)         0.164     1.653 r  u_accel/gen_nn_bitshift.u_accel/gen_hl2[15].hl2_lif/membrane_out_reg[18]/Q
                         net (fo=20, routed)          0.203     1.857    u_accel/gen_nn_bitshift.u_accel/gen_hl2[15].membrane_buf/D[18]
    SLICE_X31Y100        FDCE                                         r  u_accel/gen_nn_bitshift.u_accel/gen_hl2[15].membrane_buf/membrane_storage_reg[11][18]/D
  -------------------------------------------------------------------    -------------------

                         (clock sys_clk_pin rise edge)
                                                      0.000     0.000 r  
    E3                                                0.000     0.000 r  CLK100MHZ (IN)
                         net (fo=0)                   0.000     0.000    CLK100MHZ
    E3                   IBUF (Prop_ibuf_I_O)         0.438     0.438 r  CLK100MHZ_IBUF_inst/O
                         net (fo=1, routed)           0.699     1.136    CLK100MHZ_IBUF
    BUFGCTRL_X0Y16       BUFG (Prop_bufg_I_O)         0.029     1.165 r  CLK100MHZ_IBUF_BUFG_inst/O
                         net (fo=45158, routed)       0.837     2.002    u_accel/gen_nn_bitshift.u_accel/gen_hl2[15].membrane_buf/CLK100MHZ_IBUF_BUFG
    SLICE_X31Y100        FDCE                                         r  u_accel/gen_nn_bitshift.u_accel/gen_hl2[15].membrane_buf/membrane_storage_reg[11][18]/C
                         clock pessimism             -0.245     1.756    
    SLICE_X31Y100        FDCE (Hold_fdce_C_D)         0.047     1.803    u_accel/gen_nn_bitshift.u_accel/gen_hl2[15].membrane_buf/membrane_storage_reg[11][18]
  -------------------------------------------------------------------
                         required time                         -1.803    
                         arrival time                           1.857    
  -------------------------------------------------------------------
                         slack                                  0.054    





Pulse Width Checks
--------------------------------------------------------------------------------------
Clock Name:         sys_clk_pin
Waveform(ns):       { 0.000 5.000 }
Period(ns):         10.000
Sources:            { CLK100MHZ }

Check Type        Corner  Lib Pin      Reference Pin  Required(ns)  Actual(ns)  Slack(ns)  Location        Pin
Min Period        n/a     BUFG/I       n/a            2.155         10.000      7.845      BUFGCTRL_X0Y16  CLK100MHZ_IBUF_BUFG_inst/I
Min Period        n/a     DSP48E1/CLK  n/a            2.154         10.000      7.846      DSP48_X1Y6      u_accel/gen_nn_bitshift.u_accel/q_accum/p_0_out/CLK
Min Period        n/a     DSP48E1/CLK  n/a            2.154         10.000      7.846      DSP48_X1Y13     u_accel/gen_nn_bitshift.u_accel/q_accum/p_0_out__0/CLK
Min Period        n/a     DSP48E1/CLK  n/a            2.154         10.000      7.846      DSP48_X1Y10     u_accel/gen_nn_bitshift.u_accel/q_accum/p_0_out__1/CLK
Min Period        n/a     DSP48E1/CLK  n/a            2.154         10.000      7.846      DSP48_X1Y7      u_accel/gen_nn_bitshift.u_accel/q_accum/p_0_out__3/CLK
Min Period        n/a     DSP48E1/CLK  n/a            2.154         10.000      7.846      DSP48_X1Y12     u_accel/gen_nn_bitshift.u_accel/q_accum/p_0_out__4/CLK
Min Period        n/a     DSP48E1/CLK  n/a            2.154         10.000      7.846      DSP48_X1Y9      u_accel/gen_nn_bitshift.u_accel/q_accum/p_0_out__5/CLK
Min Period        n/a     FDCE/C       n/a            1.000         10.000      9.000      SLICE_X35Y101   action_q_reg/C
Min Period        n/a     FDRE/C       n/a            1.000         10.000      9.000      SLICE_X0Y51     heartbeat_count_reg[0]/C
Min Period        n/a     FDRE/C       n/a            1.000         10.000      9.000      SLICE_X0Y53     heartbeat_count_reg[10]/C
Low Pulse Width   Slow    FDCE/C       n/a            0.500         5.000       4.500      SLICE_X35Y101   action_q_reg/C
Low Pulse Width   Fast    FDCE/C       n/a            0.500         5.000       4.500      SLICE_X35Y101   action_q_reg/C
Low Pulse Width   Slow    FDRE/C       n/a            0.500         5.000       4.500      SLICE_X0Y51     heartbeat_count_reg[0]/C
Low Pulse Width   Fast    FDRE/C       n/a            0.500         5.000       4.500      SLICE_X0Y51     heartbeat_count_reg[0]/C
Low Pulse Width   Slow    FDRE/C       n/a            0.500         5.000       4.500      SLICE_X0Y53     heartbeat_count_reg[10]/C
Low Pulse Width   Fast    FDRE/C       n/a            0.500         5.000       4.500      SLICE_X0Y53     heartbeat_count_reg[10]/C
Low Pulse Width   Slow    FDRE/C       n/a            0.500         5.000       4.500      SLICE_X0Y53     heartbeat_count_reg[11]/C
Low Pulse Width   Fast    FDRE/C       n/a            0.500         5.000       4.500      SLICE_X0Y53     heartbeat_count_reg[11]/C
Low Pulse Width   Slow    FDRE/C       n/a            0.500         5.000       4.500      SLICE_X0Y54     heartbeat_count_reg[12]/C
Low Pulse Width   Fast    FDRE/C       n/a            0.500         5.000       4.500      SLICE_X0Y54     heartbeat_count_reg[12]/C
High Pulse Width  Slow    FDCE/C       n/a            0.500         5.000       4.500      SLICE_X35Y101   action_q_reg/C
High Pulse Width  Fast    FDCE/C       n/a            0.500         5.000       4.500      SLICE_X35Y101   action_q_reg/C
High Pulse Width  Slow    FDRE/C       n/a            0.500         5.000       4.500      SLICE_X0Y51     heartbeat_count_reg[0]/C
High Pulse Width  Fast    FDRE/C       n/a            0.500         5.000       4.500      SLICE_X0Y51     heartbeat_count_reg[0]/C
High Pulse Width  Slow    FDRE/C       n/a            0.500         5.000       4.500      SLICE_X0Y53     heartbeat_count_reg[10]/C
High Pulse Width  Fast    FDRE/C       n/a            0.500         5.000       4.500      SLICE_X0Y53     heartbeat_count_reg[10]/C
High Pulse Width  Slow    FDRE/C       n/a            0.500         5.000       4.500      SLICE_X0Y53     heartbeat_count_reg[11]/C
High Pulse Width  Fast    FDRE/C       n/a            0.500         5.000       4.500      SLICE_X0Y53     heartbeat_count_reg[11]/C
High Pulse Width  Slow    FDRE/C       n/a            0.500         5.000       4.500      SLICE_X0Y54     heartbeat_count_reg[12]/C
High Pulse Width  Fast    FDRE/C       n/a            0.500         5.000       4.500      SLICE_X0Y54     heartbeat_count_reg[12]/C



--------------------------------------------------------------------------------------
Path Group:  (none)
From Clock:  sys_clk_pin
  To Clock:  

Max Delay             4 Endpoints
Min Delay             4 Endpoints
--------------------------------------------------------------------------------------


Max Delay Paths
--------------------------------------------------------------------------------------
Slack:                    inf
  Source:                 u_accel/accel_busy_reg/C
                            (rising edge-triggered cell FDCE clocked by sys_clk_pin  {rise@0.000ns fall@5.000ns period=10.000ns})
  Destination:            LED[0]
                            (output port)
  Path Group:             (none)
  Path Type:              Max at Slow Process Corner
  Data Path Delay:        8.604ns  (logic 4.038ns (46.936%)  route 4.566ns (53.064%))
  Logic Levels:           1  (OBUF=1)
  Clock Uncertainty:      0.025ns  ((TSJ^2 + TIJ^2)^1/2 + DJ) / 2 + PE
    Total System Jitter     (TSJ):    0.050ns
    Total Input Jitter      (TIJ):    0.000ns
    Discrete Jitter          (DJ):    0.000ns
    Phase Error              (PE):    0.000ns

    Location             Delay type                Incr(ns)  Path(ns)    Netlist Resource(s)
  -------------------------------------------------------------------    -------------------
                         (clock sys_clk_pin rise edge)
                                                      0.000     0.000 r  
    E3                                                0.000     0.000 r  CLK100MHZ (IN)
                         net (fo=0)                   0.000     0.000    CLK100MHZ
    E3                   IBUF (Prop_ibuf_I_O)         1.482     1.482 r  CLK100MHZ_IBUF_inst/O
                         net (fo=1, routed)           2.025     3.506    CLK100MHZ_IBUF
    BUFGCTRL_X0Y16       BUFG (Prop_bufg_I_O)         0.096     3.602 r  CLK100MHZ_IBUF_BUFG_inst/O
                         net (fo=45158, routed)       1.612     5.214    u_accel/CLK100MHZ_IBUF_BUFG
    SLICE_X42Y134        FDCE                                         r  u_accel/accel_busy_reg/C
  -------------------------------------------------------------------    -------------------
    SLICE_X42Y134        FDCE (Prop_fdce_C_Q)         0.518     5.732 r  u_accel/accel_busy_reg/Q
                         net (fo=18, routed)          4.566    10.298    LED_OBUF[0]
    H17                  OBUF (Prop_obuf_I_O)         3.520    13.818 r  LED_OBUF[0]_inst/O
                         net (fo=0)                   0.000    13.818    LED[0]
    H17                                                               r  LED[0] (OUT)
  -------------------------------------------------------------------    -------------------

Slack:                    inf
  Source:                 u_accel/u_uart_tx/tx_reg/C
                            (rising edge-triggered cell FDPE clocked by sys_clk_pin  {rise@0.000ns fall@5.000ns period=10.000ns})
  Destination:            UART_RXD_OUT
                            (output port)
  Path Group:             (none)
  Path Type:              Max at Slow Process Corner
  Data Path Delay:        7.695ns  (logic 4.073ns (52.935%)  route 3.622ns (47.065%))
  Logic Levels:           1  (OBUF=1)
  Clock Uncertainty:      0.025ns  ((TSJ^2 + TIJ^2)^1/2 + DJ) / 2 + PE
    Total System Jitter     (TSJ):    0.050ns
    Total Input Jitter      (TIJ):    0.000ns
    Discrete Jitter          (DJ):    0.000ns
    Phase Error              (PE):    0.000ns

    Location             Delay type                Incr(ns)  Path(ns)    Netlist Resource(s)
  -------------------------------------------------------------------    -------------------
                         (clock sys_clk_pin rise edge)
                                                      0.000     0.000 r  
    E3                                                0.000     0.000 r  CLK100MHZ (IN)
                         net (fo=0)                   0.000     0.000    CLK100MHZ
    E3                   IBUF (Prop_ibuf_I_O)         1.482     1.482 r  CLK100MHZ_IBUF_inst/O
                         net (fo=1, routed)           2.025     3.506    CLK100MHZ_IBUF
    BUFGCTRL_X0Y16       BUFG (Prop_bufg_I_O)         0.096     3.602 r  CLK100MHZ_IBUF_BUFG_inst/O
                         net (fo=45158, routed)       1.617     5.219    u_accel/u_uart_tx/CLK100MHZ_IBUF_BUFG
    SLICE_X50Y147        FDPE                                         r  u_accel/u_uart_tx/tx_reg/C
  -------------------------------------------------------------------    -------------------
    SLICE_X50Y147        FDPE (Prop_fdpe_C_Q)         0.518     5.737 r  u_accel/u_uart_tx/tx_reg/Q
                         net (fo=1, routed)           3.622     9.359    UART_RXD_OUT_OBUF
    D4                   OBUF (Prop_obuf_I_O)         3.555    12.914 r  UART_RXD_OUT_OBUF_inst/O
                         net (fo=0)                   0.000    12.914    UART_RXD_OUT
    D4                                                                r  UART_RXD_OUT (OUT)
  -------------------------------------------------------------------    -------------------

Slack:                    inf
  Source:                 action_q_reg/C
                            (rising edge-triggered cell FDCE clocked by sys_clk_pin  {rise@0.000ns fall@5.000ns period=10.000ns})
  Destination:            LED[1]
                            (output port)
  Path Group:             (none)
  Path Type:              Max at Slow Process Corner
  Data Path Delay:        6.472ns  (logic 3.991ns (61.667%)  route 2.481ns (38.333%))
  Logic Levels:           1  (OBUF=1)
  Clock Uncertainty:      0.025ns  ((TSJ^2 + TIJ^2)^1/2 + DJ) / 2 + PE
    Total System Jitter     (TSJ):    0.050ns
    Total Input Jitter      (TIJ):    0.000ns
    Discrete Jitter          (DJ):    0.000ns
    Phase Error              (PE):    0.000ns

    Location             Delay type                Incr(ns)  Path(ns)    Netlist Resource(s)
  -------------------------------------------------------------------    -------------------
                         (clock sys_clk_pin rise edge)
                                                      0.000     0.000 r  
    E3                                                0.000     0.000 r  CLK100MHZ (IN)
                         net (fo=0)                   0.000     0.000    CLK100MHZ
    E3                   IBUF (Prop_ibuf_I_O)         1.482     1.482 r  CLK100MHZ_IBUF_inst/O
                         net (fo=1, routed)           2.025     3.506    CLK100MHZ_IBUF
    BUFGCTRL_X0Y16       BUFG (Prop_bufg_I_O)         0.096     3.602 r  CLK100MHZ_IBUF_BUFG_inst/O
                         net (fo=45158, routed)       1.625     5.227    CLK100MHZ_IBUF_BUFG
    SLICE_X35Y101        FDCE                                         r  action_q_reg/C
  -------------------------------------------------------------------    -------------------
    SLICE_X35Y101        FDCE (Prop_fdce_C_Q)         0.456     5.683 r  action_q_reg/Q
                         net (fo=1, routed)           2.481     8.164    LED_OBUF[1]
    K15                  OBUF (Prop_obuf_I_O)         3.535    11.700 r  LED_OBUF[1]_inst/O
                         net (fo=0)                   0.000    11.700    LED[1]
    K15                                                               r  LED[1] (OUT)
  -------------------------------------------------------------------    -------------------

Slack:                    inf
  Source:                 heartbeat_count_reg[24]/C
                            (rising edge-triggered cell FDRE clocked by sys_clk_pin  {rise@0.000ns fall@5.000ns period=10.000ns})
  Destination:            LED[15]
                            (output port)
  Path Group:             (none)
  Path Type:              Max at Slow Process Corner
  Data Path Delay:        5.572ns  (logic 4.025ns (72.236%)  route 1.547ns (27.764%))
  Logic Levels:           1  (OBUF=1)
  Clock Uncertainty:      0.025ns  ((TSJ^2 + TIJ^2)^1/2 + DJ) / 2 + PE
    Total System Jitter     (TSJ):    0.050ns
    Total Input Jitter      (TIJ):    0.000ns
    Discrete Jitter          (DJ):    0.000ns
    Phase Error              (PE):    0.000ns

    Location             Delay type                Incr(ns)  Path(ns)    Netlist Resource(s)
  -------------------------------------------------------------------    -------------------
                         (clock sys_clk_pin rise edge)
                                                      0.000     0.000 r  
    E3                                                0.000     0.000 r  CLK100MHZ (IN)
                         net (fo=0)                   0.000     0.000    CLK100MHZ
    E3                   IBUF (Prop_ibuf_I_O)         1.482     1.482 r  CLK100MHZ_IBUF_inst/O
                         net (fo=1, routed)           2.025     3.506    CLK100MHZ_IBUF
    BUFGCTRL_X0Y16       BUFG (Prop_bufg_I_O)         0.096     3.602 r  CLK100MHZ_IBUF_BUFG_inst/O
                         net (fo=45158, routed)       1.724     5.327    CLK100MHZ_IBUF_BUFG
    SLICE_X0Y57          FDRE                                         r  heartbeat_count_reg[24]/C
  -------------------------------------------------------------------    -------------------
    SLICE_X0Y57          FDRE (Prop_fdre_C_Q)         0.456     5.783 r  heartbeat_count_reg[24]/Q
                         net (fo=2, routed)           1.547     7.330    LED_OBUF[15]
    V11                  OBUF (Prop_obuf_I_O)         3.569    10.899 r  LED_OBUF[15]_inst/O
                         net (fo=0)                   0.000    10.899    LED[15]
    V11                                                               r  LED[15] (OUT)
  -------------------------------------------------------------------    -------------------





Min Delay Paths
--------------------------------------------------------------------------------------
Slack:                    inf
  Source:                 heartbeat_count_reg[24]/C
                            (rising edge-triggered cell FDRE clocked by sys_clk_pin  {rise@0.000ns fall@5.000ns period=10.000ns})
  Destination:            LED[15]
                            (output port)
  Path Group:             (none)
  Path Type:              Min at Fast Process Corner
  Data Path Delay:        1.710ns  (logic 1.410ns (82.462%)  route 0.300ns (17.538%))
  Logic Levels:           1  (OBUF=1)
  Clock Uncertainty:      0.025ns  ((TSJ^2 + TIJ^2)^1/2 + DJ) / 2 + PE
    Total System Jitter     (TSJ):    0.050ns
    Total Input Jitter      (TIJ):    0.000ns
    Discrete Jitter          (DJ):    0.000ns
    Phase Error              (PE):    0.000ns

    Location             Delay type                Incr(ns)  Path(ns)    Netlist Resource(s)
  -------------------------------------------------------------------    -------------------
                         (clock sys_clk_pin rise edge)
                                                      0.000     0.000 r  
    E3                                                0.000     0.000 r  CLK100MHZ (IN)
                         net (fo=0)                   0.000     0.000    CLK100MHZ
    E3                   IBUF (Prop_ibuf_I_O)         0.250     0.250 r  CLK100MHZ_IBUF_inst/O
                         net (fo=1, routed)           0.644     0.894    CLK100MHZ_IBUF
    BUFGCTRL_X0Y16       BUFG (Prop_bufg_I_O)         0.026     0.920 r  CLK100MHZ_IBUF_BUFG_inst/O
                         net (fo=45158, routed)       0.603     1.522    CLK100MHZ_IBUF_BUFG
    SLICE_X0Y57          FDRE                                         r  heartbeat_count_reg[24]/C
  -------------------------------------------------------------------    -------------------
    SLICE_X0Y57          FDRE (Prop_fdre_C_Q)         0.141     1.663 r  heartbeat_count_reg[24]/Q
                         net (fo=2, routed)           0.300     1.963    LED_OBUF[15]
    V11                  OBUF (Prop_obuf_I_O)         1.269     3.233 r  LED_OBUF[15]_inst/O
                         net (fo=0)                   0.000     3.233    LED[15]
    V11                                                               r  LED[15] (OUT)
  -------------------------------------------------------------------    -------------------

Slack:                    inf
  Source:                 action_q_reg/C
                            (rising edge-triggered cell FDCE clocked by sys_clk_pin  {rise@0.000ns fall@5.000ns period=10.000ns})
  Destination:            LED[1]
                            (output port)
  Path Group:             (none)
  Path Type:              Min at Fast Process Corner
  Data Path Delay:        2.089ns  (logic 1.377ns (65.918%)  route 0.712ns (34.082%))
  Logic Levels:           1  (OBUF=1)
  Clock Uncertainty:      0.025ns  ((TSJ^2 + TIJ^2)^1/2 + DJ) / 2 + PE
    Total System Jitter     (TSJ):    0.050ns
    Total Input Jitter      (TIJ):    0.000ns
    Discrete Jitter          (DJ):    0.000ns
    Phase Error              (PE):    0.000ns

    Location             Delay type                Incr(ns)  Path(ns)    Netlist Resource(s)
  -------------------------------------------------------------------    -------------------
                         (clock sys_clk_pin rise edge)
                                                      0.000     0.000 r  
    E3                                                0.000     0.000 r  CLK100MHZ (IN)
                         net (fo=0)                   0.000     0.000    CLK100MHZ
    E3                   IBUF (Prop_ibuf_I_O)         0.250     0.250 r  CLK100MHZ_IBUF_inst/O
                         net (fo=1, routed)           0.644     0.894    CLK100MHZ_IBUF
    BUFGCTRL_X0Y16       BUFG (Prop_bufg_I_O)         0.026     0.920 r  CLK100MHZ_IBUF_BUFG_inst/O
                         net (fo=45158, routed)       0.565     1.484    CLK100MHZ_IBUF_BUFG
    SLICE_X35Y101        FDCE                                         r  action_q_reg/C
  -------------------------------------------------------------------    -------------------
    SLICE_X35Y101        FDCE (Prop_fdce_C_Q)         0.141     1.625 r  action_q_reg/Q
                         net (fo=1, routed)           0.712     2.337    LED_OBUF[1]
    K15                  OBUF (Prop_obuf_I_O)         1.236     3.574 r  LED_OBUF[1]_inst/O
                         net (fo=0)                   0.000     3.574    LED[1]
    K15                                                               r  LED[1] (OUT)
  -------------------------------------------------------------------    -------------------

Slack:                    inf
  Source:                 u_accel/u_uart_tx/tx_reg/C
                            (rising edge-triggered cell FDPE clocked by sys_clk_pin  {rise@0.000ns fall@5.000ns period=10.000ns})
  Destination:            UART_RXD_OUT
                            (output port)
  Path Group:             (none)
  Path Type:              Min at Fast Process Corner
  Data Path Delay:        2.709ns  (logic 1.420ns (52.424%)  route 1.289ns (47.576%))
  Logic Levels:           1  (OBUF=1)
  Clock Uncertainty:      0.025ns  ((TSJ^2 + TIJ^2)^1/2 + DJ) / 2 + PE
    Total System Jitter     (TSJ):    0.050ns
    Total Input Jitter      (TIJ):    0.000ns
    Discrete Jitter          (DJ):    0.000ns
    Phase Error              (PE):    0.000ns

    Location             Delay type                Incr(ns)  Path(ns)    Netlist Resource(s)
  -------------------------------------------------------------------    -------------------
                         (clock sys_clk_pin rise edge)
                                                      0.000     0.000 r  
    E3                                                0.000     0.000 r  CLK100MHZ (IN)
                         net (fo=0)                   0.000     0.000    CLK100MHZ
    E3                   IBUF (Prop_ibuf_I_O)         0.250     0.250 r  CLK100MHZ_IBUF_inst/O
                         net (fo=1, routed)           0.644     0.894    CLK100MHZ_IBUF
    BUFGCTRL_X0Y16       BUFG (Prop_bufg_I_O)         0.026     0.920 r  CLK100MHZ_IBUF_BUFG_inst/O
                         net (fo=45158, routed)       0.560     1.479    u_accel/u_uart_tx/CLK100MHZ_IBUF_BUFG
    SLICE_X50Y147        FDPE                                         r  u_accel/u_uart_tx/tx_reg/C
  -------------------------------------------------------------------    -------------------
    SLICE_X50Y147        FDPE (Prop_fdpe_C_Q)         0.164     1.643 r  u_accel/u_uart_tx/tx_reg/Q
                         net (fo=1, routed)           1.289     2.932    UART_RXD_OUT_OBUF
    D4                   OBUF (Prop_obuf_I_O)         1.256     4.188 r  UART_RXD_OUT_OBUF_inst/O
                         net (fo=0)                   0.000     4.188    UART_RXD_OUT
    D4                                                                r  UART_RXD_OUT (OUT)
  -------------------------------------------------------------------    -------------------

Slack:                    inf
  Source:                 u_accel/accel_busy_reg/C
                            (rising edge-triggered cell FDCE clocked by sys_clk_pin  {rise@0.000ns fall@5.000ns period=10.000ns})
  Destination:            LED[0]
                            (output port)
  Path Group:             (none)
  Path Type:              Min at Fast Process Corner
  Data Path Delay:        3.013ns  (logic 1.385ns (45.979%)  route 1.628ns (54.021%))
  Logic Levels:           1  (OBUF=1)
  Clock Uncertainty:      0.025ns  ((TSJ^2 + TIJ^2)^1/2 + DJ) / 2 + PE
    Total System Jitter     (TSJ):    0.050ns
    Total Input Jitter      (TIJ):    0.000ns
    Discrete Jitter          (DJ):    0.000ns
    Phase Error              (PE):    0.000ns

    Location             Delay type                Incr(ns)  Path(ns)    Netlist Resource(s)
  -------------------------------------------------------------------    -------------------
                         (clock sys_clk_pin rise edge)
                                                      0.000     0.000 r  
    E3                                                0.000     0.000 r  CLK100MHZ (IN)
                         net (fo=0)                   0.000     0.000    CLK100MHZ
    E3                   IBUF (Prop_ibuf_I_O)         0.250     0.250 r  CLK100MHZ_IBUF_inst/O
                         net (fo=1, routed)           0.644     0.894    CLK100MHZ_IBUF
    BUFGCTRL_X0Y16       BUFG (Prop_bufg_I_O)         0.026     0.920 r  CLK100MHZ_IBUF_BUFG_inst/O
                         net (fo=45158, routed)       0.558     1.477    u_accel/CLK100MHZ_IBUF_BUFG
    SLICE_X42Y134        FDCE                                         r  u_accel/accel_busy_reg/C
  -------------------------------------------------------------------    -------------------
    SLICE_X42Y134        FDCE (Prop_fdce_C_Q)         0.164     1.641 r  u_accel/accel_busy_reg/Q
                         net (fo=18, routed)          1.628     3.269    LED_OBUF[0]
    H17                  OBUF (Prop_obuf_I_O)         1.221     4.490 r  LED_OBUF[0]_inst/O
                         net (fo=0)                   0.000     4.490    LED[0]
    H17                                                               r  LED[0] (OUT)
  -------------------------------------------------------------------    -------------------





--------------------------------------------------------------------------------------
Path Group:  (none)
From Clock:  
  To Clock:  sys_clk_pin

Max Delay         45120 Endpoints
Min Delay         45120 Endpoints
--------------------------------------------------------------------------------------


Max Delay Paths
--------------------------------------------------------------------------------------
Slack:                    inf
  Source:                 CPU_RESETN
                            (input port)
  Destination:            u_accel/gen_nn_bitshift.u_accel/q_accum/q_accum_reg[1][10]/CLR
                            (recovery check against rising-edge clock sys_clk_pin  {rise@0.000ns fall@5.000ns period=10.000ns})
  Path Group:             (none)
  Path Type:              Recovery (Max at Slow Process Corner)
  Data Path Delay:        9.658ns  (logic 1.923ns (19.911%)  route 7.735ns (80.089%))
  Logic Levels:           3  (BUFG=1 IBUF=1 LUT1=1)
  Clock Path Skew:        5.083ns (DCD - SCD + CPR)
    Destination Clock Delay (DCD):    5.083ns
    Source Clock Delay      (SCD):    0.000ns
    Clock Pessimism Removal (CPR):    0.000ns
  Clock Uncertainty:      0.025ns  ((TSJ^2 + TIJ^2)^1/2 + DJ) / 2 + PE
    Total System Jitter     (TSJ):    0.050ns
    Total Input Jitter      (TIJ):    0.000ns
    Discrete Jitter          (DJ):    0.000ns
    Phase Error              (PE):    0.000ns

    Location             Delay type                Incr(ns)  Path(ns)    Netlist Resource(s)
  -------------------------------------------------------------------    -------------------
    C12                                               0.000     0.000 r  CPU_RESETN (IN)
                         net (fo=0)                   0.000     0.000    CPU_RESETN
    C12                  IBUF (Prop_ibuf_I_O)         1.507     1.507 r  CPU_RESETN_IBUF_inst/O
                         net (fo=24, routed)          2.941     4.448    u_accel/gen_nn_bitshift.u_accel/fc1/CPU_RESETN_IBUF
    SLICE_X52Y137        LUT1 (Prop_lut1_I0_O)        0.118     4.566 f  u_accel/gen_nn_bitshift.u_accel/fc1/FSM_onehot_state[2]_i_2__0/O
                         net (fo=1, routed)           2.228     6.794    u_accel/gen_nn_bitshift.u_accel/fc1/CPU_RESETN
    BUFGCTRL_X0Y0        BUFG (Prop_bufg_I_O)         0.298     7.092 f  u_accel/gen_nn_bitshift.u_accel/fc1/CPU_RESETN_BUFG_inst/O
                         net (fo=44910, routed)       2.566     9.658    u_accel/gen_nn_bitshift.u_accel/q_accum/done_reg_0
    SLICE_X52Y32         FDCE                                         f  u_accel/gen_nn_bitshift.u_accel/q_accum/q_accum_reg[1][10]/CLR
  -------------------------------------------------------------------    -------------------

                         (clock sys_clk_pin rise edge)
                                                      0.000     0.000 r  
    E3                                                0.000     0.000 r  CLK100MHZ (IN)
                         net (fo=0)                   0.000     0.000    CLK100MHZ
    E3                   IBUF (Prop_ibuf_I_O)         1.411     1.411 r  CLK100MHZ_IBUF_inst/O
                         net (fo=1, routed)           1.920     3.331    CLK100MHZ_IBUF
    BUFGCTRL_X0Y16       BUFG (Prop_bufg_I_O)         0.091     3.422 r  CLK100MHZ_IBUF_BUFG_inst/O
                         net (fo=45158, routed)       1.661     5.083    u_accel/gen_nn_bitshift.u_accel/q_accum/CLK100MHZ_IBUF_BUFG
    SLICE_X52Y32         FDCE                                         r  u_accel/gen_nn_bitshift.u_accel/q_accum/q_accum_reg[1][10]/C

Slack:                    inf
  Source:                 CPU_RESETN
                            (input port)
  Destination:            u_accel/gen_nn_bitshift.u_accel/q_accum/q_accum_reg[1][11]/CLR
                            (recovery check against rising-edge clock sys_clk_pin  {rise@0.000ns fall@5.000ns period=10.000ns})
  Path Group:             (none)
  Path Type:              Recovery (Max at Slow Process Corner)
  Data Path Delay:        9.658ns  (logic 1.923ns (19.911%)  route 7.735ns (80.089%))
  Logic Levels:           3  (BUFG=1 IBUF=1 LUT1=1)
  Clock Path Skew:        5.083ns (DCD - SCD + CPR)
    Destination Clock Delay (DCD):    5.083ns
    Source Clock Delay      (SCD):    0.000ns
    Clock Pessimism Removal (CPR):    0.000ns
  Clock Uncertainty:      0.025ns  ((TSJ^2 + TIJ^2)^1/2 + DJ) / 2 + PE
    Total System Jitter     (TSJ):    0.050ns
    Total Input Jitter      (TIJ):    0.000ns
    Discrete Jitter          (DJ):    0.000ns
    Phase Error              (PE):    0.000ns

    Location             Delay type                Incr(ns)  Path(ns)    Netlist Resource(s)
  -------------------------------------------------------------------    -------------------
    C12                                               0.000     0.000 r  CPU_RESETN (IN)
                         net (fo=0)                   0.000     0.000    CPU_RESETN
    C12                  IBUF (Prop_ibuf_I_O)         1.507     1.507 r  CPU_RESETN_IBUF_inst/O
                         net (fo=24, routed)          2.941     4.448    u_accel/gen_nn_bitshift.u_accel/fc1/CPU_RESETN_IBUF
    SLICE_X52Y137        LUT1 (Prop_lut1_I0_O)        0.118     4.566 f  u_accel/gen_nn_bitshift.u_accel/fc1/FSM_onehot_state[2]_i_2__0/O
                         net (fo=1, routed)           2.228     6.794    u_accel/gen_nn_bitshift.u_accel/fc1/CPU_RESETN
    BUFGCTRL_X0Y0        BUFG (Prop_bufg_I_O)         0.298     7.092 f  u_accel/gen_nn_bitshift.u_accel/fc1/CPU_RESETN_BUFG_inst/O
                         net (fo=44910, routed)       2.566     9.658    u_accel/gen_nn_bitshift.u_accel/q_accum/done_reg_0
    SLICE_X52Y32         FDCE                                         f  u_accel/gen_nn_bitshift.u_accel/q_accum/q_accum_reg[1][11]/CLR
  -------------------------------------------------------------------    -------------------

                         (clock sys_clk_pin rise edge)
                                                      0.000     0.000 r  
    E3                                                0.000     0.000 r  CLK100MHZ (IN)
                         net (fo=0)                   0.000     0.000    CLK100MHZ
    E3                   IBUF (Prop_ibuf_I_O)         1.411     1.411 r  CLK100MHZ_IBUF_inst/O
                         net (fo=1, routed)           1.920     3.331    CLK100MHZ_IBUF
    BUFGCTRL_X0Y16       BUFG (Prop_bufg_I_O)         0.091     3.422 r  CLK100MHZ_IBUF_BUFG_inst/O
                         net (fo=45158, routed)       1.661     5.083    u_accel/gen_nn_bitshift.u_accel/q_accum/CLK100MHZ_IBUF_BUFG
    SLICE_X52Y32         FDCE                                         r  u_accel/gen_nn_bitshift.u_accel/q_accum/q_accum_reg[1][11]/C

Slack:                    inf
  Source:                 CPU_RESETN
                            (input port)
  Destination:            u_accel/gen_nn_bitshift.u_accel/q_accum/q_accum_reg[1][4]/CLR
                            (recovery check against rising-edge clock sys_clk_pin  {rise@0.000ns fall@5.000ns period=10.000ns})
  Path Group:             (none)
  Path Type:              Recovery (Max at Slow Process Corner)
  Data Path Delay:        9.658ns  (logic 1.923ns (19.911%)  route 7.735ns (80.089%))
  Logic Levels:           3  (BUFG=1 IBUF=1 LUT1=1)
  Clock Path Skew:        5.083ns (DCD - SCD + CPR)
    Destination Clock Delay (DCD):    5.083ns
    Source Clock Delay      (SCD):    0.000ns
    Clock Pessimism Removal (CPR):    0.000ns
  Clock Uncertainty:      0.025ns  ((TSJ^2 + TIJ^2)^1/2 + DJ) / 2 + PE
    Total System Jitter     (TSJ):    0.050ns
    Total Input Jitter      (TIJ):    0.000ns
    Discrete Jitter          (DJ):    0.000ns
    Phase Error              (PE):    0.000ns

    Location             Delay type                Incr(ns)  Path(ns)    Netlist Resource(s)
  -------------------------------------------------------------------    -------------------
    C12                                               0.000     0.000 r  CPU_RESETN (IN)
                         net (fo=0)                   0.000     0.000    CPU_RESETN
    C12                  IBUF (Prop_ibuf_I_O)         1.507     1.507 r  CPU_RESETN_IBUF_inst/O
                         net (fo=24, routed)          2.941     4.448    u_accel/gen_nn_bitshift.u_accel/fc1/CPU_RESETN_IBUF
    SLICE_X52Y137        LUT1 (Prop_lut1_I0_O)        0.118     4.566 f  u_accel/gen_nn_bitshift.u_accel/fc1/FSM_onehot_state[2]_i_2__0/O
                         net (fo=1, routed)           2.228     6.794    u_accel/gen_nn_bitshift.u_accel/fc1/CPU_RESETN
    BUFGCTRL_X0Y0        BUFG (Prop_bufg_I_O)         0.298     7.092 f  u_accel/gen_nn_bitshift.u_accel/fc1/CPU_RESETN_BUFG_inst/O
                         net (fo=44910, routed)       2.566     9.658    u_accel/gen_nn_bitshift.u_accel/q_accum/done_reg_0
    SLICE_X52Y32         FDCE                                         f  u_accel/gen_nn_bitshift.u_accel/q_accum/q_accum_reg[1][4]/CLR
  -------------------------------------------------------------------    -------------------

                         (clock sys_clk_pin rise edge)
                                                      0.000     0.000 r  
    E3                                                0.000     0.000 r  CLK100MHZ (IN)
                         net (fo=0)                   0.000     0.000    CLK100MHZ
    E3                   IBUF (Prop_ibuf_I_O)         1.411     1.411 r  CLK100MHZ_IBUF_inst/O
                         net (fo=1, routed)           1.920     3.331    CLK100MHZ_IBUF
    BUFGCTRL_X0Y16       BUFG (Prop_bufg_I_O)         0.091     3.422 r  CLK100MHZ_IBUF_BUFG_inst/O
                         net (fo=45158, routed)       1.661     5.083    u_accel/gen_nn_bitshift.u_accel/q_accum/CLK100MHZ_IBUF_BUFG
    SLICE_X52Y32         FDCE                                         r  u_accel/gen_nn_bitshift.u_accel/q_accum/q_accum_reg[1][4]/C

Slack:                    inf
  Source:                 CPU_RESETN
                            (input port)
  Destination:            u_accel/gen_nn_bitshift.u_accel/q_accum/q_accum_reg[1][8]/CLR
                            (recovery check against rising-edge clock sys_clk_pin  {rise@0.000ns fall@5.000ns period=10.000ns})
  Path Group:             (none)
  Path Type:              Recovery (Max at Slow Process Corner)
  Data Path Delay:        9.658ns  (logic 1.923ns (19.911%)  route 7.735ns (80.089%))
  Logic Levels:           3  (BUFG=1 IBUF=1 LUT1=1)
  Clock Path Skew:        5.083ns (DCD - SCD + CPR)
    Destination Clock Delay (DCD):    5.083ns
    Source Clock Delay      (SCD):    0.000ns
    Clock Pessimism Removal (CPR):    0.000ns
  Clock Uncertainty:      0.025ns  ((TSJ^2 + TIJ^2)^1/2 + DJ) / 2 + PE
    Total System Jitter     (TSJ):    0.050ns
    Total Input Jitter      (TIJ):    0.000ns
    Discrete Jitter          (DJ):    0.000ns
    Phase Error              (PE):    0.000ns

    Location             Delay type                Incr(ns)  Path(ns)    Netlist Resource(s)
  -------------------------------------------------------------------    -------------------
    C12                                               0.000     0.000 r  CPU_RESETN (IN)
                         net (fo=0)                   0.000     0.000    CPU_RESETN
    C12                  IBUF (Prop_ibuf_I_O)         1.507     1.507 r  CPU_RESETN_IBUF_inst/O
                         net (fo=24, routed)          2.941     4.448    u_accel/gen_nn_bitshift.u_accel/fc1/CPU_RESETN_IBUF
    SLICE_X52Y137        LUT1 (Prop_lut1_I0_O)        0.118     4.566 f  u_accel/gen_nn_bitshift.u_accel/fc1/FSM_onehot_state[2]_i_2__0/O
                         net (fo=1, routed)           2.228     6.794    u_accel/gen_nn_bitshift.u_accel/fc1/CPU_RESETN
    BUFGCTRL_X0Y0        BUFG (Prop_bufg_I_O)         0.298     7.092 f  u_accel/gen_nn_bitshift.u_accel/fc1/CPU_RESETN_BUFG_inst/O
                         net (fo=44910, routed)       2.566     9.658    u_accel/gen_nn_bitshift.u_accel/q_accum/done_reg_0
    SLICE_X52Y32         FDCE                                         f  u_accel/gen_nn_bitshift.u_accel/q_accum/q_accum_reg[1][8]/CLR
  -------------------------------------------------------------------    -------------------

                         (clock sys_clk_pin rise edge)
                                                      0.000     0.000 r  
    E3                                                0.000     0.000 r  CLK100MHZ (IN)
                         net (fo=0)                   0.000     0.000    CLK100MHZ
    E3                   IBUF (Prop_ibuf_I_O)         1.411     1.411 r  CLK100MHZ_IBUF_inst/O
                         net (fo=1, routed)           1.920     3.331    CLK100MHZ_IBUF
    BUFGCTRL_X0Y16       BUFG (Prop_bufg_I_O)         0.091     3.422 r  CLK100MHZ_IBUF_BUFG_inst/O
                         net (fo=45158, routed)       1.661     5.083    u_accel/gen_nn_bitshift.u_accel/q_accum/CLK100MHZ_IBUF_BUFG
    SLICE_X52Y32         FDCE                                         r  u_accel/gen_nn_bitshift.u_accel/q_accum/q_accum_reg[1][8]/C

Slack:                    inf
  Source:                 CPU_RESETN
                            (input port)
  Destination:            u_accel/gen_nn_bitshift.u_accel/gen_hl2[0].membrane_buf/membrane_storage_reg[4][6]/CLR
                            (recovery check against rising-edge clock sys_clk_pin  {rise@0.000ns fall@5.000ns period=10.000ns})
  Path Group:             (none)
  Path Type:              Recovery (Max at Slow Process Corner)
  Data Path Delay:        9.654ns  (logic 1.923ns (19.920%)  route 7.731ns (80.080%))
  Logic Levels:           3  (BUFG=1 IBUF=1 LUT1=1)
  Clock Path Skew:        5.083ns (DCD - SCD + CPR)
    Destination Clock Delay (DCD):    5.083ns
    Source Clock Delay      (SCD):    0.000ns
    Clock Pessimism Removal (CPR):    0.000ns
  Clock Uncertainty:      0.025ns  ((TSJ^2 + TIJ^2)^1/2 + DJ) / 2 + PE
    Total System Jitter     (TSJ):    0.050ns
    Total Input Jitter      (TIJ):    0.000ns
    Discrete Jitter          (DJ):    0.000ns
    Phase Error              (PE):    0.000ns

    Location             Delay type                Incr(ns)  Path(ns)    Netlist Resource(s)
  -------------------------------------------------------------------    -------------------
    C12                                               0.000     0.000 r  CPU_RESETN (IN)
                         net (fo=0)                   0.000     0.000    CPU_RESETN
    C12                  IBUF (Prop_ibuf_I_O)         1.507     1.507 r  CPU_RESETN_IBUF_inst/O
                         net (fo=24, routed)          2.941     4.448    u_accel/gen_nn_bitshift.u_accel/fc1/CPU_RESETN_IBUF
    SLICE_X52Y137        LUT1 (Prop_lut1_I0_O)        0.118     4.566 f  u_accel/gen_nn_bitshift.u_accel/fc1/FSM_onehot_state[2]_i_2__0/O
                         net (fo=1, routed)           2.228     6.794    u_accel/gen_nn_bitshift.u_accel/fc1/CPU_RESETN
    BUFGCTRL_X0Y0        BUFG (Prop_bufg_I_O)         0.298     7.092 f  u_accel/gen_nn_bitshift.u_accel/fc1/CPU_RESETN_BUFG_inst/O
                         net (fo=44910, routed)       2.562     9.654    u_accel/gen_nn_bitshift.u_accel/gen_hl2[0].membrane_buf/membrane_storage_reg[19][0]_0
    SLICE_X53Y32         FDCE                                         f  u_accel/gen_nn_bitshift.u_accel/gen_hl2[0].membrane_buf/membrane_storage_reg[4][6]/CLR
  -------------------------------------------------------------------    -------------------

                         (clock sys_clk_pin rise edge)
                                                      0.000     0.000 r  
    E3                                                0.000     0.000 r  CLK100MHZ (IN)
                         net (fo=0)                   0.000     0.000    CLK100MHZ
    E3                   IBUF (Prop_ibuf_I_O)         1.411     1.411 r  CLK100MHZ_IBUF_inst/O
                         net (fo=1, routed)           1.920     3.331    CLK100MHZ_IBUF
    BUFGCTRL_X0Y16       BUFG (Prop_bufg_I_O)         0.091     3.422 r  CLK100MHZ_IBUF_BUFG_inst/O
                         net (fo=45158, routed)       1.661     5.083    u_accel/gen_nn_bitshift.u_accel/gen_hl2[0].membrane_buf/CLK100MHZ_IBUF_BUFG
    SLICE_X53Y32         FDCE                                         r  u_accel/gen_nn_bitshift.u_accel/gen_hl2[0].membrane_buf/membrane_storage_reg[4][6]/C

Slack:                    inf
  Source:                 CPU_RESETN
                            (input port)
  Destination:            u_accel/gen_nn_bitshift.u_accel/gen_hl2[12].hl2_lif/history_buffer_reg[0][11]/CLR
                            (recovery check against rising-edge clock sys_clk_pin  {rise@0.000ns fall@5.000ns period=10.000ns})
  Path Group:             (none)
  Path Type:              Recovery (Max at Slow Process Corner)
  Data Path Delay:        9.548ns  (logic 1.923ns (20.140%)  route 7.625ns (79.860%))
  Logic Levels:           3  (BUFG=1 IBUF=1 LUT1=1)
  Clock Path Skew:        5.147ns (DCD - SCD + CPR)
    Destination Clock Delay (DCD):    5.147ns
    Source Clock Delay      (SCD):    0.000ns
    Clock Pessimism Removal (CPR):    0.000ns
  Clock Uncertainty:      0.025ns  ((TSJ^2 + TIJ^2)^1/2 + DJ) / 2 + PE
    Total System Jitter     (TSJ):    0.050ns
    Total Input Jitter      (TIJ):    0.000ns
    Discrete Jitter          (DJ):    0.000ns
    Phase Error              (PE):    0.000ns

    Location             Delay type                Incr(ns)  Path(ns)    Netlist Resource(s)
  -------------------------------------------------------------------    -------------------
    C12                                               0.000     0.000 r  CPU_RESETN (IN)
                         net (fo=0)                   0.000     0.000    CPU_RESETN
    C12                  IBUF (Prop_ibuf_I_O)         1.507     1.507 r  CPU_RESETN_IBUF_inst/O
                         net (fo=24, routed)          2.941     4.448    u_accel/gen_nn_bitshift.u_accel/fc1/CPU_RESETN_IBUF
    SLICE_X52Y137        LUT1 (Prop_lut1_I0_O)        0.118     4.566 f  u_accel/gen_nn_bitshift.u_accel/fc1/FSM_onehot_state[2]_i_2__0/O
                         net (fo=1, routed)           2.228     6.794    u_accel/gen_nn_bitshift.u_accel/fc1/CPU_RESETN
    BUFGCTRL_X0Y0        BUFG (Prop_bufg_I_O)         0.298     7.092 f  u_accel/gen_nn_bitshift.u_accel/fc1/CPU_RESETN_BUFG_inst/O
                         net (fo=44910, routed)       2.456     9.548    u_accel/gen_nn_bitshift.u_accel/gen_hl2[12].hl2_lif/finalize_spike_reg_reg_0
    SLICE_X79Y40         FDCE                                         f  u_accel/gen_nn_bitshift.u_accel/gen_hl2[12].hl2_lif/history_buffer_reg[0][11]/CLR
  -------------------------------------------------------------------    -------------------

                         (clock sys_clk_pin rise edge)
                                                      0.000     0.000 r  
    E3                                                0.000     0.000 r  CLK100MHZ (IN)
                         net (fo=0)                   0.000     0.000    CLK100MHZ
    E3                   IBUF (Prop_ibuf_I_O)         1.411     1.411 r  CLK100MHZ_IBUF_inst/O
                         net (fo=1, routed)           1.920     3.331    CLK100MHZ_IBUF
    BUFGCTRL_X0Y16       BUFG (Prop_bufg_I_O)         0.091     3.422 r  CLK100MHZ_IBUF_BUFG_inst/O
                         net (fo=45158, routed)       1.725     5.147    u_accel/gen_nn_bitshift.u_accel/gen_hl2[12].hl2_lif/CLK100MHZ_IBUF_BUFG
    SLICE_X79Y40         FDCE                                         r  u_accel/gen_nn_bitshift.u_accel/gen_hl2[12].hl2_lif/history_buffer_reg[0][11]/C

Slack:                    inf
  Source:                 CPU_RESETN
                            (input port)
  Destination:            u_accel/gen_nn_bitshift.u_accel/gen_hl2[12].hl2_lif/history_buffer_reg[0][12]/CLR
                            (recovery check against rising-edge clock sys_clk_pin  {rise@0.000ns fall@5.000ns period=10.000ns})
  Path Group:             (none)
  Path Type:              Recovery (Max at Slow Process Corner)
  Data Path Delay:        9.548ns  (logic 1.923ns (20.140%)  route 7.625ns (79.860%))
  Logic Levels:           3  (BUFG=1 IBUF=1 LUT1=1)
  Clock Path Skew:        5.147ns (DCD - SCD + CPR)
    Destination Clock Delay (DCD):    5.147ns
    Source Clock Delay      (SCD):    0.000ns
    Clock Pessimism Removal (CPR):    0.000ns
  Clock Uncertainty:      0.025ns  ((TSJ^2 + TIJ^2)^1/2 + DJ) / 2 + PE
    Total System Jitter     (TSJ):    0.050ns
    Total Input Jitter      (TIJ):    0.000ns
    Discrete Jitter          (DJ):    0.000ns
    Phase Error              (PE):    0.000ns

    Location             Delay type                Incr(ns)  Path(ns)    Netlist Resource(s)
  -------------------------------------------------------------------    -------------------
    C12                                               0.000     0.000 r  CPU_RESETN (IN)
                         net (fo=0)                   0.000     0.000    CPU_RESETN
    C12                  IBUF (Prop_ibuf_I_O)         1.507     1.507 r  CPU_RESETN_IBUF_inst/O
                         net (fo=24, routed)          2.941     4.448    u_accel/gen_nn_bitshift.u_accel/fc1/CPU_RESETN_IBUF
    SLICE_X52Y137        LUT1 (Prop_lut1_I0_O)        0.118     4.566 f  u_accel/gen_nn_bitshift.u_accel/fc1/FSM_onehot_state[2]_i_2__0/O
                         net (fo=1, routed)           2.228     6.794    u_accel/gen_nn_bitshift.u_accel/fc1/CPU_RESETN
    BUFGCTRL_X0Y0        BUFG (Prop_bufg_I_O)         0.298     7.092 f  u_accel/gen_nn_bitshift.u_accel/fc1/CPU_RESETN_BUFG_inst/O
                         net (fo=44910, routed)       2.456     9.548    u_accel/gen_nn_bitshift.u_accel/gen_hl2[12].hl2_lif/finalize_spike_reg_reg_0
    SLICE_X79Y40         FDCE                                         f  u_accel/gen_nn_bitshift.u_accel/gen_hl2[12].hl2_lif/history_buffer_reg[0][12]/CLR
  -------------------------------------------------------------------    -------------------

                         (clock sys_clk_pin rise edge)
                                                      0.000     0.000 r  
    E3                                                0.000     0.000 r  CLK100MHZ (IN)
                         net (fo=0)                   0.000     0.000    CLK100MHZ
    E3                   IBUF (Prop_ibuf_I_O)         1.411     1.411 r  CLK100MHZ_IBUF_inst/O
                         net (fo=1, routed)           1.920     3.331    CLK100MHZ_IBUF
    BUFGCTRL_X0Y16       BUFG (Prop_bufg_I_O)         0.091     3.422 r  CLK100MHZ_IBUF_BUFG_inst/O
                         net (fo=45158, routed)       1.725     5.147    u_accel/gen_nn_bitshift.u_accel/gen_hl2[12].hl2_lif/CLK100MHZ_IBUF_BUFG
    SLICE_X79Y40         FDCE                                         r  u_accel/gen_nn_bitshift.u_accel/gen_hl2[12].hl2_lif/history_buffer_reg[0][12]/C

Slack:                    inf
  Source:                 CPU_RESETN
                            (input port)
  Destination:            u_accel/gen_nn_bitshift.u_accel/gen_hl2[12].hl2_lif/history_buffer_reg[0][13]/CLR
                            (recovery check against rising-edge clock sys_clk_pin  {rise@0.000ns fall@5.000ns period=10.000ns})
  Path Group:             (none)
  Path Type:              Recovery (Max at Slow Process Corner)
  Data Path Delay:        9.548ns  (logic 1.923ns (20.140%)  route 7.625ns (79.860%))
  Logic Levels:           3  (BUFG=1 IBUF=1 LUT1=1)
  Clock Path Skew:        5.147ns (DCD - SCD + CPR)
    Destination Clock Delay (DCD):    5.147ns
    Source Clock Delay      (SCD):    0.000ns
    Clock Pessimism Removal (CPR):    0.000ns
  Clock Uncertainty:      0.025ns  ((TSJ^2 + TIJ^2)^1/2 + DJ) / 2 + PE
    Total System Jitter     (TSJ):    0.050ns
    Total Input Jitter      (TIJ):    0.000ns
    Discrete Jitter          (DJ):    0.000ns
    Phase Error              (PE):    0.000ns

    Location             Delay type                Incr(ns)  Path(ns)    Netlist Resource(s)
  -------------------------------------------------------------------    -------------------
    C12                                               0.000     0.000 r  CPU_RESETN (IN)
                         net (fo=0)                   0.000     0.000    CPU_RESETN
    C12                  IBUF (Prop_ibuf_I_O)         1.507     1.507 r  CPU_RESETN_IBUF_inst/O
                         net (fo=24, routed)          2.941     4.448    u_accel/gen_nn_bitshift.u_accel/fc1/CPU_RESETN_IBUF
    SLICE_X52Y137        LUT1 (Prop_lut1_I0_O)        0.118     4.566 f  u_accel/gen_nn_bitshift.u_accel/fc1/FSM_onehot_state[2]_i_2__0/O
                         net (fo=1, routed)           2.228     6.794    u_accel/gen_nn_bitshift.u_accel/fc1/CPU_RESETN
    BUFGCTRL_X0Y0        BUFG (Prop_bufg_I_O)         0.298     7.092 f  u_accel/gen_nn_bitshift.u_accel/fc1/CPU_RESETN_BUFG_inst/O
                         net (fo=44910, routed)       2.456     9.548    u_accel/gen_nn_bitshift.u_accel/gen_hl2[12].hl2_lif/finalize_spike_reg_reg_0
    SLICE_X79Y40         FDCE                                         f  u_accel/gen_nn_bitshift.u_accel/gen_hl2[12].hl2_lif/history_buffer_reg[0][13]/CLR
  -------------------------------------------------------------------    -------------------

                         (clock sys_clk_pin rise edge)
                                                      0.000     0.000 r  
    E3                                                0.000     0.000 r  CLK100MHZ (IN)
                         net (fo=0)                   0.000     0.000    CLK100MHZ
    E3                   IBUF (Prop_ibuf_I_O)         1.411     1.411 r  CLK100MHZ_IBUF_inst/O
                         net (fo=1, routed)           1.920     3.331    CLK100MHZ_IBUF
    BUFGCTRL_X0Y16       BUFG (Prop_bufg_I_O)         0.091     3.422 r  CLK100MHZ_IBUF_BUFG_inst/O
                         net (fo=45158, routed)       1.725     5.147    u_accel/gen_nn_bitshift.u_accel/gen_hl2[12].hl2_lif/CLK100MHZ_IBUF_BUFG
    SLICE_X79Y40         FDCE                                         r  u_accel/gen_nn_bitshift.u_accel/gen_hl2[12].hl2_lif/history_buffer_reg[0][13]/C

Slack:                    inf
  Source:                 CPU_RESETN
                            (input port)
  Destination:            u_accel/gen_nn_bitshift.u_accel/gen_hl2[12].hl2_lif/history_buffer_reg[0][15]/CLR
                            (recovery check against rising-edge clock sys_clk_pin  {rise@0.000ns fall@5.000ns period=10.000ns})
  Path Group:             (none)
  Path Type:              Recovery (Max at Slow Process Corner)
  Data Path Delay:        9.548ns  (logic 1.923ns (20.140%)  route 7.625ns (79.860%))
  Logic Levels:           3  (BUFG=1 IBUF=1 LUT1=1)
  Clock Path Skew:        5.147ns (DCD - SCD + CPR)
    Destination Clock Delay (DCD):    5.147ns
    Source Clock Delay      (SCD):    0.000ns
    Clock Pessimism Removal (CPR):    0.000ns
  Clock Uncertainty:      0.025ns  ((TSJ^2 + TIJ^2)^1/2 + DJ) / 2 + PE
    Total System Jitter     (TSJ):    0.050ns
    Total Input Jitter      (TIJ):    0.000ns
    Discrete Jitter          (DJ):    0.000ns
    Phase Error              (PE):    0.000ns

    Location             Delay type                Incr(ns)  Path(ns)    Netlist Resource(s)
  -------------------------------------------------------------------    -------------------
    C12                                               0.000     0.000 r  CPU_RESETN (IN)
                         net (fo=0)                   0.000     0.000    CPU_RESETN
    C12                  IBUF (Prop_ibuf_I_O)         1.507     1.507 r  CPU_RESETN_IBUF_inst/O
                         net (fo=24, routed)          2.941     4.448    u_accel/gen_nn_bitshift.u_accel/fc1/CPU_RESETN_IBUF
    SLICE_X52Y137        LUT1 (Prop_lut1_I0_O)        0.118     4.566 f  u_accel/gen_nn_bitshift.u_accel/fc1/FSM_onehot_state[2]_i_2__0/O
                         net (fo=1, routed)           2.228     6.794    u_accel/gen_nn_bitshift.u_accel/fc1/CPU_RESETN
    BUFGCTRL_X0Y0        BUFG (Prop_bufg_I_O)         0.298     7.092 f  u_accel/gen_nn_bitshift.u_accel/fc1/CPU_RESETN_BUFG_inst/O
                         net (fo=44910, routed)       2.456     9.548    u_accel/gen_nn_bitshift.u_accel/gen_hl2[12].hl2_lif/finalize_spike_reg_reg_0
    SLICE_X79Y40         FDCE                                         f  u_accel/gen_nn_bitshift.u_accel/gen_hl2[12].hl2_lif/history_buffer_reg[0][15]/CLR
  -------------------------------------------------------------------    -------------------

                         (clock sys_clk_pin rise edge)
                                                      0.000     0.000 r  
    E3                                                0.000     0.000 r  CLK100MHZ (IN)
                         net (fo=0)                   0.000     0.000    CLK100MHZ
    E3                   IBUF (Prop_ibuf_I_O)         1.411     1.411 r  CLK100MHZ_IBUF_inst/O
                         net (fo=1, routed)           1.920     3.331    CLK100MHZ_IBUF
    BUFGCTRL_X0Y16       BUFG (Prop_bufg_I_O)         0.091     3.422 r  CLK100MHZ_IBUF_BUFG_inst/O
                         net (fo=45158, routed)       1.725     5.147    u_accel/gen_nn_bitshift.u_accel/gen_hl2[12].hl2_lif/CLK100MHZ_IBUF_BUFG
    SLICE_X79Y40         FDCE                                         r  u_accel/gen_nn_bitshift.u_accel/gen_hl2[12].hl2_lif/history_buffer_reg[0][15]/C

Slack:                    inf
  Source:                 CPU_RESETN
                            (input port)
  Destination:            u_accel/gen_nn_bitshift.u_accel/gen_hl2[12].hl2_lif/history_buffer_reg[2][14]/CLR
                            (recovery check against rising-edge clock sys_clk_pin  {rise@0.000ns fall@5.000ns period=10.000ns})
  Path Group:             (none)
  Path Type:              Recovery (Max at Slow Process Corner)
  Data Path Delay:        9.548ns  (logic 1.923ns (20.140%)  route 7.625ns (79.860%))
  Logic Levels:           3  (BUFG=1 IBUF=1 LUT1=1)
  Clock Path Skew:        5.147ns (DCD - SCD + CPR)
    Destination Clock Delay (DCD):    5.147ns
    Source Clock Delay      (SCD):    0.000ns
    Clock Pessimism Removal (CPR):    0.000ns
  Clock Uncertainty:      0.025ns  ((TSJ^2 + TIJ^2)^1/2 + DJ) / 2 + PE
    Total System Jitter     (TSJ):    0.050ns
    Total Input Jitter      (TIJ):    0.000ns
    Discrete Jitter          (DJ):    0.000ns
    Phase Error              (PE):    0.000ns

    Location             Delay type                Incr(ns)  Path(ns)    Netlist Resource(s)
  -------------------------------------------------------------------    -------------------
    C12                                               0.000     0.000 r  CPU_RESETN (IN)
                         net (fo=0)                   0.000     0.000    CPU_RESETN
    C12                  IBUF (Prop_ibuf_I_O)         1.507     1.507 r  CPU_RESETN_IBUF_inst/O
                         net (fo=24, routed)          2.941     4.448    u_accel/gen_nn_bitshift.u_accel/fc1/CPU_RESETN_IBUF
    SLICE_X52Y137        LUT1 (Prop_lut1_I0_O)        0.118     4.566 f  u_accel/gen_nn_bitshift.u_accel/fc1/FSM_onehot_state[2]_i_2__0/O
                         net (fo=1, routed)           2.228     6.794    u_accel/gen_nn_bitshift.u_accel/fc1/CPU_RESETN
    BUFGCTRL_X0Y0        BUFG (Prop_bufg_I_O)         0.298     7.092 f  u_accel/gen_nn_bitshift.u_accel/fc1/CPU_RESETN_BUFG_inst/O
                         net (fo=44910, routed)       2.456     9.548    u_accel/gen_nn_bitshift.u_accel/gen_hl2[12].hl2_lif/finalize_spike_reg_reg_0
    SLICE_X78Y40         FDCE                                         f  u_accel/gen_nn_bitshift.u_accel/gen_hl2[12].hl2_lif/history_buffer_reg[2][14]/CLR
  -------------------------------------------------------------------    -------------------

                         (clock sys_clk_pin rise edge)
                                                      0.000     0.000 r  
    E3                                                0.000     0.000 r  CLK100MHZ (IN)
                         net (fo=0)                   0.000     0.000    CLK100MHZ
    E3                   IBUF (Prop_ibuf_I_O)         1.411     1.411 r  CLK100MHZ_IBUF_inst/O
                         net (fo=1, routed)           1.920     3.331    CLK100MHZ_IBUF
    BUFGCTRL_X0Y16       BUFG (Prop_bufg_I_O)         0.091     3.422 r  CLK100MHZ_IBUF_BUFG_inst/O
                         net (fo=45158, routed)       1.725     5.147    u_accel/gen_nn_bitshift.u_accel/gen_hl2[12].hl2_lif/CLK100MHZ_IBUF_BUFG
    SLICE_X78Y40         FDCE                                         r  u_accel/gen_nn_bitshift.u_accel/gen_hl2[12].hl2_lif/history_buffer_reg[2][14]/C





Min Delay Paths
--------------------------------------------------------------------------------------
Slack:                    inf
  Source:                 CPU_RESETN
                            (input port)
  Destination:            u_accel/u_ctrl/tx_frame_reg[7][0]/CE
                            (rising edge-triggered cell FDRE clocked by sys_clk_pin  {rise@0.000ns fall@5.000ns period=10.000ns})
  Path Group:             (none)
  Path Type:              Hold (Min at Fast Process Corner)
  Data Path Delay:        1.344ns  (logic 0.318ns (23.625%)  route 1.027ns (76.375%))
  Logic Levels:           2  (IBUF=1 LUT4=1)
  Clock Path Skew:        1.996ns (DCD - SCD - CPR)
    Destination Clock Delay (DCD):    1.996ns
    Source Clock Delay      (SCD):    0.000ns
    Clock Pessimism Removal (CPR):    -0.000ns

    Location             Delay type                Incr(ns)  Path(ns)    Netlist Resource(s)
  -------------------------------------------------------------------    -------------------
    C12                                               0.000     0.000 r  CPU_RESETN (IN)
                         net (fo=0)                   0.000     0.000    CPU_RESETN
    C12                  IBUF (Prop_ibuf_I_O)         0.275     0.275 r  CPU_RESETN_IBUF_inst/O
                         net (fo=24, routed)          0.912     1.187    u_accel/u_ctrl/CPU_RESETN_IBUF
    SLICE_X47Y144        LUT4 (Prop_lut4_I0_O)        0.043     1.230 r  u_accel/u_ctrl/tx_frame[7][7]_i_1/O
                         net (fo=8, routed)           0.115     1.344    u_accel/u_ctrl/tx_frame[7][7]_i_1_n_0
    SLICE_X48Y144        FDRE                                         r  u_accel/u_ctrl/tx_frame_reg[7][0]/CE
  -------------------------------------------------------------------    -------------------

                         (clock sys_clk_pin rise edge)
                                                      0.000     0.000 r  
    E3                                                0.000     0.000 r  CLK100MHZ (IN)
                         net (fo=0)                   0.000     0.000    CLK100MHZ
    E3                   IBUF (Prop_ibuf_I_O)         0.438     0.438 r  CLK100MHZ_IBUF_inst/O
                         net (fo=1, routed)           0.699     1.136    CLK100MHZ_IBUF
    BUFGCTRL_X0Y16       BUFG (Prop_bufg_I_O)         0.029     1.165 r  CLK100MHZ_IBUF_BUFG_inst/O
                         net (fo=45158, routed)       0.831     1.996    u_accel/u_ctrl/CLK100MHZ_IBUF_BUFG
    SLICE_X48Y144        FDRE                                         r  u_accel/u_ctrl/tx_frame_reg[7][0]/C

Slack:                    inf
  Source:                 CPU_RESETN
                            (input port)
  Destination:            u_accel/u_ctrl/tx_frame_reg[7][1]/CE
                            (rising edge-triggered cell FDRE clocked by sys_clk_pin  {rise@0.000ns fall@5.000ns period=10.000ns})
  Path Group:             (none)
  Path Type:              Hold (Min at Fast Process Corner)
  Data Path Delay:        1.344ns  (logic 0.318ns (23.625%)  route 1.027ns (76.375%))
  Logic Levels:           2  (IBUF=1 LUT4=1)
  Clock Path Skew:        1.996ns (DCD - SCD - CPR)
    Destination Clock Delay (DCD):    1.996ns
    Source Clock Delay      (SCD):    0.000ns
    Clock Pessimism Removal (CPR):    -0.000ns

    Location             Delay type                Incr(ns)  Path(ns)    Netlist Resource(s)
  -------------------------------------------------------------------    -------------------
    C12                                               0.000     0.000 r  CPU_RESETN (IN)
                         net (fo=0)                   0.000     0.000    CPU_RESETN
    C12                  IBUF (Prop_ibuf_I_O)         0.275     0.275 r  CPU_RESETN_IBUF_inst/O
                         net (fo=24, routed)          0.912     1.187    u_accel/u_ctrl/CPU_RESETN_IBUF
    SLICE_X47Y144        LUT4 (Prop_lut4_I0_O)        0.043     1.230 r  u_accel/u_ctrl/tx_frame[7][7]_i_1/O
                         net (fo=8, routed)           0.115     1.344    u_accel/u_ctrl/tx_frame[7][7]_i_1_n_0
    SLICE_X48Y144        FDRE                                         r  u_accel/u_ctrl/tx_frame_reg[7][1]/CE
  -------------------------------------------------------------------    -------------------

                         (clock sys_clk_pin rise edge)
                                                      0.000     0.000 r  
    E3                                                0.000     0.000 r  CLK100MHZ (IN)
                         net (fo=0)                   0.000     0.000    CLK100MHZ
    E3                   IBUF (Prop_ibuf_I_O)         0.438     0.438 r  CLK100MHZ_IBUF_inst/O
                         net (fo=1, routed)           0.699     1.136    CLK100MHZ_IBUF
    BUFGCTRL_X0Y16       BUFG (Prop_bufg_I_O)         0.029     1.165 r  CLK100MHZ_IBUF_BUFG_inst/O
                         net (fo=45158, routed)       0.831     1.996    u_accel/u_ctrl/CLK100MHZ_IBUF_BUFG
    SLICE_X48Y144        FDRE                                         r  u_accel/u_ctrl/tx_frame_reg[7][1]/C

Slack:                    inf
  Source:                 CPU_RESETN
                            (input port)
  Destination:            u_accel/u_ctrl/tx_frame_reg[2][0]/CE
                            (rising edge-triggered cell FDRE clocked by sys_clk_pin  {rise@0.000ns fall@5.000ns period=10.000ns})
  Path Group:             (none)
  Path Type:              Hold (Min at Fast Process Corner)
  Data Path Delay:        1.373ns  (logic 0.320ns (23.274%)  route 1.054ns (76.726%))
  Logic Levels:           2  (IBUF=1 LUT2=1)
  Clock Path Skew:        1.996ns (DCD - SCD - CPR)
    Destination Clock Delay (DCD):    1.996ns
    Source Clock Delay      (SCD):    0.000ns
    Clock Pessimism Removal (CPR):    -0.000ns

    Location             Delay type                Incr(ns)  Path(ns)    Netlist Resource(s)
  -------------------------------------------------------------------    -------------------
    C12                                               0.000     0.000 r  CPU_RESETN (IN)
                         net (fo=0)                   0.000     0.000    CPU_RESETN
    C12                  IBUF (Prop_ibuf_I_O)         0.275     0.275 r  CPU_RESETN_IBUF_inst/O
                         net (fo=24, routed)          0.912     1.187    u_accel/u_ctrl/CPU_RESETN_IBUF
    SLICE_X47Y144        LUT2 (Prop_lut2_I0_O)        0.045     1.232 r  u_accel/u_ctrl/tx_frame[1][2]_i_1/O
                         net (fo=15, routed)          0.142     1.373    u_accel/u_ctrl/tx_frame[1][2]_i_1_n_0
    SLICE_X47Y143        FDRE                                         r  u_accel/u_ctrl/tx_frame_reg[2][0]/CE
  -------------------------------------------------------------------    -------------------

                         (clock sys_clk_pin rise edge)
                                                      0.000     0.000 r  
    E3                                                0.000     0.000 r  CLK100MHZ (IN)
                         net (fo=0)                   0.000     0.000    CLK100MHZ
    E3                   IBUF (Prop_ibuf_I_O)         0.438     0.438 r  CLK100MHZ_IBUF_inst/O
                         net (fo=1, routed)           0.699     1.136    CLK100MHZ_IBUF
    BUFGCTRL_X0Y16       BUFG (Prop_bufg_I_O)         0.029     1.165 r  CLK100MHZ_IBUF_BUFG_inst/O
                         net (fo=45158, routed)       0.831     1.996    u_accel/u_ctrl/CLK100MHZ_IBUF_BUFG
    SLICE_X47Y143        FDRE                                         r  u_accel/u_ctrl/tx_frame_reg[2][0]/C

Slack:                    inf
  Source:                 CPU_RESETN
                            (input port)
  Destination:            u_accel/u_ctrl/tx_frame_reg[3][0]/CE
                            (rising edge-triggered cell FDRE clocked by sys_clk_pin  {rise@0.000ns fall@5.000ns period=10.000ns})
  Path Group:             (none)
  Path Type:              Hold (Min at Fast Process Corner)
  Data Path Delay:        1.373ns  (logic 0.320ns (23.274%)  route 1.054ns (76.726%))
  Logic Levels:           2  (IBUF=1 LUT2=1)
  Clock Path Skew:        1.996ns (DCD - SCD - CPR)
    Destination Clock Delay (DCD):    1.996ns
    Source Clock Delay      (SCD):    0.000ns
    Clock Pessimism Removal (CPR):    -0.000ns

    Location             Delay type                Incr(ns)  Path(ns)    Netlist Resource(s)
  -------------------------------------------------------------------    -------------------
    C12                                               0.000     0.000 r  CPU_RESETN (IN)
                         net (fo=0)                   0.000     0.000    CPU_RESETN
    C12                  IBUF (Prop_ibuf_I_O)         0.275     0.275 r  CPU_RESETN_IBUF_inst/O
                         net (fo=24, routed)          0.912     1.187    u_accel/u_ctrl/CPU_RESETN_IBUF
    SLICE_X47Y144        LUT2 (Prop_lut2_I0_O)        0.045     1.232 r  u_accel/u_ctrl/tx_frame[1][2]_i_1/O
                         net (fo=15, routed)          0.142     1.373    u_accel/u_ctrl/tx_frame[1][2]_i_1_n_0
    SLICE_X47Y143        FDRE                                         r  u_accel/u_ctrl/tx_frame_reg[3][0]/CE
  -------------------------------------------------------------------    -------------------

                         (clock sys_clk_pin rise edge)
                                                      0.000     0.000 r  
    E3                                                0.000     0.000 r  CLK100MHZ (IN)
                         net (fo=0)                   0.000     0.000    CLK100MHZ
    E3                   IBUF (Prop_ibuf_I_O)         0.438     0.438 r  CLK100MHZ_IBUF_inst/O
                         net (fo=1, routed)           0.699     1.136    CLK100MHZ_IBUF
    BUFGCTRL_X0Y16       BUFG (Prop_bufg_I_O)         0.029     1.165 r  CLK100MHZ_IBUF_BUFG_inst/O
                         net (fo=45158, routed)       0.831     1.996    u_accel/u_ctrl/CLK100MHZ_IBUF_BUFG
    SLICE_X47Y143        FDRE                                         r  u_accel/u_ctrl/tx_frame_reg[3][0]/C

Slack:                    inf
  Source:                 CPU_RESETN
                            (input port)
  Destination:            u_accel/u_ctrl/tx_frame_reg[3][4]/CE
                            (rising edge-triggered cell FDRE clocked by sys_clk_pin  {rise@0.000ns fall@5.000ns period=10.000ns})
  Path Group:             (none)
  Path Type:              Hold (Min at Fast Process Corner)
  Data Path Delay:        1.373ns  (logic 0.320ns (23.274%)  route 1.054ns (76.726%))
  Logic Levels:           2  (IBUF=1 LUT2=1)
  Clock Path Skew:        1.996ns (DCD - SCD - CPR)
    Destination Clock Delay (DCD):    1.996ns
    Source Clock Delay      (SCD):    0.000ns
    Clock Pessimism Removal (CPR):    -0.000ns

    Location             Delay type                Incr(ns)  Path(ns)    Netlist Resource(s)
  -------------------------------------------------------------------    -------------------
    C12                                               0.000     0.000 r  CPU_RESETN (IN)
                         net (fo=0)                   0.000     0.000    CPU_RESETN
    C12                  IBUF (Prop_ibuf_I_O)         0.275     0.275 r  CPU_RESETN_IBUF_inst/O
                         net (fo=24, routed)          0.912     1.187    u_accel/u_ctrl/CPU_RESETN_IBUF
    SLICE_X47Y144        LUT2 (Prop_lut2_I0_O)        0.045     1.232 r  u_accel/u_ctrl/tx_frame[1][2]_i_1/O
                         net (fo=15, routed)          0.142     1.373    u_accel/u_ctrl/tx_frame[1][2]_i_1_n_0
    SLICE_X47Y143        FDRE                                         r  u_accel/u_ctrl/tx_frame_reg[3][4]/CE
  -------------------------------------------------------------------    -------------------

                         (clock sys_clk_pin rise edge)
                                                      0.000     0.000 r  
    E3                                                0.000     0.000 r  CLK100MHZ (IN)
                         net (fo=0)                   0.000     0.000    CLK100MHZ
    E3                   IBUF (Prop_ibuf_I_O)         0.438     0.438 r  CLK100MHZ_IBUF_inst/O
                         net (fo=1, routed)           0.699     1.136    CLK100MHZ_IBUF
    BUFGCTRL_X0Y16       BUFG (Prop_bufg_I_O)         0.029     1.165 r  CLK100MHZ_IBUF_BUFG_inst/O
                         net (fo=45158, routed)       0.831     1.996    u_accel/u_ctrl/CLK100MHZ_IBUF_BUFG
    SLICE_X47Y143        FDRE                                         r  u_accel/u_ctrl/tx_frame_reg[3][4]/C

Slack:                    inf
  Source:                 CPU_RESETN
                            (input port)
  Destination:            u_accel/u_ctrl/tx_frame_reg[3][6]/CE
                            (rising edge-triggered cell FDRE clocked by sys_clk_pin  {rise@0.000ns fall@5.000ns period=10.000ns})
  Path Group:             (none)
  Path Type:              Hold (Min at Fast Process Corner)
  Data Path Delay:        1.373ns  (logic 0.320ns (23.274%)  route 1.054ns (76.726%))
  Logic Levels:           2  (IBUF=1 LUT2=1)
  Clock Path Skew:        1.996ns (DCD - SCD - CPR)
    Destination Clock Delay (DCD):    1.996ns
    Source Clock Delay      (SCD):    0.000ns
    Clock Pessimism Removal (CPR):    -0.000ns

    Location             Delay type                Incr(ns)  Path(ns)    Netlist Resource(s)
  -------------------------------------------------------------------    -------------------
    C12                                               0.000     0.000 r  CPU_RESETN (IN)
                         net (fo=0)                   0.000     0.000    CPU_RESETN
    C12                  IBUF (Prop_ibuf_I_O)         0.275     0.275 r  CPU_RESETN_IBUF_inst/O
                         net (fo=24, routed)          0.912     1.187    u_accel/u_ctrl/CPU_RESETN_IBUF
    SLICE_X47Y144        LUT2 (Prop_lut2_I0_O)        0.045     1.232 r  u_accel/u_ctrl/tx_frame[1][2]_i_1/O
                         net (fo=15, routed)          0.142     1.373    u_accel/u_ctrl/tx_frame[1][2]_i_1_n_0
    SLICE_X47Y143        FDRE                                         r  u_accel/u_ctrl/tx_frame_reg[3][6]/CE
  -------------------------------------------------------------------    -------------------

                         (clock sys_clk_pin rise edge)
                                                      0.000     0.000 r  
    E3                                                0.000     0.000 r  CLK100MHZ (IN)
                         net (fo=0)                   0.000     0.000    CLK100MHZ
    E3                   IBUF (Prop_ibuf_I_O)         0.438     0.438 r  CLK100MHZ_IBUF_inst/O
                         net (fo=1, routed)           0.699     1.136    CLK100MHZ_IBUF
    BUFGCTRL_X0Y16       BUFG (Prop_bufg_I_O)         0.029     1.165 r  CLK100MHZ_IBUF_BUFG_inst/O
                         net (fo=45158, routed)       0.831     1.996    u_accel/u_ctrl/CLK100MHZ_IBUF_BUFG
    SLICE_X47Y143        FDRE                                         r  u_accel/u_ctrl/tx_frame_reg[3][6]/C

Slack:                    inf
  Source:                 CPU_RESETN
                            (input port)
  Destination:            u_accel/u_ctrl/tx_frame_reg[8][1]/CE
                            (rising edge-triggered cell FDRE clocked by sys_clk_pin  {rise@0.000ns fall@5.000ns period=10.000ns})
  Path Group:             (none)
  Path Type:              Hold (Min at Fast Process Corner)
  Data Path Delay:        1.402ns  (logic 0.320ns (22.790%)  route 1.083ns (77.210%))
  Logic Levels:           2  (IBUF=1 LUT6=1)
  Clock Path Skew:        1.995ns (DCD - SCD - CPR)
    Destination Clock Delay (DCD):    1.995ns
    Source Clock Delay      (SCD):    0.000ns
    Clock Pessimism Removal (CPR):    -0.000ns

    Location             Delay type                Incr(ns)  Path(ns)    Netlist Resource(s)
  -------------------------------------------------------------------    -------------------
    C12                                               0.000     0.000 r  CPU_RESETN (IN)
                         net (fo=0)                   0.000     0.000    CPU_RESETN
    C12                  IBUF (Prop_ibuf_I_O)         0.275     0.275 r  CPU_RESETN_IBUF_inst/O
                         net (fo=24, routed)          0.889     1.164    u_accel/u_ctrl/CPU_RESETN_IBUF
    SLICE_X47Y144        LUT6 (Prop_lut6_I0_O)        0.045     1.209 r  u_accel/u_ctrl/tx_frame[8][7]_i_1/O
                         net (fo=8, routed)           0.194     1.402    u_accel/u_ctrl/tx_frame[8][7]_i_1_n_0
    SLICE_X46Y141        FDRE                                         r  u_accel/u_ctrl/tx_frame_reg[8][1]/CE
  -------------------------------------------------------------------    -------------------

                         (clock sys_clk_pin rise edge)
                                                      0.000     0.000 r  
    E3                                                0.000     0.000 r  CLK100MHZ (IN)
                         net (fo=0)                   0.000     0.000    CLK100MHZ
    E3                   IBUF (Prop_ibuf_I_O)         0.438     0.438 r  CLK100MHZ_IBUF_inst/O
                         net (fo=1, routed)           0.699     1.136    CLK100MHZ_IBUF
    BUFGCTRL_X0Y16       BUFG (Prop_bufg_I_O)         0.029     1.165 r  CLK100MHZ_IBUF_BUFG_inst/O
                         net (fo=45158, routed)       0.830     1.995    u_accel/u_ctrl/CLK100MHZ_IBUF_BUFG
    SLICE_X46Y141        FDRE                                         r  u_accel/u_ctrl/tx_frame_reg[8][1]/C

Slack:                    inf
  Source:                 CPU_RESETN
                            (input port)
  Destination:            u_accel/u_ctrl/tx_frame_reg[8][2]/CE
                            (rising edge-triggered cell FDRE clocked by sys_clk_pin  {rise@0.000ns fall@5.000ns period=10.000ns})
  Path Group:             (none)
  Path Type:              Hold (Min at Fast Process Corner)
  Data Path Delay:        1.402ns  (logic 0.320ns (22.790%)  route 1.083ns (77.210%))
  Logic Levels:           2  (IBUF=1 LUT6=1)
  Clock Path Skew:        1.995ns (DCD - SCD - CPR)
    Destination Clock Delay (DCD):    1.995ns
    Source Clock Delay      (SCD):    0.000ns
    Clock Pessimism Removal (CPR):    -0.000ns

    Location             Delay type                Incr(ns)  Path(ns)    Netlist Resource(s)
  -------------------------------------------------------------------    -------------------
    C12                                               0.000     0.000 r  CPU_RESETN (IN)
                         net (fo=0)                   0.000     0.000    CPU_RESETN
    C12                  IBUF (Prop_ibuf_I_O)         0.275     0.275 r  CPU_RESETN_IBUF_inst/O
                         net (fo=24, routed)          0.889     1.164    u_accel/u_ctrl/CPU_RESETN_IBUF
    SLICE_X47Y144        LUT6 (Prop_lut6_I0_O)        0.045     1.209 r  u_accel/u_ctrl/tx_frame[8][7]_i_1/O
                         net (fo=8, routed)           0.194     1.402    u_accel/u_ctrl/tx_frame[8][7]_i_1_n_0
    SLICE_X46Y141        FDRE                                         r  u_accel/u_ctrl/tx_frame_reg[8][2]/CE
  -------------------------------------------------------------------    -------------------

                         (clock sys_clk_pin rise edge)
                                                      0.000     0.000 r  
    E3                                                0.000     0.000 r  CLK100MHZ (IN)
                         net (fo=0)                   0.000     0.000    CLK100MHZ
    E3                   IBUF (Prop_ibuf_I_O)         0.438     0.438 r  CLK100MHZ_IBUF_inst/O
                         net (fo=1, routed)           0.699     1.136    CLK100MHZ_IBUF
    BUFGCTRL_X0Y16       BUFG (Prop_bufg_I_O)         0.029     1.165 r  CLK100MHZ_IBUF_BUFG_inst/O
                         net (fo=45158, routed)       0.830     1.995    u_accel/u_ctrl/CLK100MHZ_IBUF_BUFG
    SLICE_X46Y141        FDRE                                         r  u_accel/u_ctrl/tx_frame_reg[8][2]/C

Slack:                    inf
  Source:                 CPU_RESETN
                            (input port)
  Destination:            u_accel/u_ctrl/tx_frame_reg[8][3]/CE
                            (rising edge-triggered cell FDRE clocked by sys_clk_pin  {rise@0.000ns fall@5.000ns period=10.000ns})
  Path Group:             (none)
  Path Type:              Hold (Min at Fast Process Corner)
  Data Path Delay:        1.402ns  (logic 0.320ns (22.790%)  route 1.083ns (77.210%))
  Logic Levels:           2  (IBUF=1 LUT6=1)
  Clock Path Skew:        1.995ns (DCD - SCD - CPR)
    Destination Clock Delay (DCD):    1.995ns
    Source Clock Delay      (SCD):    0.000ns
    Clock Pessimism Removal (CPR):    -0.000ns

    Location             Delay type                Incr(ns)  Path(ns)    Netlist Resource(s)
  -------------------------------------------------------------------    -------------------
    C12                                               0.000     0.000 r  CPU_RESETN (IN)
                         net (fo=0)                   0.000     0.000    CPU_RESETN
    C12                  IBUF (Prop_ibuf_I_O)         0.275     0.275 r  CPU_RESETN_IBUF_inst/O
                         net (fo=24, routed)          0.889     1.164    u_accel/u_ctrl/CPU_RESETN_IBUF
    SLICE_X47Y144        LUT6 (Prop_lut6_I0_O)        0.045     1.209 r  u_accel/u_ctrl/tx_frame[8][7]_i_1/O
                         net (fo=8, routed)           0.194     1.402    u_accel/u_ctrl/tx_frame[8][7]_i_1_n_0
    SLICE_X46Y141        FDRE                                         r  u_accel/u_ctrl/tx_frame_reg[8][3]/CE
  -------------------------------------------------------------------    -------------------

                         (clock sys_clk_pin rise edge)
                                                      0.000     0.000 r  
    E3                                                0.000     0.000 r  CLK100MHZ (IN)
                         net (fo=0)                   0.000     0.000    CLK100MHZ
    E3                   IBUF (Prop_ibuf_I_O)         0.438     0.438 r  CLK100MHZ_IBUF_inst/O
                         net (fo=1, routed)           0.699     1.136    CLK100MHZ_IBUF
    BUFGCTRL_X0Y16       BUFG (Prop_bufg_I_O)         0.029     1.165 r  CLK100MHZ_IBUF_BUFG_inst/O
                         net (fo=45158, routed)       0.830     1.995    u_accel/u_ctrl/CLK100MHZ_IBUF_BUFG
    SLICE_X46Y141        FDRE                                         r  u_accel/u_ctrl/tx_frame_reg[8][3]/C

Slack:                    inf
  Source:                 CPU_RESETN
                            (input port)
  Destination:            u_accel/u_ctrl/tx_frame_reg[2][1]/CE
                            (rising edge-triggered cell FDRE clocked by sys_clk_pin  {rise@0.000ns fall@5.000ns period=10.000ns})
  Path Group:             (none)
  Path Type:              Hold (Min at Fast Process Corner)
  Data Path Delay:        1.415ns  (logic 0.320ns (22.582%)  route 1.096ns (77.418%))
  Logic Levels:           2  (IBUF=1 LUT2=1)
  Clock Path Skew:        1.995ns (DCD - SCD - CPR)
    Destination Clock Delay (DCD):    1.995ns
    Source Clock Delay      (SCD):    0.000ns
    Clock Pessimism Removal (CPR):    -0.000ns

    Location             Delay type                Incr(ns)  Path(ns)    Netlist Resource(s)
  -------------------------------------------------------------------    -------------------
    C12                                               0.000     0.000 r  CPU_RESETN (IN)
                         net (fo=0)                   0.000     0.000    CPU_RESETN
    C12                  IBUF (Prop_ibuf_I_O)         0.275     0.275 r  CPU_RESETN_IBUF_inst/O
                         net (fo=24, routed)          0.912     1.187    u_accel/u_ctrl/CPU_RESETN_IBUF
    SLICE_X47Y144        LUT2 (Prop_lut2_I0_O)        0.045     1.232 r  u_accel/u_ctrl/tx_frame[1][2]_i_1/O
                         net (fo=15, routed)          0.184     1.415    u_accel/u_ctrl/tx_frame[1][2]_i_1_n_0
    SLICE_X49Y142        FDRE                                         r  u_accel/u_ctrl/tx_frame_reg[2][1]/CE
  -------------------------------------------------------------------    -------------------

                         (clock sys_clk_pin rise edge)
                                                      0.000     0.000 r  
    E3                                                0.000     0.000 r  CLK100MHZ (IN)
                         net (fo=0)                   0.000     0.000    CLK100MHZ
    E3                   IBUF (Prop_ibuf_I_O)         0.438     0.438 r  CLK100MHZ_IBUF_inst/O
                         net (fo=1, routed)           0.699     1.136    CLK100MHZ_IBUF
    BUFGCTRL_X0Y16       BUFG (Prop_bufg_I_O)         0.029     1.165 r  CLK100MHZ_IBUF_BUFG_inst/O
                         net (fo=45158, routed)       0.830     1.995    u_accel/u_ctrl/CLK100MHZ_IBUF_BUFG
    SLICE_X49Y142        FDRE                                         r  u_accel/u_ctrl/tx_frame_reg[2][1]/C





