Copyright 1986-2022 Xilinx, Inc. All Rights Reserved. Copyright 2022-2025 Advanced Micro Devices, Inc. All Rights Reserved.
------------------------------------------------------------------------------------------------------------------------------------------------------------------------------------------------------------------------------------------------------------------------------------------
| Tool Version : Vivado v.2025.1 (lin64) Build 6140274 Wed May 21 22:58:25 MDT 2025
| Date         : Fri May 29 07:04:09 2026
| Host         : niklas.ece.pdx.edu running 64-bit Pop!_OS 22.04 LTS
| Command      : report_timing_summary -max_paths 10 -routable_nets -report_unconstrained -file board_top_bitshift_64_32_4_timing_summary_routed.rpt -pb board_top_bitshift_64_32_4_timing_summary_routed.pb -rpx board_top_bitshift_64_32_4_timing_summary_routed.rpx -warn_on_violation
| Design       : board_top_bitshift_64_32_4
| Device       : 7a100t-csg324
| Speed File   : -1  PRODUCTION 1.23 2018-06-13
| Design State : Routed
------------------------------------------------------------------------------------------------------------------------------------------------------------------------------------------------------------------------------------------------------------------------------------------

Timing Summary Report

------------------------------------------------------------------------------------------------
| Timer Settings
| --------------
------------------------------------------------------------------------------------------------

  Enable Multi Corner Analysis               :  Yes
  Enable Pessimism Removal                   :  Yes
  Pessimism Removal Resolution               :  Nearest Common Node
  Enable Input Delay Default Clock           :  No
  Enable Preset / Clear Arcs                 :  No
  Disable Flight Delays                      :  No
  Ignore I/O Paths                           :  No
  Timing Early Launch at Borrowing Latches   :  No
  Borrow Time for Max Delay Exceptions       :  Yes
  Merge Timing Exceptions                    :  Yes
  Inter-SLR Compensation                     :  Conservative

  Corner  Analyze    Analyze    
  Name    Max Paths  Min Paths  
  ------  ---------  ---------  
  Slow    Yes        Yes        
  Fast    Yes        Yes        


------------------------------------------------------------------------------------------------
| Report Methodology
| ------------------
------------------------------------------------------------------------------------------------

Rule       Severity  Description                                  Violations  
---------  --------  -------------------------------------------  ----------  
DPIR-1     Warning   Asynchronous driver check                    4992        
TIMING-18  Warning   Missing input or output delay                19          
ULMTCS-1   Warning   Control Sets use limits recommend reduction  1           

Note: This report is based on the most recent report_methodology run and may not be up-to-date. Run report_methodology on the current design for the latest report.



check_timing report

Table of Contents
-----------------
1. checking no_clock (0)
2. checking constant_clock (0)
3. checking pulse_width_clock (0)
4. checking unconstrained_internal_endpoints (0)
5. checking no_input_delay (2)
6. checking no_output_delay (4)
7. checking multiple_clock (0)
8. checking generated_clocks (0)
9. checking loops (0)
10. checking partial_input_delay (0)
11. checking partial_output_delay (0)
12. checking latch_loops (0)

1. checking no_clock (0)
------------------------
 There are 0 register/latch pins with no clock.


2. checking constant_clock (0)
------------------------------
 There are 0 register/latch pins with constant_clock.


3. checking pulse_width_clock (0)
---------------------------------
 There are 0 register/latch pins which need pulse_width check


4. checking unconstrained_internal_endpoints (0)
------------------------------------------------
 There are 0 pins that are not constrained for maximum delay.

 There are 0 pins that are not constrained for maximum delay due to constant clock.


5. checking no_input_delay (2)
------------------------------
 There are 2 input ports with no input delay specified. (HIGH)

 There are 0 input ports with no input delay but user has a false path constraint.


6. checking no_output_delay (4)
-------------------------------
 There are 4 ports with no output delay specified. (HIGH)

 There are 0 ports with no output delay but user has a false path constraint

 There are 0 ports with no output delay but with a timing clock defined on it or propagating through it


7. checking multiple_clock (0)
------------------------------
 There are 0 register/latch pins with multiple clocks.


8. checking generated_clocks (0)
--------------------------------
 There are 0 generated clocks that are not connected to a clock source.


9. checking loops (0)
---------------------
 There are 0 combinational loops in the design.


10. checking partial_input_delay (0)
------------------------------------
 There are 0 input ports with partial input delay specified.


11. checking partial_output_delay (0)
-------------------------------------
 There are 0 ports with partial output delay specified.


12. checking latch_loops (0)
----------------------------
 There are 0 combinational latch loops in the design through latch input



------------------------------------------------------------------------------------------------
| Design Timing Summary
| ---------------------
------------------------------------------------------------------------------------------------

    WNS(ns)      TNS(ns)  TNS Failing Endpoints  TNS Total Endpoints      WHS(ns)      THS(ns)  THS Failing Endpoints  THS Total Endpoints     WPWS(ns)     TPWS(ns)  TPWS Failing Endpoints  TPWS Total Endpoints  
    -------      -------  ---------------------  -------------------      -------      -------  ---------------------  -------------------     --------     --------  ----------------------  --------------------  
      0.121        0.000                      0                88948        0.017        0.000                      0                88948        4.500        0.000                       0                 45272  


All user specified timing constraints are met.


------------------------------------------------------------------------------------------------
| Clock Summary
| -------------
------------------------------------------------------------------------------------------------

Clock        Waveform(ns)       Period(ns)      Frequency(MHz)
-----        ------------       ----------      --------------
sys_clk_pin  {0.000 5.000}      10.000          100.000         


------------------------------------------------------------------------------------------------
| Intra Clock Table
| -----------------
------------------------------------------------------------------------------------------------

Clock             WNS(ns)      TNS(ns)  TNS Failing Endpoints  TNS Total Endpoints      WHS(ns)      THS(ns)  THS Failing Endpoints  THS Total Endpoints     WPWS(ns)     TPWS(ns)  TPWS Failing Endpoints  TPWS Total Endpoints  
-----             -------      -------  ---------------------  -------------------      -------      -------  ---------------------  -------------------     --------     --------  ----------------------  --------------------  
sys_clk_pin         0.121        0.000                      0                88948        0.017        0.000                      0                88948        4.500        0.000                       0                 45272  


------------------------------------------------------------------------------------------------
| Inter Clock Table
| -----------------
------------------------------------------------------------------------------------------------

From Clock    To Clock          WNS(ns)      TNS(ns)  TNS Failing Endpoints  TNS Total Endpoints      WHS(ns)      THS(ns)  THS Failing Endpoints  THS Total Endpoints  
----------    --------          -------      -------  ---------------------  -------------------      -------      -------  ---------------------  -------------------  


------------------------------------------------------------------------------------------------
| Other Path Groups Table
| -----------------------
------------------------------------------------------------------------------------------------

Path Group    From Clock    To Clock          WNS(ns)      TNS(ns)  TNS Failing Endpoints  TNS Total Endpoints      WHS(ns)      THS(ns)  THS Failing Endpoints  THS Total Endpoints  
----------    ----------    --------          -------      -------  ---------------------  -------------------      -------      -------  ---------------------  -------------------  


------------------------------------------------------------------------------------------------
| User Ignored Path Table
| -----------------------
------------------------------------------------------------------------------------------------

Path Group    From Clock    To Clock    
----------    ----------    --------    


------------------------------------------------------------------------------------------------
| Unconstrained Path Table
| ------------------------
------------------------------------------------------------------------------------------------

Path Group    From Clock    To Clock    
----------    ----------    --------    
(none)        sys_clk_pin                 
(none)                      sys_clk_pin   


------------------------------------------------------------------------------------------------
| Timing Details
| --------------
------------------------------------------------------------------------------------------------


---------------------------------------------------------------------------------------------------
From Clock:  sys_clk_pin
  To Clock:  sys_clk_pin

Setup :            0  Failing Endpoints,  Worst Slack        0.121ns,  Total Violation        0.000ns
Hold  :            0  Failing Endpoints,  Worst Slack        0.017ns,  Total Violation        0.000ns
PW    :            0  Failing Endpoints,  Worst Slack        4.500ns,  Total Violation        0.000ns
---------------------------------------------------------------------------------------------------


Max Delay Paths
--------------------------------------------------------------------------------------
Slack (MET) :             0.121ns  (required time - arrival time)
  Source:                 u_accel/gen_nn_bitshift.u_accel/fc1/FSM_onehot_state_reg[1]/C
                            (rising edge-triggered cell FDCE clocked by sys_clk_pin  {rise@0.000ns fall@5.000ns period=10.000ns})
  Destination:            u_accel/gen_nn_bitshift.u_accel/fc1/accums_reg[13][23]/D
                            (rising edge-triggered cell FDCE clocked by sys_clk_pin  {rise@0.000ns fall@5.000ns period=10.000ns})
  Path Group:             sys_clk_pin
  Path Type:              Setup (Max at Slow Process Corner)
  Requirement:            10.000ns  (sys_clk_pin rise@10.000ns - sys_clk_pin rise@0.000ns)
  Data Path Delay:        9.706ns  (logic 0.718ns (7.398%)  route 8.988ns (92.602%))
  Logic Levels:           1  (LUT2=1)
  Clock Path Skew:        -0.215ns (DCD - SCD + CPR)
    Destination Clock Delay (DCD):    5.002ns = ( 15.002 - 10.000 ) 
    Source Clock Delay      (SCD):    5.405ns
    Clock Pessimism Removal (CPR):    0.188ns
  Clock Uncertainty:      0.035ns  ((TSJ^2 + TIJ^2)^1/2 + DJ) / 2 + PE
    Total System Jitter     (TSJ):    0.071ns
    Total Input Jitter      (TIJ):    0.000ns
    Discrete Jitter          (DJ):    0.000ns
    Phase Error              (PE):    0.000ns

    Location             Delay type                Incr(ns)  Path(ns)    Netlist Resource(s)
  -------------------------------------------------------------------    -------------------
                         (clock sys_clk_pin rise edge)
                                                      0.000     0.000 r  
    E3                                                0.000     0.000 r  CLK100MHZ (IN)
                         net (fo=0)                   0.000     0.000    CLK100MHZ
    E3                   IBUF (Prop_ibuf_I_O)         1.482     1.482 r  CLK100MHZ_IBUF_inst/O
                         net (fo=1, routed)           2.025     3.506    CLK100MHZ_IBUF
    BUFGCTRL_X0Y16       BUFG (Prop_bufg_I_O)         0.096     3.602 r  CLK100MHZ_IBUF_BUFG_inst/O
                         net (fo=45271, routed)       1.802     5.405    u_accel/gen_nn_bitshift.u_accel/fc1/CLK100MHZ_IBUF_BUFG
    SLICE_X48Y151        FDCE                                         r  u_accel/gen_nn_bitshift.u_accel/fc1/FSM_onehot_state_reg[1]/C
  -------------------------------------------------------------------    -------------------
    SLICE_X48Y151        FDCE (Prop_fdce_C_Q)         0.419     5.824 r  u_accel/gen_nn_bitshift.u_accel/fc1/FSM_onehot_state_reg[1]/Q
                         net (fo=567, routed)         8.988    14.812    u_accel/gen_nn_bitshift.u_accel/fc1/FSM_onehot_state_reg_n_0_[1]
    SLICE_X76Y141        LUT2 (Prop_lut2_I0_O)        0.299    15.111 r  u_accel/gen_nn_bitshift.u_accel/fc1/accums[13][23]_i_1__0/O
                         net (fo=1, routed)           0.000    15.111    u_accel/gen_nn_bitshift.u_accel/fc1/accums[13][23]_i_1__0_n_0
    SLICE_X76Y141        FDCE                                         r  u_accel/gen_nn_bitshift.u_accel/fc1/accums_reg[13][23]/D
  -------------------------------------------------------------------    -------------------

                         (clock sys_clk_pin rise edge)
                                                     10.000    10.000 r  
    E3                                                0.000    10.000 r  CLK100MHZ (IN)
                         net (fo=0)                   0.000    10.000    CLK100MHZ
    E3                   IBUF (Prop_ibuf_I_O)         1.411    11.411 r  CLK100MHZ_IBUF_inst/O
                         net (fo=1, routed)           1.920    13.331    CLK100MHZ_IBUF
    BUFGCTRL_X0Y16       BUFG (Prop_bufg_I_O)         0.091    13.422 r  CLK100MHZ_IBUF_BUFG_inst/O
                         net (fo=45271, routed)       1.580    15.002    u_accel/gen_nn_bitshift.u_accel/fc1/CLK100MHZ_IBUF_BUFG
    SLICE_X76Y141        FDCE                                         r  u_accel/gen_nn_bitshift.u_accel/fc1/accums_reg[13][23]/C
                         clock pessimism              0.188    15.190    
                         clock uncertainty           -0.035    15.155    
    SLICE_X76Y141        FDCE (Setup_fdce_C_D)        0.077    15.232    u_accel/gen_nn_bitshift.u_accel/fc1/accums_reg[13][23]
  -------------------------------------------------------------------
                         required time                         15.232    
                         arrival time                         -15.111    
  -------------------------------------------------------------------
                         slack                                  0.121    

Slack (MET) :             0.140ns  (required time - arrival time)
  Source:                 u_accel/gen_nn_bitshift.u_accel/fc1/FSM_onehot_state_reg[1]/C
                            (rising edge-triggered cell FDCE clocked by sys_clk_pin  {rise@0.000ns fall@5.000ns period=10.000ns})
  Destination:            u_accel/gen_nn_bitshift.u_accel/fc1/accums_reg[13][24]/D
                            (rising edge-triggered cell FDCE clocked by sys_clk_pin  {rise@0.000ns fall@5.000ns period=10.000ns})
  Path Group:             sys_clk_pin
  Path Type:              Setup (Max at Slow Process Corner)
  Requirement:            10.000ns  (sys_clk_pin rise@10.000ns - sys_clk_pin rise@0.000ns)
  Data Path Delay:        9.728ns  (logic 0.740ns (7.607%)  route 8.988ns (92.393%))
  Logic Levels:           1  (LUT2=1)
  Clock Path Skew:        -0.215ns (DCD - SCD + CPR)
    Destination Clock Delay (DCD):    5.002ns = ( 15.002 - 10.000 ) 
    Source Clock Delay      (SCD):    5.405ns
    Clock Pessimism Removal (CPR):    0.188ns
  Clock Uncertainty:      0.035ns  ((TSJ^2 + TIJ^2)^1/2 + DJ) / 2 + PE
    Total System Jitter     (TSJ):    0.071ns
    Total Input Jitter      (TIJ):    0.000ns
    Discrete Jitter          (DJ):    0.000ns
    Phase Error              (PE):    0.000ns

    Location             Delay type                Incr(ns)  Path(ns)    Netlist Resource(s)
  -------------------------------------------------------------------    -------------------
                         (clock sys_clk_pin rise edge)
                                                      0.000     0.000 r  
    E3                                                0.000     0.000 r  CLK100MHZ (IN)
                         net (fo=0)                   0.000     0.000    CLK100MHZ
    E3                   IBUF (Prop_ibuf_I_O)         1.482     1.482 r  CLK100MHZ_IBUF_inst/O
                         net (fo=1, routed)           2.025     3.506    CLK100MHZ_IBUF
    BUFGCTRL_X0Y16       BUFG (Prop_bufg_I_O)         0.096     3.602 r  CLK100MHZ_IBUF_BUFG_inst/O
                         net (fo=45271, routed)       1.802     5.405    u_accel/gen_nn_bitshift.u_accel/fc1/CLK100MHZ_IBUF_BUFG
    SLICE_X48Y151        FDCE                                         r  u_accel/gen_nn_bitshift.u_accel/fc1/FSM_onehot_state_reg[1]/C
  -------------------------------------------------------------------    -------------------
    SLICE_X48Y151        FDCE (Prop_fdce_C_Q)         0.419     5.824 r  u_accel/gen_nn_bitshift.u_accel/fc1/FSM_onehot_state_reg[1]/Q
                         net (fo=567, routed)         8.988    14.812    u_accel/gen_nn_bitshift.u_accel/fc1/FSM_onehot_state_reg_n_0_[1]
    SLICE_X76Y141        LUT2 (Prop_lut2_I0_O)        0.321    15.133 r  u_accel/gen_nn_bitshift.u_accel/fc1/accums[13][24]_i_1__0/O
                         net (fo=1, routed)           0.000    15.133    u_accel/gen_nn_bitshift.u_accel/fc1/accums[13][24]_i_1__0_n_0
    SLICE_X76Y141        FDCE                                         r  u_accel/gen_nn_bitshift.u_accel/fc1/accums_reg[13][24]/D
  -------------------------------------------------------------------    -------------------

                         (clock sys_clk_pin rise edge)
                                                     10.000    10.000 r  
    E3                                                0.000    10.000 r  CLK100MHZ (IN)
                         net (fo=0)                   0.000    10.000    CLK100MHZ
    E3                   IBUF (Prop_ibuf_I_O)         1.411    11.411 r  CLK100MHZ_IBUF_inst/O
                         net (fo=1, routed)           1.920    13.331    CLK100MHZ_IBUF
    BUFGCTRL_X0Y16       BUFG (Prop_bufg_I_O)         0.091    13.422 r  CLK100MHZ_IBUF_BUFG_inst/O
                         net (fo=45271, routed)       1.580    15.002    u_accel/gen_nn_bitshift.u_accel/fc1/CLK100MHZ_IBUF_BUFG
    SLICE_X76Y141        FDCE                                         r  u_accel/gen_nn_bitshift.u_accel/fc1/accums_reg[13][24]/C
                         clock pessimism              0.188    15.190    
                         clock uncertainty           -0.035    15.155    
    SLICE_X76Y141        FDCE (Setup_fdce_C_D)        0.118    15.273    u_accel/gen_nn_bitshift.u_accel/fc1/accums_reg[13][24]
  -------------------------------------------------------------------
                         required time                         15.273    
                         arrival time                         -15.133    
  -------------------------------------------------------------------
                         slack                                  0.140    

Slack (MET) :             0.220ns  (required time - arrival time)
  Source:                 u_accel/gen_nn_bitshift.u_accel/fc1/FSM_onehot_state_reg[1]/C
                            (rising edge-triggered cell FDCE clocked by sys_clk_pin  {rise@0.000ns fall@5.000ns period=10.000ns})
  Destination:            u_accel/gen_nn_bitshift.u_accel/fc1/accums_reg[14][6]/D
                            (rising edge-triggered cell FDCE clocked by sys_clk_pin  {rise@0.000ns fall@5.000ns period=10.000ns})
  Path Group:             sys_clk_pin
  Path Type:              Setup (Max at Slow Process Corner)
  Requirement:            10.000ns  (sys_clk_pin rise@10.000ns - sys_clk_pin rise@0.000ns)
  Data Path Delay:        9.565ns  (logic 0.718ns (7.506%)  route 8.847ns (92.494%))
  Logic Levels:           1  (LUT2=1)
  Clock Path Skew:        -0.212ns (DCD - SCD + CPR)
    Destination Clock Delay (DCD):    5.005ns = ( 15.005 - 10.000 ) 
    Source Clock Delay      (SCD):    5.405ns
    Clock Pessimism Removal (CPR):    0.188ns
  Clock Uncertainty:      0.035ns  ((TSJ^2 + TIJ^2)^1/2 + DJ) / 2 + PE
    Total System Jitter     (TSJ):    0.071ns
    Total Input Jitter      (TIJ):    0.000ns
    Discrete Jitter          (DJ):    0.000ns
    Phase Error              (PE):    0.000ns

    Location             Delay type                Incr(ns)  Path(ns)    Netlist Resource(s)
  -------------------------------------------------------------------    -------------------
                         (clock sys_clk_pin rise edge)
                                                      0.000     0.000 r  
    E3                                                0.000     0.000 r  CLK100MHZ (IN)
                         net (fo=0)                   0.000     0.000    CLK100MHZ
    E3                   IBUF (Prop_ibuf_I_O)         1.482     1.482 r  CLK100MHZ_IBUF_inst/O
                         net (fo=1, routed)           2.025     3.506    CLK100MHZ_IBUF
    BUFGCTRL_X0Y16       BUFG (Prop_bufg_I_O)         0.096     3.602 r  CLK100MHZ_IBUF_BUFG_inst/O
                         net (fo=45271, routed)       1.802     5.405    u_accel/gen_nn_bitshift.u_accel/fc1/CLK100MHZ_IBUF_BUFG
    SLICE_X48Y151        FDCE                                         r  u_accel/gen_nn_bitshift.u_accel/fc1/FSM_onehot_state_reg[1]/C
  -------------------------------------------------------------------    -------------------
    SLICE_X48Y151        FDCE (Prop_fdce_C_Q)         0.419     5.824 r  u_accel/gen_nn_bitshift.u_accel/fc1/FSM_onehot_state_reg[1]/Q
                         net (fo=567, routed)         8.847    14.671    u_accel/gen_nn_bitshift.u_accel/fc1/FSM_onehot_state_reg_n_0_[1]
    SLICE_X79Y141        LUT2 (Prop_lut2_I0_O)        0.299    14.970 r  u_accel/gen_nn_bitshift.u_accel/fc1/accums[14][6]_i_1__0/O
                         net (fo=1, routed)           0.000    14.970    u_accel/gen_nn_bitshift.u_accel/fc1/accums[14][6]_i_1__0_n_0
    SLICE_X79Y141        FDCE                                         r  u_accel/gen_nn_bitshift.u_accel/fc1/accums_reg[14][6]/D
  -------------------------------------------------------------------    -------------------

                         (clock sys_clk_pin rise edge)
                                                     10.000    10.000 r  
    E3                                                0.000    10.000 r  CLK100MHZ (IN)
                         net (fo=0)                   0.000    10.000    CLK100MHZ
    E3                   IBUF (Prop_ibuf_I_O)         1.411    11.411 r  CLK100MHZ_IBUF_inst/O
                         net (fo=1, routed)           1.920    13.331    CLK100MHZ_IBUF
    BUFGCTRL_X0Y16       BUFG (Prop_bufg_I_O)         0.091    13.422 r  CLK100MHZ_IBUF_BUFG_inst/O
                         net (fo=45271, routed)       1.583    15.005    u_accel/gen_nn_bitshift.u_accel/fc1/CLK100MHZ_IBUF_BUFG
    SLICE_X79Y141        FDCE                                         r  u_accel/gen_nn_bitshift.u_accel/fc1/accums_reg[14][6]/C
                         clock pessimism              0.188    15.193    
                         clock uncertainty           -0.035    15.158    
    SLICE_X79Y141        FDCE (Setup_fdce_C_D)        0.032    15.190    u_accel/gen_nn_bitshift.u_accel/fc1/accums_reg[14][6]
  -------------------------------------------------------------------
                         required time                         15.190    
                         arrival time                         -14.970    
  -------------------------------------------------------------------
                         slack                                  0.220    

Slack (MET) :             0.224ns  (required time - arrival time)
  Source:                 u_accel/gen_nn_bitshift.u_accel/fc1/FSM_onehot_state_reg[1]/C
                            (rising edge-triggered cell FDCE clocked by sys_clk_pin  {rise@0.000ns fall@5.000ns period=10.000ns})
  Destination:            u_accel/gen_nn_bitshift.u_accel/fc1/accums_reg[14][26]/D
                            (rising edge-triggered cell FDCE clocked by sys_clk_pin  {rise@0.000ns fall@5.000ns period=10.000ns})
  Path Group:             sys_clk_pin
  Path Type:              Setup (Max at Slow Process Corner)
  Requirement:            10.000ns  (sys_clk_pin rise@10.000ns - sys_clk_pin rise@0.000ns)
  Data Path Delay:        9.560ns  (logic 0.718ns (7.510%)  route 8.842ns (92.490%))
  Logic Levels:           1  (LUT2=1)
  Clock Path Skew:        -0.212ns (DCD - SCD + CPR)
    Destination Clock Delay (DCD):    5.005ns = ( 15.005 - 10.000 ) 
    Source Clock Delay      (SCD):    5.405ns
    Clock Pessimism Removal (CPR):    0.188ns
  Clock Uncertainty:      0.035ns  ((TSJ^2 + TIJ^2)^1/2 + DJ) / 2 + PE
    Total System Jitter     (TSJ):    0.071ns
    Total Input Jitter      (TIJ):    0.000ns
    Discrete Jitter          (DJ):    0.000ns
    Phase Error              (PE):    0.000ns

    Location             Delay type                Incr(ns)  Path(ns)    Netlist Resource(s)
  -------------------------------------------------------------------    -------------------
                         (clock sys_clk_pin rise edge)
                                                      0.000     0.000 r  
    E3                                                0.000     0.000 r  CLK100MHZ (IN)
                         net (fo=0)                   0.000     0.000    CLK100MHZ
    E3                   IBUF (Prop_ibuf_I_O)         1.482     1.482 r  CLK100MHZ_IBUF_inst/O
                         net (fo=1, routed)           2.025     3.506    CLK100MHZ_IBUF
    BUFGCTRL_X0Y16       BUFG (Prop_bufg_I_O)         0.096     3.602 r  CLK100MHZ_IBUF_BUFG_inst/O
                         net (fo=45271, routed)       1.802     5.405    u_accel/gen_nn_bitshift.u_accel/fc1/CLK100MHZ_IBUF_BUFG
    SLICE_X48Y151        FDCE                                         r  u_accel/gen_nn_bitshift.u_accel/fc1/FSM_onehot_state_reg[1]/C
  -------------------------------------------------------------------    -------------------
    SLICE_X48Y151        FDCE (Prop_fdce_C_Q)         0.419     5.824 r  u_accel/gen_nn_bitshift.u_accel/fc1/FSM_onehot_state_reg[1]/Q
                         net (fo=567, routed)         8.842    14.666    u_accel/gen_nn_bitshift.u_accel/fc1/FSM_onehot_state_reg_n_0_[1]
    SLICE_X79Y141        LUT2 (Prop_lut2_I0_O)        0.299    14.965 r  u_accel/gen_nn_bitshift.u_accel/fc1/accums[14][26]_i_1__0/O
                         net (fo=1, routed)           0.000    14.965    u_accel/gen_nn_bitshift.u_accel/fc1/accums[14][26]_i_1__0_n_0
    SLICE_X79Y141        FDCE                                         r  u_accel/gen_nn_bitshift.u_accel/fc1/accums_reg[14][26]/D
  -------------------------------------------------------------------    -------------------

                         (clock sys_clk_pin rise edge)
                                                     10.000    10.000 r  
    E3                                                0.000    10.000 r  CLK100MHZ (IN)
                         net (fo=0)                   0.000    10.000    CLK100MHZ
    E3                   IBUF (Prop_ibuf_I_O)         1.411    11.411 r  CLK100MHZ_IBUF_inst/O
                         net (fo=1, routed)           1.920    13.331    CLK100MHZ_IBUF
    BUFGCTRL_X0Y16       BUFG (Prop_bufg_I_O)         0.091    13.422 r  CLK100MHZ_IBUF_BUFG_inst/O
                         net (fo=45271, routed)       1.583    15.005    u_accel/gen_nn_bitshift.u_accel/fc1/CLK100MHZ_IBUF_BUFG
    SLICE_X79Y141        FDCE                                         r  u_accel/gen_nn_bitshift.u_accel/fc1/accums_reg[14][26]/C
                         clock pessimism              0.188    15.193    
                         clock uncertainty           -0.035    15.158    
    SLICE_X79Y141        FDCE (Setup_fdce_C_D)        0.031    15.189    u_accel/gen_nn_bitshift.u_accel/fc1/accums_reg[14][26]
  -------------------------------------------------------------------
                         required time                         15.189    
                         arrival time                         -14.965    
  -------------------------------------------------------------------
                         slack                                  0.224    

Slack (MET) :             0.238ns  (required time - arrival time)
  Source:                 u_accel/gen_nn_bitshift.u_accel/fc1/FSM_onehot_state_reg[1]/C
                            (rising edge-triggered cell FDCE clocked by sys_clk_pin  {rise@0.000ns fall@5.000ns period=10.000ns})
  Destination:            u_accel/gen_nn_bitshift.u_accel/fc1/accums_reg[14][27]/D
                            (rising edge-triggered cell FDCE clocked by sys_clk_pin  {rise@0.000ns fall@5.000ns period=10.000ns})
  Path Group:             sys_clk_pin
  Path Type:              Setup (Max at Slow Process Corner)
  Requirement:            10.000ns  (sys_clk_pin rise@10.000ns - sys_clk_pin rise@0.000ns)
  Data Path Delay:        9.590ns  (logic 0.748ns (7.800%)  route 8.842ns (92.200%))
  Logic Levels:           1  (LUT2=1)
  Clock Path Skew:        -0.212ns (DCD - SCD + CPR)
    Destination Clock Delay (DCD):    5.005ns = ( 15.005 - 10.000 ) 
    Source Clock Delay      (SCD):    5.405ns
    Clock Pessimism Removal (CPR):    0.188ns
  Clock Uncertainty:      0.035ns  ((TSJ^2 + TIJ^2)^1/2 + DJ) / 2 + PE
    Total System Jitter     (TSJ):    0.071ns
    Total Input Jitter      (TIJ):    0.000ns
    Discrete Jitter          (DJ):    0.000ns
    Phase Error              (PE):    0.000ns

    Location             Delay type                Incr(ns)  Path(ns)    Netlist Resource(s)
  -------------------------------------------------------------------    -------------------
                         (clock sys_clk_pin rise edge)
                                                      0.000     0.000 r  
    E3                                                0.000     0.000 r  CLK100MHZ (IN)
                         net (fo=0)                   0.000     0.000    CLK100MHZ
    E3                   IBUF (Prop_ibuf_I_O)         1.482     1.482 r  CLK100MHZ_IBUF_inst/O
                         net (fo=1, routed)           2.025     3.506    CLK100MHZ_IBUF
    BUFGCTRL_X0Y16       BUFG (Prop_bufg_I_O)         0.096     3.602 r  CLK100MHZ_IBUF_BUFG_inst/O
                         net (fo=45271, routed)       1.802     5.405    u_accel/gen_nn_bitshift.u_accel/fc1/CLK100MHZ_IBUF_BUFG
    SLICE_X48Y151        FDCE                                         r  u_accel/gen_nn_bitshift.u_accel/fc1/FSM_onehot_state_reg[1]/C
  -------------------------------------------------------------------    -------------------
    SLICE_X48Y151        FDCE (Prop_fdce_C_Q)         0.419     5.824 r  u_accel/gen_nn_bitshift.u_accel/fc1/FSM_onehot_state_reg[1]/Q
                         net (fo=567, routed)         8.842    14.666    u_accel/gen_nn_bitshift.u_accel/fc1/FSM_onehot_state_reg_n_0_[1]
    SLICE_X79Y141        LUT2 (Prop_lut2_I0_O)        0.329    14.995 r  u_accel/gen_nn_bitshift.u_accel/fc1/accums[14][27]_i_1__0/O
                         net (fo=1, routed)           0.000    14.995    u_accel/gen_nn_bitshift.u_accel/fc1/accums[14][27]_i_1__0_n_0
    SLICE_X79Y141        FDCE                                         r  u_accel/gen_nn_bitshift.u_accel/fc1/accums_reg[14][27]/D
  -------------------------------------------------------------------    -------------------

                         (clock sys_clk_pin rise edge)
                                                     10.000    10.000 r  
    E3                                                0.000    10.000 r  CLK100MHZ (IN)
                         net (fo=0)                   0.000    10.000    CLK100MHZ
    E3                   IBUF (Prop_ibuf_I_O)         1.411    11.411 r  CLK100MHZ_IBUF_inst/O
                         net (fo=1, routed)           1.920    13.331    CLK100MHZ_IBUF
    BUFGCTRL_X0Y16       BUFG (Prop_bufg_I_O)         0.091    13.422 r  CLK100MHZ_IBUF_BUFG_inst/O
                         net (fo=45271, routed)       1.583    15.005    u_accel/gen_nn_bitshift.u_accel/fc1/CLK100MHZ_IBUF_BUFG
    SLICE_X79Y141        FDCE                                         r  u_accel/gen_nn_bitshift.u_accel/fc1/accums_reg[14][27]/C
                         clock pessimism              0.188    15.193    
                         clock uncertainty           -0.035    15.158    
    SLICE_X79Y141        FDCE (Setup_fdce_C_D)        0.075    15.233    u_accel/gen_nn_bitshift.u_accel/fc1/accums_reg[14][27]
  -------------------------------------------------------------------
                         required time                         15.233    
                         arrival time                         -14.995    
  -------------------------------------------------------------------
                         slack                                  0.238    

Slack (MET) :             0.238ns  (required time - arrival time)
  Source:                 u_accel/gen_nn_bitshift.u_accel/fc1/FSM_onehot_state_reg[1]/C
                            (rising edge-triggered cell FDCE clocked by sys_clk_pin  {rise@0.000ns fall@5.000ns period=10.000ns})
  Destination:            u_accel/gen_nn_bitshift.u_accel/fc1/accums_reg[14][7]/D
                            (rising edge-triggered cell FDCE clocked by sys_clk_pin  {rise@0.000ns fall@5.000ns period=10.000ns})
  Path Group:             sys_clk_pin
  Path Type:              Setup (Max at Slow Process Corner)
  Requirement:            10.000ns  (sys_clk_pin rise@10.000ns - sys_clk_pin rise@0.000ns)
  Data Path Delay:        9.590ns  (logic 0.743ns (7.748%)  route 8.847ns (92.252%))
  Logic Levels:           1  (LUT2=1)
  Clock Path Skew:        -0.212ns (DCD - SCD + CPR)
    Destination Clock Delay (DCD):    5.005ns = ( 15.005 - 10.000 ) 
    Source Clock Delay      (SCD):    5.405ns
    Clock Pessimism Removal (CPR):    0.188ns
  Clock Uncertainty:      0.035ns  ((TSJ^2 + TIJ^2)^1/2 + DJ) / 2 + PE
    Total System Jitter     (TSJ):    0.071ns
    Total Input Jitter      (TIJ):    0.000ns
    Discrete Jitter          (DJ):    0.000ns
    Phase Error              (PE):    0.000ns

    Location             Delay type                Incr(ns)  Path(ns)    Netlist Resource(s)
  -------------------------------------------------------------------    -------------------
                         (clock sys_clk_pin rise edge)
                                                      0.000     0.000 r  
    E3                                                0.000     0.000 r  CLK100MHZ (IN)
                         net (fo=0)                   0.000     0.000    CLK100MHZ
    E3                   IBUF (Prop_ibuf_I_O)         1.482     1.482 r  CLK100MHZ_IBUF_inst/O
                         net (fo=1, routed)           2.025     3.506    CLK100MHZ_IBUF
    BUFGCTRL_X0Y16       BUFG (Prop_bufg_I_O)         0.096     3.602 r  CLK100MHZ_IBUF_BUFG_inst/O
                         net (fo=45271, routed)       1.802     5.405    u_accel/gen_nn_bitshift.u_accel/fc1/CLK100MHZ_IBUF_BUFG
    SLICE_X48Y151        FDCE                                         r  u_accel/gen_nn_bitshift.u_accel/fc1/FSM_onehot_state_reg[1]/C
  -------------------------------------------------------------------    -------------------
    SLICE_X48Y151        FDCE (Prop_fdce_C_Q)         0.419     5.824 r  u_accel/gen_nn_bitshift.u_accel/fc1/FSM_onehot_state_reg[1]/Q
                         net (fo=567, routed)         8.847    14.671    u_accel/gen_nn_bitshift.u_accel/fc1/FSM_onehot_state_reg_n_0_[1]
    SLICE_X79Y141        LUT2 (Prop_lut2_I0_O)        0.324    14.995 r  u_accel/gen_nn_bitshift.u_accel/fc1/accums[14][7]_i_1__0/O
                         net (fo=1, routed)           0.000    14.995    u_accel/gen_nn_bitshift.u_accel/fc1/accums[14][7]_i_1__0_n_0
    SLICE_X79Y141        FDCE                                         r  u_accel/gen_nn_bitshift.u_accel/fc1/accums_reg[14][7]/D
  -------------------------------------------------------------------    -------------------

                         (clock sys_clk_pin rise edge)
                                                     10.000    10.000 r  
    E3                                                0.000    10.000 r  CLK100MHZ (IN)
                         net (fo=0)                   0.000    10.000    CLK100MHZ
    E3                   IBUF (Prop_ibuf_I_O)         1.411    11.411 r  CLK100MHZ_IBUF_inst/O
                         net (fo=1, routed)           1.920    13.331    CLK100MHZ_IBUF
    BUFGCTRL_X0Y16       BUFG (Prop_bufg_I_O)         0.091    13.422 r  CLK100MHZ_IBUF_BUFG_inst/O
                         net (fo=45271, routed)       1.583    15.005    u_accel/gen_nn_bitshift.u_accel/fc1/CLK100MHZ_IBUF_BUFG
    SLICE_X79Y141        FDCE                                         r  u_accel/gen_nn_bitshift.u_accel/fc1/accums_reg[14][7]/C
                         clock pessimism              0.188    15.193    
                         clock uncertainty           -0.035    15.158    
    SLICE_X79Y141        FDCE (Setup_fdce_C_D)        0.075    15.233    u_accel/gen_nn_bitshift.u_accel/fc1/accums_reg[14][7]
  -------------------------------------------------------------------
                         required time                         15.233    
                         arrival time                         -14.995    
  -------------------------------------------------------------------
                         slack                                  0.238    

Slack (MET) :             0.275ns  (required time - arrival time)
  Source:                 u_accel/gen_nn_bitshift.u_accel/fc1/FSM_onehot_state_reg[1]/C
                            (rising edge-triggered cell FDCE clocked by sys_clk_pin  {rise@0.000ns fall@5.000ns period=10.000ns})
  Destination:            u_accel/gen_nn_bitshift.u_accel/fc1/accums_reg[13][3]/D
                            (rising edge-triggered cell FDCE clocked by sys_clk_pin  {rise@0.000ns fall@5.000ns period=10.000ns})
  Path Group:             sys_clk_pin
  Path Type:              Setup (Max at Slow Process Corner)
  Requirement:            10.000ns  (sys_clk_pin rise@10.000ns - sys_clk_pin rise@0.000ns)
  Data Path Delay:        9.555ns  (logic 0.718ns (7.514%)  route 8.837ns (92.486%))
  Logic Levels:           1  (LUT2=1)
  Clock Path Skew:        -0.212ns (DCD - SCD + CPR)
    Destination Clock Delay (DCD):    5.005ns = ( 15.005 - 10.000 ) 
    Source Clock Delay      (SCD):    5.405ns
    Clock Pessimism Removal (CPR):    0.188ns
  Clock Uncertainty:      0.035ns  ((TSJ^2 + TIJ^2)^1/2 + DJ) / 2 + PE
    Total System Jitter     (TSJ):    0.071ns
    Total Input Jitter      (TIJ):    0.000ns
    Discrete Jitter          (DJ):    0.000ns
    Phase Error              (PE):    0.000ns

    Location             Delay type                Incr(ns)  Path(ns)    Netlist Resource(s)
  -------------------------------------------------------------------    -------------------
                         (clock sys_clk_pin rise edge)
                                                      0.000     0.000 r  
    E3                                                0.000     0.000 r  CLK100MHZ (IN)
                         net (fo=0)                   0.000     0.000    CLK100MHZ
    E3                   IBUF (Prop_ibuf_I_O)         1.482     1.482 r  CLK100MHZ_IBUF_inst/O
                         net (fo=1, routed)           2.025     3.506    CLK100MHZ_IBUF
    BUFGCTRL_X0Y16       BUFG (Prop_bufg_I_O)         0.096     3.602 r  CLK100MHZ_IBUF_BUFG_inst/O
                         net (fo=45271, routed)       1.802     5.405    u_accel/gen_nn_bitshift.u_accel/fc1/CLK100MHZ_IBUF_BUFG
    SLICE_X48Y151        FDCE                                         r  u_accel/gen_nn_bitshift.u_accel/fc1/FSM_onehot_state_reg[1]/C
  -------------------------------------------------------------------    -------------------
    SLICE_X48Y151        FDCE (Prop_fdce_C_Q)         0.419     5.824 r  u_accel/gen_nn_bitshift.u_accel/fc1/FSM_onehot_state_reg[1]/Q
                         net (fo=567, routed)         8.837    14.661    u_accel/gen_nn_bitshift.u_accel/fc1/FSM_onehot_state_reg_n_0_[1]
    SLICE_X78Y141        LUT2 (Prop_lut2_I0_O)        0.299    14.960 r  u_accel/gen_nn_bitshift.u_accel/fc1/accums[13][3]_i_1__0/O
                         net (fo=1, routed)           0.000    14.960    u_accel/gen_nn_bitshift.u_accel/fc1/accums[13][3]_i_1__0_n_0
    SLICE_X78Y141        FDCE                                         r  u_accel/gen_nn_bitshift.u_accel/fc1/accums_reg[13][3]/D
  -------------------------------------------------------------------    -------------------

                         (clock sys_clk_pin rise edge)
                                                     10.000    10.000 r  
    E3                                                0.000    10.000 r  CLK100MHZ (IN)
                         net (fo=0)                   0.000    10.000    CLK100MHZ
    E3                   IBUF (Prop_ibuf_I_O)         1.411    11.411 r  CLK100MHZ_IBUF_inst/O
                         net (fo=1, routed)           1.920    13.331    CLK100MHZ_IBUF
    BUFGCTRL_X0Y16       BUFG (Prop_bufg_I_O)         0.091    13.422 r  CLK100MHZ_IBUF_BUFG_inst/O
                         net (fo=45271, routed)       1.583    15.005    u_accel/gen_nn_bitshift.u_accel/fc1/CLK100MHZ_IBUF_BUFG
    SLICE_X78Y141        FDCE                                         r  u_accel/gen_nn_bitshift.u_accel/fc1/accums_reg[13][3]/C
                         clock pessimism              0.188    15.193    
                         clock uncertainty           -0.035    15.158    
    SLICE_X78Y141        FDCE (Setup_fdce_C_D)        0.077    15.235    u_accel/gen_nn_bitshift.u_accel/fc1/accums_reg[13][3]
  -------------------------------------------------------------------
                         required time                         15.235    
                         arrival time                         -14.960    
  -------------------------------------------------------------------
                         slack                                  0.275    

Slack (MET) :             0.294ns  (required time - arrival time)
  Source:                 u_accel/gen_nn_bitshift.u_accel/fc1/FSM_onehot_state_reg[1]/C
                            (rising edge-triggered cell FDCE clocked by sys_clk_pin  {rise@0.000ns fall@5.000ns period=10.000ns})
  Destination:            u_accel/gen_nn_bitshift.u_accel/fc1/accums_reg[13][4]/D
                            (rising edge-triggered cell FDCE clocked by sys_clk_pin  {rise@0.000ns fall@5.000ns period=10.000ns})
  Path Group:             sys_clk_pin
  Path Type:              Setup (Max at Slow Process Corner)
  Requirement:            10.000ns  (sys_clk_pin rise@10.000ns - sys_clk_pin rise@0.000ns)
  Data Path Delay:        9.577ns  (logic 0.740ns (7.727%)  route 8.837ns (92.273%))
  Logic Levels:           1  (LUT2=1)
  Clock Path Skew:        -0.212ns (DCD - SCD + CPR)
    Destination Clock Delay (DCD):    5.005ns = ( 15.005 - 10.000 ) 
    Source Clock Delay      (SCD):    5.405ns
    Clock Pessimism Removal (CPR):    0.188ns
  Clock Uncertainty:      0.035ns  ((TSJ^2 + TIJ^2)^1/2 + DJ) / 2 + PE
    Total System Jitter     (TSJ):    0.071ns
    Total Input Jitter      (TIJ):    0.000ns
    Discrete Jitter          (DJ):    0.000ns
    Phase Error              (PE):    0.000ns

    Location             Delay type                Incr(ns)  Path(ns)    Netlist Resource(s)
  -------------------------------------------------------------------    -------------------
                         (clock sys_clk_pin rise edge)
                                                      0.000     0.000 r  
    E3                                                0.000     0.000 r  CLK100MHZ (IN)
                         net (fo=0)                   0.000     0.000    CLK100MHZ
    E3                   IBUF (Prop_ibuf_I_O)         1.482     1.482 r  CLK100MHZ_IBUF_inst/O
                         net (fo=1, routed)           2.025     3.506    CLK100MHZ_IBUF
    BUFGCTRL_X0Y16       BUFG (Prop_bufg_I_O)         0.096     3.602 r  CLK100MHZ_IBUF_BUFG_inst/O
                         net (fo=45271, routed)       1.802     5.405    u_accel/gen_nn_bitshift.u_accel/fc1/CLK100MHZ_IBUF_BUFG
    SLICE_X48Y151        FDCE                                         r  u_accel/gen_nn_bitshift.u_accel/fc1/FSM_onehot_state_reg[1]/C
  -------------------------------------------------------------------    -------------------
    SLICE_X48Y151        FDCE (Prop_fdce_C_Q)         0.419     5.824 r  u_accel/gen_nn_bitshift.u_accel/fc1/FSM_onehot_state_reg[1]/Q
                         net (fo=567, routed)         8.837    14.661    u_accel/gen_nn_bitshift.u_accel/fc1/FSM_onehot_state_reg_n_0_[1]
    SLICE_X78Y141        LUT2 (Prop_lut2_I0_O)        0.321    14.982 r  u_accel/gen_nn_bitshift.u_accel/fc1/accums[13][4]_i_1__0/O
                         net (fo=1, routed)           0.000    14.982    u_accel/gen_nn_bitshift.u_accel/fc1/accums[13][4]_i_1__0_n_0
    SLICE_X78Y141        FDCE                                         r  u_accel/gen_nn_bitshift.u_accel/fc1/accums_reg[13][4]/D
  -------------------------------------------------------------------    -------------------

                         (clock sys_clk_pin rise edge)
                                                     10.000    10.000 r  
    E3                                                0.000    10.000 r  CLK100MHZ (IN)
                         net (fo=0)                   0.000    10.000    CLK100MHZ
    E3                   IBUF (Prop_ibuf_I_O)         1.411    11.411 r  CLK100MHZ_IBUF_inst/O
                         net (fo=1, routed)           1.920    13.331    CLK100MHZ_IBUF
    BUFGCTRL_X0Y16       BUFG (Prop_bufg_I_O)         0.091    13.422 r  CLK100MHZ_IBUF_BUFG_inst/O
                         net (fo=45271, routed)       1.583    15.005    u_accel/gen_nn_bitshift.u_accel/fc1/CLK100MHZ_IBUF_BUFG
    SLICE_X78Y141        FDCE                                         r  u_accel/gen_nn_bitshift.u_accel/fc1/accums_reg[13][4]/C
                         clock pessimism              0.188    15.193    
                         clock uncertainty           -0.035    15.158    
    SLICE_X78Y141        FDCE (Setup_fdce_C_D)        0.118    15.276    u_accel/gen_nn_bitshift.u_accel/fc1/accums_reg[13][4]
  -------------------------------------------------------------------
                         required time                         15.276    
                         arrival time                         -14.982    
  -------------------------------------------------------------------
                         slack                                  0.294    

Slack (MET) :             0.297ns  (required time - arrival time)
  Source:                 u_accel/gen_nn_bitshift.u_accel/fc2/inputs_latched_reg[6][13]/C
                            (rising edge-triggered cell FDCE clocked by sys_clk_pin  {rise@0.000ns fall@5.000ns period=10.000ns})
  Destination:            u_accel/gen_nn_bitshift.u_accel/fc2/accums_reg[6][29]/D
                            (rising edge-triggered cell FDCE clocked by sys_clk_pin  {rise@0.000ns fall@5.000ns period=10.000ns})
  Path Group:             sys_clk_pin
  Path Type:              Setup (Max at Slow Process Corner)
  Requirement:            10.000ns  (sys_clk_pin rise@10.000ns - sys_clk_pin rise@0.000ns)
  Data Path Delay:        9.613ns  (logic 5.377ns (55.933%)  route 4.236ns (44.067%))
  Logic Levels:           6  (DSP48E1=1 LUT2=1 LUT6=2 MUXF7=1 MUXF8=1)
  Clock Path Skew:        -0.129ns (DCD - SCD + CPR)
    Destination Clock Delay (DCD):    5.088ns = ( 15.088 - 10.000 ) 
    Source Clock Delay      (SCD):    5.413ns
    Clock Pessimism Removal (CPR):    0.195ns
  Clock Uncertainty:      0.035ns  ((TSJ^2 + TIJ^2)^1/2 + DJ) / 2 + PE
    Total System Jitter     (TSJ):    0.071ns
    Total Input Jitter      (TIJ):    0.000ns
    Discrete Jitter          (DJ):    0.000ns
    Phase Error              (PE):    0.000ns

    Location             Delay type                Incr(ns)  Path(ns)    Netlist Resource(s)
  -------------------------------------------------------------------    -------------------
                         (clock sys_clk_pin rise edge)
                                                      0.000     0.000 r  
    E3                                                0.000     0.000 r  CLK100MHZ (IN)
                         net (fo=0)                   0.000     0.000    CLK100MHZ
    E3                   IBUF (Prop_ibuf_I_O)         1.482     1.482 r  CLK100MHZ_IBUF_inst/O
                         net (fo=1, routed)           2.025     3.506    CLK100MHZ_IBUF
    BUFGCTRL_X0Y16       BUFG (Prop_bufg_I_O)         0.096     3.602 r  CLK100MHZ_IBUF_BUFG_inst/O
                         net (fo=45271, routed)       1.810     5.413    u_accel/gen_nn_bitshift.u_accel/fc2/CLK100MHZ_IBUF_BUFG
    SLICE_X45Y44         FDCE                                         r  u_accel/gen_nn_bitshift.u_accel/fc2/inputs_latched_reg[6][13]/C
  -------------------------------------------------------------------    -------------------
    SLICE_X45Y44         FDCE (Prop_fdce_C_Q)         0.419     5.832 r  u_accel/gen_nn_bitshift.u_accel/fc2/inputs_latched_reg[6][13]/Q
                         net (fo=1, routed)           1.123     6.955    u_accel/gen_nn_bitshift.u_accel/fc2/inputs_latched_reg[6]_6[13]
    SLICE_X45Y43         LUT6 (Prop_lut6_I1_O)        0.299     7.254 r  u_accel/gen_nn_bitshift.u_accel/fc2/accums_reg[0]1_i_41/O
                         net (fo=1, routed)           0.000     7.254    u_accel/gen_nn_bitshift.u_accel/fc2/accums_reg[0]1_i_41_n_0
    SLICE_X45Y43         MUXF7 (Prop_muxf7_I1_O)      0.245     7.499 r  u_accel/gen_nn_bitshift.u_accel/fc2/accums_reg[0]1_i_26/O
                         net (fo=1, routed)           0.000     7.499    u_accel/gen_nn_bitshift.u_accel/fc2/accums_reg[0]1_i_26_n_0
    SLICE_X45Y43         MUXF8 (Prop_muxf8_I0_O)      0.104     7.603 r  u_accel/gen_nn_bitshift.u_accel/fc2/accums_reg[0]1_i_19/O
                         net (fo=1, routed)           0.723     8.326    u_accel/gen_nn_bitshift.u_accel/fc2/accums_reg[0]1_i_19_n_0
    SLICE_X47Y41         LUT6 (Prop_lut6_I5_O)        0.316     8.642 r  u_accel/gen_nn_bitshift.u_accel/fc2/accums_reg[0]1_i_15/O
                         net (fo=16, routed)          1.412    10.053    u_accel/gen_nn_bitshift.u_accel/fc2/accums_reg[0]1_i_15_n_0
    DSP48_X1Y7           DSP48E1 (Prop_dsp48e1_A[13]_P[29])
                                                      3.841    13.894 r  u_accel/gen_nn_bitshift.u_accel/fc2/accums_reg[6]1/P[29]
                         net (fo=1, routed)           0.979    14.873    u_accel/gen_nn_bitshift.u_accel/fc2/accums_reg[6]1_n_76
    SLICE_X61Y17         LUT2 (Prop_lut2_I1_O)        0.153    15.026 r  u_accel/gen_nn_bitshift.u_accel/fc2/accums[6][29]_i_1/O
                         net (fo=1, routed)           0.000    15.026    u_accel/gen_nn_bitshift.u_accel/fc2/accums[6][29]_i_1_n_0
    SLICE_X61Y17         FDCE                                         r  u_accel/gen_nn_bitshift.u_accel/fc2/accums_reg[6][29]/D
  -------------------------------------------------------------------    -------------------

                         (clock sys_clk_pin rise edge)
                                                     10.000    10.000 r  
    E3                                                0.000    10.000 r  CLK100MHZ (IN)
                         net (fo=0)                   0.000    10.000    CLK100MHZ
    E3                   IBUF (Prop_ibuf_I_O)         1.411    11.411 r  CLK100MHZ_IBUF_inst/O
                         net (fo=1, routed)           1.920    13.331    CLK100MHZ_IBUF
    BUFGCTRL_X0Y16       BUFG (Prop_bufg_I_O)         0.091    13.422 r  CLK100MHZ_IBUF_BUFG_inst/O
                         net (fo=45271, routed)       1.666    15.088    u_accel/gen_nn_bitshift.u_accel/fc2/CLK100MHZ_IBUF_BUFG
    SLICE_X61Y17         FDCE                                         r  u_accel/gen_nn_bitshift.u_accel/fc2/accums_reg[6][29]/C
                         clock pessimism              0.195    15.284    
                         clock uncertainty           -0.035    15.248    
    SLICE_X61Y17         FDCE (Setup_fdce_C_D)        0.075    15.323    u_accel/gen_nn_bitshift.u_accel/fc2/accums_reg[6][29]
  -------------------------------------------------------------------
                         required time                         15.323    
                         arrival time                         -15.026    
  -------------------------------------------------------------------
                         slack                                  0.297    

Slack (MET) :             0.305ns  (required time - arrival time)
  Source:                 u_accel/gen_nn_bitshift.u_accel/fc2/inputs_latched_reg[6][13]/C
                            (rising edge-triggered cell FDCE clocked by sys_clk_pin  {rise@0.000ns fall@5.000ns period=10.000ns})
  Destination:            u_accel/gen_nn_bitshift.u_accel/fc2/accums_reg[0][37]/D
                            (rising edge-triggered cell FDCE clocked by sys_clk_pin  {rise@0.000ns fall@5.000ns period=10.000ns})
  Path Group:             sys_clk_pin
  Path Type:              Setup (Max at Slow Process Corner)
  Requirement:            10.000ns  (sys_clk_pin rise@10.000ns - sys_clk_pin rise@0.000ns)
  Data Path Delay:        9.636ns  (logic 5.373ns (55.760%)  route 4.263ns (44.240%))
  Logic Levels:           6  (DSP48E1=1 LUT2=1 LUT6=2 MUXF7=1 MUXF8=1)
  Clock Path Skew:        -0.142ns (DCD - SCD + CPR)
    Destination Clock Delay (DCD):    5.075ns = ( 15.075 - 10.000 ) 
    Source Clock Delay      (SCD):    5.413ns
    Clock Pessimism Removal (CPR):    0.195ns
  Clock Uncertainty:      0.035ns  ((TSJ^2 + TIJ^2)^1/2 + DJ) / 2 + PE
    Total System Jitter     (TSJ):    0.071ns
    Total Input Jitter      (TIJ):    0.000ns
    Discrete Jitter          (DJ):    0.000ns
    Phase Error              (PE):    0.000ns

    Location             Delay type                Incr(ns)  Path(ns)    Netlist Resource(s)
  -------------------------------------------------------------------    -------------------
                         (clock sys_clk_pin rise edge)
                                                      0.000     0.000 r  
    E3                                                0.000     0.000 r  CLK100MHZ (IN)
                         net (fo=0)                   0.000     0.000    CLK100MHZ
    E3                   IBUF (Prop_ibuf_I_O)         1.482     1.482 r  CLK100MHZ_IBUF_inst/O
                         net (fo=1, routed)           2.025     3.506    CLK100MHZ_IBUF
    BUFGCTRL_X0Y16       BUFG (Prop_bufg_I_O)         0.096     3.602 r  CLK100MHZ_IBUF_BUFG_inst/O
                         net (fo=45271, routed)       1.810     5.413    u_accel/gen_nn_bitshift.u_accel/fc2/CLK100MHZ_IBUF_BUFG
    SLICE_X45Y44         FDCE                                         r  u_accel/gen_nn_bitshift.u_accel/fc2/inputs_latched_reg[6][13]/C
  -------------------------------------------------------------------    -------------------
    SLICE_X45Y44         FDCE (Prop_fdce_C_Q)         0.419     5.832 r  u_accel/gen_nn_bitshift.u_accel/fc2/inputs_latched_reg[6][13]/Q
                         net (fo=1, routed)           1.123     6.955    u_accel/gen_nn_bitshift.u_accel/fc2/inputs_latched_reg[6]_6[13]
    SLICE_X45Y43         LUT6 (Prop_lut6_I1_O)        0.299     7.254 r  u_accel/gen_nn_bitshift.u_accel/fc2/accums_reg[0]1_i_41/O
                         net (fo=1, routed)           0.000     7.254    u_accel/gen_nn_bitshift.u_accel/fc2/accums_reg[0]1_i_41_n_0
    SLICE_X45Y43         MUXF7 (Prop_muxf7_I1_O)      0.245     7.499 r  u_accel/gen_nn_bitshift.u_accel/fc2/accums_reg[0]1_i_26/O
                         net (fo=1, routed)           0.000     7.499    u_accel/gen_nn_bitshift.u_accel/fc2/accums_reg[0]1_i_26_n_0
    SLICE_X45Y43         MUXF8 (Prop_muxf8_I0_O)      0.104     7.603 r  u_accel/gen_nn_bitshift.u_accel/fc2/accums_reg[0]1_i_19/O
                         net (fo=1, routed)           0.723     8.326    u_accel/gen_nn_bitshift.u_accel/fc2/accums_reg[0]1_i_19_n_0
    SLICE_X47Y41         LUT6 (Prop_lut6_I5_O)        0.316     8.642 r  u_accel/gen_nn_bitshift.u_accel/fc2/accums_reg[0]1_i_15/O
                         net (fo=16, routed)          1.317     9.958    u_accel/gen_nn_bitshift.u_accel/fc2/accums_reg[0]1_i_15_n_0
    DSP48_X1Y9           DSP48E1 (Prop_dsp48e1_A[13]_P[37])
                                                      3.841    13.799 r  u_accel/gen_nn_bitshift.u_accel/fc2/accums_reg[0]1/P[37]
                         net (fo=1, routed)           1.100    14.900    u_accel/gen_nn_bitshift.u_accel/fc2/accums_reg[0]1_n_68
    SLICE_X56Y24         LUT2 (Prop_lut2_I1_O)        0.149    15.049 r  u_accel/gen_nn_bitshift.u_accel/fc2/accums[0][37]_i_1/O
                         net (fo=1, routed)           0.000    15.049    u_accel/gen_nn_bitshift.u_accel/fc2/accums[0][37]_i_1_n_0
    SLICE_X56Y24         FDCE                                         r  u_accel/gen_nn_bitshift.u_accel/fc2/accums_reg[0][37]/D
  -------------------------------------------------------------------    -------------------

                         (clock sys_clk_pin rise edge)
                                                     10.000    10.000 r  
    E3                                                0.000    10.000 r  CLK100MHZ (IN)
                         net (fo=0)                   0.000    10.000    CLK100MHZ
    E3                   IBUF (Prop_ibuf_I_O)         1.411    11.411 r  CLK100MHZ_IBUF_inst/O
                         net (fo=1, routed)           1.920    13.331    CLK100MHZ_IBUF
    BUFGCTRL_X0Y16       BUFG (Prop_bufg_I_O)         0.091    13.422 r  CLK100MHZ_IBUF_BUFG_inst/O
                         net (fo=45271, routed)       1.653    15.075    u_accel/gen_nn_bitshift.u_accel/fc2/CLK100MHZ_IBUF_BUFG
    SLICE_X56Y24         FDCE                                         r  u_accel/gen_nn_bitshift.u_accel/fc2/accums_reg[0][37]/C
                         clock pessimism              0.195    15.271    
                         clock uncertainty           -0.035    15.235    
    SLICE_X56Y24         FDCE (Setup_fdce_C_D)        0.118    15.353    u_accel/gen_nn_bitshift.u_accel/fc2/accums_reg[0][37]
  -------------------------------------------------------------------
                         required time                         15.353    
                         arrival time                         -15.049    
  -------------------------------------------------------------------
                         slack                                  0.305    





Min Delay Paths
--------------------------------------------------------------------------------------
Slack (MET) :             0.017ns  (arrival time - required time)
  Source:                 u_accel/gen_nn_bitshift.u_accel/gen_hl1_lif[14].hl1_lif/mul_scaled_result_reg_reg[18]/C
                            (rising edge-triggered cell FDCE clocked by sys_clk_pin  {rise@0.000ns fall@5.000ns period=10.000ns})
  Destination:            u_accel/gen_nn_bitshift.u_accel/gen_hl1_lif[14].hl1_lif/membrane_pre_reset_reg_reg[2]/D
                            (rising edge-triggered cell FDCE clocked by sys_clk_pin  {rise@0.000ns fall@5.000ns period=10.000ns})
  Path Group:             sys_clk_pin
  Path Type:              Hold (Min at Fast Process Corner)
  Requirement:            0.000ns  (sys_clk_pin rise@0.000ns - sys_clk_pin rise@0.000ns)
  Data Path Delay:        0.402ns  (logic 0.209ns (52.014%)  route 0.193ns (47.986%))
  Logic Levels:           1  (LUT2=1)
  Clock Path Skew:        0.264ns (DCD - SCD - CPR)
    Destination Clock Delay (DCD):    2.030ns
    Source Clock Delay      (SCD):    1.520ns
    Clock Pessimism Removal (CPR):    0.245ns

    Location             Delay type                Incr(ns)  Path(ns)    Netlist Resource(s)
  -------------------------------------------------------------------    -------------------
                         (clock sys_clk_pin rise edge)
                                                      0.000     0.000 r  
    E3                                                0.000     0.000 r  CLK100MHZ (IN)
                         net (fo=0)                   0.000     0.000    CLK100MHZ
    E3                   IBUF (Prop_ibuf_I_O)         0.250     0.250 r  CLK100MHZ_IBUF_inst/O
                         net (fo=1, routed)           0.644     0.894    CLK100MHZ_IBUF
    BUFGCTRL_X0Y16       BUFG (Prop_bufg_I_O)         0.026     0.920 r  CLK100MHZ_IBUF_BUFG_inst/O
                         net (fo=45271, routed)       0.601     1.520    u_accel/gen_nn_bitshift.u_accel/gen_hl1_lif[14].hl1_lif/CLK100MHZ_IBUF_BUFG
    SLICE_X78Y99         FDCE                                         r  u_accel/gen_nn_bitshift.u_accel/gen_hl1_lif[14].hl1_lif/mul_scaled_result_reg_reg[18]/C
  -------------------------------------------------------------------    -------------------
    SLICE_X78Y99         FDCE (Prop_fdce_C_Q)         0.164     1.684 r  u_accel/gen_nn_bitshift.u_accel/gen_hl1_lif[14].hl1_lif/mul_scaled_result_reg_reg[18]/Q
                         net (fo=1, routed)           0.193     1.877    u_accel/gen_nn_bitshift.u_accel/gen_hl1_lif[14].hl1_lif/mul_scaled_result_reg_reg_n_0_[18]
    SLICE_X76Y100        LUT2 (Prop_lut2_I0_O)        0.045     1.922 r  u_accel/gen_nn_bitshift.u_accel/gen_hl1_lif[14].hl1_lif/membrane_pre_reset_reg[2]_i_1__44/O
                         net (fo=1, routed)           0.000     1.922    u_accel/gen_nn_bitshift.u_accel/gen_hl1_lif[14].hl1_lif/membrane_pre_reset_reg[2]_i_1__44_n_0
    SLICE_X76Y100        FDCE                                         r  u_accel/gen_nn_bitshift.u_accel/gen_hl1_lif[14].hl1_lif/membrane_pre_reset_reg_reg[2]/D
  -------------------------------------------------------------------    -------------------

                         (clock sys_clk_pin rise edge)
                                                      0.000     0.000 r  
    E3                                                0.000     0.000 r  CLK100MHZ (IN)
                         net (fo=0)                   0.000     0.000    CLK100MHZ
    E3                   IBUF (Prop_ibuf_I_O)         0.438     0.438 r  CLK100MHZ_IBUF_inst/O
                         net (fo=1, routed)           0.699     1.136    CLK100MHZ_IBUF
    BUFGCTRL_X0Y16       BUFG (Prop_bufg_I_O)         0.029     1.165 r  CLK100MHZ_IBUF_BUFG_inst/O
                         net (fo=45271, routed)       0.865     2.030    u_accel/gen_nn_bitshift.u_accel/gen_hl1_lif[14].hl1_lif/CLK100MHZ_IBUF_BUFG
    SLICE_X76Y100        FDCE                                         r  u_accel/gen_nn_bitshift.u_accel/gen_hl1_lif[14].hl1_lif/membrane_pre_reset_reg_reg[2]/C
                         clock pessimism             -0.245     1.784    
    SLICE_X76Y100        FDCE (Hold_fdce_C_D)         0.121     1.905    u_accel/gen_nn_bitshift.u_accel/gen_hl1_lif[14].hl1_lif/membrane_pre_reset_reg_reg[2]
  -------------------------------------------------------------------
                         required time                         -1.905    
                         arrival time                           1.922    
  -------------------------------------------------------------------
                         slack                                  0.017    

Slack (MET) :             0.034ns  (arrival time - required time)
  Source:                 u_accel/gen_nn_bitshift.u_accel/gen_hl1_lif[63].hl1_lif/current_latched_reg[11]/C
                            (rising edge-triggered cell FDCE clocked by sys_clk_pin  {rise@0.000ns fall@5.000ns period=10.000ns})
  Destination:            u_accel/gen_nn_bitshift.u_accel/gen_hl1_lif[63].hl1_lif/numerator_reg_reg[11]/D
                            (rising edge-triggered cell FDCE clocked by sys_clk_pin  {rise@0.000ns fall@5.000ns period=10.000ns})
  Path Group:             sys_clk_pin
  Path Type:              Hold (Min at Fast Process Corner)
  Requirement:            0.000ns  (sys_clk_pin rise@0.000ns - sys_clk_pin rise@0.000ns)
  Data Path Delay:        0.492ns  (logic 0.289ns (58.703%)  route 0.203ns (41.297%))
  Logic Levels:           2  (CARRY4=1 LUT3=1)
  Clock Path Skew:        0.353ns (DCD - SCD - CPR)
    Destination Clock Delay (DCD):    2.086ns
    Source Clock Delay      (SCD):    1.482ns
    Clock Pessimism Removal (CPR):    0.250ns

    Location             Delay type                Incr(ns)  Path(ns)    Netlist Resource(s)
  -------------------------------------------------------------------    -------------------
                         (clock sys_clk_pin rise edge)
                                                      0.000     0.000 r  
    E3                                                0.000     0.000 r  CLK100MHZ (IN)
                         net (fo=0)                   0.000     0.000    CLK100MHZ
    E3                   IBUF (Prop_ibuf_I_O)         0.250     0.250 r  CLK100MHZ_IBUF_inst/O
                         net (fo=1, routed)           0.644     0.894    CLK100MHZ_IBUF
    BUFGCTRL_X0Y16       BUFG (Prop_bufg_I_O)         0.026     0.920 r  CLK100MHZ_IBUF_BUFG_inst/O
                         net (fo=45271, routed)       0.563     1.482    u_accel/gen_nn_bitshift.u_accel/gen_hl1_lif[63].hl1_lif/CLK100MHZ_IBUF_BUFG
    SLICE_X69Y149        FDCE                                         r  u_accel/gen_nn_bitshift.u_accel/gen_hl1_lif[63].hl1_lif/current_latched_reg[11]/C
  -------------------------------------------------------------------    -------------------
    SLICE_X69Y149        FDCE (Prop_fdce_C_Q)         0.128     1.610 r  u_accel/gen_nn_bitshift.u_accel/gen_hl1_lif[63].hl1_lif/current_latched_reg[11]/Q
                         net (fo=1, routed)           0.203     1.814    u_accel/gen_nn_bitshift.u_accel/gen_hl1_lif[63].hl1_lif/current_latched_reg_n_0_[11]
    SLICE_X65Y150        LUT3 (Prop_lut3_I2_O)        0.098     1.912 r  u_accel/gen_nn_bitshift.u_accel/gen_hl1_lif[63].hl1_lif/numerator_reg[11]_i_6__57/O
                         net (fo=1, routed)           0.000     1.912    u_accel/gen_nn_bitshift.u_accel/gen_hl1_lif[63].hl1_lif/numerator_reg[11]_i_6__57_n_0
    SLICE_X65Y150        CARRY4 (Prop_carry4_S[3]_O[3])
                                                      0.063     1.975 r  u_accel/gen_nn_bitshift.u_accel/gen_hl1_lif[63].hl1_lif/numerator_reg_reg[11]_i_1__57/O[3]
                         net (fo=1, routed)           0.000     1.975    u_accel/gen_nn_bitshift.u_accel/gen_hl1_lif[63].hl1_lif/numerator_reg_reg[11]_i_1__57_n_4
    SLICE_X65Y150        FDCE                                         r  u_accel/gen_nn_bitshift.u_accel/gen_hl1_lif[63].hl1_lif/numerator_reg_reg[11]/D
  -------------------------------------------------------------------    -------------------

                         (clock sys_clk_pin rise edge)
                                                      0.000     0.000 r  
    E3                                                0.000     0.000 r  CLK100MHZ (IN)
                         net (fo=0)                   0.000     0.000    CLK100MHZ
    E3                   IBUF (Prop_ibuf_I_O)         0.438     0.438 r  CLK100MHZ_IBUF_inst/O
                         net (fo=1, routed)           0.699     1.136    CLK100MHZ_IBUF
    BUFGCTRL_X0Y16       BUFG (Prop_bufg_I_O)         0.029     1.165 r  CLK100MHZ_IBUF_BUFG_inst/O
                         net (fo=45271, routed)       0.921     2.086    u_accel/gen_nn_bitshift.u_accel/gen_hl1_lif[63].hl1_lif/CLK100MHZ_IBUF_BUFG
    SLICE_X65Y150        FDCE                                         r  u_accel/gen_nn_bitshift.u_accel/gen_hl1_lif[63].hl1_lif/numerator_reg_reg[11]/C
                         clock pessimism             -0.250     1.836    
    SLICE_X65Y150        FDCE (Hold_fdce_C_D)         0.105     1.941    u_accel/gen_nn_bitshift.u_accel/gen_hl1_lif[63].hl1_lif/numerator_reg_reg[11]
  -------------------------------------------------------------------
                         required time                         -1.941    
                         arrival time                           1.975    
  -------------------------------------------------------------------
                         slack                                  0.034    

Slack (MET) :             0.036ns  (arrival time - required time)
  Source:                 u_accel/gen_nn_bitshift.u_accel/gen_hl1_lif[49].hl1_lif/membrane_pre_reset_reg_reg[4]/C
                            (rising edge-triggered cell FDCE clocked by sys_clk_pin  {rise@0.000ns fall@5.000ns period=10.000ns})
  Destination:            u_accel/gen_nn_bitshift.u_accel/gen_hl1_lif[49].hl1_lif/finalize_membrane_reg_reg[4]/D
                            (rising edge-triggered cell FDCE clocked by sys_clk_pin  {rise@0.000ns fall@5.000ns period=10.000ns})
  Path Group:             sys_clk_pin
  Path Type:              Hold (Min at Fast Process Corner)
  Requirement:            0.000ns  (sys_clk_pin rise@0.000ns - sys_clk_pin rise@0.000ns)
  Data Path Delay:        0.480ns  (logic 0.209ns (43.586%)  route 0.271ns (56.414%))
  Logic Levels:           1  (LUT4=1)
  Clock Path Skew:        0.351ns (DCD - SCD - CPR)
    Destination Clock Delay (DCD):    2.080ns
    Source Clock Delay      (SCD):    1.478ns
    Clock Pessimism Removal (CPR):    0.250ns

    Location             Delay type                Incr(ns)  Path(ns)    Netlist Resource(s)
  -------------------------------------------------------------------    -------------------
                         (clock sys_clk_pin rise edge)
                                                      0.000     0.000 r  
    E3                                                0.000     0.000 r  CLK100MHZ (IN)
                         net (fo=0)                   0.000     0.000    CLK100MHZ
    E3                   IBUF (Prop_ibuf_I_O)         0.250     0.250 r  CLK100MHZ_IBUF_inst/O
                         net (fo=1, routed)           0.644     0.894    CLK100MHZ_IBUF
    BUFGCTRL_X0Y16       BUFG (Prop_bufg_I_O)         0.026     0.920 r  CLK100MHZ_IBUF_BUFG_inst/O
                         net (fo=45271, routed)       0.559     1.478    u_accel/gen_nn_bitshift.u_accel/gen_hl1_lif[49].hl1_lif/CLK100MHZ_IBUF_BUFG
    SLICE_X54Y149        FDCE                                         r  u_accel/gen_nn_bitshift.u_accel/gen_hl1_lif[49].hl1_lif/membrane_pre_reset_reg_reg[4]/C
  -------------------------------------------------------------------    -------------------
    SLICE_X54Y149        FDCE (Prop_fdce_C_Q)         0.164     1.642 r  u_accel/gen_nn_bitshift.u_accel/gen_hl1_lif[49].hl1_lif/membrane_pre_reset_reg_reg[4]/Q
                         net (fo=3, routed)           0.271     1.913    u_accel/gen_nn_bitshift.u_accel/gen_hl1_lif[49].hl1_lif/membrane_pre_reset_reg[4]
    SLICE_X55Y150        LUT4 (Prop_lut4_I1_O)        0.045     1.958 r  u_accel/gen_nn_bitshift.u_accel/gen_hl1_lif[49].hl1_lif/finalize_membrane_reg[4]_i_1__11/O
                         net (fo=1, routed)           0.000     1.958    u_accel/gen_nn_bitshift.u_accel/gen_hl1_lif[49].hl1_lif/finalize_membrane_reg[4]_i_1__11_n_0
    SLICE_X55Y150        FDCE                                         r  u_accel/gen_nn_bitshift.u_accel/gen_hl1_lif[49].hl1_lif/finalize_membrane_reg_reg[4]/D
  -------------------------------------------------------------------    -------------------

                         (clock sys_clk_pin rise edge)
                                                      0.000     0.000 r  
    E3                                                0.000     0.000 r  CLK100MHZ (IN)
                         net (fo=0)                   0.000     0.000    CLK100MHZ
    E3                   IBUF (Prop_ibuf_I_O)         0.438     0.438 r  CLK100MHZ_IBUF_inst/O
                         net (fo=1, routed)           0.699     1.136    CLK100MHZ_IBUF
    BUFGCTRL_X0Y16       BUFG (Prop_bufg_I_O)         0.029     1.165 r  CLK100MHZ_IBUF_BUFG_inst/O
                         net (fo=45271, routed)       0.915     2.080    u_accel/gen_nn_bitshift.u_accel/gen_hl1_lif[49].hl1_lif/CLK100MHZ_IBUF_BUFG
    SLICE_X55Y150        FDCE                                         r  u_accel/gen_nn_bitshift.u_accel/gen_hl1_lif[49].hl1_lif/finalize_membrane_reg_reg[4]/C
                         clock pessimism             -0.250     1.830    
    SLICE_X55Y150        FDCE (Hold_fdce_C_D)         0.092     1.922    u_accel/gen_nn_bitshift.u_accel/gen_hl1_lif[49].hl1_lif/finalize_membrane_reg_reg[4]
  -------------------------------------------------------------------
                         required time                         -1.922    
                         arrival time                           1.958    
  -------------------------------------------------------------------
                         slack                                  0.036    

Slack (MET) :             0.036ns  (arrival time - required time)
  Source:                 u_accel/gen_nn_bitshift.u_accel/gen_hl1_lif[63].hl1_lif/current_latched_reg[14]/C
                            (rising edge-triggered cell FDCE clocked by sys_clk_pin  {rise@0.000ns fall@5.000ns period=10.000ns})
  Destination:            u_accel/gen_nn_bitshift.u_accel/gen_hl1_lif[63].hl1_lif/numerator_reg_reg[14]/D
                            (rising edge-triggered cell FDCE clocked by sys_clk_pin  {rise@0.000ns fall@5.000ns period=10.000ns})
  Path Group:             sys_clk_pin
  Path Type:              Hold (Min at Fast Process Corner)
  Requirement:            0.000ns  (sys_clk_pin rise@0.000ns - sys_clk_pin rise@0.000ns)
  Data Path Delay:        0.495ns  (logic 0.252ns (50.957%)  route 0.243ns (49.043%))
  Logic Levels:           2  (CARRY4=1 LUT3=1)
  Clock Path Skew:        0.353ns (DCD - SCD - CPR)
    Destination Clock Delay (DCD):    2.086ns
    Source Clock Delay      (SCD):    1.482ns
    Clock Pessimism Removal (CPR):    0.250ns

    Location             Delay type                Incr(ns)  Path(ns)    Netlist Resource(s)
  -------------------------------------------------------------------    -------------------
                         (clock sys_clk_pin rise edge)
                                                      0.000     0.000 r  
    E3                                                0.000     0.000 r  CLK100MHZ (IN)
                         net (fo=0)                   0.000     0.000    CLK100MHZ
    E3                   IBUF (Prop_ibuf_I_O)         0.250     0.250 r  CLK100MHZ_IBUF_inst/O
                         net (fo=1, routed)           0.644     0.894    CLK100MHZ_IBUF
    BUFGCTRL_X0Y16       BUFG (Prop_bufg_I_O)         0.026     0.920 r  CLK100MHZ_IBUF_BUFG_inst/O
                         net (fo=45271, routed)       0.563     1.482    u_accel/gen_nn_bitshift.u_accel/gen_hl1_lif[63].hl1_lif/CLK100MHZ_IBUF_BUFG
    SLICE_X67Y149        FDCE                                         r  u_accel/gen_nn_bitshift.u_accel/gen_hl1_lif[63].hl1_lif/current_latched_reg[14]/C
  -------------------------------------------------------------------    -------------------
    SLICE_X67Y149        FDCE (Prop_fdce_C_Q)         0.141     1.623 r  u_accel/gen_nn_bitshift.u_accel/gen_hl1_lif[63].hl1_lif/current_latched_reg[14]/Q
                         net (fo=1, routed)           0.243     1.866    u_accel/gen_nn_bitshift.u_accel/gen_hl1_lif[63].hl1_lif/current_latched_reg_n_0_[14]
    SLICE_X65Y151        LUT3 (Prop_lut3_I2_O)        0.045     1.911 r  u_accel/gen_nn_bitshift.u_accel/gen_hl1_lif[63].hl1_lif/numerator_reg[15]_i_7__57/O
                         net (fo=1, routed)           0.000     1.911    u_accel/gen_nn_bitshift.u_accel/gen_hl1_lif[63].hl1_lif/numerator_reg[15]_i_7__57_n_0
    SLICE_X65Y151        CARRY4 (Prop_carry4_S[2]_O[2])
                                                      0.066     1.977 r  u_accel/gen_nn_bitshift.u_accel/gen_hl1_lif[63].hl1_lif/numerator_reg_reg[15]_i_1__57/O[2]
                         net (fo=1, routed)           0.000     1.977    u_accel/gen_nn_bitshift.u_accel/gen_hl1_lif[63].hl1_lif/numerator_reg_reg[15]_i_1__57_n_5
    SLICE_X65Y151        FDCE                                         r  u_accel/gen_nn_bitshift.u_accel/gen_hl1_lif[63].hl1_lif/numerator_reg_reg[14]/D
  -------------------------------------------------------------------    -------------------

                         (clock sys_clk_pin rise edge)
                                                      0.000     0.000 r  
    E3                                                0.000     0.000 r  CLK100MHZ (IN)
                         net (fo=0)                   0.000     0.000    CLK100MHZ
    E3                   IBUF (Prop_ibuf_I_O)         0.438     0.438 r  CLK100MHZ_IBUF_inst/O
                         net (fo=1, routed)           0.699     1.136    CLK100MHZ_IBUF
    BUFGCTRL_X0Y16       BUFG (Prop_bufg_I_O)         0.029     1.165 r  CLK100MHZ_IBUF_BUFG_inst/O
                         net (fo=45271, routed)       0.921     2.086    u_accel/gen_nn_bitshift.u_accel/gen_hl1_lif[63].hl1_lif/CLK100MHZ_IBUF_BUFG
    SLICE_X65Y151        FDCE                                         r  u_accel/gen_nn_bitshift.u_accel/gen_hl1_lif[63].hl1_lif/numerator_reg_reg[14]/C
                         clock pessimism             -0.250     1.836    
    SLICE_X65Y151        FDCE (Hold_fdce_C_D)         0.105     1.941    u_accel/gen_nn_bitshift.u_accel/gen_hl1_lif[63].hl1_lif/numerator_reg_reg[14]
  -------------------------------------------------------------------
                         required time                         -1.941    
                         arrival time                           1.977    
  -------------------------------------------------------------------
                         slack                                  0.036    

Slack (MET) :             0.043ns  (arrival time - required time)
  Source:                 u_accel/gen_nn_bitshift.u_accel/gen_hl2[29].hl2_lif/membrane_out_reg[4]/C
                            (rising edge-triggered cell FDCE clocked by sys_clk_pin  {rise@0.000ns fall@5.000ns period=10.000ns})
  Destination:            u_accel/gen_nn_bitshift.u_accel/gen_hl2[29].membrane_buf/membrane_storage_reg[9][4]/D
                            (rising edge-triggered cell FDCE clocked by sys_clk_pin  {rise@0.000ns fall@5.000ns period=10.000ns})
  Path Group:             sys_clk_pin
  Path Type:              Hold (Min at Fast Process Corner)
  Requirement:            0.000ns  (sys_clk_pin rise@0.000ns - sys_clk_pin rise@0.000ns)
  Data Path Delay:        0.379ns  (logic 0.141ns (37.231%)  route 0.238ns (62.769%))
  Logic Levels:           0  
  Clock Path Skew:        0.266ns (DCD - SCD - CPR)
    Destination Clock Delay (DCD):    2.000ns
    Source Clock Delay      (SCD):    1.488ns
    Clock Pessimism Removal (CPR):    0.245ns

    Location             Delay type                Incr(ns)  Path(ns)    Netlist Resource(s)
  -------------------------------------------------------------------    -------------------
                         (clock sys_clk_pin rise edge)
                                                      0.000     0.000 r  
    E3                                                0.000     0.000 r  CLK100MHZ (IN)
                         net (fo=0)                   0.000     0.000    CLK100MHZ
    E3                   IBUF (Prop_ibuf_I_O)         0.250     0.250 r  CLK100MHZ_IBUF_inst/O
                         net (fo=1, routed)           0.644     0.894    CLK100MHZ_IBUF
    BUFGCTRL_X0Y16       BUFG (Prop_bufg_I_O)         0.026     0.920 r  CLK100MHZ_IBUF_BUFG_inst/O
                         net (fo=45271, routed)       0.569     1.488    u_accel/gen_nn_bitshift.u_accel/gen_hl2[29].hl2_lif/CLK100MHZ_IBUF_BUFG
    SLICE_X39Y97         FDCE                                         r  u_accel/gen_nn_bitshift.u_accel/gen_hl2[29].hl2_lif/membrane_out_reg[4]/C
  -------------------------------------------------------------------    -------------------
    SLICE_X39Y97         FDCE (Prop_fdce_C_Q)         0.141     1.629 r  u_accel/gen_nn_bitshift.u_accel/gen_hl2[29].hl2_lif/membrane_out_reg[4]/Q
                         net (fo=20, routed)          0.238     1.867    u_accel/gen_nn_bitshift.u_accel/gen_hl2[29].membrane_buf/D[4]
    SLICE_X41Y101        FDCE                                         r  u_accel/gen_nn_bitshift.u_accel/gen_hl2[29].membrane_buf/membrane_storage_reg[9][4]/D
  -------------------------------------------------------------------    -------------------

                         (clock sys_clk_pin rise edge)
                                                      0.000     0.000 r  
    E3                                                0.000     0.000 r  CLK100MHZ (IN)
                         net (fo=0)                   0.000     0.000    CLK100MHZ
    E3                   IBUF (Prop_ibuf_I_O)         0.438     0.438 r  CLK100MHZ_IBUF_inst/O
                         net (fo=1, routed)           0.699     1.136    CLK100MHZ_IBUF
    BUFGCTRL_X0Y16       BUFG (Prop_bufg_I_O)         0.029     1.165 r  CLK100MHZ_IBUF_BUFG_inst/O
                         net (fo=45271, routed)       0.835     2.000    u_accel/gen_nn_bitshift.u_accel/gen_hl2[29].membrane_buf/CLK100MHZ_IBUF_BUFG
    SLICE_X41Y101        FDCE                                         r  u_accel/gen_nn_bitshift.u_accel/gen_hl2[29].membrane_buf/membrane_storage_reg[9][4]/C
                         clock pessimism             -0.245     1.754    
    SLICE_X41Y101        FDCE (Hold_fdce_C_D)         0.070     1.824    u_accel/gen_nn_bitshift.u_accel/gen_hl2[29].membrane_buf/membrane_storage_reg[9][4]
  -------------------------------------------------------------------
                         required time                         -1.824    
                         arrival time                           1.867    
  -------------------------------------------------------------------
                         slack                                  0.043    

Slack (MET) :             0.046ns  (arrival time - required time)
  Source:                 u_accel/gen_nn_bitshift.u_accel/gen_hl1_lif[0].hl1_lif/current_latched_reg[6]/C
                            (rising edge-triggered cell FDCE clocked by sys_clk_pin  {rise@0.000ns fall@5.000ns period=10.000ns})
  Destination:            u_accel/gen_nn_bitshift.u_accel/gen_hl1_lif[0].hl1_lif/numerator_reg_reg[6]/D
                            (rising edge-triggered cell FDCE clocked by sys_clk_pin  {rise@0.000ns fall@5.000ns period=10.000ns})
  Path Group:             sys_clk_pin
  Path Type:              Hold (Min at Fast Process Corner)
  Requirement:            0.000ns  (sys_clk_pin rise@0.000ns - sys_clk_pin rise@0.000ns)
  Data Path Delay:        0.429ns  (logic 0.252ns (58.802%)  route 0.177ns (41.198%))
  Logic Levels:           2  (CARRY4=1 LUT3=1)
  Clock Path Skew:        0.278ns (DCD - SCD - CPR)
    Destination Clock Delay (DCD):    2.033ns
    Source Clock Delay      (SCD):    1.509ns
    Clock Pessimism Removal (CPR):    0.245ns

    Location             Delay type                Incr(ns)  Path(ns)    Netlist Resource(s)
  -------------------------------------------------------------------    -------------------
                         (clock sys_clk_pin rise edge)
                                                      0.000     0.000 r  
    E3                                                0.000     0.000 r  CLK100MHZ (IN)
                         net (fo=0)                   0.000     0.000    CLK100MHZ
    E3                   IBUF (Prop_ibuf_I_O)         0.250     0.250 r  CLK100MHZ_IBUF_inst/O
                         net (fo=1, routed)           0.644     0.894    CLK100MHZ_IBUF
    BUFGCTRL_X0Y16       BUFG (Prop_bufg_I_O)         0.026     0.920 r  CLK100MHZ_IBUF_BUFG_inst/O
                         net (fo=45271, routed)       0.590     1.509    u_accel/gen_nn_bitshift.u_accel/gen_hl1_lif[0].hl1_lif/CLK100MHZ_IBUF_BUFG
    SLICE_X72Y100        FDCE                                         r  u_accel/gen_nn_bitshift.u_accel/gen_hl1_lif[0].hl1_lif/current_latched_reg[6]/C
  -------------------------------------------------------------------    -------------------
    SLICE_X72Y100        FDCE (Prop_fdce_C_Q)         0.141     1.650 r  u_accel/gen_nn_bitshift.u_accel/gen_hl1_lif[0].hl1_lif/current_latched_reg[6]/Q
                         net (fo=1, routed)           0.177     1.827    u_accel/gen_nn_bitshift.u_accel/gen_hl1_lif[0].hl1_lif/current_latched_reg_n_0_[6]
    SLICE_X73Y99         LUT3 (Prop_lut3_I2_O)        0.045     1.872 r  u_accel/gen_nn_bitshift.u_accel/gen_hl1_lif[0].hl1_lif/numerator_reg[7]_i_7__62/O
                         net (fo=1, routed)           0.000     1.872    u_accel/gen_nn_bitshift.u_accel/gen_hl1_lif[0].hl1_lif/numerator_reg[7]_i_7__62_n_0
    SLICE_X73Y99         CARRY4 (Prop_carry4_S[2]_O[2])
                                                      0.066     1.938 r  u_accel/gen_nn_bitshift.u_accel/gen_hl1_lif[0].hl1_lif/numerator_reg_reg[7]_i_1__62/O[2]
                         net (fo=1, routed)           0.000     1.938    u_accel/gen_nn_bitshift.u_accel/gen_hl1_lif[0].hl1_lif/numerator_reg_reg[7]_i_1__62_n_5
    SLICE_X73Y99         FDCE                                         r  u_accel/gen_nn_bitshift.u_accel/gen_hl1_lif[0].hl1_lif/numerator_reg_reg[6]/D
  -------------------------------------------------------------------    -------------------

                         (clock sys_clk_pin rise edge)
                                                      0.000     0.000 r  
    E3                                                0.000     0.000 r  CLK100MHZ (IN)
                         net (fo=0)                   0.000     0.000    CLK100MHZ
    E3                   IBUF (Prop_ibuf_I_O)         0.438     0.438 r  CLK100MHZ_IBUF_inst/O
                         net (fo=1, routed)           0.699     1.136    CLK100MHZ_IBUF
    BUFGCTRL_X0Y16       BUFG (Prop_bufg_I_O)         0.029     1.165 r  CLK100MHZ_IBUF_BUFG_inst/O
                         net (fo=45271, routed)       0.868     2.033    u_accel/gen_nn_bitshift.u_accel/gen_hl1_lif[0].hl1_lif/CLK100MHZ_IBUF_BUFG
    SLICE_X73Y99         FDCE                                         r  u_accel/gen_nn_bitshift.u_accel/gen_hl1_lif[0].hl1_lif/numerator_reg_reg[6]/C
                         clock pessimism             -0.245     1.787    
    SLICE_X73Y99         FDCE (Hold_fdce_C_D)         0.105     1.892    u_accel/gen_nn_bitshift.u_accel/gen_hl1_lif[0].hl1_lif/numerator_reg_reg[6]
  -------------------------------------------------------------------
                         required time                         -1.892    
                         arrival time                           1.938    
  -------------------------------------------------------------------
                         slack                                  0.046    

Slack (MET) :             0.048ns  (arrival time - required time)
  Source:                 u_accel/gen_nn_bitshift.u_accel/gen_hl1_lif[37].hl1_lif/mul_scaled_result_reg_reg[26]/C
                            (rising edge-triggered cell FDCE clocked by sys_clk_pin  {rise@0.000ns fall@5.000ns period=10.000ns})
  Destination:            u_accel/gen_nn_bitshift.u_accel/gen_hl1_lif[37].hl1_lif/membrane_pre_reset_reg_reg[10]/D
                            (rising edge-triggered cell FDCE clocked by sys_clk_pin  {rise@0.000ns fall@5.000ns period=10.000ns})
  Path Group:             sys_clk_pin
  Path Type:              Hold (Min at Fast Process Corner)
  Requirement:            0.000ns  (sys_clk_pin rise@0.000ns - sys_clk_pin rise@0.000ns)
  Data Path Delay:        0.409ns  (logic 0.186ns (45.501%)  route 0.223ns (54.499%))
  Logic Levels:           1  (LUT2=1)
  Clock Path Skew:        0.270ns (DCD - SCD - CPR)
    Destination Clock Delay (DCD):    1.985ns
    Source Clock Delay      (SCD):    1.464ns
    Clock Pessimism Removal (CPR):    0.250ns

    Location             Delay type                Incr(ns)  Path(ns)    Netlist Resource(s)
  -------------------------------------------------------------------    -------------------
                         (clock sys_clk_pin rise edge)
                                                      0.000     0.000 r  
    E3                                                0.000     0.000 r  CLK100MHZ (IN)
                         net (fo=0)                   0.000     0.000    CLK100MHZ
    E3                   IBUF (Prop_ibuf_I_O)         0.250     0.250 r  CLK100MHZ_IBUF_inst/O
                         net (fo=1, routed)           0.644     0.894    CLK100MHZ_IBUF
    BUFGCTRL_X0Y16       BUFG (Prop_bufg_I_O)         0.026     0.920 r  CLK100MHZ_IBUF_BUFG_inst/O
                         net (fo=45271, routed)       0.545     1.464    u_accel/gen_nn_bitshift.u_accel/gen_hl1_lif[37].hl1_lif/CLK100MHZ_IBUF_BUFG
    SLICE_X53Y125        FDCE                                         r  u_accel/gen_nn_bitshift.u_accel/gen_hl1_lif[37].hl1_lif/mul_scaled_result_reg_reg[26]/C
  -------------------------------------------------------------------    -------------------
    SLICE_X53Y125        FDCE (Prop_fdce_C_Q)         0.141     1.605 r  u_accel/gen_nn_bitshift.u_accel/gen_hl1_lif[37].hl1_lif/mul_scaled_result_reg_reg[26]/Q
                         net (fo=1, routed)           0.223     1.828    u_accel/gen_nn_bitshift.u_accel/gen_hl1_lif[37].hl1_lif/mul_scaled_result_reg_reg_n_0_[26]
    SLICE_X51Y131        LUT2 (Prop_lut2_I0_O)        0.045     1.873 r  u_accel/gen_nn_bitshift.u_accel/gen_hl1_lif[37].hl1_lif/membrane_pre_reset_reg[10]_i_1__21/O
                         net (fo=1, routed)           0.000     1.873    u_accel/gen_nn_bitshift.u_accel/gen_hl1_lif[37].hl1_lif/membrane_pre_reset_reg[10]_i_1__21_n_0
    SLICE_X51Y131        FDCE                                         r  u_accel/gen_nn_bitshift.u_accel/gen_hl1_lif[37].hl1_lif/membrane_pre_reset_reg_reg[10]/D
  -------------------------------------------------------------------    -------------------

                         (clock sys_clk_pin rise edge)
                                                      0.000     0.000 r  
    E3                                                0.000     0.000 r  CLK100MHZ (IN)
                         net (fo=0)                   0.000     0.000    CLK100MHZ
    E3                   IBUF (Prop_ibuf_I_O)         0.438     0.438 r  CLK100MHZ_IBUF_inst/O
                         net (fo=1, routed)           0.699     1.136    CLK100MHZ_IBUF
    BUFGCTRL_X0Y16       BUFG (Prop_bufg_I_O)         0.029     1.165 r  CLK100MHZ_IBUF_BUFG_inst/O
                         net (fo=45271, routed)       0.820     1.985    u_accel/gen_nn_bitshift.u_accel/gen_hl1_lif[37].hl1_lif/CLK100MHZ_IBUF_BUFG
    SLICE_X51Y131        FDCE                                         r  u_accel/gen_nn_bitshift.u_accel/gen_hl1_lif[37].hl1_lif/membrane_pre_reset_reg_reg[10]/C
                         clock pessimism             -0.250     1.734    
    SLICE_X51Y131        FDCE (Hold_fdce_C_D)         0.091     1.825    u_accel/gen_nn_bitshift.u_accel/gen_hl1_lif[37].hl1_lif/membrane_pre_reset_reg_reg[10]
  -------------------------------------------------------------------
                         required time                         -1.825    
                         arrival time                           1.873    
  -------------------------------------------------------------------
                         slack                                  0.048    

Slack (MET) :             0.053ns  (arrival time - required time)
  Source:                 u_accel/gen_nn_bitshift.u_accel/gen_hl2[29].hl2_lif/membrane_out_reg[4]/C
                            (rising edge-triggered cell FDCE clocked by sys_clk_pin  {rise@0.000ns fall@5.000ns period=10.000ns})
  Destination:            u_accel/gen_nn_bitshift.u_accel/gen_hl2[29].membrane_buf/membrane_storage_reg[5][4]/D
                            (rising edge-triggered cell FDCE clocked by sys_clk_pin  {rise@0.000ns fall@5.000ns period=10.000ns})
  Path Group:             sys_clk_pin
  Path Type:              Hold (Min at Fast Process Corner)
  Requirement:            0.000ns  (sys_clk_pin rise@0.000ns - sys_clk_pin rise@0.000ns)
  Data Path Delay:        0.383ns  (logic 0.141ns (36.820%)  route 0.242ns (63.180%))
  Logic Levels:           0  
  Clock Path Skew:        0.264ns (DCD - SCD - CPR)
    Destination Clock Delay (DCD):    1.998ns
    Source Clock Delay      (SCD):    1.488ns
    Clock Pessimism Removal (CPR):    0.245ns

    Location             Delay type                Incr(ns)  Path(ns)    Netlist Resource(s)
  -------------------------------------------------------------------    -------------------
                         (clock sys_clk_pin rise edge)
                                                      0.000     0.000 r  
    E3                                                0.000     0.000 r  CLK100MHZ (IN)
                         net (fo=0)                   0.000     0.000    CLK100MHZ
    E3                   IBUF (Prop_ibuf_I_O)         0.250     0.250 r  CLK100MHZ_IBUF_inst/O
                         net (fo=1, routed)           0.644     0.894    CLK100MHZ_IBUF
    BUFGCTRL_X0Y16       BUFG (Prop_bufg_I_O)         0.026     0.920 r  CLK100MHZ_IBUF_BUFG_inst/O
                         net (fo=45271, routed)       0.569     1.488    u_accel/gen_nn_bitshift.u_accel/gen_hl2[29].hl2_lif/CLK100MHZ_IBUF_BUFG
    SLICE_X39Y97         FDCE                                         r  u_accel/gen_nn_bitshift.u_accel/gen_hl2[29].hl2_lif/membrane_out_reg[4]/C
  -------------------------------------------------------------------    -------------------
    SLICE_X39Y97         FDCE (Prop_fdce_C_Q)         0.141     1.629 r  u_accel/gen_nn_bitshift.u_accel/gen_hl2[29].hl2_lif/membrane_out_reg[4]/Q
                         net (fo=20, routed)          0.242     1.871    u_accel/gen_nn_bitshift.u_accel/gen_hl2[29].membrane_buf/D[4]
    SLICE_X45Y100        FDCE                                         r  u_accel/gen_nn_bitshift.u_accel/gen_hl2[29].membrane_buf/membrane_storage_reg[5][4]/D
  -------------------------------------------------------------------    -------------------

                         (clock sys_clk_pin rise edge)
                                                      0.000     0.000 r  
    E3                                                0.000     0.000 r  CLK100MHZ (IN)
                         net (fo=0)                   0.000     0.000    CLK100MHZ
    E3                   IBUF (Prop_ibuf_I_O)         0.438     0.438 r  CLK100MHZ_IBUF_inst/O
                         net (fo=1, routed)           0.699     1.136    CLK100MHZ_IBUF
    BUFGCTRL_X0Y16       BUFG (Prop_bufg_I_O)         0.029     1.165 r  CLK100MHZ_IBUF_BUFG_inst/O
                         net (fo=45271, routed)       0.833     1.998    u_accel/gen_nn_bitshift.u_accel/gen_hl2[29].membrane_buf/CLK100MHZ_IBUF_BUFG
    SLICE_X45Y100        FDCE                                         r  u_accel/gen_nn_bitshift.u_accel/gen_hl2[29].membrane_buf/membrane_storage_reg[5][4]/C
                         clock pessimism             -0.245     1.752    
    SLICE_X45Y100        FDCE (Hold_fdce_C_D)         0.066     1.818    u_accel/gen_nn_bitshift.u_accel/gen_hl2[29].membrane_buf/membrane_storage_reg[5][4]
  -------------------------------------------------------------------
                         required time                         -1.818    
                         arrival time                           1.871    
  -------------------------------------------------------------------
                         slack                                  0.053    

Slack (MET) :             0.054ns  (arrival time - required time)
  Source:                 u_accel/gen_nn_bitshift.u_accel/gen_hl2[21].hl2_lif/membrane_out_reg[13]/C
                            (rising edge-triggered cell FDCE clocked by sys_clk_pin  {rise@0.000ns fall@5.000ns period=10.000ns})
  Destination:            u_accel/gen_nn_bitshift.u_accel/gen_hl2[21].membrane_buf/membrane_storage_reg[5][13]/D
                            (rising edge-triggered cell FDCE clocked by sys_clk_pin  {rise@0.000ns fall@5.000ns period=10.000ns})
  Path Group:             sys_clk_pin
  Path Type:              Hold (Min at Fast Process Corner)
  Requirement:            0.000ns  (sys_clk_pin rise@0.000ns - sys_clk_pin rise@0.000ns)
  Data Path Delay:        0.379ns  (logic 0.141ns (37.166%)  route 0.238ns (62.834%))
  Logic Levels:           0  
  Clock Path Skew:        0.266ns (DCD - SCD - CPR)
    Destination Clock Delay (DCD):    2.069ns
    Source Clock Delay      (SCD):    1.549ns
    Clock Pessimism Removal (CPR):    0.254ns

    Location             Delay type                Incr(ns)  Path(ns)    Netlist Resource(s)
  -------------------------------------------------------------------    -------------------
                         (clock sys_clk_pin rise edge)
                                                      0.000     0.000 r  
    E3                                                0.000     0.000 r  CLK100MHZ (IN)
                         net (fo=0)                   0.000     0.000    CLK100MHZ
    E3                   IBUF (Prop_ibuf_I_O)         0.250     0.250 r  CLK100MHZ_IBUF_inst/O
                         net (fo=1, routed)           0.644     0.894    CLK100MHZ_IBUF
    BUFGCTRL_X0Y16       BUFG (Prop_bufg_I_O)         0.026     0.920 r  CLK100MHZ_IBUF_BUFG_inst/O
                         net (fo=45271, routed)       0.629     1.549    u_accel/gen_nn_bitshift.u_accel/gen_hl2[21].hl2_lif/CLK100MHZ_IBUF_BUFG
    SLICE_X53Y9          FDCE                                         r  u_accel/gen_nn_bitshift.u_accel/gen_hl2[21].hl2_lif/membrane_out_reg[13]/C
  -------------------------------------------------------------------    -------------------
    SLICE_X53Y9          FDCE (Prop_fdce_C_Q)         0.141     1.690 r  u_accel/gen_nn_bitshift.u_accel/gen_hl2[21].hl2_lif/membrane_out_reg[13]/Q
                         net (fo=20, routed)          0.238     1.928    u_accel/gen_nn_bitshift.u_accel/gen_hl2[21].membrane_buf/D[13]
    SLICE_X50Y8          FDCE                                         r  u_accel/gen_nn_bitshift.u_accel/gen_hl2[21].membrane_buf/membrane_storage_reg[5][13]/D
  -------------------------------------------------------------------    -------------------

                         (clock sys_clk_pin rise edge)
                                                      0.000     0.000 r  
    E3                                                0.000     0.000 r  CLK100MHZ (IN)
                         net (fo=0)                   0.000     0.000    CLK100MHZ
    E3                   IBUF (Prop_ibuf_I_O)         0.438     0.438 r  CLK100MHZ_IBUF_inst/O
                         net (fo=1, routed)           0.699     1.136    CLK100MHZ_IBUF
    BUFGCTRL_X0Y16       BUFG (Prop_bufg_I_O)         0.029     1.165 r  CLK100MHZ_IBUF_BUFG_inst/O
                         net (fo=45271, routed)       0.904     2.069    u_accel/gen_nn_bitshift.u_accel/gen_hl2[21].membrane_buf/CLK100MHZ_IBUF_BUFG
    SLICE_X50Y8          FDCE                                         r  u_accel/gen_nn_bitshift.u_accel/gen_hl2[21].membrane_buf/membrane_storage_reg[5][13]/C
                         clock pessimism             -0.254     1.815    
    SLICE_X50Y8          FDCE (Hold_fdce_C_D)         0.059     1.874    u_accel/gen_nn_bitshift.u_accel/gen_hl2[21].membrane_buf/membrane_storage_reg[5][13]
  -------------------------------------------------------------------
                         required time                         -1.874    
                         arrival time                           1.928    
  -------------------------------------------------------------------
                         slack                                  0.054    

Slack (MET) :             0.054ns  (arrival time - required time)
  Source:                 u_accel/gen_nn_bitshift.u_accel/gen_hl2[13].hl2_lif/membrane_out_reg[4]/C
                            (rising edge-triggered cell FDCE clocked by sys_clk_pin  {rise@0.000ns fall@5.000ns period=10.000ns})
  Destination:            u_accel/gen_nn_bitshift.u_accel/gen_hl2[13].membrane_buf/membrane_storage_reg[12][4]/D
                            (rising edge-triggered cell FDCE clocked by sys_clk_pin  {rise@0.000ns fall@5.000ns period=10.000ns})
  Path Group:             sys_clk_pin
  Path Type:              Hold (Min at Fast Process Corner)
  Requirement:            0.000ns  (sys_clk_pin rise@0.000ns - sys_clk_pin rise@0.000ns)
  Data Path Delay:        0.462ns  (logic 0.141ns (30.488%)  route 0.321ns (69.512%))
  Logic Levels:           0  
  Clock Path Skew:        0.333ns (DCD - SCD - CPR)
    Destination Clock Delay (DCD):    2.076ns
    Source Clock Delay      (SCD):    1.492ns
    Clock Pessimism Removal (CPR):    0.250ns

    Location             Delay type                Incr(ns)  Path(ns)    Netlist Resource(s)
  -------------------------------------------------------------------    -------------------
                         (clock sys_clk_pin rise edge)
                                                      0.000     0.000 r  
    E3                                                0.000     0.000 r  CLK100MHZ (IN)
                         net (fo=0)                   0.000     0.000    CLK100MHZ
    E3                   IBUF (Prop_ibuf_I_O)         0.250     0.250 r  CLK100MHZ_IBUF_inst/O
                         net (fo=1, routed)           0.644     0.894    CLK100MHZ_IBUF
    BUFGCTRL_X0Y16       BUFG (Prop_bufg_I_O)         0.026     0.920 r  CLK100MHZ_IBUF_BUFG_inst/O
                         net (fo=45271, routed)       0.573     1.492    u_accel/gen_nn_bitshift.u_accel/gen_hl2[13].hl2_lif/CLK100MHZ_IBUF_BUFG
    SLICE_X29Y50         FDCE                                         r  u_accel/gen_nn_bitshift.u_accel/gen_hl2[13].hl2_lif/membrane_out_reg[4]/C
  -------------------------------------------------------------------    -------------------
    SLICE_X29Y50         FDCE (Prop_fdce_C_Q)         0.141     1.633 r  u_accel/gen_nn_bitshift.u_accel/gen_hl2[13].hl2_lif/membrane_out_reg[4]/Q
                         net (fo=20, routed)          0.321     1.955    u_accel/gen_nn_bitshift.u_accel/gen_hl2[13].membrane_buf/D[4]
    SLICE_X31Y42         FDCE                                         r  u_accel/gen_nn_bitshift.u_accel/gen_hl2[13].membrane_buf/membrane_storage_reg[12][4]/D
  -------------------------------------------------------------------    -------------------

                         (clock sys_clk_pin rise edge)
                                                      0.000     0.000 r  
    E3                                                0.000     0.000 r  CLK100MHZ (IN)
                         net (fo=0)                   0.000     0.000    CLK100MHZ
    E3                   IBUF (Prop_ibuf_I_O)         0.438     0.438 r  CLK100MHZ_IBUF_inst/O
                         net (fo=1, routed)           0.699     1.136    CLK100MHZ_IBUF
    BUFGCTRL_X0Y16       BUFG (Prop_bufg_I_O)         0.029     1.165 r  CLK100MHZ_IBUF_BUFG_inst/O
                         net (fo=45271, routed)       0.911     2.076    u_accel/gen_nn_bitshift.u_accel/gen_hl2[13].membrane_buf/CLK100MHZ_IBUF_BUFG
    SLICE_X31Y42         FDCE                                         r  u_accel/gen_nn_bitshift.u_accel/gen_hl2[13].membrane_buf/membrane_storage_reg[12][4]/C
                         clock pessimism             -0.250     1.825    
    SLICE_X31Y42         FDCE (Hold_fdce_C_D)         0.075     1.900    u_accel/gen_nn_bitshift.u_accel/gen_hl2[13].membrane_buf/membrane_storage_reg[12][4]
  -------------------------------------------------------------------
                         required time                         -1.900    
                         arrival time                           1.955    
  -------------------------------------------------------------------
                         slack                                  0.054    





Pulse Width Checks
--------------------------------------------------------------------------------------
Clock Name:         sys_clk_pin
Waveform(ns):       { 0.000 5.000 }
Period(ns):         10.000
Sources:            { CLK100MHZ }

Check Type        Corner  Lib Pin      Reference Pin  Required(ns)  Actual(ns)  Slack(ns)  Location        Pin
Min Period        n/a     BUFG/I       n/a            2.155         10.000      7.845      BUFGCTRL_X0Y16  CLK100MHZ_IBUF_BUFG_inst/I
Min Period        n/a     DSP48E1/CLK  n/a            2.154         10.000      7.846      DSP48_X1Y17     u_accel/gen_nn_bitshift.u_accel/q_accum/p_0_out/CLK
Min Period        n/a     DSP48E1/CLK  n/a            2.154         10.000      7.846      DSP48_X1Y16     u_accel/gen_nn_bitshift.u_accel/q_accum/p_0_out__0/CLK
Min Period        n/a     FDCE/C       n/a            1.000         10.000      9.000      SLICE_X38Y100   action_q_reg/C
Min Period        n/a     FDRE/C       n/a            1.000         10.000      9.000      SLICE_X0Y53     heartbeat_count_reg[0]/C
Min Period        n/a     FDRE/C       n/a            1.000         10.000      9.000      SLICE_X0Y55     heartbeat_count_reg[10]/C
Min Period        n/a     FDRE/C       n/a            1.000         10.000      9.000      SLICE_X0Y55     heartbeat_count_reg[11]/C
Min Period        n/a     FDRE/C       n/a            1.000         10.000      9.000      SLICE_X0Y56     heartbeat_count_reg[12]/C
Min Period        n/a     FDRE/C       n/a            1.000         10.000      9.000      SLICE_X0Y56     heartbeat_count_reg[13]/C
Min Period        n/a     FDRE/C       n/a            1.000         10.000      9.000      SLICE_X0Y56     heartbeat_count_reg[14]/C
Low Pulse Width   Slow    FDCE/C       n/a            0.500         5.000       4.500      SLICE_X38Y100   action_q_reg/C
Low Pulse Width   Fast    FDCE/C       n/a            0.500         5.000       4.500      SLICE_X38Y100   action_q_reg/C
Low Pulse Width   Slow    FDRE/C       n/a            0.500         5.000       4.500      SLICE_X0Y53     heartbeat_count_reg[0]/C
Low Pulse Width   Fast    FDRE/C       n/a            0.500         5.000       4.500      SLICE_X0Y53     heartbeat_count_reg[0]/C
Low Pulse Width   Slow    FDRE/C       n/a            0.500         5.000       4.500      SLICE_X0Y55     heartbeat_count_reg[10]/C
Low Pulse Width   Fast    FDRE/C       n/a            0.500         5.000       4.500      SLICE_X0Y55     heartbeat_count_reg[10]/C
Low Pulse Width   Slow    FDRE/C       n/a            0.500         5.000       4.500      SLICE_X0Y55     heartbeat_count_reg[11]/C
Low Pulse Width   Fast    FDRE/C       n/a            0.500         5.000       4.500      SLICE_X0Y55     heartbeat_count_reg[11]/C
Low Pulse Width   Slow    FDRE/C       n/a            0.500         5.000       4.500      SLICE_X0Y56     heartbeat_count_reg[12]/C
Low Pulse Width   Fast    FDRE/C       n/a            0.500         5.000       4.500      SLICE_X0Y56     heartbeat_count_reg[12]/C
High Pulse Width  Slow    FDCE/C       n/a            0.500         5.000       4.500      SLICE_X38Y100   action_q_reg/C
High Pulse Width  Fast    FDCE/C       n/a            0.500         5.000       4.500      SLICE_X38Y100   action_q_reg/C
High Pulse Width  Slow    FDRE/C       n/a            0.500         5.000       4.500      SLICE_X0Y53     heartbeat_count_reg[0]/C
High Pulse Width  Fast    FDRE/C       n/a            0.500         5.000       4.500      SLICE_X0Y53     heartbeat_count_reg[0]/C
High Pulse Width  Slow    FDRE/C       n/a            0.500         5.000       4.500      SLICE_X0Y55     heartbeat_count_reg[10]/C
High Pulse Width  Fast    FDRE/C       n/a            0.500         5.000       4.500      SLICE_X0Y55     heartbeat_count_reg[10]/C
High Pulse Width  Slow    FDRE/C       n/a            0.500         5.000       4.500      SLICE_X0Y55     heartbeat_count_reg[11]/C
High Pulse Width  Fast    FDRE/C       n/a            0.500         5.000       4.500      SLICE_X0Y55     heartbeat_count_reg[11]/C
High Pulse Width  Slow    FDRE/C       n/a            0.500         5.000       4.500      SLICE_X0Y56     heartbeat_count_reg[12]/C
High Pulse Width  Fast    FDRE/C       n/a            0.500         5.000       4.500      SLICE_X0Y56     heartbeat_count_reg[12]/C



--------------------------------------------------------------------------------------
Path Group:  (none)
From Clock:  sys_clk_pin
  To Clock:  

Max Delay             4 Endpoints
Min Delay             4 Endpoints
--------------------------------------------------------------------------------------


Max Delay Paths
--------------------------------------------------------------------------------------
Slack:                    inf
  Source:                 u_accel/u_uart_tx/tx_reg/C
                            (rising edge-triggered cell FDPE clocked by sys_clk_pin  {rise@0.000ns fall@5.000ns period=10.000ns})
  Destination:            UART_RXD_OUT
                            (output port)
  Path Group:             (none)
  Path Type:              Max at Slow Process Corner
  Data Path Delay:        8.969ns  (logic 4.073ns (45.417%)  route 4.895ns (54.583%))
  Logic Levels:           1  (OBUF=1)
  Clock Uncertainty:      0.025ns  ((TSJ^2 + TIJ^2)^1/2 + DJ) / 2 + PE
    Total System Jitter     (TSJ):    0.050ns
    Total Input Jitter      (TIJ):    0.000ns
    Discrete Jitter          (DJ):    0.000ns
    Phase Error              (PE):    0.000ns

    Location             Delay type                Incr(ns)  Path(ns)    Netlist Resource(s)
  -------------------------------------------------------------------    -------------------
                         (clock sys_clk_pin rise edge)
                                                      0.000     0.000 r  
    E3                                                0.000     0.000 r  CLK100MHZ (IN)
                         net (fo=0)                   0.000     0.000    CLK100MHZ
    E3                   IBUF (Prop_ibuf_I_O)         1.482     1.482 r  CLK100MHZ_IBUF_inst/O
                         net (fo=1, routed)           2.025     3.506    CLK100MHZ_IBUF
    BUFGCTRL_X0Y16       BUFG (Prop_bufg_I_O)         0.096     3.602 r  CLK100MHZ_IBUF_BUFG_inst/O
                         net (fo=45271, routed)       1.794     5.397    u_accel/u_uart_tx/CLK100MHZ_IBUF_BUFG
    SLICE_X38Y180        FDPE                                         r  u_accel/u_uart_tx/tx_reg/C
  -------------------------------------------------------------------    -------------------
    SLICE_X38Y180        FDPE (Prop_fdpe_C_Q)         0.518     5.915 r  u_accel/u_uart_tx/tx_reg/Q
                         net (fo=1, routed)           4.895    10.810    UART_RXD_OUT_OBUF
    D4                   OBUF (Prop_obuf_I_O)         3.555    14.365 r  UART_RXD_OUT_OBUF_inst/O
                         net (fo=0)                   0.000    14.365    UART_RXD_OUT
    D4                                                                r  UART_RXD_OUT (OUT)
  -------------------------------------------------------------------    -------------------

Slack:                    inf
  Source:                 u_accel/accel_busy_reg/C
                            (rising edge-triggered cell FDCE clocked by sys_clk_pin  {rise@0.000ns fall@5.000ns period=10.000ns})
  Destination:            LED[0]
                            (output port)
  Path Group:             (none)
  Path Type:              Max at Slow Process Corner
  Data Path Delay:        8.675ns  (logic 4.038ns (46.550%)  route 4.637ns (53.450%))
  Logic Levels:           1  (OBUF=1)
  Clock Uncertainty:      0.025ns  ((TSJ^2 + TIJ^2)^1/2 + DJ) / 2 + PE
    Total System Jitter     (TSJ):    0.050ns
    Total Input Jitter      (TIJ):    0.000ns
    Discrete Jitter          (DJ):    0.000ns
    Phase Error              (PE):    0.000ns

    Location             Delay type                Incr(ns)  Path(ns)    Netlist Resource(s)
  -------------------------------------------------------------------    -------------------
                         (clock sys_clk_pin rise edge)
                                                      0.000     0.000 r  
    E3                                                0.000     0.000 r  CLK100MHZ (IN)
                         net (fo=0)                   0.000     0.000    CLK100MHZ
    E3                   IBUF (Prop_ibuf_I_O)         1.482     1.482 r  CLK100MHZ_IBUF_inst/O
                         net (fo=1, routed)           2.025     3.506    CLK100MHZ_IBUF
    BUFGCTRL_X0Y16       BUFG (Prop_bufg_I_O)         0.096     3.602 r  CLK100MHZ_IBUF_BUFG_inst/O
                         net (fo=45271, routed)       1.804     5.407    u_accel/CLK100MHZ_IBUF_BUFG
    SLICE_X42Y155        FDCE                                         r  u_accel/accel_busy_reg/C
  -------------------------------------------------------------------    -------------------
    SLICE_X42Y155        FDCE (Prop_fdce_C_Q)         0.518     5.925 r  u_accel/accel_busy_reg/Q
                         net (fo=18, routed)          4.637    10.562    LED_OBUF[0]
    H17                  OBUF (Prop_obuf_I_O)         3.520    14.082 r  LED_OBUF[0]_inst/O
                         net (fo=0)                   0.000    14.082    LED[0]
    H17                                                               r  LED[0] (OUT)
  -------------------------------------------------------------------    -------------------

Slack:                    inf
  Source:                 action_q_reg/C
                            (rising edge-triggered cell FDCE clocked by sys_clk_pin  {rise@0.000ns fall@5.000ns period=10.000ns})
  Destination:            LED[1]
                            (output port)
  Path Group:             (none)
  Path Type:              Max at Slow Process Corner
  Data Path Delay:        6.698ns  (logic 4.053ns (60.515%)  route 2.645ns (39.485%))
  Logic Levels:           1  (OBUF=1)
  Clock Uncertainty:      0.025ns  ((TSJ^2 + TIJ^2)^1/2 + DJ) / 2 + PE
    Total System Jitter     (TSJ):    0.050ns
    Total Input Jitter      (TIJ):    0.000ns
    Discrete Jitter          (DJ):    0.000ns
    Phase Error              (PE):    0.000ns

    Location             Delay type                Incr(ns)  Path(ns)    Netlist Resource(s)
  -------------------------------------------------------------------    -------------------
                         (clock sys_clk_pin rise edge)
                                                      0.000     0.000 r  
    E3                                                0.000     0.000 r  CLK100MHZ (IN)
                         net (fo=0)                   0.000     0.000    CLK100MHZ
    E3                   IBUF (Prop_ibuf_I_O)         1.482     1.482 r  CLK100MHZ_IBUF_inst/O
                         net (fo=1, routed)           2.025     3.506    CLK100MHZ_IBUF
    BUFGCTRL_X0Y16       BUFG (Prop_bufg_I_O)         0.096     3.602 r  CLK100MHZ_IBUF_BUFG_inst/O
                         net (fo=45271, routed)       1.624     5.226    CLK100MHZ_IBUF_BUFG
    SLICE_X38Y100        FDCE                                         r  action_q_reg/C
  -------------------------------------------------------------------    -------------------
    SLICE_X38Y100        FDCE (Prop_fdce_C_Q)         0.518     5.744 r  action_q_reg/Q
                         net (fo=1, routed)           2.645     8.389    LED_OBUF[1]
    K15                  OBUF (Prop_obuf_I_O)         3.535    11.924 r  LED_OBUF[1]_inst/O
                         net (fo=0)                   0.000    11.924    LED[1]
    K15                                                               r  LED[1] (OUT)
  -------------------------------------------------------------------    -------------------

Slack:                    inf
  Source:                 heartbeat_count_reg[24]/C
                            (rising edge-triggered cell FDRE clocked by sys_clk_pin  {rise@0.000ns fall@5.000ns period=10.000ns})
  Destination:            LED[15]
                            (output port)
  Path Group:             (none)
  Path Type:              Max at Slow Process Corner
  Data Path Delay:        5.714ns  (logic 4.025ns (70.436%)  route 1.689ns (29.564%))
  Logic Levels:           1  (OBUF=1)
  Clock Uncertainty:      0.025ns  ((TSJ^2 + TIJ^2)^1/2 + DJ) / 2 + PE
    Total System Jitter     (TSJ):    0.050ns
    Total Input Jitter      (TIJ):    0.000ns
    Discrete Jitter          (DJ):    0.000ns
    Phase Error              (PE):    0.000ns

    Location             Delay type                Incr(ns)  Path(ns)    Netlist Resource(s)
  -------------------------------------------------------------------    -------------------
                         (clock sys_clk_pin rise edge)
                                                      0.000     0.000 r  
    E3                                                0.000     0.000 r  CLK100MHZ (IN)
                         net (fo=0)                   0.000     0.000    CLK100MHZ
    E3                   IBUF (Prop_ibuf_I_O)         1.482     1.482 r  CLK100MHZ_IBUF_inst/O
                         net (fo=1, routed)           2.025     3.506    CLK100MHZ_IBUF
    BUFGCTRL_X0Y16       BUFG (Prop_bufg_I_O)         0.096     3.602 r  CLK100MHZ_IBUF_BUFG_inst/O
                         net (fo=45271, routed)       1.723     5.326    CLK100MHZ_IBUF_BUFG
    SLICE_X0Y59          FDRE                                         r  heartbeat_count_reg[24]/C
  -------------------------------------------------------------------    -------------------
    SLICE_X0Y59          FDRE (Prop_fdre_C_Q)         0.456     5.782 r  heartbeat_count_reg[24]/Q
                         net (fo=2, routed)           1.689     7.471    LED_OBUF[15]
    V11                  OBUF (Prop_obuf_I_O)         3.569    11.040 r  LED_OBUF[15]_inst/O
                         net (fo=0)                   0.000    11.040    LED[15]
    V11                                                               r  LED[15] (OUT)
  -------------------------------------------------------------------    -------------------





Min Delay Paths
--------------------------------------------------------------------------------------
Slack:                    inf
  Source:                 heartbeat_count_reg[24]/C
                            (rising edge-triggered cell FDRE clocked by sys_clk_pin  {rise@0.000ns fall@5.000ns period=10.000ns})
  Destination:            LED[15]
                            (output port)
  Path Group:             (none)
  Path Type:              Min at Fast Process Corner
  Data Path Delay:        1.769ns  (logic 1.410ns (79.740%)  route 0.358ns (20.260%))
  Logic Levels:           1  (OBUF=1)
  Clock Uncertainty:      0.025ns  ((TSJ^2 + TIJ^2)^1/2 + DJ) / 2 + PE
    Total System Jitter     (TSJ):    0.050ns
    Total Input Jitter      (TIJ):    0.000ns
    Discrete Jitter          (DJ):    0.000ns
    Phase Error              (PE):    0.000ns

    Location             Delay type                Incr(ns)  Path(ns)    Netlist Resource(s)
  -------------------------------------------------------------------    -------------------
                         (clock sys_clk_pin rise edge)
                                                      0.000     0.000 r  
    E3                                                0.000     0.000 r  CLK100MHZ (IN)
                         net (fo=0)                   0.000     0.000    CLK100MHZ
    E3                   IBUF (Prop_ibuf_I_O)         0.250     0.250 r  CLK100MHZ_IBUF_inst/O
                         net (fo=1, routed)           0.644     0.894    CLK100MHZ_IBUF
    BUFGCTRL_X0Y16       BUFG (Prop_bufg_I_O)         0.026     0.920 r  CLK100MHZ_IBUF_BUFG_inst/O
                         net (fo=45271, routed)       0.603     1.522    CLK100MHZ_IBUF_BUFG
    SLICE_X0Y59          FDRE                                         r  heartbeat_count_reg[24]/C
  -------------------------------------------------------------------    -------------------
    SLICE_X0Y59          FDRE (Prop_fdre_C_Q)         0.141     1.663 r  heartbeat_count_reg[24]/Q
                         net (fo=2, routed)           0.358     2.022    LED_OBUF[15]
    V11                  OBUF (Prop_obuf_I_O)         1.269     3.291 r  LED_OBUF[15]_inst/O
                         net (fo=0)                   0.000     3.291    LED[15]
    V11                                                               r  LED[15] (OUT)
  -------------------------------------------------------------------    -------------------

Slack:                    inf
  Source:                 action_q_reg/C
                            (rising edge-triggered cell FDCE clocked by sys_clk_pin  {rise@0.000ns fall@5.000ns period=10.000ns})
  Destination:            LED[1]
                            (output port)
  Path Group:             (none)
  Path Type:              Min at Fast Process Corner
  Data Path Delay:        2.156ns  (logic 1.400ns (64.946%)  route 0.756ns (35.054%))
  Logic Levels:           1  (OBUF=1)
  Clock Uncertainty:      0.025ns  ((TSJ^2 + TIJ^2)^1/2 + DJ) / 2 + PE
    Total System Jitter     (TSJ):    0.050ns
    Total Input Jitter      (TIJ):    0.000ns
    Discrete Jitter          (DJ):    0.000ns
    Phase Error              (PE):    0.000ns

    Location             Delay type                Incr(ns)  Path(ns)    Netlist Resource(s)
  -------------------------------------------------------------------    -------------------
                         (clock sys_clk_pin rise edge)
                                                      0.000     0.000 r  
    E3                                                0.000     0.000 r  CLK100MHZ (IN)
                         net (fo=0)                   0.000     0.000    CLK100MHZ
    E3                   IBUF (Prop_ibuf_I_O)         0.250     0.250 r  CLK100MHZ_IBUF_inst/O
                         net (fo=1, routed)           0.644     0.894    CLK100MHZ_IBUF
    BUFGCTRL_X0Y16       BUFG (Prop_bufg_I_O)         0.026     0.920 r  CLK100MHZ_IBUF_BUFG_inst/O
                         net (fo=45271, routed)       0.563     1.482    CLK100MHZ_IBUF_BUFG
    SLICE_X38Y100        FDCE                                         r  action_q_reg/C
  -------------------------------------------------------------------    -------------------
    SLICE_X38Y100        FDCE (Prop_fdce_C_Q)         0.164     1.646 r  action_q_reg/Q
                         net (fo=1, routed)           0.756     2.402    LED_OBUF[1]
    K15                  OBUF (Prop_obuf_I_O)         1.236     3.638 r  LED_OBUF[1]_inst/O
                         net (fo=0)                   0.000     3.638    LED[1]
    K15                                                               r  LED[1] (OUT)
  -------------------------------------------------------------------    -------------------

Slack:                    inf
  Source:                 u_accel/accel_busy_reg/C
                            (rising edge-triggered cell FDCE clocked by sys_clk_pin  {rise@0.000ns fall@5.000ns period=10.000ns})
  Destination:            LED[0]
                            (output port)
  Path Group:             (none)
  Path Type:              Min at Fast Process Corner
  Data Path Delay:        3.078ns  (logic 1.385ns (45.003%)  route 1.693ns (54.997%))
  Logic Levels:           1  (OBUF=1)
  Clock Uncertainty:      0.025ns  ((TSJ^2 + TIJ^2)^1/2 + DJ) / 2 + PE
    Total System Jitter     (TSJ):    0.050ns
    Total Input Jitter      (TIJ):    0.000ns
    Discrete Jitter          (DJ):    0.000ns
    Phase Error              (PE):    0.000ns

    Location             Delay type                Incr(ns)  Path(ns)    Netlist Resource(s)
  -------------------------------------------------------------------    -------------------
                         (clock sys_clk_pin rise edge)
                                                      0.000     0.000 r  
    E3                                                0.000     0.000 r  CLK100MHZ (IN)
                         net (fo=0)                   0.000     0.000    CLK100MHZ
    E3                   IBUF (Prop_ibuf_I_O)         0.250     0.250 r  CLK100MHZ_IBUF_inst/O
                         net (fo=1, routed)           0.644     0.894    CLK100MHZ_IBUF
    BUFGCTRL_X0Y16       BUFG (Prop_bufg_I_O)         0.026     0.920 r  CLK100MHZ_IBUF_BUFG_inst/O
                         net (fo=45271, routed)       0.644     1.564    u_accel/CLK100MHZ_IBUF_BUFG
    SLICE_X42Y155        FDCE                                         r  u_accel/accel_busy_reg/C
  -------------------------------------------------------------------    -------------------
    SLICE_X42Y155        FDCE (Prop_fdce_C_Q)         0.164     1.728 r  u_accel/accel_busy_reg/Q
                         net (fo=18, routed)          1.693     3.421    LED_OBUF[0]
    H17                  OBUF (Prop_obuf_I_O)         1.221     4.642 r  LED_OBUF[0]_inst/O
                         net (fo=0)                   0.000     4.642    LED[0]
    H17                                                               r  LED[0] (OUT)
  -------------------------------------------------------------------    -------------------

Slack:                    inf
  Source:                 u_accel/u_uart_tx/tx_reg/C
                            (rising edge-triggered cell FDPE clocked by sys_clk_pin  {rise@0.000ns fall@5.000ns period=10.000ns})
  Destination:            UART_RXD_OUT
                            (output port)
  Path Group:             (none)
  Path Type:              Min at Fast Process Corner
  Data Path Delay:        3.283ns  (logic 1.420ns (43.247%)  route 1.863ns (56.753%))
  Logic Levels:           1  (OBUF=1)
  Clock Uncertainty:      0.025ns  ((TSJ^2 + TIJ^2)^1/2 + DJ) / 2 + PE
    Total System Jitter     (TSJ):    0.050ns
    Total Input Jitter      (TIJ):    0.000ns
    Discrete Jitter          (DJ):    0.000ns
    Phase Error              (PE):    0.000ns

    Location             Delay type                Incr(ns)  Path(ns)    Netlist Resource(s)
  -------------------------------------------------------------------    -------------------
                         (clock sys_clk_pin rise edge)
                                                      0.000     0.000 r  
    E3                                                0.000     0.000 r  CLK100MHZ (IN)
                         net (fo=0)                   0.000     0.000    CLK100MHZ
    E3                   IBUF (Prop_ibuf_I_O)         0.250     0.250 r  CLK100MHZ_IBUF_inst/O
                         net (fo=1, routed)           0.644     0.894    CLK100MHZ_IBUF
    BUFGCTRL_X0Y16       BUFG (Prop_bufg_I_O)         0.026     0.920 r  CLK100MHZ_IBUF_BUFG_inst/O
                         net (fo=45271, routed)       0.636     1.556    u_accel/u_uart_tx/CLK100MHZ_IBUF_BUFG
    SLICE_X38Y180        FDPE                                         r  u_accel/u_uart_tx/tx_reg/C
  -------------------------------------------------------------------    -------------------
    SLICE_X38Y180        FDPE (Prop_fdpe_C_Q)         0.164     1.720 r  u_accel/u_uart_tx/tx_reg/Q
                         net (fo=1, routed)           1.863     3.583    UART_RXD_OUT_OBUF
    D4                   OBUF (Prop_obuf_I_O)         1.256     4.839 r  UART_RXD_OUT_OBUF_inst/O
                         net (fo=0)                   0.000     4.839    UART_RXD_OUT
    D4                                                                r  UART_RXD_OUT (OUT)
  -------------------------------------------------------------------    -------------------





--------------------------------------------------------------------------------------
Path Group:  (none)
From Clock:  
  To Clock:  sys_clk_pin

Max Delay         45319 Endpoints
Min Delay         45319 Endpoints
--------------------------------------------------------------------------------------


Max Delay Paths
--------------------------------------------------------------------------------------
Slack:                    inf
  Source:                 CPU_RESETN
                            (input port)
  Destination:            u_accel/gen_nn_bitshift.u_accel/fc1/outputs_reg[29][6]/CLR
                            (recovery check against rising-edge clock sys_clk_pin  {rise@0.000ns fall@5.000ns period=10.000ns})
  Path Group:             (none)
  Path Type:              Recovery (Max at Slow Process Corner)
  Data Path Delay:        8.459ns  (logic 1.727ns (20.416%)  route 6.732ns (79.584%))
  Logic Levels:           3  (BUFG=1 IBUF=1 LUT1=1)
  Clock Path Skew:        5.125ns (DCD - SCD + CPR)
    Destination Clock Delay (DCD):    5.125ns
    Source Clock Delay      (SCD):    0.000ns
    Clock Pessimism Removal (CPR):    0.000ns
  Clock Uncertainty:      0.025ns  ((TSJ^2 + TIJ^2)^1/2 + DJ) / 2 + PE
    Total System Jitter     (TSJ):    0.050ns
    Total Input Jitter      (TIJ):    0.000ns
    Discrete Jitter          (DJ):    0.000ns
    Phase Error              (PE):    0.000ns

    Location             Delay type                Incr(ns)  Path(ns)    Netlist Resource(s)
  -------------------------------------------------------------------    -------------------
    C12                                               0.000     0.000 r  CPU_RESETN (IN)
                         net (fo=0)                   0.000     0.000    CPU_RESETN
    C12                  IBUF (Prop_ibuf_I_O)         1.507     1.507 r  CPU_RESETN_IBUF_inst/O
                         net (fo=24, routed)          2.021     3.528    u_accel/gen_nn_bitshift.u_accel/fc1/CPU_RESETN_IBUF
    SLICE_X51Y143        LUT1 (Prop_lut1_I0_O)        0.124     3.652 f  u_accel/gen_nn_bitshift.u_accel/fc1/FSM_onehot_state[2]_i_2/O
                         net (fo=1, routed)           2.227     5.880    u_accel/gen_nn_bitshift.u_accel/fc1/CPU_RESETN
    BUFGCTRL_X0Y0        BUFG (Prop_bufg_I_O)         0.096     5.976 f  u_accel/gen_nn_bitshift.u_accel/fc1/CPU_RESETN_BUFG_inst/O
                         net (fo=45109, routed)       2.483     8.459    u_accel/gen_nn_bitshift.u_accel/fc1/CPU_RESETN_BUFG
    SLICE_X72Y174        FDCE                                         f  u_accel/gen_nn_bitshift.u_accel/fc1/outputs_reg[29][6]/CLR
  -------------------------------------------------------------------    -------------------

                         (clock sys_clk_pin rise edge)
                                                      0.000     0.000 r  
    E3                                                0.000     0.000 r  CLK100MHZ (IN)
                         net (fo=0)                   0.000     0.000    CLK100MHZ
    E3                   IBUF (Prop_ibuf_I_O)         1.411     1.411 r  CLK100MHZ_IBUF_inst/O
                         net (fo=1, routed)           1.920     3.331    CLK100MHZ_IBUF
    BUFGCTRL_X0Y16       BUFG (Prop_bufg_I_O)         0.091     3.422 r  CLK100MHZ_IBUF_BUFG_inst/O
                         net (fo=45271, routed)       1.703     5.125    u_accel/gen_nn_bitshift.u_accel/fc1/CLK100MHZ_IBUF_BUFG
    SLICE_X72Y174        FDCE                                         r  u_accel/gen_nn_bitshift.u_accel/fc1/outputs_reg[29][6]/C

Slack:                    inf
  Source:                 CPU_RESETN
                            (input port)
  Destination:            u_accel/gen_nn_bitshift.u_accel/fc1/outputs_reg[29][7]/CLR
                            (recovery check against rising-edge clock sys_clk_pin  {rise@0.000ns fall@5.000ns period=10.000ns})
  Path Group:             (none)
  Path Type:              Recovery (Max at Slow Process Corner)
  Data Path Delay:        8.459ns  (logic 1.727ns (20.416%)  route 6.732ns (79.584%))
  Logic Levels:           3  (BUFG=1 IBUF=1 LUT1=1)
  Clock Path Skew:        5.125ns (DCD - SCD + CPR)
    Destination Clock Delay (DCD):    5.125ns
    Source Clock Delay      (SCD):    0.000ns
    Clock Pessimism Removal (CPR):    0.000ns
  Clock Uncertainty:      0.025ns  ((TSJ^2 + TIJ^2)^1/2 + DJ) / 2 + PE
    Total System Jitter     (TSJ):    0.050ns
    Total Input Jitter      (TIJ):    0.000ns
    Discrete Jitter          (DJ):    0.000ns
    Phase Error              (PE):    0.000ns

    Location             Delay type                Incr(ns)  Path(ns)    Netlist Resource(s)
  -------------------------------------------------------------------    -------------------
    C12                                               0.000     0.000 r  CPU_RESETN (IN)
                         net (fo=0)                   0.000     0.000    CPU_RESETN
    C12                  IBUF (Prop_ibuf_I_O)         1.507     1.507 r  CPU_RESETN_IBUF_inst/O
                         net (fo=24, routed)          2.021     3.528    u_accel/gen_nn_bitshift.u_accel/fc1/CPU_RESETN_IBUF
    SLICE_X51Y143        LUT1 (Prop_lut1_I0_O)        0.124     3.652 f  u_accel/gen_nn_bitshift.u_accel/fc1/FSM_onehot_state[2]_i_2/O
                         net (fo=1, routed)           2.227     5.880    u_accel/gen_nn_bitshift.u_accel/fc1/CPU_RESETN
    BUFGCTRL_X0Y0        BUFG (Prop_bufg_I_O)         0.096     5.976 f  u_accel/gen_nn_bitshift.u_accel/fc1/CPU_RESETN_BUFG_inst/O
                         net (fo=45109, routed)       2.483     8.459    u_accel/gen_nn_bitshift.u_accel/fc1/CPU_RESETN_BUFG
    SLICE_X72Y174        FDCE                                         f  u_accel/gen_nn_bitshift.u_accel/fc1/outputs_reg[29][7]/CLR
  -------------------------------------------------------------------    -------------------

                         (clock sys_clk_pin rise edge)
                                                      0.000     0.000 r  
    E3                                                0.000     0.000 r  CLK100MHZ (IN)
                         net (fo=0)                   0.000     0.000    CLK100MHZ
    E3                   IBUF (Prop_ibuf_I_O)         1.411     1.411 r  CLK100MHZ_IBUF_inst/O
                         net (fo=1, routed)           1.920     3.331    CLK100MHZ_IBUF
    BUFGCTRL_X0Y16       BUFG (Prop_bufg_I_O)         0.091     3.422 r  CLK100MHZ_IBUF_BUFG_inst/O
                         net (fo=45271, routed)       1.703     5.125    u_accel/gen_nn_bitshift.u_accel/fc1/CLK100MHZ_IBUF_BUFG
    SLICE_X72Y174        FDCE                                         r  u_accel/gen_nn_bitshift.u_accel/fc1/outputs_reg[29][7]/C

Slack:                    inf
  Source:                 CPU_RESETN
                            (input port)
  Destination:            u_accel/gen_nn_bitshift.u_accel/fc1/outputs_reg[29][8]/CLR
                            (recovery check against rising-edge clock sys_clk_pin  {rise@0.000ns fall@5.000ns period=10.000ns})
  Path Group:             (none)
  Path Type:              Recovery (Max at Slow Process Corner)
  Data Path Delay:        8.459ns  (logic 1.727ns (20.416%)  route 6.732ns (79.584%))
  Logic Levels:           3  (BUFG=1 IBUF=1 LUT1=1)
  Clock Path Skew:        5.125ns (DCD - SCD + CPR)
    Destination Clock Delay (DCD):    5.125ns
    Source Clock Delay      (SCD):    0.000ns
    Clock Pessimism Removal (CPR):    0.000ns
  Clock Uncertainty:      0.025ns  ((TSJ^2 + TIJ^2)^1/2 + DJ) / 2 + PE
    Total System Jitter     (TSJ):    0.050ns
    Total Input Jitter      (TIJ):    0.000ns
    Discrete Jitter          (DJ):    0.000ns
    Phase Error              (PE):    0.000ns

    Location             Delay type                Incr(ns)  Path(ns)    Netlist Resource(s)
  -------------------------------------------------------------------    -------------------
    C12                                               0.000     0.000 r  CPU_RESETN (IN)
                         net (fo=0)                   0.000     0.000    CPU_RESETN
    C12                  IBUF (Prop_ibuf_I_O)         1.507     1.507 r  CPU_RESETN_IBUF_inst/O
                         net (fo=24, routed)          2.021     3.528    u_accel/gen_nn_bitshift.u_accel/fc1/CPU_RESETN_IBUF
    SLICE_X51Y143        LUT1 (Prop_lut1_I0_O)        0.124     3.652 f  u_accel/gen_nn_bitshift.u_accel/fc1/FSM_onehot_state[2]_i_2/O
                         net (fo=1, routed)           2.227     5.880    u_accel/gen_nn_bitshift.u_accel/fc1/CPU_RESETN
    BUFGCTRL_X0Y0        BUFG (Prop_bufg_I_O)         0.096     5.976 f  u_accel/gen_nn_bitshift.u_accel/fc1/CPU_RESETN_BUFG_inst/O
                         net (fo=45109, routed)       2.483     8.459    u_accel/gen_nn_bitshift.u_accel/fc1/CPU_RESETN_BUFG
    SLICE_X72Y174        FDCE                                         f  u_accel/gen_nn_bitshift.u_accel/fc1/outputs_reg[29][8]/CLR
  -------------------------------------------------------------------    -------------------

                         (clock sys_clk_pin rise edge)
                                                      0.000     0.000 r  
    E3                                                0.000     0.000 r  CLK100MHZ (IN)
                         net (fo=0)                   0.000     0.000    CLK100MHZ
    E3                   IBUF (Prop_ibuf_I_O)         1.411     1.411 r  CLK100MHZ_IBUF_inst/O
                         net (fo=1, routed)           1.920     3.331    CLK100MHZ_IBUF
    BUFGCTRL_X0Y16       BUFG (Prop_bufg_I_O)         0.091     3.422 r  CLK100MHZ_IBUF_BUFG_inst/O
                         net (fo=45271, routed)       1.703     5.125    u_accel/gen_nn_bitshift.u_accel/fc1/CLK100MHZ_IBUF_BUFG
    SLICE_X72Y174        FDCE                                         r  u_accel/gen_nn_bitshift.u_accel/fc1/outputs_reg[29][8]/C

Slack:                    inf
  Source:                 CPU_RESETN
                            (input port)
  Destination:            u_accel/gen_nn_bitshift.u_accel/gen_hl1_lif[31].hl1_lif/history_buffer_reg[1][13]/CLR
                            (recovery check against rising-edge clock sys_clk_pin  {rise@0.000ns fall@5.000ns period=10.000ns})
  Path Group:             (none)
  Path Type:              Recovery (Max at Slow Process Corner)
  Data Path Delay:        8.455ns  (logic 1.727ns (20.427%)  route 6.728ns (79.573%))
  Logic Levels:           3  (BUFG=1 IBUF=1 LUT1=1)
  Clock Path Skew:        5.125ns (DCD - SCD + CPR)
    Destination Clock Delay (DCD):    5.125ns
    Source Clock Delay      (SCD):    0.000ns
    Clock Pessimism Removal (CPR):    0.000ns
  Clock Uncertainty:      0.025ns  ((TSJ^2 + TIJ^2)^1/2 + DJ) / 2 + PE
    Total System Jitter     (TSJ):    0.050ns
    Total Input Jitter      (TIJ):    0.000ns
    Discrete Jitter          (DJ):    0.000ns
    Phase Error              (PE):    0.000ns

    Location             Delay type                Incr(ns)  Path(ns)    Netlist Resource(s)
  -------------------------------------------------------------------    -------------------
    C12                                               0.000     0.000 r  CPU_RESETN (IN)
                         net (fo=0)                   0.000     0.000    CPU_RESETN
    C12                  IBUF (Prop_ibuf_I_O)         1.507     1.507 r  CPU_RESETN_IBUF_inst/O
                         net (fo=24, routed)          2.021     3.528    u_accel/gen_nn_bitshift.u_accel/fc1/CPU_RESETN_IBUF
    SLICE_X51Y143        LUT1 (Prop_lut1_I0_O)        0.124     3.652 f  u_accel/gen_nn_bitshift.u_accel/fc1/FSM_onehot_state[2]_i_2/O
                         net (fo=1, routed)           2.227     5.880    u_accel/gen_nn_bitshift.u_accel/fc1/CPU_RESETN
    BUFGCTRL_X0Y0        BUFG (Prop_bufg_I_O)         0.096     5.976 f  u_accel/gen_nn_bitshift.u_accel/fc1/CPU_RESETN_BUFG_inst/O
                         net (fo=45109, routed)       2.479     8.455    u_accel/gen_nn_bitshift.u_accel/gen_hl1_lif[31].hl1_lif/finalize_spike_reg_reg_0
    SLICE_X73Y174        FDCE                                         f  u_accel/gen_nn_bitshift.u_accel/gen_hl1_lif[31].hl1_lif/history_buffer_reg[1][13]/CLR
  -------------------------------------------------------------------    -------------------

                         (clock sys_clk_pin rise edge)
                                                      0.000     0.000 r  
    E3                                                0.000     0.000 r  CLK100MHZ (IN)
                         net (fo=0)                   0.000     0.000    CLK100MHZ
    E3                   IBUF (Prop_ibuf_I_O)         1.411     1.411 r  CLK100MHZ_IBUF_inst/O
                         net (fo=1, routed)           1.920     3.331    CLK100MHZ_IBUF
    BUFGCTRL_X0Y16       BUFG (Prop_bufg_I_O)         0.091     3.422 r  CLK100MHZ_IBUF_BUFG_inst/O
                         net (fo=45271, routed)       1.703     5.125    u_accel/gen_nn_bitshift.u_accel/gen_hl1_lif[31].hl1_lif/CLK100MHZ_IBUF_BUFG
    SLICE_X73Y174        FDCE                                         r  u_accel/gen_nn_bitshift.u_accel/gen_hl1_lif[31].hl1_lif/history_buffer_reg[1][13]/C

Slack:                    inf
  Source:                 CPU_RESETN
                            (input port)
  Destination:            u_accel/gen_nn_bitshift.u_accel/gen_hl1_lif[31].hl1_lif/history_buffer_reg[1][19]/CLR
                            (recovery check against rising-edge clock sys_clk_pin  {rise@0.000ns fall@5.000ns period=10.000ns})
  Path Group:             (none)
  Path Type:              Recovery (Max at Slow Process Corner)
  Data Path Delay:        8.455ns  (logic 1.727ns (20.427%)  route 6.728ns (79.573%))
  Logic Levels:           3  (BUFG=1 IBUF=1 LUT1=1)
  Clock Path Skew:        5.125ns (DCD - SCD + CPR)
    Destination Clock Delay (DCD):    5.125ns
    Source Clock Delay      (SCD):    0.000ns
    Clock Pessimism Removal (CPR):    0.000ns
  Clock Uncertainty:      0.025ns  ((TSJ^2 + TIJ^2)^1/2 + DJ) / 2 + PE
    Total System Jitter     (TSJ):    0.050ns
    Total Input Jitter      (TIJ):    0.000ns
    Discrete Jitter          (DJ):    0.000ns
    Phase Error              (PE):    0.000ns

    Location             Delay type                Incr(ns)  Path(ns)    Netlist Resource(s)
  -------------------------------------------------------------------    -------------------
    C12                                               0.000     0.000 r  CPU_RESETN (IN)
                         net (fo=0)                   0.000     0.000    CPU_RESETN
    C12                  IBUF (Prop_ibuf_I_O)         1.507     1.507 r  CPU_RESETN_IBUF_inst/O
                         net (fo=24, routed)          2.021     3.528    u_accel/gen_nn_bitshift.u_accel/fc1/CPU_RESETN_IBUF
    SLICE_X51Y143        LUT1 (Prop_lut1_I0_O)        0.124     3.652 f  u_accel/gen_nn_bitshift.u_accel/fc1/FSM_onehot_state[2]_i_2/O
                         net (fo=1, routed)           2.227     5.880    u_accel/gen_nn_bitshift.u_accel/fc1/CPU_RESETN
    BUFGCTRL_X0Y0        BUFG (Prop_bufg_I_O)         0.096     5.976 f  u_accel/gen_nn_bitshift.u_accel/fc1/CPU_RESETN_BUFG_inst/O
                         net (fo=45109, routed)       2.479     8.455    u_accel/gen_nn_bitshift.u_accel/gen_hl1_lif[31].hl1_lif/finalize_spike_reg_reg_0
    SLICE_X73Y174        FDCE                                         f  u_accel/gen_nn_bitshift.u_accel/gen_hl1_lif[31].hl1_lif/history_buffer_reg[1][19]/CLR
  -------------------------------------------------------------------    -------------------

                         (clock sys_clk_pin rise edge)
                                                      0.000     0.000 r  
    E3                                                0.000     0.000 r  CLK100MHZ (IN)
                         net (fo=0)                   0.000     0.000    CLK100MHZ
    E3                   IBUF (Prop_ibuf_I_O)         1.411     1.411 r  CLK100MHZ_IBUF_inst/O
                         net (fo=1, routed)           1.920     3.331    CLK100MHZ_IBUF
    BUFGCTRL_X0Y16       BUFG (Prop_bufg_I_O)         0.091     3.422 r  CLK100MHZ_IBUF_BUFG_inst/O
                         net (fo=45271, routed)       1.703     5.125    u_accel/gen_nn_bitshift.u_accel/gen_hl1_lif[31].hl1_lif/CLK100MHZ_IBUF_BUFG
    SLICE_X73Y174        FDCE                                         r  u_accel/gen_nn_bitshift.u_accel/gen_hl1_lif[31].hl1_lif/history_buffer_reg[1][19]/C

Slack:                    inf
  Source:                 CPU_RESETN
                            (input port)
  Destination:            u_accel/gen_nn_bitshift.u_accel/gen_hl1_lif[31].hl1_lif/history_buffer_reg[1][22]/CLR
                            (recovery check against rising-edge clock sys_clk_pin  {rise@0.000ns fall@5.000ns period=10.000ns})
  Path Group:             (none)
  Path Type:              Recovery (Max at Slow Process Corner)
  Data Path Delay:        8.455ns  (logic 1.727ns (20.427%)  route 6.728ns (79.573%))
  Logic Levels:           3  (BUFG=1 IBUF=1 LUT1=1)
  Clock Path Skew:        5.125ns (DCD - SCD + CPR)
    Destination Clock Delay (DCD):    5.125ns
    Source Clock Delay      (SCD):    0.000ns
    Clock Pessimism Removal (CPR):    0.000ns
  Clock Uncertainty:      0.025ns  ((TSJ^2 + TIJ^2)^1/2 + DJ) / 2 + PE
    Total System Jitter     (TSJ):    0.050ns
    Total Input Jitter      (TIJ):    0.000ns
    Discrete Jitter          (DJ):    0.000ns
    Phase Error              (PE):    0.000ns

    Location             Delay type                Incr(ns)  Path(ns)    Netlist Resource(s)
  -------------------------------------------------------------------    -------------------
    C12                                               0.000     0.000 r  CPU_RESETN (IN)
                         net (fo=0)                   0.000     0.000    CPU_RESETN
    C12                  IBUF (Prop_ibuf_I_O)         1.507     1.507 r  CPU_RESETN_IBUF_inst/O
                         net (fo=24, routed)          2.021     3.528    u_accel/gen_nn_bitshift.u_accel/fc1/CPU_RESETN_IBUF
    SLICE_X51Y143        LUT1 (Prop_lut1_I0_O)        0.124     3.652 f  u_accel/gen_nn_bitshift.u_accel/fc1/FSM_onehot_state[2]_i_2/O
                         net (fo=1, routed)           2.227     5.880    u_accel/gen_nn_bitshift.u_accel/fc1/CPU_RESETN
    BUFGCTRL_X0Y0        BUFG (Prop_bufg_I_O)         0.096     5.976 f  u_accel/gen_nn_bitshift.u_accel/fc1/CPU_RESETN_BUFG_inst/O
                         net (fo=45109, routed)       2.479     8.455    u_accel/gen_nn_bitshift.u_accel/gen_hl1_lif[31].hl1_lif/finalize_spike_reg_reg_0
    SLICE_X73Y174        FDCE                                         f  u_accel/gen_nn_bitshift.u_accel/gen_hl1_lif[31].hl1_lif/history_buffer_reg[1][22]/CLR
  -------------------------------------------------------------------    -------------------

                         (clock sys_clk_pin rise edge)
                                                      0.000     0.000 r  
    E3                                                0.000     0.000 r  CLK100MHZ (IN)
                         net (fo=0)                   0.000     0.000    CLK100MHZ
    E3                   IBUF (Prop_ibuf_I_O)         1.411     1.411 r  CLK100MHZ_IBUF_inst/O
                         net (fo=1, routed)           1.920     3.331    CLK100MHZ_IBUF
    BUFGCTRL_X0Y16       BUFG (Prop_bufg_I_O)         0.091     3.422 r  CLK100MHZ_IBUF_BUFG_inst/O
                         net (fo=45271, routed)       1.703     5.125    u_accel/gen_nn_bitshift.u_accel/gen_hl1_lif[31].hl1_lif/CLK100MHZ_IBUF_BUFG
    SLICE_X73Y174        FDCE                                         r  u_accel/gen_nn_bitshift.u_accel/gen_hl1_lif[31].hl1_lif/history_buffer_reg[1][22]/C

Slack:                    inf
  Source:                 CPU_RESETN
                            (input port)
  Destination:            u_accel/gen_nn_bitshift.u_accel/gen_hl1_lif[31].hl1_lif/history_buffer_reg[1][23]/CLR
                            (recovery check against rising-edge clock sys_clk_pin  {rise@0.000ns fall@5.000ns period=10.000ns})
  Path Group:             (none)
  Path Type:              Recovery (Max at Slow Process Corner)
  Data Path Delay:        8.455ns  (logic 1.727ns (20.427%)  route 6.728ns (79.573%))
  Logic Levels:           3  (BUFG=1 IBUF=1 LUT1=1)
  Clock Path Skew:        5.125ns (DCD - SCD + CPR)
    Destination Clock Delay (DCD):    5.125ns
    Source Clock Delay      (SCD):    0.000ns
    Clock Pessimism Removal (CPR):    0.000ns
  Clock Uncertainty:      0.025ns  ((TSJ^2 + TIJ^2)^1/2 + DJ) / 2 + PE
    Total System Jitter     (TSJ):    0.050ns
    Total Input Jitter      (TIJ):    0.000ns
    Discrete Jitter          (DJ):    0.000ns
    Phase Error              (PE):    0.000ns

    Location             Delay type                Incr(ns)  Path(ns)    Netlist Resource(s)
  -------------------------------------------------------------------    -------------------
    C12                                               0.000     0.000 r  CPU_RESETN (IN)
                         net (fo=0)                   0.000     0.000    CPU_RESETN
    C12                  IBUF (Prop_ibuf_I_O)         1.507     1.507 r  CPU_RESETN_IBUF_inst/O
                         net (fo=24, routed)          2.021     3.528    u_accel/gen_nn_bitshift.u_accel/fc1/CPU_RESETN_IBUF
    SLICE_X51Y143        LUT1 (Prop_lut1_I0_O)        0.124     3.652 f  u_accel/gen_nn_bitshift.u_accel/fc1/FSM_onehot_state[2]_i_2/O
                         net (fo=1, routed)           2.227     5.880    u_accel/gen_nn_bitshift.u_accel/fc1/CPU_RESETN
    BUFGCTRL_X0Y0        BUFG (Prop_bufg_I_O)         0.096     5.976 f  u_accel/gen_nn_bitshift.u_accel/fc1/CPU_RESETN_BUFG_inst/O
                         net (fo=45109, routed)       2.479     8.455    u_accel/gen_nn_bitshift.u_accel/gen_hl1_lif[31].hl1_lif/finalize_spike_reg_reg_0
    SLICE_X73Y174        FDCE                                         f  u_accel/gen_nn_bitshift.u_accel/gen_hl1_lif[31].hl1_lif/history_buffer_reg[1][23]/CLR
  -------------------------------------------------------------------    -------------------

                         (clock sys_clk_pin rise edge)
                                                      0.000     0.000 r  
    E3                                                0.000     0.000 r  CLK100MHZ (IN)
                         net (fo=0)                   0.000     0.000    CLK100MHZ
    E3                   IBUF (Prop_ibuf_I_O)         1.411     1.411 r  CLK100MHZ_IBUF_inst/O
                         net (fo=1, routed)           1.920     3.331    CLK100MHZ_IBUF
    BUFGCTRL_X0Y16       BUFG (Prop_bufg_I_O)         0.091     3.422 r  CLK100MHZ_IBUF_BUFG_inst/O
                         net (fo=45271, routed)       1.703     5.125    u_accel/gen_nn_bitshift.u_accel/gen_hl1_lif[31].hl1_lif/CLK100MHZ_IBUF_BUFG
    SLICE_X73Y174        FDCE                                         r  u_accel/gen_nn_bitshift.u_accel/gen_hl1_lif[31].hl1_lif/history_buffer_reg[1][23]/C

Slack:                    inf
  Source:                 CPU_RESETN
                            (input port)
  Destination:            u_accel/gen_nn_bitshift.u_accel/gen_hl1_lif[37].hl1_lif/history_buffer_reg[0][18]/CLR
                            (recovery check against rising-edge clock sys_clk_pin  {rise@0.000ns fall@5.000ns period=10.000ns})
  Path Group:             (none)
  Path Type:              Recovery (Max at Slow Process Corner)
  Data Path Delay:        8.394ns  (logic 1.727ns (20.575%)  route 6.667ns (79.425%))
  Logic Levels:           3  (BUFG=1 IBUF=1 LUT1=1)
  Clock Path Skew:        4.920ns (DCD - SCD + CPR)
    Destination Clock Delay (DCD):    4.920ns
    Source Clock Delay      (SCD):    0.000ns
    Clock Pessimism Removal (CPR):    0.000ns
  Clock Uncertainty:      0.025ns  ((TSJ^2 + TIJ^2)^1/2 + DJ) / 2 + PE
    Total System Jitter     (TSJ):    0.050ns
    Total Input Jitter      (TIJ):    0.000ns
    Discrete Jitter          (DJ):    0.000ns
    Phase Error              (PE):    0.000ns

    Location             Delay type                Incr(ns)  Path(ns)    Netlist Resource(s)
  -------------------------------------------------------------------    -------------------
    C12                                               0.000     0.000 r  CPU_RESETN (IN)
                         net (fo=0)                   0.000     0.000    CPU_RESETN
    C12                  IBUF (Prop_ibuf_I_O)         1.507     1.507 r  CPU_RESETN_IBUF_inst/O
                         net (fo=24, routed)          2.021     3.528    u_accel/gen_nn_bitshift.u_accel/fc1/CPU_RESETN_IBUF
    SLICE_X51Y143        LUT1 (Prop_lut1_I0_O)        0.124     3.652 f  u_accel/gen_nn_bitshift.u_accel/fc1/FSM_onehot_state[2]_i_2/O
                         net (fo=1, routed)           2.227     5.880    u_accel/gen_nn_bitshift.u_accel/fc1/CPU_RESETN
    BUFGCTRL_X0Y0        BUFG (Prop_bufg_I_O)         0.096     5.976 f  u_accel/gen_nn_bitshift.u_accel/fc1/CPU_RESETN_BUFG_inst/O
                         net (fo=45109, routed)       2.418     8.394    u_accel/gen_nn_bitshift.u_accel/gen_hl1_lif[37].hl1_lif/finalize_spike_reg_reg_0
    SLICE_X48Y147        FDCE                                         f  u_accel/gen_nn_bitshift.u_accel/gen_hl1_lif[37].hl1_lif/history_buffer_reg[0][18]/CLR
  -------------------------------------------------------------------    -------------------

                         (clock sys_clk_pin rise edge)
                                                      0.000     0.000 r  
    E3                                                0.000     0.000 r  CLK100MHZ (IN)
                         net (fo=0)                   0.000     0.000    CLK100MHZ
    E3                   IBUF (Prop_ibuf_I_O)         1.411     1.411 r  CLK100MHZ_IBUF_inst/O
                         net (fo=1, routed)           1.920     3.331    CLK100MHZ_IBUF
    BUFGCTRL_X0Y16       BUFG (Prop_bufg_I_O)         0.091     3.422 r  CLK100MHZ_IBUF_BUFG_inst/O
                         net (fo=45271, routed)       1.498     4.920    u_accel/gen_nn_bitshift.u_accel/gen_hl1_lif[37].hl1_lif/CLK100MHZ_IBUF_BUFG
    SLICE_X48Y147        FDCE                                         r  u_accel/gen_nn_bitshift.u_accel/gen_hl1_lif[37].hl1_lif/history_buffer_reg[0][18]/C

Slack:                    inf
  Source:                 CPU_RESETN
                            (input port)
  Destination:            u_accel/gen_nn_bitshift.u_accel/gen_hl1_lif[37].hl1_lif/history_buffer_reg[0][19]/CLR
                            (recovery check against rising-edge clock sys_clk_pin  {rise@0.000ns fall@5.000ns period=10.000ns})
  Path Group:             (none)
  Path Type:              Recovery (Max at Slow Process Corner)
  Data Path Delay:        8.394ns  (logic 1.727ns (20.575%)  route 6.667ns (79.425%))
  Logic Levels:           3  (BUFG=1 IBUF=1 LUT1=1)
  Clock Path Skew:        4.920ns (DCD - SCD + CPR)
    Destination Clock Delay (DCD):    4.920ns
    Source Clock Delay      (SCD):    0.000ns
    Clock Pessimism Removal (CPR):    0.000ns
  Clock Uncertainty:      0.025ns  ((TSJ^2 + TIJ^2)^1/2 + DJ) / 2 + PE
    Total System Jitter     (TSJ):    0.050ns
    Total Input Jitter      (TIJ):    0.000ns
    Discrete Jitter          (DJ):    0.000ns
    Phase Error              (PE):    0.000ns

    Location             Delay type                Incr(ns)  Path(ns)    Netlist Resource(s)
  -------------------------------------------------------------------    -------------------
    C12                                               0.000     0.000 r  CPU_RESETN (IN)
                         net (fo=0)                   0.000     0.000    CPU_RESETN
    C12                  IBUF (Prop_ibuf_I_O)         1.507     1.507 r  CPU_RESETN_IBUF_inst/O
                         net (fo=24, routed)          2.021     3.528    u_accel/gen_nn_bitshift.u_accel/fc1/CPU_RESETN_IBUF
    SLICE_X51Y143        LUT1 (Prop_lut1_I0_O)        0.124     3.652 f  u_accel/gen_nn_bitshift.u_accel/fc1/FSM_onehot_state[2]_i_2/O
                         net (fo=1, routed)           2.227     5.880    u_accel/gen_nn_bitshift.u_accel/fc1/CPU_RESETN
    BUFGCTRL_X0Y0        BUFG (Prop_bufg_I_O)         0.096     5.976 f  u_accel/gen_nn_bitshift.u_accel/fc1/CPU_RESETN_BUFG_inst/O
                         net (fo=45109, routed)       2.418     8.394    u_accel/gen_nn_bitshift.u_accel/gen_hl1_lif[37].hl1_lif/finalize_spike_reg_reg_0
    SLICE_X48Y147        FDCE                                         f  u_accel/gen_nn_bitshift.u_accel/gen_hl1_lif[37].hl1_lif/history_buffer_reg[0][19]/CLR
  -------------------------------------------------------------------    -------------------

                         (clock sys_clk_pin rise edge)
                                                      0.000     0.000 r  
    E3                                                0.000     0.000 r  CLK100MHZ (IN)
                         net (fo=0)                   0.000     0.000    CLK100MHZ
    E3                   IBUF (Prop_ibuf_I_O)         1.411     1.411 r  CLK100MHZ_IBUF_inst/O
                         net (fo=1, routed)           1.920     3.331    CLK100MHZ_IBUF
    BUFGCTRL_X0Y16       BUFG (Prop_bufg_I_O)         0.091     3.422 r  CLK100MHZ_IBUF_BUFG_inst/O
                         net (fo=45271, routed)       1.498     4.920    u_accel/gen_nn_bitshift.u_accel/gen_hl1_lif[37].hl1_lif/CLK100MHZ_IBUF_BUFG
    SLICE_X48Y147        FDCE                                         r  u_accel/gen_nn_bitshift.u_accel/gen_hl1_lif[37].hl1_lif/history_buffer_reg[0][19]/C

Slack:                    inf
  Source:                 CPU_RESETN
                            (input port)
  Destination:            u_accel/gen_nn_bitshift.u_accel/gen_hl1_lif[37].hl1_lif/history_buffer_reg[0][23]/CLR
                            (recovery check against rising-edge clock sys_clk_pin  {rise@0.000ns fall@5.000ns period=10.000ns})
  Path Group:             (none)
  Path Type:              Recovery (Max at Slow Process Corner)
  Data Path Delay:        8.394ns  (logic 1.727ns (20.575%)  route 6.667ns (79.425%))
  Logic Levels:           3  (BUFG=1 IBUF=1 LUT1=1)
  Clock Path Skew:        4.920ns (DCD - SCD + CPR)
    Destination Clock Delay (DCD):    4.920ns
    Source Clock Delay      (SCD):    0.000ns
    Clock Pessimism Removal (CPR):    0.000ns
  Clock Uncertainty:      0.025ns  ((TSJ^2 + TIJ^2)^1/2 + DJ) / 2 + PE
    Total System Jitter     (TSJ):    0.050ns
    Total Input Jitter      (TIJ):    0.000ns
    Discrete Jitter          (DJ):    0.000ns
    Phase Error              (PE):    0.000ns

    Location             Delay type                Incr(ns)  Path(ns)    Netlist Resource(s)
  -------------------------------------------------------------------    -------------------
    C12                                               0.000     0.000 r  CPU_RESETN (IN)
                         net (fo=0)                   0.000     0.000    CPU_RESETN
    C12                  IBUF (Prop_ibuf_I_O)         1.507     1.507 r  CPU_RESETN_IBUF_inst/O
                         net (fo=24, routed)          2.021     3.528    u_accel/gen_nn_bitshift.u_accel/fc1/CPU_RESETN_IBUF
    SLICE_X51Y143        LUT1 (Prop_lut1_I0_O)        0.124     3.652 f  u_accel/gen_nn_bitshift.u_accel/fc1/FSM_onehot_state[2]_i_2/O
                         net (fo=1, routed)           2.227     5.880    u_accel/gen_nn_bitshift.u_accel/fc1/CPU_RESETN
    BUFGCTRL_X0Y0        BUFG (Prop_bufg_I_O)         0.096     5.976 f  u_accel/gen_nn_bitshift.u_accel/fc1/CPU_RESETN_BUFG_inst/O
                         net (fo=45109, routed)       2.418     8.394    u_accel/gen_nn_bitshift.u_accel/gen_hl1_lif[37].hl1_lif/finalize_spike_reg_reg_0
    SLICE_X48Y147        FDCE                                         f  u_accel/gen_nn_bitshift.u_accel/gen_hl1_lif[37].hl1_lif/history_buffer_reg[0][23]/CLR
  -------------------------------------------------------------------    -------------------

                         (clock sys_clk_pin rise edge)
                                                      0.000     0.000 r  
    E3                                                0.000     0.000 r  CLK100MHZ (IN)
                         net (fo=0)                   0.000     0.000    CLK100MHZ
    E3                   IBUF (Prop_ibuf_I_O)         1.411     1.411 r  CLK100MHZ_IBUF_inst/O
                         net (fo=1, routed)           1.920     3.331    CLK100MHZ_IBUF
    BUFGCTRL_X0Y16       BUFG (Prop_bufg_I_O)         0.091     3.422 r  CLK100MHZ_IBUF_BUFG_inst/O
                         net (fo=45271, routed)       1.498     4.920    u_accel/gen_nn_bitshift.u_accel/gen_hl1_lif[37].hl1_lif/CLK100MHZ_IBUF_BUFG
    SLICE_X48Y147        FDCE                                         r  u_accel/gen_nn_bitshift.u_accel/gen_hl1_lif[37].hl1_lif/history_buffer_reg[0][23]/C





Min Delay Paths
--------------------------------------------------------------------------------------
Slack:                    inf
  Source:                 CPU_RESETN
                            (input port)
  Destination:            u_accel/u_ctrl/tx_frame_reg[10][2]/CE
                            (rising edge-triggered cell FDRE clocked by sys_clk_pin  {rise@0.000ns fall@5.000ns period=10.000ns})
  Path Group:             (none)
  Path Type:              Hold (Min at Fast Process Corner)
  Data Path Delay:        1.609ns  (logic 0.320ns (19.857%)  route 1.290ns (80.143%))
  Logic Levels:           2  (IBUF=1 LUT6=1)
  Clock Path Skew:        2.066ns (DCD - SCD - CPR)
    Destination Clock Delay (DCD):    2.066ns
    Source Clock Delay      (SCD):    0.000ns
    Clock Pessimism Removal (CPR):    -0.000ns

    Location             Delay type                Incr(ns)  Path(ns)    Netlist Resource(s)
  -------------------------------------------------------------------    -------------------
    C12                                               0.000     0.000 r  CPU_RESETN (IN)
                         net (fo=0)                   0.000     0.000    CPU_RESETN
    C12                  IBUF (Prop_ibuf_I_O)         0.275     0.275 r  CPU_RESETN_IBUF_inst/O
                         net (fo=24, routed)          1.162     1.436    u_accel/u_ctrl/CPU_RESETN_IBUF
    SLICE_X48Y174        LUT6 (Prop_lut6_I0_O)        0.045     1.481 r  u_accel/u_ctrl/tx_frame[10][7]_i_1/O
                         net (fo=8, routed)           0.128     1.609    u_accel/u_ctrl/tx_frame[10][7]_i_1_n_0
    SLICE_X48Y174        FDRE                                         r  u_accel/u_ctrl/tx_frame_reg[10][2]/CE
  -------------------------------------------------------------------    -------------------

                         (clock sys_clk_pin rise edge)
                                                      0.000     0.000 r  
    E3                                                0.000     0.000 r  CLK100MHZ (IN)
                         net (fo=0)                   0.000     0.000    CLK100MHZ
    E3                   IBUF (Prop_ibuf_I_O)         0.438     0.438 r  CLK100MHZ_IBUF_inst/O
                         net (fo=1, routed)           0.699     1.136    CLK100MHZ_IBUF
    BUFGCTRL_X0Y16       BUFG (Prop_bufg_I_O)         0.029     1.165 r  CLK100MHZ_IBUF_BUFG_inst/O
                         net (fo=45271, routed)       0.901     2.066    u_accel/u_ctrl/CLK100MHZ_IBUF_BUFG
    SLICE_X48Y174        FDRE                                         r  u_accel/u_ctrl/tx_frame_reg[10][2]/C

Slack:                    inf
  Source:                 CPU_RESETN
                            (input port)
  Destination:            u_accel/u_ctrl/tx_frame_reg[10][5]/CE
                            (rising edge-triggered cell FDRE clocked by sys_clk_pin  {rise@0.000ns fall@5.000ns period=10.000ns})
  Path Group:             (none)
  Path Type:              Hold (Min at Fast Process Corner)
  Data Path Delay:        1.609ns  (logic 0.320ns (19.857%)  route 1.290ns (80.143%))
  Logic Levels:           2  (IBUF=1 LUT6=1)
  Clock Path Skew:        2.066ns (DCD - SCD - CPR)
    Destination Clock Delay (DCD):    2.066ns
    Source Clock Delay      (SCD):    0.000ns
    Clock Pessimism Removal (CPR):    -0.000ns

    Location             Delay type                Incr(ns)  Path(ns)    Netlist Resource(s)
  -------------------------------------------------------------------    -------------------
    C12                                               0.000     0.000 r  CPU_RESETN (IN)
                         net (fo=0)                   0.000     0.000    CPU_RESETN
    C12                  IBUF (Prop_ibuf_I_O)         0.275     0.275 r  CPU_RESETN_IBUF_inst/O
                         net (fo=24, routed)          1.162     1.436    u_accel/u_ctrl/CPU_RESETN_IBUF
    SLICE_X48Y174        LUT6 (Prop_lut6_I0_O)        0.045     1.481 r  u_accel/u_ctrl/tx_frame[10][7]_i_1/O
                         net (fo=8, routed)           0.128     1.609    u_accel/u_ctrl/tx_frame[10][7]_i_1_n_0
    SLICE_X48Y174        FDRE                                         r  u_accel/u_ctrl/tx_frame_reg[10][5]/CE
  -------------------------------------------------------------------    -------------------

                         (clock sys_clk_pin rise edge)
                                                      0.000     0.000 r  
    E3                                                0.000     0.000 r  CLK100MHZ (IN)
                         net (fo=0)                   0.000     0.000    CLK100MHZ
    E3                   IBUF (Prop_ibuf_I_O)         0.438     0.438 r  CLK100MHZ_IBUF_inst/O
                         net (fo=1, routed)           0.699     1.136    CLK100MHZ_IBUF
    BUFGCTRL_X0Y16       BUFG (Prop_bufg_I_O)         0.029     1.165 r  CLK100MHZ_IBUF_BUFG_inst/O
                         net (fo=45271, routed)       0.901     2.066    u_accel/u_ctrl/CLK100MHZ_IBUF_BUFG
    SLICE_X48Y174        FDRE                                         r  u_accel/u_ctrl/tx_frame_reg[10][5]/C

Slack:                    inf
  Source:                 CPU_RESETN
                            (input port)
  Destination:            u_accel/u_ctrl/tx_frame_reg[10][6]/CE
                            (rising edge-triggered cell FDRE clocked by sys_clk_pin  {rise@0.000ns fall@5.000ns period=10.000ns})
  Path Group:             (none)
  Path Type:              Hold (Min at Fast Process Corner)
  Data Path Delay:        1.609ns  (logic 0.320ns (19.857%)  route 1.290ns (80.143%))
  Logic Levels:           2  (IBUF=1 LUT6=1)
  Clock Path Skew:        2.066ns (DCD - SCD - CPR)
    Destination Clock Delay (DCD):    2.066ns
    Source Clock Delay      (SCD):    0.000ns
    Clock Pessimism Removal (CPR):    -0.000ns

    Location             Delay type                Incr(ns)  Path(ns)    Netlist Resource(s)
  -------------------------------------------------------------------    -------------------
    C12                                               0.000     0.000 r  CPU_RESETN (IN)
                         net (fo=0)                   0.000     0.000    CPU_RESETN
    C12                  IBUF (Prop_ibuf_I_O)         0.275     0.275 r  CPU_RESETN_IBUF_inst/O
                         net (fo=24, routed)          1.162     1.436    u_accel/u_ctrl/CPU_RESETN_IBUF
    SLICE_X48Y174        LUT6 (Prop_lut6_I0_O)        0.045     1.481 r  u_accel/u_ctrl/tx_frame[10][7]_i_1/O
                         net (fo=8, routed)           0.128     1.609    u_accel/u_ctrl/tx_frame[10][7]_i_1_n_0
    SLICE_X48Y174        FDRE                                         r  u_accel/u_ctrl/tx_frame_reg[10][6]/CE
  -------------------------------------------------------------------    -------------------

                         (clock sys_clk_pin rise edge)
                                                      0.000     0.000 r  
    E3                                                0.000     0.000 r  CLK100MHZ (IN)
                         net (fo=0)                   0.000     0.000    CLK100MHZ
    E3                   IBUF (Prop_ibuf_I_O)         0.438     0.438 r  CLK100MHZ_IBUF_inst/O
                         net (fo=1, routed)           0.699     1.136    CLK100MHZ_IBUF
    BUFGCTRL_X0Y16       BUFG (Prop_bufg_I_O)         0.029     1.165 r  CLK100MHZ_IBUF_BUFG_inst/O
                         net (fo=45271, routed)       0.901     2.066    u_accel/u_ctrl/CLK100MHZ_IBUF_BUFG
    SLICE_X48Y174        FDRE                                         r  u_accel/u_ctrl/tx_frame_reg[10][6]/C

Slack:                    inf
  Source:                 CPU_RESETN
                            (input port)
  Destination:            u_accel/u_ctrl/tx_frame_reg[10][4]/CE
                            (rising edge-triggered cell FDRE clocked by sys_clk_pin  {rise@0.000ns fall@5.000ns period=10.000ns})
  Path Group:             (none)
  Path Type:              Hold (Min at Fast Process Corner)
  Data Path Delay:        1.713ns  (logic 0.320ns (18.656%)  route 1.393ns (81.344%))
  Logic Levels:           2  (IBUF=1 LUT6=1)
  Clock Path Skew:        2.069ns (DCD - SCD - CPR)
    Destination Clock Delay (DCD):    2.069ns
    Source Clock Delay      (SCD):    0.000ns
    Clock Pessimism Removal (CPR):    -0.000ns

    Location             Delay type                Incr(ns)  Path(ns)    Netlist Resource(s)
  -------------------------------------------------------------------    -------------------
    C12                                               0.000     0.000 r  CPU_RESETN (IN)
                         net (fo=0)                   0.000     0.000    CPU_RESETN
    C12                  IBUF (Prop_ibuf_I_O)         0.275     0.275 r  CPU_RESETN_IBUF_inst/O
                         net (fo=24, routed)          1.162     1.436    u_accel/u_ctrl/CPU_RESETN_IBUF
    SLICE_X48Y174        LUT6 (Prop_lut6_I0_O)        0.045     1.481 r  u_accel/u_ctrl/tx_frame[10][7]_i_1/O
                         net (fo=8, routed)           0.232     1.713    u_accel/u_ctrl/tx_frame[10][7]_i_1_n_0
    SLICE_X46Y172        FDRE                                         r  u_accel/u_ctrl/tx_frame_reg[10][4]/CE
  -------------------------------------------------------------------    -------------------

                         (clock sys_clk_pin rise edge)
                                                      0.000     0.000 r  
    E3                                                0.000     0.000 r  CLK100MHZ (IN)
                         net (fo=0)                   0.000     0.000    CLK100MHZ
    E3                   IBUF (Prop_ibuf_I_O)         0.438     0.438 r  CLK100MHZ_IBUF_inst/O
                         net (fo=1, routed)           0.699     1.136    CLK100MHZ_IBUF
    BUFGCTRL_X0Y16       BUFG (Prop_bufg_I_O)         0.029     1.165 r  CLK100MHZ_IBUF_BUFG_inst/O
                         net (fo=45271, routed)       0.904     2.069    u_accel/u_ctrl/CLK100MHZ_IBUF_BUFG
    SLICE_X46Y172        FDRE                                         r  u_accel/u_ctrl/tx_frame_reg[10][4]/C

Slack:                    inf
  Source:                 CPU_RESETN
                            (input port)
  Destination:            u_accel/u_ctrl/tx_frame_reg[10][7]/CE
                            (rising edge-triggered cell FDRE clocked by sys_clk_pin  {rise@0.000ns fall@5.000ns period=10.000ns})
  Path Group:             (none)
  Path Type:              Hold (Min at Fast Process Corner)
  Data Path Delay:        1.713ns  (logic 0.320ns (18.656%)  route 1.393ns (81.344%))
  Logic Levels:           2  (IBUF=1 LUT6=1)
  Clock Path Skew:        2.069ns (DCD - SCD - CPR)
    Destination Clock Delay (DCD):    2.069ns
    Source Clock Delay      (SCD):    0.000ns
    Clock Pessimism Removal (CPR):    -0.000ns

    Location             Delay type                Incr(ns)  Path(ns)    Netlist Resource(s)
  -------------------------------------------------------------------    -------------------
    C12                                               0.000     0.000 r  CPU_RESETN (IN)
                         net (fo=0)                   0.000     0.000    CPU_RESETN
    C12                  IBUF (Prop_ibuf_I_O)         0.275     0.275 r  CPU_RESETN_IBUF_inst/O
                         net (fo=24, routed)          1.162     1.436    u_accel/u_ctrl/CPU_RESETN_IBUF
    SLICE_X48Y174        LUT6 (Prop_lut6_I0_O)        0.045     1.481 r  u_accel/u_ctrl/tx_frame[10][7]_i_1/O
                         net (fo=8, routed)           0.232     1.713    u_accel/u_ctrl/tx_frame[10][7]_i_1_n_0
    SLICE_X46Y172        FDRE                                         r  u_accel/u_ctrl/tx_frame_reg[10][7]/CE
  -------------------------------------------------------------------    -------------------

                         (clock sys_clk_pin rise edge)
                                                      0.000     0.000 r  
    E3                                                0.000     0.000 r  CLK100MHZ (IN)
                         net (fo=0)                   0.000     0.000    CLK100MHZ
    E3                   IBUF (Prop_ibuf_I_O)         0.438     0.438 r  CLK100MHZ_IBUF_inst/O
                         net (fo=1, routed)           0.699     1.136    CLK100MHZ_IBUF
    BUFGCTRL_X0Y16       BUFG (Prop_bufg_I_O)         0.029     1.165 r  CLK100MHZ_IBUF_BUFG_inst/O
                         net (fo=45271, routed)       0.904     2.069    u_accel/u_ctrl/CLK100MHZ_IBUF_BUFG
    SLICE_X46Y172        FDRE                                         r  u_accel/u_ctrl/tx_frame_reg[10][7]/C

Slack:                    inf
  Source:                 CPU_RESETN
                            (input port)
  Destination:            u_accel/u_ctrl/tx_frame_reg[15][2]/R
                            (rising edge-triggered cell FDRE clocked by sys_clk_pin  {rise@0.000ns fall@5.000ns period=10.000ns})
  Path Group:             (none)
  Path Type:              Hold (Min at Fast Process Corner)
  Data Path Delay:        1.744ns  (logic 0.320ns (18.325%)  route 1.424ns (81.675%))
  Logic Levels:           2  (IBUF=1 LUT6=1)
  Clock Path Skew:        2.066ns (DCD - SCD - CPR)
    Destination Clock Delay (DCD):    2.066ns
    Source Clock Delay      (SCD):    0.000ns
    Clock Pessimism Removal (CPR):    -0.000ns

    Location             Delay type                Incr(ns)  Path(ns)    Netlist Resource(s)
  -------------------------------------------------------------------    -------------------
    C12                                               0.000     0.000 r  CPU_RESETN (IN)
                         net (fo=0)                   0.000     0.000    CPU_RESETN
    C12                  IBUF (Prop_ibuf_I_O)         0.275     0.275 r  CPU_RESETN_IBUF_inst/O
                         net (fo=24, routed)          1.233     1.507    u_accel/u_ctrl/CPU_RESETN_IBUF
    SLICE_X46Y175        LUT6 (Prop_lut6_I0_O)        0.045     1.552 r  u_accel/u_ctrl/tx_frame[15][7]_i_1/O
                         net (fo=8, routed)           0.192     1.744    u_accel/u_ctrl/tx_frame[15][7]_i_1_n_0
    SLICE_X46Y175        FDRE                                         r  u_accel/u_ctrl/tx_frame_reg[15][2]/R
  -------------------------------------------------------------------    -------------------

                         (clock sys_clk_pin rise edge)
                                                      0.000     0.000 r  
    E3                                                0.000     0.000 r  CLK100MHZ (IN)
                         net (fo=0)                   0.000     0.000    CLK100MHZ
    E3                   IBUF (Prop_ibuf_I_O)         0.438     0.438 r  CLK100MHZ_IBUF_inst/O
                         net (fo=1, routed)           0.699     1.136    CLK100MHZ_IBUF
    BUFGCTRL_X0Y16       BUFG (Prop_bufg_I_O)         0.029     1.165 r  CLK100MHZ_IBUF_BUFG_inst/O
                         net (fo=45271, routed)       0.901     2.066    u_accel/u_ctrl/CLK100MHZ_IBUF_BUFG
    SLICE_X46Y175        FDRE                                         r  u_accel/u_ctrl/tx_frame_reg[15][2]/C

Slack:                    inf
  Source:                 CPU_RESETN
                            (input port)
  Destination:            u_accel/u_ctrl/tx_frame_reg[15][4]/R
                            (rising edge-triggered cell FDRE clocked by sys_clk_pin  {rise@0.000ns fall@5.000ns period=10.000ns})
  Path Group:             (none)
  Path Type:              Hold (Min at Fast Process Corner)
  Data Path Delay:        1.744ns  (logic 0.320ns (18.325%)  route 1.424ns (81.675%))
  Logic Levels:           2  (IBUF=1 LUT6=1)
  Clock Path Skew:        2.066ns (DCD - SCD - CPR)
    Destination Clock Delay (DCD):    2.066ns
    Source Clock Delay      (SCD):    0.000ns
    Clock Pessimism Removal (CPR):    -0.000ns

    Location             Delay type                Incr(ns)  Path(ns)    Netlist Resource(s)
  -------------------------------------------------------------------    -------------------
    C12                                               0.000     0.000 r  CPU_RESETN (IN)
                         net (fo=0)                   0.000     0.000    CPU_RESETN
    C12                  IBUF (Prop_ibuf_I_O)         0.275     0.275 r  CPU_RESETN_IBUF_inst/O
                         net (fo=24, routed)          1.233     1.507    u_accel/u_ctrl/CPU_RESETN_IBUF
    SLICE_X46Y175        LUT6 (Prop_lut6_I0_O)        0.045     1.552 r  u_accel/u_ctrl/tx_frame[15][7]_i_1/O
                         net (fo=8, routed)           0.192     1.744    u_accel/u_ctrl/tx_frame[15][7]_i_1_n_0
    SLICE_X46Y175        FDRE                                         r  u_accel/u_ctrl/tx_frame_reg[15][4]/R
  -------------------------------------------------------------------    -------------------

                         (clock sys_clk_pin rise edge)
                                                      0.000     0.000 r  
    E3                                                0.000     0.000 r  CLK100MHZ (IN)
                         net (fo=0)                   0.000     0.000    CLK100MHZ
    E3                   IBUF (Prop_ibuf_I_O)         0.438     0.438 r  CLK100MHZ_IBUF_inst/O
                         net (fo=1, routed)           0.699     1.136    CLK100MHZ_IBUF
    BUFGCTRL_X0Y16       BUFG (Prop_bufg_I_O)         0.029     1.165 r  CLK100MHZ_IBUF_BUFG_inst/O
                         net (fo=45271, routed)       0.901     2.066    u_accel/u_ctrl/CLK100MHZ_IBUF_BUFG
    SLICE_X46Y175        FDRE                                         r  u_accel/u_ctrl/tx_frame_reg[15][4]/C

Slack:                    inf
  Source:                 CPU_RESETN
                            (input port)
  Destination:            u_accel/u_ctrl/tx_frame_reg[15][5]/R
                            (rising edge-triggered cell FDRE clocked by sys_clk_pin  {rise@0.000ns fall@5.000ns period=10.000ns})
  Path Group:             (none)
  Path Type:              Hold (Min at Fast Process Corner)
  Data Path Delay:        1.744ns  (logic 0.320ns (18.325%)  route 1.424ns (81.675%))
  Logic Levels:           2  (IBUF=1 LUT6=1)
  Clock Path Skew:        2.066ns (DCD - SCD - CPR)
    Destination Clock Delay (DCD):    2.066ns
    Source Clock Delay      (SCD):    0.000ns
    Clock Pessimism Removal (CPR):    -0.000ns

    Location             Delay type                Incr(ns)  Path(ns)    Netlist Resource(s)
  -------------------------------------------------------------------    -------------------
    C12                                               0.000     0.000 r  CPU_RESETN (IN)
                         net (fo=0)                   0.000     0.000    CPU_RESETN
    C12                  IBUF (Prop_ibuf_I_O)         0.275     0.275 r  CPU_RESETN_IBUF_inst/O
                         net (fo=24, routed)          1.233     1.507    u_accel/u_ctrl/CPU_RESETN_IBUF
    SLICE_X46Y175        LUT6 (Prop_lut6_I0_O)        0.045     1.552 r  u_accel/u_ctrl/tx_frame[15][7]_i_1/O
                         net (fo=8, routed)           0.192     1.744    u_accel/u_ctrl/tx_frame[15][7]_i_1_n_0
    SLICE_X46Y175        FDRE                                         r  u_accel/u_ctrl/tx_frame_reg[15][5]/R
  -------------------------------------------------------------------    -------------------

                         (clock sys_clk_pin rise edge)
                                                      0.000     0.000 r  
    E3                                                0.000     0.000 r  CLK100MHZ (IN)
                         net (fo=0)                   0.000     0.000    CLK100MHZ
    E3                   IBUF (Prop_ibuf_I_O)         0.438     0.438 r  CLK100MHZ_IBUF_inst/O
                         net (fo=1, routed)           0.699     1.136    CLK100MHZ_IBUF
    BUFGCTRL_X0Y16       BUFG (Prop_bufg_I_O)         0.029     1.165 r  CLK100MHZ_IBUF_BUFG_inst/O
                         net (fo=45271, routed)       0.901     2.066    u_accel/u_ctrl/CLK100MHZ_IBUF_BUFG
    SLICE_X46Y175        FDRE                                         r  u_accel/u_ctrl/tx_frame_reg[15][5]/C

Slack:                    inf
  Source:                 CPU_RESETN
                            (input port)
  Destination:            u_accel/u_ctrl/tx_frame_reg[15][6]/R
                            (rising edge-triggered cell FDRE clocked by sys_clk_pin  {rise@0.000ns fall@5.000ns period=10.000ns})
  Path Group:             (none)
  Path Type:              Hold (Min at Fast Process Corner)
  Data Path Delay:        1.744ns  (logic 0.320ns (18.325%)  route 1.424ns (81.675%))
  Logic Levels:           2  (IBUF=1 LUT6=1)
  Clock Path Skew:        2.066ns (DCD - SCD - CPR)
    Destination Clock Delay (DCD):    2.066ns
    Source Clock Delay      (SCD):    0.000ns
    Clock Pessimism Removal (CPR):    -0.000ns

    Location             Delay type                Incr(ns)  Path(ns)    Netlist Resource(s)
  -------------------------------------------------------------------    -------------------
    C12                                               0.000     0.000 r  CPU_RESETN (IN)
                         net (fo=0)                   0.000     0.000    CPU_RESETN
    C12                  IBUF (Prop_ibuf_I_O)         0.275     0.275 r  CPU_RESETN_IBUF_inst/O
                         net (fo=24, routed)          1.233     1.507    u_accel/u_ctrl/CPU_RESETN_IBUF
    SLICE_X46Y175        LUT6 (Prop_lut6_I0_O)        0.045     1.552 r  u_accel/u_ctrl/tx_frame[15][7]_i_1/O
                         net (fo=8, routed)           0.192     1.744    u_accel/u_ctrl/tx_frame[15][7]_i_1_n_0
    SLICE_X46Y175        FDRE                                         r  u_accel/u_ctrl/tx_frame_reg[15][6]/R
  -------------------------------------------------------------------    -------------------

                         (clock sys_clk_pin rise edge)
                                                      0.000     0.000 r  
    E3                                                0.000     0.000 r  CLK100MHZ (IN)
                         net (fo=0)                   0.000     0.000    CLK100MHZ
    E3                   IBUF (Prop_ibuf_I_O)         0.438     0.438 r  CLK100MHZ_IBUF_inst/O
                         net (fo=1, routed)           0.699     1.136    CLK100MHZ_IBUF
    BUFGCTRL_X0Y16       BUFG (Prop_bufg_I_O)         0.029     1.165 r  CLK100MHZ_IBUF_BUFG_inst/O
                         net (fo=45271, routed)       0.901     2.066    u_accel/u_ctrl/CLK100MHZ_IBUF_BUFG
    SLICE_X46Y175        FDRE                                         r  u_accel/u_ctrl/tx_frame_reg[15][6]/C

Slack:                    inf
  Source:                 CPU_RESETN
                            (input port)
  Destination:            u_accel/u_ctrl/tx_frame_reg[10][0]/CE
                            (rising edge-triggered cell FDRE clocked by sys_clk_pin  {rise@0.000ns fall@5.000ns period=10.000ns})
  Path Group:             (none)
  Path Type:              Hold (Min at Fast Process Corner)
  Data Path Delay:        1.763ns  (logic 0.320ns (18.126%)  route 1.444ns (81.874%))
  Logic Levels:           2  (IBUF=1 LUT6=1)
  Clock Path Skew:        2.072ns (DCD - SCD - CPR)
    Destination Clock Delay (DCD):    2.072ns
    Source Clock Delay      (SCD):    0.000ns
    Clock Pessimism Removal (CPR):    -0.000ns

    Location             Delay type                Incr(ns)  Path(ns)    Netlist Resource(s)
  -------------------------------------------------------------------    -------------------
    C12                                               0.000     0.000 r  CPU_RESETN (IN)
                         net (fo=0)                   0.000     0.000    CPU_RESETN
    C12                  IBUF (Prop_ibuf_I_O)         0.275     0.275 r  CPU_RESETN_IBUF_inst/O
                         net (fo=24, routed)          1.162     1.436    u_accel/u_ctrl/CPU_RESETN_IBUF
    SLICE_X48Y174        LUT6 (Prop_lut6_I0_O)        0.045     1.481 r  u_accel/u_ctrl/tx_frame[10][7]_i_1/O
                         net (fo=8, routed)           0.282     1.763    u_accel/u_ctrl/tx_frame[10][7]_i_1_n_0
    SLICE_X40Y172        FDRE                                         r  u_accel/u_ctrl/tx_frame_reg[10][0]/CE
  -------------------------------------------------------------------    -------------------

                         (clock sys_clk_pin rise edge)
                                                      0.000     0.000 r  
    E3                                                0.000     0.000 r  CLK100MHZ (IN)
                         net (fo=0)                   0.000     0.000    CLK100MHZ
    E3                   IBUF (Prop_ibuf_I_O)         0.438     0.438 r  CLK100MHZ_IBUF_inst/O
                         net (fo=1, routed)           0.699     1.136    CLK100MHZ_IBUF
    BUFGCTRL_X0Y16       BUFG (Prop_bufg_I_O)         0.029     1.165 r  CLK100MHZ_IBUF_BUFG_inst/O
                         net (fo=45271, routed)       0.907     2.072    u_accel/u_ctrl/CLK100MHZ_IBUF_BUFG
    SLICE_X40Y172        FDRE                                         r  u_accel/u_ctrl/tx_frame_reg[10][0]/C





