Copyright 1986-2022 Xilinx, Inc. All Rights Reserved. Copyright 2022-2025 Advanced Micro Devices, Inc. All Rights Reserved.
---------------------------------------------------------------------------------------------------------------------------------------------------------------------------------------------------------------------------------------------------------------------
| Tool Version : Vivado v.2025.1 (lin64) Build 6140274 Wed May 21 22:58:25 MDT 2025
| Date         : Fri May 29 08:15:08 2026
| Host         : niklas.ece.pdx.edu running 64-bit Pop!_OS 22.04 LTS
| Command      : report_timing_summary -max_paths 10 -routable_nets -report_unconstrained -file board_top_lif_32_32_timing_summary_routed.rpt -pb board_top_lif_32_32_timing_summary_routed.pb -rpx board_top_lif_32_32_timing_summary_routed.rpx -warn_on_violation
| Design       : board_top_lif_32_32
| Device       : 7a100t-csg324
| Speed File   : -1  PRODUCTION 1.23 2018-06-13
| Design State : Routed
---------------------------------------------------------------------------------------------------------------------------------------------------------------------------------------------------------------------------------------------------------------------

Timing Summary Report

------------------------------------------------------------------------------------------------
| Timer Settings
| --------------
------------------------------------------------------------------------------------------------

  Enable Multi Corner Analysis               :  Yes
  Enable Pessimism Removal                   :  Yes
  Pessimism Removal Resolution               :  Nearest Common Node
  Enable Input Delay Default Clock           :  No
  Enable Preset / Clear Arcs                 :  No
  Disable Flight Delays                      :  No
  Ignore I/O Paths                           :  No
  Timing Early Launch at Borrowing Latches   :  No
  Borrow Time for Max Delay Exceptions       :  Yes
  Merge Timing Exceptions                    :  Yes
  Inter-SLR Compensation                     :  Conservative

  Corner  Analyze    Analyze    
  Name    Max Paths  Min Paths  
  ------  ---------  ---------  
  Slow    Yes        Yes        
  Fast    Yes        Yes        


------------------------------------------------------------------------------------------------
| Report Methodology
| ------------------
------------------------------------------------------------------------------------------------

Rule       Severity  Description                    Violations  
---------  --------  -----------------------------  ----------  
DPIR-1     Warning   Asynchronous driver check      3171        
TIMING-18  Warning   Missing input or output delay  19          

Note: This report is based on the most recent report_methodology run and may not be up-to-date. Run report_methodology on the current design for the latest report.



check_timing report

Table of Contents
-----------------
1. checking no_clock (0)
2. checking constant_clock (0)
3. checking pulse_width_clock (0)
4. checking unconstrained_internal_endpoints (0)
5. checking no_input_delay (2)
6. checking no_output_delay (4)
7. checking multiple_clock (0)
8. checking generated_clocks (0)
9. checking loops (0)
10. checking partial_input_delay (0)
11. checking partial_output_delay (0)
12. checking latch_loops (0)

1. checking no_clock (0)
------------------------
 There are 0 register/latch pins with no clock.


2. checking constant_clock (0)
------------------------------
 There are 0 register/latch pins with constant_clock.


3. checking pulse_width_clock (0)
---------------------------------
 There are 0 register/latch pins which need pulse_width check


4. checking unconstrained_internal_endpoints (0)
------------------------------------------------
 There are 0 pins that are not constrained for maximum delay.

 There are 0 pins that are not constrained for maximum delay due to constant clock.


5. checking no_input_delay (2)
------------------------------
 There are 2 input ports with no input delay specified. (HIGH)

 There are 0 input ports with no input delay but user has a false path constraint.


6. checking no_output_delay (4)
-------------------------------
 There are 4 ports with no output delay specified. (HIGH)

 There are 0 ports with no output delay but user has a false path constraint

 There are 0 ports with no output delay but with a timing clock defined on it or propagating through it


7. checking multiple_clock (0)
------------------------------
 There are 0 register/latch pins with multiple clocks.


8. checking generated_clocks (0)
--------------------------------
 There are 0 generated clocks that are not connected to a clock source.


9. checking loops (0)
---------------------
 There are 0 combinational loops in the design.


10. checking partial_input_delay (0)
------------------------------------
 There are 0 input ports with partial input delay specified.


11. checking partial_output_delay (0)
-------------------------------------
 There are 0 ports with partial output delay specified.


12. checking latch_loops (0)
----------------------------
 There are 0 combinational latch loops in the design through latch input



------------------------------------------------------------------------------------------------
| Design Timing Summary
| ---------------------
------------------------------------------------------------------------------------------------

    WNS(ns)      TNS(ns)  TNS Failing Endpoints  TNS Total Endpoints      WHS(ns)      THS(ns)  THS Failing Endpoints  THS Total Endpoints     WPWS(ns)     TPWS(ns)  TPWS Failing Endpoints  TPWS Total Endpoints  
    -------      -------  ---------------------  -------------------      -------      -------  ---------------------  -------------------     --------     --------  ----------------------  --------------------  
      0.060        0.000                      0                41008        0.005        0.000                      0                41008        4.500        0.000                       0                 20886  


All user specified timing constraints are met.


------------------------------------------------------------------------------------------------
| Clock Summary
| -------------
------------------------------------------------------------------------------------------------

Clock        Waveform(ns)       Period(ns)      Frequency(MHz)
-----        ------------       ----------      --------------
sys_clk_pin  {0.000 5.000}      10.000          100.000         


------------------------------------------------------------------------------------------------
| Intra Clock Table
| -----------------
------------------------------------------------------------------------------------------------

Clock             WNS(ns)      TNS(ns)  TNS Failing Endpoints  TNS Total Endpoints      WHS(ns)      THS(ns)  THS Failing Endpoints  THS Total Endpoints     WPWS(ns)     TPWS(ns)  TPWS Failing Endpoints  TPWS Total Endpoints  
-----             -------      -------  ---------------------  -------------------      -------      -------  ---------------------  -------------------     --------     --------  ----------------------  --------------------  
sys_clk_pin         0.060        0.000                      0                41008        0.005        0.000                      0                41008        4.500        0.000                       0                 20886  


------------------------------------------------------------------------------------------------
| Inter Clock Table
| -----------------
------------------------------------------------------------------------------------------------

From Clock    To Clock          WNS(ns)      TNS(ns)  TNS Failing Endpoints  TNS Total Endpoints      WHS(ns)      THS(ns)  THS Failing Endpoints  THS Total Endpoints  
----------    --------          -------      -------  ---------------------  -------------------      -------      -------  ---------------------  -------------------  


------------------------------------------------------------------------------------------------
| Other Path Groups Table
| -----------------------
------------------------------------------------------------------------------------------------

Path Group    From Clock    To Clock          WNS(ns)      TNS(ns)  TNS Failing Endpoints  TNS Total Endpoints      WHS(ns)      THS(ns)  THS Failing Endpoints  THS Total Endpoints  
----------    ----------    --------          -------      -------  ---------------------  -------------------      -------      -------  ---------------------  -------------------  


------------------------------------------------------------------------------------------------
| User Ignored Path Table
| -----------------------
------------------------------------------------------------------------------------------------

Path Group    From Clock    To Clock    
----------    ----------    --------    


------------------------------------------------------------------------------------------------
| Unconstrained Path Table
| ------------------------
------------------------------------------------------------------------------------------------

Path Group    From Clock    To Clock    
----------    ----------    --------    
(none)        sys_clk_pin                 
(none)                      sys_clk_pin   


------------------------------------------------------------------------------------------------
| Timing Details
| --------------
------------------------------------------------------------------------------------------------


---------------------------------------------------------------------------------------------------
From Clock:  sys_clk_pin
  To Clock:  sys_clk_pin

Setup :            0  Failing Endpoints,  Worst Slack        0.060ns,  Total Violation        0.000ns
Hold  :            0  Failing Endpoints,  Worst Slack        0.005ns,  Total Violation        0.000ns
PW    :            0  Failing Endpoints,  Worst Slack        4.500ns,  Total Violation        0.000ns
---------------------------------------------------------------------------------------------------


Max Delay Paths
--------------------------------------------------------------------------------------
Slack (MET) :             0.060ns  (required time - arrival time)
  Source:                 u_accel/gen_nn_standard.u_accel/gen_hl1_lif[28].hl1_lif/membrane_potential_reg[23]/C
                            (rising edge-triggered cell FDCE clocked by sys_clk_pin  {rise@0.000ns fall@5.000ns period=10.000ns})
  Destination:            u_accel/gen_nn_standard.u_accel/gen_hl1_lif[28].hl1_lif/spike_prev_reg/D
                            (rising edge-triggered cell FDCE clocked by sys_clk_pin  {rise@0.000ns fall@5.000ns period=10.000ns})
  Path Group:             sys_clk_pin
  Path Type:              Setup (Max at Slow Process Corner)
  Requirement:            10.000ns  (sys_clk_pin rise@10.000ns - sys_clk_pin rise@0.000ns)
  Data Path Delay:        9.902ns  (logic 6.783ns (68.498%)  route 3.119ns (31.502%))
  Logic Levels:           10  (CARRY4=6 DSP48E1=1 LUT2=3)
  Clock Path Skew:        -0.034ns (DCD - SCD + CPR)
    Destination Clock Delay (DCD):    4.939ns = ( 14.939 - 10.000 ) 
    Source Clock Delay      (SCD):    5.232ns
    Clock Pessimism Removal (CPR):    0.259ns
  Clock Uncertainty:      0.035ns  ((TSJ^2 + TIJ^2)^1/2 + DJ) / 2 + PE
    Total System Jitter     (TSJ):    0.071ns
    Total Input Jitter      (TIJ):    0.000ns
    Discrete Jitter          (DJ):    0.000ns
    Phase Error              (PE):    0.000ns

    Location             Delay type                Incr(ns)  Path(ns)    Netlist Resource(s)
  -------------------------------------------------------------------    -------------------
                         (clock sys_clk_pin rise edge)
                                                      0.000     0.000 r  
    E3                                                0.000     0.000 r  CLK100MHZ (IN)
                         net (fo=0)                   0.000     0.000    CLK100MHZ
    E3                   IBUF (Prop_ibuf_I_O)         1.482     1.482 r  CLK100MHZ_IBUF_inst/O
                         net (fo=1, routed)           2.025     3.506    CLK100MHZ_IBUF
    BUFGCTRL_X0Y16       BUFG (Prop_bufg_I_O)         0.096     3.602 r  CLK100MHZ_IBUF_BUFG_inst/O
                         net (fo=20885, routed)       1.629     5.232    u_accel/gen_nn_standard.u_accel/gen_hl1_lif[28].hl1_lif/CLK100MHZ_IBUF_BUFG
    SLICE_X14Y77         FDCE                                         r  u_accel/gen_nn_standard.u_accel/gen_hl1_lif[28].hl1_lif/membrane_potential_reg[23]/C
  -------------------------------------------------------------------    -------------------
    SLICE_X14Y77         FDCE (Prop_fdce_C_Q)         0.478     5.710 r  u_accel/gen_nn_standard.u_accel/gen_hl1_lif[28].hl1_lif/membrane_potential_reg[23]/Q
                         net (fo=7, routed)           0.768     6.478    u_accel/gen_nn_standard.u_accel/gen_hl1_lif[28].hl1_lif/membrane_potential_reg_n_0_[23]
    DSP48_X0Y30          DSP48E1 (Prop_dsp48e1_A[28]_P[8])
                                                      4.012    10.490 r  u_accel/gen_nn_standard.u_accel/gen_hl1_lif[28].hl1_lif/membrane_potential3/P[8]
                         net (fo=2, routed)           0.931    11.421    u_accel/gen_nn_standard.u_accel/gen_hl1_lif[28].hl1_lif/membrane_potential2[1]
    SLICE_X12Y75         LUT2 (Prop_lut2_I0_O)        0.124    11.545 r  u_accel/gen_nn_standard.u_accel/gen_hl1_lif[28].hl1_lif/membrane_potential[3]_i_5__29/O
                         net (fo=1, routed)           0.000    11.545    u_accel/gen_nn_standard.u_accel/gen_hl1_lif[28].hl1_lif/membrane_potential[3]_i_5__29_n_0
    SLICE_X12Y75         CARRY4 (Prop_carry4_S[1]_CO[3])
                                                      0.533    12.078 r  u_accel/gen_nn_standard.u_accel/gen_hl1_lif[28].hl1_lif/membrane_potential_reg[3]_i_2__29/CO[3]
                         net (fo=1, routed)           0.000    12.078    u_accel/gen_nn_standard.u_accel/gen_hl1_lif[28].hl1_lif/membrane_potential_reg[3]_i_2__29_n_0
    SLICE_X12Y76         CARRY4 (Prop_carry4_CI_CO[3])
                                                      0.117    12.195 r  u_accel/gen_nn_standard.u_accel/gen_hl1_lif[28].hl1_lif/membrane_potential_reg[7]_i_2__29/CO[3]
                         net (fo=1, routed)           0.000    12.195    u_accel/gen_nn_standard.u_accel/gen_hl1_lif[28].hl1_lif/membrane_potential_reg[7]_i_2__29_n_0
    SLICE_X12Y77         CARRY4 (Prop_carry4_CI_CO[3])
                                                      0.117    12.312 r  u_accel/gen_nn_standard.u_accel/gen_hl1_lif[28].hl1_lif/membrane_potential_reg[11]_i_2__29/CO[3]
                         net (fo=1, routed)           0.000    12.312    u_accel/gen_nn_standard.u_accel/gen_hl1_lif[28].hl1_lif/membrane_potential_reg[11]_i_2__29_n_0
    SLICE_X12Y78         CARRY4 (Prop_carry4_CI_CO[3])
                                                      0.117    12.429 r  u_accel/gen_nn_standard.u_accel/gen_hl1_lif[28].hl1_lif/membrane_potential_reg[15]_i_2__29/CO[3]
                         net (fo=1, routed)           0.000    12.429    u_accel/gen_nn_standard.u_accel/gen_hl1_lif[28].hl1_lif/membrane_potential_reg[15]_i_2__29_n_0
    SLICE_X12Y79         CARRY4 (Prop_carry4_CI_O[1])
                                                      0.323    12.752 f  u_accel/gen_nn_standard.u_accel/gen_hl1_lif[28].hl1_lif/membrane_potential_reg[19]_i_2__29/O[1]
                         net (fo=3, routed)           0.816    13.568    u_accel/gen_nn_standard.u_accel/gen_hl1_lif[28].hl1_lif/membrane_potential0[17]
    SLICE_X11Y78         LUT2 (Prop_lut2_I1_O)        0.306    13.874 r  u_accel/gen_nn_standard.u_accel/gen_hl1_lif[28].hl1_lif/spike_prev_i_11__29/O
                         net (fo=1, routed)           0.000    13.874    u_accel/gen_nn_standard.u_accel/gen_hl1_lif[28].hl1_lif/spike_prev_i_11__29_n_0
    SLICE_X11Y78         CARRY4 (Prop_carry4_S[0]_CO[3])
                                                      0.532    14.406 r  u_accel/gen_nn_standard.u_accel/gen_hl1_lif[28].hl1_lif/spike_prev_reg_i_2__29/CO[3]
                         net (fo=1, routed)           0.605    15.010    u_accel/gen_nn_standard.u_accel/gen_hl1_lif[28].hl1_lif/next_spike
    SLICE_X11Y79         LUT2 (Prop_lut2_I0_O)        0.124    15.134 r  u_accel/gen_nn_standard.u_accel/gen_hl1_lif[28].hl1_lif/spike_prev_i_1__55/O
                         net (fo=1, routed)           0.000    15.134    u_accel/gen_nn_standard.u_accel/gen_hl1_lif[28].hl1_lif/spike_prev_i_1__55_n_0
    SLICE_X11Y79         FDCE                                         r  u_accel/gen_nn_standard.u_accel/gen_hl1_lif[28].hl1_lif/spike_prev_reg/D
  -------------------------------------------------------------------    -------------------

                         (clock sys_clk_pin rise edge)
                                                     10.000    10.000 r  
    E3                                                0.000    10.000 r  CLK100MHZ (IN)
                         net (fo=0)                   0.000    10.000    CLK100MHZ
    E3                   IBUF (Prop_ibuf_I_O)         1.411    11.411 r  CLK100MHZ_IBUF_inst/O
                         net (fo=1, routed)           1.920    13.331    CLK100MHZ_IBUF
    BUFGCTRL_X0Y16       BUFG (Prop_bufg_I_O)         0.091    13.422 r  CLK100MHZ_IBUF_BUFG_inst/O
                         net (fo=20885, routed)       1.516    14.939    u_accel/gen_nn_standard.u_accel/gen_hl1_lif[28].hl1_lif/CLK100MHZ_IBUF_BUFG
    SLICE_X11Y79         FDCE                                         r  u_accel/gen_nn_standard.u_accel/gen_hl1_lif[28].hl1_lif/spike_prev_reg/C
                         clock pessimism              0.259    15.198    
                         clock uncertainty           -0.035    15.162    
    SLICE_X11Y79         FDCE (Setup_fdce_C_D)        0.032    15.194    u_accel/gen_nn_standard.u_accel/gen_hl1_lif[28].hl1_lif/spike_prev_reg
  -------------------------------------------------------------------
                         required time                         15.194    
                         arrival time                         -15.134    
  -------------------------------------------------------------------
                         slack                                  0.060    

Slack (MET) :             0.126ns  (required time - arrival time)
  Source:                 u_accel/gen_nn_standard.u_accel/gen_hl2[21].hl2_lif/membrane_potential_reg[23]/C
                            (rising edge-triggered cell FDCE clocked by sys_clk_pin  {rise@0.000ns fall@5.000ns period=10.000ns})
  Destination:            u_accel/gen_nn_standard.u_accel/gen_hl2[21].hl2_lif/spike_prev_reg/D
                            (rising edge-triggered cell FDCE clocked by sys_clk_pin  {rise@0.000ns fall@5.000ns period=10.000ns})
  Path Group:             sys_clk_pin
  Path Type:              Setup (Max at Slow Process Corner)
  Requirement:            10.000ns  (sys_clk_pin rise@10.000ns - sys_clk_pin rise@0.000ns)
  Data Path Delay:        9.898ns  (logic 6.784ns (68.542%)  route 3.114ns (31.458%))
  Logic Levels:           10  (CARRY4=6 DSP48E1=1 LUT2=3)
  Clock Path Skew:        -0.020ns (DCD - SCD + CPR)
    Destination Clock Delay (DCD):    5.103ns = ( 15.103 - 10.000 ) 
    Source Clock Delay      (SCD):    5.406ns
    Clock Pessimism Removal (CPR):    0.282ns
  Clock Uncertainty:      0.035ns  ((TSJ^2 + TIJ^2)^1/2 + DJ) / 2 + PE
    Total System Jitter     (TSJ):    0.071ns
    Total Input Jitter      (TIJ):    0.000ns
    Discrete Jitter          (DJ):    0.000ns
    Phase Error              (PE):    0.000ns

    Location             Delay type                Incr(ns)  Path(ns)    Netlist Resource(s)
  -------------------------------------------------------------------    -------------------
                         (clock sys_clk_pin rise edge)
                                                      0.000     0.000 r  
    E3                                                0.000     0.000 r  CLK100MHZ (IN)
                         net (fo=0)                   0.000     0.000    CLK100MHZ
    E3                   IBUF (Prop_ibuf_I_O)         1.482     1.482 r  CLK100MHZ_IBUF_inst/O
                         net (fo=1, routed)           2.025     3.506    CLK100MHZ_IBUF
    BUFGCTRL_X0Y16       BUFG (Prop_bufg_I_O)         0.096     3.602 r  CLK100MHZ_IBUF_BUFG_inst/O
                         net (fo=20885, routed)       1.803     5.406    u_accel/gen_nn_standard.u_accel/gen_hl2[21].hl2_lif/CLK100MHZ_IBUF_BUFG
    SLICE_X10Y27         FDCE                                         r  u_accel/gen_nn_standard.u_accel/gen_hl2[21].hl2_lif/membrane_potential_reg[23]/C
  -------------------------------------------------------------------    -------------------
    SLICE_X10Y27         FDCE (Prop_fdce_C_Q)         0.478     5.884 r  u_accel/gen_nn_standard.u_accel/gen_hl2[21].hl2_lif/membrane_potential_reg[23]/Q
                         net (fo=27, routed)          0.630     6.514    u_accel/gen_nn_standard.u_accel/gen_hl2[21].hl2_lif/membrane_out[23]
    DSP48_X0Y11          DSP48E1 (Prop_dsp48e1_A[27]_P[8])
                                                      4.013    10.527 r  u_accel/gen_nn_standard.u_accel/gen_hl2[21].hl2_lif/membrane_potential3/P[8]
                         net (fo=2, routed)           0.931    11.457    u_accel/gen_nn_standard.u_accel/gen_hl2[21].hl2_lif/membrane_potential2[1]
    SLICE_X12Y25         LUT2 (Prop_lut2_I0_O)        0.124    11.581 r  u_accel/gen_nn_standard.u_accel/gen_hl2[21].hl2_lif/membrane_potential[3]_i_5__3/O
                         net (fo=1, routed)           0.000    11.581    u_accel/gen_nn_standard.u_accel/gen_hl2[21].hl2_lif/membrane_potential[3]_i_5__3_n_0
    SLICE_X12Y25         CARRY4 (Prop_carry4_S[1]_CO[3])
                                                      0.533    12.114 r  u_accel/gen_nn_standard.u_accel/gen_hl2[21].hl2_lif/membrane_potential_reg[3]_i_2__3/CO[3]
                         net (fo=1, routed)           0.000    12.114    u_accel/gen_nn_standard.u_accel/gen_hl2[21].hl2_lif/membrane_potential_reg[3]_i_2__3_n_0
    SLICE_X12Y26         CARRY4 (Prop_carry4_CI_CO[3])
                                                      0.117    12.231 r  u_accel/gen_nn_standard.u_accel/gen_hl2[21].hl2_lif/membrane_potential_reg[7]_i_2__3/CO[3]
                         net (fo=1, routed)           0.000    12.231    u_accel/gen_nn_standard.u_accel/gen_hl2[21].hl2_lif/membrane_potential_reg[7]_i_2__3_n_0
    SLICE_X12Y27         CARRY4 (Prop_carry4_CI_CO[3])
                                                      0.117    12.348 r  u_accel/gen_nn_standard.u_accel/gen_hl2[21].hl2_lif/membrane_potential_reg[11]_i_2__3/CO[3]
                         net (fo=1, routed)           0.000    12.348    u_accel/gen_nn_standard.u_accel/gen_hl2[21].hl2_lif/membrane_potential_reg[11]_i_2__3_n_0
    SLICE_X12Y28         CARRY4 (Prop_carry4_CI_CO[3])
                                                      0.117    12.465 r  u_accel/gen_nn_standard.u_accel/gen_hl2[21].hl2_lif/membrane_potential_reg[15]_i_2__3/CO[3]
                         net (fo=1, routed)           0.000    12.465    u_accel/gen_nn_standard.u_accel/gen_hl2[21].hl2_lif/membrane_potential_reg[15]_i_2__3_n_0
    SLICE_X12Y29         CARRY4 (Prop_carry4_CI_O[1])
                                                      0.323    12.788 f  u_accel/gen_nn_standard.u_accel/gen_hl2[21].hl2_lif/membrane_potential_reg[19]_i_2__3/O[1]
                         net (fo=3, routed)           0.822    13.611    u_accel/gen_nn_standard.u_accel/gen_hl2[21].hl2_lif/membrane_potential0[17]
    SLICE_X11Y28         LUT2 (Prop_lut2_I1_O)        0.306    13.917 r  u_accel/gen_nn_standard.u_accel/gen_hl2[21].hl2_lif/spike_prev_i_11__3/O
                         net (fo=1, routed)           0.000    13.917    u_accel/gen_nn_standard.u_accel/gen_hl2[21].hl2_lif/spike_prev_i_11__3_n_0
    SLICE_X11Y28         CARRY4 (Prop_carry4_S[0]_CO[3])
                                                      0.532    14.449 r  u_accel/gen_nn_standard.u_accel/gen_hl2[21].hl2_lif/spike_prev_reg_i_2__3/CO[3]
                         net (fo=1, routed)           0.731    15.179    u_accel/gen_nn_standard.u_accel/gen_hl2[21].hl2_lif/next_spike
    SLICE_X10Y28         LUT2 (Prop_lut2_I0_O)        0.124    15.303 r  u_accel/gen_nn_standard.u_accel/gen_hl2[21].hl2_lif/spike_prev_i_1__1/O
                         net (fo=1, routed)           0.000    15.303    u_accel/gen_nn_standard.u_accel/gen_hl2[21].hl2_lif/spike_prev_i_1__1_n_0
    SLICE_X10Y28         FDCE                                         r  u_accel/gen_nn_standard.u_accel/gen_hl2[21].hl2_lif/spike_prev_reg/D
  -------------------------------------------------------------------    -------------------

                         (clock sys_clk_pin rise edge)
                                                     10.000    10.000 r  
    E3                                                0.000    10.000 r  CLK100MHZ (IN)
                         net (fo=0)                   0.000    10.000    CLK100MHZ
    E3                   IBUF (Prop_ibuf_I_O)         1.411    11.411 r  CLK100MHZ_IBUF_inst/O
                         net (fo=1, routed)           1.920    13.331    CLK100MHZ_IBUF
    BUFGCTRL_X0Y16       BUFG (Prop_bufg_I_O)         0.091    13.422 r  CLK100MHZ_IBUF_BUFG_inst/O
                         net (fo=20885, routed)       1.681    15.103    u_accel/gen_nn_standard.u_accel/gen_hl2[21].hl2_lif/CLK100MHZ_IBUF_BUFG
    SLICE_X10Y28         FDCE                                         r  u_accel/gen_nn_standard.u_accel/gen_hl2[21].hl2_lif/spike_prev_reg/C
                         clock pessimism              0.282    15.386    
                         clock uncertainty           -0.035    15.350    
    SLICE_X10Y28         FDCE (Setup_fdce_C_D)        0.079    15.429    u_accel/gen_nn_standard.u_accel/gen_hl2[21].hl2_lif/spike_prev_reg
  -------------------------------------------------------------------
                         required time                         15.429    
                         arrival time                         -15.303    
  -------------------------------------------------------------------
                         slack                                  0.126    

Slack (MET) :             0.136ns  (required time - arrival time)
  Source:                 u_accel/gen_nn_standard.u_accel/gen_hl1_lif[27].hl1_lif/membrane_potential_reg[8]/C
                            (rising edge-triggered cell FDCE clocked by sys_clk_pin  {rise@0.000ns fall@5.000ns period=10.000ns})
  Destination:            u_accel/gen_nn_standard.u_accel/gen_hl1_lif[27].hl1_lif/spike_prev_reg/D
                            (rising edge-triggered cell FDCE clocked by sys_clk_pin  {rise@0.000ns fall@5.000ns period=10.000ns})
  Path Group:             sys_clk_pin
  Path Type:              Setup (Max at Slow Process Corner)
  Requirement:            10.000ns  (sys_clk_pin rise@10.000ns - sys_clk_pin rise@0.000ns)
  Data Path Delay:        9.822ns  (logic 6.605ns (67.246%)  route 3.217ns (32.754%))
  Logic Levels:           11  (CARRY4=7 DSP48E1=1 LUT2=3)
  Clock Path Skew:        -0.036ns (DCD - SCD + CPR)
    Destination Clock Delay (DCD):    4.936ns = ( 14.936 - 10.000 ) 
    Source Clock Delay      (SCD):    5.231ns
    Clock Pessimism Removal (CPR):    0.259ns
  Clock Uncertainty:      0.035ns  ((TSJ^2 + TIJ^2)^1/2 + DJ) / 2 + PE
    Total System Jitter     (TSJ):    0.071ns
    Total Input Jitter      (TIJ):    0.000ns
    Discrete Jitter          (DJ):    0.000ns
    Phase Error              (PE):    0.000ns

    Location             Delay type                Incr(ns)  Path(ns)    Netlist Resource(s)
  -------------------------------------------------------------------    -------------------
                         (clock sys_clk_pin rise edge)
                                                      0.000     0.000 r  
    E3                                                0.000     0.000 r  CLK100MHZ (IN)
                         net (fo=0)                   0.000     0.000    CLK100MHZ
    E3                   IBUF (Prop_ibuf_I_O)         1.482     1.482 r  CLK100MHZ_IBUF_inst/O
                         net (fo=1, routed)           2.025     3.506    CLK100MHZ_IBUF
    BUFGCTRL_X0Y16       BUFG (Prop_bufg_I_O)         0.096     3.602 r  CLK100MHZ_IBUF_BUFG_inst/O
                         net (fo=20885, routed)       1.628     5.231    u_accel/gen_nn_standard.u_accel/gen_hl1_lif[27].hl1_lif/CLK100MHZ_IBUF_BUFG
    SLICE_X15Y76         FDCE                                         r  u_accel/gen_nn_standard.u_accel/gen_hl1_lif[27].hl1_lif/membrane_potential_reg[8]/C
  -------------------------------------------------------------------    -------------------
    SLICE_X15Y76         FDCE (Prop_fdce_C_Q)         0.419     5.650 r  u_accel/gen_nn_standard.u_accel/gen_hl1_lif[27].hl1_lif/membrane_potential_reg[8]/Q
                         net (fo=1, routed)           0.699     6.349    u_accel/gen_nn_standard.u_accel/gen_hl1_lif[27].hl1_lif/membrane_potential_reg_n_0_[8]
    DSP48_X0Y31          DSP48E1 (Prop_dsp48e1_A[8]_P[7])
                                                      4.016    10.365 r  u_accel/gen_nn_standard.u_accel/gen_hl1_lif[27].hl1_lif/membrane_potential3/P[7]
                         net (fo=2, routed)           0.859    11.224    u_accel/gen_nn_standard.u_accel/gen_hl1_lif[27].hl1_lif/membrane_potential2[0]
    SLICE_X10Y75         LUT2 (Prop_lut2_I0_O)        0.124    11.348 r  u_accel/gen_nn_standard.u_accel/gen_hl1_lif[27].hl1_lif/membrane_potential[3]_i_6__30/O
                         net (fo=1, routed)           0.000    11.348    u_accel/gen_nn_standard.u_accel/gen_hl1_lif[27].hl1_lif/membrane_potential[3]_i_6__30_n_0
    SLICE_X10Y75         CARRY4 (Prop_carry4_S[0]_CO[3])
                                                      0.513    11.861 r  u_accel/gen_nn_standard.u_accel/gen_hl1_lif[27].hl1_lif/membrane_potential_reg[3]_i_2__30/CO[3]
                         net (fo=1, routed)           0.000    11.861    u_accel/gen_nn_standard.u_accel/gen_hl1_lif[27].hl1_lif/membrane_potential_reg[3]_i_2__30_n_0
    SLICE_X10Y76         CARRY4 (Prop_carry4_CI_CO[3])
                                                      0.117    11.978 r  u_accel/gen_nn_standard.u_accel/gen_hl1_lif[27].hl1_lif/membrane_potential_reg[7]_i_2__30/CO[3]
                         net (fo=1, routed)           0.000    11.978    u_accel/gen_nn_standard.u_accel/gen_hl1_lif[27].hl1_lif/membrane_potential_reg[7]_i_2__30_n_0
    SLICE_X10Y77         CARRY4 (Prop_carry4_CI_CO[3])
                                                      0.117    12.095 r  u_accel/gen_nn_standard.u_accel/gen_hl1_lif[27].hl1_lif/membrane_potential_reg[11]_i_2__30/CO[3]
                         net (fo=1, routed)           0.000    12.095    u_accel/gen_nn_standard.u_accel/gen_hl1_lif[27].hl1_lif/membrane_potential_reg[11]_i_2__30_n_0
    SLICE_X10Y78         CARRY4 (Prop_carry4_CI_CO[3])
                                                      0.117    12.212 r  u_accel/gen_nn_standard.u_accel/gen_hl1_lif[27].hl1_lif/membrane_potential_reg[15]_i_2__30/CO[3]
                         net (fo=1, routed)           0.000    12.212    u_accel/gen_nn_standard.u_accel/gen_hl1_lif[27].hl1_lif/membrane_potential_reg[15]_i_2__30_n_0
    SLICE_X10Y79         CARRY4 (Prop_carry4_CI_CO[3])
                                                      0.117    12.329 r  u_accel/gen_nn_standard.u_accel/gen_hl1_lif[27].hl1_lif/membrane_potential_reg[19]_i_2__30/CO[3]
                         net (fo=1, routed)           0.000    12.329    u_accel/gen_nn_standard.u_accel/gen_hl1_lif[27].hl1_lif/membrane_potential_reg[19]_i_2__30_n_0
    SLICE_X10Y80         CARRY4 (Prop_carry4_CI_O[2])
                                                      0.239    12.568 f  u_accel/gen_nn_standard.u_accel/gen_hl1_lif[27].hl1_lif/membrane_potential_reg[23]_i_2__28/O[2]
                         net (fo=3, routed)           0.807    13.375    u_accel/gen_nn_standard.u_accel/gen_hl1_lif[27].hl1_lif/membrane_potential0[22]
    SLICE_X9Y78          LUT2 (Prop_lut2_I0_O)        0.301    13.676 r  u_accel/gen_nn_standard.u_accel/gen_hl1_lif[27].hl1_lif/spike_prev_i_8__30/O
                         net (fo=1, routed)           0.000    13.676    u_accel/gen_nn_standard.u_accel/gen_hl1_lif[27].hl1_lif/spike_prev_i_8__30_n_0
    SLICE_X9Y78          CARRY4 (Prop_carry4_S[3]_CO[3])
                                                      0.401    14.077 r  u_accel/gen_nn_standard.u_accel/gen_hl1_lif[27].hl1_lif/spike_prev_reg_i_2__30/CO[3]
                         net (fo=1, routed)           0.851    14.929    u_accel/gen_nn_standard.u_accel/gen_hl1_lif[27].hl1_lif/next_spike
    SLICE_X9Y80          LUT2 (Prop_lut2_I0_O)        0.124    15.053 r  u_accel/gen_nn_standard.u_accel/gen_hl1_lif[27].hl1_lif/spike_prev_i_1__53/O
                         net (fo=1, routed)           0.000    15.053    u_accel/gen_nn_standard.u_accel/gen_hl1_lif[27].hl1_lif/spike_prev_i_1__53_n_0
    SLICE_X9Y80          FDCE                                         r  u_accel/gen_nn_standard.u_accel/gen_hl1_lif[27].hl1_lif/spike_prev_reg/D
  -------------------------------------------------------------------    -------------------

                         (clock sys_clk_pin rise edge)
                                                     10.000    10.000 r  
    E3                                                0.000    10.000 r  CLK100MHZ (IN)
                         net (fo=0)                   0.000    10.000    CLK100MHZ
    E3                   IBUF (Prop_ibuf_I_O)         1.411    11.411 r  CLK100MHZ_IBUF_inst/O
                         net (fo=1, routed)           1.920    13.331    CLK100MHZ_IBUF
    BUFGCTRL_X0Y16       BUFG (Prop_bufg_I_O)         0.091    13.422 r  CLK100MHZ_IBUF_BUFG_inst/O
                         net (fo=20885, routed)       1.513    14.936    u_accel/gen_nn_standard.u_accel/gen_hl1_lif[27].hl1_lif/CLK100MHZ_IBUF_BUFG
    SLICE_X9Y80          FDCE                                         r  u_accel/gen_nn_standard.u_accel/gen_hl1_lif[27].hl1_lif/spike_prev_reg/C
                         clock pessimism              0.259    15.195    
                         clock uncertainty           -0.035    15.159    
    SLICE_X9Y80          FDCE (Setup_fdce_C_D)        0.029    15.188    u_accel/gen_nn_standard.u_accel/gen_hl1_lif[27].hl1_lif/spike_prev_reg
  -------------------------------------------------------------------
                         required time                         15.188    
                         arrival time                         -15.053    
  -------------------------------------------------------------------
                         slack                                  0.136    

Slack (MET) :             0.144ns  (required time - arrival time)
  Source:                 u_accel/gen_nn_standard.u_accel/gen_hl1_lif[26].hl1_lif/membrane_potential_reg[1]/C
                            (rising edge-triggered cell FDCE clocked by sys_clk_pin  {rise@0.000ns fall@5.000ns period=10.000ns})
  Destination:            u_accel/gen_nn_standard.u_accel/gen_hl1_lif[26].hl1_lif/spike_prev_reg/D
                            (rising edge-triggered cell FDCE clocked by sys_clk_pin  {rise@0.000ns fall@5.000ns period=10.000ns})
  Path Group:             sys_clk_pin
  Path Type:              Setup (Max at Slow Process Corner)
  Requirement:            10.000ns  (sys_clk_pin rise@10.000ns - sys_clk_pin rise@0.000ns)
  Data Path Delay:        9.807ns  (logic 6.704ns (68.359%)  route 3.103ns (31.641%))
  Logic Levels:           11  (CARRY4=7 DSP48E1=1 LUT2=3)
  Clock Path Skew:        -0.046ns (DCD - SCD + CPR)
    Destination Clock Delay (DCD):    4.942ns = ( 14.942 - 10.000 ) 
    Source Clock Delay      (SCD):    5.247ns
    Clock Pessimism Removal (CPR):    0.259ns
  Clock Uncertainty:      0.035ns  ((TSJ^2 + TIJ^2)^1/2 + DJ) / 2 + PE
    Total System Jitter     (TSJ):    0.071ns
    Total Input Jitter      (TIJ):    0.000ns
    Discrete Jitter          (DJ):    0.000ns
    Phase Error              (PE):    0.000ns

    Location             Delay type                Incr(ns)  Path(ns)    Netlist Resource(s)
  -------------------------------------------------------------------    -------------------
                         (clock sys_clk_pin rise edge)
                                                      0.000     0.000 r  
    E3                                                0.000     0.000 r  CLK100MHZ (IN)
                         net (fo=0)                   0.000     0.000    CLK100MHZ
    E3                   IBUF (Prop_ibuf_I_O)         1.482     1.482 r  CLK100MHZ_IBUF_inst/O
                         net (fo=1, routed)           2.025     3.506    CLK100MHZ_IBUF
    BUFGCTRL_X0Y16       BUFG (Prop_bufg_I_O)         0.096     3.602 r  CLK100MHZ_IBUF_BUFG_inst/O
                         net (fo=20885, routed)       1.644     5.247    u_accel/gen_nn_standard.u_accel/gen_hl1_lif[26].hl1_lif/CLK100MHZ_IBUF_BUFG
    SLICE_X13Y60         FDCE                                         r  u_accel/gen_nn_standard.u_accel/gen_hl1_lif[26].hl1_lif/membrane_potential_reg[1]/C
  -------------------------------------------------------------------    -------------------
    SLICE_X13Y60         FDCE (Prop_fdce_C_Q)         0.419     5.666 r  u_accel/gen_nn_standard.u_accel/gen_hl1_lif[26].hl1_lif/membrane_potential_reg[1]/Q
                         net (fo=1, routed)           0.692     6.358    u_accel/gen_nn_standard.u_accel/gen_hl1_lif[26].hl1_lif/membrane_potential_reg_n_0_[1]
    DSP48_X0Y24          DSP48E1 (Prop_dsp48e1_A[1]_P[8])
                                                      4.013    10.371 r  u_accel/gen_nn_standard.u_accel/gen_hl1_lif[26].hl1_lif/membrane_potential3/P[8]
                         net (fo=2, routed)           0.920    11.291    u_accel/gen_nn_standard.u_accel/gen_hl1_lif[26].hl1_lif/membrane_potential2[1]
    SLICE_X10Y60         LUT2 (Prop_lut2_I0_O)        0.124    11.415 r  u_accel/gen_nn_standard.u_accel/gen_hl1_lif[26].hl1_lif/membrane_potential[3]_i_5__31/O
                         net (fo=1, routed)           0.000    11.415    u_accel/gen_nn_standard.u_accel/gen_hl1_lif[26].hl1_lif/membrane_potential[3]_i_5__31_n_0
    SLICE_X10Y60         CARRY4 (Prop_carry4_S[1]_CO[3])
                                                      0.533    11.948 r  u_accel/gen_nn_standard.u_accel/gen_hl1_lif[26].hl1_lif/membrane_potential_reg[3]_i_2__31/CO[3]
                         net (fo=1, routed)           0.000    11.948    u_accel/gen_nn_standard.u_accel/gen_hl1_lif[26].hl1_lif/membrane_potential_reg[3]_i_2__31_n_0
    SLICE_X10Y61         CARRY4 (Prop_carry4_CI_CO[3])
                                                      0.117    12.065 r  u_accel/gen_nn_standard.u_accel/gen_hl1_lif[26].hl1_lif/membrane_potential_reg[7]_i_2__31/CO[3]
                         net (fo=1, routed)           0.000    12.065    u_accel/gen_nn_standard.u_accel/gen_hl1_lif[26].hl1_lif/membrane_potential_reg[7]_i_2__31_n_0
    SLICE_X10Y62         CARRY4 (Prop_carry4_CI_CO[3])
                                                      0.117    12.182 r  u_accel/gen_nn_standard.u_accel/gen_hl1_lif[26].hl1_lif/membrane_potential_reg[11]_i_2__31/CO[3]
                         net (fo=1, routed)           0.000    12.182    u_accel/gen_nn_standard.u_accel/gen_hl1_lif[26].hl1_lif/membrane_potential_reg[11]_i_2__31_n_0
    SLICE_X10Y63         CARRY4 (Prop_carry4_CI_CO[3])
                                                      0.117    12.299 r  u_accel/gen_nn_standard.u_accel/gen_hl1_lif[26].hl1_lif/membrane_potential_reg[15]_i_2__31/CO[3]
                         net (fo=1, routed)           0.000    12.299    u_accel/gen_nn_standard.u_accel/gen_hl1_lif[26].hl1_lif/membrane_potential_reg[15]_i_2__31_n_0
    SLICE_X10Y64         CARRY4 (Prop_carry4_CI_CO[3])
                                                      0.117    12.416 r  u_accel/gen_nn_standard.u_accel/gen_hl1_lif[26].hl1_lif/membrane_potential_reg[19]_i_2__31/CO[3]
                         net (fo=1, routed)           0.000    12.416    u_accel/gen_nn_standard.u_accel/gen_hl1_lif[26].hl1_lif/membrane_potential_reg[19]_i_2__31_n_0
    SLICE_X10Y65         CARRY4 (Prop_carry4_CI_O[3])
                                                      0.315    12.731 f  u_accel/gen_nn_standard.u_accel/gen_hl1_lif[26].hl1_lif/membrane_potential_reg[23]_i_2__29/O[3]
                         net (fo=3, routed)           0.744    13.475    u_accel/gen_nn_standard.u_accel/gen_hl1_lif[26].hl1_lif/membrane_potential0[23]
    SLICE_X11Y63         LUT2 (Prop_lut2_I1_O)        0.307    13.782 r  u_accel/gen_nn_standard.u_accel/gen_hl1_lif[26].hl1_lif/spike_prev_i_8__31/O
                         net (fo=1, routed)           0.000    13.782    u_accel/gen_nn_standard.u_accel/gen_hl1_lif[26].hl1_lif/spike_prev_i_8__31_n_0
    SLICE_X11Y63         CARRY4 (Prop_carry4_S[3]_CO[3])
                                                      0.401    14.183 r  u_accel/gen_nn_standard.u_accel/gen_hl1_lif[26].hl1_lif/spike_prev_reg_i_2__31/CO[3]
                         net (fo=1, routed)           0.747    14.930    u_accel/gen_nn_standard.u_accel/gen_hl1_lif[26].hl1_lif/next_spike
    SLICE_X11Y67         LUT2 (Prop_lut2_I0_O)        0.124    15.054 r  u_accel/gen_nn_standard.u_accel/gen_hl1_lif[26].hl1_lif/spike_prev_i_1__36/O
                         net (fo=1, routed)           0.000    15.054    u_accel/gen_nn_standard.u_accel/gen_hl1_lif[26].hl1_lif/spike_prev_i_1__36_n_0
    SLICE_X11Y67         FDCE                                         r  u_accel/gen_nn_standard.u_accel/gen_hl1_lif[26].hl1_lif/spike_prev_reg/D
  -------------------------------------------------------------------    -------------------

                         (clock sys_clk_pin rise edge)
                                                     10.000    10.000 r  
    E3                                                0.000    10.000 r  CLK100MHZ (IN)
                         net (fo=0)                   0.000    10.000    CLK100MHZ
    E3                   IBUF (Prop_ibuf_I_O)         1.411    11.411 r  CLK100MHZ_IBUF_inst/O
                         net (fo=1, routed)           1.920    13.331    CLK100MHZ_IBUF
    BUFGCTRL_X0Y16       BUFG (Prop_bufg_I_O)         0.091    13.422 r  CLK100MHZ_IBUF_BUFG_inst/O
                         net (fo=20885, routed)       1.519    14.942    u_accel/gen_nn_standard.u_accel/gen_hl1_lif[26].hl1_lif/CLK100MHZ_IBUF_BUFG
    SLICE_X11Y67         FDCE                                         r  u_accel/gen_nn_standard.u_accel/gen_hl1_lif[26].hl1_lif/spike_prev_reg/C
                         clock pessimism              0.259    15.201    
                         clock uncertainty           -0.035    15.165    
    SLICE_X11Y67         FDCE (Setup_fdce_C_D)        0.032    15.197    u_accel/gen_nn_standard.u_accel/gen_hl1_lif[26].hl1_lif/spike_prev_reg
  -------------------------------------------------------------------
                         required time                         15.197    
                         arrival time                         -15.054    
  -------------------------------------------------------------------
                         slack                                  0.144    

Slack (MET) :             0.176ns  (required time - arrival time)
  Source:                 u_accel/gen_nn_standard.u_accel/gen_hl1_lif[17].hl1_lif/membrane_potential_reg[23]/C
                            (rising edge-triggered cell FDCE clocked by sys_clk_pin  {rise@0.000ns fall@5.000ns period=10.000ns})
  Destination:            u_accel/gen_nn_standard.u_accel/gen_hl1_lif[17].hl1_lif/spike_prev_reg/D
                            (rising edge-triggered cell FDCE clocked by sys_clk_pin  {rise@0.000ns fall@5.000ns period=10.000ns})
  Path Group:             sys_clk_pin
  Path Type:              Setup (Max at Slow Process Corner)
  Requirement:            10.000ns  (sys_clk_pin rise@10.000ns - sys_clk_pin rise@0.000ns)
  Data Path Delay:        9.820ns  (logic 6.563ns (66.831%)  route 3.257ns (33.169%))
  Logic Levels:           10  (CARRY4=6 DSP48E1=1 LUT2=3)
  Clock Path Skew:        0.000ns (DCD - SCD + CPR)
    Destination Clock Delay (DCD):    5.013ns = ( 15.013 - 10.000 ) 
    Source Clock Delay      (SCD):    5.313ns
    Clock Pessimism Removal (CPR):    0.300ns
  Clock Uncertainty:      0.035ns  ((TSJ^2 + TIJ^2)^1/2 + DJ) / 2 + PE
    Total System Jitter     (TSJ):    0.071ns
    Total Input Jitter      (TIJ):    0.000ns
    Discrete Jitter          (DJ):    0.000ns
    Phase Error              (PE):    0.000ns

    Location             Delay type                Incr(ns)  Path(ns)    Netlist Resource(s)
  -------------------------------------------------------------------    -------------------
                         (clock sys_clk_pin rise edge)
                                                      0.000     0.000 r  
    E3                                                0.000     0.000 r  CLK100MHZ (IN)
                         net (fo=0)                   0.000     0.000    CLK100MHZ
    E3                   IBUF (Prop_ibuf_I_O)         1.482     1.482 r  CLK100MHZ_IBUF_inst/O
                         net (fo=1, routed)           2.025     3.506    CLK100MHZ_IBUF
    BUFGCTRL_X0Y16       BUFG (Prop_bufg_I_O)         0.096     3.602 r  CLK100MHZ_IBUF_BUFG_inst/O
                         net (fo=20885, routed)       1.710     5.313    u_accel/gen_nn_standard.u_accel/gen_hl1_lif[17].hl1_lif/CLK100MHZ_IBUF_BUFG
    SLICE_X79Y68         FDCE                                         r  u_accel/gen_nn_standard.u_accel/gen_hl1_lif[17].hl1_lif/membrane_potential_reg[23]/C
  -------------------------------------------------------------------    -------------------
    SLICE_X79Y68         FDCE (Prop_fdce_C_Q)         0.419     5.732 r  u_accel/gen_nn_standard.u_accel/gen_hl1_lif[17].hl1_lif/membrane_potential_reg[23]/Q
                         net (fo=7, routed)           0.733     6.464    u_accel/gen_nn_standard.u_accel/gen_hl1_lif[17].hl1_lif/membrane_potential_reg_n_0_[23]
    DSP48_X2Y26          DSP48E1 (Prop_dsp48e1_A[23]_P[12])
                                                      4.014    10.478 r  u_accel/gen_nn_standard.u_accel/gen_hl1_lif[17].hl1_lif/membrane_potential3/P[12]
                         net (fo=2, routed)           0.929    11.407    u_accel/gen_nn_standard.u_accel/gen_hl1_lif[17].hl1_lif/membrane_potential2[5]
    SLICE_X80Y66         LUT2 (Prop_lut2_I0_O)        0.124    11.531 r  u_accel/gen_nn_standard.u_accel/gen_hl1_lif[17].hl1_lif/membrane_potential[7]_i_5__40/O
                         net (fo=1, routed)           0.000    11.531    u_accel/gen_nn_standard.u_accel/gen_hl1_lif[17].hl1_lif/membrane_potential[7]_i_5__40_n_0
    SLICE_X80Y66         CARRY4 (Prop_carry4_S[1]_CO[3])
                                                      0.533    12.064 r  u_accel/gen_nn_standard.u_accel/gen_hl1_lif[17].hl1_lif/membrane_potential_reg[7]_i_2__40/CO[3]
                         net (fo=1, routed)           0.000    12.064    u_accel/gen_nn_standard.u_accel/gen_hl1_lif[17].hl1_lif/membrane_potential_reg[7]_i_2__40_n_0
    SLICE_X80Y67         CARRY4 (Prop_carry4_CI_CO[3])
                                                      0.117    12.181 r  u_accel/gen_nn_standard.u_accel/gen_hl1_lif[17].hl1_lif/membrane_potential_reg[11]_i_2__40/CO[3]
                         net (fo=1, routed)           0.000    12.181    u_accel/gen_nn_standard.u_accel/gen_hl1_lif[17].hl1_lif/membrane_potential_reg[11]_i_2__40_n_0
    SLICE_X80Y68         CARRY4 (Prop_carry4_CI_CO[3])
                                                      0.117    12.298 r  u_accel/gen_nn_standard.u_accel/gen_hl1_lif[17].hl1_lif/membrane_potential_reg[15]_i_2__40/CO[3]
                         net (fo=1, routed)           0.000    12.298    u_accel/gen_nn_standard.u_accel/gen_hl1_lif[17].hl1_lif/membrane_potential_reg[15]_i_2__40_n_0
    SLICE_X80Y69         CARRY4 (Prop_carry4_CI_CO[3])
                                                      0.117    12.415 r  u_accel/gen_nn_standard.u_accel/gen_hl1_lif[17].hl1_lif/membrane_potential_reg[19]_i_2__40/CO[3]
                         net (fo=1, routed)           0.000    12.415    u_accel/gen_nn_standard.u_accel/gen_hl1_lif[17].hl1_lif/membrane_potential_reg[19]_i_2__40_n_0
    SLICE_X80Y70         CARRY4 (Prop_carry4_CI_O[3])
                                                      0.315    12.730 f  u_accel/gen_nn_standard.u_accel/gen_hl1_lif[17].hl1_lif/membrane_potential_reg[23]_i_2__38/O[3]
                         net (fo=3, routed)           0.799    13.529    u_accel/gen_nn_standard.u_accel/gen_hl1_lif[17].hl1_lif/membrane_potential0[23]
    SLICE_X78Y68         LUT2 (Prop_lut2_I1_O)        0.307    13.836 r  u_accel/gen_nn_standard.u_accel/gen_hl1_lif[17].hl1_lif/spike_prev_i_8__40/O
                         net (fo=1, routed)           0.000    13.836    u_accel/gen_nn_standard.u_accel/gen_hl1_lif[17].hl1_lif/spike_prev_i_8__40_n_0
    SLICE_X78Y68         CARRY4 (Prop_carry4_S[3]_CO[3])
                                                      0.376    14.212 r  u_accel/gen_nn_standard.u_accel/gen_hl1_lif[17].hl1_lif/spike_prev_reg_i_2__40/CO[3]
                         net (fo=1, routed)           0.797    15.009    u_accel/gen_nn_standard.u_accel/gen_hl1_lif[17].hl1_lif/next_spike
    SLICE_X79Y68         LUT2 (Prop_lut2_I0_O)        0.124    15.133 r  u_accel/gen_nn_standard.u_accel/gen_hl1_lif[17].hl1_lif/spike_prev_i_1__41/O
                         net (fo=1, routed)           0.000    15.133    u_accel/gen_nn_standard.u_accel/gen_hl1_lif[17].hl1_lif/spike_prev_i_1__41_n_0
    SLICE_X79Y68         FDCE                                         r  u_accel/gen_nn_standard.u_accel/gen_hl1_lif[17].hl1_lif/spike_prev_reg/D
  -------------------------------------------------------------------    -------------------

                         (clock sys_clk_pin rise edge)
                                                     10.000    10.000 r  
    E3                                                0.000    10.000 r  CLK100MHZ (IN)
                         net (fo=0)                   0.000    10.000    CLK100MHZ
    E3                   IBUF (Prop_ibuf_I_O)         1.411    11.411 r  CLK100MHZ_IBUF_inst/O
                         net (fo=1, routed)           1.920    13.331    CLK100MHZ_IBUF
    BUFGCTRL_X0Y16       BUFG (Prop_bufg_I_O)         0.091    13.422 r  CLK100MHZ_IBUF_BUFG_inst/O
                         net (fo=20885, routed)       1.590    15.013    u_accel/gen_nn_standard.u_accel/gen_hl1_lif[17].hl1_lif/CLK100MHZ_IBUF_BUFG
    SLICE_X79Y68         FDCE                                         r  u_accel/gen_nn_standard.u_accel/gen_hl1_lif[17].hl1_lif/spike_prev_reg/C
                         clock pessimism              0.300    15.313    
                         clock uncertainty           -0.035    15.277    
    SLICE_X79Y68         FDCE (Setup_fdce_C_D)        0.032    15.309    u_accel/gen_nn_standard.u_accel/gen_hl1_lif[17].hl1_lif/spike_prev_reg
  -------------------------------------------------------------------
                         required time                         15.309    
                         arrival time                         -15.133    
  -------------------------------------------------------------------
                         slack                                  0.176    

Slack (MET) :             0.177ns  (required time - arrival time)
  Source:                 u_accel/gen_nn_standard.u_accel/gen_hl2[19].hl2_lif/membrane_potential_reg[2]/C
                            (rising edge-triggered cell FDCE clocked by sys_clk_pin  {rise@0.000ns fall@5.000ns period=10.000ns})
  Destination:            u_accel/gen_nn_standard.u_accel/gen_hl2[19].hl2_lif/spike_prev_reg/D
                            (rising edge-triggered cell FDCE clocked by sys_clk_pin  {rise@0.000ns fall@5.000ns period=10.000ns})
  Path Group:             sys_clk_pin
  Path Type:              Setup (Max at Slow Process Corner)
  Requirement:            10.000ns  (sys_clk_pin rise@10.000ns - sys_clk_pin rise@0.000ns)
  Data Path Delay:        9.530ns  (logic 6.631ns (69.580%)  route 2.899ns (30.420%))
  Logic Levels:           11  (CARRY4=7 DSP48E1=1 LUT2=3)
  Clock Path Skew:        -0.290ns (DCD - SCD + CPR)
    Destination Clock Delay (DCD):    4.947ns = ( 14.947 - 10.000 ) 
    Source Clock Delay      (SCD):    5.424ns
    Clock Pessimism Removal (CPR):    0.187ns
  Clock Uncertainty:      0.035ns  ((TSJ^2 + TIJ^2)^1/2 + DJ) / 2 + PE
    Total System Jitter     (TSJ):    0.071ns
    Total Input Jitter      (TIJ):    0.000ns
    Discrete Jitter          (DJ):    0.000ns
    Phase Error              (PE):    0.000ns

    Location             Delay type                Incr(ns)  Path(ns)    Netlist Resource(s)
  -------------------------------------------------------------------    -------------------
                         (clock sys_clk_pin rise edge)
                                                      0.000     0.000 r  
    E3                                                0.000     0.000 r  CLK100MHZ (IN)
                         net (fo=0)                   0.000     0.000    CLK100MHZ
    E3                   IBUF (Prop_ibuf_I_O)         1.482     1.482 r  CLK100MHZ_IBUF_inst/O
                         net (fo=1, routed)           2.025     3.506    CLK100MHZ_IBUF
    BUFGCTRL_X0Y16       BUFG (Prop_bufg_I_O)         0.096     3.602 r  CLK100MHZ_IBUF_BUFG_inst/O
                         net (fo=20885, routed)       1.821     5.424    u_accel/gen_nn_standard.u_accel/gen_hl2[19].hl2_lif/CLK100MHZ_IBUF_BUFG
    SLICE_X12Y49         FDCE                                         r  u_accel/gen_nn_standard.u_accel/gen_hl2[19].hl2_lif/membrane_potential_reg[2]/C
  -------------------------------------------------------------------    -------------------
    SLICE_X12Y49         FDCE (Prop_fdce_C_Q)         0.518     5.942 r  u_accel/gen_nn_standard.u_accel/gen_hl2[19].hl2_lif/membrane_potential_reg[2]/Q
                         net (fo=21, routed)          0.620     6.562    u_accel/gen_nn_standard.u_accel/gen_hl2[19].hl2_lif/Q[2]
    DSP48_X0Y20          DSP48E1 (Prop_dsp48e1_A[2]_P[8])
                                                      3.841    10.403 r  u_accel/gen_nn_standard.u_accel/gen_hl2[19].hl2_lif/membrane_potential3/P[8]
                         net (fo=2, routed)           0.931    11.334    u_accel/gen_nn_standard.u_accel/gen_hl2[19].hl2_lif/membrane_potential2[1]
    SLICE_X12Y50         LUT2 (Prop_lut2_I0_O)        0.124    11.458 r  u_accel/gen_nn_standard.u_accel/gen_hl2[19].hl2_lif/membrane_potential0_carry_i_3__2/O
                         net (fo=1, routed)           0.000    11.458    u_accel/gen_nn_standard.u_accel/gen_hl2[19].hl2_lif/membrane_potential0_carry_i_3__2_n_0
    SLICE_X12Y50         CARRY4 (Prop_carry4_S[1]_CO[3])
                                                      0.533    11.991 r  u_accel/gen_nn_standard.u_accel/gen_hl2[19].hl2_lif/membrane_potential0_carry/CO[3]
                         net (fo=1, routed)           0.000    11.991    u_accel/gen_nn_standard.u_accel/gen_hl2[19].hl2_lif/membrane_potential0_carry_n_0
    SLICE_X12Y51         CARRY4 (Prop_carry4_CI_CO[3])
                                                      0.117    12.108 r  u_accel/gen_nn_standard.u_accel/gen_hl2[19].hl2_lif/membrane_potential0_carry__0/CO[3]
                         net (fo=1, routed)           0.000    12.108    u_accel/gen_nn_standard.u_accel/gen_hl2[19].hl2_lif/membrane_potential0_carry__0_n_0
    SLICE_X12Y52         CARRY4 (Prop_carry4_CI_CO[3])
                                                      0.117    12.225 r  u_accel/gen_nn_standard.u_accel/gen_hl2[19].hl2_lif/membrane_potential0_carry__1/CO[3]
                         net (fo=1, routed)           0.000    12.225    u_accel/gen_nn_standard.u_accel/gen_hl2[19].hl2_lif/membrane_potential0_carry__1_n_0
    SLICE_X12Y53         CARRY4 (Prop_carry4_CI_CO[3])
                                                      0.117    12.342 r  u_accel/gen_nn_standard.u_accel/gen_hl2[19].hl2_lif/membrane_potential0_carry__2/CO[3]
                         net (fo=1, routed)           0.000    12.342    u_accel/gen_nn_standard.u_accel/gen_hl2[19].hl2_lif/membrane_potential0_carry__2_n_0
    SLICE_X12Y54         CARRY4 (Prop_carry4_CI_CO[3])
                                                      0.117    12.459 r  u_accel/gen_nn_standard.u_accel/gen_hl2[19].hl2_lif/membrane_potential0_carry__3/CO[3]
                         net (fo=1, routed)           0.000    12.459    u_accel/gen_nn_standard.u_accel/gen_hl2[19].hl2_lif/membrane_potential0_carry__3_n_0
    SLICE_X12Y55         CARRY4 (Prop_carry4_CI_O[3])
                                                      0.315    12.774 f  u_accel/gen_nn_standard.u_accel/gen_hl2[19].hl2_lif/membrane_potential0_carry__4/O[3]
                         net (fo=3, routed)           0.744    13.517    u_accel/gen_nn_standard.u_accel/gen_hl2[19].hl2_lif/membrane_potential0[23]
    SLICE_X13Y53         LUT2 (Prop_lut2_I0_O)        0.307    13.824 r  u_accel/gen_nn_standard.u_accel/gen_hl2[19].hl2_lif/spike_prev0_carry__1_i_5__2/O
                         net (fo=1, routed)           0.000    13.824    u_accel/gen_nn_standard.u_accel/gen_hl2[19].hl2_lif/spike_prev0_carry__1_i_5__2_n_0
    SLICE_X13Y53         CARRY4 (Prop_carry4_S[3]_CO[3])
                                                      0.401    14.225 r  u_accel/gen_nn_standard.u_accel/gen_hl2[19].hl2_lif/spike_prev0_carry__1/CO[3]
                         net (fo=1, routed)           0.605    14.830    u_accel/gen_nn_standard.u_accel/gen_hl2[19].hl2_lif/next_spike
    SLICE_X13Y54         LUT2 (Prop_lut2_I0_O)        0.124    14.954 r  u_accel/gen_nn_standard.u_accel/gen_hl2[19].hl2_lif/spike_prev_i_1__13/O
                         net (fo=1, routed)           0.000    14.954    u_accel/gen_nn_standard.u_accel/gen_hl2[19].hl2_lif/spike_prev
    SLICE_X13Y54         FDCE                                         r  u_accel/gen_nn_standard.u_accel/gen_hl2[19].hl2_lif/spike_prev_reg/D
  -------------------------------------------------------------------    -------------------

                         (clock sys_clk_pin rise edge)
                                                     10.000    10.000 r  
    E3                                                0.000    10.000 r  CLK100MHZ (IN)
                         net (fo=0)                   0.000    10.000    CLK100MHZ
    E3                   IBUF (Prop_ibuf_I_O)         1.411    11.411 r  CLK100MHZ_IBUF_inst/O
                         net (fo=1, routed)           1.920    13.331    CLK100MHZ_IBUF
    BUFGCTRL_X0Y16       BUFG (Prop_bufg_I_O)         0.091    13.422 r  CLK100MHZ_IBUF_BUFG_inst/O
                         net (fo=20885, routed)       1.524    14.947    u_accel/gen_nn_standard.u_accel/gen_hl2[19].hl2_lif/CLK100MHZ_IBUF_BUFG
    SLICE_X13Y54         FDCE                                         r  u_accel/gen_nn_standard.u_accel/gen_hl2[19].hl2_lif/spike_prev_reg/C
                         clock pessimism              0.187    15.134    
                         clock uncertainty           -0.035    15.098    
    SLICE_X13Y54         FDCE (Setup_fdce_C_D)        0.032    15.130    u_accel/gen_nn_standard.u_accel/gen_hl2[19].hl2_lif/spike_prev_reg
  -------------------------------------------------------------------
                         required time                         15.130    
                         arrival time                         -14.954    
  -------------------------------------------------------------------
                         slack                                  0.177    

Slack (MET) :             0.178ns  (required time - arrival time)
  Source:                 u_accel/gen_nn_standard.u_accel/q_accum/timestep_counter_reg[3]/C
                            (rising edge-triggered cell FDCE clocked by sys_clk_pin  {rise@0.000ns fall@5.000ns period=10.000ns})
  Destination:            u_accel/gen_nn_standard.u_accel/gen_hl2[0].membrane_buf/membrane_out_reg[4]/D
                            (rising edge-triggered cell FDCE clocked by sys_clk_pin  {rise@0.000ns fall@5.000ns period=10.000ns})
  Path Group:             sys_clk_pin
  Path Type:              Setup (Max at Slow Process Corner)
  Requirement:            10.000ns  (sys_clk_pin rise@10.000ns - sys_clk_pin rise@0.000ns)
  Data Path Delay:        9.959ns  (logic 0.580ns (5.824%)  route 9.379ns (94.176%))
  Logic Levels:           1  (LUT5=1)
  Clock Path Skew:        0.094ns (DCD - SCD + CPR)
    Destination Clock Delay (DCD):    5.143ns = ( 15.143 - 10.000 ) 
    Source Clock Delay      (SCD):    5.237ns
    Clock Pessimism Removal (CPR):    0.187ns
  Clock Uncertainty:      0.035ns  ((TSJ^2 + TIJ^2)^1/2 + DJ) / 2 + PE
    Total System Jitter     (TSJ):    0.071ns
    Total Input Jitter      (TIJ):    0.000ns
    Discrete Jitter          (DJ):    0.000ns
    Phase Error              (PE):    0.000ns

    Location             Delay type                Incr(ns)  Path(ns)    Netlist Resource(s)
  -------------------------------------------------------------------    -------------------
                         (clock sys_clk_pin rise edge)
                                                      0.000     0.000 r  
    E3                                                0.000     0.000 r  CLK100MHZ (IN)
                         net (fo=0)                   0.000     0.000    CLK100MHZ
    E3                   IBUF (Prop_ibuf_I_O)         1.482     1.482 r  CLK100MHZ_IBUF_inst/O
                         net (fo=1, routed)           2.025     3.506    CLK100MHZ_IBUF
    BUFGCTRL_X0Y16       BUFG (Prop_bufg_I_O)         0.096     3.602 r  CLK100MHZ_IBUF_BUFG_inst/O
                         net (fo=20885, routed)       1.634     5.237    u_accel/gen_nn_standard.u_accel/q_accum/CLK100MHZ_IBUF_BUFG
    SLICE_X41Y64         FDCE                                         r  u_accel/gen_nn_standard.u_accel/q_accum/timestep_counter_reg[3]/C
  -------------------------------------------------------------------    -------------------
    SLICE_X41Y64         FDCE (Prop_fdce_C_Q)         0.456     5.693 r  u_accel/gen_nn_standard.u_accel/q_accum/timestep_counter_reg[3]/Q
                         net (fo=772, routed)         9.379    15.072    u_accel/gen_nn_standard.u_accel/gen_hl2[0].membrane_buf/Q[3]
    SLICE_X80Y15         LUT5 (Prop_lut5_I3_O)        0.124    15.196 r  u_accel/gen_nn_standard.u_accel/gen_hl2[0].membrane_buf/membrane_out[4]_i_1/O
                         net (fo=1, routed)           0.000    15.196    u_accel/gen_nn_standard.u_accel/gen_hl2[0].membrane_buf/membrane_storage[4]
    SLICE_X80Y15         FDCE                                         r  u_accel/gen_nn_standard.u_accel/gen_hl2[0].membrane_buf/membrane_out_reg[4]/D
  -------------------------------------------------------------------    -------------------

                         (clock sys_clk_pin rise edge)
                                                     10.000    10.000 r  
    E3                                                0.000    10.000 r  CLK100MHZ (IN)
                         net (fo=0)                   0.000    10.000    CLK100MHZ
    E3                   IBUF (Prop_ibuf_I_O)         1.411    11.411 r  CLK100MHZ_IBUF_inst/O
                         net (fo=1, routed)           1.920    13.331    CLK100MHZ_IBUF
    BUFGCTRL_X0Y16       BUFG (Prop_bufg_I_O)         0.091    13.422 r  CLK100MHZ_IBUF_BUFG_inst/O
                         net (fo=20885, routed)       1.721    15.143    u_accel/gen_nn_standard.u_accel/gen_hl2[0].membrane_buf/CLK100MHZ_IBUF_BUFG
    SLICE_X80Y15         FDCE                                         r  u_accel/gen_nn_standard.u_accel/gen_hl2[0].membrane_buf/membrane_out_reg[4]/C
                         clock pessimism              0.187    15.330    
                         clock uncertainty           -0.035    15.295    
    SLICE_X80Y15         FDCE (Setup_fdce_C_D)        0.079    15.374    u_accel/gen_nn_standard.u_accel/gen_hl2[0].membrane_buf/membrane_out_reg[4]
  -------------------------------------------------------------------
                         required time                         15.374    
                         arrival time                         -15.196    
  -------------------------------------------------------------------
                         slack                                  0.178    

Slack (MET) :             0.182ns  (required time - arrival time)
  Source:                 u_accel/gen_nn_standard.u_accel/gen_hl2[14].hl2_lif/membrane_potential_reg[23]/C
                            (rising edge-triggered cell FDCE clocked by sys_clk_pin  {rise@0.000ns fall@5.000ns period=10.000ns})
  Destination:            u_accel/gen_nn_standard.u_accel/gen_hl2[14].hl2_lif/spike_prev_reg/D
                            (rising edge-triggered cell FDCE clocked by sys_clk_pin  {rise@0.000ns fall@5.000ns period=10.000ns})
  Path Group:             sys_clk_pin
  Path Type:              Setup (Max at Slow Process Corner)
  Requirement:            10.000ns  (sys_clk_pin rise@10.000ns - sys_clk_pin rise@0.000ns)
  Data Path Delay:        9.815ns  (logic 6.769ns (68.965%)  route 3.046ns (31.035%))
  Logic Levels:           10  (CARRY4=6 DSP48E1=1 LUT2=3)
  Clock Path Skew:        -0.048ns (DCD - SCD + CPR)
    Destination Clock Delay (DCD):    5.087ns = ( 15.087 - 10.000 ) 
    Source Clock Delay      (SCD):    5.403ns
    Clock Pessimism Removal (CPR):    0.267ns
  Clock Uncertainty:      0.035ns  ((TSJ^2 + TIJ^2)^1/2 + DJ) / 2 + PE
    Total System Jitter     (TSJ):    0.071ns
    Total Input Jitter      (TIJ):    0.000ns
    Discrete Jitter          (DJ):    0.000ns
    Phase Error              (PE):    0.000ns

    Location             Delay type                Incr(ns)  Path(ns)    Netlist Resource(s)
  -------------------------------------------------------------------    -------------------
                         (clock sys_clk_pin rise edge)
                                                      0.000     0.000 r  
    E3                                                0.000     0.000 r  CLK100MHZ (IN)
                         net (fo=0)                   0.000     0.000    CLK100MHZ
    E3                   IBUF (Prop_ibuf_I_O)         1.482     1.482 r  CLK100MHZ_IBUF_inst/O
                         net (fo=1, routed)           2.025     3.506    CLK100MHZ_IBUF
    BUFGCTRL_X0Y16       BUFG (Prop_bufg_I_O)         0.096     3.602 r  CLK100MHZ_IBUF_BUFG_inst/O
                         net (fo=20885, routed)       1.800     5.403    u_accel/gen_nn_standard.u_accel/gen_hl2[14].hl2_lif/CLK100MHZ_IBUF_BUFG
    SLICE_X58Y11         FDCE                                         r  u_accel/gen_nn_standard.u_accel/gen_hl2[14].hl2_lif/membrane_potential_reg[23]/C
  -------------------------------------------------------------------    -------------------
    SLICE_X58Y11         FDCE (Prop_fdce_C_Q)         0.478     5.881 r  u_accel/gen_nn_standard.u_accel/gen_hl2[14].hl2_lif/membrane_potential_reg[23]/Q
                         net (fo=27, routed)          0.754     6.635    u_accel/gen_nn_standard.u_accel/gen_hl2[14].hl2_lif/membrane_out[23]
    DSP48_X1Y4           DSP48E1 (Prop_dsp48e1_A[23]_P[7])
                                                      4.018    10.653 r  u_accel/gen_nn_standard.u_accel/gen_hl2[14].hl2_lif/membrane_potential3/P[7]
                         net (fo=2, routed)           0.815    11.468    u_accel/gen_nn_standard.u_accel/gen_hl2[14].hl2_lif/membrane_potential2[0]
    SLICE_X56Y10         LUT2 (Prop_lut2_I0_O)        0.124    11.592 r  u_accel/gen_nn_standard.u_accel/gen_hl2[14].hl2_lif/membrane_potential[3]_i_6__16/O
                         net (fo=1, routed)           0.000    11.592    u_accel/gen_nn_standard.u_accel/gen_hl2[14].hl2_lif/membrane_potential[3]_i_6__16_n_0
    SLICE_X56Y10         CARRY4 (Prop_carry4_S[0]_CO[3])
                                                      0.513    12.105 r  u_accel/gen_nn_standard.u_accel/gen_hl2[14].hl2_lif/membrane_potential_reg[3]_i_2__16/CO[3]
                         net (fo=1, routed)           0.000    12.105    u_accel/gen_nn_standard.u_accel/gen_hl2[14].hl2_lif/membrane_potential_reg[3]_i_2__16_n_0
    SLICE_X56Y11         CARRY4 (Prop_carry4_CI_CO[3])
                                                      0.117    12.222 r  u_accel/gen_nn_standard.u_accel/gen_hl2[14].hl2_lif/membrane_potential_reg[7]_i_2__16/CO[3]
                         net (fo=1, routed)           0.000    12.222    u_accel/gen_nn_standard.u_accel/gen_hl2[14].hl2_lif/membrane_potential_reg[7]_i_2__16_n_0
    SLICE_X56Y12         CARRY4 (Prop_carry4_CI_CO[3])
                                                      0.117    12.339 r  u_accel/gen_nn_standard.u_accel/gen_hl2[14].hl2_lif/membrane_potential_reg[11]_i_2__16/CO[3]
                         net (fo=1, routed)           0.000    12.339    u_accel/gen_nn_standard.u_accel/gen_hl2[14].hl2_lif/membrane_potential_reg[11]_i_2__16_n_0
    SLICE_X56Y13         CARRY4 (Prop_carry4_CI_CO[3])
                                                      0.117    12.456 r  u_accel/gen_nn_standard.u_accel/gen_hl2[14].hl2_lif/membrane_potential_reg[15]_i_2__16/CO[3]
                         net (fo=1, routed)           0.000    12.456    u_accel/gen_nn_standard.u_accel/gen_hl2[14].hl2_lif/membrane_potential_reg[15]_i_2__16_n_0
    SLICE_X56Y14         CARRY4 (Prop_carry4_CI_O[1])
                                                      0.323    12.779 f  u_accel/gen_nn_standard.u_accel/gen_hl2[14].hl2_lif/membrane_potential_reg[19]_i_2__16/O[1]
                         net (fo=3, routed)           0.818    13.596    u_accel/gen_nn_standard.u_accel/gen_hl2[14].hl2_lif/membrane_potential0[17]
    SLICE_X55Y12         LUT2 (Prop_lut2_I1_O)        0.306    13.902 r  u_accel/gen_nn_standard.u_accel/gen_hl2[14].hl2_lif/spike_prev_i_11__16/O
                         net (fo=1, routed)           0.000    13.902    u_accel/gen_nn_standard.u_accel/gen_hl2[14].hl2_lif/spike_prev_i_11__16_n_0
    SLICE_X55Y12         CARRY4 (Prop_carry4_S[0]_CO[3])
                                                      0.532    14.434 r  u_accel/gen_nn_standard.u_accel/gen_hl2[14].hl2_lif/spike_prev_reg_i_2__16/CO[3]
                         net (fo=1, routed)           0.659    15.094    u_accel/gen_nn_standard.u_accel/gen_hl2[14].hl2_lif/next_spike
    SLICE_X54Y12         LUT2 (Prop_lut2_I0_O)        0.124    15.218 r  u_accel/gen_nn_standard.u_accel/gen_hl2[14].hl2_lif/spike_prev_i_1__17/O
                         net (fo=1, routed)           0.000    15.218    u_accel/gen_nn_standard.u_accel/gen_hl2[14].hl2_lif/spike_prev_i_1__17_n_0
    SLICE_X54Y12         FDCE                                         r  u_accel/gen_nn_standard.u_accel/gen_hl2[14].hl2_lif/spike_prev_reg/D
  -------------------------------------------------------------------    -------------------

                         (clock sys_clk_pin rise edge)
                                                     10.000    10.000 r  
    E3                                                0.000    10.000 r  CLK100MHZ (IN)
                         net (fo=0)                   0.000    10.000    CLK100MHZ
    E3                   IBUF (Prop_ibuf_I_O)         1.411    11.411 r  CLK100MHZ_IBUF_inst/O
                         net (fo=1, routed)           1.920    13.331    CLK100MHZ_IBUF
    BUFGCTRL_X0Y16       BUFG (Prop_bufg_I_O)         0.091    13.422 r  CLK100MHZ_IBUF_BUFG_inst/O
                         net (fo=20885, routed)       1.665    15.087    u_accel/gen_nn_standard.u_accel/gen_hl2[14].hl2_lif/CLK100MHZ_IBUF_BUFG
    SLICE_X54Y12         FDCE                                         r  u_accel/gen_nn_standard.u_accel/gen_hl2[14].hl2_lif/spike_prev_reg/C
                         clock pessimism              0.267    15.355    
                         clock uncertainty           -0.035    15.319    
    SLICE_X54Y12         FDCE (Setup_fdce_C_D)        0.081    15.400    u_accel/gen_nn_standard.u_accel/gen_hl2[14].hl2_lif/spike_prev_reg
  -------------------------------------------------------------------
                         required time                         15.400    
                         arrival time                         -15.218    
  -------------------------------------------------------------------
                         slack                                  0.182    

Slack (MET) :             0.185ns  (required time - arrival time)
  Source:                 u_accel/gen_nn_standard.u_accel/gen_hl2[22].hl2_lif/membrane_potential_reg[23]/C
                            (rising edge-triggered cell FDCE clocked by sys_clk_pin  {rise@0.000ns fall@5.000ns period=10.000ns})
  Destination:            u_accel/gen_nn_standard.u_accel/gen_hl2[22].hl2_lif/spike_prev_reg/D
                            (rising edge-triggered cell FDCE clocked by sys_clk_pin  {rise@0.000ns fall@5.000ns period=10.000ns})
  Path Group:             sys_clk_pin
  Path Type:              Setup (Max at Slow Process Corner)
  Requirement:            10.000ns  (sys_clk_pin rise@10.000ns - sys_clk_pin rise@0.000ns)
  Data Path Delay:        9.765ns  (logic 6.604ns (67.626%)  route 3.161ns (32.374%))
  Logic Levels:           11  (CARRY4=7 DSP48E1=1 LUT2=3)
  Clock Path Skew:        -0.045ns (DCD - SCD + CPR)
    Destination Clock Delay (DCD):    5.102ns = ( 15.102 - 10.000 ) 
    Source Clock Delay      (SCD):    5.415ns
    Clock Pessimism Removal (CPR):    0.267ns
  Clock Uncertainty:      0.035ns  ((TSJ^2 + TIJ^2)^1/2 + DJ) / 2 + PE
    Total System Jitter     (TSJ):    0.071ns
    Total Input Jitter      (TIJ):    0.000ns
    Discrete Jitter          (DJ):    0.000ns
    Phase Error              (PE):    0.000ns

    Location             Delay type                Incr(ns)  Path(ns)    Netlist Resource(s)
  -------------------------------------------------------------------    -------------------
                         (clock sys_clk_pin rise edge)
                                                      0.000     0.000 r  
    E3                                                0.000     0.000 r  CLK100MHZ (IN)
                         net (fo=0)                   0.000     0.000    CLK100MHZ
    E3                   IBUF (Prop_ibuf_I_O)         1.482     1.482 r  CLK100MHZ_IBUF_inst/O
                         net (fo=1, routed)           2.025     3.506    CLK100MHZ_IBUF
    BUFGCTRL_X0Y16       BUFG (Prop_bufg_I_O)         0.096     3.602 r  CLK100MHZ_IBUF_BUFG_inst/O
                         net (fo=20885, routed)       1.812     5.415    u_accel/gen_nn_standard.u_accel/gen_hl2[22].hl2_lif/CLK100MHZ_IBUF_BUFG
    SLICE_X11Y16         FDCE                                         r  u_accel/gen_nn_standard.u_accel/gen_hl2[22].hl2_lif/membrane_potential_reg[23]/C
  -------------------------------------------------------------------    -------------------
    SLICE_X11Y16         FDCE (Prop_fdce_C_Q)         0.419     5.834 r  u_accel/gen_nn_standard.u_accel/gen_hl2[22].hl2_lif/membrane_potential_reg[23]/Q
                         net (fo=27, routed)          0.631     6.465    u_accel/gen_nn_standard.u_accel/gen_hl2[22].hl2_lif/membrane_out[23]
    DSP48_X0Y7           DSP48E1 (Prop_dsp48e1_A[25]_P[8])
                                                      4.014    10.479 r  u_accel/gen_nn_standard.u_accel/gen_hl2[22].hl2_lif/membrane_potential3/P[8]
                         net (fo=2, routed)           0.910    11.388    u_accel/gen_nn_standard.u_accel/gen_hl2[22].hl2_lif/membrane_potential2[1]
    SLICE_X13Y15         LUT2 (Prop_lut2_I0_O)        0.124    11.512 r  u_accel/gen_nn_standard.u_accel/gen_hl2[22].hl2_lif/membrane_potential[3]_i_5__4/O
                         net (fo=1, routed)           0.000    11.512    u_accel/gen_nn_standard.u_accel/gen_hl2[22].hl2_lif/membrane_potential[3]_i_5__4_n_0
    SLICE_X13Y15         CARRY4 (Prop_carry4_S[1]_CO[3])
                                                      0.550    12.062 r  u_accel/gen_nn_standard.u_accel/gen_hl2[22].hl2_lif/membrane_potential_reg[3]_i_2__4/CO[3]
                         net (fo=1, routed)           0.000    12.062    u_accel/gen_nn_standard.u_accel/gen_hl2[22].hl2_lif/membrane_potential_reg[3]_i_2__4_n_0
    SLICE_X13Y16         CARRY4 (Prop_carry4_CI_CO[3])
                                                      0.114    12.176 r  u_accel/gen_nn_standard.u_accel/gen_hl2[22].hl2_lif/membrane_potential_reg[7]_i_2__4/CO[3]
                         net (fo=1, routed)           0.000    12.176    u_accel/gen_nn_standard.u_accel/gen_hl2[22].hl2_lif/membrane_potential_reg[7]_i_2__4_n_0
    SLICE_X13Y17         CARRY4 (Prop_carry4_CI_CO[3])
                                                      0.114    12.290 r  u_accel/gen_nn_standard.u_accel/gen_hl2[22].hl2_lif/membrane_potential_reg[11]_i_2__4/CO[3]
                         net (fo=1, routed)           0.000    12.290    u_accel/gen_nn_standard.u_accel/gen_hl2[22].hl2_lif/membrane_potential_reg[11]_i_2__4_n_0
    SLICE_X13Y18         CARRY4 (Prop_carry4_CI_CO[3])
                                                      0.114    12.404 r  u_accel/gen_nn_standard.u_accel/gen_hl2[22].hl2_lif/membrane_potential_reg[15]_i_2__4/CO[3]
                         net (fo=1, routed)           0.000    12.404    u_accel/gen_nn_standard.u_accel/gen_hl2[22].hl2_lif/membrane_potential_reg[15]_i_2__4_n_0
    SLICE_X13Y19         CARRY4 (Prop_carry4_CI_CO[3])
                                                      0.114    12.518 r  u_accel/gen_nn_standard.u_accel/gen_hl2[22].hl2_lif/membrane_potential_reg[19]_i_2__4/CO[3]
                         net (fo=1, routed)           0.000    12.518    u_accel/gen_nn_standard.u_accel/gen_hl2[22].hl2_lif/membrane_potential_reg[19]_i_2__4_n_0
    SLICE_X13Y20         CARRY4 (Prop_carry4_CI_O[2])
                                                      0.239    12.757 f  u_accel/gen_nn_standard.u_accel/gen_hl2[22].hl2_lif/membrane_potential_reg[23]_i_2__3/O[2]
                         net (fo=3, routed)           0.768    13.525    u_accel/gen_nn_standard.u_accel/gen_hl2[22].hl2_lif/membrane_potential0[22]
    SLICE_X12Y18         LUT2 (Prop_lut2_I0_O)        0.302    13.827 r  u_accel/gen_nn_standard.u_accel/gen_hl2[22].hl2_lif/spike_prev_i_8__4/O
                         net (fo=1, routed)           0.000    13.827    u_accel/gen_nn_standard.u_accel/gen_hl2[22].hl2_lif/spike_prev_i_8__4_n_0
    SLICE_X12Y18         CARRY4 (Prop_carry4_S[3]_CO[3])
                                                      0.376    14.203 r  u_accel/gen_nn_standard.u_accel/gen_hl2[22].hl2_lif/spike_prev_reg_i_2__4/CO[3]
                         net (fo=1, routed)           0.853    15.056    u_accel/gen_nn_standard.u_accel/gen_hl2[22].hl2_lif/next_spike
    SLICE_X13Y21         LUT2 (Prop_lut2_I0_O)        0.124    15.180 r  u_accel/gen_nn_standard.u_accel/gen_hl2[22].hl2_lif/spike_prev_i_1__7/O
                         net (fo=1, routed)           0.000    15.180    u_accel/gen_nn_standard.u_accel/gen_hl2[22].hl2_lif/spike_prev_i_1__7_n_0
    SLICE_X13Y21         FDCE                                         r  u_accel/gen_nn_standard.u_accel/gen_hl2[22].hl2_lif/spike_prev_reg/D
  -------------------------------------------------------------------    -------------------

                         (clock sys_clk_pin rise edge)
                                                     10.000    10.000 r  
    E3                                                0.000    10.000 r  CLK100MHZ (IN)
                         net (fo=0)                   0.000    10.000    CLK100MHZ
    E3                   IBUF (Prop_ibuf_I_O)         1.411    11.411 r  CLK100MHZ_IBUF_inst/O
                         net (fo=1, routed)           1.920    13.331    CLK100MHZ_IBUF
    BUFGCTRL_X0Y16       BUFG (Prop_bufg_I_O)         0.091    13.422 r  CLK100MHZ_IBUF_BUFG_inst/O
                         net (fo=20885, routed)       1.680    15.102    u_accel/gen_nn_standard.u_accel/gen_hl2[22].hl2_lif/CLK100MHZ_IBUF_BUFG
    SLICE_X13Y21         FDCE                                         r  u_accel/gen_nn_standard.u_accel/gen_hl2[22].hl2_lif/spike_prev_reg/C
                         clock pessimism              0.267    15.370    
                         clock uncertainty           -0.035    15.334    
    SLICE_X13Y21         FDCE (Setup_fdce_C_D)        0.031    15.365    u_accel/gen_nn_standard.u_accel/gen_hl2[22].hl2_lif/spike_prev_reg
  -------------------------------------------------------------------
                         required time                         15.365    
                         arrival time                         -15.180    
  -------------------------------------------------------------------
                         slack                                  0.185    

Slack (MET) :             0.188ns  (required time - arrival time)
  Source:                 u_accel/gen_nn_standard.u_accel/gen_hl2[12].hl2_lif/membrane_potential_reg[23]/C
                            (rising edge-triggered cell FDCE clocked by sys_clk_pin  {rise@0.000ns fall@5.000ns period=10.000ns})
  Destination:            u_accel/gen_nn_standard.u_accel/gen_hl2[12].hl2_lif/spike_prev_reg/D
                            (rising edge-triggered cell FDCE clocked by sys_clk_pin  {rise@0.000ns fall@5.000ns period=10.000ns})
  Path Group:             sys_clk_pin
  Path Type:              Setup (Max at Slow Process Corner)
  Requirement:            10.000ns  (sys_clk_pin rise@10.000ns - sys_clk_pin rise@0.000ns)
  Data Path Delay:        9.786ns  (logic 6.728ns (68.751%)  route 3.058ns (31.249%))
  Logic Levels:           10  (CARRY4=6 DSP48E1=1 LUT2=3)
  Clock Path Skew:        -0.022ns (DCD - SCD + CPR)
    Destination Clock Delay (DCD):    5.109ns = ( 15.109 - 10.000 ) 
    Source Clock Delay      (SCD):    5.414ns
    Clock Pessimism Removal (CPR):    0.282ns
  Clock Uncertainty:      0.035ns  ((TSJ^2 + TIJ^2)^1/2 + DJ) / 2 + PE
    Total System Jitter     (TSJ):    0.071ns
    Total Input Jitter      (TIJ):    0.000ns
    Discrete Jitter          (DJ):    0.000ns
    Phase Error              (PE):    0.000ns

    Location             Delay type                Incr(ns)  Path(ns)    Netlist Resource(s)
  -------------------------------------------------------------------    -------------------
                         (clock sys_clk_pin rise edge)
                                                      0.000     0.000 r  
    E3                                                0.000     0.000 r  CLK100MHZ (IN)
                         net (fo=0)                   0.000     0.000    CLK100MHZ
    E3                   IBUF (Prop_ibuf_I_O)         1.482     1.482 r  CLK100MHZ_IBUF_inst/O
                         net (fo=1, routed)           2.025     3.506    CLK100MHZ_IBUF
    BUFGCTRL_X0Y16       BUFG (Prop_bufg_I_O)         0.096     3.602 r  CLK100MHZ_IBUF_BUFG_inst/O
                         net (fo=20885, routed)       1.811     5.414    u_accel/gen_nn_standard.u_accel/gen_hl2[12].hl2_lif/CLK100MHZ_IBUF_BUFG
    SLICE_X11Y32         FDCE                                         r  u_accel/gen_nn_standard.u_accel/gen_hl2[12].hl2_lif/membrane_potential_reg[23]/C
  -------------------------------------------------------------------    -------------------
    SLICE_X11Y32         FDCE (Prop_fdce_C_Q)         0.419     5.833 r  u_accel/gen_nn_standard.u_accel/gen_hl2[12].hl2_lif/membrane_potential_reg[23]/Q
                         net (fo=27, routed)          0.703     6.536    u_accel/gen_nn_standard.u_accel/gen_hl2[12].hl2_lif/membrane_out[23]
    DSP48_X0Y13          DSP48E1 (Prop_dsp48e1_A[23]_P[8])
                                                      4.016    10.552 r  u_accel/gen_nn_standard.u_accel/gen_hl2[12].hl2_lif/membrane_potential3/P[8]
                         net (fo=2, routed)           0.920    11.472    u_accel/gen_nn_standard.u_accel/gen_hl2[12].hl2_lif/membrane_potential2[1]
    SLICE_X10Y30         LUT2 (Prop_lut2_I0_O)        0.124    11.596 r  u_accel/gen_nn_standard.u_accel/gen_hl2[12].hl2_lif/membrane_potential[3]_i_5__14/O
                         net (fo=1, routed)           0.000    11.596    u_accel/gen_nn_standard.u_accel/gen_hl2[12].hl2_lif/membrane_potential[3]_i_5__14_n_0
    SLICE_X10Y30         CARRY4 (Prop_carry4_S[1]_CO[3])
                                                      0.533    12.129 r  u_accel/gen_nn_standard.u_accel/gen_hl2[12].hl2_lif/membrane_potential_reg[3]_i_2__14/CO[3]
                         net (fo=1, routed)           0.000    12.129    u_accel/gen_nn_standard.u_accel/gen_hl2[12].hl2_lif/membrane_potential_reg[3]_i_2__14_n_0
    SLICE_X10Y31         CARRY4 (Prop_carry4_CI_CO[3])
                                                      0.117    12.246 r  u_accel/gen_nn_standard.u_accel/gen_hl2[12].hl2_lif/membrane_potential_reg[7]_i_2__14/CO[3]
                         net (fo=1, routed)           0.000    12.246    u_accel/gen_nn_standard.u_accel/gen_hl2[12].hl2_lif/membrane_potential_reg[7]_i_2__14_n_0
    SLICE_X10Y32         CARRY4 (Prop_carry4_CI_CO[3])
                                                      0.117    12.363 r  u_accel/gen_nn_standard.u_accel/gen_hl2[12].hl2_lif/membrane_potential_reg[11]_i_2__14/CO[3]
                         net (fo=1, routed)           0.000    12.363    u_accel/gen_nn_standard.u_accel/gen_hl2[12].hl2_lif/membrane_potential_reg[11]_i_2__14_n_0
    SLICE_X10Y33         CARRY4 (Prop_carry4_CI_CO[3])
                                                      0.117    12.480 r  u_accel/gen_nn_standard.u_accel/gen_hl2[12].hl2_lif/membrane_potential_reg[15]_i_2__14/CO[3]
                         net (fo=1, routed)           0.000    12.480    u_accel/gen_nn_standard.u_accel/gen_hl2[12].hl2_lif/membrane_potential_reg[15]_i_2__14_n_0
    SLICE_X10Y34         CARRY4 (Prop_carry4_CI_O[1])
                                                      0.323    12.803 f  u_accel/gen_nn_standard.u_accel/gen_hl2[12].hl2_lif/membrane_potential_reg[19]_i_2__14/O[1]
                         net (fo=3, routed)           0.677    13.480    u_accel/gen_nn_standard.u_accel/gen_hl2[12].hl2_lif/membrane_potential0[17]
    SLICE_X9Y34          LUT2 (Prop_lut2_I1_O)        0.306    13.786 r  u_accel/gen_nn_standard.u_accel/gen_hl2[12].hl2_lif/spike_prev_i_11__14/O
                         net (fo=1, routed)           0.000    13.786    u_accel/gen_nn_standard.u_accel/gen_hl2[12].hl2_lif/spike_prev_i_11__14_n_0
    SLICE_X9Y34          CARRY4 (Prop_carry4_S[0]_CO[3])
                                                      0.532    14.318 r  u_accel/gen_nn_standard.u_accel/gen_hl2[12].hl2_lif/spike_prev_reg_i_2__14/CO[3]
                         net (fo=1, routed)           0.758    15.076    u_accel/gen_nn_standard.u_accel/gen_hl2[12].hl2_lif/next_spike
    SLICE_X11Y34         LUT2 (Prop_lut2_I0_O)        0.124    15.200 r  u_accel/gen_nn_standard.u_accel/gen_hl2[12].hl2_lif/spike_prev_i_1__16/O
                         net (fo=1, routed)           0.000    15.200    u_accel/gen_nn_standard.u_accel/gen_hl2[12].hl2_lif/spike_prev_i_1__16_n_0
    SLICE_X11Y34         FDCE                                         r  u_accel/gen_nn_standard.u_accel/gen_hl2[12].hl2_lif/spike_prev_reg/D
  -------------------------------------------------------------------    -------------------

                         (clock sys_clk_pin rise edge)
                                                     10.000    10.000 r  
    E3                                                0.000    10.000 r  CLK100MHZ (IN)
                         net (fo=0)                   0.000    10.000    CLK100MHZ
    E3                   IBUF (Prop_ibuf_I_O)         1.411    11.411 r  CLK100MHZ_IBUF_inst/O
                         net (fo=1, routed)           1.920    13.331    CLK100MHZ_IBUF
    BUFGCTRL_X0Y16       BUFG (Prop_bufg_I_O)         0.091    13.422 r  CLK100MHZ_IBUF_BUFG_inst/O
                         net (fo=20885, routed)       1.687    15.109    u_accel/gen_nn_standard.u_accel/gen_hl2[12].hl2_lif/CLK100MHZ_IBUF_BUFG
    SLICE_X11Y34         FDCE                                         r  u_accel/gen_nn_standard.u_accel/gen_hl2[12].hl2_lif/spike_prev_reg/C
                         clock pessimism              0.282    15.392    
                         clock uncertainty           -0.035    15.356    
    SLICE_X11Y34         FDCE (Setup_fdce_C_D)        0.031    15.387    u_accel/gen_nn_standard.u_accel/gen_hl2[12].hl2_lif/spike_prev_reg
  -------------------------------------------------------------------
                         required time                         15.387    
                         arrival time                         -15.200    
  -------------------------------------------------------------------
                         slack                                  0.188    





Min Delay Paths
--------------------------------------------------------------------------------------
Slack (MET) :             0.005ns  (arrival time - required time)
  Source:                 u_accel/gen_nn_standard.u_accel/gen_hl2[13].membrane_buf/membrane_storage_reg[19][9]/C
                            (rising edge-triggered cell FDCE clocked by sys_clk_pin  {rise@0.000ns fall@5.000ns period=10.000ns})
  Destination:            u_accel/gen_nn_standard.u_accel/gen_hl2[13].membrane_buf/membrane_out_reg[9]/D
                            (rising edge-triggered cell FDCE clocked by sys_clk_pin  {rise@0.000ns fall@5.000ns period=10.000ns})
  Path Group:             sys_clk_pin
  Path Type:              Hold (Min at Fast Process Corner)
  Requirement:            0.000ns  (sys_clk_pin rise@0.000ns - sys_clk_pin rise@0.000ns)
  Data Path Delay:        0.461ns  (logic 0.254ns (55.126%)  route 0.207ns (44.874%))
  Logic Levels:           2  (LUT5=1 LUT6=1)
  Clock Path Skew:        0.336ns (DCD - SCD - CPR)
    Destination Clock Delay (DCD):    2.078ns
    Source Clock Delay      (SCD):    1.491ns
    Clock Pessimism Removal (CPR):    0.250ns

    Location             Delay type                Incr(ns)  Path(ns)    Netlist Resource(s)
  -------------------------------------------------------------------    -------------------
                         (clock sys_clk_pin rise edge)
                                                      0.000     0.000 r  
    E3                                                0.000     0.000 r  CLK100MHZ (IN)
                         net (fo=0)                   0.000     0.000    CLK100MHZ
    E3                   IBUF (Prop_ibuf_I_O)         0.250     0.250 r  CLK100MHZ_IBUF_inst/O
                         net (fo=1, routed)           0.644     0.894    CLK100MHZ_IBUF
    BUFGCTRL_X0Y16       BUFG (Prop_bufg_I_O)         0.026     0.920 r  CLK100MHZ_IBUF_BUFG_inst/O
                         net (fo=20885, routed)       0.572     1.491    u_accel/gen_nn_standard.u_accel/gen_hl2[13].membrane_buf/CLK100MHZ_IBUF_BUFG
    SLICE_X30Y50         FDCE                                         r  u_accel/gen_nn_standard.u_accel/gen_hl2[13].membrane_buf/membrane_storage_reg[19][9]/C
  -------------------------------------------------------------------    -------------------
    SLICE_X30Y50         FDCE (Prop_fdce_C_Q)         0.164     1.655 r  u_accel/gen_nn_standard.u_accel/gen_hl2[13].membrane_buf/membrane_storage_reg[19][9]/Q
                         net (fo=1, routed)           0.151     1.806    u_accel/gen_nn_standard.u_accel/gen_hl2[13].membrane_buf/membrane_storage_reg[19]_564[9]
    SLICE_X30Y49         LUT6 (Prop_lut6_I0_O)        0.045     1.851 r  u_accel/gen_nn_standard.u_accel/gen_hl2[13].membrane_buf/membrane_out[9]_i_2/O
                         net (fo=1, routed)           0.056     1.907    u_accel/gen_nn_standard.u_accel/gen_hl2[13].membrane_buf/membrane_out[9]_i_2_n_0
    SLICE_X30Y49         LUT5 (Prop_lut5_I0_O)        0.045     1.952 r  u_accel/gen_nn_standard.u_accel/gen_hl2[13].membrane_buf/membrane_out[9]_i_1/O
                         net (fo=1, routed)           0.000     1.952    u_accel/gen_nn_standard.u_accel/gen_hl2[13].membrane_buf/membrane_storage[9]
    SLICE_X30Y49         FDCE                                         r  u_accel/gen_nn_standard.u_accel/gen_hl2[13].membrane_buf/membrane_out_reg[9]/D
  -------------------------------------------------------------------    -------------------

                         (clock sys_clk_pin rise edge)
                                                      0.000     0.000 r  
    E3                                                0.000     0.000 r  CLK100MHZ (IN)
                         net (fo=0)                   0.000     0.000    CLK100MHZ
    E3                   IBUF (Prop_ibuf_I_O)         0.438     0.438 r  CLK100MHZ_IBUF_inst/O
                         net (fo=1, routed)           0.699     1.136    CLK100MHZ_IBUF
    BUFGCTRL_X0Y16       BUFG (Prop_bufg_I_O)         0.029     1.165 r  CLK100MHZ_IBUF_BUFG_inst/O
                         net (fo=20885, routed)       0.913     2.078    u_accel/gen_nn_standard.u_accel/gen_hl2[13].membrane_buf/CLK100MHZ_IBUF_BUFG
    SLICE_X30Y49         FDCE                                         r  u_accel/gen_nn_standard.u_accel/gen_hl2[13].membrane_buf/membrane_out_reg[9]/C
                         clock pessimism             -0.250     1.827    
    SLICE_X30Y49         FDCE (Hold_fdce_C_D)         0.120     1.947    u_accel/gen_nn_standard.u_accel/gen_hl2[13].membrane_buf/membrane_out_reg[9]
  -------------------------------------------------------------------
                         required time                         -1.947    
                         arrival time                           1.952    
  -------------------------------------------------------------------
                         slack                                  0.005    

Slack (MET) :             0.036ns  (arrival time - required time)
  Source:                 u_accel/gen_nn_standard.u_accel/gen_hl2[17].membrane_buf/membrane_storage_reg[18][11]/C
                            (rising edge-triggered cell FDCE clocked by sys_clk_pin  {rise@0.000ns fall@5.000ns period=10.000ns})
  Destination:            u_accel/gen_nn_standard.u_accel/gen_hl2[17].membrane_buf/membrane_out_reg[11]/D
                            (rising edge-triggered cell FDCE clocked by sys_clk_pin  {rise@0.000ns fall@5.000ns period=10.000ns})
  Path Group:             sys_clk_pin
  Path Type:              Hold (Min at Fast Process Corner)
  Requirement:            0.000ns  (sys_clk_pin rise@0.000ns - sys_clk_pin rise@0.000ns)
  Data Path Delay:        0.467ns  (logic 0.231ns (49.500%)  route 0.236ns (50.500%))
  Logic Levels:           2  (LUT5=1 LUT6=1)
  Clock Path Skew:        0.339ns (DCD - SCD - CPR)
    Destination Clock Delay (DCD):    2.113ns
    Source Clock Delay      (SCD):    1.523ns
    Clock Pessimism Removal (CPR):    0.250ns

    Location             Delay type                Incr(ns)  Path(ns)    Netlist Resource(s)
  -------------------------------------------------------------------    -------------------
                         (clock sys_clk_pin rise edge)
                                                      0.000     0.000 r  
    E3                                                0.000     0.000 r  CLK100MHZ (IN)
                         net (fo=0)                   0.000     0.000    CLK100MHZ
    E3                   IBUF (Prop_ibuf_I_O)         0.250     0.250 r  CLK100MHZ_IBUF_inst/O
                         net (fo=1, routed)           0.644     0.894    CLK100MHZ_IBUF
    BUFGCTRL_X0Y16       BUFG (Prop_bufg_I_O)         0.026     0.920 r  CLK100MHZ_IBUF_BUFG_inst/O
                         net (fo=20885, routed)       0.604     1.523    u_accel/gen_nn_standard.u_accel/gen_hl2[17].membrane_buf/CLK100MHZ_IBUF_BUFG
    SLICE_X7Y50          FDCE                                         r  u_accel/gen_nn_standard.u_accel/gen_hl2[17].membrane_buf/membrane_storage_reg[18][11]/C
  -------------------------------------------------------------------    -------------------
    SLICE_X7Y50          FDCE (Prop_fdce_C_Q)         0.141     1.664 r  u_accel/gen_nn_standard.u_accel/gen_hl2[17].membrane_buf/membrane_storage_reg[18][11]/Q
                         net (fo=1, routed)           0.128     1.792    u_accel/gen_nn_standard.u_accel/gen_hl2[17].membrane_buf/membrane_storage_reg[18]_65[11]
    SLICE_X5Y49          LUT6 (Prop_lut6_I1_O)        0.045     1.837 r  u_accel/gen_nn_standard.u_accel/gen_hl2[17].membrane_buf/membrane_out[11]_i_2__1/O
                         net (fo=1, routed)           0.108     1.945    u_accel/gen_nn_standard.u_accel/gen_hl2[17].membrane_buf/membrane_out[11]_i_2__1_n_0
    SLICE_X3Y48          LUT5 (Prop_lut5_I0_O)        0.045     1.990 r  u_accel/gen_nn_standard.u_accel/gen_hl2[17].membrane_buf/membrane_out[11]_i_1__1/O
                         net (fo=1, routed)           0.000     1.990    u_accel/gen_nn_standard.u_accel/gen_hl2[17].membrane_buf/membrane_storage[11]
    SLICE_X3Y48          FDCE                                         r  u_accel/gen_nn_standard.u_accel/gen_hl2[17].membrane_buf/membrane_out_reg[11]/D
  -------------------------------------------------------------------    -------------------

                         (clock sys_clk_pin rise edge)
                                                      0.000     0.000 r  
    E3                                                0.000     0.000 r  CLK100MHZ (IN)
                         net (fo=0)                   0.000     0.000    CLK100MHZ
    E3                   IBUF (Prop_ibuf_I_O)         0.438     0.438 r  CLK100MHZ_IBUF_inst/O
                         net (fo=1, routed)           0.699     1.136    CLK100MHZ_IBUF
    BUFGCTRL_X0Y16       BUFG (Prop_bufg_I_O)         0.029     1.165 r  CLK100MHZ_IBUF_BUFG_inst/O
                         net (fo=20885, routed)       0.948     2.113    u_accel/gen_nn_standard.u_accel/gen_hl2[17].membrane_buf/CLK100MHZ_IBUF_BUFG
    SLICE_X3Y48          FDCE                                         r  u_accel/gen_nn_standard.u_accel/gen_hl2[17].membrane_buf/membrane_out_reg[11]/C
                         clock pessimism             -0.250     1.862    
    SLICE_X3Y48          FDCE (Hold_fdce_C_D)         0.092     1.954    u_accel/gen_nn_standard.u_accel/gen_hl2[17].membrane_buf/membrane_out_reg[11]
  -------------------------------------------------------------------
                         required time                         -1.954    
                         arrival time                           1.990    
  -------------------------------------------------------------------
                         slack                                  0.036    

Slack (MET) :             0.061ns  (arrival time - required time)
  Source:                 u_accel/u_ctrl/observations_reg[3][5]/C
                            (rising edge-triggered cell FDCE clocked by sys_clk_pin  {rise@0.000ns fall@5.000ns period=10.000ns})
  Destination:            u_accel/gen_nn_standard.u_accel/observations_registered_reg[3][5]/D
                            (rising edge-triggered cell FDCE clocked by sys_clk_pin  {rise@0.000ns fall@5.000ns period=10.000ns})
  Path Group:             sys_clk_pin
  Path Type:              Hold (Min at Fast Process Corner)
  Requirement:            0.000ns  (sys_clk_pin rise@0.000ns - sys_clk_pin rise@0.000ns)
  Data Path Delay:        0.408ns  (logic 0.141ns (34.583%)  route 0.267ns (65.417%))
  Logic Levels:           0  
  Clock Path Skew:        0.269ns (DCD - SCD - CPR)
    Destination Clock Delay (DCD):    2.001ns
    Source Clock Delay      (SCD):    1.481ns
    Clock Pessimism Removal (CPR):    0.250ns

    Location             Delay type                Incr(ns)  Path(ns)    Netlist Resource(s)
  -------------------------------------------------------------------    -------------------
                         (clock sys_clk_pin rise edge)
                                                      0.000     0.000 r  
    E3                                                0.000     0.000 r  CLK100MHZ (IN)
                         net (fo=0)                   0.000     0.000    CLK100MHZ
    E3                   IBUF (Prop_ibuf_I_O)         0.250     0.250 r  CLK100MHZ_IBUF_inst/O
                         net (fo=1, routed)           0.644     0.894    CLK100MHZ_IBUF
    BUFGCTRL_X0Y16       BUFG (Prop_bufg_I_O)         0.026     0.920 r  CLK100MHZ_IBUF_BUFG_inst/O
                         net (fo=20885, routed)       0.562     1.481    u_accel/u_ctrl/CLK100MHZ_IBUF_BUFG
    SLICE_X53Y88         FDCE                                         r  u_accel/u_ctrl/observations_reg[3][5]/C
  -------------------------------------------------------------------    -------------------
    SLICE_X53Y88         FDCE (Prop_fdce_C_Q)         0.141     1.622 r  u_accel/u_ctrl/observations_reg[3][5]/Q
                         net (fo=9, routed)           0.267     1.889    u_accel/gen_nn_standard.u_accel/observations[3][5]
    SLICE_X43Y88         FDCE                                         r  u_accel/gen_nn_standard.u_accel/observations_registered_reg[3][5]/D
  -------------------------------------------------------------------    -------------------

                         (clock sys_clk_pin rise edge)
                                                      0.000     0.000 r  
    E3                                                0.000     0.000 r  CLK100MHZ (IN)
                         net (fo=0)                   0.000     0.000    CLK100MHZ
    E3                   IBUF (Prop_ibuf_I_O)         0.438     0.438 r  CLK100MHZ_IBUF_inst/O
                         net (fo=1, routed)           0.699     1.136    CLK100MHZ_IBUF
    BUFGCTRL_X0Y16       BUFG (Prop_bufg_I_O)         0.029     1.165 r  CLK100MHZ_IBUF_BUFG_inst/O
                         net (fo=20885, routed)       0.836     2.001    u_accel/gen_nn_standard.u_accel/CLK100MHZ_IBUF_BUFG
    SLICE_X43Y88         FDCE                                         r  u_accel/gen_nn_standard.u_accel/observations_registered_reg[3][5]/C
                         clock pessimism             -0.250     1.750    
    SLICE_X43Y88         FDCE (Hold_fdce_C_D)         0.078     1.828    u_accel/gen_nn_standard.u_accel/observations_registered_reg[3][5]
  -------------------------------------------------------------------
                         required time                         -1.828    
                         arrival time                           1.889    
  -------------------------------------------------------------------
                         slack                                  0.061    

Slack (MET) :             0.061ns  (arrival time - required time)
  Source:                 u_accel/gen_nn_standard.u_accel/gen_hl2[30].hl2_lif/membrane_potential_reg[0]/C
                            (rising edge-triggered cell FDCE clocked by sys_clk_pin  {rise@0.000ns fall@5.000ns period=10.000ns})
  Destination:            u_accel/gen_nn_standard.u_accel/gen_hl2[30].membrane_buf/membrane_storage_reg[13][0]/D
                            (rising edge-triggered cell FDCE clocked by sys_clk_pin  {rise@0.000ns fall@5.000ns period=10.000ns})
  Path Group:             sys_clk_pin
  Path Type:              Hold (Min at Fast Process Corner)
  Requirement:            0.000ns  (sys_clk_pin rise@0.000ns - sys_clk_pin rise@0.000ns)
  Data Path Delay:        0.405ns  (logic 0.164ns (40.492%)  route 0.241ns (59.508%))
  Logic Levels:           0  
  Clock Path Skew:        0.268ns (DCD - SCD - CPR)
    Destination Clock Delay (DCD):    2.070ns
    Source Clock Delay      (SCD):    1.548ns
    Clock Pessimism Removal (CPR):    0.254ns

    Location             Delay type                Incr(ns)  Path(ns)    Netlist Resource(s)
  -------------------------------------------------------------------    -------------------
                         (clock sys_clk_pin rise edge)
                                                      0.000     0.000 r  
    E3                                                0.000     0.000 r  CLK100MHZ (IN)
                         net (fo=0)                   0.000     0.000    CLK100MHZ
    E3                   IBUF (Prop_ibuf_I_O)         0.250     0.250 r  CLK100MHZ_IBUF_inst/O
                         net (fo=1, routed)           0.644     0.894    CLK100MHZ_IBUF
    BUFGCTRL_X0Y16       BUFG (Prop_bufg_I_O)         0.026     0.920 r  CLK100MHZ_IBUF_BUFG_inst/O
                         net (fo=20885, routed)       0.628     1.548    u_accel/gen_nn_standard.u_accel/gen_hl2[30].hl2_lif/CLK100MHZ_IBUF_BUFG
    SLICE_X54Y10         FDCE                                         r  u_accel/gen_nn_standard.u_accel/gen_hl2[30].hl2_lif/membrane_potential_reg[0]/C
  -------------------------------------------------------------------    -------------------
    SLICE_X54Y10         FDCE (Prop_fdce_C_Q)         0.164     1.712 r  u_accel/gen_nn_standard.u_accel/gen_hl2[30].hl2_lif/membrane_potential_reg[0]/Q
                         net (fo=21, routed)          0.241     1.953    u_accel/gen_nn_standard.u_accel/gen_hl2[30].membrane_buf/D[0]
    SLICE_X48Y10         FDCE                                         r  u_accel/gen_nn_standard.u_accel/gen_hl2[30].membrane_buf/membrane_storage_reg[13][0]/D
  -------------------------------------------------------------------    -------------------

                         (clock sys_clk_pin rise edge)
                                                      0.000     0.000 r  
    E3                                                0.000     0.000 r  CLK100MHZ (IN)
                         net (fo=0)                   0.000     0.000    CLK100MHZ
    E3                   IBUF (Prop_ibuf_I_O)         0.438     0.438 r  CLK100MHZ_IBUF_inst/O
                         net (fo=1, routed)           0.699     1.136    CLK100MHZ_IBUF
    BUFGCTRL_X0Y16       BUFG (Prop_bufg_I_O)         0.029     1.165 r  CLK100MHZ_IBUF_BUFG_inst/O
                         net (fo=20885, routed)       0.905     2.070    u_accel/gen_nn_standard.u_accel/gen_hl2[30].membrane_buf/CLK100MHZ_IBUF_BUFG
    SLICE_X48Y10         FDCE                                         r  u_accel/gen_nn_standard.u_accel/gen_hl2[30].membrane_buf/membrane_storage_reg[13][0]/C
                         clock pessimism             -0.254     1.816    
    SLICE_X48Y10         FDCE (Hold_fdce_C_D)         0.076     1.892    u_accel/gen_nn_standard.u_accel/gen_hl2[30].membrane_buf/membrane_storage_reg[13][0]
  -------------------------------------------------------------------
                         required time                         -1.892    
                         arrival time                           1.953    
  -------------------------------------------------------------------
                         slack                                  0.061    

Slack (MET) :             0.069ns  (arrival time - required time)
  Source:                 u_accel/gen_nn_standard.u_accel/gen_hl2[26].hl2_lif/membrane_potential_reg[3]/C
                            (rising edge-triggered cell FDCE clocked by sys_clk_pin  {rise@0.000ns fall@5.000ns period=10.000ns})
  Destination:            u_accel/gen_nn_standard.u_accel/gen_hl2[26].membrane_buf/membrane_storage_reg[2][3]/D
                            (rising edge-triggered cell FDCE clocked by sys_clk_pin  {rise@0.000ns fall@5.000ns period=10.000ns})
  Path Group:             sys_clk_pin
  Path Type:              Hold (Min at Fast Process Corner)
  Requirement:            0.000ns  (sys_clk_pin rise@0.000ns - sys_clk_pin rise@0.000ns)
  Data Path Delay:        0.339ns  (logic 0.128ns (37.796%)  route 0.211ns (62.204%))
  Logic Levels:           0  
  Clock Path Skew:        0.263ns (DCD - SCD - CPR)
    Destination Clock Delay (DCD):    2.058ns
    Source Clock Delay      (SCD):    1.541ns
    Clock Pessimism Removal (CPR):    0.254ns

    Location             Delay type                Incr(ns)  Path(ns)    Netlist Resource(s)
  -------------------------------------------------------------------    -------------------
                         (clock sys_clk_pin rise edge)
                                                      0.000     0.000 r  
    E3                                                0.000     0.000 r  CLK100MHZ (IN)
                         net (fo=0)                   0.000     0.000    CLK100MHZ
    E3                   IBUF (Prop_ibuf_I_O)         0.250     0.250 r  CLK100MHZ_IBUF_inst/O
                         net (fo=1, routed)           0.644     0.894    CLK100MHZ_IBUF
    BUFGCTRL_X0Y16       BUFG (Prop_bufg_I_O)         0.026     0.920 r  CLK100MHZ_IBUF_BUFG_inst/O
                         net (fo=20885, routed)       0.621     1.541    u_accel/gen_nn_standard.u_accel/gen_hl2[26].hl2_lif/CLK100MHZ_IBUF_BUFG
    SLICE_X55Y20         FDCE                                         r  u_accel/gen_nn_standard.u_accel/gen_hl2[26].hl2_lif/membrane_potential_reg[3]/C
  -------------------------------------------------------------------    -------------------
    SLICE_X55Y20         FDCE (Prop_fdce_C_Q)         0.128     1.669 r  u_accel/gen_nn_standard.u_accel/gen_hl2[26].hl2_lif/membrane_potential_reg[3]/Q
                         net (fo=21, routed)          0.211     1.880    u_accel/gen_nn_standard.u_accel/gen_hl2[26].membrane_buf/D[3]
    SLICE_X50Y21         FDCE                                         r  u_accel/gen_nn_standard.u_accel/gen_hl2[26].membrane_buf/membrane_storage_reg[2][3]/D
  -------------------------------------------------------------------    -------------------

                         (clock sys_clk_pin rise edge)
                                                      0.000     0.000 r  
    E3                                                0.000     0.000 r  CLK100MHZ (IN)
                         net (fo=0)                   0.000     0.000    CLK100MHZ
    E3                   IBUF (Prop_ibuf_I_O)         0.438     0.438 r  CLK100MHZ_IBUF_inst/O
                         net (fo=1, routed)           0.699     1.136    CLK100MHZ_IBUF
    BUFGCTRL_X0Y16       BUFG (Prop_bufg_I_O)         0.029     1.165 r  CLK100MHZ_IBUF_BUFG_inst/O
                         net (fo=20885, routed)       0.893     2.058    u_accel/gen_nn_standard.u_accel/gen_hl2[26].membrane_buf/CLK100MHZ_IBUF_BUFG
    SLICE_X50Y21         FDCE                                         r  u_accel/gen_nn_standard.u_accel/gen_hl2[26].membrane_buf/membrane_storage_reg[2][3]/C
                         clock pessimism             -0.254     1.804    
    SLICE_X50Y21         FDCE (Hold_fdce_C_D)         0.007     1.811    u_accel/gen_nn_standard.u_accel/gen_hl2[26].membrane_buf/membrane_storage_reg[2][3]
  -------------------------------------------------------------------
                         required time                         -1.811    
                         arrival time                           1.880    
  -------------------------------------------------------------------
                         slack                                  0.069    

Slack (MET) :             0.070ns  (arrival time - required time)
  Source:                 u_accel/gen_nn_standard.u_accel/gen_hl2[31].hl2_lif/membrane_potential_reg[10]/C
                            (rising edge-triggered cell FDCE clocked by sys_clk_pin  {rise@0.000ns fall@5.000ns period=10.000ns})
  Destination:            u_accel/gen_nn_standard.u_accel/gen_hl2[31].membrane_buf/membrane_storage_reg[1][10]/D
                            (rising edge-triggered cell FDCE clocked by sys_clk_pin  {rise@0.000ns fall@5.000ns period=10.000ns})
  Path Group:             sys_clk_pin
  Path Type:              Hold (Min at Fast Process Corner)
  Requirement:            0.000ns  (sys_clk_pin rise@0.000ns - sys_clk_pin rise@0.000ns)
  Data Path Delay:        0.414ns  (logic 0.141ns (34.024%)  route 0.273ns (65.976%))
  Logic Levels:           0  
  Clock Path Skew:        0.268ns (DCD - SCD - CPR)
    Destination Clock Delay (DCD):    2.067ns
    Source Clock Delay      (SCD):    1.545ns
    Clock Pessimism Removal (CPR):    0.254ns

    Location             Delay type                Incr(ns)  Path(ns)    Netlist Resource(s)
  -------------------------------------------------------------------    -------------------
                         (clock sys_clk_pin rise edge)
                                                      0.000     0.000 r  
    E3                                                0.000     0.000 r  CLK100MHZ (IN)
                         net (fo=0)                   0.000     0.000    CLK100MHZ
    E3                   IBUF (Prop_ibuf_I_O)         0.250     0.250 r  CLK100MHZ_IBUF_inst/O
                         net (fo=1, routed)           0.644     0.894    CLK100MHZ_IBUF
    BUFGCTRL_X0Y16       BUFG (Prop_bufg_I_O)         0.026     0.920 r  CLK100MHZ_IBUF_BUFG_inst/O
                         net (fo=20885, routed)       0.625     1.545    u_accel/gen_nn_standard.u_accel/gen_hl2[31].hl2_lif/CLK100MHZ_IBUF_BUFG
    SLICE_X55Y33         FDCE                                         r  u_accel/gen_nn_standard.u_accel/gen_hl2[31].hl2_lif/membrane_potential_reg[10]/C
  -------------------------------------------------------------------    -------------------
    SLICE_X55Y33         FDCE (Prop_fdce_C_Q)         0.141     1.686 r  u_accel/gen_nn_standard.u_accel/gen_hl2[31].hl2_lif/membrane_potential_reg[10]/Q
                         net (fo=21, routed)          0.273     1.959    u_accel/gen_nn_standard.u_accel/gen_hl2[31].membrane_buf/D[10]
    SLICE_X49Y35         FDCE                                         r  u_accel/gen_nn_standard.u_accel/gen_hl2[31].membrane_buf/membrane_storage_reg[1][10]/D
  -------------------------------------------------------------------    -------------------

                         (clock sys_clk_pin rise edge)
                                                      0.000     0.000 r  
    E3                                                0.000     0.000 r  CLK100MHZ (IN)
                         net (fo=0)                   0.000     0.000    CLK100MHZ
    E3                   IBUF (Prop_ibuf_I_O)         0.438     0.438 r  CLK100MHZ_IBUF_inst/O
                         net (fo=1, routed)           0.699     1.136    CLK100MHZ_IBUF
    BUFGCTRL_X0Y16       BUFG (Prop_bufg_I_O)         0.029     1.165 r  CLK100MHZ_IBUF_BUFG_inst/O
                         net (fo=20885, routed)       0.902     2.067    u_accel/gen_nn_standard.u_accel/gen_hl2[31].membrane_buf/CLK100MHZ_IBUF_BUFG
    SLICE_X49Y35         FDCE                                         r  u_accel/gen_nn_standard.u_accel/gen_hl2[31].membrane_buf/membrane_storage_reg[1][10]/C
                         clock pessimism             -0.254     1.813    
    SLICE_X49Y35         FDCE (Hold_fdce_C_D)         0.076     1.889    u_accel/gen_nn_standard.u_accel/gen_hl2[31].membrane_buf/membrane_storage_reg[1][10]
  -------------------------------------------------------------------
                         required time                         -1.889    
                         arrival time                           1.959    
  -------------------------------------------------------------------
                         slack                                  0.070    

Slack (MET) :             0.078ns  (arrival time - required time)
  Source:                 u_accel/gen_nn_standard.u_accel/gen_hl2[26].hl2_lif/membrane_potential_reg[20]/C
                            (rising edge-triggered cell FDCE clocked by sys_clk_pin  {rise@0.000ns fall@5.000ns period=10.000ns})
  Destination:            u_accel/gen_nn_standard.u_accel/gen_hl2[26].membrane_buf/membrane_storage_reg[15][20]/D
                            (rising edge-triggered cell FDCE clocked by sys_clk_pin  {rise@0.000ns fall@5.000ns period=10.000ns})
  Path Group:             sys_clk_pin
  Path Type:              Hold (Min at Fast Process Corner)
  Requirement:            0.000ns  (sys_clk_pin rise@0.000ns - sys_clk_pin rise@0.000ns)
  Data Path Delay:        0.391ns  (logic 0.141ns (36.074%)  route 0.250ns (63.926%))
  Logic Levels:           0  
  Clock Path Skew:        0.266ns (DCD - SCD - CPR)
    Destination Clock Delay (DCD):    2.061ns
    Source Clock Delay      (SCD):    1.541ns
    Clock Pessimism Removal (CPR):    0.254ns

    Location             Delay type                Incr(ns)  Path(ns)    Netlist Resource(s)
  -------------------------------------------------------------------    -------------------
                         (clock sys_clk_pin rise edge)
                                                      0.000     0.000 r  
    E3                                                0.000     0.000 r  CLK100MHZ (IN)
                         net (fo=0)                   0.000     0.000    CLK100MHZ
    E3                   IBUF (Prop_ibuf_I_O)         0.250     0.250 r  CLK100MHZ_IBUF_inst/O
                         net (fo=1, routed)           0.644     0.894    CLK100MHZ_IBUF
    BUFGCTRL_X0Y16       BUFG (Prop_bufg_I_O)         0.026     0.920 r  CLK100MHZ_IBUF_BUFG_inst/O
                         net (fo=20885, routed)       0.621     1.541    u_accel/gen_nn_standard.u_accel/gen_hl2[26].hl2_lif/CLK100MHZ_IBUF_BUFG
    SLICE_X55Y20         FDCE                                         r  u_accel/gen_nn_standard.u_accel/gen_hl2[26].hl2_lif/membrane_potential_reg[20]/C
  -------------------------------------------------------------------    -------------------
    SLICE_X55Y20         FDCE (Prop_fdce_C_Q)         0.141     1.682 r  u_accel/gen_nn_standard.u_accel/gen_hl2[26].hl2_lif/membrane_potential_reg[20]/Q
                         net (fo=21, routed)          0.250     1.932    u_accel/gen_nn_standard.u_accel/gen_hl2[26].membrane_buf/D[20]
    SLICE_X51Y18         FDCE                                         r  u_accel/gen_nn_standard.u_accel/gen_hl2[26].membrane_buf/membrane_storage_reg[15][20]/D
  -------------------------------------------------------------------    -------------------

                         (clock sys_clk_pin rise edge)
                                                      0.000     0.000 r  
    E3                                                0.000     0.000 r  CLK100MHZ (IN)
                         net (fo=0)                   0.000     0.000    CLK100MHZ
    E3                   IBUF (Prop_ibuf_I_O)         0.438     0.438 r  CLK100MHZ_IBUF_inst/O
                         net (fo=1, routed)           0.699     1.136    CLK100MHZ_IBUF
    BUFGCTRL_X0Y16       BUFG (Prop_bufg_I_O)         0.029     1.165 r  CLK100MHZ_IBUF_BUFG_inst/O
                         net (fo=20885, routed)       0.896     2.061    u_accel/gen_nn_standard.u_accel/gen_hl2[26].membrane_buf/CLK100MHZ_IBUF_BUFG
    SLICE_X51Y18         FDCE                                         r  u_accel/gen_nn_standard.u_accel/gen_hl2[26].membrane_buf/membrane_storage_reg[15][20]/C
                         clock pessimism             -0.254     1.807    
    SLICE_X51Y18         FDCE (Hold_fdce_C_D)         0.047     1.854    u_accel/gen_nn_standard.u_accel/gen_hl2[26].membrane_buf/membrane_storage_reg[15][20]
  -------------------------------------------------------------------
                         required time                         -1.854    
                         arrival time                           1.932    
  -------------------------------------------------------------------
                         slack                                  0.078    

Slack (MET) :             0.083ns  (arrival time - required time)
  Source:                 u_accel/u_ctrl/observations_reg[3][4]/C
                            (rising edge-triggered cell FDCE clocked by sys_clk_pin  {rise@0.000ns fall@5.000ns period=10.000ns})
  Destination:            u_accel/gen_nn_standard.u_accel/observations_registered_reg[3][4]/D
                            (rising edge-triggered cell FDCE clocked by sys_clk_pin  {rise@0.000ns fall@5.000ns period=10.000ns})
  Path Group:             sys_clk_pin
  Path Type:              Hold (Min at Fast Process Corner)
  Requirement:            0.000ns  (sys_clk_pin rise@0.000ns - sys_clk_pin rise@0.000ns)
  Data Path Delay:        0.417ns  (logic 0.141ns (33.790%)  route 0.276ns (66.210%))
  Logic Levels:           0  
  Clock Path Skew:        0.271ns (DCD - SCD - CPR)
    Destination Clock Delay (DCD):    2.003ns
    Source Clock Delay      (SCD):    1.481ns
    Clock Pessimism Removal (CPR):    0.250ns

    Location             Delay type                Incr(ns)  Path(ns)    Netlist Resource(s)
  -------------------------------------------------------------------    -------------------
                         (clock sys_clk_pin rise edge)
                                                      0.000     0.000 r  
    E3                                                0.000     0.000 r  CLK100MHZ (IN)
                         net (fo=0)                   0.000     0.000    CLK100MHZ
    E3                   IBUF (Prop_ibuf_I_O)         0.250     0.250 r  CLK100MHZ_IBUF_inst/O
                         net (fo=1, routed)           0.644     0.894    CLK100MHZ_IBUF
    BUFGCTRL_X0Y16       BUFG (Prop_bufg_I_O)         0.026     0.920 r  CLK100MHZ_IBUF_BUFG_inst/O
                         net (fo=20885, routed)       0.562     1.481    u_accel/u_ctrl/CLK100MHZ_IBUF_BUFG
    SLICE_X53Y88         FDCE                                         r  u_accel/u_ctrl/observations_reg[3][4]/C
  -------------------------------------------------------------------    -------------------
    SLICE_X53Y88         FDCE (Prop_fdce_C_Q)         0.141     1.622 r  u_accel/u_ctrl/observations_reg[3][4]/Q
                         net (fo=9, routed)           0.276     1.899    u_accel/gen_nn_standard.u_accel/observations[3][4]
    SLICE_X38Y88         FDCE                                         r  u_accel/gen_nn_standard.u_accel/observations_registered_reg[3][4]/D
  -------------------------------------------------------------------    -------------------

                         (clock sys_clk_pin rise edge)
                                                      0.000     0.000 r  
    E3                                                0.000     0.000 r  CLK100MHZ (IN)
                         net (fo=0)                   0.000     0.000    CLK100MHZ
    E3                   IBUF (Prop_ibuf_I_O)         0.438     0.438 r  CLK100MHZ_IBUF_inst/O
                         net (fo=1, routed)           0.699     1.136    CLK100MHZ_IBUF
    BUFGCTRL_X0Y16       BUFG (Prop_bufg_I_O)         0.029     1.165 r  CLK100MHZ_IBUF_BUFG_inst/O
                         net (fo=20885, routed)       0.838     2.003    u_accel/gen_nn_standard.u_accel/CLK100MHZ_IBUF_BUFG
    SLICE_X38Y88         FDCE                                         r  u_accel/gen_nn_standard.u_accel/observations_registered_reg[3][4]/C
                         clock pessimism             -0.250     1.752    
    SLICE_X38Y88         FDCE (Hold_fdce_C_D)         0.063     1.815    u_accel/gen_nn_standard.u_accel/observations_registered_reg[3][4]
  -------------------------------------------------------------------
                         required time                         -1.815    
                         arrival time                           1.899    
  -------------------------------------------------------------------
                         slack                                  0.083    

Slack (MET) :             0.088ns  (arrival time - required time)
  Source:                 u_accel/gen_nn_standard.u_accel/gen_hl2[31].hl2_lif/membrane_potential_reg[10]/C
                            (rising edge-triggered cell FDCE clocked by sys_clk_pin  {rise@0.000ns fall@5.000ns period=10.000ns})
  Destination:            u_accel/gen_nn_standard.u_accel/gen_hl2[31].membrane_buf/membrane_storage_reg[6][10]/D
                            (rising edge-triggered cell FDCE clocked by sys_clk_pin  {rise@0.000ns fall@5.000ns period=10.000ns})
  Path Group:             sys_clk_pin
  Path Type:              Hold (Min at Fast Process Corner)
  Requirement:            0.000ns  (sys_clk_pin rise@0.000ns - sys_clk_pin rise@0.000ns)
  Data Path Delay:        0.417ns  (logic 0.141ns (33.836%)  route 0.276ns (66.164%))
  Logic Levels:           0  
  Clock Path Skew:        0.266ns (DCD - SCD - CPR)
    Destination Clock Delay (DCD):    2.065ns
    Source Clock Delay      (SCD):    1.545ns
    Clock Pessimism Removal (CPR):    0.254ns

    Location             Delay type                Incr(ns)  Path(ns)    Netlist Resource(s)
  -------------------------------------------------------------------    -------------------
                         (clock sys_clk_pin rise edge)
                                                      0.000     0.000 r  
    E3                                                0.000     0.000 r  CLK100MHZ (IN)
                         net (fo=0)                   0.000     0.000    CLK100MHZ
    E3                   IBUF (Prop_ibuf_I_O)         0.250     0.250 r  CLK100MHZ_IBUF_inst/O
                         net (fo=1, routed)           0.644     0.894    CLK100MHZ_IBUF
    BUFGCTRL_X0Y16       BUFG (Prop_bufg_I_O)         0.026     0.920 r  CLK100MHZ_IBUF_BUFG_inst/O
                         net (fo=20885, routed)       0.625     1.545    u_accel/gen_nn_standard.u_accel/gen_hl2[31].hl2_lif/CLK100MHZ_IBUF_BUFG
    SLICE_X55Y33         FDCE                                         r  u_accel/gen_nn_standard.u_accel/gen_hl2[31].hl2_lif/membrane_potential_reg[10]/C
  -------------------------------------------------------------------    -------------------
    SLICE_X55Y33         FDCE (Prop_fdce_C_Q)         0.141     1.686 r  u_accel/gen_nn_standard.u_accel/gen_hl2[31].hl2_lif/membrane_potential_reg[10]/Q
                         net (fo=21, routed)          0.276     1.962    u_accel/gen_nn_standard.u_accel/gen_hl2[31].membrane_buf/D[10]
    SLICE_X50Y36         FDCE                                         r  u_accel/gen_nn_standard.u_accel/gen_hl2[31].membrane_buf/membrane_storage_reg[6][10]/D
  -------------------------------------------------------------------    -------------------

                         (clock sys_clk_pin rise edge)
                                                      0.000     0.000 r  
    E3                                                0.000     0.000 r  CLK100MHZ (IN)
                         net (fo=0)                   0.000     0.000    CLK100MHZ
    E3                   IBUF (Prop_ibuf_I_O)         0.438     0.438 r  CLK100MHZ_IBUF_inst/O
                         net (fo=1, routed)           0.699     1.136    CLK100MHZ_IBUF
    BUFGCTRL_X0Y16       BUFG (Prop_bufg_I_O)         0.029     1.165 r  CLK100MHZ_IBUF_BUFG_inst/O
                         net (fo=20885, routed)       0.900     2.065    u_accel/gen_nn_standard.u_accel/gen_hl2[31].membrane_buf/CLK100MHZ_IBUF_BUFG
    SLICE_X50Y36         FDCE                                         r  u_accel/gen_nn_standard.u_accel/gen_hl2[31].membrane_buf/membrane_storage_reg[6][10]/C
                         clock pessimism             -0.254     1.811    
    SLICE_X50Y36         FDCE (Hold_fdce_C_D)         0.063     1.874    u_accel/gen_nn_standard.u_accel/gen_hl2[31].membrane_buf/membrane_storage_reg[6][10]
  -------------------------------------------------------------------
                         required time                         -1.874    
                         arrival time                           1.962    
  -------------------------------------------------------------------
                         slack                                  0.088    

Slack (MET) :             0.090ns  (arrival time - required time)
  Source:                 u_accel/u_ctrl/observations_reg[3][12]/C
                            (rising edge-triggered cell FDCE clocked by sys_clk_pin  {rise@0.000ns fall@5.000ns period=10.000ns})
  Destination:            u_accel/u_ctrl/rsp_payload_reg[3][4]/D
                            (rising edge-triggered cell FDCE clocked by sys_clk_pin  {rise@0.000ns fall@5.000ns period=10.000ns})
  Path Group:             sys_clk_pin
  Path Type:              Hold (Min at Fast Process Corner)
  Requirement:            0.000ns  (sys_clk_pin rise@0.000ns - sys_clk_pin rise@0.000ns)
  Data Path Delay:        0.479ns  (logic 0.186ns (38.816%)  route 0.293ns (61.184%))
  Logic Levels:           1  (LUT6=1)
  Clock Path Skew:        0.269ns (DCD - SCD - CPR)
    Destination Clock Delay (DCD):    2.003ns
    Source Clock Delay      (SCD):    1.483ns
    Clock Pessimism Removal (CPR):    0.250ns

    Location             Delay type                Incr(ns)  Path(ns)    Netlist Resource(s)
  -------------------------------------------------------------------    -------------------
                         (clock sys_clk_pin rise edge)
                                                      0.000     0.000 r  
    E3                                                0.000     0.000 r  CLK100MHZ (IN)
                         net (fo=0)                   0.000     0.000    CLK100MHZ
    E3                   IBUF (Prop_ibuf_I_O)         0.250     0.250 r  CLK100MHZ_IBUF_inst/O
                         net (fo=1, routed)           0.644     0.894    CLK100MHZ_IBUF
    BUFGCTRL_X0Y16       BUFG (Prop_bufg_I_O)         0.026     0.920 r  CLK100MHZ_IBUF_BUFG_inst/O
                         net (fo=20885, routed)       0.564     1.483    u_accel/u_ctrl/CLK100MHZ_IBUF_BUFG
    SLICE_X53Y93         FDCE                                         r  u_accel/u_ctrl/observations_reg[3][12]/C
  -------------------------------------------------------------------    -------------------
    SLICE_X53Y93         FDCE (Prop_fdce_C_Q)         0.141     1.624 r  u_accel/u_ctrl/observations_reg[3][12]/Q
                         net (fo=9, routed)           0.293     1.918    u_accel/u_ctrl/observations[3][12]
    SLICE_X38Y89         LUT6 (Prop_lut6_I2_O)        0.045     1.963 r  u_accel/u_ctrl/rsp_payload[3][4]_i_1/O
                         net (fo=1, routed)           0.000     1.963    u_accel/u_ctrl/(null)[3].reg_data[4]
    SLICE_X38Y89         FDCE                                         r  u_accel/u_ctrl/rsp_payload_reg[3][4]/D
  -------------------------------------------------------------------    -------------------

                         (clock sys_clk_pin rise edge)
                                                      0.000     0.000 r  
    E3                                                0.000     0.000 r  CLK100MHZ (IN)
                         net (fo=0)                   0.000     0.000    CLK100MHZ
    E3                   IBUF (Prop_ibuf_I_O)         0.438     0.438 r  CLK100MHZ_IBUF_inst/O
                         net (fo=1, routed)           0.699     1.136    CLK100MHZ_IBUF
    BUFGCTRL_X0Y16       BUFG (Prop_bufg_I_O)         0.029     1.165 r  CLK100MHZ_IBUF_BUFG_inst/O
                         net (fo=20885, routed)       0.838     2.003    u_accel/u_ctrl/CLK100MHZ_IBUF_BUFG
    SLICE_X38Y89         FDCE                                         r  u_accel/u_ctrl/rsp_payload_reg[3][4]/C
                         clock pessimism             -0.250     1.752    
    SLICE_X38Y89         FDCE (Hold_fdce_C_D)         0.120     1.872    u_accel/u_ctrl/rsp_payload_reg[3][4]
  -------------------------------------------------------------------
                         required time                         -1.872    
                         arrival time                           1.963    
  -------------------------------------------------------------------
                         slack                                  0.090    





Pulse Width Checks
--------------------------------------------------------------------------------------
Clock Name:         sys_clk_pin
Waveform(ns):       { 0.000 5.000 }
Period(ns):         10.000
Sources:            { CLK100MHZ }

Check Type        Corner  Lib Pin      Reference Pin  Required(ns)  Actual(ns)  Slack(ns)  Location        Pin
Min Period        n/a     BUFG/I       n/a            2.155         10.000      7.845      BUFGCTRL_X0Y16  CLK100MHZ_IBUF_BUFG_inst/I
Min Period        n/a     DSP48E1/CLK  n/a            2.154         10.000      7.846      DSP48_X1Y20     u_accel/gen_nn_standard.u_accel/q_accum/p_0_out/CLK
Min Period        n/a     DSP48E1/CLK  n/a            2.154         10.000      7.846      DSP48_X1Y19     u_accel/gen_nn_standard.u_accel/q_accum/p_0_out__0/CLK
Min Period        n/a     FDCE/C       n/a            1.000         10.000      9.000      SLICE_X40Y97    action_q_reg/C
Min Period        n/a     FDRE/C       n/a            1.000         10.000      9.000      SLICE_X0Y51     heartbeat_count_reg[0]/C
Min Period        n/a     FDRE/C       n/a            1.000         10.000      9.000      SLICE_X0Y53     heartbeat_count_reg[10]/C
Min Period        n/a     FDRE/C       n/a            1.000         10.000      9.000      SLICE_X0Y53     heartbeat_count_reg[11]/C
Min Period        n/a     FDRE/C       n/a            1.000         10.000      9.000      SLICE_X0Y54     heartbeat_count_reg[12]/C
Min Period        n/a     FDRE/C       n/a            1.000         10.000      9.000      SLICE_X0Y54     heartbeat_count_reg[13]/C
Min Period        n/a     FDRE/C       n/a            1.000         10.000      9.000      SLICE_X0Y54     heartbeat_count_reg[14]/C
Low Pulse Width   Slow    FDCE/C       n/a            0.500         5.000       4.500      SLICE_X40Y97    action_q_reg/C
Low Pulse Width   Fast    FDCE/C       n/a            0.500         5.000       4.500      SLICE_X40Y97    action_q_reg/C
Low Pulse Width   Slow    FDRE/C       n/a            0.500         5.000       4.500      SLICE_X0Y51     heartbeat_count_reg[0]/C
Low Pulse Width   Fast    FDRE/C       n/a            0.500         5.000       4.500      SLICE_X0Y51     heartbeat_count_reg[0]/C
Low Pulse Width   Slow    FDRE/C       n/a            0.500         5.000       4.500      SLICE_X0Y53     heartbeat_count_reg[10]/C
Low Pulse Width   Fast    FDRE/C       n/a            0.500         5.000       4.500      SLICE_X0Y53     heartbeat_count_reg[10]/C
Low Pulse Width   Slow    FDRE/C       n/a            0.500         5.000       4.500      SLICE_X0Y53     heartbeat_count_reg[11]/C
Low Pulse Width   Fast    FDRE/C       n/a            0.500         5.000       4.500      SLICE_X0Y53     heartbeat_count_reg[11]/C
Low Pulse Width   Slow    FDRE/C       n/a            0.500         5.000       4.500      SLICE_X0Y54     heartbeat_count_reg[12]/C
Low Pulse Width   Fast    FDRE/C       n/a            0.500         5.000       4.500      SLICE_X0Y54     heartbeat_count_reg[12]/C
High Pulse Width  Slow    FDCE/C       n/a            0.500         5.000       4.500      SLICE_X40Y97    action_q_reg/C
High Pulse Width  Fast    FDCE/C       n/a            0.500         5.000       4.500      SLICE_X40Y97    action_q_reg/C
High Pulse Width  Slow    FDRE/C       n/a            0.500         5.000       4.500      SLICE_X0Y51     heartbeat_count_reg[0]/C
High Pulse Width  Fast    FDRE/C       n/a            0.500         5.000       4.500      SLICE_X0Y51     heartbeat_count_reg[0]/C
High Pulse Width  Slow    FDRE/C       n/a            0.500         5.000       4.500      SLICE_X0Y53     heartbeat_count_reg[10]/C
High Pulse Width  Fast    FDRE/C       n/a            0.500         5.000       4.500      SLICE_X0Y53     heartbeat_count_reg[10]/C
High Pulse Width  Slow    FDRE/C       n/a            0.500         5.000       4.500      SLICE_X0Y53     heartbeat_count_reg[11]/C
High Pulse Width  Fast    FDRE/C       n/a            0.500         5.000       4.500      SLICE_X0Y53     heartbeat_count_reg[11]/C
High Pulse Width  Slow    FDRE/C       n/a            0.500         5.000       4.500      SLICE_X0Y54     heartbeat_count_reg[12]/C
High Pulse Width  Fast    FDRE/C       n/a            0.500         5.000       4.500      SLICE_X0Y54     heartbeat_count_reg[12]/C



--------------------------------------------------------------------------------------
Path Group:  (none)
From Clock:  sys_clk_pin
  To Clock:  

Max Delay             4 Endpoints
Min Delay             4 Endpoints
--------------------------------------------------------------------------------------


Max Delay Paths
--------------------------------------------------------------------------------------
Slack:                    inf
  Source:                 u_accel/u_uart_tx/tx_reg/C
                            (rising edge-triggered cell FDPE clocked by sys_clk_pin  {rise@0.000ns fall@5.000ns period=10.000ns})
  Destination:            UART_RXD_OUT
                            (output port)
  Path Group:             (none)
  Path Type:              Max at Slow Process Corner
  Data Path Delay:        8.216ns  (logic 4.011ns (48.824%)  route 4.205ns (51.176%))
  Logic Levels:           1  (OBUF=1)
  Clock Uncertainty:      0.025ns  ((TSJ^2 + TIJ^2)^1/2 + DJ) / 2 + PE
    Total System Jitter     (TSJ):    0.050ns
    Total Input Jitter      (TIJ):    0.000ns
    Discrete Jitter          (DJ):    0.000ns
    Phase Error              (PE):    0.000ns

    Location             Delay type                Incr(ns)  Path(ns)    Netlist Resource(s)
  -------------------------------------------------------------------    -------------------
                         (clock sys_clk_pin rise edge)
                                                      0.000     0.000 r  
    E3                                                0.000     0.000 r  CLK100MHZ (IN)
                         net (fo=0)                   0.000     0.000    CLK100MHZ
    E3                   IBUF (Prop_ibuf_I_O)         1.482     1.482 r  CLK100MHZ_IBUF_inst/O
                         net (fo=1, routed)           2.025     3.506    CLK100MHZ_IBUF
    BUFGCTRL_X0Y16       BUFG (Prop_bufg_I_O)         0.096     3.602 r  CLK100MHZ_IBUF_BUFG_inst/O
                         net (fo=20885, routed)       1.625     5.227    u_accel/u_uart_tx/CLK100MHZ_IBUF_BUFG
    SLICE_X37Y100        FDPE                                         r  u_accel/u_uart_tx/tx_reg/C
  -------------------------------------------------------------------    -------------------
    SLICE_X37Y100        FDPE (Prop_fdpe_C_Q)         0.456     5.683 r  u_accel/u_uart_tx/tx_reg/Q
                         net (fo=1, routed)           4.205     9.888    UART_RXD_OUT_OBUF
    D4                   OBUF (Prop_obuf_I_O)         3.555    13.443 r  UART_RXD_OUT_OBUF_inst/O
                         net (fo=0)                   0.000    13.443    UART_RXD_OUT
    D4                                                                r  UART_RXD_OUT (OUT)
  -------------------------------------------------------------------    -------------------

Slack:                    inf
  Source:                 u_accel/accel_busy_reg/C
                            (rising edge-triggered cell FDCE clocked by sys_clk_pin  {rise@0.000ns fall@5.000ns period=10.000ns})
  Destination:            LED[0]
                            (output port)
  Path Group:             (none)
  Path Type:              Max at Slow Process Corner
  Data Path Delay:        7.273ns  (logic 3.976ns (54.672%)  route 3.297ns (45.328%))
  Logic Levels:           1  (OBUF=1)
  Clock Uncertainty:      0.025ns  ((TSJ^2 + TIJ^2)^1/2 + DJ) / 2 + PE
    Total System Jitter     (TSJ):    0.050ns
    Total Input Jitter      (TIJ):    0.000ns
    Discrete Jitter          (DJ):    0.000ns
    Phase Error              (PE):    0.000ns

    Location             Delay type                Incr(ns)  Path(ns)    Netlist Resource(s)
  -------------------------------------------------------------------    -------------------
                         (clock sys_clk_pin rise edge)
                                                      0.000     0.000 r  
    E3                                                0.000     0.000 r  CLK100MHZ (IN)
                         net (fo=0)                   0.000     0.000    CLK100MHZ
    E3                   IBUF (Prop_ibuf_I_O)         1.482     1.482 r  CLK100MHZ_IBUF_inst/O
                         net (fo=1, routed)           2.025     3.506    CLK100MHZ_IBUF
    BUFGCTRL_X0Y16       BUFG (Prop_bufg_I_O)         0.096     3.602 r  CLK100MHZ_IBUF_BUFG_inst/O
                         net (fo=20885, routed)       1.635     5.238    u_accel/CLK100MHZ_IBUF_BUFG
    SLICE_X44Y96         FDCE                                         r  u_accel/accel_busy_reg/C
  -------------------------------------------------------------------    -------------------
    SLICE_X44Y96         FDCE (Prop_fdce_C_Q)         0.456     5.694 r  u_accel/accel_busy_reg/Q
                         net (fo=18, routed)          3.297     8.990    LED_OBUF[0]
    H17                  OBUF (Prop_obuf_I_O)         3.520    12.511 r  LED_OBUF[0]_inst/O
                         net (fo=0)                   0.000    12.511    LED[0]
    H17                                                               r  LED[0] (OUT)
  -------------------------------------------------------------------    -------------------

Slack:                    inf
  Source:                 action_q_reg/C
                            (rising edge-triggered cell FDCE clocked by sys_clk_pin  {rise@0.000ns fall@5.000ns period=10.000ns})
  Destination:            LED[1]
                            (output port)
  Path Group:             (none)
  Path Type:              Max at Slow Process Corner
  Data Path Delay:        6.669ns  (logic 3.991ns (59.849%)  route 2.678ns (40.151%))
  Logic Levels:           1  (OBUF=1)
  Clock Uncertainty:      0.025ns  ((TSJ^2 + TIJ^2)^1/2 + DJ) / 2 + PE
    Total System Jitter     (TSJ):    0.050ns
    Total Input Jitter      (TIJ):    0.000ns
    Discrete Jitter          (DJ):    0.000ns
    Phase Error              (PE):    0.000ns

    Location             Delay type                Incr(ns)  Path(ns)    Netlist Resource(s)
  -------------------------------------------------------------------    -------------------
                         (clock sys_clk_pin rise edge)
                                                      0.000     0.000 r  
    E3                                                0.000     0.000 r  CLK100MHZ (IN)
                         net (fo=0)                   0.000     0.000    CLK100MHZ
    E3                   IBUF (Prop_ibuf_I_O)         1.482     1.482 r  CLK100MHZ_IBUF_inst/O
                         net (fo=1, routed)           2.025     3.506    CLK100MHZ_IBUF
    BUFGCTRL_X0Y16       BUFG (Prop_bufg_I_O)         0.096     3.602 r  CLK100MHZ_IBUF_BUFG_inst/O
                         net (fo=20885, routed)       1.640     5.243    CLK100MHZ_IBUF_BUFG
    SLICE_X40Y97         FDCE                                         r  action_q_reg/C
  -------------------------------------------------------------------    -------------------
    SLICE_X40Y97         FDCE (Prop_fdce_C_Q)         0.456     5.699 r  action_q_reg/Q
                         net (fo=1, routed)           2.678     8.376    LED_OBUF[1]
    K15                  OBUF (Prop_obuf_I_O)         3.535    11.912 r  LED_OBUF[1]_inst/O
                         net (fo=0)                   0.000    11.912    LED[1]
    K15                                                               r  LED[1] (OUT)
  -------------------------------------------------------------------    -------------------

Slack:                    inf
  Source:                 heartbeat_count_reg[24]/C
                            (rising edge-triggered cell FDRE clocked by sys_clk_pin  {rise@0.000ns fall@5.000ns period=10.000ns})
  Destination:            LED[15]
                            (output port)
  Path Group:             (none)
  Path Type:              Max at Slow Process Corner
  Data Path Delay:        5.572ns  (logic 4.025ns (72.236%)  route 1.547ns (27.764%))
  Logic Levels:           1  (OBUF=1)
  Clock Uncertainty:      0.025ns  ((TSJ^2 + TIJ^2)^1/2 + DJ) / 2 + PE
    Total System Jitter     (TSJ):    0.050ns
    Total Input Jitter      (TIJ):    0.000ns
    Discrete Jitter          (DJ):    0.000ns
    Phase Error              (PE):    0.000ns

    Location             Delay type                Incr(ns)  Path(ns)    Netlist Resource(s)
  -------------------------------------------------------------------    -------------------
                         (clock sys_clk_pin rise edge)
                                                      0.000     0.000 r  
    E3                                                0.000     0.000 r  CLK100MHZ (IN)
                         net (fo=0)                   0.000     0.000    CLK100MHZ
    E3                   IBUF (Prop_ibuf_I_O)         1.482     1.482 r  CLK100MHZ_IBUF_inst/O
                         net (fo=1, routed)           2.025     3.506    CLK100MHZ_IBUF
    BUFGCTRL_X0Y16       BUFG (Prop_bufg_I_O)         0.096     3.602 r  CLK100MHZ_IBUF_BUFG_inst/O
                         net (fo=20885, routed)       1.724     5.327    CLK100MHZ_IBUF_BUFG
    SLICE_X0Y57          FDRE                                         r  heartbeat_count_reg[24]/C
  -------------------------------------------------------------------    -------------------
    SLICE_X0Y57          FDRE (Prop_fdre_C_Q)         0.456     5.783 r  heartbeat_count_reg[24]/Q
                         net (fo=2, routed)           1.547     7.330    LED_OBUF[15]
    V11                  OBUF (Prop_obuf_I_O)         3.569    10.899 r  LED_OBUF[15]_inst/O
                         net (fo=0)                   0.000    10.899    LED[15]
    V11                                                               r  LED[15] (OUT)
  -------------------------------------------------------------------    -------------------





Min Delay Paths
--------------------------------------------------------------------------------------
Slack:                    inf
  Source:                 heartbeat_count_reg[24]/C
                            (rising edge-triggered cell FDRE clocked by sys_clk_pin  {rise@0.000ns fall@5.000ns period=10.000ns})
  Destination:            LED[15]
                            (output port)
  Path Group:             (none)
  Path Type:              Min at Fast Process Corner
  Data Path Delay:        1.710ns  (logic 1.410ns (82.462%)  route 0.300ns (17.538%))
  Logic Levels:           1  (OBUF=1)
  Clock Uncertainty:      0.025ns  ((TSJ^2 + TIJ^2)^1/2 + DJ) / 2 + PE
    Total System Jitter     (TSJ):    0.050ns
    Total Input Jitter      (TIJ):    0.000ns
    Discrete Jitter          (DJ):    0.000ns
    Phase Error              (PE):    0.000ns

    Location             Delay type                Incr(ns)  Path(ns)    Netlist Resource(s)
  -------------------------------------------------------------------    -------------------
                         (clock sys_clk_pin rise edge)
                                                      0.000     0.000 r  
    E3                                                0.000     0.000 r  CLK100MHZ (IN)
                         net (fo=0)                   0.000     0.000    CLK100MHZ
    E3                   IBUF (Prop_ibuf_I_O)         0.250     0.250 r  CLK100MHZ_IBUF_inst/O
                         net (fo=1, routed)           0.644     0.894    CLK100MHZ_IBUF
    BUFGCTRL_X0Y16       BUFG (Prop_bufg_I_O)         0.026     0.920 r  CLK100MHZ_IBUF_BUFG_inst/O
                         net (fo=20885, routed)       0.603     1.522    CLK100MHZ_IBUF_BUFG
    SLICE_X0Y57          FDRE                                         r  heartbeat_count_reg[24]/C
  -------------------------------------------------------------------    -------------------
    SLICE_X0Y57          FDRE (Prop_fdre_C_Q)         0.141     1.663 r  heartbeat_count_reg[24]/Q
                         net (fo=2, routed)           0.300     1.963    LED_OBUF[15]
    V11                  OBUF (Prop_obuf_I_O)         1.269     3.233 r  LED_OBUF[15]_inst/O
                         net (fo=0)                   0.000     3.233    LED[15]
    V11                                                               r  LED[15] (OUT)
  -------------------------------------------------------------------    -------------------

Slack:                    inf
  Source:                 action_q_reg/C
                            (rising edge-triggered cell FDCE clocked by sys_clk_pin  {rise@0.000ns fall@5.000ns period=10.000ns})
  Destination:            LED[1]
                            (output port)
  Path Group:             (none)
  Path Type:              Min at Fast Process Corner
  Data Path Delay:        2.157ns  (logic 1.377ns (63.850%)  route 0.780ns (36.150%))
  Logic Levels:           1  (OBUF=1)
  Clock Uncertainty:      0.025ns  ((TSJ^2 + TIJ^2)^1/2 + DJ) / 2 + PE
    Total System Jitter     (TSJ):    0.050ns
    Total Input Jitter      (TIJ):    0.000ns
    Discrete Jitter          (DJ):    0.000ns
    Phase Error              (PE):    0.000ns

    Location             Delay type                Incr(ns)  Path(ns)    Netlist Resource(s)
  -------------------------------------------------------------------    -------------------
                         (clock sys_clk_pin rise edge)
                                                      0.000     0.000 r  
    E3                                                0.000     0.000 r  CLK100MHZ (IN)
                         net (fo=0)                   0.000     0.000    CLK100MHZ
    E3                   IBUF (Prop_ibuf_I_O)         0.250     0.250 r  CLK100MHZ_IBUF_inst/O
                         net (fo=1, routed)           0.644     0.894    CLK100MHZ_IBUF
    BUFGCTRL_X0Y16       BUFG (Prop_bufg_I_O)         0.026     0.920 r  CLK100MHZ_IBUF_BUFG_inst/O
                         net (fo=20885, routed)       0.569     1.488    CLK100MHZ_IBUF_BUFG
    SLICE_X40Y97         FDCE                                         r  action_q_reg/C
  -------------------------------------------------------------------    -------------------
    SLICE_X40Y97         FDCE (Prop_fdce_C_Q)         0.141     1.629 r  action_q_reg/Q
                         net (fo=1, routed)           0.780     2.409    LED_OBUF[1]
    K15                  OBUF (Prop_obuf_I_O)         1.236     3.645 r  LED_OBUF[1]_inst/O
                         net (fo=0)                   0.000     3.645    LED[1]
    K15                                                               r  LED[1] (OUT)
  -------------------------------------------------------------------    -------------------

Slack:                    inf
  Source:                 u_accel/accel_busy_reg/C
                            (rising edge-triggered cell FDCE clocked by sys_clk_pin  {rise@0.000ns fall@5.000ns period=10.000ns})
  Destination:            LED[0]
                            (output port)
  Path Group:             (none)
  Path Type:              Min at Fast Process Corner
  Data Path Delay:        2.445ns  (logic 1.362ns (55.718%)  route 1.083ns (44.282%))
  Logic Levels:           1  (OBUF=1)
  Clock Uncertainty:      0.025ns  ((TSJ^2 + TIJ^2)^1/2 + DJ) / 2 + PE
    Total System Jitter     (TSJ):    0.050ns
    Total Input Jitter      (TIJ):    0.000ns
    Discrete Jitter          (DJ):    0.000ns
    Phase Error              (PE):    0.000ns

    Location             Delay type                Incr(ns)  Path(ns)    Netlist Resource(s)
  -------------------------------------------------------------------    -------------------
                         (clock sys_clk_pin rise edge)
                                                      0.000     0.000 r  
    E3                                                0.000     0.000 r  CLK100MHZ (IN)
                         net (fo=0)                   0.000     0.000    CLK100MHZ
    E3                   IBUF (Prop_ibuf_I_O)         0.250     0.250 r  CLK100MHZ_IBUF_inst/O
                         net (fo=1, routed)           0.644     0.894    CLK100MHZ_IBUF
    BUFGCTRL_X0Y16       BUFG (Prop_bufg_I_O)         0.026     0.920 r  CLK100MHZ_IBUF_BUFG_inst/O
                         net (fo=20885, routed)       0.568     1.487    u_accel/CLK100MHZ_IBUF_BUFG
    SLICE_X44Y96         FDCE                                         r  u_accel/accel_busy_reg/C
  -------------------------------------------------------------------    -------------------
    SLICE_X44Y96         FDCE (Prop_fdce_C_Q)         0.141     1.628 r  u_accel/accel_busy_reg/Q
                         net (fo=18, routed)          1.083     2.711    LED_OBUF[0]
    H17                  OBUF (Prop_obuf_I_O)         1.221     3.932 r  LED_OBUF[0]_inst/O
                         net (fo=0)                   0.000     3.932    LED[0]
    H17                                                               r  LED[0] (OUT)
  -------------------------------------------------------------------    -------------------

Slack:                    inf
  Source:                 u_accel/u_uart_tx/tx_reg/C
                            (rising edge-triggered cell FDPE clocked by sys_clk_pin  {rise@0.000ns fall@5.000ns period=10.000ns})
  Destination:            UART_RXD_OUT
                            (output port)
  Path Group:             (none)
  Path Type:              Min at Fast Process Corner
  Data Path Delay:        2.932ns  (logic 1.397ns (47.636%)  route 1.536ns (52.364%))
  Logic Levels:           1  (OBUF=1)
  Clock Uncertainty:      0.025ns  ((TSJ^2 + TIJ^2)^1/2 + DJ) / 2 + PE
    Total System Jitter     (TSJ):    0.050ns
    Total Input Jitter      (TIJ):    0.000ns
    Discrete Jitter          (DJ):    0.000ns
    Phase Error              (PE):    0.000ns

    Location             Delay type                Incr(ns)  Path(ns)    Netlist Resource(s)
  -------------------------------------------------------------------    -------------------
                         (clock sys_clk_pin rise edge)
                                                      0.000     0.000 r  
    E3                                                0.000     0.000 r  CLK100MHZ (IN)
                         net (fo=0)                   0.000     0.000    CLK100MHZ
    E3                   IBUF (Prop_ibuf_I_O)         0.250     0.250 r  CLK100MHZ_IBUF_inst/O
                         net (fo=1, routed)           0.644     0.894    CLK100MHZ_IBUF
    BUFGCTRL_X0Y16       BUFG (Prop_bufg_I_O)         0.026     0.920 r  CLK100MHZ_IBUF_BUFG_inst/O
                         net (fo=20885, routed)       0.565     1.484    u_accel/u_uart_tx/CLK100MHZ_IBUF_BUFG
    SLICE_X37Y100        FDPE                                         r  u_accel/u_uart_tx/tx_reg/C
  -------------------------------------------------------------------    -------------------
    SLICE_X37Y100        FDPE (Prop_fdpe_C_Q)         0.141     1.625 r  u_accel/u_uart_tx/tx_reg/Q
                         net (fo=1, routed)           1.536     3.161    UART_RXD_OUT_OBUF
    D4                   OBUF (Prop_obuf_I_O)         1.256     4.417 r  UART_RXD_OUT_OBUF_inst/O
                         net (fo=0)                   0.000     4.417    UART_RXD_OUT
    D4                                                                r  UART_RXD_OUT (OUT)
  -------------------------------------------------------------------    -------------------





--------------------------------------------------------------------------------------
Path Group:  (none)
From Clock:  
  To Clock:  sys_clk_pin

Max Delay         20933 Endpoints
Min Delay         20933 Endpoints
--------------------------------------------------------------------------------------


Max Delay Paths
--------------------------------------------------------------------------------------
Slack:                    inf
  Source:                 CPU_RESETN
                            (input port)
  Destination:            u_accel/gen_nn_standard.u_accel/gen_hl2[1].membrane_buf/membrane_storage_reg[10][3]/CLR
                            (recovery check against rising-edge clock sys_clk_pin  {rise@0.000ns fall@5.000ns period=10.000ns})
  Path Group:             (none)
  Path Type:              Recovery (Max at Slow Process Corner)
  Data Path Delay:        11.584ns  (logic 1.631ns (14.080%)  route 9.953ns (85.920%))
  Logic Levels:           2  (IBUF=1 LUT1=1)
  Clock Path Skew:        5.150ns (DCD - SCD + CPR)
    Destination Clock Delay (DCD):    5.150ns
    Source Clock Delay      (SCD):    0.000ns
    Clock Pessimism Removal (CPR):    0.000ns
  Clock Uncertainty:      0.025ns  ((TSJ^2 + TIJ^2)^1/2 + DJ) / 2 + PE
    Total System Jitter     (TSJ):    0.050ns
    Total Input Jitter      (TIJ):    0.000ns
    Discrete Jitter          (DJ):    0.000ns
    Phase Error              (PE):    0.000ns

    Location             Delay type                Incr(ns)  Path(ns)    Netlist Resource(s)
  -------------------------------------------------------------------    -------------------
    C12                                               0.000     0.000 r  CPU_RESETN (IN)
                         net (fo=0)                   0.000     0.000    CPU_RESETN
    C12                  IBUF (Prop_ibuf_I_O)         1.507     1.507 r  CPU_RESETN_IBUF_inst/O
                         net (fo=24, routed)          2.900     4.407    u_accel/gen_nn_standard.u_accel/fc1/CPU_RESETN_IBUF
    SLICE_X4Y96          LUT1 (Prop_lut1_I0_O)        0.124     4.531 f  u_accel/gen_nn_standard.u_accel/fc1/membrane_potential[23]_i_3__56/O
                         net (fo=20723, routed)       7.053    11.584    u_accel/gen_nn_standard.u_accel/gen_hl2[1].membrane_buf/membrane_storage_reg[19][0]_0
    SLICE_X80Y0          FDCE                                         f  u_accel/gen_nn_standard.u_accel/gen_hl2[1].membrane_buf/membrane_storage_reg[10][3]/CLR
  -------------------------------------------------------------------    -------------------

                         (clock sys_clk_pin rise edge)
                                                      0.000     0.000 r  
    E3                                                0.000     0.000 r  CLK100MHZ (IN)
                         net (fo=0)                   0.000     0.000    CLK100MHZ
    E3                   IBUF (Prop_ibuf_I_O)         1.411     1.411 r  CLK100MHZ_IBUF_inst/O
                         net (fo=1, routed)           1.920     3.331    CLK100MHZ_IBUF
    BUFGCTRL_X0Y16       BUFG (Prop_bufg_I_O)         0.091     3.422 r  CLK100MHZ_IBUF_BUFG_inst/O
                         net (fo=20885, routed)       1.728     5.150    u_accel/gen_nn_standard.u_accel/gen_hl2[1].membrane_buf/CLK100MHZ_IBUF_BUFG
    SLICE_X80Y0          FDCE                                         r  u_accel/gen_nn_standard.u_accel/gen_hl2[1].membrane_buf/membrane_storage_reg[10][3]/C

Slack:                    inf
  Source:                 CPU_RESETN
                            (input port)
  Destination:            u_accel/gen_nn_standard.u_accel/gen_hl2[1].membrane_buf/membrane_storage_reg[8][3]/CLR
                            (recovery check against rising-edge clock sys_clk_pin  {rise@0.000ns fall@5.000ns period=10.000ns})
  Path Group:             (none)
  Path Type:              Recovery (Max at Slow Process Corner)
  Data Path Delay:        11.584ns  (logic 1.631ns (14.080%)  route 9.953ns (85.920%))
  Logic Levels:           2  (IBUF=1 LUT1=1)
  Clock Path Skew:        5.150ns (DCD - SCD + CPR)
    Destination Clock Delay (DCD):    5.150ns
    Source Clock Delay      (SCD):    0.000ns
    Clock Pessimism Removal (CPR):    0.000ns
  Clock Uncertainty:      0.025ns  ((TSJ^2 + TIJ^2)^1/2 + DJ) / 2 + PE
    Total System Jitter     (TSJ):    0.050ns
    Total Input Jitter      (TIJ):    0.000ns
    Discrete Jitter          (DJ):    0.000ns
    Phase Error              (PE):    0.000ns

    Location             Delay type                Incr(ns)  Path(ns)    Netlist Resource(s)
  -------------------------------------------------------------------    -------------------
    C12                                               0.000     0.000 r  CPU_RESETN (IN)
                         net (fo=0)                   0.000     0.000    CPU_RESETN
    C12                  IBUF (Prop_ibuf_I_O)         1.507     1.507 r  CPU_RESETN_IBUF_inst/O
                         net (fo=24, routed)          2.900     4.407    u_accel/gen_nn_standard.u_accel/fc1/CPU_RESETN_IBUF
    SLICE_X4Y96          LUT1 (Prop_lut1_I0_O)        0.124     4.531 f  u_accel/gen_nn_standard.u_accel/fc1/membrane_potential[23]_i_3__56/O
                         net (fo=20723, routed)       7.053    11.584    u_accel/gen_nn_standard.u_accel/gen_hl2[1].membrane_buf/membrane_storage_reg[19][0]_0
    SLICE_X81Y0          FDCE                                         f  u_accel/gen_nn_standard.u_accel/gen_hl2[1].membrane_buf/membrane_storage_reg[8][3]/CLR
  -------------------------------------------------------------------    -------------------

                         (clock sys_clk_pin rise edge)
                                                      0.000     0.000 r  
    E3                                                0.000     0.000 r  CLK100MHZ (IN)
                         net (fo=0)                   0.000     0.000    CLK100MHZ
    E3                   IBUF (Prop_ibuf_I_O)         1.411     1.411 r  CLK100MHZ_IBUF_inst/O
                         net (fo=1, routed)           1.920     3.331    CLK100MHZ_IBUF
    BUFGCTRL_X0Y16       BUFG (Prop_bufg_I_O)         0.091     3.422 r  CLK100MHZ_IBUF_BUFG_inst/O
                         net (fo=20885, routed)       1.728     5.150    u_accel/gen_nn_standard.u_accel/gen_hl2[1].membrane_buf/CLK100MHZ_IBUF_BUFG
    SLICE_X81Y0          FDCE                                         r  u_accel/gen_nn_standard.u_accel/gen_hl2[1].membrane_buf/membrane_storage_reg[8][3]/C

Slack:                    inf
  Source:                 CPU_RESETN
                            (input port)
  Destination:            u_accel/gen_nn_standard.u_accel/gen_hl2[4].membrane_buf/membrane_storage_reg[10][3]/CLR
                            (recovery check against rising-edge clock sys_clk_pin  {rise@0.000ns fall@5.000ns period=10.000ns})
  Path Group:             (none)
  Path Type:              Recovery (Max at Slow Process Corner)
  Data Path Delay:        11.584ns  (logic 1.631ns (14.080%)  route 9.953ns (85.920%))
  Logic Levels:           2  (IBUF=1 LUT1=1)
  Clock Path Skew:        5.150ns (DCD - SCD + CPR)
    Destination Clock Delay (DCD):    5.150ns
    Source Clock Delay      (SCD):    0.000ns
    Clock Pessimism Removal (CPR):    0.000ns
  Clock Uncertainty:      0.025ns  ((TSJ^2 + TIJ^2)^1/2 + DJ) / 2 + PE
    Total System Jitter     (TSJ):    0.050ns
    Total Input Jitter      (TIJ):    0.000ns
    Discrete Jitter          (DJ):    0.000ns
    Phase Error              (PE):    0.000ns

    Location             Delay type                Incr(ns)  Path(ns)    Netlist Resource(s)
  -------------------------------------------------------------------    -------------------
    C12                                               0.000     0.000 r  CPU_RESETN (IN)
                         net (fo=0)                   0.000     0.000    CPU_RESETN
    C12                  IBUF (Prop_ibuf_I_O)         1.507     1.507 r  CPU_RESETN_IBUF_inst/O
                         net (fo=24, routed)          2.900     4.407    u_accel/gen_nn_standard.u_accel/fc1/CPU_RESETN_IBUF
    SLICE_X4Y96          LUT1 (Prop_lut1_I0_O)        0.124     4.531 f  u_accel/gen_nn_standard.u_accel/fc1/membrane_potential[23]_i_3__56/O
                         net (fo=20723, routed)       7.053    11.584    u_accel/gen_nn_standard.u_accel/gen_hl2[4].membrane_buf/membrane_storage_reg[19][0]_0
    SLICE_X80Y0          FDCE                                         f  u_accel/gen_nn_standard.u_accel/gen_hl2[4].membrane_buf/membrane_storage_reg[10][3]/CLR
  -------------------------------------------------------------------    -------------------

                         (clock sys_clk_pin rise edge)
                                                      0.000     0.000 r  
    E3                                                0.000     0.000 r  CLK100MHZ (IN)
                         net (fo=0)                   0.000     0.000    CLK100MHZ
    E3                   IBUF (Prop_ibuf_I_O)         1.411     1.411 r  CLK100MHZ_IBUF_inst/O
                         net (fo=1, routed)           1.920     3.331    CLK100MHZ_IBUF
    BUFGCTRL_X0Y16       BUFG (Prop_bufg_I_O)         0.091     3.422 r  CLK100MHZ_IBUF_BUFG_inst/O
                         net (fo=20885, routed)       1.728     5.150    u_accel/gen_nn_standard.u_accel/gen_hl2[4].membrane_buf/CLK100MHZ_IBUF_BUFG
    SLICE_X80Y0          FDCE                                         r  u_accel/gen_nn_standard.u_accel/gen_hl2[4].membrane_buf/membrane_storage_reg[10][3]/C

Slack:                    inf
  Source:                 CPU_RESETN
                            (input port)
  Destination:            u_accel/gen_nn_standard.u_accel/gen_hl2[4].membrane_buf/membrane_storage_reg[8][3]/CLR
                            (recovery check against rising-edge clock sys_clk_pin  {rise@0.000ns fall@5.000ns period=10.000ns})
  Path Group:             (none)
  Path Type:              Recovery (Max at Slow Process Corner)
  Data Path Delay:        11.584ns  (logic 1.631ns (14.080%)  route 9.953ns (85.920%))
  Logic Levels:           2  (IBUF=1 LUT1=1)
  Clock Path Skew:        5.150ns (DCD - SCD + CPR)
    Destination Clock Delay (DCD):    5.150ns
    Source Clock Delay      (SCD):    0.000ns
    Clock Pessimism Removal (CPR):    0.000ns
  Clock Uncertainty:      0.025ns  ((TSJ^2 + TIJ^2)^1/2 + DJ) / 2 + PE
    Total System Jitter     (TSJ):    0.050ns
    Total Input Jitter      (TIJ):    0.000ns
    Discrete Jitter          (DJ):    0.000ns
    Phase Error              (PE):    0.000ns

    Location             Delay type                Incr(ns)  Path(ns)    Netlist Resource(s)
  -------------------------------------------------------------------    -------------------
    C12                                               0.000     0.000 r  CPU_RESETN (IN)
                         net (fo=0)                   0.000     0.000    CPU_RESETN
    C12                  IBUF (Prop_ibuf_I_O)         1.507     1.507 r  CPU_RESETN_IBUF_inst/O
                         net (fo=24, routed)          2.900     4.407    u_accel/gen_nn_standard.u_accel/fc1/CPU_RESETN_IBUF
    SLICE_X4Y96          LUT1 (Prop_lut1_I0_O)        0.124     4.531 f  u_accel/gen_nn_standard.u_accel/fc1/membrane_potential[23]_i_3__56/O
                         net (fo=20723, routed)       7.053    11.584    u_accel/gen_nn_standard.u_accel/gen_hl2[4].membrane_buf/membrane_storage_reg[19][0]_0
    SLICE_X81Y0          FDCE                                         f  u_accel/gen_nn_standard.u_accel/gen_hl2[4].membrane_buf/membrane_storage_reg[8][3]/CLR
  -------------------------------------------------------------------    -------------------

                         (clock sys_clk_pin rise edge)
                                                      0.000     0.000 r  
    E3                                                0.000     0.000 r  CLK100MHZ (IN)
                         net (fo=0)                   0.000     0.000    CLK100MHZ
    E3                   IBUF (Prop_ibuf_I_O)         1.411     1.411 r  CLK100MHZ_IBUF_inst/O
                         net (fo=1, routed)           1.920     3.331    CLK100MHZ_IBUF
    BUFGCTRL_X0Y16       BUFG (Prop_bufg_I_O)         0.091     3.422 r  CLK100MHZ_IBUF_BUFG_inst/O
                         net (fo=20885, routed)       1.728     5.150    u_accel/gen_nn_standard.u_accel/gen_hl2[4].membrane_buf/CLK100MHZ_IBUF_BUFG
    SLICE_X81Y0          FDCE                                         r  u_accel/gen_nn_standard.u_accel/gen_hl2[4].membrane_buf/membrane_storage_reg[8][3]/C

Slack:                    inf
  Source:                 CPU_RESETN
                            (input port)
  Destination:            u_accel/gen_nn_standard.u_accel/gen_hl2[0].membrane_buf/membrane_storage_reg[6][2]/CLR
                            (recovery check against rising-edge clock sys_clk_pin  {rise@0.000ns fall@5.000ns period=10.000ns})
  Path Group:             (none)
  Path Type:              Recovery (Max at Slow Process Corner)
  Data Path Delay:        11.547ns  (logic 1.631ns (14.125%)  route 9.916ns (85.875%))
  Logic Levels:           2  (IBUF=1 LUT1=1)
  Clock Path Skew:        5.149ns (DCD - SCD + CPR)
    Destination Clock Delay (DCD):    5.149ns
    Source Clock Delay      (SCD):    0.000ns
    Clock Pessimism Removal (CPR):    0.000ns
  Clock Uncertainty:      0.025ns  ((TSJ^2 + TIJ^2)^1/2 + DJ) / 2 + PE
    Total System Jitter     (TSJ):    0.050ns
    Total Input Jitter      (TIJ):    0.000ns
    Discrete Jitter          (DJ):    0.000ns
    Phase Error              (PE):    0.000ns

    Location             Delay type                Incr(ns)  Path(ns)    Netlist Resource(s)
  -------------------------------------------------------------------    -------------------
    C12                                               0.000     0.000 r  CPU_RESETN (IN)
                         net (fo=0)                   0.000     0.000    CPU_RESETN
    C12                  IBUF (Prop_ibuf_I_O)         1.507     1.507 r  CPU_RESETN_IBUF_inst/O
                         net (fo=24, routed)          2.900     4.407    u_accel/gen_nn_standard.u_accel/fc1/CPU_RESETN_IBUF
    SLICE_X4Y96          LUT1 (Prop_lut1_I0_O)        0.124     4.531 f  u_accel/gen_nn_standard.u_accel/fc1/membrane_potential[23]_i_3__56/O
                         net (fo=20723, routed)       7.016    11.547    u_accel/gen_nn_standard.u_accel/gen_hl2[0].membrane_buf/membrane_storage_reg[19][0]_0
    SLICE_X74Y0          FDCE                                         f  u_accel/gen_nn_standard.u_accel/gen_hl2[0].membrane_buf/membrane_storage_reg[6][2]/CLR
  -------------------------------------------------------------------    -------------------

                         (clock sys_clk_pin rise edge)
                                                      0.000     0.000 r  
    E3                                                0.000     0.000 r  CLK100MHZ (IN)
                         net (fo=0)                   0.000     0.000    CLK100MHZ
    E3                   IBUF (Prop_ibuf_I_O)         1.411     1.411 r  CLK100MHZ_IBUF_inst/O
                         net (fo=1, routed)           1.920     3.331    CLK100MHZ_IBUF
    BUFGCTRL_X0Y16       BUFG (Prop_bufg_I_O)         0.091     3.422 r  CLK100MHZ_IBUF_BUFG_inst/O
                         net (fo=20885, routed)       1.727     5.149    u_accel/gen_nn_standard.u_accel/gen_hl2[0].membrane_buf/CLK100MHZ_IBUF_BUFG
    SLICE_X74Y0          FDCE                                         r  u_accel/gen_nn_standard.u_accel/gen_hl2[0].membrane_buf/membrane_storage_reg[6][2]/C

Slack:                    inf
  Source:                 CPU_RESETN
                            (input port)
  Destination:            u_accel/gen_nn_standard.u_accel/gen_hl2[0].membrane_buf/membrane_storage_reg[6][3]/CLR
                            (recovery check against rising-edge clock sys_clk_pin  {rise@0.000ns fall@5.000ns period=10.000ns})
  Path Group:             (none)
  Path Type:              Recovery (Max at Slow Process Corner)
  Data Path Delay:        11.547ns  (logic 1.631ns (14.125%)  route 9.916ns (85.875%))
  Logic Levels:           2  (IBUF=1 LUT1=1)
  Clock Path Skew:        5.149ns (DCD - SCD + CPR)
    Destination Clock Delay (DCD):    5.149ns
    Source Clock Delay      (SCD):    0.000ns
    Clock Pessimism Removal (CPR):    0.000ns
  Clock Uncertainty:      0.025ns  ((TSJ^2 + TIJ^2)^1/2 + DJ) / 2 + PE
    Total System Jitter     (TSJ):    0.050ns
    Total Input Jitter      (TIJ):    0.000ns
    Discrete Jitter          (DJ):    0.000ns
    Phase Error              (PE):    0.000ns

    Location             Delay type                Incr(ns)  Path(ns)    Netlist Resource(s)
  -------------------------------------------------------------------    -------------------
    C12                                               0.000     0.000 r  CPU_RESETN (IN)
                         net (fo=0)                   0.000     0.000    CPU_RESETN
    C12                  IBUF (Prop_ibuf_I_O)         1.507     1.507 r  CPU_RESETN_IBUF_inst/O
                         net (fo=24, routed)          2.900     4.407    u_accel/gen_nn_standard.u_accel/fc1/CPU_RESETN_IBUF
    SLICE_X4Y96          LUT1 (Prop_lut1_I0_O)        0.124     4.531 f  u_accel/gen_nn_standard.u_accel/fc1/membrane_potential[23]_i_3__56/O
                         net (fo=20723, routed)       7.016    11.547    u_accel/gen_nn_standard.u_accel/gen_hl2[0].membrane_buf/membrane_storage_reg[19][0]_0
    SLICE_X74Y0          FDCE                                         f  u_accel/gen_nn_standard.u_accel/gen_hl2[0].membrane_buf/membrane_storage_reg[6][3]/CLR
  -------------------------------------------------------------------    -------------------

                         (clock sys_clk_pin rise edge)
                                                      0.000     0.000 r  
    E3                                                0.000     0.000 r  CLK100MHZ (IN)
                         net (fo=0)                   0.000     0.000    CLK100MHZ
    E3                   IBUF (Prop_ibuf_I_O)         1.411     1.411 r  CLK100MHZ_IBUF_inst/O
                         net (fo=1, routed)           1.920     3.331    CLK100MHZ_IBUF
    BUFGCTRL_X0Y16       BUFG (Prop_bufg_I_O)         0.091     3.422 r  CLK100MHZ_IBUF_BUFG_inst/O
                         net (fo=20885, routed)       1.727     5.149    u_accel/gen_nn_standard.u_accel/gen_hl2[0].membrane_buf/CLK100MHZ_IBUF_BUFG
    SLICE_X74Y0          FDCE                                         r  u_accel/gen_nn_standard.u_accel/gen_hl2[0].membrane_buf/membrane_storage_reg[6][3]/C

Slack:                    inf
  Source:                 CPU_RESETN
                            (input port)
  Destination:            u_accel/gen_nn_standard.u_accel/gen_hl2[4].membrane_buf/membrane_storage_reg[6][22]/CLR
                            (recovery check against rising-edge clock sys_clk_pin  {rise@0.000ns fall@5.000ns period=10.000ns})
  Path Group:             (none)
  Path Type:              Recovery (Max at Slow Process Corner)
  Data Path Delay:        11.547ns  (logic 1.631ns (14.125%)  route 9.916ns (85.875%))
  Logic Levels:           2  (IBUF=1 LUT1=1)
  Clock Path Skew:        5.149ns (DCD - SCD + CPR)
    Destination Clock Delay (DCD):    5.149ns
    Source Clock Delay      (SCD):    0.000ns
    Clock Pessimism Removal (CPR):    0.000ns
  Clock Uncertainty:      0.025ns  ((TSJ^2 + TIJ^2)^1/2 + DJ) / 2 + PE
    Total System Jitter     (TSJ):    0.050ns
    Total Input Jitter      (TIJ):    0.000ns
    Discrete Jitter          (DJ):    0.000ns
    Phase Error              (PE):    0.000ns

    Location             Delay type                Incr(ns)  Path(ns)    Netlist Resource(s)
  -------------------------------------------------------------------    -------------------
    C12                                               0.000     0.000 r  CPU_RESETN (IN)
                         net (fo=0)                   0.000     0.000    CPU_RESETN
    C12                  IBUF (Prop_ibuf_I_O)         1.507     1.507 r  CPU_RESETN_IBUF_inst/O
                         net (fo=24, routed)          2.900     4.407    u_accel/gen_nn_standard.u_accel/fc1/CPU_RESETN_IBUF
    SLICE_X4Y96          LUT1 (Prop_lut1_I0_O)        0.124     4.531 f  u_accel/gen_nn_standard.u_accel/fc1/membrane_potential[23]_i_3__56/O
                         net (fo=20723, routed)       7.016    11.547    u_accel/gen_nn_standard.u_accel/gen_hl2[4].membrane_buf/membrane_storage_reg[19][0]_0
    SLICE_X74Y0          FDCE                                         f  u_accel/gen_nn_standard.u_accel/gen_hl2[4].membrane_buf/membrane_storage_reg[6][22]/CLR
  -------------------------------------------------------------------    -------------------

                         (clock sys_clk_pin rise edge)
                                                      0.000     0.000 r  
    E3                                                0.000     0.000 r  CLK100MHZ (IN)
                         net (fo=0)                   0.000     0.000    CLK100MHZ
    E3                   IBUF (Prop_ibuf_I_O)         1.411     1.411 r  CLK100MHZ_IBUF_inst/O
                         net (fo=1, routed)           1.920     3.331    CLK100MHZ_IBUF
    BUFGCTRL_X0Y16       BUFG (Prop_bufg_I_O)         0.091     3.422 r  CLK100MHZ_IBUF_BUFG_inst/O
                         net (fo=20885, routed)       1.727     5.149    u_accel/gen_nn_standard.u_accel/gen_hl2[4].membrane_buf/CLK100MHZ_IBUF_BUFG
    SLICE_X74Y0          FDCE                                         r  u_accel/gen_nn_standard.u_accel/gen_hl2[4].membrane_buf/membrane_storage_reg[6][22]/C

Slack:                    inf
  Source:                 CPU_RESETN
                            (input port)
  Destination:            u_accel/gen_nn_standard.u_accel/gen_hl2[4].membrane_buf/membrane_storage_reg[7][22]/CLR
                            (recovery check against rising-edge clock sys_clk_pin  {rise@0.000ns fall@5.000ns period=10.000ns})
  Path Group:             (none)
  Path Type:              Recovery (Max at Slow Process Corner)
  Data Path Delay:        11.547ns  (logic 1.631ns (14.125%)  route 9.916ns (85.875%))
  Logic Levels:           2  (IBUF=1 LUT1=1)
  Clock Path Skew:        5.149ns (DCD - SCD + CPR)
    Destination Clock Delay (DCD):    5.149ns
    Source Clock Delay      (SCD):    0.000ns
    Clock Pessimism Removal (CPR):    0.000ns
  Clock Uncertainty:      0.025ns  ((TSJ^2 + TIJ^2)^1/2 + DJ) / 2 + PE
    Total System Jitter     (TSJ):    0.050ns
    Total Input Jitter      (TIJ):    0.000ns
    Discrete Jitter          (DJ):    0.000ns
    Phase Error              (PE):    0.000ns

    Location             Delay type                Incr(ns)  Path(ns)    Netlist Resource(s)
  -------------------------------------------------------------------    -------------------
    C12                                               0.000     0.000 r  CPU_RESETN (IN)
                         net (fo=0)                   0.000     0.000    CPU_RESETN
    C12                  IBUF (Prop_ibuf_I_O)         1.507     1.507 r  CPU_RESETN_IBUF_inst/O
                         net (fo=24, routed)          2.900     4.407    u_accel/gen_nn_standard.u_accel/fc1/CPU_RESETN_IBUF
    SLICE_X4Y96          LUT1 (Prop_lut1_I0_O)        0.124     4.531 f  u_accel/gen_nn_standard.u_accel/fc1/membrane_potential[23]_i_3__56/O
                         net (fo=20723, routed)       7.016    11.547    u_accel/gen_nn_standard.u_accel/gen_hl2[4].membrane_buf/membrane_storage_reg[19][0]_0
    SLICE_X75Y0          FDCE                                         f  u_accel/gen_nn_standard.u_accel/gen_hl2[4].membrane_buf/membrane_storage_reg[7][22]/CLR
  -------------------------------------------------------------------    -------------------

                         (clock sys_clk_pin rise edge)
                                                      0.000     0.000 r  
    E3                                                0.000     0.000 r  CLK100MHZ (IN)
                         net (fo=0)                   0.000     0.000    CLK100MHZ
    E3                   IBUF (Prop_ibuf_I_O)         1.411     1.411 r  CLK100MHZ_IBUF_inst/O
                         net (fo=1, routed)           1.920     3.331    CLK100MHZ_IBUF
    BUFGCTRL_X0Y16       BUFG (Prop_bufg_I_O)         0.091     3.422 r  CLK100MHZ_IBUF_BUFG_inst/O
                         net (fo=20885, routed)       1.727     5.149    u_accel/gen_nn_standard.u_accel/gen_hl2[4].membrane_buf/CLK100MHZ_IBUF_BUFG
    SLICE_X75Y0          FDCE                                         r  u_accel/gen_nn_standard.u_accel/gen_hl2[4].membrane_buf/membrane_storage_reg[7][22]/C

Slack:                    inf
  Source:                 CPU_RESETN
                            (input port)
  Destination:            u_accel/gen_nn_standard.u_accel/gen_hl2[6].membrane_buf/membrane_storage_reg[6][1]/CLR
                            (recovery check against rising-edge clock sys_clk_pin  {rise@0.000ns fall@5.000ns period=10.000ns})
  Path Group:             (none)
  Path Type:              Recovery (Max at Slow Process Corner)
  Data Path Delay:        11.547ns  (logic 1.631ns (14.125%)  route 9.916ns (85.875%))
  Logic Levels:           2  (IBUF=1 LUT1=1)
  Clock Path Skew:        5.149ns (DCD - SCD + CPR)
    Destination Clock Delay (DCD):    5.149ns
    Source Clock Delay      (SCD):    0.000ns
    Clock Pessimism Removal (CPR):    0.000ns
  Clock Uncertainty:      0.025ns  ((TSJ^2 + TIJ^2)^1/2 + DJ) / 2 + PE
    Total System Jitter     (TSJ):    0.050ns
    Total Input Jitter      (TIJ):    0.000ns
    Discrete Jitter          (DJ):    0.000ns
    Phase Error              (PE):    0.000ns

    Location             Delay type                Incr(ns)  Path(ns)    Netlist Resource(s)
  -------------------------------------------------------------------    -------------------
    C12                                               0.000     0.000 r  CPU_RESETN (IN)
                         net (fo=0)                   0.000     0.000    CPU_RESETN
    C12                  IBUF (Prop_ibuf_I_O)         1.507     1.507 r  CPU_RESETN_IBUF_inst/O
                         net (fo=24, routed)          2.900     4.407    u_accel/gen_nn_standard.u_accel/fc1/CPU_RESETN_IBUF
    SLICE_X4Y96          LUT1 (Prop_lut1_I0_O)        0.124     4.531 f  u_accel/gen_nn_standard.u_accel/fc1/membrane_potential[23]_i_3__56/O
                         net (fo=20723, routed)       7.016    11.547    u_accel/gen_nn_standard.u_accel/gen_hl2[6].membrane_buf/membrane_storage_reg[19][0]_0
    SLICE_X74Y0          FDCE                                         f  u_accel/gen_nn_standard.u_accel/gen_hl2[6].membrane_buf/membrane_storage_reg[6][1]/CLR
  -------------------------------------------------------------------    -------------------

                         (clock sys_clk_pin rise edge)
                                                      0.000     0.000 r  
    E3                                                0.000     0.000 r  CLK100MHZ (IN)
                         net (fo=0)                   0.000     0.000    CLK100MHZ
    E3                   IBUF (Prop_ibuf_I_O)         1.411     1.411 r  CLK100MHZ_IBUF_inst/O
                         net (fo=1, routed)           1.920     3.331    CLK100MHZ_IBUF
    BUFGCTRL_X0Y16       BUFG (Prop_bufg_I_O)         0.091     3.422 r  CLK100MHZ_IBUF_BUFG_inst/O
                         net (fo=20885, routed)       1.727     5.149    u_accel/gen_nn_standard.u_accel/gen_hl2[6].membrane_buf/CLK100MHZ_IBUF_BUFG
    SLICE_X74Y0          FDCE                                         r  u_accel/gen_nn_standard.u_accel/gen_hl2[6].membrane_buf/membrane_storage_reg[6][1]/C

Slack:                    inf
  Source:                 CPU_RESETN
                            (input port)
  Destination:            u_accel/gen_nn_standard.u_accel/gen_hl2[6].membrane_buf/membrane_storage_reg[6][3]/CLR
                            (recovery check against rising-edge clock sys_clk_pin  {rise@0.000ns fall@5.000ns period=10.000ns})
  Path Group:             (none)
  Path Type:              Recovery (Max at Slow Process Corner)
  Data Path Delay:        11.547ns  (logic 1.631ns (14.125%)  route 9.916ns (85.875%))
  Logic Levels:           2  (IBUF=1 LUT1=1)
  Clock Path Skew:        5.149ns (DCD - SCD + CPR)
    Destination Clock Delay (DCD):    5.149ns
    Source Clock Delay      (SCD):    0.000ns
    Clock Pessimism Removal (CPR):    0.000ns
  Clock Uncertainty:      0.025ns  ((TSJ^2 + TIJ^2)^1/2 + DJ) / 2 + PE
    Total System Jitter     (TSJ):    0.050ns
    Total Input Jitter      (TIJ):    0.000ns
    Discrete Jitter          (DJ):    0.000ns
    Phase Error              (PE):    0.000ns

    Location             Delay type                Incr(ns)  Path(ns)    Netlist Resource(s)
  -------------------------------------------------------------------    -------------------
    C12                                               0.000     0.000 r  CPU_RESETN (IN)
                         net (fo=0)                   0.000     0.000    CPU_RESETN
    C12                  IBUF (Prop_ibuf_I_O)         1.507     1.507 r  CPU_RESETN_IBUF_inst/O
                         net (fo=24, routed)          2.900     4.407    u_accel/gen_nn_standard.u_accel/fc1/CPU_RESETN_IBUF
    SLICE_X4Y96          LUT1 (Prop_lut1_I0_O)        0.124     4.531 f  u_accel/gen_nn_standard.u_accel/fc1/membrane_potential[23]_i_3__56/O
                         net (fo=20723, routed)       7.016    11.547    u_accel/gen_nn_standard.u_accel/gen_hl2[6].membrane_buf/membrane_storage_reg[19][0]_0
    SLICE_X74Y0          FDCE                                         f  u_accel/gen_nn_standard.u_accel/gen_hl2[6].membrane_buf/membrane_storage_reg[6][3]/CLR
  -------------------------------------------------------------------    -------------------

                         (clock sys_clk_pin rise edge)
                                                      0.000     0.000 r  
    E3                                                0.000     0.000 r  CLK100MHZ (IN)
                         net (fo=0)                   0.000     0.000    CLK100MHZ
    E3                   IBUF (Prop_ibuf_I_O)         1.411     1.411 r  CLK100MHZ_IBUF_inst/O
                         net (fo=1, routed)           1.920     3.331    CLK100MHZ_IBUF
    BUFGCTRL_X0Y16       BUFG (Prop_bufg_I_O)         0.091     3.422 r  CLK100MHZ_IBUF_BUFG_inst/O
                         net (fo=20885, routed)       1.727     5.149    u_accel/gen_nn_standard.u_accel/gen_hl2[6].membrane_buf/CLK100MHZ_IBUF_BUFG
    SLICE_X74Y0          FDCE                                         r  u_accel/gen_nn_standard.u_accel/gen_hl2[6].membrane_buf/membrane_storage_reg[6][3]/C





Min Delay Paths
--------------------------------------------------------------------------------------
Slack:                    inf
  Source:                 UART_TXD_IN
                            (input port)
  Destination:            u_accel/u_uart_rx/data_shift_reg[3]/D
                            (rising edge-triggered cell FDCE clocked by sys_clk_pin  {rise@0.000ns fall@5.000ns period=10.000ns})
  Path Group:             (none)
  Path Type:              Hold (Min at Fast Process Corner)
  Data Path Delay:        1.773ns  (logic 0.302ns (17.054%)  route 1.471ns (82.946%))
  Logic Levels:           2  (IBUF=1 LUT6=1)
  Clock Path Skew:        1.996ns (DCD - SCD - CPR)
    Destination Clock Delay (DCD):    1.996ns
    Source Clock Delay      (SCD):    0.000ns
    Clock Pessimism Removal (CPR):    -0.000ns

    Location             Delay type                Incr(ns)  Path(ns)    Netlist Resource(s)
  -------------------------------------------------------------------    -------------------
    C4                                                0.000     0.000 r  UART_TXD_IN (IN)
                         net (fo=0)                   0.000     0.000    UART_TXD_IN
    C4                   IBUF (Prop_ibuf_I_O)         0.257     0.257 r  UART_TXD_IN_IBUF_inst/O
                         net (fo=11, routed)          1.471     1.728    u_accel/u_uart_rx/UART_TXD_IN_IBUF
    SLICE_X46Y106        LUT6 (Prop_lut6_I0_O)        0.045     1.773 r  u_accel/u_uart_rx/data_shift[3]_i_1/O
                         net (fo=1, routed)           0.000     1.773    u_accel/u_uart_rx/data_shift[3]_i_1_n_0
    SLICE_X46Y106        FDCE                                         r  u_accel/u_uart_rx/data_shift_reg[3]/D
  -------------------------------------------------------------------    -------------------

                         (clock sys_clk_pin rise edge)
                                                      0.000     0.000 r  
    E3                                                0.000     0.000 r  CLK100MHZ (IN)
                         net (fo=0)                   0.000     0.000    CLK100MHZ
    E3                   IBUF (Prop_ibuf_I_O)         0.438     0.438 r  CLK100MHZ_IBUF_inst/O
                         net (fo=1, routed)           0.699     1.136    CLK100MHZ_IBUF
    BUFGCTRL_X0Y16       BUFG (Prop_bufg_I_O)         0.029     1.165 r  CLK100MHZ_IBUF_BUFG_inst/O
                         net (fo=20885, routed)       0.831     1.996    u_accel/u_uart_rx/CLK100MHZ_IBUF_BUFG
    SLICE_X46Y106        FDCE                                         r  u_accel/u_uart_rx/data_shift_reg[3]/C

Slack:                    inf
  Source:                 UART_TXD_IN
                            (input port)
  Destination:            u_accel/u_uart_rx/data_shift_reg[7]/D
                            (rising edge-triggered cell FDCE clocked by sys_clk_pin  {rise@0.000ns fall@5.000ns period=10.000ns})
  Path Group:             (none)
  Path Type:              Hold (Min at Fast Process Corner)
  Data Path Delay:        1.851ns  (logic 0.302ns (16.343%)  route 1.548ns (83.657%))
  Logic Levels:           2  (IBUF=1 LUT5=1)
  Clock Path Skew:        1.996ns (DCD - SCD - CPR)
    Destination Clock Delay (DCD):    1.996ns
    Source Clock Delay      (SCD):    0.000ns
    Clock Pessimism Removal (CPR):    -0.000ns

    Location             Delay type                Incr(ns)  Path(ns)    Netlist Resource(s)
  -------------------------------------------------------------------    -------------------
    C4                                                0.000     0.000 r  UART_TXD_IN (IN)
                         net (fo=0)                   0.000     0.000    UART_TXD_IN
    C4                   IBUF (Prop_ibuf_I_O)         0.257     0.257 r  UART_TXD_IN_IBUF_inst/O
                         net (fo=11, routed)          1.548     1.806    u_accel/u_uart_rx/UART_TXD_IN_IBUF
    SLICE_X47Y104        LUT5 (Prop_lut5_I0_O)        0.045     1.851 r  u_accel/u_uart_rx/data_shift[7]_i_1/O
                         net (fo=1, routed)           0.000     1.851    u_accel/u_uart_rx/data_shift[7]_i_1_n_0
    SLICE_X47Y104        FDCE                                         r  u_accel/u_uart_rx/data_shift_reg[7]/D
  -------------------------------------------------------------------    -------------------

                         (clock sys_clk_pin rise edge)
                                                      0.000     0.000 r  
    E3                                                0.000     0.000 r  CLK100MHZ (IN)
                         net (fo=0)                   0.000     0.000    CLK100MHZ
    E3                   IBUF (Prop_ibuf_I_O)         0.438     0.438 r  CLK100MHZ_IBUF_inst/O
                         net (fo=1, routed)           0.699     1.136    CLK100MHZ_IBUF
    BUFGCTRL_X0Y16       BUFG (Prop_bufg_I_O)         0.029     1.165 r  CLK100MHZ_IBUF_BUFG_inst/O
                         net (fo=20885, routed)       0.831     1.996    u_accel/u_uart_rx/CLK100MHZ_IBUF_BUFG
    SLICE_X47Y104        FDCE                                         r  u_accel/u_uart_rx/data_shift_reg[7]/C

Slack:                    inf
  Source:                 UART_TXD_IN
                            (input port)
  Destination:            u_accel/u_uart_rx/FSM_sequential_state_reg[0]/D
                            (rising edge-triggered cell FDCE clocked by sys_clk_pin  {rise@0.000ns fall@5.000ns period=10.000ns})
  Path Group:             (none)
  Path Type:              Hold (Min at Fast Process Corner)
  Data Path Delay:        1.885ns  (logic 0.302ns (16.044%)  route 1.583ns (83.956%))
  Logic Levels:           2  (IBUF=1 LUT6=1)
  Clock Path Skew:        1.996ns (DCD - SCD - CPR)
    Destination Clock Delay (DCD):    1.996ns
    Source Clock Delay      (SCD):    0.000ns
    Clock Pessimism Removal (CPR):    -0.000ns

    Location             Delay type                Incr(ns)  Path(ns)    Netlist Resource(s)
  -------------------------------------------------------------------    -------------------
    C4                                                0.000     0.000 f  UART_TXD_IN (IN)
                         net (fo=0)                   0.000     0.000    UART_TXD_IN
    C4                   IBUF (Prop_ibuf_I_O)         0.257     0.257 f  UART_TXD_IN_IBUF_inst/O
                         net (fo=11, routed)          1.583     1.840    u_accel/u_uart_rx/UART_TXD_IN_IBUF
    SLICE_X47Y105        LUT6 (Prop_lut6_I5_O)        0.045     1.885 r  u_accel/u_uart_rx/FSM_sequential_state[0]_i_1__0/O
                         net (fo=1, routed)           0.000     1.885    u_accel/u_uart_rx/FSM_sequential_state[0]_i_1__0_n_0
    SLICE_X47Y105        FDCE                                         r  u_accel/u_uart_rx/FSM_sequential_state_reg[0]/D
  -------------------------------------------------------------------    -------------------

                         (clock sys_clk_pin rise edge)
                                                      0.000     0.000 r  
    E3                                                0.000     0.000 r  CLK100MHZ (IN)
                         net (fo=0)                   0.000     0.000    CLK100MHZ
    E3                   IBUF (Prop_ibuf_I_O)         0.438     0.438 r  CLK100MHZ_IBUF_inst/O
                         net (fo=1, routed)           0.699     1.136    CLK100MHZ_IBUF
    BUFGCTRL_X0Y16       BUFG (Prop_bufg_I_O)         0.029     1.165 r  CLK100MHZ_IBUF_BUFG_inst/O
                         net (fo=20885, routed)       0.831     1.996    u_accel/u_uart_rx/CLK100MHZ_IBUF_BUFG
    SLICE_X47Y105        FDCE                                         r  u_accel/u_uart_rx/FSM_sequential_state_reg[0]/C

Slack:                    inf
  Source:                 UART_TXD_IN
                            (input port)
  Destination:            u_accel/u_uart_rx/FSM_sequential_state_reg[1]/D
                            (rising edge-triggered cell FDCE clocked by sys_clk_pin  {rise@0.000ns fall@5.000ns period=10.000ns})
  Path Group:             (none)
  Path Type:              Hold (Min at Fast Process Corner)
  Data Path Delay:        1.896ns  (logic 0.302ns (15.949%)  route 1.594ns (84.051%))
  Logic Levels:           2  (IBUF=1 LUT6=1)
  Clock Path Skew:        1.996ns (DCD - SCD - CPR)
    Destination Clock Delay (DCD):    1.996ns
    Source Clock Delay      (SCD):    0.000ns
    Clock Pessimism Removal (CPR):    -0.000ns

    Location             Delay type                Incr(ns)  Path(ns)    Netlist Resource(s)
  -------------------------------------------------------------------    -------------------
    C4                                                0.000     0.000 f  UART_TXD_IN (IN)
                         net (fo=0)                   0.000     0.000    UART_TXD_IN
    C4                   IBUF (Prop_ibuf_I_O)         0.257     0.257 f  UART_TXD_IN_IBUF_inst/O
                         net (fo=11, routed)          1.594     1.851    u_accel/u_uart_rx/UART_TXD_IN_IBUF
    SLICE_X48Y105        LUT6 (Prop_lut6_I5_O)        0.045     1.896 r  u_accel/u_uart_rx/FSM_sequential_state[1]_i_1__0/O
                         net (fo=1, routed)           0.000     1.896    u_accel/u_uart_rx/FSM_sequential_state[1]_i_1__0_n_0
    SLICE_X48Y105        FDCE                                         r  u_accel/u_uart_rx/FSM_sequential_state_reg[1]/D
  -------------------------------------------------------------------    -------------------

                         (clock sys_clk_pin rise edge)
                                                      0.000     0.000 r  
    E3                                                0.000     0.000 r  CLK100MHZ (IN)
                         net (fo=0)                   0.000     0.000    CLK100MHZ
    E3                   IBUF (Prop_ibuf_I_O)         0.438     0.438 r  CLK100MHZ_IBUF_inst/O
                         net (fo=1, routed)           0.699     1.136    CLK100MHZ_IBUF
    BUFGCTRL_X0Y16       BUFG (Prop_bufg_I_O)         0.029     1.165 r  CLK100MHZ_IBUF_BUFG_inst/O
                         net (fo=20885, routed)       0.831     1.996    u_accel/u_uart_rx/CLK100MHZ_IBUF_BUFG
    SLICE_X48Y105        FDCE                                         r  u_accel/u_uart_rx/FSM_sequential_state_reg[1]/C

Slack:                    inf
  Source:                 CPU_RESETN
                            (input port)
  Destination:            u_accel/gen_nn_standard.u_accel/fc1/outputs_reg[25][1]/CLR
                            (removal check against rising-edge clock sys_clk_pin  {rise@0.000ns fall@5.000ns period=10.000ns})
  Path Group:             (none)
  Path Type:              Removal (Min at Fast Process Corner)
  Data Path Delay:        1.913ns  (logic 0.320ns (16.703%)  route 1.594ns (83.297%))
  Logic Levels:           2  (IBUF=1 LUT1=1)
  Clock Path Skew:        2.012ns (DCD - SCD - CPR)
    Destination Clock Delay (DCD):    2.012ns
    Source Clock Delay      (SCD):    0.000ns
    Clock Pessimism Removal (CPR):    -0.000ns

    Location             Delay type                Incr(ns)  Path(ns)    Netlist Resource(s)
  -------------------------------------------------------------------    -------------------
    C12                                               0.000     0.000 r  CPU_RESETN (IN)
                         net (fo=0)                   0.000     0.000    CPU_RESETN
    C12                  IBUF (Prop_ibuf_I_O)         0.275     0.275 r  CPU_RESETN_IBUF_inst/O
                         net (fo=24, routed)          1.196     1.471    u_accel/gen_nn_standard.u_accel/fc1/CPU_RESETN_IBUF
    SLICE_X4Y96          LUT1 (Prop_lut1_I0_O)        0.045     1.516 f  u_accel/gen_nn_standard.u_accel/fc1/membrane_potential[23]_i_3__56/O
                         net (fo=20723, routed)       0.398     1.913    u_accel/gen_nn_standard.u_accel/fc1/CPU_RESETN
    SLICE_X10Y98         FDCE                                         f  u_accel/gen_nn_standard.u_accel/fc1/outputs_reg[25][1]/CLR
  -------------------------------------------------------------------    -------------------

                         (clock sys_clk_pin rise edge)
                                                      0.000     0.000 r  
    E3                                                0.000     0.000 r  CLK100MHZ (IN)
                         net (fo=0)                   0.000     0.000    CLK100MHZ
    E3                   IBUF (Prop_ibuf_I_O)         0.438     0.438 r  CLK100MHZ_IBUF_inst/O
                         net (fo=1, routed)           0.699     1.136    CLK100MHZ_IBUF
    BUFGCTRL_X0Y16       BUFG (Prop_bufg_I_O)         0.029     1.165 r  CLK100MHZ_IBUF_BUFG_inst/O
                         net (fo=20885, routed)       0.847     2.012    u_accel/gen_nn_standard.u_accel/fc1/CLK100MHZ_IBUF_BUFG
    SLICE_X10Y98         FDCE                                         r  u_accel/gen_nn_standard.u_accel/fc1/outputs_reg[25][1]/C

Slack:                    inf
  Source:                 CPU_RESETN
                            (input port)
  Destination:            u_accel/gen_nn_standard.u_accel/fc1/outputs_reg[25][2]/CLR
                            (removal check against rising-edge clock sys_clk_pin  {rise@0.000ns fall@5.000ns period=10.000ns})
  Path Group:             (none)
  Path Type:              Removal (Min at Fast Process Corner)
  Data Path Delay:        1.913ns  (logic 0.320ns (16.703%)  route 1.594ns (83.297%))
  Logic Levels:           2  (IBUF=1 LUT1=1)
  Clock Path Skew:        2.012ns (DCD - SCD - CPR)
    Destination Clock Delay (DCD):    2.012ns
    Source Clock Delay      (SCD):    0.000ns
    Clock Pessimism Removal (CPR):    -0.000ns

    Location             Delay type                Incr(ns)  Path(ns)    Netlist Resource(s)
  -------------------------------------------------------------------    -------------------
    C12                                               0.000     0.000 r  CPU_RESETN (IN)
                         net (fo=0)                   0.000     0.000    CPU_RESETN
    C12                  IBUF (Prop_ibuf_I_O)         0.275     0.275 r  CPU_RESETN_IBUF_inst/O
                         net (fo=24, routed)          1.196     1.471    u_accel/gen_nn_standard.u_accel/fc1/CPU_RESETN_IBUF
    SLICE_X4Y96          LUT1 (Prop_lut1_I0_O)        0.045     1.516 f  u_accel/gen_nn_standard.u_accel/fc1/membrane_potential[23]_i_3__56/O
                         net (fo=20723, routed)       0.398     1.913    u_accel/gen_nn_standard.u_accel/fc1/CPU_RESETN
    SLICE_X10Y98         FDCE                                         f  u_accel/gen_nn_standard.u_accel/fc1/outputs_reg[25][2]/CLR
  -------------------------------------------------------------------    -------------------

                         (clock sys_clk_pin rise edge)
                                                      0.000     0.000 r  
    E3                                                0.000     0.000 r  CLK100MHZ (IN)
                         net (fo=0)                   0.000     0.000    CLK100MHZ
    E3                   IBUF (Prop_ibuf_I_O)         0.438     0.438 r  CLK100MHZ_IBUF_inst/O
                         net (fo=1, routed)           0.699     1.136    CLK100MHZ_IBUF
    BUFGCTRL_X0Y16       BUFG (Prop_bufg_I_O)         0.029     1.165 r  CLK100MHZ_IBUF_BUFG_inst/O
                         net (fo=20885, routed)       0.847     2.012    u_accel/gen_nn_standard.u_accel/fc1/CLK100MHZ_IBUF_BUFG
    SLICE_X10Y98         FDCE                                         r  u_accel/gen_nn_standard.u_accel/fc1/outputs_reg[25][2]/C

Slack:                    inf
  Source:                 CPU_RESETN
                            (input port)
  Destination:            u_accel/gen_nn_standard.u_accel/fc1/outputs_reg[25][3]/CLR
                            (removal check against rising-edge clock sys_clk_pin  {rise@0.000ns fall@5.000ns period=10.000ns})
  Path Group:             (none)
  Path Type:              Removal (Min at Fast Process Corner)
  Data Path Delay:        1.913ns  (logic 0.320ns (16.703%)  route 1.594ns (83.297%))
  Logic Levels:           2  (IBUF=1 LUT1=1)
  Clock Path Skew:        2.012ns (DCD - SCD - CPR)
    Destination Clock Delay (DCD):    2.012ns
    Source Clock Delay      (SCD):    0.000ns
    Clock Pessimism Removal (CPR):    -0.000ns

    Location             Delay type                Incr(ns)  Path(ns)    Netlist Resource(s)
  -------------------------------------------------------------------    -------------------
    C12                                               0.000     0.000 r  CPU_RESETN (IN)
                         net (fo=0)                   0.000     0.000    CPU_RESETN
    C12                  IBUF (Prop_ibuf_I_O)         0.275     0.275 r  CPU_RESETN_IBUF_inst/O
                         net (fo=24, routed)          1.196     1.471    u_accel/gen_nn_standard.u_accel/fc1/CPU_RESETN_IBUF
    SLICE_X4Y96          LUT1 (Prop_lut1_I0_O)        0.045     1.516 f  u_accel/gen_nn_standard.u_accel/fc1/membrane_potential[23]_i_3__56/O
                         net (fo=20723, routed)       0.398     1.913    u_accel/gen_nn_standard.u_accel/fc1/CPU_RESETN
    SLICE_X10Y98         FDCE                                         f  u_accel/gen_nn_standard.u_accel/fc1/outputs_reg[25][3]/CLR
  -------------------------------------------------------------------    -------------------

                         (clock sys_clk_pin rise edge)
                                                      0.000     0.000 r  
    E3                                                0.000     0.000 r  CLK100MHZ (IN)
                         net (fo=0)                   0.000     0.000    CLK100MHZ
    E3                   IBUF (Prop_ibuf_I_O)         0.438     0.438 r  CLK100MHZ_IBUF_inst/O
                         net (fo=1, routed)           0.699     1.136    CLK100MHZ_IBUF
    BUFGCTRL_X0Y16       BUFG (Prop_bufg_I_O)         0.029     1.165 r  CLK100MHZ_IBUF_BUFG_inst/O
                         net (fo=20885, routed)       0.847     2.012    u_accel/gen_nn_standard.u_accel/fc1/CLK100MHZ_IBUF_BUFG
    SLICE_X10Y98         FDCE                                         r  u_accel/gen_nn_standard.u_accel/fc1/outputs_reg[25][3]/C

Slack:                    inf
  Source:                 CPU_RESETN
                            (input port)
  Destination:            u_accel/gen_nn_standard.u_accel/fc1/outputs_reg[25][4]/CLR
                            (removal check against rising-edge clock sys_clk_pin  {rise@0.000ns fall@5.000ns period=10.000ns})
  Path Group:             (none)
  Path Type:              Removal (Min at Fast Process Corner)
  Data Path Delay:        1.913ns  (logic 0.320ns (16.703%)  route 1.594ns (83.297%))
  Logic Levels:           2  (IBUF=1 LUT1=1)
  Clock Path Skew:        2.012ns (DCD - SCD - CPR)
    Destination Clock Delay (DCD):    2.012ns
    Source Clock Delay      (SCD):    0.000ns
    Clock Pessimism Removal (CPR):    -0.000ns

    Location             Delay type                Incr(ns)  Path(ns)    Netlist Resource(s)
  -------------------------------------------------------------------    -------------------
    C12                                               0.000     0.000 r  CPU_RESETN (IN)
                         net (fo=0)                   0.000     0.000    CPU_RESETN
    C12                  IBUF (Prop_ibuf_I_O)         0.275     0.275 r  CPU_RESETN_IBUF_inst/O
                         net (fo=24, routed)          1.196     1.471    u_accel/gen_nn_standard.u_accel/fc1/CPU_RESETN_IBUF
    SLICE_X4Y96          LUT1 (Prop_lut1_I0_O)        0.045     1.516 f  u_accel/gen_nn_standard.u_accel/fc1/membrane_potential[23]_i_3__56/O
                         net (fo=20723, routed)       0.398     1.913    u_accel/gen_nn_standard.u_accel/fc1/CPU_RESETN
    SLICE_X10Y98         FDCE                                         f  u_accel/gen_nn_standard.u_accel/fc1/outputs_reg[25][4]/CLR
  -------------------------------------------------------------------    -------------------

                         (clock sys_clk_pin rise edge)
                                                      0.000     0.000 r  
    E3                                                0.000     0.000 r  CLK100MHZ (IN)
                         net (fo=0)                   0.000     0.000    CLK100MHZ
    E3                   IBUF (Prop_ibuf_I_O)         0.438     0.438 r  CLK100MHZ_IBUF_inst/O
                         net (fo=1, routed)           0.699     1.136    CLK100MHZ_IBUF
    BUFGCTRL_X0Y16       BUFG (Prop_bufg_I_O)         0.029     1.165 r  CLK100MHZ_IBUF_BUFG_inst/O
                         net (fo=20885, routed)       0.847     2.012    u_accel/gen_nn_standard.u_accel/fc1/CLK100MHZ_IBUF_BUFG
    SLICE_X10Y98         FDCE                                         r  u_accel/gen_nn_standard.u_accel/fc1/outputs_reg[25][4]/C

Slack:                    inf
  Source:                 CPU_RESETN
                            (input port)
  Destination:            u_accel/gen_nn_standard.u_accel/gen_hl1_lif[9].hl1_lif/membrane_potential_reg[12]/CLR
                            (removal check against rising-edge clock sys_clk_pin  {rise@0.000ns fall@5.000ns period=10.000ns})
  Path Group:             (none)
  Path Type:              Removal (Min at Fast Process Corner)
  Data Path Delay:        1.913ns  (logic 0.320ns (16.703%)  route 1.594ns (83.297%))
  Logic Levels:           2  (IBUF=1 LUT1=1)
  Clock Path Skew:        2.012ns (DCD - SCD - CPR)
    Destination Clock Delay (DCD):    2.012ns
    Source Clock Delay      (SCD):    0.000ns
    Clock Pessimism Removal (CPR):    -0.000ns

    Location             Delay type                Incr(ns)  Path(ns)    Netlist Resource(s)
  -------------------------------------------------------------------    -------------------
    C12                                               0.000     0.000 r  CPU_RESETN (IN)
                         net (fo=0)                   0.000     0.000    CPU_RESETN
    C12                  IBUF (Prop_ibuf_I_O)         0.275     0.275 r  CPU_RESETN_IBUF_inst/O
                         net (fo=24, routed)          1.196     1.471    u_accel/gen_nn_standard.u_accel/fc1/CPU_RESETN_IBUF
    SLICE_X4Y96          LUT1 (Prop_lut1_I0_O)        0.045     1.516 f  u_accel/gen_nn_standard.u_accel/fc1/membrane_potential[23]_i_3__56/O
                         net (fo=20723, routed)       0.398     1.913    u_accel/gen_nn_standard.u_accel/gen_hl1_lif[9].hl1_lif/spike_prev_reg_1
    SLICE_X11Y98         FDCE                                         f  u_accel/gen_nn_standard.u_accel/gen_hl1_lif[9].hl1_lif/membrane_potential_reg[12]/CLR
  -------------------------------------------------------------------    -------------------

                         (clock sys_clk_pin rise edge)
                                                      0.000     0.000 r  
    E3                                                0.000     0.000 r  CLK100MHZ (IN)
                         net (fo=0)                   0.000     0.000    CLK100MHZ
    E3                   IBUF (Prop_ibuf_I_O)         0.438     0.438 r  CLK100MHZ_IBUF_inst/O
                         net (fo=1, routed)           0.699     1.136    CLK100MHZ_IBUF
    BUFGCTRL_X0Y16       BUFG (Prop_bufg_I_O)         0.029     1.165 r  CLK100MHZ_IBUF_BUFG_inst/O
                         net (fo=20885, routed)       0.847     2.012    u_accel/gen_nn_standard.u_accel/gen_hl1_lif[9].hl1_lif/CLK100MHZ_IBUF_BUFG
    SLICE_X11Y98         FDCE                                         r  u_accel/gen_nn_standard.u_accel/gen_hl1_lif[9].hl1_lif/membrane_potential_reg[12]/C

Slack:                    inf
  Source:                 CPU_RESETN
                            (input port)
  Destination:            u_accel/gen_nn_standard.u_accel/gen_hl1_lif[9].hl1_lif/membrane_potential_reg[13]/CLR
                            (removal check against rising-edge clock sys_clk_pin  {rise@0.000ns fall@5.000ns period=10.000ns})
  Path Group:             (none)
  Path Type:              Removal (Min at Fast Process Corner)
  Data Path Delay:        1.913ns  (logic 0.320ns (16.703%)  route 1.594ns (83.297%))
  Logic Levels:           2  (IBUF=1 LUT1=1)
  Clock Path Skew:        2.012ns (DCD - SCD - CPR)
    Destination Clock Delay (DCD):    2.012ns
    Source Clock Delay      (SCD):    0.000ns
    Clock Pessimism Removal (CPR):    -0.000ns

    Location             Delay type                Incr(ns)  Path(ns)    Netlist Resource(s)
  -------------------------------------------------------------------    -------------------
    C12                                               0.000     0.000 r  CPU_RESETN (IN)
                         net (fo=0)                   0.000     0.000    CPU_RESETN
    C12                  IBUF (Prop_ibuf_I_O)         0.275     0.275 r  CPU_RESETN_IBUF_inst/O
                         net (fo=24, routed)          1.196     1.471    u_accel/gen_nn_standard.u_accel/fc1/CPU_RESETN_IBUF
    SLICE_X4Y96          LUT1 (Prop_lut1_I0_O)        0.045     1.516 f  u_accel/gen_nn_standard.u_accel/fc1/membrane_potential[23]_i_3__56/O
                         net (fo=20723, routed)       0.398     1.913    u_accel/gen_nn_standard.u_accel/gen_hl1_lif[9].hl1_lif/spike_prev_reg_1
    SLICE_X11Y98         FDCE                                         f  u_accel/gen_nn_standard.u_accel/gen_hl1_lif[9].hl1_lif/membrane_potential_reg[13]/CLR
  -------------------------------------------------------------------    -------------------

                         (clock sys_clk_pin rise edge)
                                                      0.000     0.000 r  
    E3                                                0.000     0.000 r  CLK100MHZ (IN)
                         net (fo=0)                   0.000     0.000    CLK100MHZ
    E3                   IBUF (Prop_ibuf_I_O)         0.438     0.438 r  CLK100MHZ_IBUF_inst/O
                         net (fo=1, routed)           0.699     1.136    CLK100MHZ_IBUF
    BUFGCTRL_X0Y16       BUFG (Prop_bufg_I_O)         0.029     1.165 r  CLK100MHZ_IBUF_BUFG_inst/O
                         net (fo=20885, routed)       0.847     2.012    u_accel/gen_nn_standard.u_accel/gen_hl1_lif[9].hl1_lif/CLK100MHZ_IBUF_BUFG
    SLICE_X11Y98         FDCE                                         r  u_accel/gen_nn_standard.u_accel/gen_hl1_lif[9].hl1_lif/membrane_potential_reg[13]/C





