Copyright 1986-2022 Xilinx, Inc. All Rights Reserved. Copyright 2022-2025 Advanced Micro Devices, Inc. All Rights Reserved.
---------------------------------------------------------------------------------------------------------------------------------------------------------------------------------------------------------------------------------------------------------------------------------------------
| Tool Version : Vivado v.2025.1 (lin64) Build 6140274 Wed May 21 22:58:25 MDT 2025
| Date         : Fri May 29 09:25:32 2026
| Host         : niklas.ece.pdx.edu running 64-bit Pop!_OS 22.04 LTS
| Command      : report_timing_summary -max_paths 10 -routable_nets -report_unconstrained -file board_top_fractional_32_8_8_timing_summary_routed.rpt -pb board_top_fractional_32_8_8_timing_summary_routed.pb -rpx board_top_fractional_32_8_8_timing_summary_routed.rpx -warn_on_violation
| Design       : board_top_fractional_32_8_8
| Device       : 7a100t-csg324
| Speed File   : -1  PRODUCTION 1.23 2018-06-13
| Design State : Routed
---------------------------------------------------------------------------------------------------------------------------------------------------------------------------------------------------------------------------------------------------------------------------------------------

Timing Summary Report

------------------------------------------------------------------------------------------------
| Timer Settings
| --------------
------------------------------------------------------------------------------------------------

  Enable Multi Corner Analysis               :  Yes
  Enable Pessimism Removal                   :  Yes
  Pessimism Removal Resolution               :  Nearest Common Node
  Enable Input Delay Default Clock           :  No
  Enable Preset / Clear Arcs                 :  No
  Disable Flight Delays                      :  No
  Ignore I/O Paths                           :  No
  Timing Early Launch at Borrowing Latches   :  No
  Borrow Time for Max Delay Exceptions       :  Yes
  Merge Timing Exceptions                    :  Yes
  Inter-SLR Compensation                     :  Conservative

  Corner  Analyze    Analyze    
  Name    Max Paths  Min Paths  
  ------  ---------  ---------  
  Slow    Yes        Yes        
  Fast    Yes        Yes        


------------------------------------------------------------------------------------------------
| Report Methodology
| ------------------
------------------------------------------------------------------------------------------------

Rule       Severity  Description                    Violations  
---------  --------  -----------------------------  ----------  
DPIR-1     Warning   Asynchronous driver check      5628        
SYNTH-10   Warning   Wide multiplier                120         
TIMING-18  Warning   Missing input or output delay  19          

Note: This report is based on the most recent report_methodology run and may not be up-to-date. Run report_methodology on the current design for the latest report.



check_timing report

Table of Contents
-----------------
1. checking no_clock (0)
2. checking constant_clock (0)
3. checking pulse_width_clock (0)
4. checking unconstrained_internal_endpoints (0)
5. checking no_input_delay (2)
6. checking no_output_delay (4)
7. checking multiple_clock (0)
8. checking generated_clocks (0)
9. checking loops (0)
10. checking partial_input_delay (0)
11. checking partial_output_delay (0)
12. checking latch_loops (0)

1. checking no_clock (0)
------------------------
 There are 0 register/latch pins with no clock.


2. checking constant_clock (0)
------------------------------
 There are 0 register/latch pins with constant_clock.


3. checking pulse_width_clock (0)
---------------------------------
 There are 0 register/latch pins which need pulse_width check


4. checking unconstrained_internal_endpoints (0)
------------------------------------------------
 There are 0 pins that are not constrained for maximum delay.

 There are 0 pins that are not constrained for maximum delay due to constant clock.


5. checking no_input_delay (2)
------------------------------
 There are 2 input ports with no input delay specified. (HIGH)

 There are 0 input ports with no input delay but user has a false path constraint.


6. checking no_output_delay (4)
-------------------------------
 There are 4 ports with no output delay specified. (HIGH)

 There are 0 ports with no output delay but user has a false path constraint

 There are 0 ports with no output delay but with a timing clock defined on it or propagating through it


7. checking multiple_clock (0)
------------------------------
 There are 0 register/latch pins with multiple clocks.


8. checking generated_clocks (0)
--------------------------------
 There are 0 generated clocks that are not connected to a clock source.


9. checking loops (0)
---------------------
 There are 0 combinational loops in the design.


10. checking partial_input_delay (0)
------------------------------------
 There are 0 input ports with partial input delay specified.


11. checking partial_output_delay (0)
-------------------------------------
 There are 0 ports with partial output delay specified.


12. checking latch_loops (0)
----------------------------
 There are 0 combinational latch loops in the design through latch input



------------------------------------------------------------------------------------------------
| Design Timing Summary
| ---------------------
------------------------------------------------------------------------------------------------

    WNS(ns)      TNS(ns)  TNS Failing Endpoints  TNS Total Endpoints      WHS(ns)      THS(ns)  THS Failing Endpoints  THS Total Endpoints     WPWS(ns)     TPWS(ns)  TPWS Failing Endpoints  TPWS Total Endpoints  
    -------      -------  ---------------------  -------------------      -------      -------  ---------------------  -------------------     --------     --------  ----------------------  --------------------  
      0.171        0.000                      0                41154        0.039        0.000                      0                41154        4.500        0.000                       0                 20674  


All user specified timing constraints are met.


------------------------------------------------------------------------------------------------
| Clock Summary
| -------------
------------------------------------------------------------------------------------------------

Clock        Waveform(ns)       Period(ns)      Frequency(MHz)
-----        ------------       ----------      --------------
sys_clk_pin  {0.000 5.000}      10.000          100.000         


------------------------------------------------------------------------------------------------
| Intra Clock Table
| -----------------
------------------------------------------------------------------------------------------------

Clock             WNS(ns)      TNS(ns)  TNS Failing Endpoints  TNS Total Endpoints      WHS(ns)      THS(ns)  THS Failing Endpoints  THS Total Endpoints     WPWS(ns)     TPWS(ns)  TPWS Failing Endpoints  TPWS Total Endpoints  
-----             -------      -------  ---------------------  -------------------      -------      -------  ---------------------  -------------------     --------     --------  ----------------------  --------------------  
sys_clk_pin         0.171        0.000                      0                41154        0.039        0.000                      0                41154        4.500        0.000                       0                 20674  


------------------------------------------------------------------------------------------------
| Inter Clock Table
| -----------------
------------------------------------------------------------------------------------------------

From Clock    To Clock          WNS(ns)      TNS(ns)  TNS Failing Endpoints  TNS Total Endpoints      WHS(ns)      THS(ns)  THS Failing Endpoints  THS Total Endpoints  
----------    --------          -------      -------  ---------------------  -------------------      -------      -------  ---------------------  -------------------  


------------------------------------------------------------------------------------------------
| Other Path Groups Table
| -----------------------
------------------------------------------------------------------------------------------------

Path Group    From Clock    To Clock          WNS(ns)      TNS(ns)  TNS Failing Endpoints  TNS Total Endpoints      WHS(ns)      THS(ns)  THS Failing Endpoints  THS Total Endpoints  
----------    ----------    --------          -------      -------  ---------------------  -------------------      -------      -------  ---------------------  -------------------  


------------------------------------------------------------------------------------------------
| User Ignored Path Table
| -----------------------
------------------------------------------------------------------------------------------------

Path Group    From Clock    To Clock    
----------    ----------    --------    


------------------------------------------------------------------------------------------------
| Unconstrained Path Table
| ------------------------
------------------------------------------------------------------------------------------------

Path Group    From Clock    To Clock    
----------    ----------    --------    
(none)        sys_clk_pin                 
(none)                      sys_clk_pin   


------------------------------------------------------------------------------------------------
| Timing Details
| --------------
------------------------------------------------------------------------------------------------


---------------------------------------------------------------------------------------------------
From Clock:  sys_clk_pin
  To Clock:  sys_clk_pin

Setup :            0  Failing Endpoints,  Worst Slack        0.171ns,  Total Violation        0.000ns
Hold  :            0  Failing Endpoints,  Worst Slack        0.039ns,  Total Violation        0.000ns
PW    :            0  Failing Endpoints,  Worst Slack        4.500ns,  Total Violation        0.000ns
---------------------------------------------------------------------------------------------------


Max Delay Paths
--------------------------------------------------------------------------------------
Slack (MET) :             0.171ns  (required time - arrival time)
  Source:                 u_accel/gen_nn_fractional.u_accel/gen_hl1_lif[10].hl1_lif/mac_index_reg[0]/C
                            (rising edge-triggered cell FDCE clocked by sys_clk_pin  {rise@0.000ns fall@5.000ns period=10.000ns})
  Destination:            u_accel/gen_nn_fractional.u_accel/gen_hl1_lif[10].hl1_lif/history_sum_acc_reg[43]/D
                            (rising edge-triggered cell FDCE clocked by sys_clk_pin  {rise@0.000ns fall@5.000ns period=10.000ns})
  Path Group:             sys_clk_pin
  Path Type:              Setup (Max at Slow Process Corner)
  Requirement:            10.000ns  (sys_clk_pin rise@10.000ns - sys_clk_pin rise@0.000ns)
  Data Path Delay:        9.743ns  (logic 5.342ns (54.830%)  route 4.401ns (45.170%))
  Logic Levels:           5  (DSP48E1=1 LUT3=1 LUT4=1 LUT6=1 MUXF7=1)
  Clock Path Skew:        -0.126ns (DCD - SCD + CPR)
    Destination Clock Delay (DCD):    4.942ns = ( 14.942 - 10.000 ) 
    Source Clock Delay      (SCD):    5.327ns
    Clock Pessimism Removal (CPR):    0.259ns
  Clock Uncertainty:      0.035ns  ((TSJ^2 + TIJ^2)^1/2 + DJ) / 2 + PE
    Total System Jitter     (TSJ):    0.071ns
    Total Input Jitter      (TIJ):    0.000ns
    Discrete Jitter          (DJ):    0.000ns
    Phase Error              (PE):    0.000ns

    Location             Delay type                Incr(ns)  Path(ns)    Netlist Resource(s)
  -------------------------------------------------------------------    -------------------
                         (clock sys_clk_pin rise edge)
                                                      0.000     0.000 r  
    E3                                                0.000     0.000 r  CLK100MHZ (IN)
                         net (fo=0)                   0.000     0.000    CLK100MHZ
    E3                   IBUF (Prop_ibuf_I_O)         1.482     1.482 r  CLK100MHZ_IBUF_inst/O
                         net (fo=1, routed)           2.025     3.506    CLK100MHZ_IBUF
    BUFGCTRL_X0Y16       BUFG (Prop_bufg_I_O)         0.096     3.602 r  CLK100MHZ_IBUF_BUFG_inst/O
                         net (fo=20673, routed)       1.724     5.327    u_accel/gen_nn_fractional.u_accel/gen_hl1_lif[10].hl1_lif/CLK100MHZ_IBUF_BUFG
    SLICE_X5Y95          FDCE                                         r  u_accel/gen_nn_fractional.u_accel/gen_hl1_lif[10].hl1_lif/mac_index_reg[0]/C
  -------------------------------------------------------------------    -------------------
    SLICE_X5Y95          FDCE (Prop_fdce_C_Q)         0.456     5.783 r  u_accel/gen_nn_fractional.u_accel/gen_hl1_lif[10].hl1_lif/mac_index_reg[0]/Q
                         net (fo=13, routed)          1.197     6.979    u_accel/gen_nn_fractional.u_accel/gen_hl1_lif[10].hl1_lif/mac_index[0]
    SLICE_X5Y92          LUT4 (Prop_lut4_I1_O)        0.154     7.133 r  u_accel/gen_nn_fractional.u_accel/gen_hl1_lif[10].hl1_lif/history_sum_acc0_i_82__14/O
                         net (fo=48, routed)          1.144     8.278    u_accel/gen_nn_fractional.u_accel/gen_hl1_lif[10].hl1_lif/history_sum_acc0_i_82__14_n_0
    SLICE_X2Y82          LUT6 (Prop_lut6_I2_O)        0.327     8.605 r  u_accel/gen_nn_fractional.u_accel/gen_hl1_lif[10].hl1_lif/history_sum_acc0_i_80__14/O
                         net (fo=1, routed)           0.000     8.605    u_accel/gen_nn_fractional.u_accel/gen_hl1_lif[10].hl1_lif/history_sum_acc0_i_80__14_n_0
    SLICE_X2Y82          MUXF7 (Prop_muxf7_I0_O)      0.241     8.846 r  u_accel/gen_nn_fractional.u_accel/gen_hl1_lif[10].hl1_lif/history_sum_acc0_i_32__14/O
                         net (fo=1, routed)           1.073     9.919    u_accel/gen_nn_fractional.u_accel/gen_hl1_lif[10].hl1_lif/history_buffer[0]
    DSP48_X0Y35          DSP48E1 (Prop_dsp48e1_A[0]_P[43])
                                                      4.015    13.934 r  u_accel/gen_nn_fractional.u_accel/gen_hl1_lif[10].hl1_lif/history_sum_acc0/P[43]
                         net (fo=1, routed)           0.986    14.921    u_accel/gen_nn_fractional.u_accel/gen_hl1_lif[10].hl1_lif/history_sum_acc0_n_62
    SLICE_X13Y86         LUT3 (Prop_lut3_I0_O)        0.149    15.070 r  u_accel/gen_nn_fractional.u_accel/gen_hl1_lif[10].hl1_lif/history_sum_acc[43]_i_2__14/O
                         net (fo=1, routed)           0.000    15.070    u_accel/gen_nn_fractional.u_accel/gen_hl1_lif[10].hl1_lif/p_1_in[43]
    SLICE_X13Y86         FDCE                                         r  u_accel/gen_nn_fractional.u_accel/gen_hl1_lif[10].hl1_lif/history_sum_acc_reg[43]/D
  -------------------------------------------------------------------    -------------------

                         (clock sys_clk_pin rise edge)
                                                     10.000    10.000 r  
    E3                                                0.000    10.000 r  CLK100MHZ (IN)
                         net (fo=0)                   0.000    10.000    CLK100MHZ
    E3                   IBUF (Prop_ibuf_I_O)         1.411    11.411 r  CLK100MHZ_IBUF_inst/O
                         net (fo=1, routed)           1.920    13.331    CLK100MHZ_IBUF
    BUFGCTRL_X0Y16       BUFG (Prop_bufg_I_O)         0.091    13.422 r  CLK100MHZ_IBUF_BUFG_inst/O
                         net (fo=20673, routed)       1.519    14.942    u_accel/gen_nn_fractional.u_accel/gen_hl1_lif[10].hl1_lif/CLK100MHZ_IBUF_BUFG
    SLICE_X13Y86         FDCE                                         r  u_accel/gen_nn_fractional.u_accel/gen_hl1_lif[10].hl1_lif/history_sum_acc_reg[43]/C
                         clock pessimism              0.259    15.201    
                         clock uncertainty           -0.035    15.165    
    SLICE_X13Y86         FDCE (Setup_fdce_C_D)        0.075    15.240    u_accel/gen_nn_fractional.u_accel/gen_hl1_lif[10].hl1_lif/history_sum_acc_reg[43]
  -------------------------------------------------------------------
                         required time                         15.240    
                         arrival time                         -15.070    
  -------------------------------------------------------------------
                         slack                                  0.171    

Slack (MET) :             0.181ns  (required time - arrival time)
  Source:                 u_accel/gen_nn_fractional.u_accel/gen_hl1_lif[19].hl1_lif/numerator_reg_reg[15]/C
                            (rising edge-triggered cell FDCE clocked by sys_clk_pin  {rise@0.000ns fall@5.000ns period=10.000ns})
  Destination:            u_accel/gen_nn_fractional.u_accel/gen_hl1_lif[19].hl1_lif/mul_scaled_result_reg_reg[61]/D
                            (rising edge-triggered cell FDCE clocked by sys_clk_pin  {rise@0.000ns fall@5.000ns period=10.000ns})
  Path Group:             sys_clk_pin
  Path Type:              Setup (Max at Slow Process Corner)
  Requirement:            10.000ns  (sys_clk_pin rise@10.000ns - sys_clk_pin rise@0.000ns)
  Data Path Delay:        9.559ns  (logic 7.591ns (79.413%)  route 1.968ns (20.587%))
  Logic Levels:           11  (CARRY4=8 DSP48E1=2 LUT3=1)
  Clock Path Skew:        -0.287ns (DCD - SCD + CPR)
    Destination Clock Delay (DCD):    4.935ns = ( 14.935 - 10.000 ) 
    Source Clock Delay      (SCD):    5.409ns
    Clock Pessimism Removal (CPR):    0.187ns
  Clock Uncertainty:      0.035ns  ((TSJ^2 + TIJ^2)^1/2 + DJ) / 2 + PE
    Total System Jitter     (TSJ):    0.071ns
    Total Input Jitter      (TIJ):    0.000ns
    Discrete Jitter          (DJ):    0.000ns
    Phase Error              (PE):    0.000ns

    Location             Delay type                Incr(ns)  Path(ns)    Netlist Resource(s)
  -------------------------------------------------------------------    -------------------
                         (clock sys_clk_pin rise edge)
                                                      0.000     0.000 r  
    E3                                                0.000     0.000 r  CLK100MHZ (IN)
                         net (fo=0)                   0.000     0.000    CLK100MHZ
    E3                   IBUF (Prop_ibuf_I_O)         1.482     1.482 r  CLK100MHZ_IBUF_inst/O
                         net (fo=1, routed)           2.025     3.506    CLK100MHZ_IBUF
    BUFGCTRL_X0Y16       BUFG (Prop_bufg_I_O)         0.096     3.602 r  CLK100MHZ_IBUF_BUFG_inst/O
                         net (fo=20673, routed)       1.806     5.409    u_accel/gen_nn_fractional.u_accel/gen_hl1_lif[19].hl1_lif/CLK100MHZ_IBUF_BUFG
    SLICE_X51Y49         FDCE                                         r  u_accel/gen_nn_fractional.u_accel/gen_hl1_lif[19].hl1_lif/numerator_reg_reg[15]/C
  -------------------------------------------------------------------    -------------------
    SLICE_X51Y49         FDCE (Prop_fdce_C_Q)         0.456     5.865 r  u_accel/gen_nn_fractional.u_accel/gen_hl1_lif[19].hl1_lif/numerator_reg_reg[15]/Q
                         net (fo=1, routed)           0.875     6.740    u_accel/gen_nn_fractional.u_accel/gen_hl1_lif[19].hl1_lif/numerator_reg_reg_n_0_[15]
    DSP48_X1Y20          DSP48E1 (Prop_dsp48e1_A[15]_PCOUT[47])
                                                      4.036    10.776 r  u_accel/gen_nn_fractional.u_accel/gen_hl1_lif[19].hl1_lif/mul_scaled_result_reg0/PCOUT[47]
                         net (fo=1, routed)           0.002    10.778    u_accel/gen_nn_fractional.u_accel/gen_hl1_lif[19].hl1_lif/mul_scaled_result_reg0_n_106
    DSP48_X1Y21          DSP48E1 (Prop_dsp48e1_PCIN[47]_P[17])
                                                      1.518    12.296 r  u_accel/gen_nn_fractional.u_accel/gen_hl1_lif[19].hl1_lif/mul_scaled_result_reg0__0/P[17]
                         net (fo=1, routed)           1.091    13.387    u_accel/gen_nn_fractional.u_accel/gen_hl1_lif[19].hl1_lif/mul_scaled_result_reg0__0_n_88
    SLICE_X49Y50         LUT3 (Prop_lut3_I2_O)        0.124    13.511 r  u_accel/gen_nn_fractional.u_accel/gen_hl1_lif[19].hl1_lif/mul_scaled_result_reg[36]_i_7__5/O
                         net (fo=1, routed)           0.000    13.511    u_accel/gen_nn_fractional.u_accel/gen_hl1_lif[19].hl1_lif/mul_scaled_result_reg[36]_i_7__5_n_0
    SLICE_X49Y50         CARRY4 (Prop_carry4_S[1]_CO[3])
                                                      0.550    14.061 r  u_accel/gen_nn_fractional.u_accel/gen_hl1_lif[19].hl1_lif/mul_scaled_result_reg_reg[36]_i_1__5/CO[3]
                         net (fo=1, routed)           0.000    14.061    u_accel/gen_nn_fractional.u_accel/gen_hl1_lif[19].hl1_lif/mul_scaled_result_reg_reg[36]_i_1__5_n_0
    SLICE_X49Y51         CARRY4 (Prop_carry4_CI_CO[3])
                                                      0.114    14.175 r  u_accel/gen_nn_fractional.u_accel/gen_hl1_lif[19].hl1_lif/mul_scaled_result_reg_reg[40]_i_1__5/CO[3]
                         net (fo=1, routed)           0.000    14.175    u_accel/gen_nn_fractional.u_accel/gen_hl1_lif[19].hl1_lif/mul_scaled_result_reg_reg[40]_i_1__5_n_0
    SLICE_X49Y52         CARRY4 (Prop_carry4_CI_CO[3])
                                                      0.114    14.289 r  u_accel/gen_nn_fractional.u_accel/gen_hl1_lif[19].hl1_lif/mul_scaled_result_reg_reg[44]_i_1__5/CO[3]
                         net (fo=1, routed)           0.000    14.289    u_accel/gen_nn_fractional.u_accel/gen_hl1_lif[19].hl1_lif/mul_scaled_result_reg_reg[44]_i_1__5_n_0
    SLICE_X49Y53         CARRY4 (Prop_carry4_CI_CO[3])
                                                      0.114    14.403 r  u_accel/gen_nn_fractional.u_accel/gen_hl1_lif[19].hl1_lif/mul_scaled_result_reg_reg[48]_i_1__5/CO[3]
                         net (fo=1, routed)           0.000    14.403    u_accel/gen_nn_fractional.u_accel/gen_hl1_lif[19].hl1_lif/mul_scaled_result_reg_reg[48]_i_1__5_n_0
    SLICE_X49Y54         CARRY4 (Prop_carry4_CI_CO[3])
                                                      0.114    14.517 r  u_accel/gen_nn_fractional.u_accel/gen_hl1_lif[19].hl1_lif/mul_scaled_result_reg_reg[52]_i_1__5/CO[3]
                         net (fo=1, routed)           0.000    14.517    u_accel/gen_nn_fractional.u_accel/gen_hl1_lif[19].hl1_lif/mul_scaled_result_reg_reg[52]_i_1__5_n_0
    SLICE_X49Y55         CARRY4 (Prop_carry4_CI_CO[3])
                                                      0.114    14.631 r  u_accel/gen_nn_fractional.u_accel/gen_hl1_lif[19].hl1_lif/mul_scaled_result_reg_reg[56]_i_1__5/CO[3]
                         net (fo=1, routed)           0.000    14.631    u_accel/gen_nn_fractional.u_accel/gen_hl1_lif[19].hl1_lif/mul_scaled_result_reg_reg[56]_i_1__5_n_0
    SLICE_X49Y56         CARRY4 (Prop_carry4_CI_CO[3])
                                                      0.114    14.745 r  u_accel/gen_nn_fractional.u_accel/gen_hl1_lif[19].hl1_lif/mul_scaled_result_reg_reg[60]_i_1__5/CO[3]
                         net (fo=1, routed)           0.000    14.745    u_accel/gen_nn_fractional.u_accel/gen_hl1_lif[19].hl1_lif/mul_scaled_result_reg_reg[60]_i_1__5_n_0
    SLICE_X49Y57         CARRY4 (Prop_carry4_CI_O[0])
                                                      0.223    14.968 r  u_accel/gen_nn_fractional.u_accel/gen_hl1_lif[19].hl1_lif/mul_scaled_result_reg_reg[61]_i_2__5/O[0]
                         net (fo=1, routed)           0.000    14.968    u_accel/gen_nn_fractional.u_accel/gen_hl1_lif[19].hl1_lif/mul_scaled_result_reg_reg[61]_i_2__5_n_7
    SLICE_X49Y57         FDCE                                         r  u_accel/gen_nn_fractional.u_accel/gen_hl1_lif[19].hl1_lif/mul_scaled_result_reg_reg[61]/D
  -------------------------------------------------------------------    -------------------

                         (clock sys_clk_pin rise edge)
                                                     10.000    10.000 r  
    E3                                                0.000    10.000 r  CLK100MHZ (IN)
                         net (fo=0)                   0.000    10.000    CLK100MHZ
    E3                   IBUF (Prop_ibuf_I_O)         1.411    11.411 r  CLK100MHZ_IBUF_inst/O
                         net (fo=1, routed)           1.920    13.331    CLK100MHZ_IBUF
    BUFGCTRL_X0Y16       BUFG (Prop_bufg_I_O)         0.091    13.422 r  CLK100MHZ_IBUF_BUFG_inst/O
                         net (fo=20673, routed)       1.512    14.935    u_accel/gen_nn_fractional.u_accel/gen_hl1_lif[19].hl1_lif/CLK100MHZ_IBUF_BUFG
    SLICE_X49Y57         FDCE                                         r  u_accel/gen_nn_fractional.u_accel/gen_hl1_lif[19].hl1_lif/mul_scaled_result_reg_reg[61]/C
                         clock pessimism              0.187    15.122    
                         clock uncertainty           -0.035    15.086    
    SLICE_X49Y57         FDCE (Setup_fdce_C_D)        0.062    15.148    u_accel/gen_nn_fractional.u_accel/gen_hl1_lif[19].hl1_lif/mul_scaled_result_reg_reg[61]
  -------------------------------------------------------------------
                         required time                         15.148    
                         arrival time                         -14.968    
  -------------------------------------------------------------------
                         slack                                  0.181    

Slack (MET) :             0.185ns  (required time - arrival time)
  Source:                 u_accel/gen_nn_fractional.u_accel/fc1/input_idx_reg[0]/C
                            (rising edge-triggered cell FDCE clocked by sys_clk_pin  {rise@0.000ns fall@5.000ns period=10.000ns})
  Destination:            u_accel/gen_nn_fractional.u_accel/fc1/accums_reg[5][0]/D
                            (rising edge-triggered cell FDCE clocked by sys_clk_pin  {rise@0.000ns fall@5.000ns period=10.000ns})
  Path Group:             sys_clk_pin
  Path Type:              Setup (Max at Slow Process Corner)
  Requirement:            10.000ns  (sys_clk_pin rise@10.000ns - sys_clk_pin rise@0.000ns)
  Data Path Delay:        9.735ns  (logic 4.976ns (51.115%)  route 4.759ns (48.885%))
  Logic Levels:           4  (DSP48E1=1 LUT2=1 LUT3=2)
  Clock Path Skew:        -0.120ns (DCD - SCD + CPR)
    Destination Clock Delay (DCD):    4.922ns = ( 14.922 - 10.000 ) 
    Source Clock Delay      (SCD):    5.229ns
    Clock Pessimism Removal (CPR):    0.187ns
  Clock Uncertainty:      0.035ns  ((TSJ^2 + TIJ^2)^1/2 + DJ) / 2 + PE
    Total System Jitter     (TSJ):    0.071ns
    Total Input Jitter      (TIJ):    0.000ns
    Discrete Jitter          (DJ):    0.000ns
    Phase Error              (PE):    0.000ns

    Location             Delay type                Incr(ns)  Path(ns)    Netlist Resource(s)
  -------------------------------------------------------------------    -------------------
                         (clock sys_clk_pin rise edge)
                                                      0.000     0.000 r  
    E3                                                0.000     0.000 r  CLK100MHZ (IN)
                         net (fo=0)                   0.000     0.000    CLK100MHZ
    E3                   IBUF (Prop_ibuf_I_O)         1.482     1.482 r  CLK100MHZ_IBUF_inst/O
                         net (fo=1, routed)           2.025     3.506    CLK100MHZ_IBUF
    BUFGCTRL_X0Y16       BUFG (Prop_bufg_I_O)         0.096     3.602 r  CLK100MHZ_IBUF_BUFG_inst/O
                         net (fo=20673, routed)       1.626     5.229    u_accel/gen_nn_fractional.u_accel/fc1/CLK100MHZ_IBUF_BUFG
    SLICE_X44Y82         FDCE                                         r  u_accel/gen_nn_fractional.u_accel/fc1/input_idx_reg[0]/C
  -------------------------------------------------------------------    -------------------
    SLICE_X44Y82         FDCE (Prop_fdce_C_Q)         0.456     5.685 r  u_accel/gen_nn_fractional.u_accel/fc1/input_idx_reg[0]/Q
                         net (fo=218, routed)         1.804     7.489    u_accel/gen_nn_fractional.u_accel/sel[0]
    SLICE_X63Y71         LUT3 (Prop_lut3_I0_O)        0.152     7.641 r  u_accel/gen_nn_fractional.u_accel/g1_b0__2/O
                         net (fo=1, routed)           0.864     8.505    u_accel/gen_nn_fractional.u_accel/fc1/accums_reg[5]1_1
    SLICE_X63Y71         LUT3 (Prop_lut3_I1_O)        0.351     8.856 r  u_accel/gen_nn_fractional.u_accel/fc1/accums_reg[5]1_i_8/O
                         net (fo=1, routed)           0.861     9.717    u_accel/gen_nn_fractional.u_accel/fc1/accums_reg[5]1_i_8_n_0
    DSP48_X1Y30          DSP48E1 (Prop_dsp48e1_B[0]_P[0])
                                                      3.864    13.581 r  u_accel/gen_nn_fractional.u_accel/fc1/accums_reg[5]1/P[0]
                         net (fo=1, routed)           1.230    14.811    u_accel/gen_nn_fractional.u_accel/fc1/accums_reg[5]1_n_105
    SLICE_X55Y86         LUT2 (Prop_lut2_I1_O)        0.153    14.964 r  u_accel/gen_nn_fractional.u_accel/fc1/accums[5][0]_i_1/O
                         net (fo=1, routed)           0.000    14.964    u_accel/gen_nn_fractional.u_accel/fc1/accums[5][0]_i_1_n_0
    SLICE_X55Y86         FDCE                                         r  u_accel/gen_nn_fractional.u_accel/fc1/accums_reg[5][0]/D
  -------------------------------------------------------------------    -------------------

                         (clock sys_clk_pin rise edge)
                                                     10.000    10.000 r  
    E3                                                0.000    10.000 r  CLK100MHZ (IN)
                         net (fo=0)                   0.000    10.000    CLK100MHZ
    E3                   IBUF (Prop_ibuf_I_O)         1.411    11.411 r  CLK100MHZ_IBUF_inst/O
                         net (fo=1, routed)           1.920    13.331    CLK100MHZ_IBUF
    BUFGCTRL_X0Y16       BUFG (Prop_bufg_I_O)         0.091    13.422 r  CLK100MHZ_IBUF_BUFG_inst/O
                         net (fo=20673, routed)       1.499    14.922    u_accel/gen_nn_fractional.u_accel/fc1/CLK100MHZ_IBUF_BUFG
    SLICE_X55Y86         FDCE                                         r  u_accel/gen_nn_fractional.u_accel/fc1/accums_reg[5][0]/C
                         clock pessimism              0.187    15.109    
                         clock uncertainty           -0.035    15.073    
    SLICE_X55Y86         FDCE (Setup_fdce_C_D)        0.075    15.148    u_accel/gen_nn_fractional.u_accel/fc1/accums_reg[5][0]
  -------------------------------------------------------------------
                         required time                         15.148    
                         arrival time                         -14.964    
  -------------------------------------------------------------------
                         slack                                  0.185    

Slack (MET) :             0.185ns  (required time - arrival time)
  Source:                 u_accel/gen_nn_fractional.u_accel/gen_hl1_lif[19].hl1_lif/numerator_reg_reg[15]/C
                            (rising edge-triggered cell FDCE clocked by sys_clk_pin  {rise@0.000ns fall@5.000ns period=10.000ns})
  Destination:            u_accel/gen_nn_fractional.u_accel/gen_hl1_lif[19].hl1_lif/mul_scaled_result_reg_reg[58]/D
                            (rising edge-triggered cell FDCE clocked by sys_clk_pin  {rise@0.000ns fall@5.000ns period=10.000ns})
  Path Group:             sys_clk_pin
  Path Type:              Setup (Max at Slow Process Corner)
  Requirement:            10.000ns  (sys_clk_pin rise@10.000ns - sys_clk_pin rise@0.000ns)
  Data Path Delay:        9.556ns  (logic 7.588ns (79.407%)  route 1.968ns (20.593%))
  Logic Levels:           10  (CARRY4=7 DSP48E1=2 LUT3=1)
  Clock Path Skew:        -0.286ns (DCD - SCD + CPR)
    Destination Clock Delay (DCD):    4.936ns = ( 14.936 - 10.000 ) 
    Source Clock Delay      (SCD):    5.409ns
    Clock Pessimism Removal (CPR):    0.187ns
  Clock Uncertainty:      0.035ns  ((TSJ^2 + TIJ^2)^1/2 + DJ) / 2 + PE
    Total System Jitter     (TSJ):    0.071ns
    Total Input Jitter      (TIJ):    0.000ns
    Discrete Jitter          (DJ):    0.000ns
    Phase Error              (PE):    0.000ns

    Location             Delay type                Incr(ns)  Path(ns)    Netlist Resource(s)
  -------------------------------------------------------------------    -------------------
                         (clock sys_clk_pin rise edge)
                                                      0.000     0.000 r  
    E3                                                0.000     0.000 r  CLK100MHZ (IN)
                         net (fo=0)                   0.000     0.000    CLK100MHZ
    E3                   IBUF (Prop_ibuf_I_O)         1.482     1.482 r  CLK100MHZ_IBUF_inst/O
                         net (fo=1, routed)           2.025     3.506    CLK100MHZ_IBUF
    BUFGCTRL_X0Y16       BUFG (Prop_bufg_I_O)         0.096     3.602 r  CLK100MHZ_IBUF_BUFG_inst/O
                         net (fo=20673, routed)       1.806     5.409    u_accel/gen_nn_fractional.u_accel/gen_hl1_lif[19].hl1_lif/CLK100MHZ_IBUF_BUFG
    SLICE_X51Y49         FDCE                                         r  u_accel/gen_nn_fractional.u_accel/gen_hl1_lif[19].hl1_lif/numerator_reg_reg[15]/C
  -------------------------------------------------------------------    -------------------
    SLICE_X51Y49         FDCE (Prop_fdce_C_Q)         0.456     5.865 r  u_accel/gen_nn_fractional.u_accel/gen_hl1_lif[19].hl1_lif/numerator_reg_reg[15]/Q
                         net (fo=1, routed)           0.875     6.740    u_accel/gen_nn_fractional.u_accel/gen_hl1_lif[19].hl1_lif/numerator_reg_reg_n_0_[15]
    DSP48_X1Y20          DSP48E1 (Prop_dsp48e1_A[15]_PCOUT[47])
                                                      4.036    10.776 r  u_accel/gen_nn_fractional.u_accel/gen_hl1_lif[19].hl1_lif/mul_scaled_result_reg0/PCOUT[47]
                         net (fo=1, routed)           0.002    10.778    u_accel/gen_nn_fractional.u_accel/gen_hl1_lif[19].hl1_lif/mul_scaled_result_reg0_n_106
    DSP48_X1Y21          DSP48E1 (Prop_dsp48e1_PCIN[47]_P[17])
                                                      1.518    12.296 r  u_accel/gen_nn_fractional.u_accel/gen_hl1_lif[19].hl1_lif/mul_scaled_result_reg0__0/P[17]
                         net (fo=1, routed)           1.091    13.387    u_accel/gen_nn_fractional.u_accel/gen_hl1_lif[19].hl1_lif/mul_scaled_result_reg0__0_n_88
    SLICE_X49Y50         LUT3 (Prop_lut3_I2_O)        0.124    13.511 r  u_accel/gen_nn_fractional.u_accel/gen_hl1_lif[19].hl1_lif/mul_scaled_result_reg[36]_i_7__5/O
                         net (fo=1, routed)           0.000    13.511    u_accel/gen_nn_fractional.u_accel/gen_hl1_lif[19].hl1_lif/mul_scaled_result_reg[36]_i_7__5_n_0
    SLICE_X49Y50         CARRY4 (Prop_carry4_S[1]_CO[3])
                                                      0.550    14.061 r  u_accel/gen_nn_fractional.u_accel/gen_hl1_lif[19].hl1_lif/mul_scaled_result_reg_reg[36]_i_1__5/CO[3]
                         net (fo=1, routed)           0.000    14.061    u_accel/gen_nn_fractional.u_accel/gen_hl1_lif[19].hl1_lif/mul_scaled_result_reg_reg[36]_i_1__5_n_0
    SLICE_X49Y51         CARRY4 (Prop_carry4_CI_CO[3])
                                                      0.114    14.175 r  u_accel/gen_nn_fractional.u_accel/gen_hl1_lif[19].hl1_lif/mul_scaled_result_reg_reg[40]_i_1__5/CO[3]
                         net (fo=1, routed)           0.000    14.175    u_accel/gen_nn_fractional.u_accel/gen_hl1_lif[19].hl1_lif/mul_scaled_result_reg_reg[40]_i_1__5_n_0
    SLICE_X49Y52         CARRY4 (Prop_carry4_CI_CO[3])
                                                      0.114    14.289 r  u_accel/gen_nn_fractional.u_accel/gen_hl1_lif[19].hl1_lif/mul_scaled_result_reg_reg[44]_i_1__5/CO[3]
                         net (fo=1, routed)           0.000    14.289    u_accel/gen_nn_fractional.u_accel/gen_hl1_lif[19].hl1_lif/mul_scaled_result_reg_reg[44]_i_1__5_n_0
    SLICE_X49Y53         CARRY4 (Prop_carry4_CI_CO[3])
                                                      0.114    14.403 r  u_accel/gen_nn_fractional.u_accel/gen_hl1_lif[19].hl1_lif/mul_scaled_result_reg_reg[48]_i_1__5/CO[3]
                         net (fo=1, routed)           0.000    14.403    u_accel/gen_nn_fractional.u_accel/gen_hl1_lif[19].hl1_lif/mul_scaled_result_reg_reg[48]_i_1__5_n_0
    SLICE_X49Y54         CARRY4 (Prop_carry4_CI_CO[3])
                                                      0.114    14.517 r  u_accel/gen_nn_fractional.u_accel/gen_hl1_lif[19].hl1_lif/mul_scaled_result_reg_reg[52]_i_1__5/CO[3]
                         net (fo=1, routed)           0.000    14.517    u_accel/gen_nn_fractional.u_accel/gen_hl1_lif[19].hl1_lif/mul_scaled_result_reg_reg[52]_i_1__5_n_0
    SLICE_X49Y55         CARRY4 (Prop_carry4_CI_CO[3])
                                                      0.114    14.631 r  u_accel/gen_nn_fractional.u_accel/gen_hl1_lif[19].hl1_lif/mul_scaled_result_reg_reg[56]_i_1__5/CO[3]
                         net (fo=1, routed)           0.000    14.631    u_accel/gen_nn_fractional.u_accel/gen_hl1_lif[19].hl1_lif/mul_scaled_result_reg_reg[56]_i_1__5_n_0
    SLICE_X49Y56         CARRY4 (Prop_carry4_CI_O[1])
                                                      0.334    14.965 r  u_accel/gen_nn_fractional.u_accel/gen_hl1_lif[19].hl1_lif/mul_scaled_result_reg_reg[60]_i_1__5/O[1]
                         net (fo=1, routed)           0.000    14.965    u_accel/gen_nn_fractional.u_accel/gen_hl1_lif[19].hl1_lif/mul_scaled_result_reg_reg[60]_i_1__5_n_6
    SLICE_X49Y56         FDCE                                         r  u_accel/gen_nn_fractional.u_accel/gen_hl1_lif[19].hl1_lif/mul_scaled_result_reg_reg[58]/D
  -------------------------------------------------------------------    -------------------

                         (clock sys_clk_pin rise edge)
                                                     10.000    10.000 r  
    E3                                                0.000    10.000 r  CLK100MHZ (IN)
                         net (fo=0)                   0.000    10.000    CLK100MHZ
    E3                   IBUF (Prop_ibuf_I_O)         1.411    11.411 r  CLK100MHZ_IBUF_inst/O
                         net (fo=1, routed)           1.920    13.331    CLK100MHZ_IBUF
    BUFGCTRL_X0Y16       BUFG (Prop_bufg_I_O)         0.091    13.422 r  CLK100MHZ_IBUF_BUFG_inst/O
                         net (fo=20673, routed)       1.513    14.936    u_accel/gen_nn_fractional.u_accel/gen_hl1_lif[19].hl1_lif/CLK100MHZ_IBUF_BUFG
    SLICE_X49Y56         FDCE                                         r  u_accel/gen_nn_fractional.u_accel/gen_hl1_lif[19].hl1_lif/mul_scaled_result_reg_reg[58]/C
                         clock pessimism              0.187    15.123    
                         clock uncertainty           -0.035    15.087    
    SLICE_X49Y56         FDCE (Setup_fdce_C_D)        0.062    15.149    u_accel/gen_nn_fractional.u_accel/gen_hl1_lif[19].hl1_lif/mul_scaled_result_reg_reg[58]
  -------------------------------------------------------------------
                         required time                         15.149    
                         arrival time                         -14.965    
  -------------------------------------------------------------------
                         slack                                  0.185    

Slack (MET) :             0.195ns  (required time - arrival time)
  Source:                 u_accel/gen_nn_fractional.u_accel/fc2/input_idx_reg[1]/C
                            (rising edge-triggered cell FDCE clocked by sys_clk_pin  {rise@0.000ns fall@5.000ns period=10.000ns})
  Destination:            u_accel/gen_nn_fractional.u_accel/fc2/accums_reg[5][9]/D
                            (rising edge-triggered cell FDCE clocked by sys_clk_pin  {rise@0.000ns fall@5.000ns period=10.000ns})
  Path Group:             sys_clk_pin
  Path Type:              Setup (Max at Slow Process Corner)
  Requirement:            10.000ns  (sys_clk_pin rise@10.000ns - sys_clk_pin rise@0.000ns)
  Data Path Delay:        9.817ns  (logic 5.084ns (51.789%)  route 4.733ns (48.211%))
  Logic Levels:           5  (DSP48E1=1 LUT2=1 LUT6=2 MUXF7=1)
  Clock Path Skew:        -0.028ns (DCD - SCD + CPR)
    Destination Clock Delay (DCD):    5.100ns = ( 15.100 - 10.000 ) 
    Source Clock Delay      (SCD):    5.396ns
    Clock Pessimism Removal (CPR):    0.267ns
  Clock Uncertainty:      0.035ns  ((TSJ^2 + TIJ^2)^1/2 + DJ) / 2 + PE
    Total System Jitter     (TSJ):    0.071ns
    Total Input Jitter      (TIJ):    0.000ns
    Discrete Jitter          (DJ):    0.000ns
    Phase Error              (PE):    0.000ns

    Location             Delay type                Incr(ns)  Path(ns)    Netlist Resource(s)
  -------------------------------------------------------------------    -------------------
                         (clock sys_clk_pin rise edge)
                                                      0.000     0.000 r  
    E3                                                0.000     0.000 r  CLK100MHZ (IN)
                         net (fo=0)                   0.000     0.000    CLK100MHZ
    E3                   IBUF (Prop_ibuf_I_O)         1.482     1.482 r  CLK100MHZ_IBUF_inst/O
                         net (fo=1, routed)           2.025     3.506    CLK100MHZ_IBUF
    BUFGCTRL_X0Y16       BUFG (Prop_bufg_I_O)         0.096     3.602 r  CLK100MHZ_IBUF_BUFG_inst/O
                         net (fo=20673, routed)       1.793     5.396    u_accel/gen_nn_fractional.u_accel/fc2/CLK100MHZ_IBUF_BUFG
    SLICE_X49Y28         FDCE                                         r  u_accel/gen_nn_fractional.u_accel/fc2/input_idx_reg[1]/C
  -------------------------------------------------------------------    -------------------
    SLICE_X49Y28         FDCE (Prop_fdce_C_Q)         0.456     5.852 r  u_accel/gen_nn_fractional.u_accel/fc2/input_idx_reg[1]/Q
                         net (fo=126, routed)         1.402     7.253    u_accel/gen_nn_fractional.u_accel/fc2/Q[1]
    SLICE_X44Y38         LUT6 (Prop_lut6_I2_O)        0.124     7.377 r  u_accel/gen_nn_fractional.u_accel/fc2/accums_reg[1]1_i_8/O
                         net (fo=1, routed)           0.000     7.377    u_accel/gen_nn_fractional.u_accel/fc2/accums_reg[1]1_i_8_n_0
    SLICE_X44Y38         MUXF7 (Prop_muxf7_I0_O)      0.212     7.589 r  u_accel/gen_nn_fractional.u_accel/fc2/accums_reg[1]1_i_3/O
                         net (fo=1, routed)           0.778     8.367    u_accel/gen_nn_fractional.u_accel/fc2/accums_reg[1]1_i_3_n_0
    SLICE_X44Y37         LUT6 (Prop_lut6_I1_O)        0.299     8.666 r  u_accel/gen_nn_fractional.u_accel/fc2/accums_reg[1]1_i_1/O
                         net (fo=8, routed)           1.551    10.217    u_accel/gen_nn_fractional.u_accel/fc2/inputs_latched[13]
    DSP48_X0Y9           DSP48E1 (Prop_dsp48e1_A[13]_P[9])
                                                      3.841    14.058 r  u_accel/gen_nn_fractional.u_accel/fc2/accums_reg[5]1/P[9]
                         net (fo=1, routed)           1.003    15.061    u_accel/gen_nn_fractional.u_accel/fc2/accums_reg[5]1_n_96
    SLICE_X9Y22          LUT2 (Prop_lut2_I1_O)        0.152    15.213 r  u_accel/gen_nn_fractional.u_accel/fc2/accums[5][9]_i_1__0/O
                         net (fo=1, routed)           0.000    15.213    u_accel/gen_nn_fractional.u_accel/fc2/accums[5][9]_i_1__0_n_0
    SLICE_X9Y22          FDCE                                         r  u_accel/gen_nn_fractional.u_accel/fc2/accums_reg[5][9]/D
  -------------------------------------------------------------------    -------------------

                         (clock sys_clk_pin rise edge)
                                                     10.000    10.000 r  
    E3                                                0.000    10.000 r  CLK100MHZ (IN)
                         net (fo=0)                   0.000    10.000    CLK100MHZ
    E3                   IBUF (Prop_ibuf_I_O)         1.411    11.411 r  CLK100MHZ_IBUF_inst/O
                         net (fo=1, routed)           1.920    13.331    CLK100MHZ_IBUF
    BUFGCTRL_X0Y16       BUFG (Prop_bufg_I_O)         0.091    13.422 r  CLK100MHZ_IBUF_BUFG_inst/O
                         net (fo=20673, routed)       1.678    15.100    u_accel/gen_nn_fractional.u_accel/fc2/CLK100MHZ_IBUF_BUFG
    SLICE_X9Y22          FDCE                                         r  u_accel/gen_nn_fractional.u_accel/fc2/accums_reg[5][9]/C
                         clock pessimism              0.267    15.368    
                         clock uncertainty           -0.035    15.332    
    SLICE_X9Y22          FDCE (Setup_fdce_C_D)        0.075    15.407    u_accel/gen_nn_fractional.u_accel/fc2/accums_reg[5][9]
  -------------------------------------------------------------------
                         required time                         15.407    
                         arrival time                         -15.213    
  -------------------------------------------------------------------
                         slack                                  0.195    

Slack (MET) :             0.206ns  (required time - arrival time)
  Source:                 u_accel/gen_nn_fractional.u_accel/gen_hl1_lif[19].hl1_lif/numerator_reg_reg[15]/C
                            (rising edge-triggered cell FDCE clocked by sys_clk_pin  {rise@0.000ns fall@5.000ns period=10.000ns})
  Destination:            u_accel/gen_nn_fractional.u_accel/gen_hl1_lif[19].hl1_lif/mul_scaled_result_reg_reg[60]/D
                            (rising edge-triggered cell FDCE clocked by sys_clk_pin  {rise@0.000ns fall@5.000ns period=10.000ns})
  Path Group:             sys_clk_pin
  Path Type:              Setup (Max at Slow Process Corner)
  Requirement:            10.000ns  (sys_clk_pin rise@10.000ns - sys_clk_pin rise@0.000ns)
  Data Path Delay:        9.535ns  (logic 7.567ns (79.361%)  route 1.968ns (20.639%))
  Logic Levels:           10  (CARRY4=7 DSP48E1=2 LUT3=1)
  Clock Path Skew:        -0.286ns (DCD - SCD + CPR)
    Destination Clock Delay (DCD):    4.936ns = ( 14.936 - 10.000 ) 
    Source Clock Delay      (SCD):    5.409ns
    Clock Pessimism Removal (CPR):    0.187ns
  Clock Uncertainty:      0.035ns  ((TSJ^2 + TIJ^2)^1/2 + DJ) / 2 + PE
    Total System Jitter     (TSJ):    0.071ns
    Total Input Jitter      (TIJ):    0.000ns
    Discrete Jitter          (DJ):    0.000ns
    Phase Error              (PE):    0.000ns

    Location             Delay type                Incr(ns)  Path(ns)    Netlist Resource(s)
  -------------------------------------------------------------------    -------------------
                         (clock sys_clk_pin rise edge)
                                                      0.000     0.000 r  
    E3                                                0.000     0.000 r  CLK100MHZ (IN)
                         net (fo=0)                   0.000     0.000    CLK100MHZ
    E3                   IBUF (Prop_ibuf_I_O)         1.482     1.482 r  CLK100MHZ_IBUF_inst/O
                         net (fo=1, routed)           2.025     3.506    CLK100MHZ_IBUF
    BUFGCTRL_X0Y16       BUFG (Prop_bufg_I_O)         0.096     3.602 r  CLK100MHZ_IBUF_BUFG_inst/O
                         net (fo=20673, routed)       1.806     5.409    u_accel/gen_nn_fractional.u_accel/gen_hl1_lif[19].hl1_lif/CLK100MHZ_IBUF_BUFG
    SLICE_X51Y49         FDCE                                         r  u_accel/gen_nn_fractional.u_accel/gen_hl1_lif[19].hl1_lif/numerator_reg_reg[15]/C
  -------------------------------------------------------------------    -------------------
    SLICE_X51Y49         FDCE (Prop_fdce_C_Q)         0.456     5.865 r  u_accel/gen_nn_fractional.u_accel/gen_hl1_lif[19].hl1_lif/numerator_reg_reg[15]/Q
                         net (fo=1, routed)           0.875     6.740    u_accel/gen_nn_fractional.u_accel/gen_hl1_lif[19].hl1_lif/numerator_reg_reg_n_0_[15]
    DSP48_X1Y20          DSP48E1 (Prop_dsp48e1_A[15]_PCOUT[47])
                                                      4.036    10.776 r  u_accel/gen_nn_fractional.u_accel/gen_hl1_lif[19].hl1_lif/mul_scaled_result_reg0/PCOUT[47]
                         net (fo=1, routed)           0.002    10.778    u_accel/gen_nn_fractional.u_accel/gen_hl1_lif[19].hl1_lif/mul_scaled_result_reg0_n_106
    DSP48_X1Y21          DSP48E1 (Prop_dsp48e1_PCIN[47]_P[17])
                                                      1.518    12.296 r  u_accel/gen_nn_fractional.u_accel/gen_hl1_lif[19].hl1_lif/mul_scaled_result_reg0__0/P[17]
                         net (fo=1, routed)           1.091    13.387    u_accel/gen_nn_fractional.u_accel/gen_hl1_lif[19].hl1_lif/mul_scaled_result_reg0__0_n_88
    SLICE_X49Y50         LUT3 (Prop_lut3_I2_O)        0.124    13.511 r  u_accel/gen_nn_fractional.u_accel/gen_hl1_lif[19].hl1_lif/mul_scaled_result_reg[36]_i_7__5/O
                         net (fo=1, routed)           0.000    13.511    u_accel/gen_nn_fractional.u_accel/gen_hl1_lif[19].hl1_lif/mul_scaled_result_reg[36]_i_7__5_n_0
    SLICE_X49Y50         CARRY4 (Prop_carry4_S[1]_CO[3])
                                                      0.550    14.061 r  u_accel/gen_nn_fractional.u_accel/gen_hl1_lif[19].hl1_lif/mul_scaled_result_reg_reg[36]_i_1__5/CO[3]
                         net (fo=1, routed)           0.000    14.061    u_accel/gen_nn_fractional.u_accel/gen_hl1_lif[19].hl1_lif/mul_scaled_result_reg_reg[36]_i_1__5_n_0
    SLICE_X49Y51         CARRY4 (Prop_carry4_CI_CO[3])
                                                      0.114    14.175 r  u_accel/gen_nn_fractional.u_accel/gen_hl1_lif[19].hl1_lif/mul_scaled_result_reg_reg[40]_i_1__5/CO[3]
                         net (fo=1, routed)           0.000    14.175    u_accel/gen_nn_fractional.u_accel/gen_hl1_lif[19].hl1_lif/mul_scaled_result_reg_reg[40]_i_1__5_n_0
    SLICE_X49Y52         CARRY4 (Prop_carry4_CI_CO[3])
                                                      0.114    14.289 r  u_accel/gen_nn_fractional.u_accel/gen_hl1_lif[19].hl1_lif/mul_scaled_result_reg_reg[44]_i_1__5/CO[3]
                         net (fo=1, routed)           0.000    14.289    u_accel/gen_nn_fractional.u_accel/gen_hl1_lif[19].hl1_lif/mul_scaled_result_reg_reg[44]_i_1__5_n_0
    SLICE_X49Y53         CARRY4 (Prop_carry4_CI_CO[3])
                                                      0.114    14.403 r  u_accel/gen_nn_fractional.u_accel/gen_hl1_lif[19].hl1_lif/mul_scaled_result_reg_reg[48]_i_1__5/CO[3]
                         net (fo=1, routed)           0.000    14.403    u_accel/gen_nn_fractional.u_accel/gen_hl1_lif[19].hl1_lif/mul_scaled_result_reg_reg[48]_i_1__5_n_0
    SLICE_X49Y54         CARRY4 (Prop_carry4_CI_CO[3])
                                                      0.114    14.517 r  u_accel/gen_nn_fractional.u_accel/gen_hl1_lif[19].hl1_lif/mul_scaled_result_reg_reg[52]_i_1__5/CO[3]
                         net (fo=1, routed)           0.000    14.517    u_accel/gen_nn_fractional.u_accel/gen_hl1_lif[19].hl1_lif/mul_scaled_result_reg_reg[52]_i_1__5_n_0
    SLICE_X49Y55         CARRY4 (Prop_carry4_CI_CO[3])
                                                      0.114    14.631 r  u_accel/gen_nn_fractional.u_accel/gen_hl1_lif[19].hl1_lif/mul_scaled_result_reg_reg[56]_i_1__5/CO[3]
                         net (fo=1, routed)           0.000    14.631    u_accel/gen_nn_fractional.u_accel/gen_hl1_lif[19].hl1_lif/mul_scaled_result_reg_reg[56]_i_1__5_n_0
    SLICE_X49Y56         CARRY4 (Prop_carry4_CI_O[3])
                                                      0.313    14.944 r  u_accel/gen_nn_fractional.u_accel/gen_hl1_lif[19].hl1_lif/mul_scaled_result_reg_reg[60]_i_1__5/O[3]
                         net (fo=1, routed)           0.000    14.944    u_accel/gen_nn_fractional.u_accel/gen_hl1_lif[19].hl1_lif/mul_scaled_result_reg_reg[60]_i_1__5_n_4
    SLICE_X49Y56         FDCE                                         r  u_accel/gen_nn_fractional.u_accel/gen_hl1_lif[19].hl1_lif/mul_scaled_result_reg_reg[60]/D
  -------------------------------------------------------------------    -------------------

                         (clock sys_clk_pin rise edge)
                                                     10.000    10.000 r  
    E3                                                0.000    10.000 r  CLK100MHZ (IN)
                         net (fo=0)                   0.000    10.000    CLK100MHZ
    E3                   IBUF (Prop_ibuf_I_O)         1.411    11.411 r  CLK100MHZ_IBUF_inst/O
                         net (fo=1, routed)           1.920    13.331    CLK100MHZ_IBUF
    BUFGCTRL_X0Y16       BUFG (Prop_bufg_I_O)         0.091    13.422 r  CLK100MHZ_IBUF_BUFG_inst/O
                         net (fo=20673, routed)       1.513    14.936    u_accel/gen_nn_fractional.u_accel/gen_hl1_lif[19].hl1_lif/CLK100MHZ_IBUF_BUFG
    SLICE_X49Y56         FDCE                                         r  u_accel/gen_nn_fractional.u_accel/gen_hl1_lif[19].hl1_lif/mul_scaled_result_reg_reg[60]/C
                         clock pessimism              0.187    15.123    
                         clock uncertainty           -0.035    15.087    
    SLICE_X49Y56         FDCE (Setup_fdce_C_D)        0.062    15.149    u_accel/gen_nn_fractional.u_accel/gen_hl1_lif[19].hl1_lif/mul_scaled_result_reg_reg[60]
  -------------------------------------------------------------------
                         required time                         15.149    
                         arrival time                         -14.944    
  -------------------------------------------------------------------
                         slack                                  0.206    

Slack (MET) :             0.236ns  (required time - arrival time)
  Source:                 u_accel/gen_nn_fractional.u_accel/gen_hl1_lif[10].hl1_lif/mac_index_reg[0]/C
                            (rising edge-triggered cell FDCE clocked by sys_clk_pin  {rise@0.000ns fall@5.000ns period=10.000ns})
  Destination:            u_accel/gen_nn_fractional.u_accel/gen_hl1_lif[10].hl1_lif/history_sum_acc_reg[39]/D
                            (rising edge-triggered cell FDCE clocked by sys_clk_pin  {rise@0.000ns fall@5.000ns period=10.000ns})
  Path Group:             sys_clk_pin
  Path Type:              Setup (Max at Slow Process Corner)
  Requirement:            10.000ns  (sys_clk_pin rise@10.000ns - sys_clk_pin rise@0.000ns)
  Data Path Delay:        9.684ns  (logic 5.342ns (55.164%)  route 4.342ns (44.836%))
  Logic Levels:           5  (DSP48E1=1 LUT3=1 LUT4=1 LUT6=1 MUXF7=1)
  Clock Path Skew:        -0.120ns (DCD - SCD + CPR)
    Destination Clock Delay (DCD):    4.948ns = ( 14.948 - 10.000 ) 
    Source Clock Delay      (SCD):    5.327ns
    Clock Pessimism Removal (CPR):    0.259ns
  Clock Uncertainty:      0.035ns  ((TSJ^2 + TIJ^2)^1/2 + DJ) / 2 + PE
    Total System Jitter     (TSJ):    0.071ns
    Total Input Jitter      (TIJ):    0.000ns
    Discrete Jitter          (DJ):    0.000ns
    Phase Error              (PE):    0.000ns

    Location             Delay type                Incr(ns)  Path(ns)    Netlist Resource(s)
  -------------------------------------------------------------------    -------------------
                         (clock sys_clk_pin rise edge)
                                                      0.000     0.000 r  
    E3                                                0.000     0.000 r  CLK100MHZ (IN)
                         net (fo=0)                   0.000     0.000    CLK100MHZ
    E3                   IBUF (Prop_ibuf_I_O)         1.482     1.482 r  CLK100MHZ_IBUF_inst/O
                         net (fo=1, routed)           2.025     3.506    CLK100MHZ_IBUF
    BUFGCTRL_X0Y16       BUFG (Prop_bufg_I_O)         0.096     3.602 r  CLK100MHZ_IBUF_BUFG_inst/O
                         net (fo=20673, routed)       1.724     5.327    u_accel/gen_nn_fractional.u_accel/gen_hl1_lif[10].hl1_lif/CLK100MHZ_IBUF_BUFG
    SLICE_X5Y95          FDCE                                         r  u_accel/gen_nn_fractional.u_accel/gen_hl1_lif[10].hl1_lif/mac_index_reg[0]/C
  -------------------------------------------------------------------    -------------------
    SLICE_X5Y95          FDCE (Prop_fdce_C_Q)         0.456     5.783 r  u_accel/gen_nn_fractional.u_accel/gen_hl1_lif[10].hl1_lif/mac_index_reg[0]/Q
                         net (fo=13, routed)          1.197     6.979    u_accel/gen_nn_fractional.u_accel/gen_hl1_lif[10].hl1_lif/mac_index[0]
    SLICE_X5Y92          LUT4 (Prop_lut4_I1_O)        0.154     7.133 r  u_accel/gen_nn_fractional.u_accel/gen_hl1_lif[10].hl1_lif/history_sum_acc0_i_82__14/O
                         net (fo=48, routed)          1.144     8.278    u_accel/gen_nn_fractional.u_accel/gen_hl1_lif[10].hl1_lif/history_sum_acc0_i_82__14_n_0
    SLICE_X2Y82          LUT6 (Prop_lut6_I2_O)        0.327     8.605 r  u_accel/gen_nn_fractional.u_accel/gen_hl1_lif[10].hl1_lif/history_sum_acc0_i_80__14/O
                         net (fo=1, routed)           0.000     8.605    u_accel/gen_nn_fractional.u_accel/gen_hl1_lif[10].hl1_lif/history_sum_acc0_i_80__14_n_0
    SLICE_X2Y82          MUXF7 (Prop_muxf7_I0_O)      0.241     8.846 r  u_accel/gen_nn_fractional.u_accel/gen_hl1_lif[10].hl1_lif/history_sum_acc0_i_32__14/O
                         net (fo=1, routed)           1.073     9.919    u_accel/gen_nn_fractional.u_accel/gen_hl1_lif[10].hl1_lif/history_buffer[0]
    DSP48_X0Y35          DSP48E1 (Prop_dsp48e1_A[0]_P[39])
                                                      4.015    13.934 r  u_accel/gen_nn_fractional.u_accel/gen_hl1_lif[10].hl1_lif/history_sum_acc0/P[39]
                         net (fo=1, routed)           0.927    14.862    u_accel/gen_nn_fractional.u_accel/gen_hl1_lif[10].hl1_lif/history_sum_acc0_n_66
    SLICE_X11Y89         LUT3 (Prop_lut3_I0_O)        0.149    15.011 r  u_accel/gen_nn_fractional.u_accel/gen_hl1_lif[10].hl1_lif/history_sum_acc[39]_i_1__14/O
                         net (fo=1, routed)           0.000    15.011    u_accel/gen_nn_fractional.u_accel/gen_hl1_lif[10].hl1_lif/p_1_in[39]
    SLICE_X11Y89         FDCE                                         r  u_accel/gen_nn_fractional.u_accel/gen_hl1_lif[10].hl1_lif/history_sum_acc_reg[39]/D
  -------------------------------------------------------------------    -------------------

                         (clock sys_clk_pin rise edge)
                                                     10.000    10.000 r  
    E3                                                0.000    10.000 r  CLK100MHZ (IN)
                         net (fo=0)                   0.000    10.000    CLK100MHZ
    E3                   IBUF (Prop_ibuf_I_O)         1.411    11.411 r  CLK100MHZ_IBUF_inst/O
                         net (fo=1, routed)           1.920    13.331    CLK100MHZ_IBUF
    BUFGCTRL_X0Y16       BUFG (Prop_bufg_I_O)         0.091    13.422 r  CLK100MHZ_IBUF_BUFG_inst/O
                         net (fo=20673, routed)       1.525    14.948    u_accel/gen_nn_fractional.u_accel/gen_hl1_lif[10].hl1_lif/CLK100MHZ_IBUF_BUFG
    SLICE_X11Y89         FDCE                                         r  u_accel/gen_nn_fractional.u_accel/gen_hl1_lif[10].hl1_lif/history_sum_acc_reg[39]/C
                         clock pessimism              0.259    15.207    
                         clock uncertainty           -0.035    15.171    
    SLICE_X11Y89         FDCE (Setup_fdce_C_D)        0.075    15.246    u_accel/gen_nn_fractional.u_accel/gen_hl1_lif[10].hl1_lif/history_sum_acc_reg[39]
  -------------------------------------------------------------------
                         required time                         15.246    
                         arrival time                         -15.011    
  -------------------------------------------------------------------
                         slack                                  0.236    

Slack (MET) :             0.245ns  (required time - arrival time)
  Source:                 u_accel/gen_nn_fractional.u_accel/gen_hl1_lif[10].hl1_lif/mac_index_reg[0]/C
                            (rising edge-triggered cell FDCE clocked by sys_clk_pin  {rise@0.000ns fall@5.000ns period=10.000ns})
  Destination:            u_accel/gen_nn_fractional.u_accel/gen_hl1_lif[10].hl1_lif/history_sum_acc_reg[35]/D
                            (rising edge-triggered cell FDCE clocked by sys_clk_pin  {rise@0.000ns fall@5.000ns period=10.000ns})
  Path Group:             sys_clk_pin
  Path Type:              Setup (Max at Slow Process Corner)
  Requirement:            10.000ns  (sys_clk_pin rise@10.000ns - sys_clk_pin rise@0.000ns)
  Data Path Delay:        9.713ns  (logic 5.342ns (54.996%)  route 4.371ns (45.004%))
  Logic Levels:           5  (DSP48E1=1 LUT3=1 LUT4=1 LUT6=1 MUXF7=1)
  Clock Path Skew:        -0.124ns (DCD - SCD + CPR)
    Destination Clock Delay (DCD):    4.944ns = ( 14.944 - 10.000 ) 
    Source Clock Delay      (SCD):    5.327ns
    Clock Pessimism Removal (CPR):    0.259ns
  Clock Uncertainty:      0.035ns  ((TSJ^2 + TIJ^2)^1/2 + DJ) / 2 + PE
    Total System Jitter     (TSJ):    0.071ns
    Total Input Jitter      (TIJ):    0.000ns
    Discrete Jitter          (DJ):    0.000ns
    Phase Error              (PE):    0.000ns

    Location             Delay type                Incr(ns)  Path(ns)    Netlist Resource(s)
  -------------------------------------------------------------------    -------------------
                         (clock sys_clk_pin rise edge)
                                                      0.000     0.000 r  
    E3                                                0.000     0.000 r  CLK100MHZ (IN)
                         net (fo=0)                   0.000     0.000    CLK100MHZ
    E3                   IBUF (Prop_ibuf_I_O)         1.482     1.482 r  CLK100MHZ_IBUF_inst/O
                         net (fo=1, routed)           2.025     3.506    CLK100MHZ_IBUF
    BUFGCTRL_X0Y16       BUFG (Prop_bufg_I_O)         0.096     3.602 r  CLK100MHZ_IBUF_BUFG_inst/O
                         net (fo=20673, routed)       1.724     5.327    u_accel/gen_nn_fractional.u_accel/gen_hl1_lif[10].hl1_lif/CLK100MHZ_IBUF_BUFG
    SLICE_X5Y95          FDCE                                         r  u_accel/gen_nn_fractional.u_accel/gen_hl1_lif[10].hl1_lif/mac_index_reg[0]/C
  -------------------------------------------------------------------    -------------------
    SLICE_X5Y95          FDCE (Prop_fdce_C_Q)         0.456     5.783 r  u_accel/gen_nn_fractional.u_accel/gen_hl1_lif[10].hl1_lif/mac_index_reg[0]/Q
                         net (fo=13, routed)          1.197     6.979    u_accel/gen_nn_fractional.u_accel/gen_hl1_lif[10].hl1_lif/mac_index[0]
    SLICE_X5Y92          LUT4 (Prop_lut4_I1_O)        0.154     7.133 r  u_accel/gen_nn_fractional.u_accel/gen_hl1_lif[10].hl1_lif/history_sum_acc0_i_82__14/O
                         net (fo=48, routed)          1.144     8.278    u_accel/gen_nn_fractional.u_accel/gen_hl1_lif[10].hl1_lif/history_sum_acc0_i_82__14_n_0
    SLICE_X2Y82          LUT6 (Prop_lut6_I2_O)        0.327     8.605 r  u_accel/gen_nn_fractional.u_accel/gen_hl1_lif[10].hl1_lif/history_sum_acc0_i_80__14/O
                         net (fo=1, routed)           0.000     8.605    u_accel/gen_nn_fractional.u_accel/gen_hl1_lif[10].hl1_lif/history_sum_acc0_i_80__14_n_0
    SLICE_X2Y82          MUXF7 (Prop_muxf7_I0_O)      0.241     8.846 r  u_accel/gen_nn_fractional.u_accel/gen_hl1_lif[10].hl1_lif/history_sum_acc0_i_32__14/O
                         net (fo=1, routed)           1.073     9.919    u_accel/gen_nn_fractional.u_accel/gen_hl1_lif[10].hl1_lif/history_buffer[0]
    DSP48_X0Y35          DSP48E1 (Prop_dsp48e1_A[0]_P[35])
                                                      4.015    13.934 r  u_accel/gen_nn_fractional.u_accel/gen_hl1_lif[10].hl1_lif/history_sum_acc0/P[35]
                         net (fo=1, routed)           0.957    14.891    u_accel/gen_nn_fractional.u_accel/gen_hl1_lif[10].hl1_lif/history_sum_acc0_n_70
    SLICE_X12Y88         LUT3 (Prop_lut3_I0_O)        0.149    15.040 r  u_accel/gen_nn_fractional.u_accel/gen_hl1_lif[10].hl1_lif/history_sum_acc[35]_i_1__14/O
                         net (fo=1, routed)           0.000    15.040    u_accel/gen_nn_fractional.u_accel/gen_hl1_lif[10].hl1_lif/p_1_in[35]
    SLICE_X12Y88         FDCE                                         r  u_accel/gen_nn_fractional.u_accel/gen_hl1_lif[10].hl1_lif/history_sum_acc_reg[35]/D
  -------------------------------------------------------------------    -------------------

                         (clock sys_clk_pin rise edge)
                                                     10.000    10.000 r  
    E3                                                0.000    10.000 r  CLK100MHZ (IN)
                         net (fo=0)                   0.000    10.000    CLK100MHZ
    E3                   IBUF (Prop_ibuf_I_O)         1.411    11.411 r  CLK100MHZ_IBUF_inst/O
                         net (fo=1, routed)           1.920    13.331    CLK100MHZ_IBUF
    BUFGCTRL_X0Y16       BUFG (Prop_bufg_I_O)         0.091    13.422 r  CLK100MHZ_IBUF_BUFG_inst/O
                         net (fo=20673, routed)       1.521    14.944    u_accel/gen_nn_fractional.u_accel/gen_hl1_lif[10].hl1_lif/CLK100MHZ_IBUF_BUFG
    SLICE_X12Y88         FDCE                                         r  u_accel/gen_nn_fractional.u_accel/gen_hl1_lif[10].hl1_lif/history_sum_acc_reg[35]/C
                         clock pessimism              0.259    15.203    
                         clock uncertainty           -0.035    15.167    
    SLICE_X12Y88         FDCE (Setup_fdce_C_D)        0.118    15.285    u_accel/gen_nn_fractional.u_accel/gen_hl1_lif[10].hl1_lif/history_sum_acc_reg[35]
  -------------------------------------------------------------------
                         required time                         15.285    
                         arrival time                         -15.040    
  -------------------------------------------------------------------
                         slack                                  0.245    

Slack (MET) :             0.258ns  (required time - arrival time)
  Source:                 u_accel/gen_nn_fractional.u_accel/fc2/input_idx_reg[1]/C
                            (rising edge-triggered cell FDCE clocked by sys_clk_pin  {rise@0.000ns fall@5.000ns period=10.000ns})
  Destination:            u_accel/gen_nn_fractional.u_accel/fc2/accums_reg[5][13]/D
                            (rising edge-triggered cell FDCE clocked by sys_clk_pin  {rise@0.000ns fall@5.000ns period=10.000ns})
  Path Group:             sys_clk_pin
  Path Type:              Setup (Max at Slow Process Corner)
  Requirement:            10.000ns  (sys_clk_pin rise@10.000ns - sys_clk_pin rise@0.000ns)
  Data Path Delay:        9.753ns  (logic 5.082ns (52.109%)  route 4.671ns (47.891%))
  Logic Levels:           5  (DSP48E1=1 LUT2=1 LUT6=2 MUXF7=1)
  Clock Path Skew:        -0.029ns (DCD - SCD + CPR)
    Destination Clock Delay (DCD):    5.099ns = ( 15.099 - 10.000 ) 
    Source Clock Delay      (SCD):    5.396ns
    Clock Pessimism Removal (CPR):    0.267ns
  Clock Uncertainty:      0.035ns  ((TSJ^2 + TIJ^2)^1/2 + DJ) / 2 + PE
    Total System Jitter     (TSJ):    0.071ns
    Total Input Jitter      (TIJ):    0.000ns
    Discrete Jitter          (DJ):    0.000ns
    Phase Error              (PE):    0.000ns

    Location             Delay type                Incr(ns)  Path(ns)    Netlist Resource(s)
  -------------------------------------------------------------------    -------------------
                         (clock sys_clk_pin rise edge)
                                                      0.000     0.000 r  
    E3                                                0.000     0.000 r  CLK100MHZ (IN)
                         net (fo=0)                   0.000     0.000    CLK100MHZ
    E3                   IBUF (Prop_ibuf_I_O)         1.482     1.482 r  CLK100MHZ_IBUF_inst/O
                         net (fo=1, routed)           2.025     3.506    CLK100MHZ_IBUF
    BUFGCTRL_X0Y16       BUFG (Prop_bufg_I_O)         0.096     3.602 r  CLK100MHZ_IBUF_BUFG_inst/O
                         net (fo=20673, routed)       1.793     5.396    u_accel/gen_nn_fractional.u_accel/fc2/CLK100MHZ_IBUF_BUFG
    SLICE_X49Y28         FDCE                                         r  u_accel/gen_nn_fractional.u_accel/fc2/input_idx_reg[1]/C
  -------------------------------------------------------------------    -------------------
    SLICE_X49Y28         FDCE (Prop_fdce_C_Q)         0.456     5.852 r  u_accel/gen_nn_fractional.u_accel/fc2/input_idx_reg[1]/Q
                         net (fo=126, routed)         1.402     7.253    u_accel/gen_nn_fractional.u_accel/fc2/Q[1]
    SLICE_X44Y38         LUT6 (Prop_lut6_I2_O)        0.124     7.377 r  u_accel/gen_nn_fractional.u_accel/fc2/accums_reg[1]1_i_8/O
                         net (fo=1, routed)           0.000     7.377    u_accel/gen_nn_fractional.u_accel/fc2/accums_reg[1]1_i_8_n_0
    SLICE_X44Y38         MUXF7 (Prop_muxf7_I0_O)      0.212     7.589 r  u_accel/gen_nn_fractional.u_accel/fc2/accums_reg[1]1_i_3/O
                         net (fo=1, routed)           0.778     8.367    u_accel/gen_nn_fractional.u_accel/fc2/accums_reg[1]1_i_3_n_0
    SLICE_X44Y37         LUT6 (Prop_lut6_I1_O)        0.299     8.666 r  u_accel/gen_nn_fractional.u_accel/fc2/accums_reg[1]1_i_1/O
                         net (fo=8, routed)           1.551    10.217    u_accel/gen_nn_fractional.u_accel/fc2/inputs_latched[13]
    DSP48_X0Y9           DSP48E1 (Prop_dsp48e1_A[13]_P[13])
                                                      3.841    14.058 r  u_accel/gen_nn_fractional.u_accel/fc2/accums_reg[5]1/P[13]
                         net (fo=1, routed)           0.940    14.998    u_accel/gen_nn_fractional.u_accel/fc2/accums_reg[5]1_n_92
    SLICE_X13Y23         LUT2 (Prop_lut2_I1_O)        0.150    15.148 r  u_accel/gen_nn_fractional.u_accel/fc2/accums[5][13]_i_1__0/O
                         net (fo=1, routed)           0.000    15.148    u_accel/gen_nn_fractional.u_accel/fc2/accums[5][13]_i_1__0_n_0
    SLICE_X13Y23         FDCE                                         r  u_accel/gen_nn_fractional.u_accel/fc2/accums_reg[5][13]/D
  -------------------------------------------------------------------    -------------------

                         (clock sys_clk_pin rise edge)
                                                     10.000    10.000 r  
    E3                                                0.000    10.000 r  CLK100MHZ (IN)
                         net (fo=0)                   0.000    10.000    CLK100MHZ
    E3                   IBUF (Prop_ibuf_I_O)         1.411    11.411 r  CLK100MHZ_IBUF_inst/O
                         net (fo=1, routed)           1.920    13.331    CLK100MHZ_IBUF
    BUFGCTRL_X0Y16       BUFG (Prop_bufg_I_O)         0.091    13.422 r  CLK100MHZ_IBUF_BUFG_inst/O
                         net (fo=20673, routed)       1.677    15.099    u_accel/gen_nn_fractional.u_accel/fc2/CLK100MHZ_IBUF_BUFG
    SLICE_X13Y23         FDCE                                         r  u_accel/gen_nn_fractional.u_accel/fc2/accums_reg[5][13]/C
                         clock pessimism              0.267    15.367    
                         clock uncertainty           -0.035    15.331    
    SLICE_X13Y23         FDCE (Setup_fdce_C_D)        0.075    15.406    u_accel/gen_nn_fractional.u_accel/fc2/accums_reg[5][13]
  -------------------------------------------------------------------
                         required time                         15.406    
                         arrival time                         -15.148    
  -------------------------------------------------------------------
                         slack                                  0.258    

Slack (MET) :             0.268ns  (required time - arrival time)
  Source:                 u_accel/gen_nn_fractional.u_accel/fc1/input_idx_reg[0]/C
                            (rising edge-triggered cell FDCE clocked by sys_clk_pin  {rise@0.000ns fall@5.000ns period=10.000ns})
  Destination:            u_accel/gen_nn_fractional.u_accel/fc1/accums_reg[6][23]/D
                            (rising edge-triggered cell FDCE clocked by sys_clk_pin  {rise@0.000ns fall@5.000ns period=10.000ns})
  Path Group:             sys_clk_pin
  Path Type:              Setup (Max at Slow Process Corner)
  Requirement:            10.000ns  (sys_clk_pin rise@10.000ns - sys_clk_pin rise@0.000ns)
  Data Path Delay:        9.655ns  (logic 4.980ns (51.578%)  route 4.675ns (48.422%))
  Logic Levels:           4  (DSP48E1=1 LUT2=1 LUT3=2)
  Clock Path Skew:        -0.116ns (DCD - SCD + CPR)
    Destination Clock Delay (DCD):    4.926ns = ( 14.926 - 10.000 ) 
    Source Clock Delay      (SCD):    5.229ns
    Clock Pessimism Removal (CPR):    0.187ns
  Clock Uncertainty:      0.035ns  ((TSJ^2 + TIJ^2)^1/2 + DJ) / 2 + PE
    Total System Jitter     (TSJ):    0.071ns
    Total Input Jitter      (TIJ):    0.000ns
    Discrete Jitter          (DJ):    0.000ns
    Phase Error              (PE):    0.000ns

    Location             Delay type                Incr(ns)  Path(ns)    Netlist Resource(s)
  -------------------------------------------------------------------    -------------------
                         (clock sys_clk_pin rise edge)
                                                      0.000     0.000 r  
    E3                                                0.000     0.000 r  CLK100MHZ (IN)
                         net (fo=0)                   0.000     0.000    CLK100MHZ
    E3                   IBUF (Prop_ibuf_I_O)         1.482     1.482 r  CLK100MHZ_IBUF_inst/O
                         net (fo=1, routed)           2.025     3.506    CLK100MHZ_IBUF
    BUFGCTRL_X0Y16       BUFG (Prop_bufg_I_O)         0.096     3.602 r  CLK100MHZ_IBUF_BUFG_inst/O
                         net (fo=20673, routed)       1.626     5.229    u_accel/gen_nn_fractional.u_accel/fc1/CLK100MHZ_IBUF_BUFG
    SLICE_X44Y82         FDCE                                         r  u_accel/gen_nn_fractional.u_accel/fc1/input_idx_reg[0]/C
  -------------------------------------------------------------------    -------------------
    SLICE_X44Y82         FDCE (Prop_fdce_C_Q)         0.456     5.685 r  u_accel/gen_nn_fractional.u_accel/fc1/input_idx_reg[0]/Q
                         net (fo=218, routed)         2.013     7.697    u_accel/gen_nn_fractional.u_accel/sel[0]
    SLICE_X62Y65         LUT3 (Prop_lut3_I0_O)        0.150     7.847 r  u_accel/gen_nn_fractional.u_accel/g1_b6_rep/O
                         net (fo=1, routed)           0.988     8.835    u_accel/gen_nn_fractional.u_accel/fc1/accums_reg[6]1_13
    SLICE_X62Y65         LUT3 (Prop_lut3_I1_O)        0.357     9.192 r  u_accel/gen_nn_fractional.u_accel/fc1/p_0_out_inferred__12/accums_reg[6]1_i_3/O
                         net (fo=1, routed)           0.666     9.859    u_accel/gen_nn_fractional.u_accel/fc1/p_0_out_inferred__12/accums_reg[6]1_i_3_n_0
    DSP48_X1Y27          DSP48E1 (Prop_dsp48e1_B[11]_P[23])
                                                      3.863    13.722 r  u_accel/gen_nn_fractional.u_accel/fc1/accums_reg[6]1/P[23]
                         net (fo=1, routed)           1.008    14.730    u_accel/gen_nn_fractional.u_accel/fc1/accums_reg[6]1_n_82
    SLICE_X59Y65         LUT2 (Prop_lut2_I1_O)        0.154    14.884 r  u_accel/gen_nn_fractional.u_accel/fc1/accums[6][23]_i_1/O
                         net (fo=1, routed)           0.000    14.884    u_accel/gen_nn_fractional.u_accel/fc1/accums[6][23]_i_1_n_0
    SLICE_X59Y65         FDCE                                         r  u_accel/gen_nn_fractional.u_accel/fc1/accums_reg[6][23]/D
  -------------------------------------------------------------------    -------------------

                         (clock sys_clk_pin rise edge)
                                                     10.000    10.000 r  
    E3                                                0.000    10.000 r  CLK100MHZ (IN)
                         net (fo=0)                   0.000    10.000    CLK100MHZ
    E3                   IBUF (Prop_ibuf_I_O)         1.411    11.411 r  CLK100MHZ_IBUF_inst/O
                         net (fo=1, routed)           1.920    13.331    CLK100MHZ_IBUF
    BUFGCTRL_X0Y16       BUFG (Prop_bufg_I_O)         0.091    13.422 r  CLK100MHZ_IBUF_BUFG_inst/O
                         net (fo=20673, routed)       1.503    14.926    u_accel/gen_nn_fractional.u_accel/fc1/CLK100MHZ_IBUF_BUFG
    SLICE_X59Y65         FDCE                                         r  u_accel/gen_nn_fractional.u_accel/fc1/accums_reg[6][23]/C
                         clock pessimism              0.187    15.113    
                         clock uncertainty           -0.035    15.077    
    SLICE_X59Y65         FDCE (Setup_fdce_C_D)        0.075    15.152    u_accel/gen_nn_fractional.u_accel/fc1/accums_reg[6][23]
  -------------------------------------------------------------------
                         required time                         15.152    
                         arrival time                         -14.884    
  -------------------------------------------------------------------
                         slack                                  0.268    





Min Delay Paths
--------------------------------------------------------------------------------------
Slack (MET) :             0.039ns  (arrival time - required time)
  Source:                 u_accel/gen_nn_fractional.u_accel/gen_hl2[6].hl2_lif/membrane_out_reg[21]/C
                            (rising edge-triggered cell FDCE clocked by sys_clk_pin  {rise@0.000ns fall@5.000ns period=10.000ns})
  Destination:            u_accel/gen_nn_fractional.u_accel/gen_hl2[6].membrane_buf/membrane_storage_reg[1][21]/D
                            (rising edge-triggered cell FDCE clocked by sys_clk_pin  {rise@0.000ns fall@5.000ns period=10.000ns})
  Path Group:             sys_clk_pin
  Path Type:              Hold (Min at Fast Process Corner)
  Requirement:            0.000ns  (sys_clk_pin rise@0.000ns - sys_clk_pin rise@0.000ns)
  Data Path Delay:        0.384ns  (logic 0.141ns (36.741%)  route 0.243ns (63.259%))
  Logic Levels:           0  
  Clock Path Skew:        0.269ns (DCD - SCD - CPR)
    Destination Clock Delay (DCD):    2.074ns
    Source Clock Delay      (SCD):    1.551ns
    Clock Pessimism Removal (CPR):    0.254ns

    Location             Delay type                Incr(ns)  Path(ns)    Netlist Resource(s)
  -------------------------------------------------------------------    -------------------
                         (clock sys_clk_pin rise edge)
                                                      0.000     0.000 r  
    E3                                                0.000     0.000 r  CLK100MHZ (IN)
                         net (fo=0)                   0.000     0.000    CLK100MHZ
    E3                   IBUF (Prop_ibuf_I_O)         0.250     0.250 r  CLK100MHZ_IBUF_inst/O
                         net (fo=1, routed)           0.644     0.894    CLK100MHZ_IBUF
    BUFGCTRL_X0Y16       BUFG (Prop_bufg_I_O)         0.026     0.920 r  CLK100MHZ_IBUF_BUFG_inst/O
                         net (fo=20673, routed)       0.631     1.551    u_accel/gen_nn_fractional.u_accel/gen_hl2[6].hl2_lif/CLK100MHZ_IBUF_BUFG
    SLICE_X53Y2          FDCE                                         r  u_accel/gen_nn_fractional.u_accel/gen_hl2[6].hl2_lif/membrane_out_reg[21]/C
  -------------------------------------------------------------------    -------------------
    SLICE_X53Y2          FDCE (Prop_fdce_C_Q)         0.141     1.692 r  u_accel/gen_nn_fractional.u_accel/gen_hl2[6].hl2_lif/membrane_out_reg[21]/Q
                         net (fo=10, routed)          0.243     1.935    u_accel/gen_nn_fractional.u_accel/gen_hl2[6].membrane_buf/membrane_storage_reg[8][23]_0[21]
    SLICE_X42Y3          FDCE                                         r  u_accel/gen_nn_fractional.u_accel/gen_hl2[6].membrane_buf/membrane_storage_reg[1][21]/D
  -------------------------------------------------------------------    -------------------

                         (clock sys_clk_pin rise edge)
                                                      0.000     0.000 r  
    E3                                                0.000     0.000 r  CLK100MHZ (IN)
                         net (fo=0)                   0.000     0.000    CLK100MHZ
    E3                   IBUF (Prop_ibuf_I_O)         0.438     0.438 r  CLK100MHZ_IBUF_inst/O
                         net (fo=1, routed)           0.699     1.136    CLK100MHZ_IBUF
    BUFGCTRL_X0Y16       BUFG (Prop_bufg_I_O)         0.029     1.165 r  CLK100MHZ_IBUF_BUFG_inst/O
                         net (fo=20673, routed)       0.909     2.074    u_accel/gen_nn_fractional.u_accel/gen_hl2[6].membrane_buf/CLK100MHZ_IBUF_BUFG
    SLICE_X42Y3          FDCE                                         r  u_accel/gen_nn_fractional.u_accel/gen_hl2[6].membrane_buf/membrane_storage_reg[1][21]/C
                         clock pessimism             -0.254     1.820    
    SLICE_X42Y3          FDCE (Hold_fdce_C_D)         0.076     1.896    u_accel/gen_nn_fractional.u_accel/gen_hl2[6].membrane_buf/membrane_storage_reg[1][21]
  -------------------------------------------------------------------
                         required time                         -1.896    
                         arrival time                           1.935    
  -------------------------------------------------------------------
                         slack                                  0.039    

Slack (MET) :             0.043ns  (arrival time - required time)
  Source:                 u_accel/gen_nn_fractional.u_accel/gen_hl1_lif[19].hl1_lif/current_latched_reg[8]/C
                            (rising edge-triggered cell FDCE clocked by sys_clk_pin  {rise@0.000ns fall@5.000ns period=10.000ns})
  Destination:            u_accel/gen_nn_fractional.u_accel/gen_hl1_lif[19].hl1_lif/numerator_reg_reg[8]/D
                            (rising edge-triggered cell FDCE clocked by sys_clk_pin  {rise@0.000ns fall@5.000ns period=10.000ns})
  Path Group:             sys_clk_pin
  Path Type:              Hold (Min at Fast Process Corner)
  Requirement:            0.000ns  (sys_clk_pin rise@0.000ns - sys_clk_pin rise@0.000ns)
  Data Path Delay:        0.481ns  (logic 0.256ns (53.200%)  route 0.225ns (46.800%))
  Logic Levels:           2  (CARRY4=1 LUT3=1)
  Clock Path Skew:        0.333ns (DCD - SCD - CPR)
    Destination Clock Delay (DCD):    2.071ns
    Source Clock Delay      (SCD):    1.487ns
    Clock Pessimism Removal (CPR):    0.250ns

    Location             Delay type                Incr(ns)  Path(ns)    Netlist Resource(s)
  -------------------------------------------------------------------    -------------------
                         (clock sys_clk_pin rise edge)
                                                      0.000     0.000 r  
    E3                                                0.000     0.000 r  CLK100MHZ (IN)
                         net (fo=0)                   0.000     0.000    CLK100MHZ
    E3                   IBUF (Prop_ibuf_I_O)         0.250     0.250 r  CLK100MHZ_IBUF_inst/O
                         net (fo=1, routed)           0.644     0.894    CLK100MHZ_IBUF
    BUFGCTRL_X0Y16       BUFG (Prop_bufg_I_O)         0.026     0.920 r  CLK100MHZ_IBUF_BUFG_inst/O
                         net (fo=20673, routed)       0.568     1.487    u_accel/gen_nn_fractional.u_accel/gen_hl1_lif[19].hl1_lif/CLK100MHZ_IBUF_BUFG
    SLICE_X44Y53         FDCE                                         r  u_accel/gen_nn_fractional.u_accel/gen_hl1_lif[19].hl1_lif/current_latched_reg[8]/C
  -------------------------------------------------------------------    -------------------
    SLICE_X44Y53         FDCE (Prop_fdce_C_Q)         0.141     1.628 r  u_accel/gen_nn_fractional.u_accel/gen_hl1_lif[19].hl1_lif/current_latched_reg[8]/Q
                         net (fo=1, routed)           0.225     1.854    u_accel/gen_nn_fractional.u_accel/gen_hl1_lif[19].hl1_lif/current_latched[8]
    SLICE_X51Y48         LUT3 (Prop_lut3_I2_O)        0.045     1.899 r  u_accel/gen_nn_fractional.u_accel/gen_hl1_lif[19].hl1_lif/numerator_reg[11]_i_9__5/O
                         net (fo=1, routed)           0.000     1.899    u_accel/gen_nn_fractional.u_accel/gen_hl1_lif[19].hl1_lif/numerator_reg[11]_i_9__5_n_0
    SLICE_X51Y48         CARRY4 (Prop_carry4_S[0]_O[0])
                                                      0.070     1.969 r  u_accel/gen_nn_fractional.u_accel/gen_hl1_lif[19].hl1_lif/numerator_reg_reg[11]_i_1__5/O[0]
                         net (fo=1, routed)           0.000     1.969    u_accel/gen_nn_fractional.u_accel/gen_hl1_lif[19].hl1_lif/numerator_reg_reg[11]_i_1__5_n_7
    SLICE_X51Y48         FDCE                                         r  u_accel/gen_nn_fractional.u_accel/gen_hl1_lif[19].hl1_lif/numerator_reg_reg[8]/D
  -------------------------------------------------------------------    -------------------

                         (clock sys_clk_pin rise edge)
                                                      0.000     0.000 r  
    E3                                                0.000     0.000 r  CLK100MHZ (IN)
                         net (fo=0)                   0.000     0.000    CLK100MHZ
    E3                   IBUF (Prop_ibuf_I_O)         0.438     0.438 r  CLK100MHZ_IBUF_inst/O
                         net (fo=1, routed)           0.699     1.136    CLK100MHZ_IBUF
    BUFGCTRL_X0Y16       BUFG (Prop_bufg_I_O)         0.029     1.165 r  CLK100MHZ_IBUF_BUFG_inst/O
                         net (fo=20673, routed)       0.906     2.071    u_accel/gen_nn_fractional.u_accel/gen_hl1_lif[19].hl1_lif/CLK100MHZ_IBUF_BUFG
    SLICE_X51Y48         FDCE                                         r  u_accel/gen_nn_fractional.u_accel/gen_hl1_lif[19].hl1_lif/numerator_reg_reg[8]/C
                         clock pessimism             -0.250     1.820    
    SLICE_X51Y48         FDCE (Hold_fdce_C_D)         0.105     1.925    u_accel/gen_nn_fractional.u_accel/gen_hl1_lif[19].hl1_lif/numerator_reg_reg[8]
  -------------------------------------------------------------------
                         required time                         -1.925    
                         arrival time                           1.969    
  -------------------------------------------------------------------
                         slack                                  0.043    

Slack (MET) :             0.043ns  (arrival time - required time)
  Source:                 u_accel/gen_nn_fractional.u_accel/gen_hl1_lif[31].hl1_lif/mul_scaled_result_reg_reg[59]/C
                            (rising edge-triggered cell FDCE clocked by sys_clk_pin  {rise@0.000ns fall@5.000ns period=10.000ns})
  Destination:            u_accel/gen_nn_fractional.u_accel/gen_hl1_lif[31].hl1_lif/membrane_pre_reset_reg_reg[43]/D
                            (rising edge-triggered cell FDCE clocked by sys_clk_pin  {rise@0.000ns fall@5.000ns period=10.000ns})
  Path Group:             sys_clk_pin
  Path Type:              Hold (Min at Fast Process Corner)
  Requirement:            0.000ns  (sys_clk_pin rise@0.000ns - sys_clk_pin rise@0.000ns)
  Data Path Delay:        0.417ns  (logic 0.190ns (45.550%)  route 0.227ns (54.450%))
  Logic Levels:           1  (LUT2=1)
  Clock Path Skew:        0.267ns (DCD - SCD - CPR)
    Destination Clock Delay (DCD):    1.987ns
    Source Clock Delay      (SCD):    1.469ns
    Clock Pessimism Removal (CPR):    0.250ns

    Location             Delay type                Incr(ns)  Path(ns)    Netlist Resource(s)
  -------------------------------------------------------------------    -------------------
                         (clock sys_clk_pin rise edge)
                                                      0.000     0.000 r  
    E3                                                0.000     0.000 r  CLK100MHZ (IN)
                         net (fo=0)                   0.000     0.000    CLK100MHZ
    E3                   IBUF (Prop_ibuf_I_O)         0.250     0.250 r  CLK100MHZ_IBUF_inst/O
                         net (fo=1, routed)           0.644     0.894    CLK100MHZ_IBUF
    BUFGCTRL_X0Y16       BUFG (Prop_bufg_I_O)         0.026     0.920 r  CLK100MHZ_IBUF_BUFG_inst/O
                         net (fo=20673, routed)       0.550     1.469    u_accel/gen_nn_fractional.u_accel/gen_hl1_lif[31].hl1_lif/CLK100MHZ_IBUF_BUFG
    SLICE_X57Y120        FDCE                                         r  u_accel/gen_nn_fractional.u_accel/gen_hl1_lif[31].hl1_lif/mul_scaled_result_reg_reg[59]/C
  -------------------------------------------------------------------    -------------------
    SLICE_X57Y120        FDCE (Prop_fdce_C_Q)         0.141     1.610 r  u_accel/gen_nn_fractional.u_accel/gen_hl1_lif[31].hl1_lif/mul_scaled_result_reg_reg[59]/Q
                         net (fo=1, routed)           0.227     1.838    u_accel/gen_nn_fractional.u_accel/gen_hl1_lif[31].hl1_lif/mul_scaled_result_reg_reg_n_0_[59]
    SLICE_X51Y116        LUT2 (Prop_lut2_I0_O)        0.049     1.887 r  u_accel/gen_nn_fractional.u_accel/gen_hl1_lif[31].hl1_lif/membrane_pre_reset_reg[43]_i_1__19/O
                         net (fo=1, routed)           0.000     1.887    u_accel/gen_nn_fractional.u_accel/gen_hl1_lif[31].hl1_lif/membrane_pre_reset_reg[43]_i_1__19_n_0
    SLICE_X51Y116        FDCE                                         r  u_accel/gen_nn_fractional.u_accel/gen_hl1_lif[31].hl1_lif/membrane_pre_reset_reg_reg[43]/D
  -------------------------------------------------------------------    -------------------

                         (clock sys_clk_pin rise edge)
                                                      0.000     0.000 r  
    E3                                                0.000     0.000 r  CLK100MHZ (IN)
                         net (fo=0)                   0.000     0.000    CLK100MHZ
    E3                   IBUF (Prop_ibuf_I_O)         0.438     0.438 r  CLK100MHZ_IBUF_inst/O
                         net (fo=1, routed)           0.699     1.136    CLK100MHZ_IBUF
    BUFGCTRL_X0Y16       BUFG (Prop_bufg_I_O)         0.029     1.165 r  CLK100MHZ_IBUF_BUFG_inst/O
                         net (fo=20673, routed)       0.822     1.987    u_accel/gen_nn_fractional.u_accel/gen_hl1_lif[31].hl1_lif/CLK100MHZ_IBUF_BUFG
    SLICE_X51Y116        FDCE                                         r  u_accel/gen_nn_fractional.u_accel/gen_hl1_lif[31].hl1_lif/membrane_pre_reset_reg_reg[43]/C
                         clock pessimism             -0.250     1.736    
    SLICE_X51Y116        FDCE (Hold_fdce_C_D)         0.107     1.843    u_accel/gen_nn_fractional.u_accel/gen_hl1_lif[31].hl1_lif/membrane_pre_reset_reg_reg[43]
  -------------------------------------------------------------------
                         required time                         -1.843    
                         arrival time                           1.887    
  -------------------------------------------------------------------
                         slack                                  0.043    

Slack (MET) :             0.043ns  (arrival time - required time)
  Source:                 u_accel/gen_nn_fractional.u_accel/gen_hl1_lif[31].hl1_lif/mul_scaled_result_reg_reg[61]/C
                            (rising edge-triggered cell FDCE clocked by sys_clk_pin  {rise@0.000ns fall@5.000ns period=10.000ns})
  Destination:            u_accel/gen_nn_fractional.u_accel/gen_hl1_lif[31].hl1_lif/membrane_pre_reset_reg_reg[60]/D
                            (rising edge-triggered cell FDCE clocked by sys_clk_pin  {rise@0.000ns fall@5.000ns period=10.000ns})
  Path Group:             sys_clk_pin
  Path Type:              Hold (Min at Fast Process Corner)
  Requirement:            0.000ns  (sys_clk_pin rise@0.000ns - sys_clk_pin rise@0.000ns)
  Data Path Delay:        0.417ns  (logic 0.190ns (45.550%)  route 0.227ns (54.450%))
  Logic Levels:           1  (LUT2=1)
  Clock Path Skew:        0.267ns (DCD - SCD - CPR)
    Destination Clock Delay (DCD):    1.986ns
    Source Clock Delay      (SCD):    1.468ns
    Clock Pessimism Removal (CPR):    0.250ns

    Location             Delay type                Incr(ns)  Path(ns)    Netlist Resource(s)
  -------------------------------------------------------------------    -------------------
                         (clock sys_clk_pin rise edge)
                                                      0.000     0.000 r  
    E3                                                0.000     0.000 r  CLK100MHZ (IN)
                         net (fo=0)                   0.000     0.000    CLK100MHZ
    E3                   IBUF (Prop_ibuf_I_O)         0.250     0.250 r  CLK100MHZ_IBUF_inst/O
                         net (fo=1, routed)           0.644     0.894    CLK100MHZ_IBUF
    BUFGCTRL_X0Y16       BUFG (Prop_bufg_I_O)         0.026     0.920 r  CLK100MHZ_IBUF_BUFG_inst/O
                         net (fo=20673, routed)       0.549     1.468    u_accel/gen_nn_fractional.u_accel/gen_hl1_lif[31].hl1_lif/CLK100MHZ_IBUF_BUFG
    SLICE_X57Y121        FDCE                                         r  u_accel/gen_nn_fractional.u_accel/gen_hl1_lif[31].hl1_lif/mul_scaled_result_reg_reg[61]/C
  -------------------------------------------------------------------    -------------------
    SLICE_X57Y121        FDCE (Prop_fdce_C_Q)         0.141     1.609 r  u_accel/gen_nn_fractional.u_accel/gen_hl1_lif[31].hl1_lif/mul_scaled_result_reg_reg[61]/Q
                         net (fo=1, routed)           0.227     1.837    u_accel/gen_nn_fractional.u_accel/gen_hl1_lif[31].hl1_lif/div_membrane_pre_reset0
    SLICE_X51Y117        LUT2 (Prop_lut2_I0_O)        0.049     1.886 r  u_accel/gen_nn_fractional.u_accel/gen_hl1_lif[31].hl1_lif/membrane_pre_reset_reg[60]_i_2__19/O
                         net (fo=1, routed)           0.000     1.886    u_accel/gen_nn_fractional.u_accel/gen_hl1_lif[31].hl1_lif/membrane_pre_reset_reg[60]_i_2__19_n_0
    SLICE_X51Y117        FDCE                                         r  u_accel/gen_nn_fractional.u_accel/gen_hl1_lif[31].hl1_lif/membrane_pre_reset_reg_reg[60]/D
  -------------------------------------------------------------------    -------------------

                         (clock sys_clk_pin rise edge)
                                                      0.000     0.000 r  
    E3                                                0.000     0.000 r  CLK100MHZ (IN)
                         net (fo=0)                   0.000     0.000    CLK100MHZ
    E3                   IBUF (Prop_ibuf_I_O)         0.438     0.438 r  CLK100MHZ_IBUF_inst/O
                         net (fo=1, routed)           0.699     1.136    CLK100MHZ_IBUF
    BUFGCTRL_X0Y16       BUFG (Prop_bufg_I_O)         0.029     1.165 r  CLK100MHZ_IBUF_BUFG_inst/O
                         net (fo=20673, routed)       0.821     1.986    u_accel/gen_nn_fractional.u_accel/gen_hl1_lif[31].hl1_lif/CLK100MHZ_IBUF_BUFG
    SLICE_X51Y117        FDCE                                         r  u_accel/gen_nn_fractional.u_accel/gen_hl1_lif[31].hl1_lif/membrane_pre_reset_reg_reg[60]/C
                         clock pessimism             -0.250     1.735    
    SLICE_X51Y117        FDCE (Hold_fdce_C_D)         0.107     1.842    u_accel/gen_nn_fractional.u_accel/gen_hl1_lif[31].hl1_lif/membrane_pre_reset_reg_reg[60]
  -------------------------------------------------------------------
                         required time                         -1.842    
                         arrival time                           1.886    
  -------------------------------------------------------------------
                         slack                                  0.043    

Slack (MET) :             0.045ns  (arrival time - required time)
  Source:                 u_accel/gen_nn_fractional.u_accel/gen_hl1_lif[31].hl1_lif/mul_scaled_result_reg_reg[55]/C
                            (rising edge-triggered cell FDCE clocked by sys_clk_pin  {rise@0.000ns fall@5.000ns period=10.000ns})
  Destination:            u_accel/gen_nn_fractional.u_accel/gen_hl1_lif[31].hl1_lif/membrane_pre_reset_reg_reg[39]/D
                            (rising edge-triggered cell FDCE clocked by sys_clk_pin  {rise@0.000ns fall@5.000ns period=10.000ns})
  Path Group:             sys_clk_pin
  Path Type:              Hold (Min at Fast Process Corner)
  Requirement:            0.000ns  (sys_clk_pin rise@0.000ns - sys_clk_pin rise@0.000ns)
  Data Path Delay:        0.419ns  (logic 0.192ns (45.810%)  route 0.227ns (54.190%))
  Logic Levels:           1  (LUT2=1)
  Clock Path Skew:        0.267ns (DCD - SCD - CPR)
    Destination Clock Delay (DCD):    1.988ns
    Source Clock Delay      (SCD):    1.470ns
    Clock Pessimism Removal (CPR):    0.250ns

    Location             Delay type                Incr(ns)  Path(ns)    Netlist Resource(s)
  -------------------------------------------------------------------    -------------------
                         (clock sys_clk_pin rise edge)
                                                      0.000     0.000 r  
    E3                                                0.000     0.000 r  CLK100MHZ (IN)
                         net (fo=0)                   0.000     0.000    CLK100MHZ
    E3                   IBUF (Prop_ibuf_I_O)         0.250     0.250 r  CLK100MHZ_IBUF_inst/O
                         net (fo=1, routed)           0.644     0.894    CLK100MHZ_IBUF
    BUFGCTRL_X0Y16       BUFG (Prop_bufg_I_O)         0.026     0.920 r  CLK100MHZ_IBUF_BUFG_inst/O
                         net (fo=20673, routed)       0.551     1.470    u_accel/gen_nn_fractional.u_accel/gen_hl1_lif[31].hl1_lif/CLK100MHZ_IBUF_BUFG
    SLICE_X57Y119        FDCE                                         r  u_accel/gen_nn_fractional.u_accel/gen_hl1_lif[31].hl1_lif/mul_scaled_result_reg_reg[55]/C
  -------------------------------------------------------------------    -------------------
    SLICE_X57Y119        FDCE (Prop_fdce_C_Q)         0.141     1.611 r  u_accel/gen_nn_fractional.u_accel/gen_hl1_lif[31].hl1_lif/mul_scaled_result_reg_reg[55]/Q
                         net (fo=1, routed)           0.227     1.839    u_accel/gen_nn_fractional.u_accel/gen_hl1_lif[31].hl1_lif/mul_scaled_result_reg_reg_n_0_[55]
    SLICE_X51Y115        LUT2 (Prop_lut2_I0_O)        0.051     1.890 r  u_accel/gen_nn_fractional.u_accel/gen_hl1_lif[31].hl1_lif/membrane_pre_reset_reg[39]_i_1__19/O
                         net (fo=1, routed)           0.000     1.890    u_accel/gen_nn_fractional.u_accel/gen_hl1_lif[31].hl1_lif/membrane_pre_reset_reg[39]_i_1__19_n_0
    SLICE_X51Y115        FDCE                                         r  u_accel/gen_nn_fractional.u_accel/gen_hl1_lif[31].hl1_lif/membrane_pre_reset_reg_reg[39]/D
  -------------------------------------------------------------------    -------------------

                         (clock sys_clk_pin rise edge)
                                                      0.000     0.000 r  
    E3                                                0.000     0.000 r  CLK100MHZ (IN)
                         net (fo=0)                   0.000     0.000    CLK100MHZ
    E3                   IBUF (Prop_ibuf_I_O)         0.438     0.438 r  CLK100MHZ_IBUF_inst/O
                         net (fo=1, routed)           0.699     1.136    CLK100MHZ_IBUF
    BUFGCTRL_X0Y16       BUFG (Prop_bufg_I_O)         0.029     1.165 r  CLK100MHZ_IBUF_BUFG_inst/O
                         net (fo=20673, routed)       0.823     1.988    u_accel/gen_nn_fractional.u_accel/gen_hl1_lif[31].hl1_lif/CLK100MHZ_IBUF_BUFG
    SLICE_X51Y115        FDCE                                         r  u_accel/gen_nn_fractional.u_accel/gen_hl1_lif[31].hl1_lif/membrane_pre_reset_reg_reg[39]/C
                         clock pessimism             -0.250     1.737    
    SLICE_X51Y115        FDCE (Hold_fdce_C_D)         0.107     1.844    u_accel/gen_nn_fractional.u_accel/gen_hl1_lif[31].hl1_lif/membrane_pre_reset_reg_reg[39]
  -------------------------------------------------------------------
                         required time                         -1.844    
                         arrival time                           1.890    
  -------------------------------------------------------------------
                         slack                                  0.045    

Slack (MET) :             0.046ns  (arrival time - required time)
  Source:                 u_accel/gen_nn_fractional.u_accel/gen_hl1_lif[31].hl1_lif/mul_scaled_result_reg_reg[50]/C
                            (rising edge-triggered cell FDCE clocked by sys_clk_pin  {rise@0.000ns fall@5.000ns period=10.000ns})
  Destination:            u_accel/gen_nn_fractional.u_accel/gen_hl1_lif[31].hl1_lif/membrane_pre_reset_reg_reg[34]/D
                            (rising edge-triggered cell FDCE clocked by sys_clk_pin  {rise@0.000ns fall@5.000ns period=10.000ns})
  Path Group:             sys_clk_pin
  Path Type:              Hold (Min at Fast Process Corner)
  Requirement:            0.000ns  (sys_clk_pin rise@0.000ns - sys_clk_pin rise@0.000ns)
  Data Path Delay:        0.402ns  (logic 0.186ns (46.220%)  route 0.216ns (53.780%))
  Logic Levels:           1  (LUT2=1)
  Clock Path Skew:        0.265ns (DCD - SCD - CPR)
    Destination Clock Delay (DCD):    1.987ns
    Source Clock Delay      (SCD):    1.471ns
    Clock Pessimism Removal (CPR):    0.250ns

    Location             Delay type                Incr(ns)  Path(ns)    Netlist Resource(s)
  -------------------------------------------------------------------    -------------------
                         (clock sys_clk_pin rise edge)
                                                      0.000     0.000 r  
    E3                                                0.000     0.000 r  CLK100MHZ (IN)
                         net (fo=0)                   0.000     0.000    CLK100MHZ
    E3                   IBUF (Prop_ibuf_I_O)         0.250     0.250 r  CLK100MHZ_IBUF_inst/O
                         net (fo=1, routed)           0.644     0.894    CLK100MHZ_IBUF
    BUFGCTRL_X0Y16       BUFG (Prop_bufg_I_O)         0.026     0.920 r  CLK100MHZ_IBUF_BUFG_inst/O
                         net (fo=20673, routed)       0.552     1.471    u_accel/gen_nn_fractional.u_accel/gen_hl1_lif[31].hl1_lif/CLK100MHZ_IBUF_BUFG
    SLICE_X57Y118        FDCE                                         r  u_accel/gen_nn_fractional.u_accel/gen_hl1_lif[31].hl1_lif/mul_scaled_result_reg_reg[50]/C
  -------------------------------------------------------------------    -------------------
    SLICE_X57Y118        FDCE (Prop_fdce_C_Q)         0.141     1.612 r  u_accel/gen_nn_fractional.u_accel/gen_hl1_lif[31].hl1_lif/mul_scaled_result_reg_reg[50]/Q
                         net (fo=1, routed)           0.216     1.829    u_accel/gen_nn_fractional.u_accel/gen_hl1_lif[31].hl1_lif/mul_scaled_result_reg_reg_n_0_[50]
    SLICE_X51Y116        LUT2 (Prop_lut2_I0_O)        0.045     1.874 r  u_accel/gen_nn_fractional.u_accel/gen_hl1_lif[31].hl1_lif/membrane_pre_reset_reg[34]_i_1__19/O
                         net (fo=1, routed)           0.000     1.874    u_accel/gen_nn_fractional.u_accel/gen_hl1_lif[31].hl1_lif/membrane_pre_reset_reg[34]_i_1__19_n_0
    SLICE_X51Y116        FDCE                                         r  u_accel/gen_nn_fractional.u_accel/gen_hl1_lif[31].hl1_lif/membrane_pre_reset_reg_reg[34]/D
  -------------------------------------------------------------------    -------------------

                         (clock sys_clk_pin rise edge)
                                                      0.000     0.000 r  
    E3                                                0.000     0.000 r  CLK100MHZ (IN)
                         net (fo=0)                   0.000     0.000    CLK100MHZ
    E3                   IBUF (Prop_ibuf_I_O)         0.438     0.438 r  CLK100MHZ_IBUF_inst/O
                         net (fo=1, routed)           0.699     1.136    CLK100MHZ_IBUF
    BUFGCTRL_X0Y16       BUFG (Prop_bufg_I_O)         0.029     1.165 r  CLK100MHZ_IBUF_BUFG_inst/O
                         net (fo=20673, routed)       0.822     1.987    u_accel/gen_nn_fractional.u_accel/gen_hl1_lif[31].hl1_lif/CLK100MHZ_IBUF_BUFG
    SLICE_X51Y116        FDCE                                         r  u_accel/gen_nn_fractional.u_accel/gen_hl1_lif[31].hl1_lif/membrane_pre_reset_reg_reg[34]/C
                         clock pessimism             -0.250     1.736    
    SLICE_X51Y116        FDCE (Hold_fdce_C_D)         0.092     1.828    u_accel/gen_nn_fractional.u_accel/gen_hl1_lif[31].hl1_lif/membrane_pre_reset_reg_reg[34]
  -------------------------------------------------------------------
                         required time                         -1.828    
                         arrival time                           1.874    
  -------------------------------------------------------------------
                         slack                                  0.046    

Slack (MET) :             0.046ns  (arrival time - required time)
  Source:                 u_accel/gen_nn_fractional.u_accel/gen_hl1_lif[31].hl1_lif/mul_scaled_result_reg_reg[46]/C
                            (rising edge-triggered cell FDCE clocked by sys_clk_pin  {rise@0.000ns fall@5.000ns period=10.000ns})
  Destination:            u_accel/gen_nn_fractional.u_accel/gen_hl1_lif[31].hl1_lif/membrane_pre_reset_reg_reg[30]/D
                            (rising edge-triggered cell FDCE clocked by sys_clk_pin  {rise@0.000ns fall@5.000ns period=10.000ns})
  Path Group:             sys_clk_pin
  Path Type:              Hold (Min at Fast Process Corner)
  Requirement:            0.000ns  (sys_clk_pin rise@0.000ns - sys_clk_pin rise@0.000ns)
  Data Path Delay:        0.402ns  (logic 0.186ns (46.220%)  route 0.216ns (53.780%))
  Logic Levels:           1  (LUT2=1)
  Clock Path Skew:        0.265ns (DCD - SCD - CPR)
    Destination Clock Delay (DCD):    1.988ns
    Source Clock Delay      (SCD):    1.472ns
    Clock Pessimism Removal (CPR):    0.250ns

    Location             Delay type                Incr(ns)  Path(ns)    Netlist Resource(s)
  -------------------------------------------------------------------    -------------------
                         (clock sys_clk_pin rise edge)
                                                      0.000     0.000 r  
    E3                                                0.000     0.000 r  CLK100MHZ (IN)
                         net (fo=0)                   0.000     0.000    CLK100MHZ
    E3                   IBUF (Prop_ibuf_I_O)         0.250     0.250 r  CLK100MHZ_IBUF_inst/O
                         net (fo=1, routed)           0.644     0.894    CLK100MHZ_IBUF
    BUFGCTRL_X0Y16       BUFG (Prop_bufg_I_O)         0.026     0.920 r  CLK100MHZ_IBUF_BUFG_inst/O
                         net (fo=20673, routed)       0.553     1.472    u_accel/gen_nn_fractional.u_accel/gen_hl1_lif[31].hl1_lif/CLK100MHZ_IBUF_BUFG
    SLICE_X57Y117        FDCE                                         r  u_accel/gen_nn_fractional.u_accel/gen_hl1_lif[31].hl1_lif/mul_scaled_result_reg_reg[46]/C
  -------------------------------------------------------------------    -------------------
    SLICE_X57Y117        FDCE (Prop_fdce_C_Q)         0.141     1.613 r  u_accel/gen_nn_fractional.u_accel/gen_hl1_lif[31].hl1_lif/mul_scaled_result_reg_reg[46]/Q
                         net (fo=1, routed)           0.216     1.830    u_accel/gen_nn_fractional.u_accel/gen_hl1_lif[31].hl1_lif/mul_scaled_result_reg_reg_n_0_[46]
    SLICE_X51Y115        LUT2 (Prop_lut2_I0_O)        0.045     1.875 r  u_accel/gen_nn_fractional.u_accel/gen_hl1_lif[31].hl1_lif/membrane_pre_reset_reg[30]_i_1__19/O
                         net (fo=1, routed)           0.000     1.875    u_accel/gen_nn_fractional.u_accel/gen_hl1_lif[31].hl1_lif/membrane_pre_reset_reg[30]_i_1__19_n_0
    SLICE_X51Y115        FDCE                                         r  u_accel/gen_nn_fractional.u_accel/gen_hl1_lif[31].hl1_lif/membrane_pre_reset_reg_reg[30]/D
  -------------------------------------------------------------------    -------------------

                         (clock sys_clk_pin rise edge)
                                                      0.000     0.000 r  
    E3                                                0.000     0.000 r  CLK100MHZ (IN)
                         net (fo=0)                   0.000     0.000    CLK100MHZ
    E3                   IBUF (Prop_ibuf_I_O)         0.438     0.438 r  CLK100MHZ_IBUF_inst/O
                         net (fo=1, routed)           0.699     1.136    CLK100MHZ_IBUF
    BUFGCTRL_X0Y16       BUFG (Prop_bufg_I_O)         0.029     1.165 r  CLK100MHZ_IBUF_BUFG_inst/O
                         net (fo=20673, routed)       0.823     1.988    u_accel/gen_nn_fractional.u_accel/gen_hl1_lif[31].hl1_lif/CLK100MHZ_IBUF_BUFG
    SLICE_X51Y115        FDCE                                         r  u_accel/gen_nn_fractional.u_accel/gen_hl1_lif[31].hl1_lif/membrane_pre_reset_reg_reg[30]/C
                         clock pessimism             -0.250     1.737    
    SLICE_X51Y115        FDCE (Hold_fdce_C_D)         0.092     1.829    u_accel/gen_nn_fractional.u_accel/gen_hl1_lif[31].hl1_lif/membrane_pre_reset_reg_reg[30]
  -------------------------------------------------------------------
                         required time                         -1.829    
                         arrival time                           1.875    
  -------------------------------------------------------------------
                         slack                                  0.046    

Slack (MET) :             0.049ns  (arrival time - required time)
  Source:                 u_accel/gen_nn_fractional.u_accel/gen_hl1_lif[16].hl1_lif/history_sum_acc_reg[38]/C
                            (rising edge-triggered cell FDCE clocked by sys_clk_pin  {rise@0.000ns fall@5.000ns period=10.000ns})
  Destination:            u_accel/gen_nn_fractional.u_accel/gen_hl1_lif[16].hl1_lif/numerator_reg_reg[22]/D
                            (rising edge-triggered cell FDCE clocked by sys_clk_pin  {rise@0.000ns fall@5.000ns period=10.000ns})
  Path Group:             sys_clk_pin
  Path Type:              Hold (Min at Fast Process Corner)
  Requirement:            0.000ns  (sys_clk_pin rise@0.000ns - sys_clk_pin rise@0.000ns)
  Data Path Delay:        0.506ns  (logic 0.252ns (49.812%)  route 0.254ns (50.188%))
  Logic Levels:           2  (CARRY4=1 LUT3=1)
  Clock Path Skew:        0.352ns (DCD - SCD - CPR)
    Destination Clock Delay (DCD):    2.092ns
    Source Clock Delay      (SCD):    1.489ns
    Clock Pessimism Removal (CPR):    0.250ns

    Location             Delay type                Incr(ns)  Path(ns)    Netlist Resource(s)
  -------------------------------------------------------------------    -------------------
                         (clock sys_clk_pin rise edge)
                                                      0.000     0.000 r  
    E3                                                0.000     0.000 r  CLK100MHZ (IN)
                         net (fo=0)                   0.000     0.000    CLK100MHZ
    E3                   IBUF (Prop_ibuf_I_O)         0.250     0.250 r  CLK100MHZ_IBUF_inst/O
                         net (fo=1, routed)           0.644     0.894    CLK100MHZ_IBUF
    BUFGCTRL_X0Y16       BUFG (Prop_bufg_I_O)         0.026     0.920 r  CLK100MHZ_IBUF_BUFG_inst/O
                         net (fo=20673, routed)       0.570     1.489    u_accel/gen_nn_fractional.u_accel/gen_hl1_lif[16].hl1_lif/CLK100MHZ_IBUF_BUFG
    SLICE_X13Y149        FDCE                                         r  u_accel/gen_nn_fractional.u_accel/gen_hl1_lif[16].hl1_lif/history_sum_acc_reg[38]/C
  -------------------------------------------------------------------    -------------------
    SLICE_X13Y149        FDCE (Prop_fdce_C_Q)         0.141     1.630 r  u_accel/gen_nn_fractional.u_accel/gen_hl1_lif[16].hl1_lif/history_sum_acc_reg[38]/Q
                         net (fo=3, routed)           0.254     1.884    u_accel/gen_nn_fractional.u_accel/gen_hl1_lif[16].hl1_lif/history_sum_acc_reg_n_0_[38]
    SLICE_X15Y152        LUT3 (Prop_lut3_I0_O)        0.045     1.929 r  u_accel/gen_nn_fractional.u_accel/gen_hl1_lif[16].hl1_lif/numerator_reg[23]_i_7__11/O
                         net (fo=1, routed)           0.000     1.929    u_accel/gen_nn_fractional.u_accel/gen_hl1_lif[16].hl1_lif/numerator_reg[23]_i_7__11_n_0
    SLICE_X15Y152        CARRY4 (Prop_carry4_S[2]_O[2])
                                                      0.066     1.995 r  u_accel/gen_nn_fractional.u_accel/gen_hl1_lif[16].hl1_lif/numerator_reg_reg[23]_i_1__11/O[2]
                         net (fo=1, routed)           0.000     1.995    u_accel/gen_nn_fractional.u_accel/gen_hl1_lif[16].hl1_lif/numerator_reg_reg[23]_i_1__11_n_5
    SLICE_X15Y152        FDCE                                         r  u_accel/gen_nn_fractional.u_accel/gen_hl1_lif[16].hl1_lif/numerator_reg_reg[22]/D
  -------------------------------------------------------------------    -------------------

                         (clock sys_clk_pin rise edge)
                                                      0.000     0.000 r  
    E3                                                0.000     0.000 r  CLK100MHZ (IN)
                         net (fo=0)                   0.000     0.000    CLK100MHZ
    E3                   IBUF (Prop_ibuf_I_O)         0.438     0.438 r  CLK100MHZ_IBUF_inst/O
                         net (fo=1, routed)           0.699     1.136    CLK100MHZ_IBUF
    BUFGCTRL_X0Y16       BUFG (Prop_bufg_I_O)         0.029     1.165 r  CLK100MHZ_IBUF_BUFG_inst/O
                         net (fo=20673, routed)       0.927     2.092    u_accel/gen_nn_fractional.u_accel/gen_hl1_lif[16].hl1_lif/CLK100MHZ_IBUF_BUFG
    SLICE_X15Y152        FDCE                                         r  u_accel/gen_nn_fractional.u_accel/gen_hl1_lif[16].hl1_lif/numerator_reg_reg[22]/C
                         clock pessimism             -0.250     1.842    
    SLICE_X15Y152        FDCE (Hold_fdce_C_D)         0.105     1.947    u_accel/gen_nn_fractional.u_accel/gen_hl1_lif[16].hl1_lif/numerator_reg_reg[22]
  -------------------------------------------------------------------
                         required time                         -1.947    
                         arrival time                           1.995    
  -------------------------------------------------------------------
                         slack                                  0.049    

Slack (MET) :             0.050ns  (arrival time - required time)
  Source:                 u_accel/gen_nn_fractional.u_accel/gen_hl1_lif[3].hl1_lif/mul_scaled_result_reg_reg[37]/C
                            (rising edge-triggered cell FDCE clocked by sys_clk_pin  {rise@0.000ns fall@5.000ns period=10.000ns})
  Destination:            u_accel/gen_nn_fractional.u_accel/gen_hl1_lif[3].hl1_lif/membrane_pre_reset_reg_reg[21]/D
                            (rising edge-triggered cell FDCE clocked by sys_clk_pin  {rise@0.000ns fall@5.000ns period=10.000ns})
  Path Group:             sys_clk_pin
  Path Type:              Hold (Min at Fast Process Corner)
  Requirement:            0.000ns  (sys_clk_pin rise@0.000ns - sys_clk_pin rise@0.000ns)
  Data Path Delay:        0.423ns  (logic 0.212ns (50.095%)  route 0.211ns (49.905%))
  Logic Levels:           1  (LUT2=1)
  Clock Path Skew:        0.266ns (DCD - SCD - CPR)
    Destination Clock Delay (DCD):    1.999ns
    Source Clock Delay      (SCD):    1.482ns
    Clock Pessimism Removal (CPR):    0.250ns

    Location             Delay type                Incr(ns)  Path(ns)    Netlist Resource(s)
  -------------------------------------------------------------------    -------------------
                         (clock sys_clk_pin rise edge)
                                                      0.000     0.000 r  
    E3                                                0.000     0.000 r  CLK100MHZ (IN)
                         net (fo=0)                   0.000     0.000    CLK100MHZ
    E3                   IBUF (Prop_ibuf_I_O)         0.250     0.250 r  CLK100MHZ_IBUF_inst/O
                         net (fo=1, routed)           0.644     0.894    CLK100MHZ_IBUF
    BUFGCTRL_X0Y16       BUFG (Prop_bufg_I_O)         0.026     0.920 r  CLK100MHZ_IBUF_BUFG_inst/O
                         net (fo=20673, routed)       0.563     1.482    u_accel/gen_nn_fractional.u_accel/gen_hl1_lif[3].hl1_lif/CLK100MHZ_IBUF_BUFG
    SLICE_X56Y60         FDCE                                         r  u_accel/gen_nn_fractional.u_accel/gen_hl1_lif[3].hl1_lif/mul_scaled_result_reg_reg[37]/C
  -------------------------------------------------------------------    -------------------
    SLICE_X56Y60         FDCE (Prop_fdce_C_Q)         0.164     1.646 r  u_accel/gen_nn_fractional.u_accel/gen_hl1_lif[3].hl1_lif/mul_scaled_result_reg_reg[37]/Q
                         net (fo=1, routed)           0.211     1.858    u_accel/gen_nn_fractional.u_accel/gen_hl1_lif[3].hl1_lif/mul_scaled_result_reg_reg_n_0_[37]
    SLICE_X51Y59         LUT2 (Prop_lut2_I0_O)        0.048     1.906 r  u_accel/gen_nn_fractional.u_accel/gen_hl1_lif[3].hl1_lif/membrane_pre_reset_reg[21]_i_1__27/O
                         net (fo=1, routed)           0.000     1.906    u_accel/gen_nn_fractional.u_accel/gen_hl1_lif[3].hl1_lif/membrane_pre_reset_reg[21]_i_1__27_n_0
    SLICE_X51Y59         FDCE                                         r  u_accel/gen_nn_fractional.u_accel/gen_hl1_lif[3].hl1_lif/membrane_pre_reset_reg_reg[21]/D
  -------------------------------------------------------------------    -------------------

                         (clock sys_clk_pin rise edge)
                                                      0.000     0.000 r  
    E3                                                0.000     0.000 r  CLK100MHZ (IN)
                         net (fo=0)                   0.000     0.000    CLK100MHZ
    E3                   IBUF (Prop_ibuf_I_O)         0.438     0.438 r  CLK100MHZ_IBUF_inst/O
                         net (fo=1, routed)           0.699     1.136    CLK100MHZ_IBUF
    BUFGCTRL_X0Y16       BUFG (Prop_bufg_I_O)         0.029     1.165 r  CLK100MHZ_IBUF_BUFG_inst/O
                         net (fo=20673, routed)       0.834     1.999    u_accel/gen_nn_fractional.u_accel/gen_hl1_lif[3].hl1_lif/CLK100MHZ_IBUF_BUFG
    SLICE_X51Y59         FDCE                                         r  u_accel/gen_nn_fractional.u_accel/gen_hl1_lif[3].hl1_lif/membrane_pre_reset_reg_reg[21]/C
                         clock pessimism             -0.250     1.748    
    SLICE_X51Y59         FDCE (Hold_fdce_C_D)         0.107     1.855    u_accel/gen_nn_fractional.u_accel/gen_hl1_lif[3].hl1_lif/membrane_pre_reset_reg_reg[21]
  -------------------------------------------------------------------
                         required time                         -1.855    
                         arrival time                           1.906    
  -------------------------------------------------------------------
                         slack                                  0.050    

Slack (MET) :             0.051ns  (arrival time - required time)
  Source:                 u_accel/gen_nn_fractional.u_accel/gen_hl1_lif[3].hl1_lif/mul_scaled_result_reg_reg[49]/C
                            (rising edge-triggered cell FDCE clocked by sys_clk_pin  {rise@0.000ns fall@5.000ns period=10.000ns})
  Destination:            u_accel/gen_nn_fractional.u_accel/gen_hl1_lif[3].hl1_lif/membrane_pre_reset_reg_reg[33]/D
                            (rising edge-triggered cell FDCE clocked by sys_clk_pin  {rise@0.000ns fall@5.000ns period=10.000ns})
  Path Group:             sys_clk_pin
  Path Type:              Hold (Min at Fast Process Corner)
  Requirement:            0.000ns  (sys_clk_pin rise@0.000ns - sys_clk_pin rise@0.000ns)
  Data Path Delay:        0.423ns  (logic 0.212ns (50.095%)  route 0.211ns (49.905%))
  Logic Levels:           1  (LUT2=1)
  Clock Path Skew:        0.265ns (DCD - SCD - CPR)
    Destination Clock Delay (DCD):    1.996ns
    Source Clock Delay      (SCD):    1.480ns
    Clock Pessimism Removal (CPR):    0.250ns

    Location             Delay type                Incr(ns)  Path(ns)    Netlist Resource(s)
  -------------------------------------------------------------------    -------------------
                         (clock sys_clk_pin rise edge)
                                                      0.000     0.000 r  
    E3                                                0.000     0.000 r  CLK100MHZ (IN)
                         net (fo=0)                   0.000     0.000    CLK100MHZ
    E3                   IBUF (Prop_ibuf_I_O)         0.250     0.250 r  CLK100MHZ_IBUF_inst/O
                         net (fo=1, routed)           0.644     0.894    CLK100MHZ_IBUF
    BUFGCTRL_X0Y16       BUFG (Prop_bufg_I_O)         0.026     0.920 r  CLK100MHZ_IBUF_BUFG_inst/O
                         net (fo=20673, routed)       0.561     1.480    u_accel/gen_nn_fractional.u_accel/gen_hl1_lif[3].hl1_lif/CLK100MHZ_IBUF_BUFG
    SLICE_X56Y63         FDCE                                         r  u_accel/gen_nn_fractional.u_accel/gen_hl1_lif[3].hl1_lif/mul_scaled_result_reg_reg[49]/C
  -------------------------------------------------------------------    -------------------
    SLICE_X56Y63         FDCE (Prop_fdce_C_Q)         0.164     1.644 r  u_accel/gen_nn_fractional.u_accel/gen_hl1_lif[3].hl1_lif/mul_scaled_result_reg_reg[49]/Q
                         net (fo=1, routed)           0.211     1.856    u_accel/gen_nn_fractional.u_accel/gen_hl1_lif[3].hl1_lif/mul_scaled_result_reg_reg_n_0_[49]
    SLICE_X51Y62         LUT2 (Prop_lut2_I0_O)        0.048     1.904 r  u_accel/gen_nn_fractional.u_accel/gen_hl1_lif[3].hl1_lif/membrane_pre_reset_reg[33]_i_1__27/O
                         net (fo=1, routed)           0.000     1.904    u_accel/gen_nn_fractional.u_accel/gen_hl1_lif[3].hl1_lif/membrane_pre_reset_reg[33]_i_1__27_n_0
    SLICE_X51Y62         FDCE                                         r  u_accel/gen_nn_fractional.u_accel/gen_hl1_lif[3].hl1_lif/membrane_pre_reset_reg_reg[33]/D
  -------------------------------------------------------------------    -------------------

                         (clock sys_clk_pin rise edge)
                                                      0.000     0.000 r  
    E3                                                0.000     0.000 r  CLK100MHZ (IN)
                         net (fo=0)                   0.000     0.000    CLK100MHZ
    E3                   IBUF (Prop_ibuf_I_O)         0.438     0.438 r  CLK100MHZ_IBUF_inst/O
                         net (fo=1, routed)           0.699     1.136    CLK100MHZ_IBUF
    BUFGCTRL_X0Y16       BUFG (Prop_bufg_I_O)         0.029     1.165 r  CLK100MHZ_IBUF_BUFG_inst/O
                         net (fo=20673, routed)       0.831     1.996    u_accel/gen_nn_fractional.u_accel/gen_hl1_lif[3].hl1_lif/CLK100MHZ_IBUF_BUFG
    SLICE_X51Y62         FDCE                                         r  u_accel/gen_nn_fractional.u_accel/gen_hl1_lif[3].hl1_lif/membrane_pre_reset_reg_reg[33]/C
                         clock pessimism             -0.250     1.745    
    SLICE_X51Y62         FDCE (Hold_fdce_C_D)         0.107     1.852    u_accel/gen_nn_fractional.u_accel/gen_hl1_lif[3].hl1_lif/membrane_pre_reset_reg_reg[33]
  -------------------------------------------------------------------
                         required time                         -1.852    
                         arrival time                           1.904    
  -------------------------------------------------------------------
                         slack                                  0.051    





Pulse Width Checks
--------------------------------------------------------------------------------------
Clock Name:         sys_clk_pin
Waveform(ns):       { 0.000 5.000 }
Period(ns):         10.000
Sources:            { CLK100MHZ }

Check Type        Corner  Lib Pin      Reference Pin  Required(ns)  Actual(ns)  Slack(ns)  Location        Pin
Min Period        n/a     BUFG/I       n/a            2.155         10.000      7.845      BUFGCTRL_X0Y16  CLK100MHZ_IBUF_BUFG_inst/I
Min Period        n/a     DSP48E1/CLK  n/a            2.154         10.000      7.846      DSP48_X1Y7      u_accel/gen_nn_fractional.u_accel/q_accum/p_0_out/CLK
Min Period        n/a     DSP48E1/CLK  n/a            2.154         10.000      7.846      DSP48_X1Y3      u_accel/gen_nn_fractional.u_accel/q_accum/p_0_out__0/CLK
Min Period        n/a     DSP48E1/CLK  n/a            2.154         10.000      7.846      DSP48_X0Y4      u_accel/gen_nn_fractional.u_accel/q_accum/p_0_out__1/CLK
Min Period        n/a     DSP48E1/CLK  n/a            2.154         10.000      7.846      DSP48_X0Y5      u_accel/gen_nn_fractional.u_accel/q_accum/p_0_out__2/CLK
Min Period        n/a     DSP48E1/CLK  n/a            2.154         10.000      7.846      DSP48_X1Y8      u_accel/gen_nn_fractional.u_accel/q_accum/p_0_out__3/CLK
Min Period        n/a     DSP48E1/CLK  n/a            2.154         10.000      7.846      DSP48_X1Y6      u_accel/gen_nn_fractional.u_accel/q_accum/p_0_out__4/CLK
Min Period        n/a     DSP48E1/CLK  n/a            2.154         10.000      7.846      DSP48_X1Y4      u_accel/gen_nn_fractional.u_accel/q_accum/p_0_out__5/CLK
Min Period        n/a     DSP48E1/CLK  n/a            2.154         10.000      7.846      DSP48_X1Y5      u_accel/gen_nn_fractional.u_accel/q_accum/p_0_out__6/CLK
Min Period        n/a     FDCE/C       n/a            1.000         10.000      9.000      SLICE_X40Y71    action_q_reg/C
Low Pulse Width   Slow    FDCE/C       n/a            0.500         5.000       4.500      SLICE_X40Y71    action_q_reg/C
Low Pulse Width   Fast    FDCE/C       n/a            0.500         5.000       4.500      SLICE_X40Y71    action_q_reg/C
Low Pulse Width   Slow    FDRE/C       n/a            0.500         5.000       4.500      SLICE_X0Y51     heartbeat_count_reg[0]/C
Low Pulse Width   Fast    FDRE/C       n/a            0.500         5.000       4.500      SLICE_X0Y51     heartbeat_count_reg[0]/C
Low Pulse Width   Slow    FDRE/C       n/a            0.500         5.000       4.500      SLICE_X0Y53     heartbeat_count_reg[10]/C
Low Pulse Width   Fast    FDRE/C       n/a            0.500         5.000       4.500      SLICE_X0Y53     heartbeat_count_reg[10]/C
Low Pulse Width   Slow    FDRE/C       n/a            0.500         5.000       4.500      SLICE_X0Y53     heartbeat_count_reg[11]/C
Low Pulse Width   Fast    FDRE/C       n/a            0.500         5.000       4.500      SLICE_X0Y53     heartbeat_count_reg[11]/C
Low Pulse Width   Slow    FDRE/C       n/a            0.500         5.000       4.500      SLICE_X0Y54     heartbeat_count_reg[12]/C
Low Pulse Width   Fast    FDRE/C       n/a            0.500         5.000       4.500      SLICE_X0Y54     heartbeat_count_reg[12]/C
High Pulse Width  Slow    FDCE/C       n/a            0.500         5.000       4.500      SLICE_X40Y71    action_q_reg/C
High Pulse Width  Fast    FDCE/C       n/a            0.500         5.000       4.500      SLICE_X40Y71    action_q_reg/C
High Pulse Width  Slow    FDRE/C       n/a            0.500         5.000       4.500      SLICE_X0Y51     heartbeat_count_reg[0]/C
High Pulse Width  Fast    FDRE/C       n/a            0.500         5.000       4.500      SLICE_X0Y51     heartbeat_count_reg[0]/C
High Pulse Width  Slow    FDRE/C       n/a            0.500         5.000       4.500      SLICE_X0Y53     heartbeat_count_reg[10]/C
High Pulse Width  Fast    FDRE/C       n/a            0.500         5.000       4.500      SLICE_X0Y53     heartbeat_count_reg[10]/C
High Pulse Width  Slow    FDRE/C       n/a            0.500         5.000       4.500      SLICE_X0Y53     heartbeat_count_reg[11]/C
High Pulse Width  Fast    FDRE/C       n/a            0.500         5.000       4.500      SLICE_X0Y53     heartbeat_count_reg[11]/C
High Pulse Width  Slow    FDRE/C       n/a            0.500         5.000       4.500      SLICE_X0Y54     heartbeat_count_reg[12]/C
High Pulse Width  Fast    FDRE/C       n/a            0.500         5.000       4.500      SLICE_X0Y54     heartbeat_count_reg[12]/C



--------------------------------------------------------------------------------------
Path Group:  (none)
From Clock:  sys_clk_pin
  To Clock:  

Max Delay             4 Endpoints
Min Delay             4 Endpoints
--------------------------------------------------------------------------------------


Max Delay Paths
--------------------------------------------------------------------------------------
Slack:                    inf
  Source:                 u_accel/u_uart_tx/tx_reg/C
                            (rising edge-triggered cell FDPE clocked by sys_clk_pin  {rise@0.000ns fall@5.000ns period=10.000ns})
  Destination:            UART_RXD_OUT
                            (output port)
  Path Group:             (none)
  Path Type:              Max at Slow Process Corner
  Data Path Delay:        9.230ns  (logic 4.073ns (44.131%)  route 5.157ns (55.869%))
  Logic Levels:           1  (OBUF=1)
  Clock Uncertainty:      0.025ns  ((TSJ^2 + TIJ^2)^1/2 + DJ) / 2 + PE
    Total System Jitter     (TSJ):    0.050ns
    Total Input Jitter      (TIJ):    0.000ns
    Discrete Jitter          (DJ):    0.000ns
    Phase Error              (PE):    0.000ns

    Location             Delay type                Incr(ns)  Path(ns)    Netlist Resource(s)
  -------------------------------------------------------------------    -------------------
                         (clock sys_clk_pin rise edge)
                                                      0.000     0.000 r  
    E3                                                0.000     0.000 r  CLK100MHZ (IN)
                         net (fo=0)                   0.000     0.000    CLK100MHZ
    E3                   IBUF (Prop_ibuf_I_O)         1.482     1.482 r  CLK100MHZ_IBUF_inst/O
                         net (fo=1, routed)           2.025     3.506    CLK100MHZ_IBUF
    BUFGCTRL_X0Y16       BUFG (Prop_bufg_I_O)         0.096     3.602 r  CLK100MHZ_IBUF_BUFG_inst/O
                         net (fo=20673, routed)       1.636     5.239    u_accel/u_uart_tx/CLK100MHZ_IBUF_BUFG
    SLICE_X34Y62         FDPE                                         r  u_accel/u_uart_tx/tx_reg/C
  -------------------------------------------------------------------    -------------------
    SLICE_X34Y62         FDPE (Prop_fdpe_C_Q)         0.518     5.757 r  u_accel/u_uart_tx/tx_reg/Q
                         net (fo=1, routed)           5.157    10.913    UART_RXD_OUT_OBUF
    D4                   OBUF (Prop_obuf_I_O)         3.555    14.469 r  UART_RXD_OUT_OBUF_inst/O
                         net (fo=0)                   0.000    14.469    UART_RXD_OUT
    D4                                                                r  UART_RXD_OUT (OUT)
  -------------------------------------------------------------------    -------------------

Slack:                    inf
  Source:                 u_accel/accel_busy_reg/C
                            (rising edge-triggered cell FDCE clocked by sys_clk_pin  {rise@0.000ns fall@5.000ns period=10.000ns})
  Destination:            LED[0]
                            (output port)
  Path Group:             (none)
  Path Type:              Max at Slow Process Corner
  Data Path Delay:        7.712ns  (logic 3.976ns (51.559%)  route 3.736ns (48.441%))
  Logic Levels:           1  (OBUF=1)
  Clock Uncertainty:      0.025ns  ((TSJ^2 + TIJ^2)^1/2 + DJ) / 2 + PE
    Total System Jitter     (TSJ):    0.050ns
    Total Input Jitter      (TIJ):    0.000ns
    Discrete Jitter          (DJ):    0.000ns
    Phase Error              (PE):    0.000ns

    Location             Delay type                Incr(ns)  Path(ns)    Netlist Resource(s)
  -------------------------------------------------------------------    -------------------
                         (clock sys_clk_pin rise edge)
                                                      0.000     0.000 r  
    E3                                                0.000     0.000 r  CLK100MHZ (IN)
                         net (fo=0)                   0.000     0.000    CLK100MHZ
    E3                   IBUF (Prop_ibuf_I_O)         1.482     1.482 r  CLK100MHZ_IBUF_inst/O
                         net (fo=1, routed)           2.025     3.506    CLK100MHZ_IBUF
    BUFGCTRL_X0Y16       BUFG (Prop_bufg_I_O)         0.096     3.602 r  CLK100MHZ_IBUF_BUFG_inst/O
                         net (fo=20673, routed)       1.632     5.235    u_accel/CLK100MHZ_IBUF_BUFG
    SLICE_X41Y65         FDCE                                         r  u_accel/accel_busy_reg/C
  -------------------------------------------------------------------    -------------------
    SLICE_X41Y65         FDCE (Prop_fdce_C_Q)         0.456     5.691 r  u_accel/accel_busy_reg/Q
                         net (fo=18, routed)          3.736     9.427    LED_OBUF[0]
    H17                  OBUF (Prop_obuf_I_O)         3.520    12.947 r  LED_OBUF[0]_inst/O
                         net (fo=0)                   0.000    12.947    LED[0]
    H17                                                               r  LED[0] (OUT)
  -------------------------------------------------------------------    -------------------

Slack:                    inf
  Source:                 action_q_reg/C
                            (rising edge-triggered cell FDCE clocked by sys_clk_pin  {rise@0.000ns fall@5.000ns period=10.000ns})
  Destination:            LED[1]
                            (output port)
  Path Group:             (none)
  Path Type:              Max at Slow Process Corner
  Data Path Delay:        7.603ns  (logic 3.991ns (52.494%)  route 3.612ns (47.506%))
  Logic Levels:           1  (OBUF=1)
  Clock Uncertainty:      0.025ns  ((TSJ^2 + TIJ^2)^1/2 + DJ) / 2 + PE
    Total System Jitter     (TSJ):    0.050ns
    Total Input Jitter      (TIJ):    0.000ns
    Discrete Jitter          (DJ):    0.000ns
    Phase Error              (PE):    0.000ns

    Location             Delay type                Incr(ns)  Path(ns)    Netlist Resource(s)
  -------------------------------------------------------------------    -------------------
                         (clock sys_clk_pin rise edge)
                                                      0.000     0.000 r  
    E3                                                0.000     0.000 r  CLK100MHZ (IN)
                         net (fo=0)                   0.000     0.000    CLK100MHZ
    E3                   IBUF (Prop_ibuf_I_O)         1.482     1.482 r  CLK100MHZ_IBUF_inst/O
                         net (fo=1, routed)           2.025     3.506    CLK100MHZ_IBUF
    BUFGCTRL_X0Y16       BUFG (Prop_bufg_I_O)         0.096     3.602 r  CLK100MHZ_IBUF_BUFG_inst/O
                         net (fo=20673, routed)       1.625     5.228    CLK100MHZ_IBUF_BUFG
    SLICE_X40Y71         FDCE                                         r  action_q_reg/C
  -------------------------------------------------------------------    -------------------
    SLICE_X40Y71         FDCE (Prop_fdce_C_Q)         0.456     5.684 r  action_q_reg/Q
                         net (fo=1, routed)           3.612     9.296    LED_OBUF[1]
    K15                  OBUF (Prop_obuf_I_O)         3.535    12.831 r  LED_OBUF[1]_inst/O
                         net (fo=0)                   0.000    12.831    LED[1]
    K15                                                               r  LED[1] (OUT)
  -------------------------------------------------------------------    -------------------

Slack:                    inf
  Source:                 heartbeat_count_reg[24]/C
                            (rising edge-triggered cell FDRE clocked by sys_clk_pin  {rise@0.000ns fall@5.000ns period=10.000ns})
  Destination:            LED[15]
                            (output port)
  Path Group:             (none)
  Path Type:              Max at Slow Process Corner
  Data Path Delay:        5.572ns  (logic 4.025ns (72.236%)  route 1.547ns (27.764%))
  Logic Levels:           1  (OBUF=1)
  Clock Uncertainty:      0.025ns  ((TSJ^2 + TIJ^2)^1/2 + DJ) / 2 + PE
    Total System Jitter     (TSJ):    0.050ns
    Total Input Jitter      (TIJ):    0.000ns
    Discrete Jitter          (DJ):    0.000ns
    Phase Error              (PE):    0.000ns

    Location             Delay type                Incr(ns)  Path(ns)    Netlist Resource(s)
  -------------------------------------------------------------------    -------------------
                         (clock sys_clk_pin rise edge)
                                                      0.000     0.000 r  
    E3                                                0.000     0.000 r  CLK100MHZ (IN)
                         net (fo=0)                   0.000     0.000    CLK100MHZ
    E3                   IBUF (Prop_ibuf_I_O)         1.482     1.482 r  CLK100MHZ_IBUF_inst/O
                         net (fo=1, routed)           2.025     3.506    CLK100MHZ_IBUF
    BUFGCTRL_X0Y16       BUFG (Prop_bufg_I_O)         0.096     3.602 r  CLK100MHZ_IBUF_BUFG_inst/O
                         net (fo=20673, routed)       1.724     5.327    CLK100MHZ_IBUF_BUFG
    SLICE_X0Y57          FDRE                                         r  heartbeat_count_reg[24]/C
  -------------------------------------------------------------------    -------------------
    SLICE_X0Y57          FDRE (Prop_fdre_C_Q)         0.456     5.783 r  heartbeat_count_reg[24]/Q
                         net (fo=2, routed)           1.547     7.330    LED_OBUF[15]
    V11                  OBUF (Prop_obuf_I_O)         3.569    10.899 r  LED_OBUF[15]_inst/O
                         net (fo=0)                   0.000    10.899    LED[15]
    V11                                                               r  LED[15] (OUT)
  -------------------------------------------------------------------    -------------------





Min Delay Paths
--------------------------------------------------------------------------------------
Slack:                    inf
  Source:                 heartbeat_count_reg[24]/C
                            (rising edge-triggered cell FDRE clocked by sys_clk_pin  {rise@0.000ns fall@5.000ns period=10.000ns})
  Destination:            LED[15]
                            (output port)
  Path Group:             (none)
  Path Type:              Min at Fast Process Corner
  Data Path Delay:        1.710ns  (logic 1.410ns (82.462%)  route 0.300ns (17.538%))
  Logic Levels:           1  (OBUF=1)
  Clock Uncertainty:      0.025ns  ((TSJ^2 + TIJ^2)^1/2 + DJ) / 2 + PE
    Total System Jitter     (TSJ):    0.050ns
    Total Input Jitter      (TIJ):    0.000ns
    Discrete Jitter          (DJ):    0.000ns
    Phase Error              (PE):    0.000ns

    Location             Delay type                Incr(ns)  Path(ns)    Netlist Resource(s)
  -------------------------------------------------------------------    -------------------
                         (clock sys_clk_pin rise edge)
                                                      0.000     0.000 r  
    E3                                                0.000     0.000 r  CLK100MHZ (IN)
                         net (fo=0)                   0.000     0.000    CLK100MHZ
    E3                   IBUF (Prop_ibuf_I_O)         0.250     0.250 r  CLK100MHZ_IBUF_inst/O
                         net (fo=1, routed)           0.644     0.894    CLK100MHZ_IBUF
    BUFGCTRL_X0Y16       BUFG (Prop_bufg_I_O)         0.026     0.920 r  CLK100MHZ_IBUF_BUFG_inst/O
                         net (fo=20673, routed)       0.603     1.522    CLK100MHZ_IBUF_BUFG
    SLICE_X0Y57          FDRE                                         r  heartbeat_count_reg[24]/C
  -------------------------------------------------------------------    -------------------
    SLICE_X0Y57          FDRE (Prop_fdre_C_Q)         0.141     1.663 r  heartbeat_count_reg[24]/Q
                         net (fo=2, routed)           0.300     1.963    LED_OBUF[15]
    V11                  OBUF (Prop_obuf_I_O)         1.269     3.233 r  LED_OBUF[15]_inst/O
                         net (fo=0)                   0.000     3.233    LED[15]
    V11                                                               r  LED[15] (OUT)
  -------------------------------------------------------------------    -------------------

Slack:                    inf
  Source:                 action_q_reg/C
                            (rising edge-triggered cell FDCE clocked by sys_clk_pin  {rise@0.000ns fall@5.000ns period=10.000ns})
  Destination:            LED[1]
                            (output port)
  Path Group:             (none)
  Path Type:              Min at Fast Process Corner
  Data Path Delay:        2.645ns  (logic 1.377ns (52.063%)  route 1.268ns (47.937%))
  Logic Levels:           1  (OBUF=1)
  Clock Uncertainty:      0.025ns  ((TSJ^2 + TIJ^2)^1/2 + DJ) / 2 + PE
    Total System Jitter     (TSJ):    0.050ns
    Total Input Jitter      (TIJ):    0.000ns
    Discrete Jitter          (DJ):    0.000ns
    Phase Error              (PE):    0.000ns

    Location             Delay type                Incr(ns)  Path(ns)    Netlist Resource(s)
  -------------------------------------------------------------------    -------------------
                         (clock sys_clk_pin rise edge)
                                                      0.000     0.000 r  
    E3                                                0.000     0.000 r  CLK100MHZ (IN)
                         net (fo=0)                   0.000     0.000    CLK100MHZ
    E3                   IBUF (Prop_ibuf_I_O)         0.250     0.250 r  CLK100MHZ_IBUF_inst/O
                         net (fo=1, routed)           0.644     0.894    CLK100MHZ_IBUF
    BUFGCTRL_X0Y16       BUFG (Prop_bufg_I_O)         0.026     0.920 r  CLK100MHZ_IBUF_BUFG_inst/O
                         net (fo=20673, routed)       0.558     1.477    CLK100MHZ_IBUF_BUFG
    SLICE_X40Y71         FDCE                                         r  action_q_reg/C
  -------------------------------------------------------------------    -------------------
    SLICE_X40Y71         FDCE (Prop_fdce_C_Q)         0.141     1.618 r  action_q_reg/Q
                         net (fo=1, routed)           1.268     2.886    LED_OBUF[1]
    K15                  OBUF (Prop_obuf_I_O)         1.236     4.122 r  LED_OBUF[1]_inst/O
                         net (fo=0)                   0.000     4.122    LED[1]
    K15                                                               r  LED[1] (OUT)
  -------------------------------------------------------------------    -------------------

Slack:                    inf
  Source:                 u_accel/accel_busy_reg/C
                            (rising edge-triggered cell FDCE clocked by sys_clk_pin  {rise@0.000ns fall@5.000ns period=10.000ns})
  Destination:            LED[0]
                            (output port)
  Path Group:             (none)
  Path Type:              Min at Fast Process Corner
  Data Path Delay:        2.644ns  (logic 1.362ns (51.522%)  route 1.282ns (48.478%))
  Logic Levels:           1  (OBUF=1)
  Clock Uncertainty:      0.025ns  ((TSJ^2 + TIJ^2)^1/2 + DJ) / 2 + PE
    Total System Jitter     (TSJ):    0.050ns
    Total Input Jitter      (TIJ):    0.000ns
    Discrete Jitter          (DJ):    0.000ns
    Phase Error              (PE):    0.000ns

    Location             Delay type                Incr(ns)  Path(ns)    Netlist Resource(s)
  -------------------------------------------------------------------    -------------------
                         (clock sys_clk_pin rise edge)
                                                      0.000     0.000 r  
    E3                                                0.000     0.000 r  CLK100MHZ (IN)
                         net (fo=0)                   0.000     0.000    CLK100MHZ
    E3                   IBUF (Prop_ibuf_I_O)         0.250     0.250 r  CLK100MHZ_IBUF_inst/O
                         net (fo=1, routed)           0.644     0.894    CLK100MHZ_IBUF
    BUFGCTRL_X0Y16       BUFG (Prop_bufg_I_O)         0.026     0.920 r  CLK100MHZ_IBUF_BUFG_inst/O
                         net (fo=20673, routed)       0.564     1.483    u_accel/CLK100MHZ_IBUF_BUFG
    SLICE_X41Y65         FDCE                                         r  u_accel/accel_busy_reg/C
  -------------------------------------------------------------------    -------------------
    SLICE_X41Y65         FDCE (Prop_fdce_C_Q)         0.141     1.624 r  u_accel/accel_busy_reg/Q
                         net (fo=18, routed)          1.282     2.906    LED_OBUF[0]
    H17                  OBUF (Prop_obuf_I_O)         1.221     4.128 r  LED_OBUF[0]_inst/O
                         net (fo=0)                   0.000     4.128    LED[0]
    H17                                                               r  LED[0] (OUT)
  -------------------------------------------------------------------    -------------------

Slack:                    inf
  Source:                 u_accel/u_uart_tx/tx_reg/C
                            (rising edge-triggered cell FDPE clocked by sys_clk_pin  {rise@0.000ns fall@5.000ns period=10.000ns})
  Destination:            UART_RXD_OUT
                            (output port)
  Path Group:             (none)
  Path Type:              Min at Fast Process Corner
  Data Path Delay:        3.407ns  (logic 1.420ns (41.681%)  route 1.987ns (58.319%))
  Logic Levels:           1  (OBUF=1)
  Clock Uncertainty:      0.025ns  ((TSJ^2 + TIJ^2)^1/2 + DJ) / 2 + PE
    Total System Jitter     (TSJ):    0.050ns
    Total Input Jitter      (TIJ):    0.000ns
    Discrete Jitter          (DJ):    0.000ns
    Phase Error              (PE):    0.000ns

    Location             Delay type                Incr(ns)  Path(ns)    Netlist Resource(s)
  -------------------------------------------------------------------    -------------------
                         (clock sys_clk_pin rise edge)
                                                      0.000     0.000 r  
    E3                                                0.000     0.000 r  CLK100MHZ (IN)
                         net (fo=0)                   0.000     0.000    CLK100MHZ
    E3                   IBUF (Prop_ibuf_I_O)         0.250     0.250 r  CLK100MHZ_IBUF_inst/O
                         net (fo=1, routed)           0.644     0.894    CLK100MHZ_IBUF
    BUFGCTRL_X0Y16       BUFG (Prop_bufg_I_O)         0.026     0.920 r  CLK100MHZ_IBUF_BUFG_inst/O
                         net (fo=20673, routed)       0.567     1.486    u_accel/u_uart_tx/CLK100MHZ_IBUF_BUFG
    SLICE_X34Y62         FDPE                                         r  u_accel/u_uart_tx/tx_reg/C
  -------------------------------------------------------------------    -------------------
    SLICE_X34Y62         FDPE (Prop_fdpe_C_Q)         0.164     1.650 r  u_accel/u_uart_tx/tx_reg/Q
                         net (fo=1, routed)           1.987     3.637    UART_RXD_OUT_OBUF
    D4                   OBUF (Prop_obuf_I_O)         1.256     4.893 r  UART_RXD_OUT_OBUF_inst/O
                         net (fo=0)                   0.000     4.893    UART_RXD_OUT
    D4                                                                r  UART_RXD_OUT (OUT)
  -------------------------------------------------------------------    -------------------





--------------------------------------------------------------------------------------
Path Group:  (none)
From Clock:  
  To Clock:  sys_clk_pin

Max Delay         20715 Endpoints
Min Delay         20715 Endpoints
--------------------------------------------------------------------------------------


Max Delay Paths
--------------------------------------------------------------------------------------
Slack:                    inf
  Source:                 CPU_RESETN
                            (input port)
  Destination:            u_accel/gen_nn_fractional.u_accel/gen_hl2[6].hl2_lif/mul_scaled_result_reg_reg[41]/CLR
                            (recovery check against rising-edge clock sys_clk_pin  {rise@0.000ns fall@5.000ns period=10.000ns})
  Path Group:             (none)
  Path Type:              Recovery (Max at Slow Process Corner)
  Data Path Delay:        13.836ns  (logic 1.631ns (11.788%)  route 12.205ns (88.212%))
  Logic Levels:           2  (IBUF=1 LUT1=1)
  Clock Path Skew:        5.150ns (DCD - SCD + CPR)
    Destination Clock Delay (DCD):    5.150ns
    Source Clock Delay      (SCD):    0.000ns
    Clock Pessimism Removal (CPR):    0.000ns
  Clock Uncertainty:      0.025ns  ((TSJ^2 + TIJ^2)^1/2 + DJ) / 2 + PE
    Total System Jitter     (TSJ):    0.050ns
    Total Input Jitter      (TIJ):    0.000ns
    Discrete Jitter          (DJ):    0.000ns
    Phase Error              (PE):    0.000ns

    Location             Delay type                Incr(ns)  Path(ns)    Netlist Resource(s)
  -------------------------------------------------------------------    -------------------
    C12                                               0.000     0.000 r  CPU_RESETN (IN)
                         net (fo=0)                   0.000     0.000    CPU_RESETN
    C12                  IBUF (Prop_ibuf_I_O)         1.507     1.507 r  CPU_RESETN_IBUF_inst/O
                         net (fo=24, routed)          2.099     3.606    u_accel/gen_nn_fractional.u_accel/fc1/CPU_RESETN_IBUF
    SLICE_X2Y119         LUT1 (Prop_lut1_I0_O)        0.124     3.730 f  u_accel/gen_nn_fractional.u_accel/fc1/FSM_onehot_state[2]_i_2__0/O
                         net (fo=20505, routed)      10.106    13.836    u_accel/gen_nn_fractional.u_accel/gen_hl2[6].hl2_lif/spike_prev_reg_0
    SLICE_X79Y2          FDCE                                         f  u_accel/gen_nn_fractional.u_accel/gen_hl2[6].hl2_lif/mul_scaled_result_reg_reg[41]/CLR
  -------------------------------------------------------------------    -------------------

                         (clock sys_clk_pin rise edge)
                                                      0.000     0.000 r  
    E3                                                0.000     0.000 r  CLK100MHZ (IN)
                         net (fo=0)                   0.000     0.000    CLK100MHZ
    E3                   IBUF (Prop_ibuf_I_O)         1.411     1.411 r  CLK100MHZ_IBUF_inst/O
                         net (fo=1, routed)           1.920     3.331    CLK100MHZ_IBUF
    BUFGCTRL_X0Y16       BUFG (Prop_bufg_I_O)         0.091     3.422 r  CLK100MHZ_IBUF_BUFG_inst/O
                         net (fo=20673, routed)       1.728     5.150    u_accel/gen_nn_fractional.u_accel/gen_hl2[6].hl2_lif/CLK100MHZ_IBUF_BUFG
    SLICE_X79Y2          FDCE                                         r  u_accel/gen_nn_fractional.u_accel/gen_hl2[6].hl2_lif/mul_scaled_result_reg_reg[41]/C

Slack:                    inf
  Source:                 CPU_RESETN
                            (input port)
  Destination:            u_accel/gen_nn_fractional.u_accel/gen_hl2[6].hl2_lif/mul_scaled_result_reg_reg[42]/CLR
                            (recovery check against rising-edge clock sys_clk_pin  {rise@0.000ns fall@5.000ns period=10.000ns})
  Path Group:             (none)
  Path Type:              Recovery (Max at Slow Process Corner)
  Data Path Delay:        13.836ns  (logic 1.631ns (11.788%)  route 12.205ns (88.212%))
  Logic Levels:           2  (IBUF=1 LUT1=1)
  Clock Path Skew:        5.150ns (DCD - SCD + CPR)
    Destination Clock Delay (DCD):    5.150ns
    Source Clock Delay      (SCD):    0.000ns
    Clock Pessimism Removal (CPR):    0.000ns
  Clock Uncertainty:      0.025ns  ((TSJ^2 + TIJ^2)^1/2 + DJ) / 2 + PE
    Total System Jitter     (TSJ):    0.050ns
    Total Input Jitter      (TIJ):    0.000ns
    Discrete Jitter          (DJ):    0.000ns
    Phase Error              (PE):    0.000ns

    Location             Delay type                Incr(ns)  Path(ns)    Netlist Resource(s)
  -------------------------------------------------------------------    -------------------
    C12                                               0.000     0.000 r  CPU_RESETN (IN)
                         net (fo=0)                   0.000     0.000    CPU_RESETN
    C12                  IBUF (Prop_ibuf_I_O)         1.507     1.507 r  CPU_RESETN_IBUF_inst/O
                         net (fo=24, routed)          2.099     3.606    u_accel/gen_nn_fractional.u_accel/fc1/CPU_RESETN_IBUF
    SLICE_X2Y119         LUT1 (Prop_lut1_I0_O)        0.124     3.730 f  u_accel/gen_nn_fractional.u_accel/fc1/FSM_onehot_state[2]_i_2__0/O
                         net (fo=20505, routed)      10.106    13.836    u_accel/gen_nn_fractional.u_accel/gen_hl2[6].hl2_lif/spike_prev_reg_0
    SLICE_X79Y2          FDCE                                         f  u_accel/gen_nn_fractional.u_accel/gen_hl2[6].hl2_lif/mul_scaled_result_reg_reg[42]/CLR
  -------------------------------------------------------------------    -------------------

                         (clock sys_clk_pin rise edge)
                                                      0.000     0.000 r  
    E3                                                0.000     0.000 r  CLK100MHZ (IN)
                         net (fo=0)                   0.000     0.000    CLK100MHZ
    E3                   IBUF (Prop_ibuf_I_O)         1.411     1.411 r  CLK100MHZ_IBUF_inst/O
                         net (fo=1, routed)           1.920     3.331    CLK100MHZ_IBUF
    BUFGCTRL_X0Y16       BUFG (Prop_bufg_I_O)         0.091     3.422 r  CLK100MHZ_IBUF_BUFG_inst/O
                         net (fo=20673, routed)       1.728     5.150    u_accel/gen_nn_fractional.u_accel/gen_hl2[6].hl2_lif/CLK100MHZ_IBUF_BUFG
    SLICE_X79Y2          FDCE                                         r  u_accel/gen_nn_fractional.u_accel/gen_hl2[6].hl2_lif/mul_scaled_result_reg_reg[42]/C

Slack:                    inf
  Source:                 CPU_RESETN
                            (input port)
  Destination:            u_accel/gen_nn_fractional.u_accel/gen_hl2[6].hl2_lif/mul_scaled_result_reg_reg[43]/CLR
                            (recovery check against rising-edge clock sys_clk_pin  {rise@0.000ns fall@5.000ns period=10.000ns})
  Path Group:             (none)
  Path Type:              Recovery (Max at Slow Process Corner)
  Data Path Delay:        13.836ns  (logic 1.631ns (11.788%)  route 12.205ns (88.212%))
  Logic Levels:           2  (IBUF=1 LUT1=1)
  Clock Path Skew:        5.150ns (DCD - SCD + CPR)
    Destination Clock Delay (DCD):    5.150ns
    Source Clock Delay      (SCD):    0.000ns
    Clock Pessimism Removal (CPR):    0.000ns
  Clock Uncertainty:      0.025ns  ((TSJ^2 + TIJ^2)^1/2 + DJ) / 2 + PE
    Total System Jitter     (TSJ):    0.050ns
    Total Input Jitter      (TIJ):    0.000ns
    Discrete Jitter          (DJ):    0.000ns
    Phase Error              (PE):    0.000ns

    Location             Delay type                Incr(ns)  Path(ns)    Netlist Resource(s)
  -------------------------------------------------------------------    -------------------
    C12                                               0.000     0.000 r  CPU_RESETN (IN)
                         net (fo=0)                   0.000     0.000    CPU_RESETN
    C12                  IBUF (Prop_ibuf_I_O)         1.507     1.507 r  CPU_RESETN_IBUF_inst/O
                         net (fo=24, routed)          2.099     3.606    u_accel/gen_nn_fractional.u_accel/fc1/CPU_RESETN_IBUF
    SLICE_X2Y119         LUT1 (Prop_lut1_I0_O)        0.124     3.730 f  u_accel/gen_nn_fractional.u_accel/fc1/FSM_onehot_state[2]_i_2__0/O
                         net (fo=20505, routed)      10.106    13.836    u_accel/gen_nn_fractional.u_accel/gen_hl2[6].hl2_lif/spike_prev_reg_0
    SLICE_X79Y2          FDCE                                         f  u_accel/gen_nn_fractional.u_accel/gen_hl2[6].hl2_lif/mul_scaled_result_reg_reg[43]/CLR
  -------------------------------------------------------------------    -------------------

                         (clock sys_clk_pin rise edge)
                                                      0.000     0.000 r  
    E3                                                0.000     0.000 r  CLK100MHZ (IN)
                         net (fo=0)                   0.000     0.000    CLK100MHZ
    E3                   IBUF (Prop_ibuf_I_O)         1.411     1.411 r  CLK100MHZ_IBUF_inst/O
                         net (fo=1, routed)           1.920     3.331    CLK100MHZ_IBUF
    BUFGCTRL_X0Y16       BUFG (Prop_bufg_I_O)         0.091     3.422 r  CLK100MHZ_IBUF_BUFG_inst/O
                         net (fo=20673, routed)       1.728     5.150    u_accel/gen_nn_fractional.u_accel/gen_hl2[6].hl2_lif/CLK100MHZ_IBUF_BUFG
    SLICE_X79Y2          FDCE                                         r  u_accel/gen_nn_fractional.u_accel/gen_hl2[6].hl2_lif/mul_scaled_result_reg_reg[43]/C

Slack:                    inf
  Source:                 CPU_RESETN
                            (input port)
  Destination:            u_accel/gen_nn_fractional.u_accel/gen_hl2[6].hl2_lif/mul_scaled_result_reg_reg[44]/CLR
                            (recovery check against rising-edge clock sys_clk_pin  {rise@0.000ns fall@5.000ns period=10.000ns})
  Path Group:             (none)
  Path Type:              Recovery (Max at Slow Process Corner)
  Data Path Delay:        13.836ns  (logic 1.631ns (11.788%)  route 12.205ns (88.212%))
  Logic Levels:           2  (IBUF=1 LUT1=1)
  Clock Path Skew:        5.150ns (DCD - SCD + CPR)
    Destination Clock Delay (DCD):    5.150ns
    Source Clock Delay      (SCD):    0.000ns
    Clock Pessimism Removal (CPR):    0.000ns
  Clock Uncertainty:      0.025ns  ((TSJ^2 + TIJ^2)^1/2 + DJ) / 2 + PE
    Total System Jitter     (TSJ):    0.050ns
    Total Input Jitter      (TIJ):    0.000ns
    Discrete Jitter          (DJ):    0.000ns
    Phase Error              (PE):    0.000ns

    Location             Delay type                Incr(ns)  Path(ns)    Netlist Resource(s)
  -------------------------------------------------------------------    -------------------
    C12                                               0.000     0.000 r  CPU_RESETN (IN)
                         net (fo=0)                   0.000     0.000    CPU_RESETN
    C12                  IBUF (Prop_ibuf_I_O)         1.507     1.507 r  CPU_RESETN_IBUF_inst/O
                         net (fo=24, routed)          2.099     3.606    u_accel/gen_nn_fractional.u_accel/fc1/CPU_RESETN_IBUF
    SLICE_X2Y119         LUT1 (Prop_lut1_I0_O)        0.124     3.730 f  u_accel/gen_nn_fractional.u_accel/fc1/FSM_onehot_state[2]_i_2__0/O
                         net (fo=20505, routed)      10.106    13.836    u_accel/gen_nn_fractional.u_accel/gen_hl2[6].hl2_lif/spike_prev_reg_0
    SLICE_X79Y2          FDCE                                         f  u_accel/gen_nn_fractional.u_accel/gen_hl2[6].hl2_lif/mul_scaled_result_reg_reg[44]/CLR
  -------------------------------------------------------------------    -------------------

                         (clock sys_clk_pin rise edge)
                                                      0.000     0.000 r  
    E3                                                0.000     0.000 r  CLK100MHZ (IN)
                         net (fo=0)                   0.000     0.000    CLK100MHZ
    E3                   IBUF (Prop_ibuf_I_O)         1.411     1.411 r  CLK100MHZ_IBUF_inst/O
                         net (fo=1, routed)           1.920     3.331    CLK100MHZ_IBUF
    BUFGCTRL_X0Y16       BUFG (Prop_bufg_I_O)         0.091     3.422 r  CLK100MHZ_IBUF_BUFG_inst/O
                         net (fo=20673, routed)       1.728     5.150    u_accel/gen_nn_fractional.u_accel/gen_hl2[6].hl2_lif/CLK100MHZ_IBUF_BUFG
    SLICE_X79Y2          FDCE                                         r  u_accel/gen_nn_fractional.u_accel/gen_hl2[6].hl2_lif/mul_scaled_result_reg_reg[44]/C

Slack:                    inf
  Source:                 CPU_RESETN
                            (input port)
  Destination:            u_accel/gen_nn_fractional.u_accel/gen_hl2[6].hl2_lif/numerator_reg_reg[10]/CLR
                            (recovery check against rising-edge clock sys_clk_pin  {rise@0.000ns fall@5.000ns period=10.000ns})
  Path Group:             (none)
  Path Type:              Recovery (Max at Slow Process Corner)
  Data Path Delay:        13.836ns  (logic 1.631ns (11.788%)  route 12.205ns (88.212%))
  Logic Levels:           2  (IBUF=1 LUT1=1)
  Clock Path Skew:        5.150ns (DCD - SCD + CPR)
    Destination Clock Delay (DCD):    5.150ns
    Source Clock Delay      (SCD):    0.000ns
    Clock Pessimism Removal (CPR):    0.000ns
  Clock Uncertainty:      0.025ns  ((TSJ^2 + TIJ^2)^1/2 + DJ) / 2 + PE
    Total System Jitter     (TSJ):    0.050ns
    Total Input Jitter      (TIJ):    0.000ns
    Discrete Jitter          (DJ):    0.000ns
    Phase Error              (PE):    0.000ns

    Location             Delay type                Incr(ns)  Path(ns)    Netlist Resource(s)
  -------------------------------------------------------------------    -------------------
    C12                                               0.000     0.000 r  CPU_RESETN (IN)
                         net (fo=0)                   0.000     0.000    CPU_RESETN
    C12                  IBUF (Prop_ibuf_I_O)         1.507     1.507 r  CPU_RESETN_IBUF_inst/O
                         net (fo=24, routed)          2.099     3.606    u_accel/gen_nn_fractional.u_accel/fc1/CPU_RESETN_IBUF
    SLICE_X2Y119         LUT1 (Prop_lut1_I0_O)        0.124     3.730 f  u_accel/gen_nn_fractional.u_accel/fc1/FSM_onehot_state[2]_i_2__0/O
                         net (fo=20505, routed)      10.106    13.836    u_accel/gen_nn_fractional.u_accel/gen_hl2[6].hl2_lif/spike_prev_reg_0
    SLICE_X78Y2          FDCE                                         f  u_accel/gen_nn_fractional.u_accel/gen_hl2[6].hl2_lif/numerator_reg_reg[10]/CLR
  -------------------------------------------------------------------    -------------------

                         (clock sys_clk_pin rise edge)
                                                      0.000     0.000 r  
    E3                                                0.000     0.000 r  CLK100MHZ (IN)
                         net (fo=0)                   0.000     0.000    CLK100MHZ
    E3                   IBUF (Prop_ibuf_I_O)         1.411     1.411 r  CLK100MHZ_IBUF_inst/O
                         net (fo=1, routed)           1.920     3.331    CLK100MHZ_IBUF
    BUFGCTRL_X0Y16       BUFG (Prop_bufg_I_O)         0.091     3.422 r  CLK100MHZ_IBUF_BUFG_inst/O
                         net (fo=20673, routed)       1.728     5.150    u_accel/gen_nn_fractional.u_accel/gen_hl2[6].hl2_lif/CLK100MHZ_IBUF_BUFG
    SLICE_X78Y2          FDCE                                         r  u_accel/gen_nn_fractional.u_accel/gen_hl2[6].hl2_lif/numerator_reg_reg[10]/C

Slack:                    inf
  Source:                 CPU_RESETN
                            (input port)
  Destination:            u_accel/gen_nn_fractional.u_accel/gen_hl2[6].hl2_lif/numerator_reg_reg[11]/CLR
                            (recovery check against rising-edge clock sys_clk_pin  {rise@0.000ns fall@5.000ns period=10.000ns})
  Path Group:             (none)
  Path Type:              Recovery (Max at Slow Process Corner)
  Data Path Delay:        13.836ns  (logic 1.631ns (11.788%)  route 12.205ns (88.212%))
  Logic Levels:           2  (IBUF=1 LUT1=1)
  Clock Path Skew:        5.150ns (DCD - SCD + CPR)
    Destination Clock Delay (DCD):    5.150ns
    Source Clock Delay      (SCD):    0.000ns
    Clock Pessimism Removal (CPR):    0.000ns
  Clock Uncertainty:      0.025ns  ((TSJ^2 + TIJ^2)^1/2 + DJ) / 2 + PE
    Total System Jitter     (TSJ):    0.050ns
    Total Input Jitter      (TIJ):    0.000ns
    Discrete Jitter          (DJ):    0.000ns
    Phase Error              (PE):    0.000ns

    Location             Delay type                Incr(ns)  Path(ns)    Netlist Resource(s)
  -------------------------------------------------------------------    -------------------
    C12                                               0.000     0.000 r  CPU_RESETN (IN)
                         net (fo=0)                   0.000     0.000    CPU_RESETN
    C12                  IBUF (Prop_ibuf_I_O)         1.507     1.507 r  CPU_RESETN_IBUF_inst/O
                         net (fo=24, routed)          2.099     3.606    u_accel/gen_nn_fractional.u_accel/fc1/CPU_RESETN_IBUF
    SLICE_X2Y119         LUT1 (Prop_lut1_I0_O)        0.124     3.730 f  u_accel/gen_nn_fractional.u_accel/fc1/FSM_onehot_state[2]_i_2__0/O
                         net (fo=20505, routed)      10.106    13.836    u_accel/gen_nn_fractional.u_accel/gen_hl2[6].hl2_lif/spike_prev_reg_0
    SLICE_X78Y2          FDCE                                         f  u_accel/gen_nn_fractional.u_accel/gen_hl2[6].hl2_lif/numerator_reg_reg[11]/CLR
  -------------------------------------------------------------------    -------------------

                         (clock sys_clk_pin rise edge)
                                                      0.000     0.000 r  
    E3                                                0.000     0.000 r  CLK100MHZ (IN)
                         net (fo=0)                   0.000     0.000    CLK100MHZ
    E3                   IBUF (Prop_ibuf_I_O)         1.411     1.411 r  CLK100MHZ_IBUF_inst/O
                         net (fo=1, routed)           1.920     3.331    CLK100MHZ_IBUF
    BUFGCTRL_X0Y16       BUFG (Prop_bufg_I_O)         0.091     3.422 r  CLK100MHZ_IBUF_BUFG_inst/O
                         net (fo=20673, routed)       1.728     5.150    u_accel/gen_nn_fractional.u_accel/gen_hl2[6].hl2_lif/CLK100MHZ_IBUF_BUFG
    SLICE_X78Y2          FDCE                                         r  u_accel/gen_nn_fractional.u_accel/gen_hl2[6].hl2_lif/numerator_reg_reg[11]/C

Slack:                    inf
  Source:                 CPU_RESETN
                            (input port)
  Destination:            u_accel/gen_nn_fractional.u_accel/gen_hl2[6].hl2_lif/numerator_reg_reg[8]/CLR
                            (recovery check against rising-edge clock sys_clk_pin  {rise@0.000ns fall@5.000ns period=10.000ns})
  Path Group:             (none)
  Path Type:              Recovery (Max at Slow Process Corner)
  Data Path Delay:        13.836ns  (logic 1.631ns (11.788%)  route 12.205ns (88.212%))
  Logic Levels:           2  (IBUF=1 LUT1=1)
  Clock Path Skew:        5.150ns (DCD - SCD + CPR)
    Destination Clock Delay (DCD):    5.150ns
    Source Clock Delay      (SCD):    0.000ns
    Clock Pessimism Removal (CPR):    0.000ns
  Clock Uncertainty:      0.025ns  ((TSJ^2 + TIJ^2)^1/2 + DJ) / 2 + PE
    Total System Jitter     (TSJ):    0.050ns
    Total Input Jitter      (TIJ):    0.000ns
    Discrete Jitter          (DJ):    0.000ns
    Phase Error              (PE):    0.000ns

    Location             Delay type                Incr(ns)  Path(ns)    Netlist Resource(s)
  -------------------------------------------------------------------    -------------------
    C12                                               0.000     0.000 r  CPU_RESETN (IN)
                         net (fo=0)                   0.000     0.000    CPU_RESETN
    C12                  IBUF (Prop_ibuf_I_O)         1.507     1.507 r  CPU_RESETN_IBUF_inst/O
                         net (fo=24, routed)          2.099     3.606    u_accel/gen_nn_fractional.u_accel/fc1/CPU_RESETN_IBUF
    SLICE_X2Y119         LUT1 (Prop_lut1_I0_O)        0.124     3.730 f  u_accel/gen_nn_fractional.u_accel/fc1/FSM_onehot_state[2]_i_2__0/O
                         net (fo=20505, routed)      10.106    13.836    u_accel/gen_nn_fractional.u_accel/gen_hl2[6].hl2_lif/spike_prev_reg_0
    SLICE_X78Y2          FDCE                                         f  u_accel/gen_nn_fractional.u_accel/gen_hl2[6].hl2_lif/numerator_reg_reg[8]/CLR
  -------------------------------------------------------------------    -------------------

                         (clock sys_clk_pin rise edge)
                                                      0.000     0.000 r  
    E3                                                0.000     0.000 r  CLK100MHZ (IN)
                         net (fo=0)                   0.000     0.000    CLK100MHZ
    E3                   IBUF (Prop_ibuf_I_O)         1.411     1.411 r  CLK100MHZ_IBUF_inst/O
                         net (fo=1, routed)           1.920     3.331    CLK100MHZ_IBUF
    BUFGCTRL_X0Y16       BUFG (Prop_bufg_I_O)         0.091     3.422 r  CLK100MHZ_IBUF_BUFG_inst/O
                         net (fo=20673, routed)       1.728     5.150    u_accel/gen_nn_fractional.u_accel/gen_hl2[6].hl2_lif/CLK100MHZ_IBUF_BUFG
    SLICE_X78Y2          FDCE                                         r  u_accel/gen_nn_fractional.u_accel/gen_hl2[6].hl2_lif/numerator_reg_reg[8]/C

Slack:                    inf
  Source:                 CPU_RESETN
                            (input port)
  Destination:            u_accel/gen_nn_fractional.u_accel/gen_hl2[6].hl2_lif/numerator_reg_reg[9]/CLR
                            (recovery check against rising-edge clock sys_clk_pin  {rise@0.000ns fall@5.000ns period=10.000ns})
  Path Group:             (none)
  Path Type:              Recovery (Max at Slow Process Corner)
  Data Path Delay:        13.836ns  (logic 1.631ns (11.788%)  route 12.205ns (88.212%))
  Logic Levels:           2  (IBUF=1 LUT1=1)
  Clock Path Skew:        5.150ns (DCD - SCD + CPR)
    Destination Clock Delay (DCD):    5.150ns
    Source Clock Delay      (SCD):    0.000ns
    Clock Pessimism Removal (CPR):    0.000ns
  Clock Uncertainty:      0.025ns  ((TSJ^2 + TIJ^2)^1/2 + DJ) / 2 + PE
    Total System Jitter     (TSJ):    0.050ns
    Total Input Jitter      (TIJ):    0.000ns
    Discrete Jitter          (DJ):    0.000ns
    Phase Error              (PE):    0.000ns

    Location             Delay type                Incr(ns)  Path(ns)    Netlist Resource(s)
  -------------------------------------------------------------------    -------------------
    C12                                               0.000     0.000 r  CPU_RESETN (IN)
                         net (fo=0)                   0.000     0.000    CPU_RESETN
    C12                  IBUF (Prop_ibuf_I_O)         1.507     1.507 r  CPU_RESETN_IBUF_inst/O
                         net (fo=24, routed)          2.099     3.606    u_accel/gen_nn_fractional.u_accel/fc1/CPU_RESETN_IBUF
    SLICE_X2Y119         LUT1 (Prop_lut1_I0_O)        0.124     3.730 f  u_accel/gen_nn_fractional.u_accel/fc1/FSM_onehot_state[2]_i_2__0/O
                         net (fo=20505, routed)      10.106    13.836    u_accel/gen_nn_fractional.u_accel/gen_hl2[6].hl2_lif/spike_prev_reg_0
    SLICE_X78Y2          FDCE                                         f  u_accel/gen_nn_fractional.u_accel/gen_hl2[6].hl2_lif/numerator_reg_reg[9]/CLR
  -------------------------------------------------------------------    -------------------

                         (clock sys_clk_pin rise edge)
                                                      0.000     0.000 r  
    E3                                                0.000     0.000 r  CLK100MHZ (IN)
                         net (fo=0)                   0.000     0.000    CLK100MHZ
    E3                   IBUF (Prop_ibuf_I_O)         1.411     1.411 r  CLK100MHZ_IBUF_inst/O
                         net (fo=1, routed)           1.920     3.331    CLK100MHZ_IBUF
    BUFGCTRL_X0Y16       BUFG (Prop_bufg_I_O)         0.091     3.422 r  CLK100MHZ_IBUF_BUFG_inst/O
                         net (fo=20673, routed)       1.728     5.150    u_accel/gen_nn_fractional.u_accel/gen_hl2[6].hl2_lif/CLK100MHZ_IBUF_BUFG
    SLICE_X78Y2          FDCE                                         r  u_accel/gen_nn_fractional.u_accel/gen_hl2[6].hl2_lif/numerator_reg_reg[9]/C

Slack:                    inf
  Source:                 CPU_RESETN
                            (input port)
  Destination:            u_accel/gen_nn_fractional.u_accel/gen_hl2[6].hl2_lif/membrane_pre_reset_reg_reg[18]/CLR
                            (recovery check against rising-edge clock sys_clk_pin  {rise@0.000ns fall@5.000ns period=10.000ns})
  Path Group:             (none)
  Path Type:              Recovery (Max at Slow Process Corner)
  Data Path Delay:        13.789ns  (logic 1.631ns (11.828%)  route 12.158ns (88.172%))
  Logic Levels:           2  (IBUF=1 LUT1=1)
  Clock Path Skew:        5.149ns (DCD - SCD + CPR)
    Destination Clock Delay (DCD):    5.149ns
    Source Clock Delay      (SCD):    0.000ns
    Clock Pessimism Removal (CPR):    0.000ns
  Clock Uncertainty:      0.025ns  ((TSJ^2 + TIJ^2)^1/2 + DJ) / 2 + PE
    Total System Jitter     (TSJ):    0.050ns
    Total Input Jitter      (TIJ):    0.000ns
    Discrete Jitter          (DJ):    0.000ns
    Phase Error              (PE):    0.000ns

    Location             Delay type                Incr(ns)  Path(ns)    Netlist Resource(s)
  -------------------------------------------------------------------    -------------------
    C12                                               0.000     0.000 r  CPU_RESETN (IN)
                         net (fo=0)                   0.000     0.000    CPU_RESETN
    C12                  IBUF (Prop_ibuf_I_O)         1.507     1.507 r  CPU_RESETN_IBUF_inst/O
                         net (fo=24, routed)          2.099     3.606    u_accel/gen_nn_fractional.u_accel/fc1/CPU_RESETN_IBUF
    SLICE_X2Y119         LUT1 (Prop_lut1_I0_O)        0.124     3.730 f  u_accel/gen_nn_fractional.u_accel/fc1/FSM_onehot_state[2]_i_2__0/O
                         net (fo=20505, routed)      10.059    13.789    u_accel/gen_nn_fractional.u_accel/gen_hl2[6].hl2_lif/spike_prev_reg_0
    SLICE_X76Y1          FDCE                                         f  u_accel/gen_nn_fractional.u_accel/gen_hl2[6].hl2_lif/membrane_pre_reset_reg_reg[18]/CLR
  -------------------------------------------------------------------    -------------------

                         (clock sys_clk_pin rise edge)
                                                      0.000     0.000 r  
    E3                                                0.000     0.000 r  CLK100MHZ (IN)
                         net (fo=0)                   0.000     0.000    CLK100MHZ
    E3                   IBUF (Prop_ibuf_I_O)         1.411     1.411 r  CLK100MHZ_IBUF_inst/O
                         net (fo=1, routed)           1.920     3.331    CLK100MHZ_IBUF
    BUFGCTRL_X0Y16       BUFG (Prop_bufg_I_O)         0.091     3.422 r  CLK100MHZ_IBUF_BUFG_inst/O
                         net (fo=20673, routed)       1.727     5.149    u_accel/gen_nn_fractional.u_accel/gen_hl2[6].hl2_lif/CLK100MHZ_IBUF_BUFG
    SLICE_X76Y1          FDCE                                         r  u_accel/gen_nn_fractional.u_accel/gen_hl2[6].hl2_lif/membrane_pre_reset_reg_reg[18]/C

Slack:                    inf
  Source:                 CPU_RESETN
                            (input port)
  Destination:            u_accel/gen_nn_fractional.u_accel/gen_hl2[6].hl2_lif/membrane_pre_reset_reg_reg[19]/CLR
                            (recovery check against rising-edge clock sys_clk_pin  {rise@0.000ns fall@5.000ns period=10.000ns})
  Path Group:             (none)
  Path Type:              Recovery (Max at Slow Process Corner)
  Data Path Delay:        13.789ns  (logic 1.631ns (11.828%)  route 12.158ns (88.172%))
  Logic Levels:           2  (IBUF=1 LUT1=1)
  Clock Path Skew:        5.149ns (DCD - SCD + CPR)
    Destination Clock Delay (DCD):    5.149ns
    Source Clock Delay      (SCD):    0.000ns
    Clock Pessimism Removal (CPR):    0.000ns
  Clock Uncertainty:      0.025ns  ((TSJ^2 + TIJ^2)^1/2 + DJ) / 2 + PE
    Total System Jitter     (TSJ):    0.050ns
    Total Input Jitter      (TIJ):    0.000ns
    Discrete Jitter          (DJ):    0.000ns
    Phase Error              (PE):    0.000ns

    Location             Delay type                Incr(ns)  Path(ns)    Netlist Resource(s)
  -------------------------------------------------------------------    -------------------
    C12                                               0.000     0.000 r  CPU_RESETN (IN)
                         net (fo=0)                   0.000     0.000    CPU_RESETN
    C12                  IBUF (Prop_ibuf_I_O)         1.507     1.507 r  CPU_RESETN_IBUF_inst/O
                         net (fo=24, routed)          2.099     3.606    u_accel/gen_nn_fractional.u_accel/fc1/CPU_RESETN_IBUF
    SLICE_X2Y119         LUT1 (Prop_lut1_I0_O)        0.124     3.730 f  u_accel/gen_nn_fractional.u_accel/fc1/FSM_onehot_state[2]_i_2__0/O
                         net (fo=20505, routed)      10.059    13.789    u_accel/gen_nn_fractional.u_accel/gen_hl2[6].hl2_lif/spike_prev_reg_0
    SLICE_X76Y1          FDCE                                         f  u_accel/gen_nn_fractional.u_accel/gen_hl2[6].hl2_lif/membrane_pre_reset_reg_reg[19]/CLR
  -------------------------------------------------------------------    -------------------

                         (clock sys_clk_pin rise edge)
                                                      0.000     0.000 r  
    E3                                                0.000     0.000 r  CLK100MHZ (IN)
                         net (fo=0)                   0.000     0.000    CLK100MHZ
    E3                   IBUF (Prop_ibuf_I_O)         1.411     1.411 r  CLK100MHZ_IBUF_inst/O
                         net (fo=1, routed)           1.920     3.331    CLK100MHZ_IBUF
    BUFGCTRL_X0Y16       BUFG (Prop_bufg_I_O)         0.091     3.422 r  CLK100MHZ_IBUF_BUFG_inst/O
                         net (fo=20673, routed)       1.727     5.149    u_accel/gen_nn_fractional.u_accel/gen_hl2[6].hl2_lif/CLK100MHZ_IBUF_BUFG
    SLICE_X76Y1          FDCE                                         r  u_accel/gen_nn_fractional.u_accel/gen_hl2[6].hl2_lif/membrane_pre_reset_reg_reg[19]/C





Min Delay Paths
--------------------------------------------------------------------------------------
Slack:                    inf
  Source:                 CPU_RESETN
                            (input port)
  Destination:            u_accel/gen_nn_fractional.u_accel/gen_hl1_lif[0].hl1_lif/history_buffer_reg[2][18]/CLR
                            (removal check against rising-edge clock sys_clk_pin  {rise@0.000ns fall@5.000ns period=10.000ns})
  Path Group:             (none)
  Path Type:              Removal (Min at Fast Process Corner)
  Data Path Delay:        1.566ns  (logic 0.320ns (20.411%)  route 1.246ns (79.589%))
  Logic Levels:           2  (IBUF=1 LUT1=1)
  Clock Path Skew:        2.024ns (DCD - SCD - CPR)
    Destination Clock Delay (DCD):    2.024ns
    Source Clock Delay      (SCD):    0.000ns
    Clock Pessimism Removal (CPR):    -0.000ns

    Location             Delay type                Incr(ns)  Path(ns)    Netlist Resource(s)
  -------------------------------------------------------------------    -------------------
    C12                                               0.000     0.000 r  CPU_RESETN (IN)
                         net (fo=0)                   0.000     0.000    CPU_RESETN
    C12                  IBUF (Prop_ibuf_I_O)         0.275     0.275 r  CPU_RESETN_IBUF_inst/O
                         net (fo=24, routed)          0.834     1.108    u_accel/gen_nn_fractional.u_accel/fc1/CPU_RESETN_IBUF
    SLICE_X2Y119         LUT1 (Prop_lut1_I0_O)        0.045     1.153 f  u_accel/gen_nn_fractional.u_accel/fc1/FSM_onehot_state[2]_i_2__0/O
                         net (fo=20505, routed)       0.412     1.566    u_accel/gen_nn_fractional.u_accel/gen_hl1_lif[0].hl1_lif/spike_prev_reg_0
    SLICE_X2Y128         FDCE                                         f  u_accel/gen_nn_fractional.u_accel/gen_hl1_lif[0].hl1_lif/history_buffer_reg[2][18]/CLR
  -------------------------------------------------------------------    -------------------

                         (clock sys_clk_pin rise edge)
                                                      0.000     0.000 r  
    E3                                                0.000     0.000 r  CLK100MHZ (IN)
                         net (fo=0)                   0.000     0.000    CLK100MHZ
    E3                   IBUF (Prop_ibuf_I_O)         0.438     0.438 r  CLK100MHZ_IBUF_inst/O
                         net (fo=1, routed)           0.699     1.136    CLK100MHZ_IBUF
    BUFGCTRL_X0Y16       BUFG (Prop_bufg_I_O)         0.029     1.165 r  CLK100MHZ_IBUF_BUFG_inst/O
                         net (fo=20673, routed)       0.859     2.024    u_accel/gen_nn_fractional.u_accel/gen_hl1_lif[0].hl1_lif/CLK100MHZ_IBUF_BUFG
    SLICE_X2Y128         FDCE                                         r  u_accel/gen_nn_fractional.u_accel/gen_hl1_lif[0].hl1_lif/history_buffer_reg[2][18]/C

Slack:                    inf
  Source:                 CPU_RESETN
                            (input port)
  Destination:            u_accel/gen_nn_fractional.u_accel/gen_hl1_lif[0].hl1_lif/history_buffer_reg[2][3]/CLR
                            (removal check against rising-edge clock sys_clk_pin  {rise@0.000ns fall@5.000ns period=10.000ns})
  Path Group:             (none)
  Path Type:              Removal (Min at Fast Process Corner)
  Data Path Delay:        1.566ns  (logic 0.320ns (20.411%)  route 1.246ns (79.589%))
  Logic Levels:           2  (IBUF=1 LUT1=1)
  Clock Path Skew:        2.024ns (DCD - SCD - CPR)
    Destination Clock Delay (DCD):    2.024ns
    Source Clock Delay      (SCD):    0.000ns
    Clock Pessimism Removal (CPR):    -0.000ns

    Location             Delay type                Incr(ns)  Path(ns)    Netlist Resource(s)
  -------------------------------------------------------------------    -------------------
    C12                                               0.000     0.000 r  CPU_RESETN (IN)
                         net (fo=0)                   0.000     0.000    CPU_RESETN
    C12                  IBUF (Prop_ibuf_I_O)         0.275     0.275 r  CPU_RESETN_IBUF_inst/O
                         net (fo=24, routed)          0.834     1.108    u_accel/gen_nn_fractional.u_accel/fc1/CPU_RESETN_IBUF
    SLICE_X2Y119         LUT1 (Prop_lut1_I0_O)        0.045     1.153 f  u_accel/gen_nn_fractional.u_accel/fc1/FSM_onehot_state[2]_i_2__0/O
                         net (fo=20505, routed)       0.412     1.566    u_accel/gen_nn_fractional.u_accel/gen_hl1_lif[0].hl1_lif/spike_prev_reg_0
    SLICE_X2Y128         FDCE                                         f  u_accel/gen_nn_fractional.u_accel/gen_hl1_lif[0].hl1_lif/history_buffer_reg[2][3]/CLR
  -------------------------------------------------------------------    -------------------

                         (clock sys_clk_pin rise edge)
                                                      0.000     0.000 r  
    E3                                                0.000     0.000 r  CLK100MHZ (IN)
                         net (fo=0)                   0.000     0.000    CLK100MHZ
    E3                   IBUF (Prop_ibuf_I_O)         0.438     0.438 r  CLK100MHZ_IBUF_inst/O
                         net (fo=1, routed)           0.699     1.136    CLK100MHZ_IBUF
    BUFGCTRL_X0Y16       BUFG (Prop_bufg_I_O)         0.029     1.165 r  CLK100MHZ_IBUF_BUFG_inst/O
                         net (fo=20673, routed)       0.859     2.024    u_accel/gen_nn_fractional.u_accel/gen_hl1_lif[0].hl1_lif/CLK100MHZ_IBUF_BUFG
    SLICE_X2Y128         FDCE                                         r  u_accel/gen_nn_fractional.u_accel/gen_hl1_lif[0].hl1_lif/history_buffer_reg[2][3]/C

Slack:                    inf
  Source:                 CPU_RESETN
                            (input port)
  Destination:            u_accel/gen_nn_fractional.u_accel/gen_hl1_lif[0].hl1_lif/history_buffer_reg[7][18]/CLR
                            (removal check against rising-edge clock sys_clk_pin  {rise@0.000ns fall@5.000ns period=10.000ns})
  Path Group:             (none)
  Path Type:              Removal (Min at Fast Process Corner)
  Data Path Delay:        1.566ns  (logic 0.320ns (20.411%)  route 1.246ns (79.589%))
  Logic Levels:           2  (IBUF=1 LUT1=1)
  Clock Path Skew:        2.024ns (DCD - SCD - CPR)
    Destination Clock Delay (DCD):    2.024ns
    Source Clock Delay      (SCD):    0.000ns
    Clock Pessimism Removal (CPR):    -0.000ns

    Location             Delay type                Incr(ns)  Path(ns)    Netlist Resource(s)
  -------------------------------------------------------------------    -------------------
    C12                                               0.000     0.000 r  CPU_RESETN (IN)
                         net (fo=0)                   0.000     0.000    CPU_RESETN
    C12                  IBUF (Prop_ibuf_I_O)         0.275     0.275 r  CPU_RESETN_IBUF_inst/O
                         net (fo=24, routed)          0.834     1.108    u_accel/gen_nn_fractional.u_accel/fc1/CPU_RESETN_IBUF
    SLICE_X2Y119         LUT1 (Prop_lut1_I0_O)        0.045     1.153 f  u_accel/gen_nn_fractional.u_accel/fc1/FSM_onehot_state[2]_i_2__0/O
                         net (fo=20505, routed)       0.412     1.566    u_accel/gen_nn_fractional.u_accel/gen_hl1_lif[0].hl1_lif/spike_prev_reg_0
    SLICE_X3Y128         FDCE                                         f  u_accel/gen_nn_fractional.u_accel/gen_hl1_lif[0].hl1_lif/history_buffer_reg[7][18]/CLR
  -------------------------------------------------------------------    -------------------

                         (clock sys_clk_pin rise edge)
                                                      0.000     0.000 r  
    E3                                                0.000     0.000 r  CLK100MHZ (IN)
                         net (fo=0)                   0.000     0.000    CLK100MHZ
    E3                   IBUF (Prop_ibuf_I_O)         0.438     0.438 r  CLK100MHZ_IBUF_inst/O
                         net (fo=1, routed)           0.699     1.136    CLK100MHZ_IBUF
    BUFGCTRL_X0Y16       BUFG (Prop_bufg_I_O)         0.029     1.165 r  CLK100MHZ_IBUF_BUFG_inst/O
                         net (fo=20673, routed)       0.859     2.024    u_accel/gen_nn_fractional.u_accel/gen_hl1_lif[0].hl1_lif/CLK100MHZ_IBUF_BUFG
    SLICE_X3Y128         FDCE                                         r  u_accel/gen_nn_fractional.u_accel/gen_hl1_lif[0].hl1_lif/history_buffer_reg[7][18]/C

Slack:                    inf
  Source:                 CPU_RESETN
                            (input port)
  Destination:            u_accel/gen_nn_fractional.u_accel/gen_hl1_lif[0].hl1_lif/history_buffer_reg[7][19]/CLR
                            (removal check against rising-edge clock sys_clk_pin  {rise@0.000ns fall@5.000ns period=10.000ns})
  Path Group:             (none)
  Path Type:              Removal (Min at Fast Process Corner)
  Data Path Delay:        1.566ns  (logic 0.320ns (20.411%)  route 1.246ns (79.589%))
  Logic Levels:           2  (IBUF=1 LUT1=1)
  Clock Path Skew:        2.024ns (DCD - SCD - CPR)
    Destination Clock Delay (DCD):    2.024ns
    Source Clock Delay      (SCD):    0.000ns
    Clock Pessimism Removal (CPR):    -0.000ns

    Location             Delay type                Incr(ns)  Path(ns)    Netlist Resource(s)
  -------------------------------------------------------------------    -------------------
    C12                                               0.000     0.000 r  CPU_RESETN (IN)
                         net (fo=0)                   0.000     0.000    CPU_RESETN
    C12                  IBUF (Prop_ibuf_I_O)         0.275     0.275 r  CPU_RESETN_IBUF_inst/O
                         net (fo=24, routed)          0.834     1.108    u_accel/gen_nn_fractional.u_accel/fc1/CPU_RESETN_IBUF
    SLICE_X2Y119         LUT1 (Prop_lut1_I0_O)        0.045     1.153 f  u_accel/gen_nn_fractional.u_accel/fc1/FSM_onehot_state[2]_i_2__0/O
                         net (fo=20505, routed)       0.412     1.566    u_accel/gen_nn_fractional.u_accel/gen_hl1_lif[0].hl1_lif/spike_prev_reg_0
    SLICE_X3Y128         FDCE                                         f  u_accel/gen_nn_fractional.u_accel/gen_hl1_lif[0].hl1_lif/history_buffer_reg[7][19]/CLR
  -------------------------------------------------------------------    -------------------

                         (clock sys_clk_pin rise edge)
                                                      0.000     0.000 r  
    E3                                                0.000     0.000 r  CLK100MHZ (IN)
                         net (fo=0)                   0.000     0.000    CLK100MHZ
    E3                   IBUF (Prop_ibuf_I_O)         0.438     0.438 r  CLK100MHZ_IBUF_inst/O
                         net (fo=1, routed)           0.699     1.136    CLK100MHZ_IBUF
    BUFGCTRL_X0Y16       BUFG (Prop_bufg_I_O)         0.029     1.165 r  CLK100MHZ_IBUF_BUFG_inst/O
                         net (fo=20673, routed)       0.859     2.024    u_accel/gen_nn_fractional.u_accel/gen_hl1_lif[0].hl1_lif/CLK100MHZ_IBUF_BUFG
    SLICE_X3Y128         FDCE                                         r  u_accel/gen_nn_fractional.u_accel/gen_hl1_lif[0].hl1_lif/history_buffer_reg[7][19]/C

Slack:                    inf
  Source:                 CPU_RESETN
                            (input port)
  Destination:            u_accel/gen_nn_fractional.u_accel/gen_hl1_lif[0].hl1_lif/history_buffer_reg[7][3]/CLR
                            (removal check against rising-edge clock sys_clk_pin  {rise@0.000ns fall@5.000ns period=10.000ns})
  Path Group:             (none)
  Path Type:              Removal (Min at Fast Process Corner)
  Data Path Delay:        1.566ns  (logic 0.320ns (20.411%)  route 1.246ns (79.589%))
  Logic Levels:           2  (IBUF=1 LUT1=1)
  Clock Path Skew:        2.024ns (DCD - SCD - CPR)
    Destination Clock Delay (DCD):    2.024ns
    Source Clock Delay      (SCD):    0.000ns
    Clock Pessimism Removal (CPR):    -0.000ns

    Location             Delay type                Incr(ns)  Path(ns)    Netlist Resource(s)
  -------------------------------------------------------------------    -------------------
    C12                                               0.000     0.000 r  CPU_RESETN (IN)
                         net (fo=0)                   0.000     0.000    CPU_RESETN
    C12                  IBUF (Prop_ibuf_I_O)         0.275     0.275 r  CPU_RESETN_IBUF_inst/O
                         net (fo=24, routed)          0.834     1.108    u_accel/gen_nn_fractional.u_accel/fc1/CPU_RESETN_IBUF
    SLICE_X2Y119         LUT1 (Prop_lut1_I0_O)        0.045     1.153 f  u_accel/gen_nn_fractional.u_accel/fc1/FSM_onehot_state[2]_i_2__0/O
                         net (fo=20505, routed)       0.412     1.566    u_accel/gen_nn_fractional.u_accel/gen_hl1_lif[0].hl1_lif/spike_prev_reg_0
    SLICE_X3Y128         FDCE                                         f  u_accel/gen_nn_fractional.u_accel/gen_hl1_lif[0].hl1_lif/history_buffer_reg[7][3]/CLR
  -------------------------------------------------------------------    -------------------

                         (clock sys_clk_pin rise edge)
                                                      0.000     0.000 r  
    E3                                                0.000     0.000 r  CLK100MHZ (IN)
                         net (fo=0)                   0.000     0.000    CLK100MHZ
    E3                   IBUF (Prop_ibuf_I_O)         0.438     0.438 r  CLK100MHZ_IBUF_inst/O
                         net (fo=1, routed)           0.699     1.136    CLK100MHZ_IBUF
    BUFGCTRL_X0Y16       BUFG (Prop_bufg_I_O)         0.029     1.165 r  CLK100MHZ_IBUF_BUFG_inst/O
                         net (fo=20673, routed)       0.859     2.024    u_accel/gen_nn_fractional.u_accel/gen_hl1_lif[0].hl1_lif/CLK100MHZ_IBUF_BUFG
    SLICE_X3Y128         FDCE                                         r  u_accel/gen_nn_fractional.u_accel/gen_hl1_lif[0].hl1_lif/history_buffer_reg[7][3]/C

Slack:                    inf
  Source:                 CPU_RESETN
                            (input port)
  Destination:            u_accel/gen_nn_fractional.u_accel/gen_hl1_lif[2].hl1_lif/history_buffer_reg[6][12]/CLR
                            (removal check against rising-edge clock sys_clk_pin  {rise@0.000ns fall@5.000ns period=10.000ns})
  Path Group:             (none)
  Path Type:              Removal (Min at Fast Process Corner)
  Data Path Delay:        1.572ns  (logic 0.320ns (20.325%)  route 1.253ns (79.675%))
  Logic Levels:           2  (IBUF=1 LUT1=1)
  Clock Path Skew:        2.031ns (DCD - SCD - CPR)
    Destination Clock Delay (DCD):    2.031ns
    Source Clock Delay      (SCD):    0.000ns
    Clock Pessimism Removal (CPR):    -0.000ns

    Location             Delay type                Incr(ns)  Path(ns)    Netlist Resource(s)
  -------------------------------------------------------------------    -------------------
    C12                                               0.000     0.000 r  CPU_RESETN (IN)
                         net (fo=0)                   0.000     0.000    CPU_RESETN
    C12                  IBUF (Prop_ibuf_I_O)         0.275     0.275 r  CPU_RESETN_IBUF_inst/O
                         net (fo=24, routed)          0.834     1.108    u_accel/gen_nn_fractional.u_accel/fc1/CPU_RESETN_IBUF
    SLICE_X2Y119         LUT1 (Prop_lut1_I0_O)        0.045     1.153 f  u_accel/gen_nn_fractional.u_accel/fc1/FSM_onehot_state[2]_i_2__0/O
                         net (fo=20505, routed)       0.419     1.572    u_accel/gen_nn_fractional.u_accel/gen_hl1_lif[2].hl1_lif/spike_prev_reg_0
    SLICE_X5Y111         FDCE                                         f  u_accel/gen_nn_fractional.u_accel/gen_hl1_lif[2].hl1_lif/history_buffer_reg[6][12]/CLR
  -------------------------------------------------------------------    -------------------

                         (clock sys_clk_pin rise edge)
                                                      0.000     0.000 r  
    E3                                                0.000     0.000 r  CLK100MHZ (IN)
                         net (fo=0)                   0.000     0.000    CLK100MHZ
    E3                   IBUF (Prop_ibuf_I_O)         0.438     0.438 r  CLK100MHZ_IBUF_inst/O
                         net (fo=1, routed)           0.699     1.136    CLK100MHZ_IBUF
    BUFGCTRL_X0Y16       BUFG (Prop_bufg_I_O)         0.029     1.165 r  CLK100MHZ_IBUF_BUFG_inst/O
                         net (fo=20673, routed)       0.866     2.031    u_accel/gen_nn_fractional.u_accel/gen_hl1_lif[2].hl1_lif/CLK100MHZ_IBUF_BUFG
    SLICE_X5Y111         FDCE                                         r  u_accel/gen_nn_fractional.u_accel/gen_hl1_lif[2].hl1_lif/history_buffer_reg[6][12]/C

Slack:                    inf
  Source:                 CPU_RESETN
                            (input port)
  Destination:            u_accel/gen_nn_fractional.u_accel/gen_hl1_lif[2].hl1_lif/history_buffer_reg[6][16]/CLR
                            (removal check against rising-edge clock sys_clk_pin  {rise@0.000ns fall@5.000ns period=10.000ns})
  Path Group:             (none)
  Path Type:              Removal (Min at Fast Process Corner)
  Data Path Delay:        1.572ns  (logic 0.320ns (20.325%)  route 1.253ns (79.675%))
  Logic Levels:           2  (IBUF=1 LUT1=1)
  Clock Path Skew:        2.031ns (DCD - SCD - CPR)
    Destination Clock Delay (DCD):    2.031ns
    Source Clock Delay      (SCD):    0.000ns
    Clock Pessimism Removal (CPR):    -0.000ns

    Location             Delay type                Incr(ns)  Path(ns)    Netlist Resource(s)
  -------------------------------------------------------------------    -------------------
    C12                                               0.000     0.000 r  CPU_RESETN (IN)
                         net (fo=0)                   0.000     0.000    CPU_RESETN
    C12                  IBUF (Prop_ibuf_I_O)         0.275     0.275 r  CPU_RESETN_IBUF_inst/O
                         net (fo=24, routed)          0.834     1.108    u_accel/gen_nn_fractional.u_accel/fc1/CPU_RESETN_IBUF
    SLICE_X2Y119         LUT1 (Prop_lut1_I0_O)        0.045     1.153 f  u_accel/gen_nn_fractional.u_accel/fc1/FSM_onehot_state[2]_i_2__0/O
                         net (fo=20505, routed)       0.419     1.572    u_accel/gen_nn_fractional.u_accel/gen_hl1_lif[2].hl1_lif/spike_prev_reg_0
    SLICE_X5Y111         FDCE                                         f  u_accel/gen_nn_fractional.u_accel/gen_hl1_lif[2].hl1_lif/history_buffer_reg[6][16]/CLR
  -------------------------------------------------------------------    -------------------

                         (clock sys_clk_pin rise edge)
                                                      0.000     0.000 r  
    E3                                                0.000     0.000 r  CLK100MHZ (IN)
                         net (fo=0)                   0.000     0.000    CLK100MHZ
    E3                   IBUF (Prop_ibuf_I_O)         0.438     0.438 r  CLK100MHZ_IBUF_inst/O
                         net (fo=1, routed)           0.699     1.136    CLK100MHZ_IBUF
    BUFGCTRL_X0Y16       BUFG (Prop_bufg_I_O)         0.029     1.165 r  CLK100MHZ_IBUF_BUFG_inst/O
                         net (fo=20673, routed)       0.866     2.031    u_accel/gen_nn_fractional.u_accel/gen_hl1_lif[2].hl1_lif/CLK100MHZ_IBUF_BUFG
    SLICE_X5Y111         FDCE                                         r  u_accel/gen_nn_fractional.u_accel/gen_hl1_lif[2].hl1_lif/history_buffer_reg[6][16]/C

Slack:                    inf
  Source:                 CPU_RESETN
                            (input port)
  Destination:            u_accel/gen_nn_fractional.u_accel/gen_hl1_lif[2].hl1_lif/history_buffer_reg[6][18]/CLR
                            (removal check against rising-edge clock sys_clk_pin  {rise@0.000ns fall@5.000ns period=10.000ns})
  Path Group:             (none)
  Path Type:              Removal (Min at Fast Process Corner)
  Data Path Delay:        1.572ns  (logic 0.320ns (20.325%)  route 1.253ns (79.675%))
  Logic Levels:           2  (IBUF=1 LUT1=1)
  Clock Path Skew:        2.031ns (DCD - SCD - CPR)
    Destination Clock Delay (DCD):    2.031ns
    Source Clock Delay      (SCD):    0.000ns
    Clock Pessimism Removal (CPR):    -0.000ns

    Location             Delay type                Incr(ns)  Path(ns)    Netlist Resource(s)
  -------------------------------------------------------------------    -------------------
    C12                                               0.000     0.000 r  CPU_RESETN (IN)
                         net (fo=0)                   0.000     0.000    CPU_RESETN
    C12                  IBUF (Prop_ibuf_I_O)         0.275     0.275 r  CPU_RESETN_IBUF_inst/O
                         net (fo=24, routed)          0.834     1.108    u_accel/gen_nn_fractional.u_accel/fc1/CPU_RESETN_IBUF
    SLICE_X2Y119         LUT1 (Prop_lut1_I0_O)        0.045     1.153 f  u_accel/gen_nn_fractional.u_accel/fc1/FSM_onehot_state[2]_i_2__0/O
                         net (fo=20505, routed)       0.419     1.572    u_accel/gen_nn_fractional.u_accel/gen_hl1_lif[2].hl1_lif/spike_prev_reg_0
    SLICE_X5Y111         FDCE                                         f  u_accel/gen_nn_fractional.u_accel/gen_hl1_lif[2].hl1_lif/history_buffer_reg[6][18]/CLR
  -------------------------------------------------------------------    -------------------

                         (clock sys_clk_pin rise edge)
                                                      0.000     0.000 r  
    E3                                                0.000     0.000 r  CLK100MHZ (IN)
                         net (fo=0)                   0.000     0.000    CLK100MHZ
    E3                   IBUF (Prop_ibuf_I_O)         0.438     0.438 r  CLK100MHZ_IBUF_inst/O
                         net (fo=1, routed)           0.699     1.136    CLK100MHZ_IBUF
    BUFGCTRL_X0Y16       BUFG (Prop_bufg_I_O)         0.029     1.165 r  CLK100MHZ_IBUF_BUFG_inst/O
                         net (fo=20673, routed)       0.866     2.031    u_accel/gen_nn_fractional.u_accel/gen_hl1_lif[2].hl1_lif/CLK100MHZ_IBUF_BUFG
    SLICE_X5Y111         FDCE                                         r  u_accel/gen_nn_fractional.u_accel/gen_hl1_lif[2].hl1_lif/history_buffer_reg[6][18]/C

Slack:                    inf
  Source:                 CPU_RESETN
                            (input port)
  Destination:            u_accel/gen_nn_fractional.u_accel/gen_hl1_lif[2].hl1_lif/history_buffer_reg[6][9]/CLR
                            (removal check against rising-edge clock sys_clk_pin  {rise@0.000ns fall@5.000ns period=10.000ns})
  Path Group:             (none)
  Path Type:              Removal (Min at Fast Process Corner)
  Data Path Delay:        1.572ns  (logic 0.320ns (20.325%)  route 1.253ns (79.675%))
  Logic Levels:           2  (IBUF=1 LUT1=1)
  Clock Path Skew:        2.031ns (DCD - SCD - CPR)
    Destination Clock Delay (DCD):    2.031ns
    Source Clock Delay      (SCD):    0.000ns
    Clock Pessimism Removal (CPR):    -0.000ns

    Location             Delay type                Incr(ns)  Path(ns)    Netlist Resource(s)
  -------------------------------------------------------------------    -------------------
    C12                                               0.000     0.000 r  CPU_RESETN (IN)
                         net (fo=0)                   0.000     0.000    CPU_RESETN
    C12                  IBUF (Prop_ibuf_I_O)         0.275     0.275 r  CPU_RESETN_IBUF_inst/O
                         net (fo=24, routed)          0.834     1.108    u_accel/gen_nn_fractional.u_accel/fc1/CPU_RESETN_IBUF
    SLICE_X2Y119         LUT1 (Prop_lut1_I0_O)        0.045     1.153 f  u_accel/gen_nn_fractional.u_accel/fc1/FSM_onehot_state[2]_i_2__0/O
                         net (fo=20505, routed)       0.419     1.572    u_accel/gen_nn_fractional.u_accel/gen_hl1_lif[2].hl1_lif/spike_prev_reg_0
    SLICE_X5Y111         FDCE                                         f  u_accel/gen_nn_fractional.u_accel/gen_hl1_lif[2].hl1_lif/history_buffer_reg[6][9]/CLR
  -------------------------------------------------------------------    -------------------

                         (clock sys_clk_pin rise edge)
                                                      0.000     0.000 r  
    E3                                                0.000     0.000 r  CLK100MHZ (IN)
                         net (fo=0)                   0.000     0.000    CLK100MHZ
    E3                   IBUF (Prop_ibuf_I_O)         0.438     0.438 r  CLK100MHZ_IBUF_inst/O
                         net (fo=1, routed)           0.699     1.136    CLK100MHZ_IBUF
    BUFGCTRL_X0Y16       BUFG (Prop_bufg_I_O)         0.029     1.165 r  CLK100MHZ_IBUF_BUFG_inst/O
                         net (fo=20673, routed)       0.866     2.031    u_accel/gen_nn_fractional.u_accel/gen_hl1_lif[2].hl1_lif/CLK100MHZ_IBUF_BUFG
    SLICE_X5Y111         FDCE                                         r  u_accel/gen_nn_fractional.u_accel/gen_hl1_lif[2].hl1_lif/history_buffer_reg[6][9]/C

Slack:                    inf
  Source:                 CPU_RESETN
                            (input port)
  Destination:            u_accel/gen_nn_fractional.u_accel/gen_hl1_lif[2].hl1_lif/history_buffer_reg[2][10]/CLR
                            (removal check against rising-edge clock sys_clk_pin  {rise@0.000ns fall@5.000ns period=10.000ns})
  Path Group:             (none)
  Path Type:              Removal (Min at Fast Process Corner)
  Data Path Delay:        1.577ns  (logic 0.320ns (20.269%)  route 1.257ns (79.731%))
  Logic Levels:           2  (IBUF=1 LUT1=1)
  Clock Path Skew:        2.031ns (DCD - SCD - CPR)
    Destination Clock Delay (DCD):    2.031ns
    Source Clock Delay      (SCD):    0.000ns
    Clock Pessimism Removal (CPR):    -0.000ns

    Location             Delay type                Incr(ns)  Path(ns)    Netlist Resource(s)
  -------------------------------------------------------------------    -------------------
    C12                                               0.000     0.000 r  CPU_RESETN (IN)
                         net (fo=0)                   0.000     0.000    CPU_RESETN
    C12                  IBUF (Prop_ibuf_I_O)         0.275     0.275 r  CPU_RESETN_IBUF_inst/O
                         net (fo=24, routed)          0.834     1.108    u_accel/gen_nn_fractional.u_accel/fc1/CPU_RESETN_IBUF
    SLICE_X2Y119         LUT1 (Prop_lut1_I0_O)        0.045     1.153 f  u_accel/gen_nn_fractional.u_accel/fc1/FSM_onehot_state[2]_i_2__0/O
                         net (fo=20505, routed)       0.423     1.577    u_accel/gen_nn_fractional.u_accel/gen_hl1_lif[2].hl1_lif/spike_prev_reg_0
    SLICE_X4Y111         FDCE                                         f  u_accel/gen_nn_fractional.u_accel/gen_hl1_lif[2].hl1_lif/history_buffer_reg[2][10]/CLR
  -------------------------------------------------------------------    -------------------

                         (clock sys_clk_pin rise edge)
                                                      0.000     0.000 r  
    E3                                                0.000     0.000 r  CLK100MHZ (IN)
                         net (fo=0)                   0.000     0.000    CLK100MHZ
    E3                   IBUF (Prop_ibuf_I_O)         0.438     0.438 r  CLK100MHZ_IBUF_inst/O
                         net (fo=1, routed)           0.699     1.136    CLK100MHZ_IBUF
    BUFGCTRL_X0Y16       BUFG (Prop_bufg_I_O)         0.029     1.165 r  CLK100MHZ_IBUF_BUFG_inst/O
                         net (fo=20673, routed)       0.866     2.031    u_accel/gen_nn_fractional.u_accel/gen_hl1_lif[2].hl1_lif/CLK100MHZ_IBUF_BUFG
    SLICE_X4Y111         FDCE                                         r  u_accel/gen_nn_fractional.u_accel/gen_hl1_lif[2].hl1_lif/history_buffer_reg[2][10]/C





