Copyright 1986-2022 Xilinx, Inc. All Rights Reserved. Copyright 2022-2025 Advanced Micro Devices, Inc. All Rights Reserved.
------------------------------------------------------------------------------------------------------------------------------------------------------------------------------------------------------------------------------------------------------------------------------------------
| Tool Version : Vivado v.2025.1 (lin64) Build 6140274 Wed May 21 22:58:25 MDT 2025
| Date         : Fri May 29 06:26:17 2026
| Host         : niklas.ece.pdx.edu running 64-bit Pop!_OS 22.04 LTS
| Command      : report_timing_summary -max_paths 10 -routable_nets -report_unconstrained -file board_top_bitshift_64_32_4_timing_summary_routed.rpt -pb board_top_bitshift_64_32_4_timing_summary_routed.pb -rpx board_top_bitshift_64_32_4_timing_summary_routed.rpx -warn_on_violation
| Design       : board_top_bitshift_64_32_4
| Device       : 7a100t-csg324
| Speed File   : -1  PRODUCTION 1.23 2018-06-13
| Design State : Routed
------------------------------------------------------------------------------------------------------------------------------------------------------------------------------------------------------------------------------------------------------------------------------------------

Timing Summary Report

------------------------------------------------------------------------------------------------
| Timer Settings
| --------------
------------------------------------------------------------------------------------------------

  Enable Multi Corner Analysis               :  Yes
  Enable Pessimism Removal                   :  Yes
  Pessimism Removal Resolution               :  Nearest Common Node
  Enable Input Delay Default Clock           :  No
  Enable Preset / Clear Arcs                 :  No
  Disable Flight Delays                      :  No
  Ignore I/O Paths                           :  No
  Timing Early Launch at Borrowing Latches   :  No
  Borrow Time for Max Delay Exceptions       :  Yes
  Merge Timing Exceptions                    :  Yes
  Inter-SLR Compensation                     :  Conservative

  Corner  Analyze    Analyze    
  Name    Max Paths  Min Paths  
  ------  ---------  ---------  
  Slow    Yes        Yes        
  Fast    Yes        Yes        


------------------------------------------------------------------------------------------------
| Report Methodology
| ------------------
------------------------------------------------------------------------------------------------

Rule       Severity  Description                                  Violations  
---------  --------  -------------------------------------------  ----------  
DPIR-1     Warning   Asynchronous driver check                    5280        
TIMING-18  Warning   Missing input or output delay                19          
ULMTCS-1   Warning   Control Sets use limits recommend reduction  1           

Note: This report is based on the most recent report_methodology run and may not be up-to-date. Run report_methodology on the current design for the latest report.



check_timing report

Table of Contents
-----------------
1. checking no_clock (0)
2. checking constant_clock (0)
3. checking pulse_width_clock (0)
4. checking unconstrained_internal_endpoints (0)
5. checking no_input_delay (2)
6. checking no_output_delay (4)
7. checking multiple_clock (0)
8. checking generated_clocks (0)
9. checking loops (0)
10. checking partial_input_delay (0)
11. checking partial_output_delay (0)
12. checking latch_loops (0)

1. checking no_clock (0)
------------------------
 There are 0 register/latch pins with no clock.


2. checking constant_clock (0)
------------------------------
 There are 0 register/latch pins with constant_clock.


3. checking pulse_width_clock (0)
---------------------------------
 There are 0 register/latch pins which need pulse_width check


4. checking unconstrained_internal_endpoints (0)
------------------------------------------------
 There are 0 pins that are not constrained for maximum delay.

 There are 0 pins that are not constrained for maximum delay due to constant clock.


5. checking no_input_delay (2)
------------------------------
 There are 2 input ports with no input delay specified. (HIGH)

 There are 0 input ports with no input delay but user has a false path constraint.


6. checking no_output_delay (4)
-------------------------------
 There are 4 ports with no output delay specified. (HIGH)

 There are 0 ports with no output delay but user has a false path constraint

 There are 0 ports with no output delay but with a timing clock defined on it or propagating through it


7. checking multiple_clock (0)
------------------------------
 There are 0 register/latch pins with multiple clocks.


8. checking generated_clocks (0)
--------------------------------
 There are 0 generated clocks that are not connected to a clock source.


9. checking loops (0)
---------------------
 There are 0 combinational loops in the design.


10. checking partial_input_delay (0)
------------------------------------
 There are 0 input ports with partial input delay specified.


11. checking partial_output_delay (0)
-------------------------------------
 There are 0 ports with partial output delay specified.


12. checking latch_loops (0)
----------------------------
 There are 0 combinational latch loops in the design through latch input



------------------------------------------------------------------------------------------------
| Design Timing Summary
| ---------------------
------------------------------------------------------------------------------------------------

    WNS(ns)      TNS(ns)  TNS Failing Endpoints  TNS Total Endpoints      WHS(ns)      THS(ns)  THS Failing Endpoints  THS Total Endpoints     WPWS(ns)     TPWS(ns)  TPWS Failing Endpoints  TPWS Total Endpoints  
    -------      -------  ---------------------  -------------------      -------      -------  ---------------------  -------------------     --------     --------  ----------------------  --------------------  
      0.106        0.000                      0                89704        0.010        0.000                      0                89704        4.500        0.000                       0                 45611  


All user specified timing constraints are met.


------------------------------------------------------------------------------------------------
| Clock Summary
| -------------
------------------------------------------------------------------------------------------------

Clock        Waveform(ns)       Period(ns)      Frequency(MHz)
-----        ------------       ----------      --------------
sys_clk_pin  {0.000 5.000}      10.000          100.000         


------------------------------------------------------------------------------------------------
| Intra Clock Table
| -----------------
------------------------------------------------------------------------------------------------

Clock             WNS(ns)      TNS(ns)  TNS Failing Endpoints  TNS Total Endpoints      WHS(ns)      THS(ns)  THS Failing Endpoints  THS Total Endpoints     WPWS(ns)     TPWS(ns)  TPWS Failing Endpoints  TPWS Total Endpoints  
-----             -------      -------  ---------------------  -------------------      -------      -------  ---------------------  -------------------     --------     --------  ----------------------  --------------------  
sys_clk_pin         0.106        0.000                      0                89704        0.010        0.000                      0                89704        4.500        0.000                       0                 45611  


------------------------------------------------------------------------------------------------
| Inter Clock Table
| -----------------
------------------------------------------------------------------------------------------------

From Clock    To Clock          WNS(ns)      TNS(ns)  TNS Failing Endpoints  TNS Total Endpoints      WHS(ns)      THS(ns)  THS Failing Endpoints  THS Total Endpoints  
----------    --------          -------      -------  ---------------------  -------------------      -------      -------  ---------------------  -------------------  


------------------------------------------------------------------------------------------------
| Other Path Groups Table
| -----------------------
------------------------------------------------------------------------------------------------

Path Group    From Clock    To Clock          WNS(ns)      TNS(ns)  TNS Failing Endpoints  TNS Total Endpoints      WHS(ns)      THS(ns)  THS Failing Endpoints  THS Total Endpoints  
----------    ----------    --------          -------      -------  ---------------------  -------------------      -------      -------  ---------------------  -------------------  


------------------------------------------------------------------------------------------------
| User Ignored Path Table
| -----------------------
------------------------------------------------------------------------------------------------

Path Group    From Clock    To Clock    
----------    ----------    --------    


------------------------------------------------------------------------------------------------
| Unconstrained Path Table
| ------------------------
------------------------------------------------------------------------------------------------

Path Group    From Clock    To Clock    
----------    ----------    --------    
(none)        sys_clk_pin                 
(none)                      sys_clk_pin   


------------------------------------------------------------------------------------------------
| Timing Details
| --------------
------------------------------------------------------------------------------------------------


---------------------------------------------------------------------------------------------------
From Clock:  sys_clk_pin
  To Clock:  sys_clk_pin

Setup :            0  Failing Endpoints,  Worst Slack        0.106ns,  Total Violation        0.000ns
Hold  :            0  Failing Endpoints,  Worst Slack        0.010ns,  Total Violation        0.000ns
PW    :            0  Failing Endpoints,  Worst Slack        4.500ns,  Total Violation        0.000ns
---------------------------------------------------------------------------------------------------


Max Delay Paths
--------------------------------------------------------------------------------------
Slack (MET) :             0.106ns  (required time - arrival time)
  Source:                 u_accel/gen_nn_bitshift.u_accel/q_accum/timestep_counter_reg[4]_rep__0/C
                            (rising edge-triggered cell FDCE clocked by sys_clk_pin  {rise@0.000ns fall@5.000ns period=10.000ns})
  Destination:            u_accel/gen_nn_bitshift.u_accel/gen_hl2[23].membrane_buf/membrane_out_reg[3]/D
                            (rising edge-triggered cell FDCE clocked by sys_clk_pin  {rise@0.000ns fall@5.000ns period=10.000ns})
  Path Group:             sys_clk_pin
  Path Type:              Setup (Max at Slow Process Corner)
  Requirement:            10.000ns  (sys_clk_pin rise@10.000ns - sys_clk_pin rise@0.000ns)
  Data Path Delay:        9.785ns  (logic 0.580ns (5.927%)  route 9.205ns (94.073%))
  Logic Levels:           1  (LUT5=1)
  Clock Path Skew:        -0.153ns (DCD - SCD + CPR)
    Destination Clock Delay (DCD):    4.910ns = ( 14.910 - 10.000 ) 
    Source Clock Delay      (SCD):    5.243ns
    Clock Pessimism Removal (CPR):    0.180ns
  Clock Uncertainty:      0.035ns  ((TSJ^2 + TIJ^2)^1/2 + DJ) / 2 + PE
    Total System Jitter     (TSJ):    0.071ns
    Total Input Jitter      (TIJ):    0.000ns
    Discrete Jitter          (DJ):    0.000ns
    Phase Error              (PE):    0.000ns

    Location             Delay type                Incr(ns)  Path(ns)    Netlist Resource(s)
  -------------------------------------------------------------------    -------------------
                         (clock sys_clk_pin rise edge)
                                                      0.000     0.000 r  
    E3                                                0.000     0.000 r  CLK100MHZ (IN)
                         net (fo=0)                   0.000     0.000    CLK100MHZ
    E3                   IBUF (Prop_ibuf_I_O)         1.482     1.482 r  CLK100MHZ_IBUF_inst/O
                         net (fo=1, routed)           2.025     3.506    CLK100MHZ_IBUF
    BUFGCTRL_X0Y16       BUFG (Prop_bufg_I_O)         0.096     3.602 r  CLK100MHZ_IBUF_BUFG_inst/O
                         net (fo=45614, routed)       1.640     5.243    u_accel/gen_nn_bitshift.u_accel/q_accum/CLK100MHZ_IBUF_BUFG
    SLICE_X35Y55         FDCE                                         r  u_accel/gen_nn_bitshift.u_accel/q_accum/timestep_counter_reg[4]_rep__0/C
  -------------------------------------------------------------------    -------------------
    SLICE_X35Y55         FDCE (Prop_fdce_C_Q)         0.456     5.699 r  u_accel/gen_nn_bitshift.u_accel/q_accum/timestep_counter_reg[4]_rep__0/Q
                         net (fo=128, routed)         9.205    14.904    u_accel/gen_nn_bitshift.u_accel/gen_hl2[23].membrane_buf/membrane_out_reg[12]_0
    SLICE_X54Y104        LUT5 (Prop_lut5_I1_O)        0.124    15.028 r  u_accel/gen_nn_bitshift.u_accel/gen_hl2[23].membrane_buf/membrane_out[3]_i_1/O
                         net (fo=1, routed)           0.000    15.028    u_accel/gen_nn_bitshift.u_accel/gen_hl2[23].membrane_buf/membrane_out[3]_i_1_n_0
    SLICE_X54Y104        FDCE                                         r  u_accel/gen_nn_bitshift.u_accel/gen_hl2[23].membrane_buf/membrane_out_reg[3]/D
  -------------------------------------------------------------------    -------------------

                         (clock sys_clk_pin rise edge)
                                                     10.000    10.000 r  
    E3                                                0.000    10.000 r  CLK100MHZ (IN)
                         net (fo=0)                   0.000    10.000    CLK100MHZ
    E3                   IBUF (Prop_ibuf_I_O)         1.411    11.411 r  CLK100MHZ_IBUF_inst/O
                         net (fo=1, routed)           1.920    13.331    CLK100MHZ_IBUF
    BUFGCTRL_X0Y16       BUFG (Prop_bufg_I_O)         0.091    13.422 r  CLK100MHZ_IBUF_BUFG_inst/O
                         net (fo=45614, routed)       1.488    14.910    u_accel/gen_nn_bitshift.u_accel/gen_hl2[23].membrane_buf/CLK100MHZ_IBUF_BUFG
    SLICE_X54Y104        FDCE                                         r  u_accel/gen_nn_bitshift.u_accel/gen_hl2[23].membrane_buf/membrane_out_reg[3]/C
                         clock pessimism              0.180    15.090    
                         clock uncertainty           -0.035    15.055    
    SLICE_X54Y104        FDCE (Setup_fdce_C_D)        0.079    15.134    u_accel/gen_nn_bitshift.u_accel/gen_hl2[23].membrane_buf/membrane_out_reg[3]
  -------------------------------------------------------------------
                         required time                         15.134    
                         arrival time                         -15.028    
  -------------------------------------------------------------------
                         slack                                  0.106    

Slack (MET) :             0.116ns  (required time - arrival time)
  Source:                 u_accel/gen_nn_bitshift.u_accel/q_accum/timestep_counter_reg[4]_rep__0/C
                            (rising edge-triggered cell FDCE clocked by sys_clk_pin  {rise@0.000ns fall@5.000ns period=10.000ns})
  Destination:            u_accel/gen_nn_bitshift.u_accel/gen_hl2[7].membrane_buf/membrane_out_reg[7]/D
                            (rising edge-triggered cell FDCE clocked by sys_clk_pin  {rise@0.000ns fall@5.000ns period=10.000ns})
  Path Group:             sys_clk_pin
  Path Type:              Setup (Max at Slow Process Corner)
  Requirement:            10.000ns  (sys_clk_pin rise@10.000ns - sys_clk_pin rise@0.000ns)
  Data Path Delay:        9.737ns  (logic 0.580ns (5.957%)  route 9.157ns (94.043%))
  Logic Levels:           1  (LUT5=1)
  Clock Path Skew:        -0.144ns (DCD - SCD + CPR)
    Destination Clock Delay (DCD):    4.919ns = ( 14.919 - 10.000 ) 
    Source Clock Delay      (SCD):    5.243ns
    Clock Pessimism Removal (CPR):    0.180ns
  Clock Uncertainty:      0.035ns  ((TSJ^2 + TIJ^2)^1/2 + DJ) / 2 + PE
    Total System Jitter     (TSJ):    0.071ns
    Total Input Jitter      (TIJ):    0.000ns
    Discrete Jitter          (DJ):    0.000ns
    Phase Error              (PE):    0.000ns

    Location             Delay type                Incr(ns)  Path(ns)    Netlist Resource(s)
  -------------------------------------------------------------------    -------------------
                         (clock sys_clk_pin rise edge)
                                                      0.000     0.000 r  
    E3                                                0.000     0.000 r  CLK100MHZ (IN)
                         net (fo=0)                   0.000     0.000    CLK100MHZ
    E3                   IBUF (Prop_ibuf_I_O)         1.482     1.482 r  CLK100MHZ_IBUF_inst/O
                         net (fo=1, routed)           2.025     3.506    CLK100MHZ_IBUF
    BUFGCTRL_X0Y16       BUFG (Prop_bufg_I_O)         0.096     3.602 r  CLK100MHZ_IBUF_BUFG_inst/O
                         net (fo=45614, routed)       1.640     5.243    u_accel/gen_nn_bitshift.u_accel/q_accum/CLK100MHZ_IBUF_BUFG
    SLICE_X35Y55         FDCE                                         r  u_accel/gen_nn_bitshift.u_accel/q_accum/timestep_counter_reg[4]_rep__0/C
  -------------------------------------------------------------------    -------------------
    SLICE_X35Y55         FDCE (Prop_fdce_C_Q)         0.456     5.699 r  u_accel/gen_nn_bitshift.u_accel/q_accum/timestep_counter_reg[4]_rep__0/Q
                         net (fo=128, routed)         9.157    14.855    u_accel/gen_nn_bitshift.u_accel/gen_hl2[7].membrane_buf/membrane_out_reg[12]_0
    SLICE_X69Y102        LUT5 (Prop_lut5_I1_O)        0.124    14.979 r  u_accel/gen_nn_bitshift.u_accel/gen_hl2[7].membrane_buf/membrane_out[7]_i_1/O
                         net (fo=1, routed)           0.000    14.979    u_accel/gen_nn_bitshift.u_accel/gen_hl2[7].membrane_buf/membrane_out[7]_i_1_n_0
    SLICE_X69Y102        FDCE                                         r  u_accel/gen_nn_bitshift.u_accel/gen_hl2[7].membrane_buf/membrane_out_reg[7]/D
  -------------------------------------------------------------------    -------------------

                         (clock sys_clk_pin rise edge)
                                                     10.000    10.000 r  
    E3                                                0.000    10.000 r  CLK100MHZ (IN)
                         net (fo=0)                   0.000    10.000    CLK100MHZ
    E3                   IBUF (Prop_ibuf_I_O)         1.411    11.411 r  CLK100MHZ_IBUF_inst/O
                         net (fo=1, routed)           1.920    13.331    CLK100MHZ_IBUF
    BUFGCTRL_X0Y16       BUFG (Prop_bufg_I_O)         0.091    13.422 r  CLK100MHZ_IBUF_BUFG_inst/O
                         net (fo=45614, routed)       1.497    14.919    u_accel/gen_nn_bitshift.u_accel/gen_hl2[7].membrane_buf/CLK100MHZ_IBUF_BUFG
    SLICE_X69Y102        FDCE                                         r  u_accel/gen_nn_bitshift.u_accel/gen_hl2[7].membrane_buf/membrane_out_reg[7]/C
                         clock pessimism              0.180    15.099    
                         clock uncertainty           -0.035    15.064    
    SLICE_X69Y102        FDCE (Setup_fdce_C_D)        0.032    15.096    u_accel/gen_nn_bitshift.u_accel/gen_hl2[7].membrane_buf/membrane_out_reg[7]
  -------------------------------------------------------------------
                         required time                         15.096    
                         arrival time                         -14.979    
  -------------------------------------------------------------------
                         slack                                  0.116    

Slack (MET) :             0.120ns  (required time - arrival time)
  Source:                 u_accel/gen_nn_bitshift.u_accel/q_accum/timestep_counter_reg[4]_rep__0/C
                            (rising edge-triggered cell FDCE clocked by sys_clk_pin  {rise@0.000ns fall@5.000ns period=10.000ns})
  Destination:            u_accel/gen_nn_bitshift.u_accel/gen_hl2[7].membrane_buf/membrane_out_reg[5]/D
                            (rising edge-triggered cell FDCE clocked by sys_clk_pin  {rise@0.000ns fall@5.000ns period=10.000ns})
  Path Group:             sys_clk_pin
  Path Type:              Setup (Max at Slow Process Corner)
  Requirement:            10.000ns  (sys_clk_pin rise@10.000ns - sys_clk_pin rise@0.000ns)
  Data Path Delay:        9.732ns  (logic 0.580ns (5.960%)  route 9.152ns (94.040%))
  Logic Levels:           1  (LUT5=1)
  Clock Path Skew:        -0.144ns (DCD - SCD + CPR)
    Destination Clock Delay (DCD):    4.919ns = ( 14.919 - 10.000 ) 
    Source Clock Delay      (SCD):    5.243ns
    Clock Pessimism Removal (CPR):    0.180ns
  Clock Uncertainty:      0.035ns  ((TSJ^2 + TIJ^2)^1/2 + DJ) / 2 + PE
    Total System Jitter     (TSJ):    0.071ns
    Total Input Jitter      (TIJ):    0.000ns
    Discrete Jitter          (DJ):    0.000ns
    Phase Error              (PE):    0.000ns

    Location             Delay type                Incr(ns)  Path(ns)    Netlist Resource(s)
  -------------------------------------------------------------------    -------------------
                         (clock sys_clk_pin rise edge)
                                                      0.000     0.000 r  
    E3                                                0.000     0.000 r  CLK100MHZ (IN)
                         net (fo=0)                   0.000     0.000    CLK100MHZ
    E3                   IBUF (Prop_ibuf_I_O)         1.482     1.482 r  CLK100MHZ_IBUF_inst/O
                         net (fo=1, routed)           2.025     3.506    CLK100MHZ_IBUF
    BUFGCTRL_X0Y16       BUFG (Prop_bufg_I_O)         0.096     3.602 r  CLK100MHZ_IBUF_BUFG_inst/O
                         net (fo=45614, routed)       1.640     5.243    u_accel/gen_nn_bitshift.u_accel/q_accum/CLK100MHZ_IBUF_BUFG
    SLICE_X35Y55         FDCE                                         r  u_accel/gen_nn_bitshift.u_accel/q_accum/timestep_counter_reg[4]_rep__0/C
  -------------------------------------------------------------------    -------------------
    SLICE_X35Y55         FDCE (Prop_fdce_C_Q)         0.456     5.699 r  u_accel/gen_nn_bitshift.u_accel/q_accum/timestep_counter_reg[4]_rep__0/Q
                         net (fo=128, routed)         9.152    14.850    u_accel/gen_nn_bitshift.u_accel/gen_hl2[7].membrane_buf/membrane_out_reg[12]_0
    SLICE_X69Y102        LUT5 (Prop_lut5_I1_O)        0.124    14.974 r  u_accel/gen_nn_bitshift.u_accel/gen_hl2[7].membrane_buf/membrane_out[5]_i_1/O
                         net (fo=1, routed)           0.000    14.974    u_accel/gen_nn_bitshift.u_accel/gen_hl2[7].membrane_buf/membrane_out[5]_i_1_n_0
    SLICE_X69Y102        FDCE                                         r  u_accel/gen_nn_bitshift.u_accel/gen_hl2[7].membrane_buf/membrane_out_reg[5]/D
  -------------------------------------------------------------------    -------------------

                         (clock sys_clk_pin rise edge)
                                                     10.000    10.000 r  
    E3                                                0.000    10.000 r  CLK100MHZ (IN)
                         net (fo=0)                   0.000    10.000    CLK100MHZ
    E3                   IBUF (Prop_ibuf_I_O)         1.411    11.411 r  CLK100MHZ_IBUF_inst/O
                         net (fo=1, routed)           1.920    13.331    CLK100MHZ_IBUF
    BUFGCTRL_X0Y16       BUFG (Prop_bufg_I_O)         0.091    13.422 r  CLK100MHZ_IBUF_BUFG_inst/O
                         net (fo=45614, routed)       1.497    14.919    u_accel/gen_nn_bitshift.u_accel/gen_hl2[7].membrane_buf/CLK100MHZ_IBUF_BUFG
    SLICE_X69Y102        FDCE                                         r  u_accel/gen_nn_bitshift.u_accel/gen_hl2[7].membrane_buf/membrane_out_reg[5]/C
                         clock pessimism              0.180    15.099    
                         clock uncertainty           -0.035    15.064    
    SLICE_X69Y102        FDCE (Setup_fdce_C_D)        0.031    15.095    u_accel/gen_nn_bitshift.u_accel/gen_hl2[7].membrane_buf/membrane_out_reg[5]
  -------------------------------------------------------------------
                         required time                         15.095    
                         arrival time                         -14.974    
  -------------------------------------------------------------------
                         slack                                  0.120    

Slack (MET) :             0.167ns  (required time - arrival time)
  Source:                 u_accel/gen_nn_bitshift.u_accel/q_accum/timestep_counter_reg[4]_rep__0/C
                            (rising edge-triggered cell FDCE clocked by sys_clk_pin  {rise@0.000ns fall@5.000ns period=10.000ns})
  Destination:            u_accel/gen_nn_bitshift.u_accel/gen_hl2[27].membrane_buf/membrane_out_reg[8]/D
                            (rising edge-triggered cell FDCE clocked by sys_clk_pin  {rise@0.000ns fall@5.000ns period=10.000ns})
  Path Group:             sys_clk_pin
  Path Type:              Setup (Max at Slow Process Corner)
  Requirement:            10.000ns  (sys_clk_pin rise@10.000ns - sys_clk_pin rise@0.000ns)
  Data Path Delay:        9.787ns  (logic 0.580ns (5.926%)  route 9.207ns (94.074%))
  Logic Levels:           1  (LUT5=1)
  Clock Path Skew:        -0.042ns (DCD - SCD + CPR)
    Destination Clock Delay (DCD):    4.942ns = ( 14.942 - 10.000 ) 
    Source Clock Delay      (SCD):    5.243ns
    Clock Pessimism Removal (CPR):    0.259ns
  Clock Uncertainty:      0.035ns  ((TSJ^2 + TIJ^2)^1/2 + DJ) / 2 + PE
    Total System Jitter     (TSJ):    0.071ns
    Total Input Jitter      (TIJ):    0.000ns
    Discrete Jitter          (DJ):    0.000ns
    Phase Error              (PE):    0.000ns

    Location             Delay type                Incr(ns)  Path(ns)    Netlist Resource(s)
  -------------------------------------------------------------------    -------------------
                         (clock sys_clk_pin rise edge)
                                                      0.000     0.000 r  
    E3                                                0.000     0.000 r  CLK100MHZ (IN)
                         net (fo=0)                   0.000     0.000    CLK100MHZ
    E3                   IBUF (Prop_ibuf_I_O)         1.482     1.482 r  CLK100MHZ_IBUF_inst/O
                         net (fo=1, routed)           2.025     3.506    CLK100MHZ_IBUF
    BUFGCTRL_X0Y16       BUFG (Prop_bufg_I_O)         0.096     3.602 r  CLK100MHZ_IBUF_BUFG_inst/O
                         net (fo=45614, routed)       1.640     5.243    u_accel/gen_nn_bitshift.u_accel/q_accum/CLK100MHZ_IBUF_BUFG
    SLICE_X35Y55         FDCE                                         r  u_accel/gen_nn_bitshift.u_accel/q_accum/timestep_counter_reg[4]_rep__0/C
  -------------------------------------------------------------------    -------------------
    SLICE_X35Y55         FDCE (Prop_fdce_C_Q)         0.456     5.699 r  u_accel/gen_nn_bitshift.u_accel/q_accum/timestep_counter_reg[4]_rep__0/Q
                         net (fo=128, routed)         9.207    14.906    u_accel/gen_nn_bitshift.u_accel/gen_hl2[27].membrane_buf/membrane_out_reg[12]_0
    SLICE_X41Y99         LUT5 (Prop_lut5_I1_O)        0.124    15.030 r  u_accel/gen_nn_bitshift.u_accel/gen_hl2[27].membrane_buf/membrane_out[8]_i_1/O
                         net (fo=1, routed)           0.000    15.030    u_accel/gen_nn_bitshift.u_accel/gen_hl2[27].membrane_buf/membrane_out[8]_i_1_n_0
    SLICE_X41Y99         FDCE                                         r  u_accel/gen_nn_bitshift.u_accel/gen_hl2[27].membrane_buf/membrane_out_reg[8]/D
  -------------------------------------------------------------------    -------------------

                         (clock sys_clk_pin rise edge)
                                                     10.000    10.000 r  
    E3                                                0.000    10.000 r  CLK100MHZ (IN)
                         net (fo=0)                   0.000    10.000    CLK100MHZ
    E3                   IBUF (Prop_ibuf_I_O)         1.411    11.411 r  CLK100MHZ_IBUF_inst/O
                         net (fo=1, routed)           1.920    13.331    CLK100MHZ_IBUF
    BUFGCTRL_X0Y16       BUFG (Prop_bufg_I_O)         0.091    13.422 r  CLK100MHZ_IBUF_BUFG_inst/O
                         net (fo=45614, routed)       1.519    14.942    u_accel/gen_nn_bitshift.u_accel/gen_hl2[27].membrane_buf/CLK100MHZ_IBUF_BUFG
    SLICE_X41Y99         FDCE                                         r  u_accel/gen_nn_bitshift.u_accel/gen_hl2[27].membrane_buf/membrane_out_reg[8]/C
                         clock pessimism              0.259    15.201    
                         clock uncertainty           -0.035    15.165    
    SLICE_X41Y99         FDCE (Setup_fdce_C_D)        0.031    15.196    u_accel/gen_nn_bitshift.u_accel/gen_hl2[27].membrane_buf/membrane_out_reg[8]
  -------------------------------------------------------------------
                         required time                         15.196    
                         arrival time                         -15.030    
  -------------------------------------------------------------------
                         slack                                  0.167    

Slack (MET) :             0.172ns  (required time - arrival time)
  Source:                 u_accel/gen_nn_bitshift.u_accel/q_accum/timestep_accum[0][11]_i_15_psdsp/C
                            (rising edge-triggered cell FDRE clocked by sys_clk_pin  {rise@0.000ns fall@5.000ns period=10.000ns})
  Destination:            u_accel/gen_nn_bitshift.u_accel/q_accum/q_accum_reg[0][51]/D
                            (rising edge-triggered cell FDCE clocked by sys_clk_pin  {rise@0.000ns fall@5.000ns period=10.000ns})
  Path Group:             sys_clk_pin
  Path Type:              Setup (Max at Slow Process Corner)
  Requirement:            10.000ns  (sys_clk_pin rise@10.000ns - sys_clk_pin rise@0.000ns)
  Data Path Delay:        9.779ns  (logic 5.393ns (55.149%)  route 4.386ns (44.850%))
  Logic Levels:           22  (CARRY4=17 LUT4=3 LUT5=2)
  Clock Path Skew:        -0.093ns (DCD - SCD + CPR)
    Destination Clock Delay (DCD):    5.095ns = ( 15.095 - 10.000 ) 
    Source Clock Delay      (SCD):    5.384ns
    Clock Pessimism Removal (CPR):    0.195ns
  Clock Uncertainty:      0.035ns  ((TSJ^2 + TIJ^2)^1/2 + DJ) / 2 + PE
    Total System Jitter     (TSJ):    0.071ns
    Total Input Jitter      (TIJ):    0.000ns
    Discrete Jitter          (DJ):    0.000ns
    Phase Error              (PE):    0.000ns

    Location             Delay type                Incr(ns)  Path(ns)    Netlist Resource(s)
  -------------------------------------------------------------------    -------------------
                         (clock sys_clk_pin rise edge)
                                                      0.000     0.000 r  
    E3                                                0.000     0.000 r  CLK100MHZ (IN)
                         net (fo=0)                   0.000     0.000    CLK100MHZ
    E3                   IBUF (Prop_ibuf_I_O)         1.482     1.482 r  CLK100MHZ_IBUF_inst/O
                         net (fo=1, routed)           2.025     3.506    CLK100MHZ_IBUF
    BUFGCTRL_X0Y16       BUFG (Prop_bufg_I_O)         0.096     3.602 r  CLK100MHZ_IBUF_BUFG_inst/O
                         net (fo=45614, routed)       1.781     5.384    u_accel/gen_nn_bitshift.u_accel/q_accum/CLK100MHZ_IBUF_BUFG
    SLICE_X54Y22         FDRE                                         r  u_accel/gen_nn_bitshift.u_accel/q_accum/timestep_accum[0][11]_i_15_psdsp/C
  -------------------------------------------------------------------    -------------------
    SLICE_X54Y22         FDRE (Prop_fdre_C_Q)         0.518     5.902 r  u_accel/gen_nn_bitshift.u_accel/q_accum/timestep_accum[0][11]_i_15_psdsp/Q
                         net (fo=2, routed)           1.024     6.925    u_accel/gen_nn_bitshift.u_accel/q_accum/p_0_out__6_n_102
    SLICE_X54Y22         LUT4 (Prop_lut4_I0_O)        0.124     7.049 r  u_accel/gen_nn_bitshift.u_accel/q_accum/timestep_accum[0][11]_i_15/O
                         net (fo=2, routed)           0.579     7.628    u_accel/gen_nn_bitshift.u_accel/q_accum/timestep_accum[0][11]_i_15_n_0
    SLICE_X53Y23         LUT5 (Prop_lut5_I0_O)        0.124     7.752 r  u_accel/gen_nn_bitshift.u_accel/q_accum/timestep_accum[0][11]_i_19/O
                         net (fo=1, routed)           0.000     7.752    u_accel/gen_nn_bitshift.u_accel/q_accum/timestep_accum[0][11]_i_19_n_0
    SLICE_X53Y23         CARRY4 (Prop_carry4_S[0]_CO[3])
                                                      0.532     8.284 r  u_accel/gen_nn_bitshift.u_accel/q_accum/timestep_accum_reg[0][11]_i_11/CO[3]
                         net (fo=1, routed)           0.000     8.284    u_accel/gen_nn_bitshift.u_accel/q_accum/timestep_accum_reg[0][11]_i_11_n_0
    SLICE_X53Y24         CARRY4 (Prop_carry4_CI_CO[3])
                                                      0.114     8.398 r  u_accel/gen_nn_bitshift.u_accel/q_accum/i___16_i_21/CO[3]
                         net (fo=1, routed)           0.009     8.407    u_accel/gen_nn_bitshift.u_accel/q_accum/i___16_i_21_n_0
    SLICE_X53Y25         CARRY4 (Prop_carry4_CI_CO[3])
                                                      0.114     8.521 r  u_accel/gen_nn_bitshift.u_accel/q_accum/i___16_i_20/CO[3]
                         net (fo=1, routed)           0.000     8.521    u_accel/gen_nn_bitshift.u_accel/q_accum/i___16_i_20_n_0
    SLICE_X53Y26         CARRY4 (Prop_carry4_CI_CO[3])
                                                      0.114     8.635 r  u_accel/gen_nn_bitshift.u_accel/q_accum/i___16_i_19/CO[3]
                         net (fo=1, routed)           0.000     8.635    u_accel/gen_nn_bitshift.u_accel/q_accum/i___16_i_19_n_0
    SLICE_X53Y27         CARRY4 (Prop_carry4_CI_CO[3])
                                                      0.114     8.749 r  u_accel/gen_nn_bitshift.u_accel/q_accum/i___17_i_10/CO[3]
                         net (fo=1, routed)           0.000     8.749    u_accel/gen_nn_bitshift.u_accel/q_accum/i___17_i_10_n_0
    SLICE_X53Y28         CARRY4 (Prop_carry4_CI_CO[3])
                                                      0.114     8.863 r  u_accel/gen_nn_bitshift.u_accel/q_accum/i___19_i_10/CO[3]
                         net (fo=1, routed)           0.000     8.863    u_accel/gen_nn_bitshift.u_accel/q_accum/i___19_i_10_n_0
    SLICE_X53Y29         CARRY4 (Prop_carry4_CI_O[1])
                                                      0.334     9.197 r  u_accel/gen_nn_bitshift.u_accel/q_accum/i___6_i_13/O[1]
                         net (fo=2, routed)           0.864    10.062    u_accel/gen_nn_bitshift.u_accel/q_accum/i___6_i_13_n_6
    SLICE_X51Y26         LUT4 (Prop_lut4_I2_O)        0.303    10.365 r  u_accel/gen_nn_bitshift.u_accel/q_accum/timestep_accum[0][31]_i_4/O
                         net (fo=2, routed)           0.632    10.996    u_accel/gen_nn_bitshift.u_accel/q_accum/timestep_accum[0][31]_i_4_n_0
    SLICE_X52Y26         CARRY4 (Prop_carry4_DI[2]_CO[3])
                                                      0.398    11.394 r  u_accel/gen_nn_bitshift.u_accel/q_accum/timestep_accum_reg[0][31]_i_2/CO[3]
                         net (fo=1, routed)           0.000    11.394    u_accel/gen_nn_bitshift.u_accel/q_accum/timestep_accum_reg[0][31]_i_2_n_0
    SLICE_X52Y27         CARRY4 (Prop_carry4_CI_CO[3])
                                                      0.114    11.508 r  u_accel/gen_nn_bitshift.u_accel/q_accum/timestep_accum_reg[0][35]_i_2/CO[3]
                         net (fo=1, routed)           0.000    11.508    u_accel/gen_nn_bitshift.u_accel/q_accum/timestep_accum_reg[0][35]_i_2_n_0
    SLICE_X52Y28         CARRY4 (Prop_carry4_CI_O[1])
                                                      0.334    11.842 r  u_accel/gen_nn_bitshift.u_accel/q_accum/timestep_accum_reg[0][39]_i_2/O[1]
                         net (fo=4, routed)           0.819    12.662    u_accel/gen_nn_bitshift.u_accel/q_accum/full_timestep_sum[0]_127[37]
    SLICE_X49Y32         LUT4 (Prop_lut4_I0_O)        0.303    12.965 r  u_accel/gen_nn_bitshift.u_accel/q_accum/q_accum[0][27]_i_9/O
                         net (fo=1, routed)           0.000    12.965    u_accel/gen_nn_bitshift.u_accel/q_accum/q_accum[0][27]_i_9_n_0
    SLICE_X49Y32         CARRY4 (Prop_carry4_S[1]_CO[3])
                                                      0.550    13.515 r  u_accel/gen_nn_bitshift.u_accel/q_accum/q_accum_reg[0][27]_i_2/CO[3]
                         net (fo=1, routed)           0.000    13.515    u_accel/gen_nn_bitshift.u_accel/q_accum/q_accum_reg[0][27]_i_2_n_0
    SLICE_X49Y33         CARRY4 (Prop_carry4_CI_CO[3])
                                                      0.114    13.629 r  u_accel/gen_nn_bitshift.u_accel/q_accum/q_accum_reg[0][31]_i_2/CO[3]
                         net (fo=1, routed)           0.000    13.629    u_accel/gen_nn_bitshift.u_accel/q_accum/q_accum_reg[0][31]_i_2_n_0
    SLICE_X49Y34         CARRY4 (Prop_carry4_CI_CO[3])
                                                      0.114    13.743 r  u_accel/gen_nn_bitshift.u_accel/q_accum/q_accum_reg[0][35]_i_2/CO[3]
                         net (fo=1, routed)           0.000    13.743    u_accel/gen_nn_bitshift.u_accel/q_accum/q_accum_reg[0][35]_i_2_n_0
    SLICE_X49Y35         CARRY4 (Prop_carry4_CI_CO[3])
                                                      0.114    13.857 r  u_accel/gen_nn_bitshift.u_accel/q_accum/q_accum_reg[0][39]_i_2/CO[3]
                         net (fo=1, routed)           0.000    13.857    u_accel/gen_nn_bitshift.u_accel/q_accum/q_accum_reg[0][39]_i_2_n_0
    SLICE_X49Y36         CARRY4 (Prop_carry4_CI_CO[3])
                                                      0.114    13.971 r  u_accel/gen_nn_bitshift.u_accel/q_accum/q_accum_reg[0][43]_i_2/CO[3]
                         net (fo=1, routed)           0.000    13.971    u_accel/gen_nn_bitshift.u_accel/q_accum/q_accum_reg[0][43]_i_2_n_0
    SLICE_X49Y37         CARRY4 (Prop_carry4_CI_CO[3])
                                                      0.114    14.085 r  u_accel/gen_nn_bitshift.u_accel/q_accum/q_accum_reg[0][47]_i_2/CO[3]
                         net (fo=1, routed)           0.000    14.085    u_accel/gen_nn_bitshift.u_accel/q_accum/q_accum_reg[0][47]_i_2_n_0
    SLICE_X49Y38         CARRY4 (Prop_carry4_CI_O[3])
                                                      0.313    14.398 r  u_accel/gen_nn_bitshift.u_accel/q_accum/q_accum_reg[0][51]_i_2/O[3]
                         net (fo=1, routed)           0.459    14.857    u_accel/gen_nn_bitshift.u_accel/q_accum/q_accum_reg[0][51]_i_2_n_4
    SLICE_X50Y38         LUT5 (Prop_lut5_I3_O)        0.306    15.163 r  u_accel/gen_nn_bitshift.u_accel/q_accum/q_accum[0][51]_i_1/O
                         net (fo=1, routed)           0.000    15.163    u_accel/gen_nn_bitshift.u_accel/q_accum/q_accum[0][51]_i_1_n_0
    SLICE_X50Y38         FDCE                                         r  u_accel/gen_nn_bitshift.u_accel/q_accum/q_accum_reg[0][51]/D
  -------------------------------------------------------------------    -------------------

                         (clock sys_clk_pin rise edge)
                                                     10.000    10.000 r  
    E3                                                0.000    10.000 r  CLK100MHZ (IN)
                         net (fo=0)                   0.000    10.000    CLK100MHZ
    E3                   IBUF (Prop_ibuf_I_O)         1.411    11.411 r  CLK100MHZ_IBUF_inst/O
                         net (fo=1, routed)           1.920    13.331    CLK100MHZ_IBUF
    BUFGCTRL_X0Y16       BUFG (Prop_bufg_I_O)         0.091    13.422 r  CLK100MHZ_IBUF_BUFG_inst/O
                         net (fo=45614, routed)       1.673    15.095    u_accel/gen_nn_bitshift.u_accel/q_accum/CLK100MHZ_IBUF_BUFG
    SLICE_X50Y38         FDCE                                         r  u_accel/gen_nn_bitshift.u_accel/q_accum/q_accum_reg[0][51]/C
                         clock pessimism              0.195    15.291    
                         clock uncertainty           -0.035    15.255    
    SLICE_X50Y38         FDCE (Setup_fdce_C_D)        0.079    15.334    u_accel/gen_nn_bitshift.u_accel/q_accum/q_accum_reg[0][51]
  -------------------------------------------------------------------
                         required time                         15.334    
                         arrival time                         -15.163    
  -------------------------------------------------------------------
                         slack                                  0.172    

Slack (MET) :             0.198ns  (required time - arrival time)
  Source:                 u_accel/gen_nn_bitshift.u_accel/q_accum/timestep_counter_reg[4]_rep__0/C
                            (rising edge-triggered cell FDCE clocked by sys_clk_pin  {rise@0.000ns fall@5.000ns period=10.000ns})
  Destination:            u_accel/gen_nn_bitshift.u_accel/gen_hl2[23].membrane_buf/membrane_out_reg[4]/D
                            (rising edge-triggered cell FDCE clocked by sys_clk_pin  {rise@0.000ns fall@5.000ns period=10.000ns})
  Path Group:             sys_clk_pin
  Path Type:              Setup (Max at Slow Process Corner)
  Requirement:            10.000ns  (sys_clk_pin rise@10.000ns - sys_clk_pin rise@0.000ns)
  Data Path Delay:        9.717ns  (logic 0.580ns (5.969%)  route 9.137ns (94.031%))
  Logic Levels:           1  (LUT5=1)
  Clock Path Skew:        -0.127ns (DCD - SCD + CPR)
    Destination Clock Delay (DCD):    4.929ns = ( 14.929 - 10.000 ) 
    Source Clock Delay      (SCD):    5.243ns
    Clock Pessimism Removal (CPR):    0.187ns
  Clock Uncertainty:      0.035ns  ((TSJ^2 + TIJ^2)^1/2 + DJ) / 2 + PE
    Total System Jitter     (TSJ):    0.071ns
    Total Input Jitter      (TIJ):    0.000ns
    Discrete Jitter          (DJ):    0.000ns
    Phase Error              (PE):    0.000ns

    Location             Delay type                Incr(ns)  Path(ns)    Netlist Resource(s)
  -------------------------------------------------------------------    -------------------
                         (clock sys_clk_pin rise edge)
                                                      0.000     0.000 r  
    E3                                                0.000     0.000 r  CLK100MHZ (IN)
                         net (fo=0)                   0.000     0.000    CLK100MHZ
    E3                   IBUF (Prop_ibuf_I_O)         1.482     1.482 r  CLK100MHZ_IBUF_inst/O
                         net (fo=1, routed)           2.025     3.506    CLK100MHZ_IBUF
    BUFGCTRL_X0Y16       BUFG (Prop_bufg_I_O)         0.096     3.602 r  CLK100MHZ_IBUF_BUFG_inst/O
                         net (fo=45614, routed)       1.640     5.243    u_accel/gen_nn_bitshift.u_accel/q_accum/CLK100MHZ_IBUF_BUFG
    SLICE_X35Y55         FDCE                                         r  u_accel/gen_nn_bitshift.u_accel/q_accum/timestep_counter_reg[4]_rep__0/C
  -------------------------------------------------------------------    -------------------
    SLICE_X35Y55         FDCE (Prop_fdce_C_Q)         0.456     5.699 r  u_accel/gen_nn_bitshift.u_accel/q_accum/timestep_counter_reg[4]_rep__0/Q
                         net (fo=128, routed)         9.137    14.836    u_accel/gen_nn_bitshift.u_accel/gen_hl2[23].membrane_buf/membrane_out_reg[12]_0
    SLICE_X56Y97         LUT5 (Prop_lut5_I1_O)        0.124    14.960 r  u_accel/gen_nn_bitshift.u_accel/gen_hl2[23].membrane_buf/membrane_out[4]_i_1/O
                         net (fo=1, routed)           0.000    14.960    u_accel/gen_nn_bitshift.u_accel/gen_hl2[23].membrane_buf/membrane_out[4]_i_1_n_0
    SLICE_X56Y97         FDCE                                         r  u_accel/gen_nn_bitshift.u_accel/gen_hl2[23].membrane_buf/membrane_out_reg[4]/D
  -------------------------------------------------------------------    -------------------

                         (clock sys_clk_pin rise edge)
                                                     10.000    10.000 r  
    E3                                                0.000    10.000 r  CLK100MHZ (IN)
                         net (fo=0)                   0.000    10.000    CLK100MHZ
    E3                   IBUF (Prop_ibuf_I_O)         1.411    11.411 r  CLK100MHZ_IBUF_inst/O
                         net (fo=1, routed)           1.920    13.331    CLK100MHZ_IBUF
    BUFGCTRL_X0Y16       BUFG (Prop_bufg_I_O)         0.091    13.422 r  CLK100MHZ_IBUF_BUFG_inst/O
                         net (fo=45614, routed)       1.506    14.929    u_accel/gen_nn_bitshift.u_accel/gen_hl2[23].membrane_buf/CLK100MHZ_IBUF_BUFG
    SLICE_X56Y97         FDCE                                         r  u_accel/gen_nn_bitshift.u_accel/gen_hl2[23].membrane_buf/membrane_out_reg[4]/C
                         clock pessimism              0.187    15.116    
                         clock uncertainty           -0.035    15.080    
    SLICE_X56Y97         FDCE (Setup_fdce_C_D)        0.077    15.157    u_accel/gen_nn_bitshift.u_accel/gen_hl2[23].membrane_buf/membrane_out_reg[4]
  -------------------------------------------------------------------
                         required time                         15.157    
                         arrival time                         -14.960    
  -------------------------------------------------------------------
                         slack                                  0.198    

Slack (MET) :             0.204ns  (required time - arrival time)
  Source:                 u_accel/gen_nn_bitshift.u_accel/q_accum/timestep_counter_reg[4]_rep__0/C
                            (rising edge-triggered cell FDCE clocked by sys_clk_pin  {rise@0.000ns fall@5.000ns period=10.000ns})
  Destination:            u_accel/gen_nn_bitshift.u_accel/gen_hl2[27].membrane_buf/membrane_out_reg[6]/D
                            (rising edge-triggered cell FDCE clocked by sys_clk_pin  {rise@0.000ns fall@5.000ns period=10.000ns})
  Path Group:             sys_clk_pin
  Path Type:              Setup (Max at Slow Process Corner)
  Requirement:            10.000ns  (sys_clk_pin rise@10.000ns - sys_clk_pin rise@0.000ns)
  Data Path Delay:        9.654ns  (logic 0.580ns (6.008%)  route 9.074ns (93.992%))
  Logic Levels:           1  (LUT5=1)
  Clock Path Skew:        -0.138ns (DCD - SCD + CPR)
    Destination Clock Delay (DCD):    4.925ns = ( 14.925 - 10.000 ) 
    Source Clock Delay      (SCD):    5.243ns
    Clock Pessimism Removal (CPR):    0.180ns
  Clock Uncertainty:      0.035ns  ((TSJ^2 + TIJ^2)^1/2 + DJ) / 2 + PE
    Total System Jitter     (TSJ):    0.071ns
    Total Input Jitter      (TIJ):    0.000ns
    Discrete Jitter          (DJ):    0.000ns
    Phase Error              (PE):    0.000ns

    Location             Delay type                Incr(ns)  Path(ns)    Netlist Resource(s)
  -------------------------------------------------------------------    -------------------
                         (clock sys_clk_pin rise edge)
                                                      0.000     0.000 r  
    E3                                                0.000     0.000 r  CLK100MHZ (IN)
                         net (fo=0)                   0.000     0.000    CLK100MHZ
    E3                   IBUF (Prop_ibuf_I_O)         1.482     1.482 r  CLK100MHZ_IBUF_inst/O
                         net (fo=1, routed)           2.025     3.506    CLK100MHZ_IBUF
    BUFGCTRL_X0Y16       BUFG (Prop_bufg_I_O)         0.096     3.602 r  CLK100MHZ_IBUF_BUFG_inst/O
                         net (fo=45614, routed)       1.640     5.243    u_accel/gen_nn_bitshift.u_accel/q_accum/CLK100MHZ_IBUF_BUFG
    SLICE_X35Y55         FDCE                                         r  u_accel/gen_nn_bitshift.u_accel/q_accum/timestep_counter_reg[4]_rep__0/C
  -------------------------------------------------------------------    -------------------
    SLICE_X35Y55         FDCE (Prop_fdce_C_Q)         0.456     5.699 r  u_accel/gen_nn_bitshift.u_accel/q_accum/timestep_counter_reg[4]_rep__0/Q
                         net (fo=128, routed)         9.074    14.772    u_accel/gen_nn_bitshift.u_accel/gen_hl2[27].membrane_buf/membrane_out_reg[12]_0
    SLICE_X41Y102        LUT5 (Prop_lut5_I1_O)        0.124    14.896 r  u_accel/gen_nn_bitshift.u_accel/gen_hl2[27].membrane_buf/membrane_out[6]_i_1/O
                         net (fo=1, routed)           0.000    14.896    u_accel/gen_nn_bitshift.u_accel/gen_hl2[27].membrane_buf/membrane_out[6]_i_1_n_0
    SLICE_X41Y102        FDCE                                         r  u_accel/gen_nn_bitshift.u_accel/gen_hl2[27].membrane_buf/membrane_out_reg[6]/D
  -------------------------------------------------------------------    -------------------

                         (clock sys_clk_pin rise edge)
                                                     10.000    10.000 r  
    E3                                                0.000    10.000 r  CLK100MHZ (IN)
                         net (fo=0)                   0.000    10.000    CLK100MHZ
    E3                   IBUF (Prop_ibuf_I_O)         1.411    11.411 r  CLK100MHZ_IBUF_inst/O
                         net (fo=1, routed)           1.920    13.331    CLK100MHZ_IBUF
    BUFGCTRL_X0Y16       BUFG (Prop_bufg_I_O)         0.091    13.422 r  CLK100MHZ_IBUF_BUFG_inst/O
                         net (fo=45614, routed)       1.503    14.925    u_accel/gen_nn_bitshift.u_accel/gen_hl2[27].membrane_buf/CLK100MHZ_IBUF_BUFG
    SLICE_X41Y102        FDCE                                         r  u_accel/gen_nn_bitshift.u_accel/gen_hl2[27].membrane_buf/membrane_out_reg[6]/C
                         clock pessimism              0.180    15.105    
                         clock uncertainty           -0.035    15.070    
    SLICE_X41Y102        FDCE (Setup_fdce_C_D)        0.031    15.101    u_accel/gen_nn_bitshift.u_accel/gen_hl2[27].membrane_buf/membrane_out_reg[6]
  -------------------------------------------------------------------
                         required time                         15.101    
                         arrival time                         -14.896    
  -------------------------------------------------------------------
                         slack                                  0.204    

Slack (MET) :             0.211ns  (required time - arrival time)
  Source:                 u_accel/gen_nn_bitshift.u_accel/q_accum/timestep_counter_reg[4]_rep__0/C
                            (rising edge-triggered cell FDCE clocked by sys_clk_pin  {rise@0.000ns fall@5.000ns period=10.000ns})
  Destination:            u_accel/gen_nn_bitshift.u_accel/gen_hl2[7].membrane_buf/membrane_out_reg[3]/D
                            (rising edge-triggered cell FDCE clocked by sys_clk_pin  {rise@0.000ns fall@5.000ns period=10.000ns})
  Path Group:             sys_clk_pin
  Path Type:              Setup (Max at Slow Process Corner)
  Requirement:            10.000ns  (sys_clk_pin rise@10.000ns - sys_clk_pin rise@0.000ns)
  Data Path Delay:        9.709ns  (logic 0.580ns (5.974%)  route 9.129ns (94.026%))
  Logic Levels:           1  (LUT5=1)
  Clock Path Skew:        -0.121ns (DCD - SCD + CPR)
    Destination Clock Delay (DCD):    4.935ns = ( 14.935 - 10.000 ) 
    Source Clock Delay      (SCD):    5.243ns
    Clock Pessimism Removal (CPR):    0.187ns
  Clock Uncertainty:      0.035ns  ((TSJ^2 + TIJ^2)^1/2 + DJ) / 2 + PE
    Total System Jitter     (TSJ):    0.071ns
    Total Input Jitter      (TIJ):    0.000ns
    Discrete Jitter          (DJ):    0.000ns
    Phase Error              (PE):    0.000ns

    Location             Delay type                Incr(ns)  Path(ns)    Netlist Resource(s)
  -------------------------------------------------------------------    -------------------
                         (clock sys_clk_pin rise edge)
                                                      0.000     0.000 r  
    E3                                                0.000     0.000 r  CLK100MHZ (IN)
                         net (fo=0)                   0.000     0.000    CLK100MHZ
    E3                   IBUF (Prop_ibuf_I_O)         1.482     1.482 r  CLK100MHZ_IBUF_inst/O
                         net (fo=1, routed)           2.025     3.506    CLK100MHZ_IBUF
    BUFGCTRL_X0Y16       BUFG (Prop_bufg_I_O)         0.096     3.602 r  CLK100MHZ_IBUF_BUFG_inst/O
                         net (fo=45614, routed)       1.640     5.243    u_accel/gen_nn_bitshift.u_accel/q_accum/CLK100MHZ_IBUF_BUFG
    SLICE_X35Y55         FDCE                                         r  u_accel/gen_nn_bitshift.u_accel/q_accum/timestep_counter_reg[4]_rep__0/C
  -------------------------------------------------------------------    -------------------
    SLICE_X35Y55         FDCE (Prop_fdce_C_Q)         0.456     5.699 r  u_accel/gen_nn_bitshift.u_accel/q_accum/timestep_counter_reg[4]_rep__0/Q
                         net (fo=128, routed)         9.129    14.828    u_accel/gen_nn_bitshift.u_accel/gen_hl2[7].membrane_buf/membrane_out_reg[12]_0
    SLICE_X62Y99         LUT5 (Prop_lut5_I1_O)        0.124    14.952 r  u_accel/gen_nn_bitshift.u_accel/gen_hl2[7].membrane_buf/membrane_out[3]_i_1/O
                         net (fo=1, routed)           0.000    14.952    u_accel/gen_nn_bitshift.u_accel/gen_hl2[7].membrane_buf/membrane_out[3]_i_1_n_0
    SLICE_X62Y99         FDCE                                         r  u_accel/gen_nn_bitshift.u_accel/gen_hl2[7].membrane_buf/membrane_out_reg[3]/D
  -------------------------------------------------------------------    -------------------

                         (clock sys_clk_pin rise edge)
                                                     10.000    10.000 r  
    E3                                                0.000    10.000 r  CLK100MHZ (IN)
                         net (fo=0)                   0.000    10.000    CLK100MHZ
    E3                   IBUF (Prop_ibuf_I_O)         1.411    11.411 r  CLK100MHZ_IBUF_inst/O
                         net (fo=1, routed)           1.920    13.331    CLK100MHZ_IBUF
    BUFGCTRL_X0Y16       BUFG (Prop_bufg_I_O)         0.091    13.422 r  CLK100MHZ_IBUF_BUFG_inst/O
                         net (fo=45614, routed)       1.512    14.935    u_accel/gen_nn_bitshift.u_accel/gen_hl2[7].membrane_buf/CLK100MHZ_IBUF_BUFG
    SLICE_X62Y99         FDCE                                         r  u_accel/gen_nn_bitshift.u_accel/gen_hl2[7].membrane_buf/membrane_out_reg[3]/C
                         clock pessimism              0.187    15.122    
                         clock uncertainty           -0.035    15.086    
    SLICE_X62Y99         FDCE (Setup_fdce_C_D)        0.077    15.163    u_accel/gen_nn_bitshift.u_accel/gen_hl2[7].membrane_buf/membrane_out_reg[3]
  -------------------------------------------------------------------
                         required time                         15.163    
                         arrival time                         -14.952    
  -------------------------------------------------------------------
                         slack                                  0.211    

Slack (MET) :             0.216ns  (required time - arrival time)
  Source:                 u_accel/gen_nn_bitshift.u_accel/q_accum/timestep_counter_reg[4]_rep__0/C
                            (rising edge-triggered cell FDCE clocked by sys_clk_pin  {rise@0.000ns fall@5.000ns period=10.000ns})
  Destination:            u_accel/gen_nn_bitshift.u_accel/gen_hl2[7].membrane_buf/membrane_out_reg[6]/D
                            (rising edge-triggered cell FDCE clocked by sys_clk_pin  {rise@0.000ns fall@5.000ns period=10.000ns})
  Path Group:             sys_clk_pin
  Path Type:              Setup (Max at Slow Process Corner)
  Requirement:            10.000ns  (sys_clk_pin rise@10.000ns - sys_clk_pin rise@0.000ns)
  Data Path Delay:        9.683ns  (logic 0.580ns (5.990%)  route 9.103ns (94.010%))
  Logic Levels:           1  (LUT5=1)
  Clock Path Skew:        -0.145ns (DCD - SCD + CPR)
    Destination Clock Delay (DCD):    4.918ns = ( 14.918 - 10.000 ) 
    Source Clock Delay      (SCD):    5.243ns
    Clock Pessimism Removal (CPR):    0.180ns
  Clock Uncertainty:      0.035ns  ((TSJ^2 + TIJ^2)^1/2 + DJ) / 2 + PE
    Total System Jitter     (TSJ):    0.071ns
    Total Input Jitter      (TIJ):    0.000ns
    Discrete Jitter          (DJ):    0.000ns
    Phase Error              (PE):    0.000ns

    Location             Delay type                Incr(ns)  Path(ns)    Netlist Resource(s)
  -------------------------------------------------------------------    -------------------
                         (clock sys_clk_pin rise edge)
                                                      0.000     0.000 r  
    E3                                                0.000     0.000 r  CLK100MHZ (IN)
                         net (fo=0)                   0.000     0.000    CLK100MHZ
    E3                   IBUF (Prop_ibuf_I_O)         1.482     1.482 r  CLK100MHZ_IBUF_inst/O
                         net (fo=1, routed)           2.025     3.506    CLK100MHZ_IBUF
    BUFGCTRL_X0Y16       BUFG (Prop_bufg_I_O)         0.096     3.602 r  CLK100MHZ_IBUF_BUFG_inst/O
                         net (fo=45614, routed)       1.640     5.243    u_accel/gen_nn_bitshift.u_accel/q_accum/CLK100MHZ_IBUF_BUFG
    SLICE_X35Y55         FDCE                                         r  u_accel/gen_nn_bitshift.u_accel/q_accum/timestep_counter_reg[4]_rep__0/C
  -------------------------------------------------------------------    -------------------
    SLICE_X35Y55         FDCE (Prop_fdce_C_Q)         0.456     5.699 r  u_accel/gen_nn_bitshift.u_accel/q_accum/timestep_counter_reg[4]_rep__0/Q
                         net (fo=128, routed)         9.103    14.801    u_accel/gen_nn_bitshift.u_accel/gen_hl2[7].membrane_buf/membrane_out_reg[12]_0
    SLICE_X66Y103        LUT5 (Prop_lut5_I1_O)        0.124    14.925 r  u_accel/gen_nn_bitshift.u_accel/gen_hl2[7].membrane_buf/membrane_out[6]_i_1/O
                         net (fo=1, routed)           0.000    14.925    u_accel/gen_nn_bitshift.u_accel/gen_hl2[7].membrane_buf/membrane_out[6]_i_1_n_0
    SLICE_X66Y103        FDCE                                         r  u_accel/gen_nn_bitshift.u_accel/gen_hl2[7].membrane_buf/membrane_out_reg[6]/D
  -------------------------------------------------------------------    -------------------

                         (clock sys_clk_pin rise edge)
                                                     10.000    10.000 r  
    E3                                                0.000    10.000 r  CLK100MHZ (IN)
                         net (fo=0)                   0.000    10.000    CLK100MHZ
    E3                   IBUF (Prop_ibuf_I_O)         1.411    11.411 r  CLK100MHZ_IBUF_inst/O
                         net (fo=1, routed)           1.920    13.331    CLK100MHZ_IBUF
    BUFGCTRL_X0Y16       BUFG (Prop_bufg_I_O)         0.091    13.422 r  CLK100MHZ_IBUF_BUFG_inst/O
                         net (fo=45614, routed)       1.496    14.918    u_accel/gen_nn_bitshift.u_accel/gen_hl2[7].membrane_buf/CLK100MHZ_IBUF_BUFG
    SLICE_X66Y103        FDCE                                         r  u_accel/gen_nn_bitshift.u_accel/gen_hl2[7].membrane_buf/membrane_out_reg[6]/C
                         clock pessimism              0.180    15.098    
                         clock uncertainty           -0.035    15.063    
    SLICE_X66Y103        FDCE (Setup_fdce_C_D)        0.079    15.142    u_accel/gen_nn_bitshift.u_accel/gen_hl2[7].membrane_buf/membrane_out_reg[6]
  -------------------------------------------------------------------
                         required time                         15.142    
                         arrival time                         -14.925    
  -------------------------------------------------------------------
                         slack                                  0.216    

Slack (MET) :             0.250ns  (required time - arrival time)
  Source:                 u_accel/gen_nn_bitshift.u_accel/q_accum/timestep_accum[0][11]_i_15_psdsp/C
                            (rising edge-triggered cell FDRE clocked by sys_clk_pin  {rise@0.000ns fall@5.000ns period=10.000ns})
  Destination:            u_accel/gen_nn_bitshift.u_accel/q_accum/q_accum_reg[0][48]/D
                            (rising edge-triggered cell FDCE clocked by sys_clk_pin  {rise@0.000ns fall@5.000ns period=10.000ns})
  Path Group:             sys_clk_pin
  Path Type:              Setup (Max at Slow Process Corner)
  Requirement:            10.000ns  (sys_clk_pin rise@10.000ns - sys_clk_pin rise@0.000ns)
  Data Path Delay:        9.698ns  (logic 5.295ns (54.597%)  route 4.403ns (45.403%))
  Logic Levels:           22  (CARRY4=17 LUT4=3 LUT5=2)
  Clock Path Skew:        -0.093ns (DCD - SCD + CPR)
    Destination Clock Delay (DCD):    5.095ns = ( 15.095 - 10.000 ) 
    Source Clock Delay      (SCD):    5.384ns
    Clock Pessimism Removal (CPR):    0.195ns
  Clock Uncertainty:      0.035ns  ((TSJ^2 + TIJ^2)^1/2 + DJ) / 2 + PE
    Total System Jitter     (TSJ):    0.071ns
    Total Input Jitter      (TIJ):    0.000ns
    Discrete Jitter          (DJ):    0.000ns
    Phase Error              (PE):    0.000ns

    Location             Delay type                Incr(ns)  Path(ns)    Netlist Resource(s)
  -------------------------------------------------------------------    -------------------
                         (clock sys_clk_pin rise edge)
                                                      0.000     0.000 r  
    E3                                                0.000     0.000 r  CLK100MHZ (IN)
                         net (fo=0)                   0.000     0.000    CLK100MHZ
    E3                   IBUF (Prop_ibuf_I_O)         1.482     1.482 r  CLK100MHZ_IBUF_inst/O
                         net (fo=1, routed)           2.025     3.506    CLK100MHZ_IBUF
    BUFGCTRL_X0Y16       BUFG (Prop_bufg_I_O)         0.096     3.602 r  CLK100MHZ_IBUF_BUFG_inst/O
                         net (fo=45614, routed)       1.781     5.384    u_accel/gen_nn_bitshift.u_accel/q_accum/CLK100MHZ_IBUF_BUFG
    SLICE_X54Y22         FDRE                                         r  u_accel/gen_nn_bitshift.u_accel/q_accum/timestep_accum[0][11]_i_15_psdsp/C
  -------------------------------------------------------------------    -------------------
    SLICE_X54Y22         FDRE (Prop_fdre_C_Q)         0.518     5.902 r  u_accel/gen_nn_bitshift.u_accel/q_accum/timestep_accum[0][11]_i_15_psdsp/Q
                         net (fo=2, routed)           1.024     6.925    u_accel/gen_nn_bitshift.u_accel/q_accum/p_0_out__6_n_102
    SLICE_X54Y22         LUT4 (Prop_lut4_I0_O)        0.124     7.049 r  u_accel/gen_nn_bitshift.u_accel/q_accum/timestep_accum[0][11]_i_15/O
                         net (fo=2, routed)           0.579     7.628    u_accel/gen_nn_bitshift.u_accel/q_accum/timestep_accum[0][11]_i_15_n_0
    SLICE_X53Y23         LUT5 (Prop_lut5_I0_O)        0.124     7.752 r  u_accel/gen_nn_bitshift.u_accel/q_accum/timestep_accum[0][11]_i_19/O
                         net (fo=1, routed)           0.000     7.752    u_accel/gen_nn_bitshift.u_accel/q_accum/timestep_accum[0][11]_i_19_n_0
    SLICE_X53Y23         CARRY4 (Prop_carry4_S[0]_CO[3])
                                                      0.532     8.284 r  u_accel/gen_nn_bitshift.u_accel/q_accum/timestep_accum_reg[0][11]_i_11/CO[3]
                         net (fo=1, routed)           0.000     8.284    u_accel/gen_nn_bitshift.u_accel/q_accum/timestep_accum_reg[0][11]_i_11_n_0
    SLICE_X53Y24         CARRY4 (Prop_carry4_CI_CO[3])
                                                      0.114     8.398 r  u_accel/gen_nn_bitshift.u_accel/q_accum/i___16_i_21/CO[3]
                         net (fo=1, routed)           0.009     8.407    u_accel/gen_nn_bitshift.u_accel/q_accum/i___16_i_21_n_0
    SLICE_X53Y25         CARRY4 (Prop_carry4_CI_CO[3])
                                                      0.114     8.521 r  u_accel/gen_nn_bitshift.u_accel/q_accum/i___16_i_20/CO[3]
                         net (fo=1, routed)           0.000     8.521    u_accel/gen_nn_bitshift.u_accel/q_accum/i___16_i_20_n_0
    SLICE_X53Y26         CARRY4 (Prop_carry4_CI_CO[3])
                                                      0.114     8.635 r  u_accel/gen_nn_bitshift.u_accel/q_accum/i___16_i_19/CO[3]
                         net (fo=1, routed)           0.000     8.635    u_accel/gen_nn_bitshift.u_accel/q_accum/i___16_i_19_n_0
    SLICE_X53Y27         CARRY4 (Prop_carry4_CI_CO[3])
                                                      0.114     8.749 r  u_accel/gen_nn_bitshift.u_accel/q_accum/i___17_i_10/CO[3]
                         net (fo=1, routed)           0.000     8.749    u_accel/gen_nn_bitshift.u_accel/q_accum/i___17_i_10_n_0
    SLICE_X53Y28         CARRY4 (Prop_carry4_CI_CO[3])
                                                      0.114     8.863 r  u_accel/gen_nn_bitshift.u_accel/q_accum/i___19_i_10/CO[3]
                         net (fo=1, routed)           0.000     8.863    u_accel/gen_nn_bitshift.u_accel/q_accum/i___19_i_10_n_0
    SLICE_X53Y29         CARRY4 (Prop_carry4_CI_O[1])
                                                      0.334     9.197 r  u_accel/gen_nn_bitshift.u_accel/q_accum/i___6_i_13/O[1]
                         net (fo=2, routed)           0.864    10.062    u_accel/gen_nn_bitshift.u_accel/q_accum/i___6_i_13_n_6
    SLICE_X51Y26         LUT4 (Prop_lut4_I2_O)        0.303    10.365 r  u_accel/gen_nn_bitshift.u_accel/q_accum/timestep_accum[0][31]_i_4/O
                         net (fo=2, routed)           0.632    10.996    u_accel/gen_nn_bitshift.u_accel/q_accum/timestep_accum[0][31]_i_4_n_0
    SLICE_X52Y26         CARRY4 (Prop_carry4_DI[2]_CO[3])
                                                      0.398    11.394 r  u_accel/gen_nn_bitshift.u_accel/q_accum/timestep_accum_reg[0][31]_i_2/CO[3]
                         net (fo=1, routed)           0.000    11.394    u_accel/gen_nn_bitshift.u_accel/q_accum/timestep_accum_reg[0][31]_i_2_n_0
    SLICE_X52Y27         CARRY4 (Prop_carry4_CI_CO[3])
                                                      0.114    11.508 r  u_accel/gen_nn_bitshift.u_accel/q_accum/timestep_accum_reg[0][35]_i_2/CO[3]
                         net (fo=1, routed)           0.000    11.508    u_accel/gen_nn_bitshift.u_accel/q_accum/timestep_accum_reg[0][35]_i_2_n_0
    SLICE_X52Y28         CARRY4 (Prop_carry4_CI_O[1])
                                                      0.334    11.842 r  u_accel/gen_nn_bitshift.u_accel/q_accum/timestep_accum_reg[0][39]_i_2/O[1]
                         net (fo=4, routed)           0.819    12.662    u_accel/gen_nn_bitshift.u_accel/q_accum/full_timestep_sum[0]_127[37]
    SLICE_X49Y32         LUT4 (Prop_lut4_I0_O)        0.303    12.965 r  u_accel/gen_nn_bitshift.u_accel/q_accum/q_accum[0][27]_i_9/O
                         net (fo=1, routed)           0.000    12.965    u_accel/gen_nn_bitshift.u_accel/q_accum/q_accum[0][27]_i_9_n_0
    SLICE_X49Y32         CARRY4 (Prop_carry4_S[1]_CO[3])
                                                      0.550    13.515 r  u_accel/gen_nn_bitshift.u_accel/q_accum/q_accum_reg[0][27]_i_2/CO[3]
                         net (fo=1, routed)           0.000    13.515    u_accel/gen_nn_bitshift.u_accel/q_accum/q_accum_reg[0][27]_i_2_n_0
    SLICE_X49Y33         CARRY4 (Prop_carry4_CI_CO[3])
                                                      0.114    13.629 r  u_accel/gen_nn_bitshift.u_accel/q_accum/q_accum_reg[0][31]_i_2/CO[3]
                         net (fo=1, routed)           0.000    13.629    u_accel/gen_nn_bitshift.u_accel/q_accum/q_accum_reg[0][31]_i_2_n_0
    SLICE_X49Y34         CARRY4 (Prop_carry4_CI_CO[3])
                                                      0.114    13.743 r  u_accel/gen_nn_bitshift.u_accel/q_accum/q_accum_reg[0][35]_i_2/CO[3]
                         net (fo=1, routed)           0.000    13.743    u_accel/gen_nn_bitshift.u_accel/q_accum/q_accum_reg[0][35]_i_2_n_0
    SLICE_X49Y35         CARRY4 (Prop_carry4_CI_CO[3])
                                                      0.114    13.857 r  u_accel/gen_nn_bitshift.u_accel/q_accum/q_accum_reg[0][39]_i_2/CO[3]
                         net (fo=1, routed)           0.000    13.857    u_accel/gen_nn_bitshift.u_accel/q_accum/q_accum_reg[0][39]_i_2_n_0
    SLICE_X49Y36         CARRY4 (Prop_carry4_CI_CO[3])
                                                      0.114    13.971 r  u_accel/gen_nn_bitshift.u_accel/q_accum/q_accum_reg[0][43]_i_2/CO[3]
                         net (fo=1, routed)           0.000    13.971    u_accel/gen_nn_bitshift.u_accel/q_accum/q_accum_reg[0][43]_i_2_n_0
    SLICE_X49Y37         CARRY4 (Prop_carry4_CI_CO[3])
                                                      0.114    14.085 r  u_accel/gen_nn_bitshift.u_accel/q_accum/q_accum_reg[0][47]_i_2/CO[3]
                         net (fo=1, routed)           0.000    14.085    u_accel/gen_nn_bitshift.u_accel/q_accum/q_accum_reg[0][47]_i_2_n_0
    SLICE_X49Y38         CARRY4 (Prop_carry4_CI_O[0])
                                                      0.222    14.307 r  u_accel/gen_nn_bitshift.u_accel/q_accum/q_accum_reg[0][51]_i_2/O[0]
                         net (fo=1, routed)           0.476    14.783    u_accel/gen_nn_bitshift.u_accel/q_accum/q_accum_reg[0][51]_i_2_n_7
    SLICE_X50Y38         LUT5 (Prop_lut5_I3_O)        0.299    15.082 r  u_accel/gen_nn_bitshift.u_accel/q_accum/q_accum[0][48]_i_1/O
                         net (fo=1, routed)           0.000    15.082    u_accel/gen_nn_bitshift.u_accel/q_accum/q_accum[0][48]_i_1_n_0
    SLICE_X50Y38         FDCE                                         r  u_accel/gen_nn_bitshift.u_accel/q_accum/q_accum_reg[0][48]/D
  -------------------------------------------------------------------    -------------------

                         (clock sys_clk_pin rise edge)
                                                     10.000    10.000 r  
    E3                                                0.000    10.000 r  CLK100MHZ (IN)
                         net (fo=0)                   0.000    10.000    CLK100MHZ
    E3                   IBUF (Prop_ibuf_I_O)         1.411    11.411 r  CLK100MHZ_IBUF_inst/O
                         net (fo=1, routed)           1.920    13.331    CLK100MHZ_IBUF
    BUFGCTRL_X0Y16       BUFG (Prop_bufg_I_O)         0.091    13.422 r  CLK100MHZ_IBUF_BUFG_inst/O
                         net (fo=45614, routed)       1.673    15.095    u_accel/gen_nn_bitshift.u_accel/q_accum/CLK100MHZ_IBUF_BUFG
    SLICE_X50Y38         FDCE                                         r  u_accel/gen_nn_bitshift.u_accel/q_accum/q_accum_reg[0][48]/C
                         clock pessimism              0.195    15.291    
                         clock uncertainty           -0.035    15.255    
    SLICE_X50Y38         FDCE (Setup_fdce_C_D)        0.077    15.332    u_accel/gen_nn_bitshift.u_accel/q_accum/q_accum_reg[0][48]
  -------------------------------------------------------------------
                         required time                         15.332    
                         arrival time                         -15.082    
  -------------------------------------------------------------------
                         slack                                  0.250    





Min Delay Paths
--------------------------------------------------------------------------------------
Slack (MET) :             0.010ns  (arrival time - required time)
  Source:                 u_accel/gen_nn_bitshift.u_accel/gen_hl2[17].hl2_lif/mul_scaled_result_reg_reg[34]/C
                            (rising edge-triggered cell FDCE clocked by sys_clk_pin  {rise@0.000ns fall@5.000ns period=10.000ns})
  Destination:            u_accel/gen_nn_bitshift.u_accel/gen_hl2[17].hl2_lif/membrane_pre_reset_reg_reg[18]/D
                            (rising edge-triggered cell FDCE clocked by sys_clk_pin  {rise@0.000ns fall@5.000ns period=10.000ns})
  Path Group:             sys_clk_pin
  Path Type:              Hold (Min at Fast Process Corner)
  Requirement:            0.000ns  (sys_clk_pin rise@0.000ns - sys_clk_pin rise@0.000ns)
  Data Path Delay:        0.368ns  (logic 0.186ns (50.580%)  route 0.182ns (49.420%))
  Logic Levels:           1  (LUT2=1)
  Clock Path Skew:        0.266ns (DCD - SCD - CPR)
    Destination Clock Delay (DCD):    1.996ns
    Source Clock Delay      (SCD):    1.479ns
    Clock Pessimism Removal (CPR):    0.250ns

    Location             Delay type                Incr(ns)  Path(ns)    Netlist Resource(s)
  -------------------------------------------------------------------    -------------------
                         (clock sys_clk_pin rise edge)
                                                      0.000     0.000 r  
    E3                                                0.000     0.000 r  CLK100MHZ (IN)
                         net (fo=0)                   0.000     0.000    CLK100MHZ
    E3                   IBUF (Prop_ibuf_I_O)         0.250     0.250 r  CLK100MHZ_IBUF_inst/O
                         net (fo=1, routed)           0.644     0.894    CLK100MHZ_IBUF
    BUFGCTRL_X0Y16       BUFG (Prop_bufg_I_O)         0.026     0.920 r  CLK100MHZ_IBUF_BUFG_inst/O
                         net (fo=45614, routed)       0.560     1.479    u_accel/gen_nn_bitshift.u_accel/gen_hl2[17].hl2_lif/CLK100MHZ_IBUF_BUFG
    SLICE_X52Y63         FDCE                                         r  u_accel/gen_nn_bitshift.u_accel/gen_hl2[17].hl2_lif/mul_scaled_result_reg_reg[34]/C
  -------------------------------------------------------------------    -------------------
    SLICE_X52Y63         FDCE (Prop_fdce_C_Q)         0.141     1.620 r  u_accel/gen_nn_bitshift.u_accel/gen_hl2[17].hl2_lif/mul_scaled_result_reg_reg[34]/Q
                         net (fo=1, routed)           0.182     1.802    u_accel/gen_nn_bitshift.u_accel/gen_hl2[17].hl2_lif/mul_scaled_result_reg_reg_n_0_[34]
    SLICE_X51Y62         LUT2 (Prop_lut2_I0_O)        0.045     1.847 r  u_accel/gen_nn_bitshift.u_accel/gen_hl2[17].hl2_lif/membrane_pre_reset_reg[18]_i_1__70/O
                         net (fo=1, routed)           0.000     1.847    u_accel/gen_nn_bitshift.u_accel/gen_hl2[17].hl2_lif/membrane_pre_reset_reg[18]_i_1__70_n_0
    SLICE_X51Y62         FDCE                                         r  u_accel/gen_nn_bitshift.u_accel/gen_hl2[17].hl2_lif/membrane_pre_reset_reg_reg[18]/D
  -------------------------------------------------------------------    -------------------

                         (clock sys_clk_pin rise edge)
                                                      0.000     0.000 r  
    E3                                                0.000     0.000 r  CLK100MHZ (IN)
                         net (fo=0)                   0.000     0.000    CLK100MHZ
    E3                   IBUF (Prop_ibuf_I_O)         0.438     0.438 r  CLK100MHZ_IBUF_inst/O
                         net (fo=1, routed)           0.699     1.136    CLK100MHZ_IBUF
    BUFGCTRL_X0Y16       BUFG (Prop_bufg_I_O)         0.029     1.165 r  CLK100MHZ_IBUF_BUFG_inst/O
                         net (fo=45614, routed)       0.831     1.996    u_accel/gen_nn_bitshift.u_accel/gen_hl2[17].hl2_lif/CLK100MHZ_IBUF_BUFG
    SLICE_X51Y62         FDCE                                         r  u_accel/gen_nn_bitshift.u_accel/gen_hl2[17].hl2_lif/membrane_pre_reset_reg_reg[18]/C
                         clock pessimism             -0.250     1.745    
    SLICE_X51Y62         FDCE (Hold_fdce_C_D)         0.092     1.837    u_accel/gen_nn_bitshift.u_accel/gen_hl2[17].hl2_lif/membrane_pre_reset_reg_reg[18]
  -------------------------------------------------------------------
                         required time                         -1.837    
                         arrival time                           1.847    
  -------------------------------------------------------------------
                         slack                                  0.010    

Slack (MET) :             0.027ns  (arrival time - required time)
  Source:                 u_accel/gen_nn_bitshift.u_accel/fc2/outputs_reg[23][3]/C
                            (rising edge-triggered cell FDCE clocked by sys_clk_pin  {rise@0.000ns fall@5.000ns period=10.000ns})
  Destination:            u_accel/gen_nn_bitshift.u_accel/gen_hl2[23].hl2_lif/current_latched_reg[3]/D
                            (rising edge-triggered cell FDCE clocked by sys_clk_pin  {rise@0.000ns fall@5.000ns period=10.000ns})
  Path Group:             sys_clk_pin
  Path Type:              Hold (Min at Fast Process Corner)
  Requirement:            0.000ns  (sys_clk_pin rise@0.000ns - sys_clk_pin rise@0.000ns)
  Data Path Delay:        0.426ns  (logic 0.212ns (49.790%)  route 0.214ns (50.210%))
  Logic Levels:           1  (LUT2=1)
  Clock Path Skew:        0.268ns (DCD - SCD - CPR)
    Destination Clock Delay (DCD):    1.989ns
    Source Clock Delay      (SCD):    1.470ns
    Clock Pessimism Removal (CPR):    0.250ns

    Location             Delay type                Incr(ns)  Path(ns)    Netlist Resource(s)
  -------------------------------------------------------------------    -------------------
                         (clock sys_clk_pin rise edge)
                                                      0.000     0.000 r  
    E3                                                0.000     0.000 r  CLK100MHZ (IN)
                         net (fo=0)                   0.000     0.000    CLK100MHZ
    E3                   IBUF (Prop_ibuf_I_O)         0.250     0.250 r  CLK100MHZ_IBUF_inst/O
                         net (fo=1, routed)           0.644     0.894    CLK100MHZ_IBUF
    BUFGCTRL_X0Y16       BUFG (Prop_bufg_I_O)         0.026     0.920 r  CLK100MHZ_IBUF_BUFG_inst/O
                         net (fo=45614, routed)       0.551     1.470    u_accel/gen_nn_bitshift.u_accel/fc2/CLK100MHZ_IBUF_BUFG
    SLICE_X54Y74         FDCE                                         r  u_accel/gen_nn_bitshift.u_accel/fc2/outputs_reg[23][3]/C
  -------------------------------------------------------------------    -------------------
    SLICE_X54Y74         FDCE (Prop_fdce_C_Q)         0.164     1.634 r  u_accel/gen_nn_bitshift.u_accel/fc2/outputs_reg[23][3]/Q
                         net (fo=1, routed)           0.214     1.848    u_accel/gen_nn_bitshift.u_accel/fc2/fc2_outputs[23]_100[3]
    SLICE_X50Y70         LUT2 (Prop_lut2_I0_O)        0.048     1.896 r  u_accel/gen_nn_bitshift.u_accel/fc2/current_latched[3]_i_1__63/O
                         net (fo=1, routed)           0.000     1.896    u_accel/gen_nn_bitshift.u_accel/gen_hl2[23].hl2_lif/D[3]
    SLICE_X50Y70         FDCE                                         r  u_accel/gen_nn_bitshift.u_accel/gen_hl2[23].hl2_lif/current_latched_reg[3]/D
  -------------------------------------------------------------------    -------------------

                         (clock sys_clk_pin rise edge)
                                                      0.000     0.000 r  
    E3                                                0.000     0.000 r  CLK100MHZ (IN)
                         net (fo=0)                   0.000     0.000    CLK100MHZ
    E3                   IBUF (Prop_ibuf_I_O)         0.438     0.438 r  CLK100MHZ_IBUF_inst/O
                         net (fo=1, routed)           0.699     1.136    CLK100MHZ_IBUF
    BUFGCTRL_X0Y16       BUFG (Prop_bufg_I_O)         0.029     1.165 r  CLK100MHZ_IBUF_BUFG_inst/O
                         net (fo=45614, routed)       0.824     1.989    u_accel/gen_nn_bitshift.u_accel/gen_hl2[23].hl2_lif/CLK100MHZ_IBUF_BUFG
    SLICE_X50Y70         FDCE                                         r  u_accel/gen_nn_bitshift.u_accel/gen_hl2[23].hl2_lif/current_latched_reg[3]/C
                         clock pessimism             -0.250     1.738    
    SLICE_X50Y70         FDCE (Hold_fdce_C_D)         0.131     1.869    u_accel/gen_nn_bitshift.u_accel/gen_hl2[23].hl2_lif/current_latched_reg[3]
  -------------------------------------------------------------------
                         required time                         -1.869    
                         arrival time                           1.896    
  -------------------------------------------------------------------
                         slack                                  0.027    

Slack (MET) :             0.031ns  (arrival time - required time)
  Source:                 u_accel/gen_nn_bitshift.u_accel/gen_hl1_lif[51].hl1_lif/current_latched_reg[13]/C
                            (rising edge-triggered cell FDCE clocked by sys_clk_pin  {rise@0.000ns fall@5.000ns period=10.000ns})
  Destination:            u_accel/gen_nn_bitshift.u_accel/gen_hl1_lif[51].hl1_lif/numerator_reg_reg[13]/D
                            (rising edge-triggered cell FDCE clocked by sys_clk_pin  {rise@0.000ns fall@5.000ns period=10.000ns})
  Path Group:             sys_clk_pin
  Path Type:              Hold (Min at Fast Process Corner)
  Requirement:            0.000ns  (sys_clk_pin rise@0.000ns - sys_clk_pin rise@0.000ns)
  Data Path Delay:        0.489ns  (logic 0.291ns (59.492%)  route 0.198ns (40.508%))
  Logic Levels:           2  (CARRY4=1 LUT3=1)
  Clock Path Skew:        0.353ns (DCD - SCD - CPR)
    Destination Clock Delay (DCD):    2.086ns
    Source Clock Delay      (SCD):    1.482ns
    Clock Pessimism Removal (CPR):    0.250ns

    Location             Delay type                Incr(ns)  Path(ns)    Netlist Resource(s)
  -------------------------------------------------------------------    -------------------
                         (clock sys_clk_pin rise edge)
                                                      0.000     0.000 r  
    E3                                                0.000     0.000 r  CLK100MHZ (IN)
                         net (fo=0)                   0.000     0.000    CLK100MHZ
    E3                   IBUF (Prop_ibuf_I_O)         0.250     0.250 r  CLK100MHZ_IBUF_inst/O
                         net (fo=1, routed)           0.644     0.894    CLK100MHZ_IBUF
    BUFGCTRL_X0Y16       BUFG (Prop_bufg_I_O)         0.026     0.920 r  CLK100MHZ_IBUF_BUFG_inst/O
                         net (fo=45614, routed)       0.563     1.482    u_accel/gen_nn_bitshift.u_accel/gen_hl1_lif[51].hl1_lif/CLK100MHZ_IBUF_BUFG
    SLICE_X68Y149        FDCE                                         r  u_accel/gen_nn_bitshift.u_accel/gen_hl1_lif[51].hl1_lif/current_latched_reg[13]/C
  -------------------------------------------------------------------    -------------------
    SLICE_X68Y149        FDCE (Prop_fdce_C_Q)         0.128     1.610 r  u_accel/gen_nn_bitshift.u_accel/gen_hl1_lif[51].hl1_lif/current_latched_reg[13]/Q
                         net (fo=1, routed)           0.198     1.809    u_accel/gen_nn_bitshift.u_accel/gen_hl1_lif[51].hl1_lif/current_latched_reg_n_0_[13]
    SLICE_X65Y150        LUT3 (Prop_lut3_I2_O)        0.098     1.907 r  u_accel/gen_nn_bitshift.u_accel/gen_hl1_lif[51].hl1_lif/numerator_reg[15]_i_8__9/O
                         net (fo=1, routed)           0.000     1.907    u_accel/gen_nn_bitshift.u_accel/gen_hl1_lif[51].hl1_lif/numerator_reg[15]_i_8__9_n_0
    SLICE_X65Y150        CARRY4 (Prop_carry4_S[1]_O[1])
                                                      0.065     1.972 r  u_accel/gen_nn_bitshift.u_accel/gen_hl1_lif[51].hl1_lif/numerator_reg_reg[15]_i_1__9/O[1]
                         net (fo=1, routed)           0.000     1.972    u_accel/gen_nn_bitshift.u_accel/gen_hl1_lif[51].hl1_lif/numerator_reg_reg[15]_i_1__9_n_6
    SLICE_X65Y150        FDCE                                         r  u_accel/gen_nn_bitshift.u_accel/gen_hl1_lif[51].hl1_lif/numerator_reg_reg[13]/D
  -------------------------------------------------------------------    -------------------

                         (clock sys_clk_pin rise edge)
                                                      0.000     0.000 r  
    E3                                                0.000     0.000 r  CLK100MHZ (IN)
                         net (fo=0)                   0.000     0.000    CLK100MHZ
    E3                   IBUF (Prop_ibuf_I_O)         0.438     0.438 r  CLK100MHZ_IBUF_inst/O
                         net (fo=1, routed)           0.699     1.136    CLK100MHZ_IBUF
    BUFGCTRL_X0Y16       BUFG (Prop_bufg_I_O)         0.029     1.165 r  CLK100MHZ_IBUF_BUFG_inst/O
                         net (fo=45614, routed)       0.921     2.086    u_accel/gen_nn_bitshift.u_accel/gen_hl1_lif[51].hl1_lif/CLK100MHZ_IBUF_BUFG
    SLICE_X65Y150        FDCE                                         r  u_accel/gen_nn_bitshift.u_accel/gen_hl1_lif[51].hl1_lif/numerator_reg_reg[13]/C
                         clock pessimism             -0.250     1.836    
    SLICE_X65Y150        FDCE (Hold_fdce_C_D)         0.105     1.941    u_accel/gen_nn_bitshift.u_accel/gen_hl1_lif[51].hl1_lif/numerator_reg_reg[13]
  -------------------------------------------------------------------
                         required time                         -1.941    
                         arrival time                           1.972    
  -------------------------------------------------------------------
                         slack                                  0.031    

Slack (MET) :             0.042ns  (arrival time - required time)
  Source:                 u_accel/gen_nn_bitshift.u_accel/gen_hl1_lif[5].hl1_lif/finalize_membrane_reg_reg[3]/C
                            (rising edge-triggered cell FDCE clocked by sys_clk_pin  {rise@0.000ns fall@5.000ns period=10.000ns})
  Destination:            u_accel/gen_nn_bitshift.u_accel/gen_hl1_lif[5].hl1_lif/history_buffer_reg[2][3]/D
                            (rising edge-triggered cell FDCE clocked by sys_clk_pin  {rise@0.000ns fall@5.000ns period=10.000ns})
  Path Group:             sys_clk_pin
  Path Type:              Hold (Min at Fast Process Corner)
  Requirement:            0.000ns  (sys_clk_pin rise@0.000ns - sys_clk_pin rise@0.000ns)
  Data Path Delay:        0.407ns  (logic 0.192ns (47.188%)  route 0.215ns (52.812%))
  Logic Levels:           1  (LUT2=1)
  Clock Path Skew:        0.267ns (DCD - SCD - CPR)
    Destination Clock Delay (DCD):    2.077ns
    Source Clock Delay      (SCD):    1.556ns
    Clock Pessimism Removal (CPR):    0.255ns

    Location             Delay type                Incr(ns)  Path(ns)    Netlist Resource(s)
  -------------------------------------------------------------------    -------------------
                         (clock sys_clk_pin rise edge)
                                                      0.000     0.000 r  
    E3                                                0.000     0.000 r  CLK100MHZ (IN)
                         net (fo=0)                   0.000     0.000    CLK100MHZ
    E3                   IBUF (Prop_ibuf_I_O)         0.250     0.250 r  CLK100MHZ_IBUF_inst/O
                         net (fo=1, routed)           0.644     0.894    CLK100MHZ_IBUF
    BUFGCTRL_X0Y16       BUFG (Prop_bufg_I_O)         0.026     0.920 r  CLK100MHZ_IBUF_BUFG_inst/O
                         net (fo=45614, routed)       0.636     1.556    u_accel/gen_nn_bitshift.u_accel/gen_hl1_lif[5].hl1_lif/CLK100MHZ_IBUF_BUFG
    SLICE_X52Y185        FDCE                                         r  u_accel/gen_nn_bitshift.u_accel/gen_hl1_lif[5].hl1_lif/finalize_membrane_reg_reg[3]/C
  -------------------------------------------------------------------    -------------------
    SLICE_X52Y185        FDCE (Prop_fdce_C_Q)         0.141     1.697 r  u_accel/gen_nn_bitshift.u_accel/gen_hl1_lif[5].hl1_lif/finalize_membrane_reg_reg[3]/Q
                         net (fo=1, routed)           0.215     1.912    u_accel/gen_nn_bitshift.u_accel/gen_hl1_lif[5].hl1_lif/finalize_membrane_reg_reg_n_0_[3]
    SLICE_X47Y185        LUT2 (Prop_lut2_I0_O)        0.051     1.963 r  u_accel/gen_nn_bitshift.u_accel/gen_hl1_lif[5].hl1_lif/history_buffer[3][3]_i_1__56/O
                         net (fo=4, routed)           0.000     1.963    u_accel/gen_nn_bitshift.u_accel/gen_hl1_lif[5].hl1_lif/history_buffer[3][3]_i_1__56_n_0
    SLICE_X47Y185        FDCE                                         r  u_accel/gen_nn_bitshift.u_accel/gen_hl1_lif[5].hl1_lif/history_buffer_reg[2][3]/D
  -------------------------------------------------------------------    -------------------

                         (clock sys_clk_pin rise edge)
                                                      0.000     0.000 r  
    E3                                                0.000     0.000 r  CLK100MHZ (IN)
                         net (fo=0)                   0.000     0.000    CLK100MHZ
    E3                   IBUF (Prop_ibuf_I_O)         0.438     0.438 r  CLK100MHZ_IBUF_inst/O
                         net (fo=1, routed)           0.699     1.136    CLK100MHZ_IBUF
    BUFGCTRL_X0Y16       BUFG (Prop_bufg_I_O)         0.029     1.165 r  CLK100MHZ_IBUF_BUFG_inst/O
                         net (fo=45614, routed)       0.912     2.077    u_accel/gen_nn_bitshift.u_accel/gen_hl1_lif[5].hl1_lif/CLK100MHZ_IBUF_BUFG
    SLICE_X47Y185        FDCE                                         r  u_accel/gen_nn_bitshift.u_accel/gen_hl1_lif[5].hl1_lif/history_buffer_reg[2][3]/C
                         clock pessimism             -0.255     1.823    
    SLICE_X47Y185        FDCE (Hold_fdce_C_D)         0.098     1.921    u_accel/gen_nn_bitshift.u_accel/gen_hl1_lif[5].hl1_lif/history_buffer_reg[2][3]
  -------------------------------------------------------------------
                         required time                         -1.921    
                         arrival time                           1.963    
  -------------------------------------------------------------------
                         slack                                  0.042    

Slack (MET) :             0.045ns  (arrival time - required time)
  Source:                 u_accel/gen_nn_bitshift.u_accel/gen_hl2[22].hl2_lif/output_valid_reg/C
                            (rising edge-triggered cell FDCE clocked by sys_clk_pin  {rise@0.000ns fall@5.000ns period=10.000ns})
  Destination:            u_accel/gen_nn_bitshift.u_accel/hl2_output_valid_delayed_reg[22]/D
                            (rising edge-triggered cell FDCE clocked by sys_clk_pin  {rise@0.000ns fall@5.000ns period=10.000ns})
  Path Group:             sys_clk_pin
  Path Type:              Hold (Min at Fast Process Corner)
  Requirement:            0.000ns  (sys_clk_pin rise@0.000ns - sys_clk_pin rise@0.000ns)
  Data Path Delay:        0.378ns  (logic 0.148ns (39.126%)  route 0.230ns (60.874%))
  Logic Levels:           0  
  Clock Path Skew:        0.328ns (DCD - SCD - CPR)
    Destination Clock Delay (DCD):    2.096ns
    Source Clock Delay      (SCD):    1.517ns
    Clock Pessimism Removal (CPR):    0.250ns

    Location             Delay type                Incr(ns)  Path(ns)    Netlist Resource(s)
  -------------------------------------------------------------------    -------------------
                         (clock sys_clk_pin rise edge)
                                                      0.000     0.000 r  
    E3                                                0.000     0.000 r  CLK100MHZ (IN)
                         net (fo=0)                   0.000     0.000    CLK100MHZ
    E3                   IBUF (Prop_ibuf_I_O)         0.250     0.250 r  CLK100MHZ_IBUF_inst/O
                         net (fo=1, routed)           0.644     0.894    CLK100MHZ_IBUF
    BUFGCTRL_X0Y16       BUFG (Prop_bufg_I_O)         0.026     0.920 r  CLK100MHZ_IBUF_BUFG_inst/O
                         net (fo=45614, routed)       0.598     1.517    u_accel/gen_nn_bitshift.u_accel/gen_hl2[22].hl2_lif/CLK100MHZ_IBUF_BUFG
    SLICE_X76Y50         FDCE                                         r  u_accel/gen_nn_bitshift.u_accel/gen_hl2[22].hl2_lif/output_valid_reg/C
  -------------------------------------------------------------------    -------------------
    SLICE_X76Y50         FDCE (Prop_fdce_C_Q)         0.148     1.665 r  u_accel/gen_nn_bitshift.u_accel/gen_hl2[22].hl2_lif/output_valid_reg/Q
                         net (fo=1, routed)           0.230     1.896    u_accel/gen_nn_bitshift.u_accel/hl2_output_valid[22]_636
    SLICE_X76Y47         FDCE                                         r  u_accel/gen_nn_bitshift.u_accel/hl2_output_valid_delayed_reg[22]/D
  -------------------------------------------------------------------    -------------------

                         (clock sys_clk_pin rise edge)
                                                      0.000     0.000 r  
    E3                                                0.000     0.000 r  CLK100MHZ (IN)
                         net (fo=0)                   0.000     0.000    CLK100MHZ
    E3                   IBUF (Prop_ibuf_I_O)         0.438     0.438 r  CLK100MHZ_IBUF_inst/O
                         net (fo=1, routed)           0.699     1.136    CLK100MHZ_IBUF
    BUFGCTRL_X0Y16       BUFG (Prop_bufg_I_O)         0.029     1.165 r  CLK100MHZ_IBUF_BUFG_inst/O
                         net (fo=45614, routed)       0.931     2.096    u_accel/gen_nn_bitshift.u_accel/CLK100MHZ_IBUF_BUFG
    SLICE_X76Y47         FDCE                                         r  u_accel/gen_nn_bitshift.u_accel/hl2_output_valid_delayed_reg[22]/C
                         clock pessimism             -0.250     1.845    
    SLICE_X76Y47         FDCE (Hold_fdce_C_D)         0.005     1.850    u_accel/gen_nn_bitshift.u_accel/hl2_output_valid_delayed_reg[22]
  -------------------------------------------------------------------
                         required time                         -1.850    
                         arrival time                           1.896    
  -------------------------------------------------------------------
                         slack                                  0.045    

Slack (MET) :             0.046ns  (arrival time - required time)
  Source:                 u_accel/gen_nn_bitshift.u_accel/gen_hl2[7].hl2_lif/membrane_out_reg[5]/C
                            (rising edge-triggered cell FDCE clocked by sys_clk_pin  {rise@0.000ns fall@5.000ns period=10.000ns})
  Destination:            u_accel/gen_nn_bitshift.u_accel/gen_hl2[7].membrane_buf/membrane_storage_reg[2][5]/D
                            (rising edge-triggered cell FDRE clocked by sys_clk_pin  {rise@0.000ns fall@5.000ns period=10.000ns})
  Path Group:             sys_clk_pin
  Path Type:              Hold (Min at Fast Process Corner)
  Requirement:            0.000ns  (sys_clk_pin rise@0.000ns - sys_clk_pin rise@0.000ns)
  Data Path Delay:        0.387ns  (logic 0.141ns (36.442%)  route 0.246ns (63.558%))
  Logic Levels:           0  
  Clock Path Skew:        0.266ns (DCD - SCD - CPR)
    Destination Clock Delay (DCD):    2.000ns
    Source Clock Delay      (SCD):    1.488ns
    Clock Pessimism Removal (CPR):    0.245ns

    Location             Delay type                Incr(ns)  Path(ns)    Netlist Resource(s)
  -------------------------------------------------------------------    -------------------
                         (clock sys_clk_pin rise edge)
                                                      0.000     0.000 r  
    E3                                                0.000     0.000 r  CLK100MHZ (IN)
                         net (fo=0)                   0.000     0.000    CLK100MHZ
    E3                   IBUF (Prop_ibuf_I_O)         0.250     0.250 r  CLK100MHZ_IBUF_inst/O
                         net (fo=1, routed)           0.644     0.894    CLK100MHZ_IBUF
    BUFGCTRL_X0Y16       BUFG (Prop_bufg_I_O)         0.026     0.920 r  CLK100MHZ_IBUF_BUFG_inst/O
                         net (fo=45614, routed)       0.569     1.488    u_accel/gen_nn_bitshift.u_accel/gen_hl2[7].hl2_lif/CLK100MHZ_IBUF_BUFG
    SLICE_X63Y97         FDCE                                         r  u_accel/gen_nn_bitshift.u_accel/gen_hl2[7].hl2_lif/membrane_out_reg[5]/C
  -------------------------------------------------------------------    -------------------
    SLICE_X63Y97         FDCE (Prop_fdce_C_Q)         0.141     1.629 r  u_accel/gen_nn_bitshift.u_accel/gen_hl2[7].hl2_lif/membrane_out_reg[5]/Q
                         net (fo=20, routed)          0.246     1.875    u_accel/gen_nn_bitshift.u_accel/gen_hl2[7].membrane_buf/membrane_in[5]
    SLICE_X65Y100        FDRE                                         r  u_accel/gen_nn_bitshift.u_accel/gen_hl2[7].membrane_buf/membrane_storage_reg[2][5]/D
  -------------------------------------------------------------------    -------------------

                         (clock sys_clk_pin rise edge)
                                                      0.000     0.000 r  
    E3                                                0.000     0.000 r  CLK100MHZ (IN)
                         net (fo=0)                   0.000     0.000    CLK100MHZ
    E3                   IBUF (Prop_ibuf_I_O)         0.438     0.438 r  CLK100MHZ_IBUF_inst/O
                         net (fo=1, routed)           0.699     1.136    CLK100MHZ_IBUF
    BUFGCTRL_X0Y16       BUFG (Prop_bufg_I_O)         0.029     1.165 r  CLK100MHZ_IBUF_BUFG_inst/O
                         net (fo=45614, routed)       0.835     2.000    u_accel/gen_nn_bitshift.u_accel/gen_hl2[7].membrane_buf/CLK100MHZ_IBUF_BUFG
    SLICE_X65Y100        FDRE                                         r  u_accel/gen_nn_bitshift.u_accel/gen_hl2[7].membrane_buf/membrane_storage_reg[2][5]/C
                         clock pessimism             -0.245     1.754    
    SLICE_X65Y100        FDRE (Hold_fdre_C_D)         0.075     1.829    u_accel/gen_nn_bitshift.u_accel/gen_hl2[7].membrane_buf/membrane_storage_reg[2][5]
  -------------------------------------------------------------------
                         required time                         -1.829    
                         arrival time                           1.875    
  -------------------------------------------------------------------
                         slack                                  0.046    

Slack (MET) :             0.049ns  (arrival time - required time)
  Source:                 u_accel/gen_nn_bitshift.u_accel/gen_hl1_lif[1].hl1_lif/mul_scaled_result_reg_reg[32]/C
                            (rising edge-triggered cell FDCE clocked by sys_clk_pin  {rise@0.000ns fall@5.000ns period=10.000ns})
  Destination:            u_accel/gen_nn_bitshift.u_accel/gen_hl1_lif[1].hl1_lif/membrane_pre_reset_reg_reg[16]/D
                            (rising edge-triggered cell FDCE clocked by sys_clk_pin  {rise@0.000ns fall@5.000ns period=10.000ns})
  Path Group:             sys_clk_pin
  Path Type:              Hold (Min at Fast Process Corner)
  Requirement:            0.000ns  (sys_clk_pin rise@0.000ns - sys_clk_pin rise@0.000ns)
  Data Path Delay:        0.415ns  (logic 0.190ns (45.769%)  route 0.225ns (54.231%))
  Logic Levels:           1  (LUT2=1)
  Clock Path Skew:        0.259ns (DCD - SCD - CPR)
    Destination Clock Delay (DCD):    1.981ns
    Source Clock Delay      (SCD):    1.471ns
    Clock Pessimism Removal (CPR):    0.250ns

    Location             Delay type                Incr(ns)  Path(ns)    Netlist Resource(s)
  -------------------------------------------------------------------    -------------------
                         (clock sys_clk_pin rise edge)
                                                      0.000     0.000 r  
    E3                                                0.000     0.000 r  CLK100MHZ (IN)
                         net (fo=0)                   0.000     0.000    CLK100MHZ
    E3                   IBUF (Prop_ibuf_I_O)         0.250     0.250 r  CLK100MHZ_IBUF_inst/O
                         net (fo=1, routed)           0.644     0.894    CLK100MHZ_IBUF
    BUFGCTRL_X0Y16       BUFG (Prop_bufg_I_O)         0.026     0.920 r  CLK100MHZ_IBUF_BUFG_inst/O
                         net (fo=45614, routed)       0.552     1.471    u_accel/gen_nn_bitshift.u_accel/gen_hl1_lif[1].hl1_lif/CLK100MHZ_IBUF_BUFG
    SLICE_X57Y118        FDCE                                         r  u_accel/gen_nn_bitshift.u_accel/gen_hl1_lif[1].hl1_lif/mul_scaled_result_reg_reg[32]/C
  -------------------------------------------------------------------    -------------------
    SLICE_X57Y118        FDCE (Prop_fdce_C_Q)         0.141     1.612 r  u_accel/gen_nn_bitshift.u_accel/gen_hl1_lif[1].hl1_lif/mul_scaled_result_reg_reg[32]/Q
                         net (fo=1, routed)           0.225     1.838    u_accel/gen_nn_bitshift.u_accel/gen_hl1_lif[1].hl1_lif/mul_scaled_result_reg_reg_n_0_[32]
    SLICE_X51Y122        LUT2 (Prop_lut2_I0_O)        0.049     1.887 r  u_accel/gen_nn_bitshift.u_accel/gen_hl1_lif[1].hl1_lif/membrane_pre_reset_reg[16]_i_1__49/O
                         net (fo=1, routed)           0.000     1.887    u_accel/gen_nn_bitshift.u_accel/gen_hl1_lif[1].hl1_lif/membrane_pre_reset_reg[16]_i_1__49_n_0
    SLICE_X51Y122        FDCE                                         r  u_accel/gen_nn_bitshift.u_accel/gen_hl1_lif[1].hl1_lif/membrane_pre_reset_reg_reg[16]/D
  -------------------------------------------------------------------    -------------------

                         (clock sys_clk_pin rise edge)
                                                      0.000     0.000 r  
    E3                                                0.000     0.000 r  CLK100MHZ (IN)
                         net (fo=0)                   0.000     0.000    CLK100MHZ
    E3                   IBUF (Prop_ibuf_I_O)         0.438     0.438 r  CLK100MHZ_IBUF_inst/O
                         net (fo=1, routed)           0.699     1.136    CLK100MHZ_IBUF
    BUFGCTRL_X0Y16       BUFG (Prop_bufg_I_O)         0.029     1.165 r  CLK100MHZ_IBUF_BUFG_inst/O
                         net (fo=45614, routed)       0.816     1.981    u_accel/gen_nn_bitshift.u_accel/gen_hl1_lif[1].hl1_lif/CLK100MHZ_IBUF_BUFG
    SLICE_X51Y122        FDCE                                         r  u_accel/gen_nn_bitshift.u_accel/gen_hl1_lif[1].hl1_lif/membrane_pre_reset_reg_reg[16]/C
                         clock pessimism             -0.250     1.730    
    SLICE_X51Y122        FDCE (Hold_fdce_C_D)         0.107     1.837    u_accel/gen_nn_bitshift.u_accel/gen_hl1_lif[1].hl1_lif/membrane_pre_reset_reg_reg[16]
  -------------------------------------------------------------------
                         required time                         -1.837    
                         arrival time                           1.887    
  -------------------------------------------------------------------
                         slack                                  0.049    

Slack (MET) :             0.051ns  (arrival time - required time)
  Source:                 u_accel/gen_nn_bitshift.u_accel/gen_hl2[18].hl2_lif/membrane_pre_reset_reg_reg[7]/C
                            (rising edge-triggered cell FDCE clocked by sys_clk_pin  {rise@0.000ns fall@5.000ns period=10.000ns})
  Destination:            u_accel/gen_nn_bitshift.u_accel/gen_hl2[18].hl2_lif/finalize_membrane_reg_reg[7]/D
                            (rising edge-triggered cell FDCE clocked by sys_clk_pin  {rise@0.000ns fall@5.000ns period=10.000ns})
  Path Group:             sys_clk_pin
  Path Type:              Hold (Min at Fast Process Corner)
  Requirement:            0.000ns  (sys_clk_pin rise@0.000ns - sys_clk_pin rise@0.000ns)
  Data Path Delay:        0.448ns  (logic 0.230ns (51.375%)  route 0.218ns (48.625%))
  Logic Levels:           1  (LUT4=1)
  Clock Path Skew:        0.266ns (DCD - SCD - CPR)
    Destination Clock Delay (DCD):    2.071ns
    Source Clock Delay      (SCD):    1.551ns
    Clock Pessimism Removal (CPR):    0.254ns

    Location             Delay type                Incr(ns)  Path(ns)    Netlist Resource(s)
  -------------------------------------------------------------------    -------------------
                         (clock sys_clk_pin rise edge)
                                                      0.000     0.000 r  
    E3                                                0.000     0.000 r  CLK100MHZ (IN)
                         net (fo=0)                   0.000     0.000    CLK100MHZ
    E3                   IBUF (Prop_ibuf_I_O)         0.250     0.250 r  CLK100MHZ_IBUF_inst/O
                         net (fo=1, routed)           0.644     0.894    CLK100MHZ_IBUF
    BUFGCTRL_X0Y16       BUFG (Prop_bufg_I_O)         0.026     0.920 r  CLK100MHZ_IBUF_BUFG_inst/O
                         net (fo=45614, routed)       0.631     1.551    u_accel/gen_nn_bitshift.u_accel/gen_hl2[18].hl2_lif/CLK100MHZ_IBUF_BUFG
    SLICE_X52Y0          FDCE                                         r  u_accel/gen_nn_bitshift.u_accel/gen_hl2[18].hl2_lif/membrane_pre_reset_reg_reg[7]/C
  -------------------------------------------------------------------    -------------------
    SLICE_X52Y0          FDCE (Prop_fdce_C_Q)         0.128     1.679 r  u_accel/gen_nn_bitshift.u_accel/gen_hl2[18].hl2_lif/membrane_pre_reset_reg_reg[7]/Q
                         net (fo=3, routed)           0.218     1.897    u_accel/gen_nn_bitshift.u_accel/gen_hl2[18].hl2_lif/membrane_pre_reset_reg__0[7]
    SLICE_X50Y0          LUT4 (Prop_lut4_I1_O)        0.102     1.999 r  u_accel/gen_nn_bitshift.u_accel/gen_hl2[18].hl2_lif/finalize_membrane_reg[7]_i_1__79/O
                         net (fo=1, routed)           0.000     1.999    u_accel/gen_nn_bitshift.u_accel/gen_hl2[18].hl2_lif/finalize_membrane_reg[7]_i_1__79_n_0
    SLICE_X50Y0          FDCE                                         r  u_accel/gen_nn_bitshift.u_accel/gen_hl2[18].hl2_lif/finalize_membrane_reg_reg[7]/D
  -------------------------------------------------------------------    -------------------

                         (clock sys_clk_pin rise edge)
                                                      0.000     0.000 r  
    E3                                                0.000     0.000 r  CLK100MHZ (IN)
                         net (fo=0)                   0.000     0.000    CLK100MHZ
    E3                   IBUF (Prop_ibuf_I_O)         0.438     0.438 r  CLK100MHZ_IBUF_inst/O
                         net (fo=1, routed)           0.699     1.136    CLK100MHZ_IBUF
    BUFGCTRL_X0Y16       BUFG (Prop_bufg_I_O)         0.029     1.165 r  CLK100MHZ_IBUF_BUFG_inst/O
                         net (fo=45614, routed)       0.906     2.071    u_accel/gen_nn_bitshift.u_accel/gen_hl2[18].hl2_lif/CLK100MHZ_IBUF_BUFG
    SLICE_X50Y0          FDCE                                         r  u_accel/gen_nn_bitshift.u_accel/gen_hl2[18].hl2_lif/finalize_membrane_reg_reg[7]/C
                         clock pessimism             -0.254     1.817    
    SLICE_X50Y0          FDCE (Hold_fdce_C_D)         0.131     1.948    u_accel/gen_nn_bitshift.u_accel/gen_hl2[18].hl2_lif/finalize_membrane_reg_reg[7]
  -------------------------------------------------------------------
                         required time                         -1.948    
                         arrival time                           1.999    
  -------------------------------------------------------------------
                         slack                                  0.051    

Slack (MET) :             0.054ns  (arrival time - required time)
  Source:                 u_accel/gen_nn_bitshift.u_accel/gen_hl2[17].hl2_lif/mul_scaled_result_reg_reg[28]/C
                            (rising edge-triggered cell FDCE clocked by sys_clk_pin  {rise@0.000ns fall@5.000ns period=10.000ns})
  Destination:            u_accel/gen_nn_bitshift.u_accel/gen_hl2[17].hl2_lif/membrane_pre_reset_reg_reg[12]/D
                            (rising edge-triggered cell FDCE clocked by sys_clk_pin  {rise@0.000ns fall@5.000ns period=10.000ns})
  Path Group:             sys_clk_pin
  Path Type:              Hold (Min at Fast Process Corner)
  Requirement:            0.000ns  (sys_clk_pin rise@0.000ns - sys_clk_pin rise@0.000ns)
  Data Path Delay:        0.412ns  (logic 0.186ns (45.118%)  route 0.226ns (54.882%))
  Logic Levels:           1  (LUT2=1)
  Clock Path Skew:        0.266ns (DCD - SCD - CPR)
    Destination Clock Delay (DCD):    1.998ns
    Source Clock Delay      (SCD):    1.481ns
    Clock Pessimism Removal (CPR):    0.250ns

    Location             Delay type                Incr(ns)  Path(ns)    Netlist Resource(s)
  -------------------------------------------------------------------    -------------------
                         (clock sys_clk_pin rise edge)
                                                      0.000     0.000 r  
    E3                                                0.000     0.000 r  CLK100MHZ (IN)
                         net (fo=0)                   0.000     0.000    CLK100MHZ
    E3                   IBUF (Prop_ibuf_I_O)         0.250     0.250 r  CLK100MHZ_IBUF_inst/O
                         net (fo=1, routed)           0.644     0.894    CLK100MHZ_IBUF
    BUFGCTRL_X0Y16       BUFG (Prop_bufg_I_O)         0.026     0.920 r  CLK100MHZ_IBUF_BUFG_inst/O
                         net (fo=45614, routed)       0.562     1.481    u_accel/gen_nn_bitshift.u_accel/gen_hl2[17].hl2_lif/CLK100MHZ_IBUF_BUFG
    SLICE_X52Y61         FDCE                                         r  u_accel/gen_nn_bitshift.u_accel/gen_hl2[17].hl2_lif/mul_scaled_result_reg_reg[28]/C
  -------------------------------------------------------------------    -------------------
    SLICE_X52Y61         FDCE (Prop_fdce_C_Q)         0.141     1.622 r  u_accel/gen_nn_bitshift.u_accel/gen_hl2[17].hl2_lif/mul_scaled_result_reg_reg[28]/Q
                         net (fo=1, routed)           0.226     1.849    u_accel/gen_nn_bitshift.u_accel/gen_hl2[17].hl2_lif/mul_scaled_result_reg_reg_n_0_[28]
    SLICE_X51Y61         LUT2 (Prop_lut2_I0_O)        0.045     1.894 r  u_accel/gen_nn_bitshift.u_accel/gen_hl2[17].hl2_lif/membrane_pre_reset_reg[12]_i_1__70/O
                         net (fo=1, routed)           0.000     1.894    u_accel/gen_nn_bitshift.u_accel/gen_hl2[17].hl2_lif/membrane_pre_reset_reg[12]_i_1__70_n_0
    SLICE_X51Y61         FDCE                                         r  u_accel/gen_nn_bitshift.u_accel/gen_hl2[17].hl2_lif/membrane_pre_reset_reg_reg[12]/D
  -------------------------------------------------------------------    -------------------

                         (clock sys_clk_pin rise edge)
                                                      0.000     0.000 r  
    E3                                                0.000     0.000 r  CLK100MHZ (IN)
                         net (fo=0)                   0.000     0.000    CLK100MHZ
    E3                   IBUF (Prop_ibuf_I_O)         0.438     0.438 r  CLK100MHZ_IBUF_inst/O
                         net (fo=1, routed)           0.699     1.136    CLK100MHZ_IBUF
    BUFGCTRL_X0Y16       BUFG (Prop_bufg_I_O)         0.029     1.165 r  CLK100MHZ_IBUF_BUFG_inst/O
                         net (fo=45614, routed)       0.833     1.998    u_accel/gen_nn_bitshift.u_accel/gen_hl2[17].hl2_lif/CLK100MHZ_IBUF_BUFG
    SLICE_X51Y61         FDCE                                         r  u_accel/gen_nn_bitshift.u_accel/gen_hl2[17].hl2_lif/membrane_pre_reset_reg_reg[12]/C
                         clock pessimism             -0.250     1.747    
    SLICE_X51Y61         FDCE (Hold_fdce_C_D)         0.092     1.839    u_accel/gen_nn_bitshift.u_accel/gen_hl2[17].hl2_lif/membrane_pre_reset_reg_reg[12]
  -------------------------------------------------------------------
                         required time                         -1.839    
                         arrival time                           1.894    
  -------------------------------------------------------------------
                         slack                                  0.054    

Slack (MET) :             0.056ns  (arrival time - required time)
  Source:                 u_accel/gen_nn_bitshift.u_accel/gen_hl2[7].hl2_lif/membrane_out_reg[5]/C
                            (rising edge-triggered cell FDCE clocked by sys_clk_pin  {rise@0.000ns fall@5.000ns period=10.000ns})
  Destination:            u_accel/gen_nn_bitshift.u_accel/gen_hl2[7].membrane_buf/membrane_storage_reg[13][5]/D
                            (rising edge-triggered cell FDRE clocked by sys_clk_pin  {rise@0.000ns fall@5.000ns period=10.000ns})
  Path Group:             sys_clk_pin
  Path Type:              Hold (Min at Fast Process Corner)
  Requirement:            0.000ns  (sys_clk_pin rise@0.000ns - sys_clk_pin rise@0.000ns)
  Data Path Delay:        0.392ns  (logic 0.141ns (35.978%)  route 0.251ns (64.021%))
  Logic Levels:           0  
  Clock Path Skew:        0.266ns (DCD - SCD - CPR)
    Destination Clock Delay (DCD):    2.000ns
    Source Clock Delay      (SCD):    1.488ns
    Clock Pessimism Removal (CPR):    0.245ns

    Location             Delay type                Incr(ns)  Path(ns)    Netlist Resource(s)
  -------------------------------------------------------------------    -------------------
                         (clock sys_clk_pin rise edge)
                                                      0.000     0.000 r  
    E3                                                0.000     0.000 r  CLK100MHZ (IN)
                         net (fo=0)                   0.000     0.000    CLK100MHZ
    E3                   IBUF (Prop_ibuf_I_O)         0.250     0.250 r  CLK100MHZ_IBUF_inst/O
                         net (fo=1, routed)           0.644     0.894    CLK100MHZ_IBUF
    BUFGCTRL_X0Y16       BUFG (Prop_bufg_I_O)         0.026     0.920 r  CLK100MHZ_IBUF_BUFG_inst/O
                         net (fo=45614, routed)       0.569     1.488    u_accel/gen_nn_bitshift.u_accel/gen_hl2[7].hl2_lif/CLK100MHZ_IBUF_BUFG
    SLICE_X63Y97         FDCE                                         r  u_accel/gen_nn_bitshift.u_accel/gen_hl2[7].hl2_lif/membrane_out_reg[5]/C
  -------------------------------------------------------------------    -------------------
    SLICE_X63Y97         FDCE (Prop_fdce_C_Q)         0.141     1.629 r  u_accel/gen_nn_bitshift.u_accel/gen_hl2[7].hl2_lif/membrane_out_reg[5]/Q
                         net (fo=20, routed)          0.251     1.880    u_accel/gen_nn_bitshift.u_accel/gen_hl2[7].membrane_buf/membrane_in[5]
    SLICE_X67Y100        FDRE                                         r  u_accel/gen_nn_bitshift.u_accel/gen_hl2[7].membrane_buf/membrane_storage_reg[13][5]/D
  -------------------------------------------------------------------    -------------------

                         (clock sys_clk_pin rise edge)
                                                      0.000     0.000 r  
    E3                                                0.000     0.000 r  CLK100MHZ (IN)
                         net (fo=0)                   0.000     0.000    CLK100MHZ
    E3                   IBUF (Prop_ibuf_I_O)         0.438     0.438 r  CLK100MHZ_IBUF_inst/O
                         net (fo=1, routed)           0.699     1.136    CLK100MHZ_IBUF
    BUFGCTRL_X0Y16       BUFG (Prop_bufg_I_O)         0.029     1.165 r  CLK100MHZ_IBUF_BUFG_inst/O
                         net (fo=45614, routed)       0.835     2.000    u_accel/gen_nn_bitshift.u_accel/gen_hl2[7].membrane_buf/CLK100MHZ_IBUF_BUFG
    SLICE_X67Y100        FDRE                                         r  u_accel/gen_nn_bitshift.u_accel/gen_hl2[7].membrane_buf/membrane_storage_reg[13][5]/C
                         clock pessimism             -0.245     1.754    
    SLICE_X67Y100        FDRE (Hold_fdre_C_D)         0.070     1.824    u_accel/gen_nn_bitshift.u_accel/gen_hl2[7].membrane_buf/membrane_storage_reg[13][5]
  -------------------------------------------------------------------
                         required time                         -1.824    
                         arrival time                           1.880    
  -------------------------------------------------------------------
                         slack                                  0.056    





Pulse Width Checks
--------------------------------------------------------------------------------------
Clock Name:         sys_clk_pin
Waveform(ns):       { 0.000 5.000 }
Period(ns):         10.000
Sources:            { CLK100MHZ }

Check Type        Corner  Lib Pin      Reference Pin  Required(ns)  Actual(ns)  Slack(ns)  Location        Pin
Min Period        n/a     BUFG/I       n/a            2.155         10.000      7.845      BUFGCTRL_X0Y16  CLK100MHZ_IBUF_BUFG_inst/I
Min Period        n/a     DSP48E1/CLK  n/a            2.154         10.000      7.846      DSP48_X1Y6      u_accel/gen_nn_bitshift.u_accel/q_accum/p_0_out/CLK
Min Period        n/a     DSP48E1/CLK  n/a            2.154         10.000      7.846      DSP48_X1Y5      u_accel/gen_nn_bitshift.u_accel/q_accum/p_0_out__0/CLK
Min Period        n/a     DSP48E1/CLK  n/a            2.154         10.000      7.846      DSP48_X1Y7      u_accel/gen_nn_bitshift.u_accel/q_accum/p_0_out__3/CLK
Min Period        n/a     DSP48E1/CLK  n/a            2.154         10.000      7.846      DSP48_X1Y4      u_accel/gen_nn_bitshift.u_accel/q_accum/p_0_out__4/CLK
Min Period        n/a     FDCE/C       n/a            1.000         10.000      9.000      SLICE_X28Y101   action_q_reg/C
Min Period        n/a     FDRE/C       n/a            1.000         10.000      9.000      SLICE_X0Y51     heartbeat_count_reg[0]/C
Min Period        n/a     FDRE/C       n/a            1.000         10.000      9.000      SLICE_X0Y53     heartbeat_count_reg[10]/C
Min Period        n/a     FDRE/C       n/a            1.000         10.000      9.000      SLICE_X0Y53     heartbeat_count_reg[11]/C
Min Period        n/a     FDRE/C       n/a            1.000         10.000      9.000      SLICE_X0Y54     heartbeat_count_reg[12]/C
Low Pulse Width   Slow    FDCE/C       n/a            0.500         5.000       4.500      SLICE_X28Y101   action_q_reg/C
Low Pulse Width   Fast    FDCE/C       n/a            0.500         5.000       4.500      SLICE_X28Y101   action_q_reg/C
Low Pulse Width   Slow    FDRE/C       n/a            0.500         5.000       4.500      SLICE_X0Y51     heartbeat_count_reg[0]/C
Low Pulse Width   Fast    FDRE/C       n/a            0.500         5.000       4.500      SLICE_X0Y51     heartbeat_count_reg[0]/C
Low Pulse Width   Slow    FDRE/C       n/a            0.500         5.000       4.500      SLICE_X0Y53     heartbeat_count_reg[10]/C
Low Pulse Width   Fast    FDRE/C       n/a            0.500         5.000       4.500      SLICE_X0Y53     heartbeat_count_reg[10]/C
Low Pulse Width   Slow    FDRE/C       n/a            0.500         5.000       4.500      SLICE_X0Y53     heartbeat_count_reg[11]/C
Low Pulse Width   Fast    FDRE/C       n/a            0.500         5.000       4.500      SLICE_X0Y53     heartbeat_count_reg[11]/C
Low Pulse Width   Slow    FDRE/C       n/a            0.500         5.000       4.500      SLICE_X0Y54     heartbeat_count_reg[12]/C
Low Pulse Width   Fast    FDRE/C       n/a            0.500         5.000       4.500      SLICE_X0Y54     heartbeat_count_reg[12]/C
High Pulse Width  Slow    FDCE/C       n/a            0.500         5.000       4.500      SLICE_X28Y101   action_q_reg/C
High Pulse Width  Fast    FDCE/C       n/a            0.500         5.000       4.500      SLICE_X28Y101   action_q_reg/C
High Pulse Width  Slow    FDRE/C       n/a            0.500         5.000       4.500      SLICE_X0Y51     heartbeat_count_reg[0]/C
High Pulse Width  Fast    FDRE/C       n/a            0.500         5.000       4.500      SLICE_X0Y51     heartbeat_count_reg[0]/C
High Pulse Width  Slow    FDRE/C       n/a            0.500         5.000       4.500      SLICE_X0Y53     heartbeat_count_reg[10]/C
High Pulse Width  Fast    FDRE/C       n/a            0.500         5.000       4.500      SLICE_X0Y53     heartbeat_count_reg[10]/C
High Pulse Width  Slow    FDRE/C       n/a            0.500         5.000       4.500      SLICE_X0Y53     heartbeat_count_reg[11]/C
High Pulse Width  Fast    FDRE/C       n/a            0.500         5.000       4.500      SLICE_X0Y53     heartbeat_count_reg[11]/C
High Pulse Width  Slow    FDRE/C       n/a            0.500         5.000       4.500      SLICE_X0Y54     heartbeat_count_reg[12]/C
High Pulse Width  Fast    FDRE/C       n/a            0.500         5.000       4.500      SLICE_X0Y54     heartbeat_count_reg[12]/C



--------------------------------------------------------------------------------------
Path Group:  (none)
From Clock:  sys_clk_pin
  To Clock:  

Max Delay             4 Endpoints
Min Delay             4 Endpoints
--------------------------------------------------------------------------------------


Max Delay Paths
--------------------------------------------------------------------------------------
Slack:                    inf
  Source:                 u_accel/u_uart_tx/tx_reg/C
                            (rising edge-triggered cell FDPE clocked by sys_clk_pin  {rise@0.000ns fall@5.000ns period=10.000ns})
  Destination:            UART_RXD_OUT
                            (output port)
  Path Group:             (none)
  Path Type:              Max at Slow Process Corner
  Data Path Delay:        8.713ns  (logic 4.011ns (46.037%)  route 4.702ns (53.963%))
  Logic Levels:           1  (OBUF=1)
  Clock Uncertainty:      0.025ns  ((TSJ^2 + TIJ^2)^1/2 + DJ) / 2 + PE
    Total System Jitter     (TSJ):    0.050ns
    Total Input Jitter      (TIJ):    0.000ns
    Discrete Jitter          (DJ):    0.000ns
    Phase Error              (PE):    0.000ns

    Location             Delay type                Incr(ns)  Path(ns)    Netlist Resource(s)
  -------------------------------------------------------------------    -------------------
                         (clock sys_clk_pin rise edge)
                                                      0.000     0.000 r  
    E3                                                0.000     0.000 r  CLK100MHZ (IN)
                         net (fo=0)                   0.000     0.000    CLK100MHZ
    E3                   IBUF (Prop_ibuf_I_O)         1.482     1.482 r  CLK100MHZ_IBUF_inst/O
                         net (fo=1, routed)           2.025     3.506    CLK100MHZ_IBUF
    BUFGCTRL_X0Y16       BUFG (Prop_bufg_I_O)         0.096     3.602 r  CLK100MHZ_IBUF_BUFG_inst/O
                         net (fo=45614, routed)       1.786     5.389    u_accel/u_uart_tx/CLK100MHZ_IBUF_BUFG
    SLICE_X43Y176        FDPE                                         r  u_accel/u_uart_tx/tx_reg/C
  -------------------------------------------------------------------    -------------------
    SLICE_X43Y176        FDPE (Prop_fdpe_C_Q)         0.456     5.845 r  u_accel/u_uart_tx/tx_reg/Q
                         net (fo=1, routed)           4.702    10.547    UART_RXD_OUT_OBUF
    D4                   OBUF (Prop_obuf_I_O)         3.555    14.102 r  UART_RXD_OUT_OBUF_inst/O
                         net (fo=0)                   0.000    14.102    UART_RXD_OUT
    D4                                                                r  UART_RXD_OUT (OUT)
  -------------------------------------------------------------------    -------------------

Slack:                    inf
  Source:                 u_accel/accel_busy_reg/C
                            (rising edge-triggered cell FDCE clocked by sys_clk_pin  {rise@0.000ns fall@5.000ns period=10.000ns})
  Destination:            LED[0]
                            (output port)
  Path Group:             (none)
  Path Type:              Max at Slow Process Corner
  Data Path Delay:        7.588ns  (logic 3.976ns (52.403%)  route 3.612ns (47.597%))
  Logic Levels:           1  (OBUF=1)
  Clock Uncertainty:      0.025ns  ((TSJ^2 + TIJ^2)^1/2 + DJ) / 2 + PE
    Total System Jitter     (TSJ):    0.050ns
    Total Input Jitter      (TIJ):    0.000ns
    Discrete Jitter          (DJ):    0.000ns
    Phase Error              (PE):    0.000ns

    Location             Delay type                Incr(ns)  Path(ns)    Netlist Resource(s)
  -------------------------------------------------------------------    -------------------
                         (clock sys_clk_pin rise edge)
                                                      0.000     0.000 r  
    E3                                                0.000     0.000 r  CLK100MHZ (IN)
                         net (fo=0)                   0.000     0.000    CLK100MHZ
    E3                   IBUF (Prop_ibuf_I_O)         1.482     1.482 r  CLK100MHZ_IBUF_inst/O
                         net (fo=1, routed)           2.025     3.506    CLK100MHZ_IBUF
    BUFGCTRL_X0Y16       BUFG (Prop_bufg_I_O)         0.096     3.602 r  CLK100MHZ_IBUF_BUFG_inst/O
                         net (fo=45614, routed)       1.809     5.412    u_accel/CLK100MHZ_IBUF_BUFG
    SLICE_X32Y153        FDCE                                         r  u_accel/accel_busy_reg/C
  -------------------------------------------------------------------    -------------------
    SLICE_X32Y153        FDCE (Prop_fdce_C_Q)         0.456     5.868 r  u_accel/accel_busy_reg/Q
                         net (fo=18, routed)          3.612     9.479    LED_OBUF[0]
    H17                  OBUF (Prop_obuf_I_O)         3.520    13.000 r  LED_OBUF[0]_inst/O
                         net (fo=0)                   0.000    13.000    LED[0]
    H17                                                               r  LED[0] (OUT)
  -------------------------------------------------------------------    -------------------

Slack:                    inf
  Source:                 action_q_reg/C
                            (rising edge-triggered cell FDCE clocked by sys_clk_pin  {rise@0.000ns fall@5.000ns period=10.000ns})
  Destination:            LED[1]
                            (output port)
  Path Group:             (none)
  Path Type:              Max at Slow Process Corner
  Data Path Delay:        6.294ns  (logic 3.991ns (63.412%)  route 2.303ns (36.588%))
  Logic Levels:           1  (OBUF=1)
  Clock Uncertainty:      0.025ns  ((TSJ^2 + TIJ^2)^1/2 + DJ) / 2 + PE
    Total System Jitter     (TSJ):    0.050ns
    Total Input Jitter      (TIJ):    0.000ns
    Discrete Jitter          (DJ):    0.000ns
    Phase Error              (PE):    0.000ns

    Location             Delay type                Incr(ns)  Path(ns)    Netlist Resource(s)
  -------------------------------------------------------------------    -------------------
                         (clock sys_clk_pin rise edge)
                                                      0.000     0.000 r  
    E3                                                0.000     0.000 r  CLK100MHZ (IN)
                         net (fo=0)                   0.000     0.000    CLK100MHZ
    E3                   IBUF (Prop_ibuf_I_O)         1.482     1.482 r  CLK100MHZ_IBUF_inst/O
                         net (fo=1, routed)           2.025     3.506    CLK100MHZ_IBUF
    BUFGCTRL_X0Y16       BUFG (Prop_bufg_I_O)         0.096     3.602 r  CLK100MHZ_IBUF_BUFG_inst/O
                         net (fo=45614, routed)       1.627     5.229    CLK100MHZ_IBUF_BUFG
    SLICE_X28Y101        FDCE                                         r  action_q_reg/C
  -------------------------------------------------------------------    -------------------
    SLICE_X28Y101        FDCE (Prop_fdce_C_Q)         0.456     5.685 r  action_q_reg/Q
                         net (fo=1, routed)           2.303     7.988    LED_OBUF[1]
    K15                  OBUF (Prop_obuf_I_O)         3.535    11.524 r  LED_OBUF[1]_inst/O
                         net (fo=0)                   0.000    11.524    LED[1]
    K15                                                               r  LED[1] (OUT)
  -------------------------------------------------------------------    -------------------

Slack:                    inf
  Source:                 heartbeat_count_reg[24]/C
                            (rising edge-triggered cell FDRE clocked by sys_clk_pin  {rise@0.000ns fall@5.000ns period=10.000ns})
  Destination:            LED[15]
                            (output port)
  Path Group:             (none)
  Path Type:              Max at Slow Process Corner
  Data Path Delay:        5.572ns  (logic 4.025ns (72.236%)  route 1.547ns (27.764%))
  Logic Levels:           1  (OBUF=1)
  Clock Uncertainty:      0.025ns  ((TSJ^2 + TIJ^2)^1/2 + DJ) / 2 + PE
    Total System Jitter     (TSJ):    0.050ns
    Total Input Jitter      (TIJ):    0.000ns
    Discrete Jitter          (DJ):    0.000ns
    Phase Error              (PE):    0.000ns

    Location             Delay type                Incr(ns)  Path(ns)    Netlist Resource(s)
  -------------------------------------------------------------------    -------------------
                         (clock sys_clk_pin rise edge)
                                                      0.000     0.000 r  
    E3                                                0.000     0.000 r  CLK100MHZ (IN)
                         net (fo=0)                   0.000     0.000    CLK100MHZ
    E3                   IBUF (Prop_ibuf_I_O)         1.482     1.482 r  CLK100MHZ_IBUF_inst/O
                         net (fo=1, routed)           2.025     3.506    CLK100MHZ_IBUF
    BUFGCTRL_X0Y16       BUFG (Prop_bufg_I_O)         0.096     3.602 r  CLK100MHZ_IBUF_BUFG_inst/O
                         net (fo=45614, routed)       1.724     5.327    CLK100MHZ_IBUF_BUFG
    SLICE_X0Y57          FDRE                                         r  heartbeat_count_reg[24]/C
  -------------------------------------------------------------------    -------------------
    SLICE_X0Y57          FDRE (Prop_fdre_C_Q)         0.456     5.783 r  heartbeat_count_reg[24]/Q
                         net (fo=2, routed)           1.547     7.330    LED_OBUF[15]
    V11                  OBUF (Prop_obuf_I_O)         3.569    10.899 r  LED_OBUF[15]_inst/O
                         net (fo=0)                   0.000    10.899    LED[15]
    V11                                                               r  LED[15] (OUT)
  -------------------------------------------------------------------    -------------------





Min Delay Paths
--------------------------------------------------------------------------------------
Slack:                    inf
  Source:                 heartbeat_count_reg[24]/C
                            (rising edge-triggered cell FDRE clocked by sys_clk_pin  {rise@0.000ns fall@5.000ns period=10.000ns})
  Destination:            LED[15]
                            (output port)
  Path Group:             (none)
  Path Type:              Min at Fast Process Corner
  Data Path Delay:        1.710ns  (logic 1.410ns (82.462%)  route 0.300ns (17.538%))
  Logic Levels:           1  (OBUF=1)
  Clock Uncertainty:      0.025ns  ((TSJ^2 + TIJ^2)^1/2 + DJ) / 2 + PE
    Total System Jitter     (TSJ):    0.050ns
    Total Input Jitter      (TIJ):    0.000ns
    Discrete Jitter          (DJ):    0.000ns
    Phase Error              (PE):    0.000ns

    Location             Delay type                Incr(ns)  Path(ns)    Netlist Resource(s)
  -------------------------------------------------------------------    -------------------
                         (clock sys_clk_pin rise edge)
                                                      0.000     0.000 r  
    E3                                                0.000     0.000 r  CLK100MHZ (IN)
                         net (fo=0)                   0.000     0.000    CLK100MHZ
    E3                   IBUF (Prop_ibuf_I_O)         0.250     0.250 r  CLK100MHZ_IBUF_inst/O
                         net (fo=1, routed)           0.644     0.894    CLK100MHZ_IBUF
    BUFGCTRL_X0Y16       BUFG (Prop_bufg_I_O)         0.026     0.920 r  CLK100MHZ_IBUF_BUFG_inst/O
                         net (fo=45614, routed)       0.603     1.522    CLK100MHZ_IBUF_BUFG
    SLICE_X0Y57          FDRE                                         r  heartbeat_count_reg[24]/C
  -------------------------------------------------------------------    -------------------
    SLICE_X0Y57          FDRE (Prop_fdre_C_Q)         0.141     1.663 r  heartbeat_count_reg[24]/Q
                         net (fo=2, routed)           0.300     1.963    LED_OBUF[15]
    V11                  OBUF (Prop_obuf_I_O)         1.269     3.233 r  LED_OBUF[15]_inst/O
                         net (fo=0)                   0.000     3.233    LED[15]
    V11                                                               r  LED[15] (OUT)
  -------------------------------------------------------------------    -------------------

Slack:                    inf
  Source:                 action_q_reg/C
                            (rising edge-triggered cell FDCE clocked by sys_clk_pin  {rise@0.000ns fall@5.000ns period=10.000ns})
  Destination:            LED[1]
                            (output port)
  Path Group:             (none)
  Path Type:              Min at Fast Process Corner
  Data Path Delay:        2.004ns  (logic 1.377ns (68.717%)  route 0.627ns (31.283%))
  Logic Levels:           1  (OBUF=1)
  Clock Uncertainty:      0.025ns  ((TSJ^2 + TIJ^2)^1/2 + DJ) / 2 + PE
    Total System Jitter     (TSJ):    0.050ns
    Total Input Jitter      (TIJ):    0.000ns
    Discrete Jitter          (DJ):    0.000ns
    Phase Error              (PE):    0.000ns

    Location             Delay type                Incr(ns)  Path(ns)    Netlist Resource(s)
  -------------------------------------------------------------------    -------------------
                         (clock sys_clk_pin rise edge)
                                                      0.000     0.000 r  
    E3                                                0.000     0.000 r  CLK100MHZ (IN)
                         net (fo=0)                   0.000     0.000    CLK100MHZ
    E3                   IBUF (Prop_ibuf_I_O)         0.250     0.250 r  CLK100MHZ_IBUF_inst/O
                         net (fo=1, routed)           0.644     0.894    CLK100MHZ_IBUF
    BUFGCTRL_X0Y16       BUFG (Prop_bufg_I_O)         0.026     0.920 r  CLK100MHZ_IBUF_BUFG_inst/O
                         net (fo=45614, routed)       0.567     1.486    CLK100MHZ_IBUF_BUFG
    SLICE_X28Y101        FDCE                                         r  action_q_reg/C
  -------------------------------------------------------------------    -------------------
    SLICE_X28Y101        FDCE (Prop_fdce_C_Q)         0.141     1.627 r  action_q_reg/Q
                         net (fo=1, routed)           0.627     2.254    LED_OBUF[1]
    K15                  OBUF (Prop_obuf_I_O)         1.236     3.490 r  LED_OBUF[1]_inst/O
                         net (fo=0)                   0.000     3.490    LED[1]
    K15                                                               r  LED[1] (OUT)
  -------------------------------------------------------------------    -------------------

Slack:                    inf
  Source:                 u_accel/accel_busy_reg/C
                            (rising edge-triggered cell FDCE clocked by sys_clk_pin  {rise@0.000ns fall@5.000ns period=10.000ns})
  Destination:            LED[0]
                            (output port)
  Path Group:             (none)
  Path Type:              Min at Fast Process Corner
  Data Path Delay:        2.611ns  (logic 1.362ns (52.176%)  route 1.249ns (47.824%))
  Logic Levels:           1  (OBUF=1)
  Clock Uncertainty:      0.025ns  ((TSJ^2 + TIJ^2)^1/2 + DJ) / 2 + PE
    Total System Jitter     (TSJ):    0.050ns
    Total Input Jitter      (TIJ):    0.000ns
    Discrete Jitter          (DJ):    0.000ns
    Phase Error              (PE):    0.000ns

    Location             Delay type                Incr(ns)  Path(ns)    Netlist Resource(s)
  -------------------------------------------------------------------    -------------------
                         (clock sys_clk_pin rise edge)
                                                      0.000     0.000 r  
    E3                                                0.000     0.000 r  CLK100MHZ (IN)
                         net (fo=0)                   0.000     0.000    CLK100MHZ
    E3                   IBUF (Prop_ibuf_I_O)         0.250     0.250 r  CLK100MHZ_IBUF_inst/O
                         net (fo=1, routed)           0.644     0.894    CLK100MHZ_IBUF
    BUFGCTRL_X0Y16       BUFG (Prop_bufg_I_O)         0.026     0.920 r  CLK100MHZ_IBUF_BUFG_inst/O
                         net (fo=45614, routed)       0.648     1.568    u_accel/CLK100MHZ_IBUF_BUFG
    SLICE_X32Y153        FDCE                                         r  u_accel/accel_busy_reg/C
  -------------------------------------------------------------------    -------------------
    SLICE_X32Y153        FDCE (Prop_fdce_C_Q)         0.141     1.709 r  u_accel/accel_busy_reg/Q
                         net (fo=18, routed)          1.249     2.958    LED_OBUF[0]
    H17                  OBUF (Prop_obuf_I_O)         1.221     4.179 r  LED_OBUF[0]_inst/O
                         net (fo=0)                   0.000     4.179    LED[0]
    H17                                                               r  LED[0] (OUT)
  -------------------------------------------------------------------    -------------------

Slack:                    inf
  Source:                 u_accel/u_uart_tx/tx_reg/C
                            (rising edge-triggered cell FDPE clocked by sys_clk_pin  {rise@0.000ns fall@5.000ns period=10.000ns})
  Destination:            UART_RXD_OUT
                            (output port)
  Path Group:             (none)
  Path Type:              Min at Fast Process Corner
  Data Path Delay:        3.181ns  (logic 1.397ns (43.917%)  route 1.784ns (56.083%))
  Logic Levels:           1  (OBUF=1)
  Clock Uncertainty:      0.025ns  ((TSJ^2 + TIJ^2)^1/2 + DJ) / 2 + PE
    Total System Jitter     (TSJ):    0.050ns
    Total Input Jitter      (TIJ):    0.000ns
    Discrete Jitter          (DJ):    0.000ns
    Phase Error              (PE):    0.000ns

    Location             Delay type                Incr(ns)  Path(ns)    Netlist Resource(s)
  -------------------------------------------------------------------    -------------------
                         (clock sys_clk_pin rise edge)
                                                      0.000     0.000 r  
    E3                                                0.000     0.000 r  CLK100MHZ (IN)
                         net (fo=0)                   0.000     0.000    CLK100MHZ
    E3                   IBUF (Prop_ibuf_I_O)         0.250     0.250 r  CLK100MHZ_IBUF_inst/O
                         net (fo=1, routed)           0.644     0.894    CLK100MHZ_IBUF
    BUFGCTRL_X0Y16       BUFG (Prop_bufg_I_O)         0.026     0.920 r  CLK100MHZ_IBUF_BUFG_inst/O
                         net (fo=45614, routed)       0.632     1.552    u_accel/u_uart_tx/CLK100MHZ_IBUF_BUFG
    SLICE_X43Y176        FDPE                                         r  u_accel/u_uart_tx/tx_reg/C
  -------------------------------------------------------------------    -------------------
    SLICE_X43Y176        FDPE (Prop_fdpe_C_Q)         0.141     1.693 r  u_accel/u_uart_tx/tx_reg/Q
                         net (fo=1, routed)           1.784     3.477    UART_RXD_OUT_OBUF
    D4                   OBUF (Prop_obuf_I_O)         1.256     4.733 r  UART_RXD_OUT_OBUF_inst/O
                         net (fo=0)                   0.000     4.733    UART_RXD_OUT
    D4                                                                r  UART_RXD_OUT (OUT)
  -------------------------------------------------------------------    -------------------





--------------------------------------------------------------------------------------
Path Group:  (none)
From Clock:  
  To Clock:  sys_clk_pin

Max Delay         45496 Endpoints
Min Delay         45496 Endpoints
--------------------------------------------------------------------------------------


Max Delay Paths
--------------------------------------------------------------------------------------
Slack:                    inf
  Source:                 CPU_RESETN
                            (input port)
  Destination:            u_accel/gen_nn_bitshift.u_accel/gen_hl2[0].membrane_buf/membrane_storage_reg[6][15]/CE
                            (rising edge-triggered cell FDRE clocked by sys_clk_pin  {rise@0.000ns fall@5.000ns period=10.000ns})
  Path Group:             (none)
  Path Type:              Setup (Max at Slow Process Corner)
  Data Path Delay:        19.168ns  (logic 1.755ns (9.156%)  route 17.413ns (90.844%))
  Logic Levels:           3  (IBUF=1 LUT3=1 LUT6=1)
  Clock Path Skew:        5.015ns (DCD - SCD + CPR)
    Destination Clock Delay (DCD):    5.015ns
    Source Clock Delay      (SCD):    0.000ns
    Clock Pessimism Removal (CPR):    0.000ns
  Clock Uncertainty:      0.025ns  ((TSJ^2 + TIJ^2)^1/2 + DJ) / 2 + PE
    Total System Jitter     (TSJ):    0.050ns
    Total Input Jitter      (TIJ):    0.000ns
    Discrete Jitter          (DJ):    0.000ns
    Phase Error              (PE):    0.000ns

    Location             Delay type                Incr(ns)  Path(ns)    Netlist Resource(s)
  -------------------------------------------------------------------    -------------------
    C12                                               0.000     0.000 r  CPU_RESETN (IN)
                         net (fo=0)                   0.000     0.000    CPU_RESETN
    C12                  IBUF (Prop_ibuf_I_O)         1.507     1.507 r  CPU_RESETN_IBUF_inst/O
                         net (fo=56, routed)         12.617    14.124    u_accel/gen_nn_bitshift.u_accel/gen_hl2[0].membrane_buf/CPU_RESETN_IBUF
    SLICE_X11Y62         LUT3 (Prop_lut3_I0_O)        0.124    14.248 r  u_accel/gen_nn_bitshift.u_accel/gen_hl2[0].membrane_buf/membrane_storage[19][23]_i_2__0/O
                         net (fo=20, routed)          2.203    16.451    u_accel/gen_nn_bitshift.u_accel/gen_hl2[0].membrane_buf/membrane_storage[19][23]_i_2__0_n_0
    SLICE_X28Y60         LUT6 (Prop_lut6_I5_O)        0.124    16.575 r  u_accel/gen_nn_bitshift.u_accel/gen_hl2[0].membrane_buf/membrane_storage[6][23]_i_1__23/O
                         net (fo=24, routed)          2.592    19.168    u_accel/gen_nn_bitshift.u_accel/gen_hl2[0].membrane_buf/membrane_storage[6][23]_i_1__23_n_0
    SLICE_X5Y79          FDRE                                         r  u_accel/gen_nn_bitshift.u_accel/gen_hl2[0].membrane_buf/membrane_storage_reg[6][15]/CE
  -------------------------------------------------------------------    -------------------

                         (clock sys_clk_pin rise edge)
                                                      0.000     0.000 r  
    E3                                                0.000     0.000 r  CLK100MHZ (IN)
                         net (fo=0)                   0.000     0.000    CLK100MHZ
    E3                   IBUF (Prop_ibuf_I_O)         1.411     1.411 r  CLK100MHZ_IBUF_inst/O
                         net (fo=1, routed)           1.920     3.331    CLK100MHZ_IBUF
    BUFGCTRL_X0Y16       BUFG (Prop_bufg_I_O)         0.091     3.422 r  CLK100MHZ_IBUF_BUFG_inst/O
                         net (fo=45614, routed)       1.592     5.015    u_accel/gen_nn_bitshift.u_accel/gen_hl2[0].membrane_buf/CLK100MHZ_IBUF_BUFG
    SLICE_X5Y79          FDRE                                         r  u_accel/gen_nn_bitshift.u_accel/gen_hl2[0].membrane_buf/membrane_storage_reg[6][15]/C

Slack:                    inf
  Source:                 CPU_RESETN
                            (input port)
  Destination:            u_accel/gen_nn_bitshift.u_accel/gen_hl2[0].membrane_buf/membrane_storage_reg[6][10]/CE
                            (rising edge-triggered cell FDRE clocked by sys_clk_pin  {rise@0.000ns fall@5.000ns period=10.000ns})
  Path Group:             (none)
  Path Type:              Setup (Max at Slow Process Corner)
  Data Path Delay:        19.147ns  (logic 1.755ns (9.166%)  route 17.392ns (90.834%))
  Logic Levels:           3  (IBUF=1 LUT3=1 LUT6=1)
  Clock Path Skew:        5.017ns (DCD - SCD + CPR)
    Destination Clock Delay (DCD):    5.017ns
    Source Clock Delay      (SCD):    0.000ns
    Clock Pessimism Removal (CPR):    0.000ns
  Clock Uncertainty:      0.025ns  ((TSJ^2 + TIJ^2)^1/2 + DJ) / 2 + PE
    Total System Jitter     (TSJ):    0.050ns
    Total Input Jitter      (TIJ):    0.000ns
    Discrete Jitter          (DJ):    0.000ns
    Phase Error              (PE):    0.000ns

    Location             Delay type                Incr(ns)  Path(ns)    Netlist Resource(s)
  -------------------------------------------------------------------    -------------------
    C12                                               0.000     0.000 r  CPU_RESETN (IN)
                         net (fo=0)                   0.000     0.000    CPU_RESETN
    C12                  IBUF (Prop_ibuf_I_O)         1.507     1.507 r  CPU_RESETN_IBUF_inst/O
                         net (fo=56, routed)         12.617    14.124    u_accel/gen_nn_bitshift.u_accel/gen_hl2[0].membrane_buf/CPU_RESETN_IBUF
    SLICE_X11Y62         LUT3 (Prop_lut3_I0_O)        0.124    14.248 r  u_accel/gen_nn_bitshift.u_accel/gen_hl2[0].membrane_buf/membrane_storage[19][23]_i_2__0/O
                         net (fo=20, routed)          2.203    16.451    u_accel/gen_nn_bitshift.u_accel/gen_hl2[0].membrane_buf/membrane_storage[19][23]_i_2__0_n_0
    SLICE_X28Y60         LUT6 (Prop_lut6_I5_O)        0.124    16.575 r  u_accel/gen_nn_bitshift.u_accel/gen_hl2[0].membrane_buf/membrane_storage[6][23]_i_1__23/O
                         net (fo=24, routed)          2.572    19.147    u_accel/gen_nn_bitshift.u_accel/gen_hl2[0].membrane_buf/membrane_storage[6][23]_i_1__23_n_0
    SLICE_X3Y79          FDRE                                         r  u_accel/gen_nn_bitshift.u_accel/gen_hl2[0].membrane_buf/membrane_storage_reg[6][10]/CE
  -------------------------------------------------------------------    -------------------

                         (clock sys_clk_pin rise edge)
                                                      0.000     0.000 r  
    E3                                                0.000     0.000 r  CLK100MHZ (IN)
                         net (fo=0)                   0.000     0.000    CLK100MHZ
    E3                   IBUF (Prop_ibuf_I_O)         1.411     1.411 r  CLK100MHZ_IBUF_inst/O
                         net (fo=1, routed)           1.920     3.331    CLK100MHZ_IBUF
    BUFGCTRL_X0Y16       BUFG (Prop_bufg_I_O)         0.091     3.422 r  CLK100MHZ_IBUF_BUFG_inst/O
                         net (fo=45614, routed)       1.594     5.017    u_accel/gen_nn_bitshift.u_accel/gen_hl2[0].membrane_buf/CLK100MHZ_IBUF_BUFG
    SLICE_X3Y79          FDRE                                         r  u_accel/gen_nn_bitshift.u_accel/gen_hl2[0].membrane_buf/membrane_storage_reg[6][10]/C

Slack:                    inf
  Source:                 CPU_RESETN
                            (input port)
  Destination:            u_accel/gen_nn_bitshift.u_accel/gen_hl2[0].membrane_buf/membrane_storage_reg[6][13]/CE
                            (rising edge-triggered cell FDRE clocked by sys_clk_pin  {rise@0.000ns fall@5.000ns period=10.000ns})
  Path Group:             (none)
  Path Type:              Setup (Max at Slow Process Corner)
  Data Path Delay:        19.147ns  (logic 1.755ns (9.166%)  route 17.392ns (90.834%))
  Logic Levels:           3  (IBUF=1 LUT3=1 LUT6=1)
  Clock Path Skew:        5.017ns (DCD - SCD + CPR)
    Destination Clock Delay (DCD):    5.017ns
    Source Clock Delay      (SCD):    0.000ns
    Clock Pessimism Removal (CPR):    0.000ns
  Clock Uncertainty:      0.025ns  ((TSJ^2 + TIJ^2)^1/2 + DJ) / 2 + PE
    Total System Jitter     (TSJ):    0.050ns
    Total Input Jitter      (TIJ):    0.000ns
    Discrete Jitter          (DJ):    0.000ns
    Phase Error              (PE):    0.000ns

    Location             Delay type                Incr(ns)  Path(ns)    Netlist Resource(s)
  -------------------------------------------------------------------    -------------------
    C12                                               0.000     0.000 r  CPU_RESETN (IN)
                         net (fo=0)                   0.000     0.000    CPU_RESETN
    C12                  IBUF (Prop_ibuf_I_O)         1.507     1.507 r  CPU_RESETN_IBUF_inst/O
                         net (fo=56, routed)         12.617    14.124    u_accel/gen_nn_bitshift.u_accel/gen_hl2[0].membrane_buf/CPU_RESETN_IBUF
    SLICE_X11Y62         LUT3 (Prop_lut3_I0_O)        0.124    14.248 r  u_accel/gen_nn_bitshift.u_accel/gen_hl2[0].membrane_buf/membrane_storage[19][23]_i_2__0/O
                         net (fo=20, routed)          2.203    16.451    u_accel/gen_nn_bitshift.u_accel/gen_hl2[0].membrane_buf/membrane_storage[19][23]_i_2__0_n_0
    SLICE_X28Y60         LUT6 (Prop_lut6_I5_O)        0.124    16.575 r  u_accel/gen_nn_bitshift.u_accel/gen_hl2[0].membrane_buf/membrane_storage[6][23]_i_1__23/O
                         net (fo=24, routed)          2.572    19.147    u_accel/gen_nn_bitshift.u_accel/gen_hl2[0].membrane_buf/membrane_storage[6][23]_i_1__23_n_0
    SLICE_X3Y79          FDRE                                         r  u_accel/gen_nn_bitshift.u_accel/gen_hl2[0].membrane_buf/membrane_storage_reg[6][13]/CE
  -------------------------------------------------------------------    -------------------

                         (clock sys_clk_pin rise edge)
                                                      0.000     0.000 r  
    E3                                                0.000     0.000 r  CLK100MHZ (IN)
                         net (fo=0)                   0.000     0.000    CLK100MHZ
    E3                   IBUF (Prop_ibuf_I_O)         1.411     1.411 r  CLK100MHZ_IBUF_inst/O
                         net (fo=1, routed)           1.920     3.331    CLK100MHZ_IBUF
    BUFGCTRL_X0Y16       BUFG (Prop_bufg_I_O)         0.091     3.422 r  CLK100MHZ_IBUF_BUFG_inst/O
                         net (fo=45614, routed)       1.594     5.017    u_accel/gen_nn_bitshift.u_accel/gen_hl2[0].membrane_buf/CLK100MHZ_IBUF_BUFG
    SLICE_X3Y79          FDRE                                         r  u_accel/gen_nn_bitshift.u_accel/gen_hl2[0].membrane_buf/membrane_storage_reg[6][13]/C

Slack:                    inf
  Source:                 CPU_RESETN
                            (input port)
  Destination:            u_accel/gen_nn_bitshift.u_accel/gen_hl2[0].membrane_buf/membrane_storage_reg[6][23]/CE
                            (rising edge-triggered cell FDRE clocked by sys_clk_pin  {rise@0.000ns fall@5.000ns period=10.000ns})
  Path Group:             (none)
  Path Type:              Setup (Max at Slow Process Corner)
  Data Path Delay:        19.147ns  (logic 1.755ns (9.166%)  route 17.392ns (90.834%))
  Logic Levels:           3  (IBUF=1 LUT3=1 LUT6=1)
  Clock Path Skew:        5.017ns (DCD - SCD + CPR)
    Destination Clock Delay (DCD):    5.017ns
    Source Clock Delay      (SCD):    0.000ns
    Clock Pessimism Removal (CPR):    0.000ns
  Clock Uncertainty:      0.025ns  ((TSJ^2 + TIJ^2)^1/2 + DJ) / 2 + PE
    Total System Jitter     (TSJ):    0.050ns
    Total Input Jitter      (TIJ):    0.000ns
    Discrete Jitter          (DJ):    0.000ns
    Phase Error              (PE):    0.000ns

    Location             Delay type                Incr(ns)  Path(ns)    Netlist Resource(s)
  -------------------------------------------------------------------    -------------------
    C12                                               0.000     0.000 r  CPU_RESETN (IN)
                         net (fo=0)                   0.000     0.000    CPU_RESETN
    C12                  IBUF (Prop_ibuf_I_O)         1.507     1.507 r  CPU_RESETN_IBUF_inst/O
                         net (fo=56, routed)         12.617    14.124    u_accel/gen_nn_bitshift.u_accel/gen_hl2[0].membrane_buf/CPU_RESETN_IBUF
    SLICE_X11Y62         LUT3 (Prop_lut3_I0_O)        0.124    14.248 r  u_accel/gen_nn_bitshift.u_accel/gen_hl2[0].membrane_buf/membrane_storage[19][23]_i_2__0/O
                         net (fo=20, routed)          2.203    16.451    u_accel/gen_nn_bitshift.u_accel/gen_hl2[0].membrane_buf/membrane_storage[19][23]_i_2__0_n_0
    SLICE_X28Y60         LUT6 (Prop_lut6_I5_O)        0.124    16.575 r  u_accel/gen_nn_bitshift.u_accel/gen_hl2[0].membrane_buf/membrane_storage[6][23]_i_1__23/O
                         net (fo=24, routed)          2.572    19.147    u_accel/gen_nn_bitshift.u_accel/gen_hl2[0].membrane_buf/membrane_storage[6][23]_i_1__23_n_0
    SLICE_X3Y79          FDRE                                         r  u_accel/gen_nn_bitshift.u_accel/gen_hl2[0].membrane_buf/membrane_storage_reg[6][23]/CE
  -------------------------------------------------------------------    -------------------

                         (clock sys_clk_pin rise edge)
                                                      0.000     0.000 r  
    E3                                                0.000     0.000 r  CLK100MHZ (IN)
                         net (fo=0)                   0.000     0.000    CLK100MHZ
    E3                   IBUF (Prop_ibuf_I_O)         1.411     1.411 r  CLK100MHZ_IBUF_inst/O
                         net (fo=1, routed)           1.920     3.331    CLK100MHZ_IBUF
    BUFGCTRL_X0Y16       BUFG (Prop_bufg_I_O)         0.091     3.422 r  CLK100MHZ_IBUF_BUFG_inst/O
                         net (fo=45614, routed)       1.594     5.017    u_accel/gen_nn_bitshift.u_accel/gen_hl2[0].membrane_buf/CLK100MHZ_IBUF_BUFG
    SLICE_X3Y79          FDRE                                         r  u_accel/gen_nn_bitshift.u_accel/gen_hl2[0].membrane_buf/membrane_storage_reg[6][23]/C

Slack:                    inf
  Source:                 CPU_RESETN
                            (input port)
  Destination:            u_accel/gen_nn_bitshift.u_accel/gen_hl2[0].membrane_buf/membrane_storage_reg[9][19]/CE
                            (rising edge-triggered cell FDRE clocked by sys_clk_pin  {rise@0.000ns fall@5.000ns period=10.000ns})
  Path Group:             (none)
  Path Type:              Setup (Max at Slow Process Corner)
  Data Path Delay:        19.101ns  (logic 1.755ns (9.188%)  route 17.346ns (90.812%))
  Logic Levels:           3  (IBUF=1 LUT3=1 LUT6=1)
  Clock Path Skew:        5.013ns (DCD - SCD + CPR)
    Destination Clock Delay (DCD):    5.013ns
    Source Clock Delay      (SCD):    0.000ns
    Clock Pessimism Removal (CPR):    0.000ns
  Clock Uncertainty:      0.025ns  ((TSJ^2 + TIJ^2)^1/2 + DJ) / 2 + PE
    Total System Jitter     (TSJ):    0.050ns
    Total Input Jitter      (TIJ):    0.000ns
    Discrete Jitter          (DJ):    0.000ns
    Phase Error              (PE):    0.000ns

    Location             Delay type                Incr(ns)  Path(ns)    Netlist Resource(s)
  -------------------------------------------------------------------    -------------------
    C12                                               0.000     0.000 r  CPU_RESETN (IN)
                         net (fo=0)                   0.000     0.000    CPU_RESETN
    C12                  IBUF (Prop_ibuf_I_O)         1.507     1.507 r  CPU_RESETN_IBUF_inst/O
                         net (fo=56, routed)         12.617    14.124    u_accel/gen_nn_bitshift.u_accel/gen_hl2[0].membrane_buf/CPU_RESETN_IBUF
    SLICE_X11Y62         LUT3 (Prop_lut3_I0_O)        0.124    14.248 r  u_accel/gen_nn_bitshift.u_accel/gen_hl2[0].membrane_buf/membrane_storage[19][23]_i_2__0/O
                         net (fo=20, routed)          2.205    16.452    u_accel/gen_nn_bitshift.u_accel/gen_hl2[0].membrane_buf/membrane_storage[19][23]_i_2__0_n_0
    SLICE_X28Y60         LUT6 (Prop_lut6_I5_O)        0.124    16.576 r  u_accel/gen_nn_bitshift.u_accel/gen_hl2[0].membrane_buf/membrane_storage[9][23]_i_1__23/O
                         net (fo=24, routed)          2.524    19.101    u_accel/gen_nn_bitshift.u_accel/gen_hl2[0].membrane_buf/membrane_storage[9][23]_i_1__23_n_0
    SLICE_X1Y73          FDRE                                         r  u_accel/gen_nn_bitshift.u_accel/gen_hl2[0].membrane_buf/membrane_storage_reg[9][19]/CE
  -------------------------------------------------------------------    -------------------

                         (clock sys_clk_pin rise edge)
                                                      0.000     0.000 r  
    E3                                                0.000     0.000 r  CLK100MHZ (IN)
                         net (fo=0)                   0.000     0.000    CLK100MHZ
    E3                   IBUF (Prop_ibuf_I_O)         1.411     1.411 r  CLK100MHZ_IBUF_inst/O
                         net (fo=1, routed)           1.920     3.331    CLK100MHZ_IBUF
    BUFGCTRL_X0Y16       BUFG (Prop_bufg_I_O)         0.091     3.422 r  CLK100MHZ_IBUF_BUFG_inst/O
                         net (fo=45614, routed)       1.590     5.013    u_accel/gen_nn_bitshift.u_accel/gen_hl2[0].membrane_buf/CLK100MHZ_IBUF_BUFG
    SLICE_X1Y73          FDRE                                         r  u_accel/gen_nn_bitshift.u_accel/gen_hl2[0].membrane_buf/membrane_storage_reg[9][19]/C

Slack:                    inf
  Source:                 CPU_RESETN
                            (input port)
  Destination:            u_accel/gen_nn_bitshift.u_accel/gen_hl2[0].membrane_buf/membrane_storage_reg[9][21]/CE
                            (rising edge-triggered cell FDRE clocked by sys_clk_pin  {rise@0.000ns fall@5.000ns period=10.000ns})
  Path Group:             (none)
  Path Type:              Setup (Max at Slow Process Corner)
  Data Path Delay:        19.101ns  (logic 1.755ns (9.188%)  route 17.346ns (90.812%))
  Logic Levels:           3  (IBUF=1 LUT3=1 LUT6=1)
  Clock Path Skew:        5.013ns (DCD - SCD + CPR)
    Destination Clock Delay (DCD):    5.013ns
    Source Clock Delay      (SCD):    0.000ns
    Clock Pessimism Removal (CPR):    0.000ns
  Clock Uncertainty:      0.025ns  ((TSJ^2 + TIJ^2)^1/2 + DJ) / 2 + PE
    Total System Jitter     (TSJ):    0.050ns
    Total Input Jitter      (TIJ):    0.000ns
    Discrete Jitter          (DJ):    0.000ns
    Phase Error              (PE):    0.000ns

    Location             Delay type                Incr(ns)  Path(ns)    Netlist Resource(s)
  -------------------------------------------------------------------    -------------------
    C12                                               0.000     0.000 r  CPU_RESETN (IN)
                         net (fo=0)                   0.000     0.000    CPU_RESETN
    C12                  IBUF (Prop_ibuf_I_O)         1.507     1.507 r  CPU_RESETN_IBUF_inst/O
                         net (fo=56, routed)         12.617    14.124    u_accel/gen_nn_bitshift.u_accel/gen_hl2[0].membrane_buf/CPU_RESETN_IBUF
    SLICE_X11Y62         LUT3 (Prop_lut3_I0_O)        0.124    14.248 r  u_accel/gen_nn_bitshift.u_accel/gen_hl2[0].membrane_buf/membrane_storage[19][23]_i_2__0/O
                         net (fo=20, routed)          2.205    16.452    u_accel/gen_nn_bitshift.u_accel/gen_hl2[0].membrane_buf/membrane_storage[19][23]_i_2__0_n_0
    SLICE_X28Y60         LUT6 (Prop_lut6_I5_O)        0.124    16.576 r  u_accel/gen_nn_bitshift.u_accel/gen_hl2[0].membrane_buf/membrane_storage[9][23]_i_1__23/O
                         net (fo=24, routed)          2.524    19.101    u_accel/gen_nn_bitshift.u_accel/gen_hl2[0].membrane_buf/membrane_storage[9][23]_i_1__23_n_0
    SLICE_X1Y73          FDRE                                         r  u_accel/gen_nn_bitshift.u_accel/gen_hl2[0].membrane_buf/membrane_storage_reg[9][21]/CE
  -------------------------------------------------------------------    -------------------

                         (clock sys_clk_pin rise edge)
                                                      0.000     0.000 r  
    E3                                                0.000     0.000 r  CLK100MHZ (IN)
                         net (fo=0)                   0.000     0.000    CLK100MHZ
    E3                   IBUF (Prop_ibuf_I_O)         1.411     1.411 r  CLK100MHZ_IBUF_inst/O
                         net (fo=1, routed)           1.920     3.331    CLK100MHZ_IBUF
    BUFGCTRL_X0Y16       BUFG (Prop_bufg_I_O)         0.091     3.422 r  CLK100MHZ_IBUF_BUFG_inst/O
                         net (fo=45614, routed)       1.590     5.013    u_accel/gen_nn_bitshift.u_accel/gen_hl2[0].membrane_buf/CLK100MHZ_IBUF_BUFG
    SLICE_X1Y73          FDRE                                         r  u_accel/gen_nn_bitshift.u_accel/gen_hl2[0].membrane_buf/membrane_storage_reg[9][21]/C

Slack:                    inf
  Source:                 CPU_RESETN
                            (input port)
  Destination:            u_accel/gen_nn_bitshift.u_accel/gen_hl2[0].membrane_buf/membrane_storage_reg[12][10]/CE
                            (rising edge-triggered cell FDRE clocked by sys_clk_pin  {rise@0.000ns fall@5.000ns period=10.000ns})
  Path Group:             (none)
  Path Type:              Setup (Max at Slow Process Corner)
  Data Path Delay:        18.983ns  (logic 1.755ns (9.245%)  route 17.228ns (90.755%))
  Logic Levels:           3  (IBUF=1 LUT3=1 LUT6=1)
  Clock Path Skew:        5.016ns (DCD - SCD + CPR)
    Destination Clock Delay (DCD):    5.016ns
    Source Clock Delay      (SCD):    0.000ns
    Clock Pessimism Removal (CPR):    0.000ns
  Clock Uncertainty:      0.025ns  ((TSJ^2 + TIJ^2)^1/2 + DJ) / 2 + PE
    Total System Jitter     (TSJ):    0.050ns
    Total Input Jitter      (TIJ):    0.000ns
    Discrete Jitter          (DJ):    0.000ns
    Phase Error              (PE):    0.000ns

    Location             Delay type                Incr(ns)  Path(ns)    Netlist Resource(s)
  -------------------------------------------------------------------    -------------------
    C12                                               0.000     0.000 r  CPU_RESETN (IN)
                         net (fo=0)                   0.000     0.000    CPU_RESETN
    C12                  IBUF (Prop_ibuf_I_O)         1.507     1.507 r  CPU_RESETN_IBUF_inst/O
                         net (fo=56, routed)         12.617    14.124    u_accel/gen_nn_bitshift.u_accel/gen_hl2[0].membrane_buf/CPU_RESETN_IBUF
    SLICE_X11Y62         LUT3 (Prop_lut3_I0_O)        0.124    14.248 r  u_accel/gen_nn_bitshift.u_accel/gen_hl2[0].membrane_buf/membrane_storage[19][23]_i_2__0/O
                         net (fo=20, routed)          0.996    15.244    u_accel/gen_nn_bitshift.u_accel/gen_hl2[0].membrane_buf/membrane_storage[19][23]_i_2__0_n_0
    SLICE_X29Y61         LUT6 (Prop_lut6_I5_O)        0.124    15.368 r  u_accel/gen_nn_bitshift.u_accel/gen_hl2[0].membrane_buf/membrane_storage[12][23]_i_1__23/O
                         net (fo=24, routed)          3.615    18.983    u_accel/gen_nn_bitshift.u_accel/gen_hl2[0].membrane_buf/membrane_storage[12][23]_i_1__23_n_0
    SLICE_X2Y78          FDRE                                         r  u_accel/gen_nn_bitshift.u_accel/gen_hl2[0].membrane_buf/membrane_storage_reg[12][10]/CE
  -------------------------------------------------------------------    -------------------

                         (clock sys_clk_pin rise edge)
                                                      0.000     0.000 r  
    E3                                                0.000     0.000 r  CLK100MHZ (IN)
                         net (fo=0)                   0.000     0.000    CLK100MHZ
    E3                   IBUF (Prop_ibuf_I_O)         1.411     1.411 r  CLK100MHZ_IBUF_inst/O
                         net (fo=1, routed)           1.920     3.331    CLK100MHZ_IBUF
    BUFGCTRL_X0Y16       BUFG (Prop_bufg_I_O)         0.091     3.422 r  CLK100MHZ_IBUF_BUFG_inst/O
                         net (fo=45614, routed)       1.593     5.016    u_accel/gen_nn_bitshift.u_accel/gen_hl2[0].membrane_buf/CLK100MHZ_IBUF_BUFG
    SLICE_X2Y78          FDRE                                         r  u_accel/gen_nn_bitshift.u_accel/gen_hl2[0].membrane_buf/membrane_storage_reg[12][10]/C

Slack:                    inf
  Source:                 CPU_RESETN
                            (input port)
  Destination:            u_accel/gen_nn_bitshift.u_accel/gen_hl2[0].membrane_buf/membrane_storage_reg[12][13]/CE
                            (rising edge-triggered cell FDRE clocked by sys_clk_pin  {rise@0.000ns fall@5.000ns period=10.000ns})
  Path Group:             (none)
  Path Type:              Setup (Max at Slow Process Corner)
  Data Path Delay:        18.983ns  (logic 1.755ns (9.245%)  route 17.228ns (90.755%))
  Logic Levels:           3  (IBUF=1 LUT3=1 LUT6=1)
  Clock Path Skew:        5.016ns (DCD - SCD + CPR)
    Destination Clock Delay (DCD):    5.016ns
    Source Clock Delay      (SCD):    0.000ns
    Clock Pessimism Removal (CPR):    0.000ns
  Clock Uncertainty:      0.025ns  ((TSJ^2 + TIJ^2)^1/2 + DJ) / 2 + PE
    Total System Jitter     (TSJ):    0.050ns
    Total Input Jitter      (TIJ):    0.000ns
    Discrete Jitter          (DJ):    0.000ns
    Phase Error              (PE):    0.000ns

    Location             Delay type                Incr(ns)  Path(ns)    Netlist Resource(s)
  -------------------------------------------------------------------    -------------------
    C12                                               0.000     0.000 r  CPU_RESETN (IN)
                         net (fo=0)                   0.000     0.000    CPU_RESETN
    C12                  IBUF (Prop_ibuf_I_O)         1.507     1.507 r  CPU_RESETN_IBUF_inst/O
                         net (fo=56, routed)         12.617    14.124    u_accel/gen_nn_bitshift.u_accel/gen_hl2[0].membrane_buf/CPU_RESETN_IBUF
    SLICE_X11Y62         LUT3 (Prop_lut3_I0_O)        0.124    14.248 r  u_accel/gen_nn_bitshift.u_accel/gen_hl2[0].membrane_buf/membrane_storage[19][23]_i_2__0/O
                         net (fo=20, routed)          0.996    15.244    u_accel/gen_nn_bitshift.u_accel/gen_hl2[0].membrane_buf/membrane_storage[19][23]_i_2__0_n_0
    SLICE_X29Y61         LUT6 (Prop_lut6_I5_O)        0.124    15.368 r  u_accel/gen_nn_bitshift.u_accel/gen_hl2[0].membrane_buf/membrane_storage[12][23]_i_1__23/O
                         net (fo=24, routed)          3.615    18.983    u_accel/gen_nn_bitshift.u_accel/gen_hl2[0].membrane_buf/membrane_storage[12][23]_i_1__23_n_0
    SLICE_X2Y78          FDRE                                         r  u_accel/gen_nn_bitshift.u_accel/gen_hl2[0].membrane_buf/membrane_storage_reg[12][13]/CE
  -------------------------------------------------------------------    -------------------

                         (clock sys_clk_pin rise edge)
                                                      0.000     0.000 r  
    E3                                                0.000     0.000 r  CLK100MHZ (IN)
                         net (fo=0)                   0.000     0.000    CLK100MHZ
    E3                   IBUF (Prop_ibuf_I_O)         1.411     1.411 r  CLK100MHZ_IBUF_inst/O
                         net (fo=1, routed)           1.920     3.331    CLK100MHZ_IBUF
    BUFGCTRL_X0Y16       BUFG (Prop_bufg_I_O)         0.091     3.422 r  CLK100MHZ_IBUF_BUFG_inst/O
                         net (fo=45614, routed)       1.593     5.016    u_accel/gen_nn_bitshift.u_accel/gen_hl2[0].membrane_buf/CLK100MHZ_IBUF_BUFG
    SLICE_X2Y78          FDRE                                         r  u_accel/gen_nn_bitshift.u_accel/gen_hl2[0].membrane_buf/membrane_storage_reg[12][13]/C

Slack:                    inf
  Source:                 CPU_RESETN
                            (input port)
  Destination:            u_accel/gen_nn_bitshift.u_accel/gen_hl2[0].membrane_buf/membrane_storage_reg[12][15]/CE
                            (rising edge-triggered cell FDRE clocked by sys_clk_pin  {rise@0.000ns fall@5.000ns period=10.000ns})
  Path Group:             (none)
  Path Type:              Setup (Max at Slow Process Corner)
  Data Path Delay:        18.983ns  (logic 1.755ns (9.245%)  route 17.228ns (90.755%))
  Logic Levels:           3  (IBUF=1 LUT3=1 LUT6=1)
  Clock Path Skew:        5.016ns (DCD - SCD + CPR)
    Destination Clock Delay (DCD):    5.016ns
    Source Clock Delay      (SCD):    0.000ns
    Clock Pessimism Removal (CPR):    0.000ns
  Clock Uncertainty:      0.025ns  ((TSJ^2 + TIJ^2)^1/2 + DJ) / 2 + PE
    Total System Jitter     (TSJ):    0.050ns
    Total Input Jitter      (TIJ):    0.000ns
    Discrete Jitter          (DJ):    0.000ns
    Phase Error              (PE):    0.000ns

    Location             Delay type                Incr(ns)  Path(ns)    Netlist Resource(s)
  -------------------------------------------------------------------    -------------------
    C12                                               0.000     0.000 r  CPU_RESETN (IN)
                         net (fo=0)                   0.000     0.000    CPU_RESETN
    C12                  IBUF (Prop_ibuf_I_O)         1.507     1.507 r  CPU_RESETN_IBUF_inst/O
                         net (fo=56, routed)         12.617    14.124    u_accel/gen_nn_bitshift.u_accel/gen_hl2[0].membrane_buf/CPU_RESETN_IBUF
    SLICE_X11Y62         LUT3 (Prop_lut3_I0_O)        0.124    14.248 r  u_accel/gen_nn_bitshift.u_accel/gen_hl2[0].membrane_buf/membrane_storage[19][23]_i_2__0/O
                         net (fo=20, routed)          0.996    15.244    u_accel/gen_nn_bitshift.u_accel/gen_hl2[0].membrane_buf/membrane_storage[19][23]_i_2__0_n_0
    SLICE_X29Y61         LUT6 (Prop_lut6_I5_O)        0.124    15.368 r  u_accel/gen_nn_bitshift.u_accel/gen_hl2[0].membrane_buf/membrane_storage[12][23]_i_1__23/O
                         net (fo=24, routed)          3.615    18.983    u_accel/gen_nn_bitshift.u_accel/gen_hl2[0].membrane_buf/membrane_storage[12][23]_i_1__23_n_0
    SLICE_X2Y78          FDRE                                         r  u_accel/gen_nn_bitshift.u_accel/gen_hl2[0].membrane_buf/membrane_storage_reg[12][15]/CE
  -------------------------------------------------------------------    -------------------

                         (clock sys_clk_pin rise edge)
                                                      0.000     0.000 r  
    E3                                                0.000     0.000 r  CLK100MHZ (IN)
                         net (fo=0)                   0.000     0.000    CLK100MHZ
    E3                   IBUF (Prop_ibuf_I_O)         1.411     1.411 r  CLK100MHZ_IBUF_inst/O
                         net (fo=1, routed)           1.920     3.331    CLK100MHZ_IBUF
    BUFGCTRL_X0Y16       BUFG (Prop_bufg_I_O)         0.091     3.422 r  CLK100MHZ_IBUF_BUFG_inst/O
                         net (fo=45614, routed)       1.593     5.016    u_accel/gen_nn_bitshift.u_accel/gen_hl2[0].membrane_buf/CLK100MHZ_IBUF_BUFG
    SLICE_X2Y78          FDRE                                         r  u_accel/gen_nn_bitshift.u_accel/gen_hl2[0].membrane_buf/membrane_storage_reg[12][15]/C

Slack:                    inf
  Source:                 CPU_RESETN
                            (input port)
  Destination:            u_accel/gen_nn_bitshift.u_accel/gen_hl2[0].membrane_buf/membrane_storage_reg[12][22]/CE
                            (rising edge-triggered cell FDRE clocked by sys_clk_pin  {rise@0.000ns fall@5.000ns period=10.000ns})
  Path Group:             (none)
  Path Type:              Setup (Max at Slow Process Corner)
  Data Path Delay:        18.983ns  (logic 1.755ns (9.245%)  route 17.228ns (90.755%))
  Logic Levels:           3  (IBUF=1 LUT3=1 LUT6=1)
  Clock Path Skew:        5.016ns (DCD - SCD + CPR)
    Destination Clock Delay (DCD):    5.016ns
    Source Clock Delay      (SCD):    0.000ns
    Clock Pessimism Removal (CPR):    0.000ns
  Clock Uncertainty:      0.025ns  ((TSJ^2 + TIJ^2)^1/2 + DJ) / 2 + PE
    Total System Jitter     (TSJ):    0.050ns
    Total Input Jitter      (TIJ):    0.000ns
    Discrete Jitter          (DJ):    0.000ns
    Phase Error              (PE):    0.000ns

    Location             Delay type                Incr(ns)  Path(ns)    Netlist Resource(s)
  -------------------------------------------------------------------    -------------------
    C12                                               0.000     0.000 r  CPU_RESETN (IN)
                         net (fo=0)                   0.000     0.000    CPU_RESETN
    C12                  IBUF (Prop_ibuf_I_O)         1.507     1.507 r  CPU_RESETN_IBUF_inst/O
                         net (fo=56, routed)         12.617    14.124    u_accel/gen_nn_bitshift.u_accel/gen_hl2[0].membrane_buf/CPU_RESETN_IBUF
    SLICE_X11Y62         LUT3 (Prop_lut3_I0_O)        0.124    14.248 r  u_accel/gen_nn_bitshift.u_accel/gen_hl2[0].membrane_buf/membrane_storage[19][23]_i_2__0/O
                         net (fo=20, routed)          0.996    15.244    u_accel/gen_nn_bitshift.u_accel/gen_hl2[0].membrane_buf/membrane_storage[19][23]_i_2__0_n_0
    SLICE_X29Y61         LUT6 (Prop_lut6_I5_O)        0.124    15.368 r  u_accel/gen_nn_bitshift.u_accel/gen_hl2[0].membrane_buf/membrane_storage[12][23]_i_1__23/O
                         net (fo=24, routed)          3.615    18.983    u_accel/gen_nn_bitshift.u_accel/gen_hl2[0].membrane_buf/membrane_storage[12][23]_i_1__23_n_0
    SLICE_X2Y78          FDRE                                         r  u_accel/gen_nn_bitshift.u_accel/gen_hl2[0].membrane_buf/membrane_storage_reg[12][22]/CE
  -------------------------------------------------------------------    -------------------

                         (clock sys_clk_pin rise edge)
                                                      0.000     0.000 r  
    E3                                                0.000     0.000 r  CLK100MHZ (IN)
                         net (fo=0)                   0.000     0.000    CLK100MHZ
    E3                   IBUF (Prop_ibuf_I_O)         1.411     1.411 r  CLK100MHZ_IBUF_inst/O
                         net (fo=1, routed)           1.920     3.331    CLK100MHZ_IBUF
    BUFGCTRL_X0Y16       BUFG (Prop_bufg_I_O)         0.091     3.422 r  CLK100MHZ_IBUF_BUFG_inst/O
                         net (fo=45614, routed)       1.593     5.016    u_accel/gen_nn_bitshift.u_accel/gen_hl2[0].membrane_buf/CLK100MHZ_IBUF_BUFG
    SLICE_X2Y78          FDRE                                         r  u_accel/gen_nn_bitshift.u_accel/gen_hl2[0].membrane_buf/membrane_storage_reg[12][22]/C





Min Delay Paths
--------------------------------------------------------------------------------------
Slack:                    inf
  Source:                 CPU_RESETN
                            (input port)
  Destination:            u_accel/u_ctrl/tx_frame_reg[11][3]/CE
                            (rising edge-triggered cell FDRE clocked by sys_clk_pin  {rise@0.000ns fall@5.000ns period=10.000ns})
  Path Group:             (none)
  Path Type:              Hold (Min at Fast Process Corner)
  Data Path Delay:        1.902ns  (logic 0.320ns (16.801%)  route 1.583ns (83.199%))
  Logic Levels:           2  (IBUF=1 LUT3=1)
  Clock Path Skew:        2.069ns (DCD - SCD - CPR)
    Destination Clock Delay (DCD):    2.069ns
    Source Clock Delay      (SCD):    0.000ns
    Clock Pessimism Removal (CPR):    -0.000ns

    Location             Delay type                Incr(ns)  Path(ns)    Netlist Resource(s)
  -------------------------------------------------------------------    -------------------
    C12                                               0.000     0.000 r  CPU_RESETN (IN)
                         net (fo=0)                   0.000     0.000    CPU_RESETN
    C12                  IBUF (Prop_ibuf_I_O)         0.275     0.275 r  CPU_RESETN_IBUF_inst/O
                         net (fo=56, routed)          1.456     1.730    u_accel/u_ctrl/CPU_RESETN_IBUF
    SLICE_X41Y175        LUT3 (Prop_lut3_I0_O)        0.045     1.775 r  u_accel/u_ctrl/tx_frame[11][7]_i_2/O
                         net (fo=8, routed)           0.127     1.902    u_accel/u_ctrl/tx_frame[11][7]_i_2_n_0
    SLICE_X41Y175        FDRE                                         r  u_accel/u_ctrl/tx_frame_reg[11][3]/CE
  -------------------------------------------------------------------    -------------------

                         (clock sys_clk_pin rise edge)
                                                      0.000     0.000 r  
    E3                                                0.000     0.000 r  CLK100MHZ (IN)
                         net (fo=0)                   0.000     0.000    CLK100MHZ
    E3                   IBUF (Prop_ibuf_I_O)         0.438     0.438 r  CLK100MHZ_IBUF_inst/O
                         net (fo=1, routed)           0.699     1.136    CLK100MHZ_IBUF
    BUFGCTRL_X0Y16       BUFG (Prop_bufg_I_O)         0.029     1.165 r  CLK100MHZ_IBUF_BUFG_inst/O
                         net (fo=45614, routed)       0.904     2.069    u_accel/u_ctrl/CLK100MHZ_IBUF_BUFG
    SLICE_X41Y175        FDRE                                         r  u_accel/u_ctrl/tx_frame_reg[11][3]/C

Slack:                    inf
  Source:                 CPU_RESETN
                            (input port)
  Destination:            u_accel/u_ctrl/tx_frame_reg[11][4]/CE
                            (rising edge-triggered cell FDRE clocked by sys_clk_pin  {rise@0.000ns fall@5.000ns period=10.000ns})
  Path Group:             (none)
  Path Type:              Hold (Min at Fast Process Corner)
  Data Path Delay:        1.902ns  (logic 0.320ns (16.801%)  route 1.583ns (83.199%))
  Logic Levels:           2  (IBUF=1 LUT3=1)
  Clock Path Skew:        2.069ns (DCD - SCD - CPR)
    Destination Clock Delay (DCD):    2.069ns
    Source Clock Delay      (SCD):    0.000ns
    Clock Pessimism Removal (CPR):    -0.000ns

    Location             Delay type                Incr(ns)  Path(ns)    Netlist Resource(s)
  -------------------------------------------------------------------    -------------------
    C12                                               0.000     0.000 r  CPU_RESETN (IN)
                         net (fo=0)                   0.000     0.000    CPU_RESETN
    C12                  IBUF (Prop_ibuf_I_O)         0.275     0.275 r  CPU_RESETN_IBUF_inst/O
                         net (fo=56, routed)          1.456     1.730    u_accel/u_ctrl/CPU_RESETN_IBUF
    SLICE_X41Y175        LUT3 (Prop_lut3_I0_O)        0.045     1.775 r  u_accel/u_ctrl/tx_frame[11][7]_i_2/O
                         net (fo=8, routed)           0.127     1.902    u_accel/u_ctrl/tx_frame[11][7]_i_2_n_0
    SLICE_X41Y175        FDRE                                         r  u_accel/u_ctrl/tx_frame_reg[11][4]/CE
  -------------------------------------------------------------------    -------------------

                         (clock sys_clk_pin rise edge)
                                                      0.000     0.000 r  
    E3                                                0.000     0.000 r  CLK100MHZ (IN)
                         net (fo=0)                   0.000     0.000    CLK100MHZ
    E3                   IBUF (Prop_ibuf_I_O)         0.438     0.438 r  CLK100MHZ_IBUF_inst/O
                         net (fo=1, routed)           0.699     1.136    CLK100MHZ_IBUF
    BUFGCTRL_X0Y16       BUFG (Prop_bufg_I_O)         0.029     1.165 r  CLK100MHZ_IBUF_BUFG_inst/O
                         net (fo=45614, routed)       0.904     2.069    u_accel/u_ctrl/CLK100MHZ_IBUF_BUFG
    SLICE_X41Y175        FDRE                                         r  u_accel/u_ctrl/tx_frame_reg[11][4]/C

Slack:                    inf
  Source:                 CPU_RESETN
                            (input port)
  Destination:            u_accel/u_ctrl/tx_frame_reg[11][5]/CE
                            (rising edge-triggered cell FDRE clocked by sys_clk_pin  {rise@0.000ns fall@5.000ns period=10.000ns})
  Path Group:             (none)
  Path Type:              Hold (Min at Fast Process Corner)
  Data Path Delay:        1.902ns  (logic 0.320ns (16.801%)  route 1.583ns (83.199%))
  Logic Levels:           2  (IBUF=1 LUT3=1)
  Clock Path Skew:        2.069ns (DCD - SCD - CPR)
    Destination Clock Delay (DCD):    2.069ns
    Source Clock Delay      (SCD):    0.000ns
    Clock Pessimism Removal (CPR):    -0.000ns

    Location             Delay type                Incr(ns)  Path(ns)    Netlist Resource(s)
  -------------------------------------------------------------------    -------------------
    C12                                               0.000     0.000 r  CPU_RESETN (IN)
                         net (fo=0)                   0.000     0.000    CPU_RESETN
    C12                  IBUF (Prop_ibuf_I_O)         0.275     0.275 r  CPU_RESETN_IBUF_inst/O
                         net (fo=56, routed)          1.456     1.730    u_accel/u_ctrl/CPU_RESETN_IBUF
    SLICE_X41Y175        LUT3 (Prop_lut3_I0_O)        0.045     1.775 r  u_accel/u_ctrl/tx_frame[11][7]_i_2/O
                         net (fo=8, routed)           0.127     1.902    u_accel/u_ctrl/tx_frame[11][7]_i_2_n_0
    SLICE_X41Y175        FDRE                                         r  u_accel/u_ctrl/tx_frame_reg[11][5]/CE
  -------------------------------------------------------------------    -------------------

                         (clock sys_clk_pin rise edge)
                                                      0.000     0.000 r  
    E3                                                0.000     0.000 r  CLK100MHZ (IN)
                         net (fo=0)                   0.000     0.000    CLK100MHZ
    E3                   IBUF (Prop_ibuf_I_O)         0.438     0.438 r  CLK100MHZ_IBUF_inst/O
                         net (fo=1, routed)           0.699     1.136    CLK100MHZ_IBUF
    BUFGCTRL_X0Y16       BUFG (Prop_bufg_I_O)         0.029     1.165 r  CLK100MHZ_IBUF_BUFG_inst/O
                         net (fo=45614, routed)       0.904     2.069    u_accel/u_ctrl/CLK100MHZ_IBUF_BUFG
    SLICE_X41Y175        FDRE                                         r  u_accel/u_ctrl/tx_frame_reg[11][5]/C

Slack:                    inf
  Source:                 CPU_RESETN
                            (input port)
  Destination:            u_accel/u_ctrl/tx_frame_reg[11][6]/CE
                            (rising edge-triggered cell FDRE clocked by sys_clk_pin  {rise@0.000ns fall@5.000ns period=10.000ns})
  Path Group:             (none)
  Path Type:              Hold (Min at Fast Process Corner)
  Data Path Delay:        1.902ns  (logic 0.320ns (16.801%)  route 1.583ns (83.199%))
  Logic Levels:           2  (IBUF=1 LUT3=1)
  Clock Path Skew:        2.069ns (DCD - SCD - CPR)
    Destination Clock Delay (DCD):    2.069ns
    Source Clock Delay      (SCD):    0.000ns
    Clock Pessimism Removal (CPR):    -0.000ns

    Location             Delay type                Incr(ns)  Path(ns)    Netlist Resource(s)
  -------------------------------------------------------------------    -------------------
    C12                                               0.000     0.000 r  CPU_RESETN (IN)
                         net (fo=0)                   0.000     0.000    CPU_RESETN
    C12                  IBUF (Prop_ibuf_I_O)         0.275     0.275 r  CPU_RESETN_IBUF_inst/O
                         net (fo=56, routed)          1.456     1.730    u_accel/u_ctrl/CPU_RESETN_IBUF
    SLICE_X41Y175        LUT3 (Prop_lut3_I0_O)        0.045     1.775 r  u_accel/u_ctrl/tx_frame[11][7]_i_2/O
                         net (fo=8, routed)           0.127     1.902    u_accel/u_ctrl/tx_frame[11][7]_i_2_n_0
    SLICE_X41Y175        FDRE                                         r  u_accel/u_ctrl/tx_frame_reg[11][6]/CE
  -------------------------------------------------------------------    -------------------

                         (clock sys_clk_pin rise edge)
                                                      0.000     0.000 r  
    E3                                                0.000     0.000 r  CLK100MHZ (IN)
                         net (fo=0)                   0.000     0.000    CLK100MHZ
    E3                   IBUF (Prop_ibuf_I_O)         0.438     0.438 r  CLK100MHZ_IBUF_inst/O
                         net (fo=1, routed)           0.699     1.136    CLK100MHZ_IBUF
    BUFGCTRL_X0Y16       BUFG (Prop_bufg_I_O)         0.029     1.165 r  CLK100MHZ_IBUF_BUFG_inst/O
                         net (fo=45614, routed)       0.904     2.069    u_accel/u_ctrl/CLK100MHZ_IBUF_BUFG
    SLICE_X41Y175        FDRE                                         r  u_accel/u_ctrl/tx_frame_reg[11][6]/C

Slack:                    inf
  Source:                 CPU_RESETN
                            (input port)
  Destination:            u_accel/u_ctrl/tx_frame_reg[11][0]/CE
                            (rising edge-triggered cell FDRE clocked by sys_clk_pin  {rise@0.000ns fall@5.000ns period=10.000ns})
  Path Group:             (none)
  Path Type:              Hold (Min at Fast Process Corner)
  Data Path Delay:        1.946ns  (logic 0.320ns (16.420%)  route 1.627ns (83.580%))
  Logic Levels:           2  (IBUF=1 LUT3=1)
  Clock Path Skew:        2.071ns (DCD - SCD - CPR)
    Destination Clock Delay (DCD):    2.071ns
    Source Clock Delay      (SCD):    0.000ns
    Clock Pessimism Removal (CPR):    -0.000ns

    Location             Delay type                Incr(ns)  Path(ns)    Netlist Resource(s)
  -------------------------------------------------------------------    -------------------
    C12                                               0.000     0.000 r  CPU_RESETN (IN)
                         net (fo=0)                   0.000     0.000    CPU_RESETN
    C12                  IBUF (Prop_ibuf_I_O)         0.275     0.275 r  CPU_RESETN_IBUF_inst/O
                         net (fo=56, routed)          1.456     1.730    u_accel/u_ctrl/CPU_RESETN_IBUF
    SLICE_X41Y175        LUT3 (Prop_lut3_I0_O)        0.045     1.775 r  u_accel/u_ctrl/tx_frame[11][7]_i_2/O
                         net (fo=8, routed)           0.171     1.946    u_accel/u_ctrl/tx_frame[11][7]_i_2_n_0
    SLICE_X37Y176        FDRE                                         r  u_accel/u_ctrl/tx_frame_reg[11][0]/CE
  -------------------------------------------------------------------    -------------------

                         (clock sys_clk_pin rise edge)
                                                      0.000     0.000 r  
    E3                                                0.000     0.000 r  CLK100MHZ (IN)
                         net (fo=0)                   0.000     0.000    CLK100MHZ
    E3                   IBUF (Prop_ibuf_I_O)         0.438     0.438 r  CLK100MHZ_IBUF_inst/O
                         net (fo=1, routed)           0.699     1.136    CLK100MHZ_IBUF
    BUFGCTRL_X0Y16       BUFG (Prop_bufg_I_O)         0.029     1.165 r  CLK100MHZ_IBUF_BUFG_inst/O
                         net (fo=45614, routed)       0.906     2.071    u_accel/u_ctrl/CLK100MHZ_IBUF_BUFG
    SLICE_X37Y176        FDRE                                         r  u_accel/u_ctrl/tx_frame_reg[11][0]/C

Slack:                    inf
  Source:                 CPU_RESETN
                            (input port)
  Destination:            u_accel/u_ctrl/tx_frame_reg[11][1]/CE
                            (rising edge-triggered cell FDRE clocked by sys_clk_pin  {rise@0.000ns fall@5.000ns period=10.000ns})
  Path Group:             (none)
  Path Type:              Hold (Min at Fast Process Corner)
  Data Path Delay:        1.946ns  (logic 0.320ns (16.420%)  route 1.627ns (83.580%))
  Logic Levels:           2  (IBUF=1 LUT3=1)
  Clock Path Skew:        2.071ns (DCD - SCD - CPR)
    Destination Clock Delay (DCD):    2.071ns
    Source Clock Delay      (SCD):    0.000ns
    Clock Pessimism Removal (CPR):    -0.000ns

    Location             Delay type                Incr(ns)  Path(ns)    Netlist Resource(s)
  -------------------------------------------------------------------    -------------------
    C12                                               0.000     0.000 r  CPU_RESETN (IN)
                         net (fo=0)                   0.000     0.000    CPU_RESETN
    C12                  IBUF (Prop_ibuf_I_O)         0.275     0.275 r  CPU_RESETN_IBUF_inst/O
                         net (fo=56, routed)          1.456     1.730    u_accel/u_ctrl/CPU_RESETN_IBUF
    SLICE_X41Y175        LUT3 (Prop_lut3_I0_O)        0.045     1.775 r  u_accel/u_ctrl/tx_frame[11][7]_i_2/O
                         net (fo=8, routed)           0.171     1.946    u_accel/u_ctrl/tx_frame[11][7]_i_2_n_0
    SLICE_X37Y176        FDRE                                         r  u_accel/u_ctrl/tx_frame_reg[11][1]/CE
  -------------------------------------------------------------------    -------------------

                         (clock sys_clk_pin rise edge)
                                                      0.000     0.000 r  
    E3                                                0.000     0.000 r  CLK100MHZ (IN)
                         net (fo=0)                   0.000     0.000    CLK100MHZ
    E3                   IBUF (Prop_ibuf_I_O)         0.438     0.438 r  CLK100MHZ_IBUF_inst/O
                         net (fo=1, routed)           0.699     1.136    CLK100MHZ_IBUF
    BUFGCTRL_X0Y16       BUFG (Prop_bufg_I_O)         0.029     1.165 r  CLK100MHZ_IBUF_BUFG_inst/O
                         net (fo=45614, routed)       0.906     2.071    u_accel/u_ctrl/CLK100MHZ_IBUF_BUFG
    SLICE_X37Y176        FDRE                                         r  u_accel/u_ctrl/tx_frame_reg[11][1]/C

Slack:                    inf
  Source:                 CPU_RESETN
                            (input port)
  Destination:            u_accel/u_ctrl/tx_frame_reg[11][2]/CE
                            (rising edge-triggered cell FDRE clocked by sys_clk_pin  {rise@0.000ns fall@5.000ns period=10.000ns})
  Path Group:             (none)
  Path Type:              Hold (Min at Fast Process Corner)
  Data Path Delay:        1.946ns  (logic 0.320ns (16.420%)  route 1.627ns (83.580%))
  Logic Levels:           2  (IBUF=1 LUT3=1)
  Clock Path Skew:        2.071ns (DCD - SCD - CPR)
    Destination Clock Delay (DCD):    2.071ns
    Source Clock Delay      (SCD):    0.000ns
    Clock Pessimism Removal (CPR):    -0.000ns

    Location             Delay type                Incr(ns)  Path(ns)    Netlist Resource(s)
  -------------------------------------------------------------------    -------------------
    C12                                               0.000     0.000 r  CPU_RESETN (IN)
                         net (fo=0)                   0.000     0.000    CPU_RESETN
    C12                  IBUF (Prop_ibuf_I_O)         0.275     0.275 r  CPU_RESETN_IBUF_inst/O
                         net (fo=56, routed)          1.456     1.730    u_accel/u_ctrl/CPU_RESETN_IBUF
    SLICE_X41Y175        LUT3 (Prop_lut3_I0_O)        0.045     1.775 r  u_accel/u_ctrl/tx_frame[11][7]_i_2/O
                         net (fo=8, routed)           0.171     1.946    u_accel/u_ctrl/tx_frame[11][7]_i_2_n_0
    SLICE_X37Y176        FDRE                                         r  u_accel/u_ctrl/tx_frame_reg[11][2]/CE
  -------------------------------------------------------------------    -------------------

                         (clock sys_clk_pin rise edge)
                                                      0.000     0.000 r  
    E3                                                0.000     0.000 r  CLK100MHZ (IN)
                         net (fo=0)                   0.000     0.000    CLK100MHZ
    E3                   IBUF (Prop_ibuf_I_O)         0.438     0.438 r  CLK100MHZ_IBUF_inst/O
                         net (fo=1, routed)           0.699     1.136    CLK100MHZ_IBUF
    BUFGCTRL_X0Y16       BUFG (Prop_bufg_I_O)         0.029     1.165 r  CLK100MHZ_IBUF_BUFG_inst/O
                         net (fo=45614, routed)       0.906     2.071    u_accel/u_ctrl/CLK100MHZ_IBUF_BUFG
    SLICE_X37Y176        FDRE                                         r  u_accel/u_ctrl/tx_frame_reg[11][2]/C

Slack:                    inf
  Source:                 CPU_RESETN
                            (input port)
  Destination:            u_accel/u_ctrl/tx_frame_reg[11][7]/CE
                            (rising edge-triggered cell FDRE clocked by sys_clk_pin  {rise@0.000ns fall@5.000ns period=10.000ns})
  Path Group:             (none)
  Path Type:              Hold (Min at Fast Process Corner)
  Data Path Delay:        1.946ns  (logic 0.320ns (16.420%)  route 1.627ns (83.580%))
  Logic Levels:           2  (IBUF=1 LUT3=1)
  Clock Path Skew:        2.071ns (DCD - SCD - CPR)
    Destination Clock Delay (DCD):    2.071ns
    Source Clock Delay      (SCD):    0.000ns
    Clock Pessimism Removal (CPR):    -0.000ns

    Location             Delay type                Incr(ns)  Path(ns)    Netlist Resource(s)
  -------------------------------------------------------------------    -------------------
    C12                                               0.000     0.000 r  CPU_RESETN (IN)
                         net (fo=0)                   0.000     0.000    CPU_RESETN
    C12                  IBUF (Prop_ibuf_I_O)         0.275     0.275 r  CPU_RESETN_IBUF_inst/O
                         net (fo=56, routed)          1.456     1.730    u_accel/u_ctrl/CPU_RESETN_IBUF
    SLICE_X41Y175        LUT3 (Prop_lut3_I0_O)        0.045     1.775 r  u_accel/u_ctrl/tx_frame[11][7]_i_2/O
                         net (fo=8, routed)           0.171     1.946    u_accel/u_ctrl/tx_frame[11][7]_i_2_n_0
    SLICE_X37Y176        FDRE                                         r  u_accel/u_ctrl/tx_frame_reg[11][7]/CE
  -------------------------------------------------------------------    -------------------

                         (clock sys_clk_pin rise edge)
                                                      0.000     0.000 r  
    E3                                                0.000     0.000 r  CLK100MHZ (IN)
                         net (fo=0)                   0.000     0.000    CLK100MHZ
    E3                   IBUF (Prop_ibuf_I_O)         0.438     0.438 r  CLK100MHZ_IBUF_inst/O
                         net (fo=1, routed)           0.699     1.136    CLK100MHZ_IBUF
    BUFGCTRL_X0Y16       BUFG (Prop_bufg_I_O)         0.029     1.165 r  CLK100MHZ_IBUF_BUFG_inst/O
                         net (fo=45614, routed)       0.906     2.071    u_accel/u_ctrl/CLK100MHZ_IBUF_BUFG
    SLICE_X37Y176        FDRE                                         r  u_accel/u_ctrl/tx_frame_reg[11][7]/C

Slack:                    inf
  Source:                 CPU_RESETN
                            (input port)
  Destination:            u_accel/u_ctrl/tx_frame_reg[7][4]/CE
                            (rising edge-triggered cell FDRE clocked by sys_clk_pin  {rise@0.000ns fall@5.000ns period=10.000ns})
  Path Group:             (none)
  Path Type:              Hold (Min at Fast Process Corner)
  Data Path Delay:        2.004ns  (logic 0.323ns (16.097%)  route 1.681ns (83.903%))
  Logic Levels:           2  (IBUF=1 LUT4=1)
  Clock Path Skew:        2.070ns (DCD - SCD - CPR)
    Destination Clock Delay (DCD):    2.070ns
    Source Clock Delay      (SCD):    0.000ns
    Clock Pessimism Removal (CPR):    -0.000ns

    Location             Delay type                Incr(ns)  Path(ns)    Netlist Resource(s)
  -------------------------------------------------------------------    -------------------
    C12                                               0.000     0.000 r  CPU_RESETN (IN)
                         net (fo=0)                   0.000     0.000    CPU_RESETN
    C12                  IBUF (Prop_ibuf_I_O)         0.275     0.275 r  CPU_RESETN_IBUF_inst/O
                         net (fo=56, routed)          1.456     1.730    u_accel/u_ctrl/CPU_RESETN_IBUF
    SLICE_X41Y175        LUT4 (Prop_lut4_I0_O)        0.048     1.778 r  u_accel/u_ctrl/tx_frame[7][7]_i_1/O
                         net (fo=8, routed)           0.226     2.004    u_accel/u_ctrl/tx_frame[7][7]_i_1_n_0
    SLICE_X37Y174        FDRE                                         r  u_accel/u_ctrl/tx_frame_reg[7][4]/CE
  -------------------------------------------------------------------    -------------------

                         (clock sys_clk_pin rise edge)
                                                      0.000     0.000 r  
    E3                                                0.000     0.000 r  CLK100MHZ (IN)
                         net (fo=0)                   0.000     0.000    CLK100MHZ
    E3                   IBUF (Prop_ibuf_I_O)         0.438     0.438 r  CLK100MHZ_IBUF_inst/O
                         net (fo=1, routed)           0.699     1.136    CLK100MHZ_IBUF
    BUFGCTRL_X0Y16       BUFG (Prop_bufg_I_O)         0.029     1.165 r  CLK100MHZ_IBUF_BUFG_inst/O
                         net (fo=45614, routed)       0.905     2.070    u_accel/u_ctrl/CLK100MHZ_IBUF_BUFG
    SLICE_X37Y174        FDRE                                         r  u_accel/u_ctrl/tx_frame_reg[7][4]/C

Slack:                    inf
  Source:                 CPU_RESETN
                            (input port)
  Destination:            u_accel/u_ctrl/tx_frame_reg[7][7]/CE
                            (rising edge-triggered cell FDRE clocked by sys_clk_pin  {rise@0.000ns fall@5.000ns period=10.000ns})
  Path Group:             (none)
  Path Type:              Hold (Min at Fast Process Corner)
  Data Path Delay:        2.004ns  (logic 0.323ns (16.097%)  route 1.681ns (83.903%))
  Logic Levels:           2  (IBUF=1 LUT4=1)
  Clock Path Skew:        2.070ns (DCD - SCD - CPR)
    Destination Clock Delay (DCD):    2.070ns
    Source Clock Delay      (SCD):    0.000ns
    Clock Pessimism Removal (CPR):    -0.000ns

    Location             Delay type                Incr(ns)  Path(ns)    Netlist Resource(s)
  -------------------------------------------------------------------    -------------------
    C12                                               0.000     0.000 r  CPU_RESETN (IN)
                         net (fo=0)                   0.000     0.000    CPU_RESETN
    C12                  IBUF (Prop_ibuf_I_O)         0.275     0.275 r  CPU_RESETN_IBUF_inst/O
                         net (fo=56, routed)          1.456     1.730    u_accel/u_ctrl/CPU_RESETN_IBUF
    SLICE_X41Y175        LUT4 (Prop_lut4_I0_O)        0.048     1.778 r  u_accel/u_ctrl/tx_frame[7][7]_i_1/O
                         net (fo=8, routed)           0.226     2.004    u_accel/u_ctrl/tx_frame[7][7]_i_1_n_0
    SLICE_X37Y174        FDRE                                         r  u_accel/u_ctrl/tx_frame_reg[7][7]/CE
  -------------------------------------------------------------------    -------------------

                         (clock sys_clk_pin rise edge)
                                                      0.000     0.000 r  
    E3                                                0.000     0.000 r  CLK100MHZ (IN)
                         net (fo=0)                   0.000     0.000    CLK100MHZ
    E3                   IBUF (Prop_ibuf_I_O)         0.438     0.438 r  CLK100MHZ_IBUF_inst/O
                         net (fo=1, routed)           0.699     1.136    CLK100MHZ_IBUF
    BUFGCTRL_X0Y16       BUFG (Prop_bufg_I_O)         0.029     1.165 r  CLK100MHZ_IBUF_BUFG_inst/O
                         net (fo=45614, routed)       0.905     2.070    u_accel/u_ctrl/CLK100MHZ_IBUF_BUFG
    SLICE_X37Y174        FDRE                                         r  u_accel/u_ctrl/tx_frame_reg[7][7]/C





