Copyright 1986-2022 Xilinx, Inc. All Rights Reserved. Copyright 2022-2025 Advanced Micro Devices, Inc. All Rights Reserved.
---------------------------------------------------------------------------------------------------------------------------------------------------------------------------------------------------------------------------------------------------------------------------------------------
| Tool Version : Vivado v.2025.1 (lin64) Build 6140274 Wed May 21 22:58:25 MDT 2025
| Date         : Fri May 29 09:04:41 2026
| Host         : niklas.ece.pdx.edu running 64-bit Pop!_OS 22.04 LTS
| Command      : report_timing_summary -max_paths 10 -routable_nets -report_unconstrained -file board_top_fractional_32_8_8_timing_summary_routed.rpt -pb board_top_fractional_32_8_8_timing_summary_routed.pb -rpx board_top_fractional_32_8_8_timing_summary_routed.rpx -warn_on_violation
| Design       : board_top_fractional_32_8_8
| Device       : 7a100t-csg324
| Speed File   : -1  PRODUCTION 1.23 2018-06-13
| Design State : Routed
---------------------------------------------------------------------------------------------------------------------------------------------------------------------------------------------------------------------------------------------------------------------------------------------

Timing Summary Report

------------------------------------------------------------------------------------------------
| Timer Settings
| --------------
------------------------------------------------------------------------------------------------

  Enable Multi Corner Analysis               :  Yes
  Enable Pessimism Removal                   :  Yes
  Pessimism Removal Resolution               :  Nearest Common Node
  Enable Input Delay Default Clock           :  No
  Enable Preset / Clear Arcs                 :  No
  Disable Flight Delays                      :  No
  Ignore I/O Paths                           :  No
  Timing Early Launch at Borrowing Latches   :  No
  Borrow Time for Max Delay Exceptions       :  Yes
  Merge Timing Exceptions                    :  Yes
  Inter-SLR Compensation                     :  Conservative

  Corner  Analyze    Analyze    
  Name    Max Paths  Min Paths  
  ------  ---------  ---------  
  Slow    Yes        Yes        
  Fast    Yes        Yes        


------------------------------------------------------------------------------------------------
| Report Methodology
| ------------------
------------------------------------------------------------------------------------------------

Rule       Severity  Description                    Violations  
---------  --------  -----------------------------  ----------  
DPIR-1     Warning   Asynchronous driver check      6829        
SYNTH-10   Warning   Wide multiplier                120         
TIMING-18  Warning   Missing input or output delay  19          

Note: This report is based on the most recent report_methodology run and may not be up-to-date. Run report_methodology on the current design for the latest report.



check_timing report

Table of Contents
-----------------
1. checking no_clock (0)
2. checking constant_clock (0)
3. checking pulse_width_clock (0)
4. checking unconstrained_internal_endpoints (0)
5. checking no_input_delay (2)
6. checking no_output_delay (4)
7. checking multiple_clock (0)
8. checking generated_clocks (0)
9. checking loops (0)
10. checking partial_input_delay (0)
11. checking partial_output_delay (0)
12. checking latch_loops (0)

1. checking no_clock (0)
------------------------
 There are 0 register/latch pins with no clock.


2. checking constant_clock (0)
------------------------------
 There are 0 register/latch pins with constant_clock.


3. checking pulse_width_clock (0)
---------------------------------
 There are 0 register/latch pins which need pulse_width check


4. checking unconstrained_internal_endpoints (0)
------------------------------------------------
 There are 0 pins that are not constrained for maximum delay.

 There are 0 pins that are not constrained for maximum delay due to constant clock.


5. checking no_input_delay (2)
------------------------------
 There are 2 input ports with no input delay specified. (HIGH)

 There are 0 input ports with no input delay but user has a false path constraint.


6. checking no_output_delay (4)
-------------------------------
 There are 4 ports with no output delay specified. (HIGH)

 There are 0 ports with no output delay but user has a false path constraint

 There are 0 ports with no output delay but with a timing clock defined on it or propagating through it


7. checking multiple_clock (0)
------------------------------
 There are 0 register/latch pins with multiple clocks.


8. checking generated_clocks (0)
--------------------------------
 There are 0 generated clocks that are not connected to a clock source.


9. checking loops (0)
---------------------
 There are 0 combinational loops in the design.


10. checking partial_input_delay (0)
------------------------------------
 There are 0 input ports with partial input delay specified.


11. checking partial_output_delay (0)
-------------------------------------
 There are 0 ports with partial output delay specified.


12. checking latch_loops (0)
----------------------------
 There are 0 combinational latch loops in the design through latch input



------------------------------------------------------------------------------------------------
| Design Timing Summary
| ---------------------
------------------------------------------------------------------------------------------------

    WNS(ns)      TNS(ns)  TNS Failing Endpoints  TNS Total Endpoints      WHS(ns)      THS(ns)  THS Failing Endpoints  THS Total Endpoints     WPWS(ns)     TPWS(ns)  TPWS Failing Endpoints  TPWS Total Endpoints  
    -------      -------  ---------------------  -------------------      -------      -------  ---------------------  -------------------     --------     --------  ----------------------  --------------------  
      0.083        0.000                      0                42918        0.030        0.000                      0                42918        4.500        0.000                       0                 21598  


All user specified timing constraints are met.


------------------------------------------------------------------------------------------------
| Clock Summary
| -------------
------------------------------------------------------------------------------------------------

Clock        Waveform(ns)       Period(ns)      Frequency(MHz)
-----        ------------       ----------      --------------
sys_clk_pin  {0.000 5.000}      10.000          100.000         


------------------------------------------------------------------------------------------------
| Intra Clock Table
| -----------------
------------------------------------------------------------------------------------------------

Clock             WNS(ns)      TNS(ns)  TNS Failing Endpoints  TNS Total Endpoints      WHS(ns)      THS(ns)  THS Failing Endpoints  THS Total Endpoints     WPWS(ns)     TPWS(ns)  TPWS Failing Endpoints  TPWS Total Endpoints  
-----             -------      -------  ---------------------  -------------------      -------      -------  ---------------------  -------------------     --------     --------  ----------------------  --------------------  
sys_clk_pin         0.083        0.000                      0                42918        0.030        0.000                      0                42918        4.500        0.000                       0                 21598  


------------------------------------------------------------------------------------------------
| Inter Clock Table
| -----------------
------------------------------------------------------------------------------------------------

From Clock    To Clock          WNS(ns)      TNS(ns)  TNS Failing Endpoints  TNS Total Endpoints      WHS(ns)      THS(ns)  THS Failing Endpoints  THS Total Endpoints  
----------    --------          -------      -------  ---------------------  -------------------      -------      -------  ---------------------  -------------------  


------------------------------------------------------------------------------------------------
| Other Path Groups Table
| -----------------------
------------------------------------------------------------------------------------------------

Path Group    From Clock    To Clock          WNS(ns)      TNS(ns)  TNS Failing Endpoints  TNS Total Endpoints      WHS(ns)      THS(ns)  THS Failing Endpoints  THS Total Endpoints  
----------    ----------    --------          -------      -------  ---------------------  -------------------      -------      -------  ---------------------  -------------------  


------------------------------------------------------------------------------------------------
| User Ignored Path Table
| -----------------------
------------------------------------------------------------------------------------------------

Path Group    From Clock    To Clock    
----------    ----------    --------    


------------------------------------------------------------------------------------------------
| Unconstrained Path Table
| ------------------------
------------------------------------------------------------------------------------------------

Path Group    From Clock    To Clock    
----------    ----------    --------    
(none)        sys_clk_pin                 
(none)                      sys_clk_pin   


------------------------------------------------------------------------------------------------
| Timing Details
| --------------
------------------------------------------------------------------------------------------------


---------------------------------------------------------------------------------------------------
From Clock:  sys_clk_pin
  To Clock:  sys_clk_pin

Setup :            0  Failing Endpoints,  Worst Slack        0.083ns,  Total Violation        0.000ns
Hold  :            0  Failing Endpoints,  Worst Slack        0.030ns,  Total Violation        0.000ns
PW    :            0  Failing Endpoints,  Worst Slack        4.500ns,  Total Violation        0.000ns
---------------------------------------------------------------------------------------------------


Max Delay Paths
--------------------------------------------------------------------------------------
Slack (MET) :             0.083ns  (required time - arrival time)
  Source:                 u_accel/gen_nn_fractional.u_accel/fc1_start_reg/C
                            (rising edge-triggered cell FDCE clocked by sys_clk_pin  {rise@0.000ns fall@5.000ns period=10.000ns})
  Destination:            u_accel/gen_nn_fractional.u_accel/gen_hl1_lif[1].hl1_lif/numerator_reg_reg[44]/D
                            (rising edge-triggered cell FDCE clocked by sys_clk_pin  {rise@0.000ns fall@5.000ns period=10.000ns})
  Path Group:             sys_clk_pin
  Path Type:              Setup (Max at Slow Process Corner)
  Requirement:            10.000ns  (sys_clk_pin rise@10.000ns - sys_clk_pin rise@0.000ns)
  Data Path Delay:        10.011ns  (logic 2.230ns (22.275%)  route 7.781ns (77.725%))
  Logic Levels:           12  (CARRY4=11 LUT3=1)
  Clock Path Skew:        0.068ns (DCD - SCD + CPR)
    Destination Clock Delay (DCD):    5.125ns = ( 15.125 - 10.000 ) 
    Source Clock Delay      (SCD):    5.238ns
    Clock Pessimism Removal (CPR):    0.180ns
  Clock Uncertainty:      0.035ns  ((TSJ^2 + TIJ^2)^1/2 + DJ) / 2 + PE
    Total System Jitter     (TSJ):    0.071ns
    Total Input Jitter      (TIJ):    0.000ns
    Discrete Jitter          (DJ):    0.000ns
    Phase Error              (PE):    0.000ns

    Location             Delay type                Incr(ns)  Path(ns)    Netlist Resource(s)
  -------------------------------------------------------------------    -------------------
                         (clock sys_clk_pin rise edge)
                                                      0.000     0.000 r  
    E3                                                0.000     0.000 r  CLK100MHZ (IN)
                         net (fo=0)                   0.000     0.000    CLK100MHZ
    E3                   IBUF (Prop_ibuf_I_O)         1.482     1.482 r  CLK100MHZ_IBUF_inst/O
                         net (fo=1, routed)           2.025     3.506    CLK100MHZ_IBUF
    BUFGCTRL_X0Y16       BUFG (Prop_bufg_I_O)         0.096     3.602 r  CLK100MHZ_IBUF_BUFG_inst/O
                         net (fo=21599, routed)       1.635     5.238    u_accel/gen_nn_fractional.u_accel/CLK100MHZ_IBUF_BUFG
    SLICE_X47Y50         FDCE                                         r  u_accel/gen_nn_fractional.u_accel/fc1_start_reg/C
  -------------------------------------------------------------------    -------------------
    SLICE_X47Y50         FDCE (Prop_fdce_C_Q)         0.456     5.694 f  u_accel/gen_nn_fractional.u_accel/fc1_start_reg/Q
                         net (fo=12728, routed)       7.781    13.475    u_accel/gen_nn_fractional.u_accel/gen_hl1_lif[1].hl1_lif/hl2_clear
    SLICE_X79Y164        LUT3 (Prop_lut3_I1_O)        0.124    13.599 r  u_accel/gen_nn_fractional.u_accel/gen_hl1_lif[1].hl1_lif/numerator_reg[7]_i_6__29/O
                         net (fo=1, routed)           0.000    13.599    u_accel/gen_nn_fractional.u_accel/gen_hl1_lif[1].hl1_lif/numerator_reg[7]_i_6__29_n_0
    SLICE_X79Y164        CARRY4 (Prop_carry4_S[3]_CO[3])
                                                      0.401    14.000 r  u_accel/gen_nn_fractional.u_accel/gen_hl1_lif[1].hl1_lif/numerator_reg_reg[7]_i_1__29/CO[3]
                         net (fo=1, routed)           0.000    14.000    u_accel/gen_nn_fractional.u_accel/gen_hl1_lif[1].hl1_lif/numerator_reg_reg[7]_i_1__29_n_0
    SLICE_X79Y165        CARRY4 (Prop_carry4_CI_CO[3])
                                                      0.114    14.114 r  u_accel/gen_nn_fractional.u_accel/gen_hl1_lif[1].hl1_lif/numerator_reg_reg[11]_i_1__29/CO[3]
                         net (fo=1, routed)           0.000    14.114    u_accel/gen_nn_fractional.u_accel/gen_hl1_lif[1].hl1_lif/numerator_reg_reg[11]_i_1__29_n_0
    SLICE_X79Y166        CARRY4 (Prop_carry4_CI_CO[3])
                                                      0.114    14.228 r  u_accel/gen_nn_fractional.u_accel/gen_hl1_lif[1].hl1_lif/numerator_reg_reg[15]_i_1__29/CO[3]
                         net (fo=1, routed)           0.000    14.228    u_accel/gen_nn_fractional.u_accel/gen_hl1_lif[1].hl1_lif/numerator_reg_reg[15]_i_1__29_n_0
    SLICE_X79Y167        CARRY4 (Prop_carry4_CI_CO[3])
                                                      0.114    14.342 r  u_accel/gen_nn_fractional.u_accel/gen_hl1_lif[1].hl1_lif/numerator_reg_reg[19]_i_1__29/CO[3]
                         net (fo=1, routed)           0.000    14.342    u_accel/gen_nn_fractional.u_accel/gen_hl1_lif[1].hl1_lif/numerator_reg_reg[19]_i_1__29_n_0
    SLICE_X79Y168        CARRY4 (Prop_carry4_CI_CO[3])
                                                      0.114    14.456 r  u_accel/gen_nn_fractional.u_accel/gen_hl1_lif[1].hl1_lif/numerator_reg_reg[23]_i_1__29/CO[3]
                         net (fo=1, routed)           0.000    14.456    u_accel/gen_nn_fractional.u_accel/gen_hl1_lif[1].hl1_lif/numerator_reg_reg[23]_i_1__29_n_0
    SLICE_X79Y169        CARRY4 (Prop_carry4_CI_CO[3])
                                                      0.114    14.570 r  u_accel/gen_nn_fractional.u_accel/gen_hl1_lif[1].hl1_lif/numerator_reg_reg[27]_i_1__29/CO[3]
                         net (fo=1, routed)           0.000    14.570    u_accel/gen_nn_fractional.u_accel/gen_hl1_lif[1].hl1_lif/numerator_reg_reg[27]_i_1__29_n_0
    SLICE_X79Y170        CARRY4 (Prop_carry4_CI_CO[3])
                                                      0.114    14.684 r  u_accel/gen_nn_fractional.u_accel/gen_hl1_lif[1].hl1_lif/numerator_reg_reg[31]_i_1__29/CO[3]
                         net (fo=1, routed)           0.000    14.684    u_accel/gen_nn_fractional.u_accel/gen_hl1_lif[1].hl1_lif/numerator_reg_reg[31]_i_1__29_n_0
    SLICE_X79Y171        CARRY4 (Prop_carry4_CI_CO[3])
                                                      0.114    14.798 r  u_accel/gen_nn_fractional.u_accel/gen_hl1_lif[1].hl1_lif/numerator_reg_reg[35]_i_1__29/CO[3]
                         net (fo=1, routed)           0.000    14.798    u_accel/gen_nn_fractional.u_accel/gen_hl1_lif[1].hl1_lif/numerator_reg_reg[35]_i_1__29_n_0
    SLICE_X79Y172        CARRY4 (Prop_carry4_CI_CO[3])
                                                      0.114    14.912 r  u_accel/gen_nn_fractional.u_accel/gen_hl1_lif[1].hl1_lif/numerator_reg_reg[39]_i_1__29/CO[3]
                         net (fo=1, routed)           0.000    14.912    u_accel/gen_nn_fractional.u_accel/gen_hl1_lif[1].hl1_lif/numerator_reg_reg[39]_i_1__29_n_0
    SLICE_X79Y173        CARRY4 (Prop_carry4_CI_CO[3])
                                                      0.114    15.026 r  u_accel/gen_nn_fractional.u_accel/gen_hl1_lif[1].hl1_lif/numerator_reg_reg[43]_i_1__29/CO[3]
                         net (fo=1, routed)           0.000    15.026    u_accel/gen_nn_fractional.u_accel/gen_hl1_lif[1].hl1_lif/numerator_reg_reg[43]_i_1__29_n_0
    SLICE_X79Y174        CARRY4 (Prop_carry4_CI_O[0])
                                                      0.223    15.249 r  u_accel/gen_nn_fractional.u_accel/gen_hl1_lif[1].hl1_lif/numerator_reg_reg[44]_i_2__29/O[0]
                         net (fo=1, routed)           0.000    15.249    u_accel/gen_nn_fractional.u_accel/gen_hl1_lif[1].hl1_lif/numerator_reg_reg[44]_i_2__29_n_7
    SLICE_X79Y174        FDCE                                         r  u_accel/gen_nn_fractional.u_accel/gen_hl1_lif[1].hl1_lif/numerator_reg_reg[44]/D
  -------------------------------------------------------------------    -------------------

                         (clock sys_clk_pin rise edge)
                                                     10.000    10.000 r  
    E3                                                0.000    10.000 r  CLK100MHZ (IN)
                         net (fo=0)                   0.000    10.000    CLK100MHZ
    E3                   IBUF (Prop_ibuf_I_O)         1.411    11.411 r  CLK100MHZ_IBUF_inst/O
                         net (fo=1, routed)           1.920    13.331    CLK100MHZ_IBUF
    BUFGCTRL_X0Y16       BUFG (Prop_bufg_I_O)         0.091    13.422 r  CLK100MHZ_IBUF_BUFG_inst/O
                         net (fo=21599, routed)       1.703    15.125    u_accel/gen_nn_fractional.u_accel/gen_hl1_lif[1].hl1_lif/CLK100MHZ_IBUF_BUFG
    SLICE_X79Y174        FDCE                                         r  u_accel/gen_nn_fractional.u_accel/gen_hl1_lif[1].hl1_lif/numerator_reg_reg[44]/C
                         clock pessimism              0.180    15.305    
                         clock uncertainty           -0.035    15.270    
    SLICE_X79Y174        FDCE (Setup_fdce_C_D)        0.062    15.332    u_accel/gen_nn_fractional.u_accel/gen_hl1_lif[1].hl1_lif/numerator_reg_reg[44]
  -------------------------------------------------------------------
                         required time                         15.332    
                         arrival time                         -15.249    
  -------------------------------------------------------------------
                         slack                                  0.083    

Slack (MET) :             0.088ns  (required time - arrival time)
  Source:                 u_accel/gen_nn_fractional.u_accel/fc1_start_reg/C
                            (rising edge-triggered cell FDCE clocked by sys_clk_pin  {rise@0.000ns fall@5.000ns period=10.000ns})
  Destination:            u_accel/gen_nn_fractional.u_accel/gen_hl1_lif[1].hl1_lif/numerator_reg_reg[41]/D
                            (rising edge-triggered cell FDCE clocked by sys_clk_pin  {rise@0.000ns fall@5.000ns period=10.000ns})
  Path Group:             sys_clk_pin
  Path Type:              Setup (Max at Slow Process Corner)
  Requirement:            10.000ns  (sys_clk_pin rise@10.000ns - sys_clk_pin rise@0.000ns)
  Data Path Delay:        10.008ns  (logic 2.227ns (22.251%)  route 7.781ns (77.749%))
  Logic Levels:           11  (CARRY4=10 LUT3=1)
  Clock Path Skew:        0.070ns (DCD - SCD + CPR)
    Destination Clock Delay (DCD):    5.127ns = ( 15.127 - 10.000 ) 
    Source Clock Delay      (SCD):    5.238ns
    Clock Pessimism Removal (CPR):    0.180ns
  Clock Uncertainty:      0.035ns  ((TSJ^2 + TIJ^2)^1/2 + DJ) / 2 + PE
    Total System Jitter     (TSJ):    0.071ns
    Total Input Jitter      (TIJ):    0.000ns
    Discrete Jitter          (DJ):    0.000ns
    Phase Error              (PE):    0.000ns

    Location             Delay type                Incr(ns)  Path(ns)    Netlist Resource(s)
  -------------------------------------------------------------------    -------------------
                         (clock sys_clk_pin rise edge)
                                                      0.000     0.000 r  
    E3                                                0.000     0.000 r  CLK100MHZ (IN)
                         net (fo=0)                   0.000     0.000    CLK100MHZ
    E3                   IBUF (Prop_ibuf_I_O)         1.482     1.482 r  CLK100MHZ_IBUF_inst/O
                         net (fo=1, routed)           2.025     3.506    CLK100MHZ_IBUF
    BUFGCTRL_X0Y16       BUFG (Prop_bufg_I_O)         0.096     3.602 r  CLK100MHZ_IBUF_BUFG_inst/O
                         net (fo=21599, routed)       1.635     5.238    u_accel/gen_nn_fractional.u_accel/CLK100MHZ_IBUF_BUFG
    SLICE_X47Y50         FDCE                                         r  u_accel/gen_nn_fractional.u_accel/fc1_start_reg/C
  -------------------------------------------------------------------    -------------------
    SLICE_X47Y50         FDCE (Prop_fdce_C_Q)         0.456     5.694 f  u_accel/gen_nn_fractional.u_accel/fc1_start_reg/Q
                         net (fo=12728, routed)       7.781    13.475    u_accel/gen_nn_fractional.u_accel/gen_hl1_lif[1].hl1_lif/hl2_clear
    SLICE_X79Y164        LUT3 (Prop_lut3_I1_O)        0.124    13.599 r  u_accel/gen_nn_fractional.u_accel/gen_hl1_lif[1].hl1_lif/numerator_reg[7]_i_6__29/O
                         net (fo=1, routed)           0.000    13.599    u_accel/gen_nn_fractional.u_accel/gen_hl1_lif[1].hl1_lif/numerator_reg[7]_i_6__29_n_0
    SLICE_X79Y164        CARRY4 (Prop_carry4_S[3]_CO[3])
                                                      0.401    14.000 r  u_accel/gen_nn_fractional.u_accel/gen_hl1_lif[1].hl1_lif/numerator_reg_reg[7]_i_1__29/CO[3]
                         net (fo=1, routed)           0.000    14.000    u_accel/gen_nn_fractional.u_accel/gen_hl1_lif[1].hl1_lif/numerator_reg_reg[7]_i_1__29_n_0
    SLICE_X79Y165        CARRY4 (Prop_carry4_CI_CO[3])
                                                      0.114    14.114 r  u_accel/gen_nn_fractional.u_accel/gen_hl1_lif[1].hl1_lif/numerator_reg_reg[11]_i_1__29/CO[3]
                         net (fo=1, routed)           0.000    14.114    u_accel/gen_nn_fractional.u_accel/gen_hl1_lif[1].hl1_lif/numerator_reg_reg[11]_i_1__29_n_0
    SLICE_X79Y166        CARRY4 (Prop_carry4_CI_CO[3])
                                                      0.114    14.228 r  u_accel/gen_nn_fractional.u_accel/gen_hl1_lif[1].hl1_lif/numerator_reg_reg[15]_i_1__29/CO[3]
                         net (fo=1, routed)           0.000    14.228    u_accel/gen_nn_fractional.u_accel/gen_hl1_lif[1].hl1_lif/numerator_reg_reg[15]_i_1__29_n_0
    SLICE_X79Y167        CARRY4 (Prop_carry4_CI_CO[3])
                                                      0.114    14.342 r  u_accel/gen_nn_fractional.u_accel/gen_hl1_lif[1].hl1_lif/numerator_reg_reg[19]_i_1__29/CO[3]
                         net (fo=1, routed)           0.000    14.342    u_accel/gen_nn_fractional.u_accel/gen_hl1_lif[1].hl1_lif/numerator_reg_reg[19]_i_1__29_n_0
    SLICE_X79Y168        CARRY4 (Prop_carry4_CI_CO[3])
                                                      0.114    14.456 r  u_accel/gen_nn_fractional.u_accel/gen_hl1_lif[1].hl1_lif/numerator_reg_reg[23]_i_1__29/CO[3]
                         net (fo=1, routed)           0.000    14.456    u_accel/gen_nn_fractional.u_accel/gen_hl1_lif[1].hl1_lif/numerator_reg_reg[23]_i_1__29_n_0
    SLICE_X79Y169        CARRY4 (Prop_carry4_CI_CO[3])
                                                      0.114    14.570 r  u_accel/gen_nn_fractional.u_accel/gen_hl1_lif[1].hl1_lif/numerator_reg_reg[27]_i_1__29/CO[3]
                         net (fo=1, routed)           0.000    14.570    u_accel/gen_nn_fractional.u_accel/gen_hl1_lif[1].hl1_lif/numerator_reg_reg[27]_i_1__29_n_0
    SLICE_X79Y170        CARRY4 (Prop_carry4_CI_CO[3])
                                                      0.114    14.684 r  u_accel/gen_nn_fractional.u_accel/gen_hl1_lif[1].hl1_lif/numerator_reg_reg[31]_i_1__29/CO[3]
                         net (fo=1, routed)           0.000    14.684    u_accel/gen_nn_fractional.u_accel/gen_hl1_lif[1].hl1_lif/numerator_reg_reg[31]_i_1__29_n_0
    SLICE_X79Y171        CARRY4 (Prop_carry4_CI_CO[3])
                                                      0.114    14.798 r  u_accel/gen_nn_fractional.u_accel/gen_hl1_lif[1].hl1_lif/numerator_reg_reg[35]_i_1__29/CO[3]
                         net (fo=1, routed)           0.000    14.798    u_accel/gen_nn_fractional.u_accel/gen_hl1_lif[1].hl1_lif/numerator_reg_reg[35]_i_1__29_n_0
    SLICE_X79Y172        CARRY4 (Prop_carry4_CI_CO[3])
                                                      0.114    14.912 r  u_accel/gen_nn_fractional.u_accel/gen_hl1_lif[1].hl1_lif/numerator_reg_reg[39]_i_1__29/CO[3]
                         net (fo=1, routed)           0.000    14.912    u_accel/gen_nn_fractional.u_accel/gen_hl1_lif[1].hl1_lif/numerator_reg_reg[39]_i_1__29_n_0
    SLICE_X79Y173        CARRY4 (Prop_carry4_CI_O[1])
                                                      0.334    15.246 r  u_accel/gen_nn_fractional.u_accel/gen_hl1_lif[1].hl1_lif/numerator_reg_reg[43]_i_1__29/O[1]
                         net (fo=1, routed)           0.000    15.246    u_accel/gen_nn_fractional.u_accel/gen_hl1_lif[1].hl1_lif/numerator_reg_reg[43]_i_1__29_n_6
    SLICE_X79Y173        FDCE                                         r  u_accel/gen_nn_fractional.u_accel/gen_hl1_lif[1].hl1_lif/numerator_reg_reg[41]/D
  -------------------------------------------------------------------    -------------------

                         (clock sys_clk_pin rise edge)
                                                     10.000    10.000 r  
    E3                                                0.000    10.000 r  CLK100MHZ (IN)
                         net (fo=0)                   0.000    10.000    CLK100MHZ
    E3                   IBUF (Prop_ibuf_I_O)         1.411    11.411 r  CLK100MHZ_IBUF_inst/O
                         net (fo=1, routed)           1.920    13.331    CLK100MHZ_IBUF
    BUFGCTRL_X0Y16       BUFG (Prop_bufg_I_O)         0.091    13.422 r  CLK100MHZ_IBUF_BUFG_inst/O
                         net (fo=21599, routed)       1.705    15.127    u_accel/gen_nn_fractional.u_accel/gen_hl1_lif[1].hl1_lif/CLK100MHZ_IBUF_BUFG
    SLICE_X79Y173        FDCE                                         r  u_accel/gen_nn_fractional.u_accel/gen_hl1_lif[1].hl1_lif/numerator_reg_reg[41]/C
                         clock pessimism              0.180    15.307    
                         clock uncertainty           -0.035    15.272    
    SLICE_X79Y173        FDCE (Setup_fdce_C_D)        0.062    15.334    u_accel/gen_nn_fractional.u_accel/gen_hl1_lif[1].hl1_lif/numerator_reg_reg[41]
  -------------------------------------------------------------------
                         required time                         15.334    
                         arrival time                         -15.246    
  -------------------------------------------------------------------
                         slack                                  0.088    

Slack (MET) :             0.109ns  (required time - arrival time)
  Source:                 u_accel/gen_nn_fractional.u_accel/fc1_start_reg/C
                            (rising edge-triggered cell FDCE clocked by sys_clk_pin  {rise@0.000ns fall@5.000ns period=10.000ns})
  Destination:            u_accel/gen_nn_fractional.u_accel/gen_hl1_lif[1].hl1_lif/numerator_reg_reg[43]/D
                            (rising edge-triggered cell FDCE clocked by sys_clk_pin  {rise@0.000ns fall@5.000ns period=10.000ns})
  Path Group:             sys_clk_pin
  Path Type:              Setup (Max at Slow Process Corner)
  Requirement:            10.000ns  (sys_clk_pin rise@10.000ns - sys_clk_pin rise@0.000ns)
  Data Path Delay:        9.987ns  (logic 2.206ns (22.088%)  route 7.781ns (77.912%))
  Logic Levels:           11  (CARRY4=10 LUT3=1)
  Clock Path Skew:        0.070ns (DCD - SCD + CPR)
    Destination Clock Delay (DCD):    5.127ns = ( 15.127 - 10.000 ) 
    Source Clock Delay      (SCD):    5.238ns
    Clock Pessimism Removal (CPR):    0.180ns
  Clock Uncertainty:      0.035ns  ((TSJ^2 + TIJ^2)^1/2 + DJ) / 2 + PE
    Total System Jitter     (TSJ):    0.071ns
    Total Input Jitter      (TIJ):    0.000ns
    Discrete Jitter          (DJ):    0.000ns
    Phase Error              (PE):    0.000ns

    Location             Delay type                Incr(ns)  Path(ns)    Netlist Resource(s)
  -------------------------------------------------------------------    -------------------
                         (clock sys_clk_pin rise edge)
                                                      0.000     0.000 r  
    E3                                                0.000     0.000 r  CLK100MHZ (IN)
                         net (fo=0)                   0.000     0.000    CLK100MHZ
    E3                   IBUF (Prop_ibuf_I_O)         1.482     1.482 r  CLK100MHZ_IBUF_inst/O
                         net (fo=1, routed)           2.025     3.506    CLK100MHZ_IBUF
    BUFGCTRL_X0Y16       BUFG (Prop_bufg_I_O)         0.096     3.602 r  CLK100MHZ_IBUF_BUFG_inst/O
                         net (fo=21599, routed)       1.635     5.238    u_accel/gen_nn_fractional.u_accel/CLK100MHZ_IBUF_BUFG
    SLICE_X47Y50         FDCE                                         r  u_accel/gen_nn_fractional.u_accel/fc1_start_reg/C
  -------------------------------------------------------------------    -------------------
    SLICE_X47Y50         FDCE (Prop_fdce_C_Q)         0.456     5.694 f  u_accel/gen_nn_fractional.u_accel/fc1_start_reg/Q
                         net (fo=12728, routed)       7.781    13.475    u_accel/gen_nn_fractional.u_accel/gen_hl1_lif[1].hl1_lif/hl2_clear
    SLICE_X79Y164        LUT3 (Prop_lut3_I1_O)        0.124    13.599 r  u_accel/gen_nn_fractional.u_accel/gen_hl1_lif[1].hl1_lif/numerator_reg[7]_i_6__29/O
                         net (fo=1, routed)           0.000    13.599    u_accel/gen_nn_fractional.u_accel/gen_hl1_lif[1].hl1_lif/numerator_reg[7]_i_6__29_n_0
    SLICE_X79Y164        CARRY4 (Prop_carry4_S[3]_CO[3])
                                                      0.401    14.000 r  u_accel/gen_nn_fractional.u_accel/gen_hl1_lif[1].hl1_lif/numerator_reg_reg[7]_i_1__29/CO[3]
                         net (fo=1, routed)           0.000    14.000    u_accel/gen_nn_fractional.u_accel/gen_hl1_lif[1].hl1_lif/numerator_reg_reg[7]_i_1__29_n_0
    SLICE_X79Y165        CARRY4 (Prop_carry4_CI_CO[3])
                                                      0.114    14.114 r  u_accel/gen_nn_fractional.u_accel/gen_hl1_lif[1].hl1_lif/numerator_reg_reg[11]_i_1__29/CO[3]
                         net (fo=1, routed)           0.000    14.114    u_accel/gen_nn_fractional.u_accel/gen_hl1_lif[1].hl1_lif/numerator_reg_reg[11]_i_1__29_n_0
    SLICE_X79Y166        CARRY4 (Prop_carry4_CI_CO[3])
                                                      0.114    14.228 r  u_accel/gen_nn_fractional.u_accel/gen_hl1_lif[1].hl1_lif/numerator_reg_reg[15]_i_1__29/CO[3]
                         net (fo=1, routed)           0.000    14.228    u_accel/gen_nn_fractional.u_accel/gen_hl1_lif[1].hl1_lif/numerator_reg_reg[15]_i_1__29_n_0
    SLICE_X79Y167        CARRY4 (Prop_carry4_CI_CO[3])
                                                      0.114    14.342 r  u_accel/gen_nn_fractional.u_accel/gen_hl1_lif[1].hl1_lif/numerator_reg_reg[19]_i_1__29/CO[3]
                         net (fo=1, routed)           0.000    14.342    u_accel/gen_nn_fractional.u_accel/gen_hl1_lif[1].hl1_lif/numerator_reg_reg[19]_i_1__29_n_0
    SLICE_X79Y168        CARRY4 (Prop_carry4_CI_CO[3])
                                                      0.114    14.456 r  u_accel/gen_nn_fractional.u_accel/gen_hl1_lif[1].hl1_lif/numerator_reg_reg[23]_i_1__29/CO[3]
                         net (fo=1, routed)           0.000    14.456    u_accel/gen_nn_fractional.u_accel/gen_hl1_lif[1].hl1_lif/numerator_reg_reg[23]_i_1__29_n_0
    SLICE_X79Y169        CARRY4 (Prop_carry4_CI_CO[3])
                                                      0.114    14.570 r  u_accel/gen_nn_fractional.u_accel/gen_hl1_lif[1].hl1_lif/numerator_reg_reg[27]_i_1__29/CO[3]
                         net (fo=1, routed)           0.000    14.570    u_accel/gen_nn_fractional.u_accel/gen_hl1_lif[1].hl1_lif/numerator_reg_reg[27]_i_1__29_n_0
    SLICE_X79Y170        CARRY4 (Prop_carry4_CI_CO[3])
                                                      0.114    14.684 r  u_accel/gen_nn_fractional.u_accel/gen_hl1_lif[1].hl1_lif/numerator_reg_reg[31]_i_1__29/CO[3]
                         net (fo=1, routed)           0.000    14.684    u_accel/gen_nn_fractional.u_accel/gen_hl1_lif[1].hl1_lif/numerator_reg_reg[31]_i_1__29_n_0
    SLICE_X79Y171        CARRY4 (Prop_carry4_CI_CO[3])
                                                      0.114    14.798 r  u_accel/gen_nn_fractional.u_accel/gen_hl1_lif[1].hl1_lif/numerator_reg_reg[35]_i_1__29/CO[3]
                         net (fo=1, routed)           0.000    14.798    u_accel/gen_nn_fractional.u_accel/gen_hl1_lif[1].hl1_lif/numerator_reg_reg[35]_i_1__29_n_0
    SLICE_X79Y172        CARRY4 (Prop_carry4_CI_CO[3])
                                                      0.114    14.912 r  u_accel/gen_nn_fractional.u_accel/gen_hl1_lif[1].hl1_lif/numerator_reg_reg[39]_i_1__29/CO[3]
                         net (fo=1, routed)           0.000    14.912    u_accel/gen_nn_fractional.u_accel/gen_hl1_lif[1].hl1_lif/numerator_reg_reg[39]_i_1__29_n_0
    SLICE_X79Y173        CARRY4 (Prop_carry4_CI_O[3])
                                                      0.313    15.225 r  u_accel/gen_nn_fractional.u_accel/gen_hl1_lif[1].hl1_lif/numerator_reg_reg[43]_i_1__29/O[3]
                         net (fo=1, routed)           0.000    15.225    u_accel/gen_nn_fractional.u_accel/gen_hl1_lif[1].hl1_lif/numerator_reg_reg[43]_i_1__29_n_4
    SLICE_X79Y173        FDCE                                         r  u_accel/gen_nn_fractional.u_accel/gen_hl1_lif[1].hl1_lif/numerator_reg_reg[43]/D
  -------------------------------------------------------------------    -------------------

                         (clock sys_clk_pin rise edge)
                                                     10.000    10.000 r  
    E3                                                0.000    10.000 r  CLK100MHZ (IN)
                         net (fo=0)                   0.000    10.000    CLK100MHZ
    E3                   IBUF (Prop_ibuf_I_O)         1.411    11.411 r  CLK100MHZ_IBUF_inst/O
                         net (fo=1, routed)           1.920    13.331    CLK100MHZ_IBUF
    BUFGCTRL_X0Y16       BUFG (Prop_bufg_I_O)         0.091    13.422 r  CLK100MHZ_IBUF_BUFG_inst/O
                         net (fo=21599, routed)       1.705    15.127    u_accel/gen_nn_fractional.u_accel/gen_hl1_lif[1].hl1_lif/CLK100MHZ_IBUF_BUFG
    SLICE_X79Y173        FDCE                                         r  u_accel/gen_nn_fractional.u_accel/gen_hl1_lif[1].hl1_lif/numerator_reg_reg[43]/C
                         clock pessimism              0.180    15.307    
                         clock uncertainty           -0.035    15.272    
    SLICE_X79Y173        FDCE (Setup_fdce_C_D)        0.062    15.334    u_accel/gen_nn_fractional.u_accel/gen_hl1_lif[1].hl1_lif/numerator_reg_reg[43]
  -------------------------------------------------------------------
                         required time                         15.334    
                         arrival time                         -15.225    
  -------------------------------------------------------------------
                         slack                                  0.109    

Slack (MET) :             0.166ns  (required time - arrival time)
  Source:                 u_accel/gen_nn_fractional.u_accel/fc1_start_reg/C
                            (rising edge-triggered cell FDCE clocked by sys_clk_pin  {rise@0.000ns fall@5.000ns period=10.000ns})
  Destination:            u_accel/gen_nn_fractional.u_accel/gen_hl1_lif[3].hl1_lif/numerator_reg_reg[44]/D
                            (rising edge-triggered cell FDCE clocked by sys_clk_pin  {rise@0.000ns fall@5.000ns period=10.000ns})
  Path Group:             sys_clk_pin
  Path Type:              Setup (Max at Slow Process Corner)
  Requirement:            10.000ns  (sys_clk_pin rise@10.000ns - sys_clk_pin rise@0.000ns)
  Data Path Delay:        9.986ns  (logic 1.800ns (18.025%)  route 8.186ns (81.975%))
  Logic Levels:           7  (CARRY4=6 LUT3=1)
  Clock Path Skew:        0.079ns (DCD - SCD + CPR)
    Destination Clock Delay (DCD):    5.136ns = ( 15.136 - 10.000 ) 
    Source Clock Delay      (SCD):    5.238ns
    Clock Pessimism Removal (CPR):    0.180ns
  Clock Uncertainty:      0.035ns  ((TSJ^2 + TIJ^2)^1/2 + DJ) / 2 + PE
    Total System Jitter     (TSJ):    0.071ns
    Total Input Jitter      (TIJ):    0.000ns
    Discrete Jitter          (DJ):    0.000ns
    Phase Error              (PE):    0.000ns

    Location             Delay type                Incr(ns)  Path(ns)    Netlist Resource(s)
  -------------------------------------------------------------------    -------------------
                         (clock sys_clk_pin rise edge)
                                                      0.000     0.000 r  
    E3                                                0.000     0.000 r  CLK100MHZ (IN)
                         net (fo=0)                   0.000     0.000    CLK100MHZ
    E3                   IBUF (Prop_ibuf_I_O)         1.482     1.482 r  CLK100MHZ_IBUF_inst/O
                         net (fo=1, routed)           2.025     3.506    CLK100MHZ_IBUF
    BUFGCTRL_X0Y16       BUFG (Prop_bufg_I_O)         0.096     3.602 r  CLK100MHZ_IBUF_BUFG_inst/O
                         net (fo=21599, routed)       1.635     5.238    u_accel/gen_nn_fractional.u_accel/CLK100MHZ_IBUF_BUFG
    SLICE_X47Y50         FDCE                                         r  u_accel/gen_nn_fractional.u_accel/fc1_start_reg/C
  -------------------------------------------------------------------    -------------------
    SLICE_X47Y50         FDCE (Prop_fdce_C_Q)         0.456     5.694 f  u_accel/gen_nn_fractional.u_accel/fc1_start_reg/Q
                         net (fo=12728, routed)       8.186    13.880    u_accel/gen_nn_fractional.u_accel/gen_hl1_lif[3].hl1_lif/hl2_clear
    SLICE_X78Y160        LUT3 (Prop_lut3_I1_O)        0.124    14.004 r  u_accel/gen_nn_fractional.u_accel/gen_hl1_lif[3].hl1_lif/numerator_reg[27]_i_8__27/O
                         net (fo=1, routed)           0.000    14.004    u_accel/gen_nn_fractional.u_accel/gen_hl1_lif[3].hl1_lif/numerator_reg[27]_i_8__27_n_0
    SLICE_X78Y160        CARRY4 (Prop_carry4_S[1]_CO[3])
                                                      0.533    14.537 r  u_accel/gen_nn_fractional.u_accel/gen_hl1_lif[3].hl1_lif/numerator_reg_reg[27]_i_1__27/CO[3]
                         net (fo=1, routed)           0.000    14.537    u_accel/gen_nn_fractional.u_accel/gen_hl1_lif[3].hl1_lif/numerator_reg_reg[27]_i_1__27_n_0
    SLICE_X78Y161        CARRY4 (Prop_carry4_CI_CO[3])
                                                      0.117    14.654 r  u_accel/gen_nn_fractional.u_accel/gen_hl1_lif[3].hl1_lif/numerator_reg_reg[31]_i_1__27/CO[3]
                         net (fo=1, routed)           0.000    14.654    u_accel/gen_nn_fractional.u_accel/gen_hl1_lif[3].hl1_lif/numerator_reg_reg[31]_i_1__27_n_0
    SLICE_X78Y162        CARRY4 (Prop_carry4_CI_CO[3])
                                                      0.117    14.771 r  u_accel/gen_nn_fractional.u_accel/gen_hl1_lif[3].hl1_lif/numerator_reg_reg[35]_i_1__27/CO[3]
                         net (fo=1, routed)           0.000    14.771    u_accel/gen_nn_fractional.u_accel/gen_hl1_lif[3].hl1_lif/numerator_reg_reg[35]_i_1__27_n_0
    SLICE_X78Y163        CARRY4 (Prop_carry4_CI_CO[3])
                                                      0.117    14.888 r  u_accel/gen_nn_fractional.u_accel/gen_hl1_lif[3].hl1_lif/numerator_reg_reg[39]_i_1__27/CO[3]
                         net (fo=1, routed)           0.000    14.888    u_accel/gen_nn_fractional.u_accel/gen_hl1_lif[3].hl1_lif/numerator_reg_reg[39]_i_1__27_n_0
    SLICE_X78Y164        CARRY4 (Prop_carry4_CI_CO[3])
                                                      0.117    15.005 r  u_accel/gen_nn_fractional.u_accel/gen_hl1_lif[3].hl1_lif/numerator_reg_reg[43]_i_1__27/CO[3]
                         net (fo=1, routed)           0.000    15.005    u_accel/gen_nn_fractional.u_accel/gen_hl1_lif[3].hl1_lif/numerator_reg_reg[43]_i_1__27_n_0
    SLICE_X78Y165        CARRY4 (Prop_carry4_CI_O[0])
                                                      0.219    15.224 r  u_accel/gen_nn_fractional.u_accel/gen_hl1_lif[3].hl1_lif/numerator_reg_reg[44]_i_2__27/O[0]
                         net (fo=1, routed)           0.000    15.224    u_accel/gen_nn_fractional.u_accel/gen_hl1_lif[3].hl1_lif/numerator_reg_reg[44]_i_2__27_n_7
    SLICE_X78Y165        FDCE                                         r  u_accel/gen_nn_fractional.u_accel/gen_hl1_lif[3].hl1_lif/numerator_reg_reg[44]/D
  -------------------------------------------------------------------    -------------------

                         (clock sys_clk_pin rise edge)
                                                     10.000    10.000 r  
    E3                                                0.000    10.000 r  CLK100MHZ (IN)
                         net (fo=0)                   0.000    10.000    CLK100MHZ
    E3                   IBUF (Prop_ibuf_I_O)         1.411    11.411 r  CLK100MHZ_IBUF_inst/O
                         net (fo=1, routed)           1.920    13.331    CLK100MHZ_IBUF
    BUFGCTRL_X0Y16       BUFG (Prop_bufg_I_O)         0.091    13.422 r  CLK100MHZ_IBUF_BUFG_inst/O
                         net (fo=21599, routed)       1.714    15.136    u_accel/gen_nn_fractional.u_accel/gen_hl1_lif[3].hl1_lif/CLK100MHZ_IBUF_BUFG
    SLICE_X78Y165        FDCE                                         r  u_accel/gen_nn_fractional.u_accel/gen_hl1_lif[3].hl1_lif/numerator_reg_reg[44]/C
                         clock pessimism              0.180    15.316    
                         clock uncertainty           -0.035    15.281    
    SLICE_X78Y165        FDCE (Setup_fdce_C_D)        0.109    15.390    u_accel/gen_nn_fractional.u_accel/gen_hl1_lif[3].hl1_lif/numerator_reg_reg[44]
  -------------------------------------------------------------------
                         required time                         15.390    
                         arrival time                         -15.224    
  -------------------------------------------------------------------
                         slack                                  0.166    

Slack (MET) :             0.167ns  (required time - arrival time)
  Source:                 u_accel/gen_nn_fractional.u_accel/gen_hl1_lif[14].hl1_lif/mac_index_reg[0]/C
                            (rising edge-triggered cell FDCE clocked by sys_clk_pin  {rise@0.000ns fall@5.000ns period=10.000ns})
  Destination:            u_accel/gen_nn_fractional.u_accel/gen_hl1_lif[14].hl1_lif/history_sum_acc_reg[12]/D
                            (rising edge-triggered cell FDCE clocked by sys_clk_pin  {rise@0.000ns fall@5.000ns period=10.000ns})
  Path Group:             sys_clk_pin
  Path Type:              Setup (Max at Slow Process Corner)
  Requirement:            10.000ns  (sys_clk_pin rise@10.000ns - sys_clk_pin rise@0.000ns)
  Data Path Delay:        9.831ns  (logic 5.344ns (54.360%)  route 4.487ns (45.640%))
  Logic Levels:           5  (DSP48E1=1 LUT2=1 LUT3=1 LUT6=1 MUXF7=1)
  Clock Path Skew:        -0.044ns (DCD - SCD + CPR)
    Destination Clock Delay (DCD):    5.081ns = ( 15.081 - 10.000 ) 
    Source Clock Delay      (SCD):    5.394ns
    Clock Pessimism Removal (CPR):    0.268ns
  Clock Uncertainty:      0.035ns  ((TSJ^2 + TIJ^2)^1/2 + DJ) / 2 + PE
    Total System Jitter     (TSJ):    0.071ns
    Total Input Jitter      (TIJ):    0.000ns
    Discrete Jitter          (DJ):    0.000ns
    Phase Error              (PE):    0.000ns

    Location             Delay type                Incr(ns)  Path(ns)    Netlist Resource(s)
  -------------------------------------------------------------------    -------------------
                         (clock sys_clk_pin rise edge)
                                                      0.000     0.000 r  
    E3                                                0.000     0.000 r  CLK100MHZ (IN)
                         net (fo=0)                   0.000     0.000    CLK100MHZ
    E3                   IBUF (Prop_ibuf_I_O)         1.482     1.482 r  CLK100MHZ_IBUF_inst/O
                         net (fo=1, routed)           2.025     3.506    CLK100MHZ_IBUF
    BUFGCTRL_X0Y16       BUFG (Prop_bufg_I_O)         0.096     3.602 r  CLK100MHZ_IBUF_BUFG_inst/O
                         net (fo=21599, routed)       1.791     5.394    u_accel/gen_nn_fractional.u_accel/gen_hl1_lif[14].hl1_lif/CLK100MHZ_IBUF_BUFG
    SLICE_X54Y158        FDCE                                         r  u_accel/gen_nn_fractional.u_accel/gen_hl1_lif[14].hl1_lif/mac_index_reg[0]/C
  -------------------------------------------------------------------    -------------------
    SLICE_X54Y158        FDCE (Prop_fdce_C_Q)         0.518     5.912 r  u_accel/gen_nn_fractional.u_accel/gen_hl1_lif[14].hl1_lif/mac_index_reg[0]/Q
                         net (fo=13, routed)          1.042     6.954    u_accel/gen_nn_fractional.u_accel/gen_hl1_lif[14].hl1_lif/mac_index[0]
    SLICE_X50Y157        LUT2 (Prop_lut2_I0_O)        0.146     7.100 r  u_accel/gen_nn_fractional.u_accel/gen_hl1_lif[14].hl1_lif/history_sum_acc0_i_83__15/O
                         net (fo=48, routed)          1.145     8.245    u_accel/gen_nn_fractional.u_accel/gen_hl1_lif[14].hl1_lif/history_sum_acc0_i_83__15_n_0
    SLICE_X46Y150        LUT6 (Prop_lut6_I4_O)        0.328     8.573 r  u_accel/gen_nn_fractional.u_accel/gen_hl1_lif[14].hl1_lif/history_sum_acc0_i_73__15/O
                         net (fo=1, routed)           0.000     8.573    u_accel/gen_nn_fractional.u_accel/gen_hl1_lif[14].hl1_lif/history_sum_acc0_i_73__15_n_0
    SLICE_X46Y150        MUXF7 (Prop_muxf7_I1_O)      0.214     8.787 r  u_accel/gen_nn_fractional.u_accel/gen_hl1_lif[14].hl1_lif/history_sum_acc0_i_28__15/O
                         net (fo=1, routed)           1.197     9.983    u_accel/gen_nn_fractional.u_accel/gen_hl1_lif[14].hl1_lif/history_buffer[4]
    DSP48_X1Y65          DSP48E1 (Prop_dsp48e1_A[4]_P[12])
                                                      4.014    13.997 r  u_accel/gen_nn_fractional.u_accel/gen_hl1_lif[14].hl1_lif/history_sum_acc0/P[12]
                         net (fo=1, routed)           1.103    15.100    u_accel/gen_nn_fractional.u_accel/gen_hl1_lif[14].hl1_lif/history_sum_acc0_n_93
    SLICE_X58Y167        LUT3 (Prop_lut3_I0_O)        0.124    15.224 r  u_accel/gen_nn_fractional.u_accel/gen_hl1_lif[14].hl1_lif/history_sum_acc[12]_i_1__15/O
                         net (fo=1, routed)           0.000    15.224    u_accel/gen_nn_fractional.u_accel/gen_hl1_lif[14].hl1_lif/p_1_in[12]
    SLICE_X58Y167        FDCE                                         r  u_accel/gen_nn_fractional.u_accel/gen_hl1_lif[14].hl1_lif/history_sum_acc_reg[12]/D
  -------------------------------------------------------------------    -------------------

                         (clock sys_clk_pin rise edge)
                                                     10.000    10.000 r  
    E3                                                0.000    10.000 r  CLK100MHZ (IN)
                         net (fo=0)                   0.000    10.000    CLK100MHZ
    E3                   IBUF (Prop_ibuf_I_O)         1.411    11.411 r  CLK100MHZ_IBUF_inst/O
                         net (fo=1, routed)           1.920    13.331    CLK100MHZ_IBUF
    BUFGCTRL_X0Y16       BUFG (Prop_bufg_I_O)         0.091    13.422 r  CLK100MHZ_IBUF_BUFG_inst/O
                         net (fo=21599, routed)       1.659    15.081    u_accel/gen_nn_fractional.u_accel/gen_hl1_lif[14].hl1_lif/CLK100MHZ_IBUF_BUFG
    SLICE_X58Y167        FDCE                                         r  u_accel/gen_nn_fractional.u_accel/gen_hl1_lif[14].hl1_lif/history_sum_acc_reg[12]/C
                         clock pessimism              0.268    15.350    
                         clock uncertainty           -0.035    15.314    
    SLICE_X58Y167        FDCE (Setup_fdce_C_D)        0.077    15.391    u_accel/gen_nn_fractional.u_accel/gen_hl1_lif[14].hl1_lif/history_sum_acc_reg[12]
  -------------------------------------------------------------------
                         required time                         15.391    
                         arrival time                         -15.224    
  -------------------------------------------------------------------
                         slack                                  0.167    

Slack (MET) :             0.174ns  (required time - arrival time)
  Source:                 u_accel/gen_nn_fractional.u_accel/gen_hl1_lif[14].hl1_lif/mac_index_reg[0]/C
                            (rising edge-triggered cell FDCE clocked by sys_clk_pin  {rise@0.000ns fall@5.000ns period=10.000ns})
  Destination:            u_accel/gen_nn_fractional.u_accel/gen_hl1_lif[14].hl1_lif/history_sum_acc_reg[14]/D
                            (rising edge-triggered cell FDCE clocked by sys_clk_pin  {rise@0.000ns fall@5.000ns period=10.000ns})
  Path Group:             sys_clk_pin
  Path Type:              Setup (Max at Slow Process Corner)
  Requirement:            10.000ns  (sys_clk_pin rise@10.000ns - sys_clk_pin rise@0.000ns)
  Data Path Delay:        9.828ns  (logic 5.344ns (54.377%)  route 4.484ns (45.623%))
  Logic Levels:           5  (DSP48E1=1 LUT2=1 LUT3=1 LUT6=1 MUXF7=1)
  Clock Path Skew:        -0.044ns (DCD - SCD + CPR)
    Destination Clock Delay (DCD):    5.081ns = ( 15.081 - 10.000 ) 
    Source Clock Delay      (SCD):    5.394ns
    Clock Pessimism Removal (CPR):    0.268ns
  Clock Uncertainty:      0.035ns  ((TSJ^2 + TIJ^2)^1/2 + DJ) / 2 + PE
    Total System Jitter     (TSJ):    0.071ns
    Total Input Jitter      (TIJ):    0.000ns
    Discrete Jitter          (DJ):    0.000ns
    Phase Error              (PE):    0.000ns

    Location             Delay type                Incr(ns)  Path(ns)    Netlist Resource(s)
  -------------------------------------------------------------------    -------------------
                         (clock sys_clk_pin rise edge)
                                                      0.000     0.000 r  
    E3                                                0.000     0.000 r  CLK100MHZ (IN)
                         net (fo=0)                   0.000     0.000    CLK100MHZ
    E3                   IBUF (Prop_ibuf_I_O)         1.482     1.482 r  CLK100MHZ_IBUF_inst/O
                         net (fo=1, routed)           2.025     3.506    CLK100MHZ_IBUF
    BUFGCTRL_X0Y16       BUFG (Prop_bufg_I_O)         0.096     3.602 r  CLK100MHZ_IBUF_BUFG_inst/O
                         net (fo=21599, routed)       1.791     5.394    u_accel/gen_nn_fractional.u_accel/gen_hl1_lif[14].hl1_lif/CLK100MHZ_IBUF_BUFG
    SLICE_X54Y158        FDCE                                         r  u_accel/gen_nn_fractional.u_accel/gen_hl1_lif[14].hl1_lif/mac_index_reg[0]/C
  -------------------------------------------------------------------    -------------------
    SLICE_X54Y158        FDCE (Prop_fdce_C_Q)         0.518     5.912 r  u_accel/gen_nn_fractional.u_accel/gen_hl1_lif[14].hl1_lif/mac_index_reg[0]/Q
                         net (fo=13, routed)          1.042     6.954    u_accel/gen_nn_fractional.u_accel/gen_hl1_lif[14].hl1_lif/mac_index[0]
    SLICE_X50Y157        LUT2 (Prop_lut2_I0_O)        0.146     7.100 r  u_accel/gen_nn_fractional.u_accel/gen_hl1_lif[14].hl1_lif/history_sum_acc0_i_83__15/O
                         net (fo=48, routed)          1.145     8.245    u_accel/gen_nn_fractional.u_accel/gen_hl1_lif[14].hl1_lif/history_sum_acc0_i_83__15_n_0
    SLICE_X46Y150        LUT6 (Prop_lut6_I4_O)        0.328     8.573 r  u_accel/gen_nn_fractional.u_accel/gen_hl1_lif[14].hl1_lif/history_sum_acc0_i_73__15/O
                         net (fo=1, routed)           0.000     8.573    u_accel/gen_nn_fractional.u_accel/gen_hl1_lif[14].hl1_lif/history_sum_acc0_i_73__15_n_0
    SLICE_X46Y150        MUXF7 (Prop_muxf7_I1_O)      0.214     8.787 r  u_accel/gen_nn_fractional.u_accel/gen_hl1_lif[14].hl1_lif/history_sum_acc0_i_28__15/O
                         net (fo=1, routed)           1.197     9.983    u_accel/gen_nn_fractional.u_accel/gen_hl1_lif[14].hl1_lif/history_buffer[4]
    DSP48_X1Y65          DSP48E1 (Prop_dsp48e1_A[4]_P[14])
                                                      4.014    13.997 r  u_accel/gen_nn_fractional.u_accel/gen_hl1_lif[14].hl1_lif/history_sum_acc0/P[14]
                         net (fo=1, routed)           1.100    15.097    u_accel/gen_nn_fractional.u_accel/gen_hl1_lif[14].hl1_lif/history_sum_acc0_n_91
    SLICE_X58Y167        LUT3 (Prop_lut3_I0_O)        0.124    15.221 r  u_accel/gen_nn_fractional.u_accel/gen_hl1_lif[14].hl1_lif/history_sum_acc[14]_i_1__15/O
                         net (fo=1, routed)           0.000    15.221    u_accel/gen_nn_fractional.u_accel/gen_hl1_lif[14].hl1_lif/p_1_in[14]
    SLICE_X58Y167        FDCE                                         r  u_accel/gen_nn_fractional.u_accel/gen_hl1_lif[14].hl1_lif/history_sum_acc_reg[14]/D
  -------------------------------------------------------------------    -------------------

                         (clock sys_clk_pin rise edge)
                                                     10.000    10.000 r  
    E3                                                0.000    10.000 r  CLK100MHZ (IN)
                         net (fo=0)                   0.000    10.000    CLK100MHZ
    E3                   IBUF (Prop_ibuf_I_O)         1.411    11.411 r  CLK100MHZ_IBUF_inst/O
                         net (fo=1, routed)           1.920    13.331    CLK100MHZ_IBUF
    BUFGCTRL_X0Y16       BUFG (Prop_bufg_I_O)         0.091    13.422 r  CLK100MHZ_IBUF_BUFG_inst/O
                         net (fo=21599, routed)       1.659    15.081    u_accel/gen_nn_fractional.u_accel/gen_hl1_lif[14].hl1_lif/CLK100MHZ_IBUF_BUFG
    SLICE_X58Y167        FDCE                                         r  u_accel/gen_nn_fractional.u_accel/gen_hl1_lif[14].hl1_lif/history_sum_acc_reg[14]/C
                         clock pessimism              0.268    15.350    
                         clock uncertainty           -0.035    15.314    
    SLICE_X58Y167        FDCE (Setup_fdce_C_D)        0.081    15.395    u_accel/gen_nn_fractional.u_accel/gen_hl1_lif[14].hl1_lif/history_sum_acc_reg[14]
  -------------------------------------------------------------------
                         required time                         15.395    
                         arrival time                         -15.221    
  -------------------------------------------------------------------
                         slack                                  0.174    

Slack (MET) :             0.179ns  (required time - arrival time)
  Source:                 u_accel/gen_nn_fractional.u_accel/gen_hl1_lif[29].hl1_lif/numerator_reg_reg[15]/C
                            (rising edge-triggered cell FDCE clocked by sys_clk_pin  {rise@0.000ns fall@5.000ns period=10.000ns})
  Destination:            u_accel/gen_nn_fractional.u_accel/gen_hl1_lif[29].hl1_lif/mul_scaled_result_reg_reg[61]/D
                            (rising edge-triggered cell FDCE clocked by sys_clk_pin  {rise@0.000ns fall@5.000ns period=10.000ns})
  Path Group:             sys_clk_pin
  Path Type:              Setup (Max at Slow Process Corner)
  Requirement:            10.000ns  (sys_clk_pin rise@10.000ns - sys_clk_pin rise@0.000ns)
  Data Path Delay:        9.820ns  (logic 7.653ns (77.933%)  route 2.167ns (22.067%))
  Logic Levels:           11  (CARRY4=8 DSP48E1=2 LUT3=1)
  Clock Path Skew:        -0.028ns (DCD - SCD + CPR)
    Destination Clock Delay (DCD):    5.085ns = ( 15.085 - 10.000 ) 
    Source Clock Delay      (SCD):    5.382ns
    Clock Pessimism Removal (CPR):    0.268ns
  Clock Uncertainty:      0.035ns  ((TSJ^2 + TIJ^2)^1/2 + DJ) / 2 + PE
    Total System Jitter     (TSJ):    0.071ns
    Total Input Jitter      (TIJ):    0.000ns
    Discrete Jitter          (DJ):    0.000ns
    Phase Error              (PE):    0.000ns

    Location             Delay type                Incr(ns)  Path(ns)    Netlist Resource(s)
  -------------------------------------------------------------------    -------------------
                         (clock sys_clk_pin rise edge)
                                                      0.000     0.000 r  
    E3                                                0.000     0.000 r  CLK100MHZ (IN)
                         net (fo=0)                   0.000     0.000    CLK100MHZ
    E3                   IBUF (Prop_ibuf_I_O)         1.482     1.482 r  CLK100MHZ_IBUF_inst/O
                         net (fo=1, routed)           2.025     3.506    CLK100MHZ_IBUF
    BUFGCTRL_X0Y16       BUFG (Prop_bufg_I_O)         0.096     3.602 r  CLK100MHZ_IBUF_BUFG_inst/O
                         net (fo=21599, routed)       1.779     5.382    u_accel/gen_nn_fractional.u_accel/gen_hl1_lif[29].hl1_lif/CLK100MHZ_IBUF_BUFG
    SLICE_X60Y173        FDCE                                         r  u_accel/gen_nn_fractional.u_accel/gen_hl1_lif[29].hl1_lif/numerator_reg_reg[15]/C
  -------------------------------------------------------------------    -------------------
    SLICE_X60Y173        FDCE (Prop_fdce_C_Q)         0.518     5.900 r  u_accel/gen_nn_fractional.u_accel/gen_hl1_lif[29].hl1_lif/numerator_reg_reg[15]/Q
                         net (fo=1, routed)           1.060     6.959    u_accel/gen_nn_fractional.u_accel/gen_hl1_lif[29].hl1_lif/numerator_reg_reg_n_0_[15]
    DSP48_X1Y73          DSP48E1 (Prop_dsp48e1_A[15]_PCOUT[47])
                                                      4.036    10.995 r  u_accel/gen_nn_fractional.u_accel/gen_hl1_lif[29].hl1_lif/mul_scaled_result_reg0/PCOUT[47]
                         net (fo=1, routed)           0.002    10.997    u_accel/gen_nn_fractional.u_accel/gen_hl1_lif[29].hl1_lif/mul_scaled_result_reg0_n_106
    DSP48_X1Y74          DSP48E1 (Prop_dsp48e1_PCIN[47]_P[17])
                                                      1.518    12.515 r  u_accel/gen_nn_fractional.u_accel/gen_hl1_lif[29].hl1_lif/mul_scaled_result_reg0__0/P[17]
                         net (fo=1, routed)           1.105    13.621    u_accel/gen_nn_fractional.u_accel/gen_hl1_lif[29].hl1_lif/mul_scaled_result_reg0__0_n_88
    SLICE_X59Y180        LUT3 (Prop_lut3_I2_O)        0.124    13.745 r  u_accel/gen_nn_fractional.u_accel/gen_hl1_lif[29].hl1_lif/mul_scaled_result_reg[36]_i_7__4/O
                         net (fo=1, routed)           0.000    13.745    u_accel/gen_nn_fractional.u_accel/gen_hl1_lif[29].hl1_lif/mul_scaled_result_reg[36]_i_7__4_n_0
    SLICE_X59Y180        CARRY4 (Prop_carry4_S[1]_CO[3])
                                                      0.550    14.295 r  u_accel/gen_nn_fractional.u_accel/gen_hl1_lif[29].hl1_lif/mul_scaled_result_reg_reg[36]_i_1__4/CO[3]
                         net (fo=1, routed)           0.000    14.295    u_accel/gen_nn_fractional.u_accel/gen_hl1_lif[29].hl1_lif/mul_scaled_result_reg_reg[36]_i_1__4_n_0
    SLICE_X59Y181        CARRY4 (Prop_carry4_CI_CO[3])
                                                      0.114    14.409 r  u_accel/gen_nn_fractional.u_accel/gen_hl1_lif[29].hl1_lif/mul_scaled_result_reg_reg[40]_i_1__4/CO[3]
                         net (fo=1, routed)           0.000    14.409    u_accel/gen_nn_fractional.u_accel/gen_hl1_lif[29].hl1_lif/mul_scaled_result_reg_reg[40]_i_1__4_n_0
    SLICE_X59Y182        CARRY4 (Prop_carry4_CI_CO[3])
                                                      0.114    14.523 r  u_accel/gen_nn_fractional.u_accel/gen_hl1_lif[29].hl1_lif/mul_scaled_result_reg_reg[44]_i_1__4/CO[3]
                         net (fo=1, routed)           0.000    14.523    u_accel/gen_nn_fractional.u_accel/gen_hl1_lif[29].hl1_lif/mul_scaled_result_reg_reg[44]_i_1__4_n_0
    SLICE_X59Y183        CARRY4 (Prop_carry4_CI_CO[3])
                                                      0.114    14.637 r  u_accel/gen_nn_fractional.u_accel/gen_hl1_lif[29].hl1_lif/mul_scaled_result_reg_reg[48]_i_1__4/CO[3]
                         net (fo=1, routed)           0.000    14.637    u_accel/gen_nn_fractional.u_accel/gen_hl1_lif[29].hl1_lif/mul_scaled_result_reg_reg[48]_i_1__4_n_0
    SLICE_X59Y184        CARRY4 (Prop_carry4_CI_CO[3])
                                                      0.114    14.751 r  u_accel/gen_nn_fractional.u_accel/gen_hl1_lif[29].hl1_lif/mul_scaled_result_reg_reg[52]_i_1__4/CO[3]
                         net (fo=1, routed)           0.000    14.751    u_accel/gen_nn_fractional.u_accel/gen_hl1_lif[29].hl1_lif/mul_scaled_result_reg_reg[52]_i_1__4_n_0
    SLICE_X59Y185        CARRY4 (Prop_carry4_CI_CO[3])
                                                      0.114    14.865 r  u_accel/gen_nn_fractional.u_accel/gen_hl1_lif[29].hl1_lif/mul_scaled_result_reg_reg[56]_i_1__4/CO[3]
                         net (fo=1, routed)           0.000    14.865    u_accel/gen_nn_fractional.u_accel/gen_hl1_lif[29].hl1_lif/mul_scaled_result_reg_reg[56]_i_1__4_n_0
    SLICE_X59Y186        CARRY4 (Prop_carry4_CI_CO[3])
                                                      0.114    14.979 r  u_accel/gen_nn_fractional.u_accel/gen_hl1_lif[29].hl1_lif/mul_scaled_result_reg_reg[60]_i_1__4/CO[3]
                         net (fo=1, routed)           0.000    14.979    u_accel/gen_nn_fractional.u_accel/gen_hl1_lif[29].hl1_lif/mul_scaled_result_reg_reg[60]_i_1__4_n_0
    SLICE_X59Y187        CARRY4 (Prop_carry4_CI_O[0])
                                                      0.223    15.202 r  u_accel/gen_nn_fractional.u_accel/gen_hl1_lif[29].hl1_lif/mul_scaled_result_reg_reg[61]_i_2__4/O[0]
                         net (fo=1, routed)           0.000    15.202    u_accel/gen_nn_fractional.u_accel/gen_hl1_lif[29].hl1_lif/mul_scaled_result_reg_reg[61]_i_2__4_n_7
    SLICE_X59Y187        FDCE                                         r  u_accel/gen_nn_fractional.u_accel/gen_hl1_lif[29].hl1_lif/mul_scaled_result_reg_reg[61]/D
  -------------------------------------------------------------------    -------------------

                         (clock sys_clk_pin rise edge)
                                                     10.000    10.000 r  
    E3                                                0.000    10.000 r  CLK100MHZ (IN)
                         net (fo=0)                   0.000    10.000    CLK100MHZ
    E3                   IBUF (Prop_ibuf_I_O)         1.411    11.411 r  CLK100MHZ_IBUF_inst/O
                         net (fo=1, routed)           1.920    13.331    CLK100MHZ_IBUF
    BUFGCTRL_X0Y16       BUFG (Prop_bufg_I_O)         0.091    13.422 r  CLK100MHZ_IBUF_BUFG_inst/O
                         net (fo=21599, routed)       1.663    15.085    u_accel/gen_nn_fractional.u_accel/gen_hl1_lif[29].hl1_lif/CLK100MHZ_IBUF_BUFG
    SLICE_X59Y187        FDCE                                         r  u_accel/gen_nn_fractional.u_accel/gen_hl1_lif[29].hl1_lif/mul_scaled_result_reg_reg[61]/C
                         clock pessimism              0.268    15.354    
                         clock uncertainty           -0.035    15.318    
    SLICE_X59Y187        FDCE (Setup_fdce_C_D)        0.062    15.380    u_accel/gen_nn_fractional.u_accel/gen_hl1_lif[29].hl1_lif/mul_scaled_result_reg_reg[61]
  -------------------------------------------------------------------
                         required time                         15.380    
                         arrival time                         -15.202    
  -------------------------------------------------------------------
                         slack                                  0.179    

Slack (MET) :             0.180ns  (required time - arrival time)
  Source:                 u_accel/gen_nn_fractional.u_accel/fc1_start_reg/C
                            (rising edge-triggered cell FDCE clocked by sys_clk_pin  {rise@0.000ns fall@5.000ns period=10.000ns})
  Destination:            u_accel/gen_nn_fractional.u_accel/gen_hl1_lif[3].hl1_lif/numerator_reg_reg[41]/D
                            (rising edge-triggered cell FDCE clocked by sys_clk_pin  {rise@0.000ns fall@5.000ns period=10.000ns})
  Path Group:             sys_clk_pin
  Path Type:              Setup (Max at Slow Process Corner)
  Requirement:            10.000ns  (sys_clk_pin rise@10.000ns - sys_clk_pin rise@0.000ns)
  Data Path Delay:        9.973ns  (logic 1.787ns (17.918%)  route 8.186ns (82.082%))
  Logic Levels:           6  (CARRY4=5 LUT3=1)
  Clock Path Skew:        0.080ns (DCD - SCD + CPR)
    Destination Clock Delay (DCD):    5.137ns = ( 15.137 - 10.000 ) 
    Source Clock Delay      (SCD):    5.238ns
    Clock Pessimism Removal (CPR):    0.180ns
  Clock Uncertainty:      0.035ns  ((TSJ^2 + TIJ^2)^1/2 + DJ) / 2 + PE
    Total System Jitter     (TSJ):    0.071ns
    Total Input Jitter      (TIJ):    0.000ns
    Discrete Jitter          (DJ):    0.000ns
    Phase Error              (PE):    0.000ns

    Location             Delay type                Incr(ns)  Path(ns)    Netlist Resource(s)
  -------------------------------------------------------------------    -------------------
                         (clock sys_clk_pin rise edge)
                                                      0.000     0.000 r  
    E3                                                0.000     0.000 r  CLK100MHZ (IN)
                         net (fo=0)                   0.000     0.000    CLK100MHZ
    E3                   IBUF (Prop_ibuf_I_O)         1.482     1.482 r  CLK100MHZ_IBUF_inst/O
                         net (fo=1, routed)           2.025     3.506    CLK100MHZ_IBUF
    BUFGCTRL_X0Y16       BUFG (Prop_bufg_I_O)         0.096     3.602 r  CLK100MHZ_IBUF_BUFG_inst/O
                         net (fo=21599, routed)       1.635     5.238    u_accel/gen_nn_fractional.u_accel/CLK100MHZ_IBUF_BUFG
    SLICE_X47Y50         FDCE                                         r  u_accel/gen_nn_fractional.u_accel/fc1_start_reg/C
  -------------------------------------------------------------------    -------------------
    SLICE_X47Y50         FDCE (Prop_fdce_C_Q)         0.456     5.694 f  u_accel/gen_nn_fractional.u_accel/fc1_start_reg/Q
                         net (fo=12728, routed)       8.186    13.880    u_accel/gen_nn_fractional.u_accel/gen_hl1_lif[3].hl1_lif/hl2_clear
    SLICE_X78Y160        LUT3 (Prop_lut3_I1_O)        0.124    14.004 r  u_accel/gen_nn_fractional.u_accel/gen_hl1_lif[3].hl1_lif/numerator_reg[27]_i_8__27/O
                         net (fo=1, routed)           0.000    14.004    u_accel/gen_nn_fractional.u_accel/gen_hl1_lif[3].hl1_lif/numerator_reg[27]_i_8__27_n_0
    SLICE_X78Y160        CARRY4 (Prop_carry4_S[1]_CO[3])
                                                      0.533    14.537 r  u_accel/gen_nn_fractional.u_accel/gen_hl1_lif[3].hl1_lif/numerator_reg_reg[27]_i_1__27/CO[3]
                         net (fo=1, routed)           0.000    14.537    u_accel/gen_nn_fractional.u_accel/gen_hl1_lif[3].hl1_lif/numerator_reg_reg[27]_i_1__27_n_0
    SLICE_X78Y161        CARRY4 (Prop_carry4_CI_CO[3])
                                                      0.117    14.654 r  u_accel/gen_nn_fractional.u_accel/gen_hl1_lif[3].hl1_lif/numerator_reg_reg[31]_i_1__27/CO[3]
                         net (fo=1, routed)           0.000    14.654    u_accel/gen_nn_fractional.u_accel/gen_hl1_lif[3].hl1_lif/numerator_reg_reg[31]_i_1__27_n_0
    SLICE_X78Y162        CARRY4 (Prop_carry4_CI_CO[3])
                                                      0.117    14.771 r  u_accel/gen_nn_fractional.u_accel/gen_hl1_lif[3].hl1_lif/numerator_reg_reg[35]_i_1__27/CO[3]
                         net (fo=1, routed)           0.000    14.771    u_accel/gen_nn_fractional.u_accel/gen_hl1_lif[3].hl1_lif/numerator_reg_reg[35]_i_1__27_n_0
    SLICE_X78Y163        CARRY4 (Prop_carry4_CI_CO[3])
                                                      0.117    14.888 r  u_accel/gen_nn_fractional.u_accel/gen_hl1_lif[3].hl1_lif/numerator_reg_reg[39]_i_1__27/CO[3]
                         net (fo=1, routed)           0.000    14.888    u_accel/gen_nn_fractional.u_accel/gen_hl1_lif[3].hl1_lif/numerator_reg_reg[39]_i_1__27_n_0
    SLICE_X78Y164        CARRY4 (Prop_carry4_CI_O[1])
                                                      0.323    15.211 r  u_accel/gen_nn_fractional.u_accel/gen_hl1_lif[3].hl1_lif/numerator_reg_reg[43]_i_1__27/O[1]
                         net (fo=1, routed)           0.000    15.211    u_accel/gen_nn_fractional.u_accel/gen_hl1_lif[3].hl1_lif/numerator_reg_reg[43]_i_1__27_n_6
    SLICE_X78Y164        FDCE                                         r  u_accel/gen_nn_fractional.u_accel/gen_hl1_lif[3].hl1_lif/numerator_reg_reg[41]/D
  -------------------------------------------------------------------    -------------------

                         (clock sys_clk_pin rise edge)
                                                     10.000    10.000 r  
    E3                                                0.000    10.000 r  CLK100MHZ (IN)
                         net (fo=0)                   0.000    10.000    CLK100MHZ
    E3                   IBUF (Prop_ibuf_I_O)         1.411    11.411 r  CLK100MHZ_IBUF_inst/O
                         net (fo=1, routed)           1.920    13.331    CLK100MHZ_IBUF
    BUFGCTRL_X0Y16       BUFG (Prop_bufg_I_O)         0.091    13.422 r  CLK100MHZ_IBUF_BUFG_inst/O
                         net (fo=21599, routed)       1.715    15.137    u_accel/gen_nn_fractional.u_accel/gen_hl1_lif[3].hl1_lif/CLK100MHZ_IBUF_BUFG
    SLICE_X78Y164        FDCE                                         r  u_accel/gen_nn_fractional.u_accel/gen_hl1_lif[3].hl1_lif/numerator_reg_reg[41]/C
                         clock pessimism              0.180    15.317    
                         clock uncertainty           -0.035    15.282    
    SLICE_X78Y164        FDCE (Setup_fdce_C_D)        0.109    15.391    u_accel/gen_nn_fractional.u_accel/gen_hl1_lif[3].hl1_lif/numerator_reg_reg[41]
  -------------------------------------------------------------------
                         required time                         15.391    
                         arrival time                         -15.211    
  -------------------------------------------------------------------
                         slack                                  0.180    

Slack (MET) :             0.181ns  (required time - arrival time)
  Source:                 u_accel/gen_nn_fractional.u_accel/gen_hl1_lif[29].hl1_lif/numerator_reg_reg[15]/C
                            (rising edge-triggered cell FDCE clocked by sys_clk_pin  {rise@0.000ns fall@5.000ns period=10.000ns})
  Destination:            u_accel/gen_nn_fractional.u_accel/gen_hl1_lif[29].hl1_lif/mul_scaled_result_reg_reg[58]/D
                            (rising edge-triggered cell FDCE clocked by sys_clk_pin  {rise@0.000ns fall@5.000ns period=10.000ns})
  Path Group:             sys_clk_pin
  Path Type:              Setup (Max at Slow Process Corner)
  Requirement:            10.000ns  (sys_clk_pin rise@10.000ns - sys_clk_pin rise@0.000ns)
  Data Path Delay:        9.817ns  (logic 7.650ns (77.926%)  route 2.167ns (22.074%))
  Logic Levels:           10  (CARRY4=7 DSP48E1=2 LUT3=1)
  Clock Path Skew:        -0.029ns (DCD - SCD + CPR)
    Destination Clock Delay (DCD):    5.084ns = ( 15.084 - 10.000 ) 
    Source Clock Delay      (SCD):    5.382ns
    Clock Pessimism Removal (CPR):    0.268ns
  Clock Uncertainty:      0.035ns  ((TSJ^2 + TIJ^2)^1/2 + DJ) / 2 + PE
    Total System Jitter     (TSJ):    0.071ns
    Total Input Jitter      (TIJ):    0.000ns
    Discrete Jitter          (DJ):    0.000ns
    Phase Error              (PE):    0.000ns

    Location             Delay type                Incr(ns)  Path(ns)    Netlist Resource(s)
  -------------------------------------------------------------------    -------------------
                         (clock sys_clk_pin rise edge)
                                                      0.000     0.000 r  
    E3                                                0.000     0.000 r  CLK100MHZ (IN)
                         net (fo=0)                   0.000     0.000    CLK100MHZ
    E3                   IBUF (Prop_ibuf_I_O)         1.482     1.482 r  CLK100MHZ_IBUF_inst/O
                         net (fo=1, routed)           2.025     3.506    CLK100MHZ_IBUF
    BUFGCTRL_X0Y16       BUFG (Prop_bufg_I_O)         0.096     3.602 r  CLK100MHZ_IBUF_BUFG_inst/O
                         net (fo=21599, routed)       1.779     5.382    u_accel/gen_nn_fractional.u_accel/gen_hl1_lif[29].hl1_lif/CLK100MHZ_IBUF_BUFG
    SLICE_X60Y173        FDCE                                         r  u_accel/gen_nn_fractional.u_accel/gen_hl1_lif[29].hl1_lif/numerator_reg_reg[15]/C
  -------------------------------------------------------------------    -------------------
    SLICE_X60Y173        FDCE (Prop_fdce_C_Q)         0.518     5.900 r  u_accel/gen_nn_fractional.u_accel/gen_hl1_lif[29].hl1_lif/numerator_reg_reg[15]/Q
                         net (fo=1, routed)           1.060     6.959    u_accel/gen_nn_fractional.u_accel/gen_hl1_lif[29].hl1_lif/numerator_reg_reg_n_0_[15]
    DSP48_X1Y73          DSP48E1 (Prop_dsp48e1_A[15]_PCOUT[47])
                                                      4.036    10.995 r  u_accel/gen_nn_fractional.u_accel/gen_hl1_lif[29].hl1_lif/mul_scaled_result_reg0/PCOUT[47]
                         net (fo=1, routed)           0.002    10.997    u_accel/gen_nn_fractional.u_accel/gen_hl1_lif[29].hl1_lif/mul_scaled_result_reg0_n_106
    DSP48_X1Y74          DSP48E1 (Prop_dsp48e1_PCIN[47]_P[17])
                                                      1.518    12.515 r  u_accel/gen_nn_fractional.u_accel/gen_hl1_lif[29].hl1_lif/mul_scaled_result_reg0__0/P[17]
                         net (fo=1, routed)           1.105    13.621    u_accel/gen_nn_fractional.u_accel/gen_hl1_lif[29].hl1_lif/mul_scaled_result_reg0__0_n_88
    SLICE_X59Y180        LUT3 (Prop_lut3_I2_O)        0.124    13.745 r  u_accel/gen_nn_fractional.u_accel/gen_hl1_lif[29].hl1_lif/mul_scaled_result_reg[36]_i_7__4/O
                         net (fo=1, routed)           0.000    13.745    u_accel/gen_nn_fractional.u_accel/gen_hl1_lif[29].hl1_lif/mul_scaled_result_reg[36]_i_7__4_n_0
    SLICE_X59Y180        CARRY4 (Prop_carry4_S[1]_CO[3])
                                                      0.550    14.295 r  u_accel/gen_nn_fractional.u_accel/gen_hl1_lif[29].hl1_lif/mul_scaled_result_reg_reg[36]_i_1__4/CO[3]
                         net (fo=1, routed)           0.000    14.295    u_accel/gen_nn_fractional.u_accel/gen_hl1_lif[29].hl1_lif/mul_scaled_result_reg_reg[36]_i_1__4_n_0
    SLICE_X59Y181        CARRY4 (Prop_carry4_CI_CO[3])
                                                      0.114    14.409 r  u_accel/gen_nn_fractional.u_accel/gen_hl1_lif[29].hl1_lif/mul_scaled_result_reg_reg[40]_i_1__4/CO[3]
                         net (fo=1, routed)           0.000    14.409    u_accel/gen_nn_fractional.u_accel/gen_hl1_lif[29].hl1_lif/mul_scaled_result_reg_reg[40]_i_1__4_n_0
    SLICE_X59Y182        CARRY4 (Prop_carry4_CI_CO[3])
                                                      0.114    14.523 r  u_accel/gen_nn_fractional.u_accel/gen_hl1_lif[29].hl1_lif/mul_scaled_result_reg_reg[44]_i_1__4/CO[3]
                         net (fo=1, routed)           0.000    14.523    u_accel/gen_nn_fractional.u_accel/gen_hl1_lif[29].hl1_lif/mul_scaled_result_reg_reg[44]_i_1__4_n_0
    SLICE_X59Y183        CARRY4 (Prop_carry4_CI_CO[3])
                                                      0.114    14.637 r  u_accel/gen_nn_fractional.u_accel/gen_hl1_lif[29].hl1_lif/mul_scaled_result_reg_reg[48]_i_1__4/CO[3]
                         net (fo=1, routed)           0.000    14.637    u_accel/gen_nn_fractional.u_accel/gen_hl1_lif[29].hl1_lif/mul_scaled_result_reg_reg[48]_i_1__4_n_0
    SLICE_X59Y184        CARRY4 (Prop_carry4_CI_CO[3])
                                                      0.114    14.751 r  u_accel/gen_nn_fractional.u_accel/gen_hl1_lif[29].hl1_lif/mul_scaled_result_reg_reg[52]_i_1__4/CO[3]
                         net (fo=1, routed)           0.000    14.751    u_accel/gen_nn_fractional.u_accel/gen_hl1_lif[29].hl1_lif/mul_scaled_result_reg_reg[52]_i_1__4_n_0
    SLICE_X59Y185        CARRY4 (Prop_carry4_CI_CO[3])
                                                      0.114    14.865 r  u_accel/gen_nn_fractional.u_accel/gen_hl1_lif[29].hl1_lif/mul_scaled_result_reg_reg[56]_i_1__4/CO[3]
                         net (fo=1, routed)           0.000    14.865    u_accel/gen_nn_fractional.u_accel/gen_hl1_lif[29].hl1_lif/mul_scaled_result_reg_reg[56]_i_1__4_n_0
    SLICE_X59Y186        CARRY4 (Prop_carry4_CI_O[1])
                                                      0.334    15.199 r  u_accel/gen_nn_fractional.u_accel/gen_hl1_lif[29].hl1_lif/mul_scaled_result_reg_reg[60]_i_1__4/O[1]
                         net (fo=1, routed)           0.000    15.199    u_accel/gen_nn_fractional.u_accel/gen_hl1_lif[29].hl1_lif/mul_scaled_result_reg_reg[60]_i_1__4_n_6
    SLICE_X59Y186        FDCE                                         r  u_accel/gen_nn_fractional.u_accel/gen_hl1_lif[29].hl1_lif/mul_scaled_result_reg_reg[58]/D
  -------------------------------------------------------------------    -------------------

                         (clock sys_clk_pin rise edge)
                                                     10.000    10.000 r  
    E3                                                0.000    10.000 r  CLK100MHZ (IN)
                         net (fo=0)                   0.000    10.000    CLK100MHZ
    E3                   IBUF (Prop_ibuf_I_O)         1.411    11.411 r  CLK100MHZ_IBUF_inst/O
                         net (fo=1, routed)           1.920    13.331    CLK100MHZ_IBUF
    BUFGCTRL_X0Y16       BUFG (Prop_bufg_I_O)         0.091    13.422 r  CLK100MHZ_IBUF_BUFG_inst/O
                         net (fo=21599, routed)       1.662    15.084    u_accel/gen_nn_fractional.u_accel/gen_hl1_lif[29].hl1_lif/CLK100MHZ_IBUF_BUFG
    SLICE_X59Y186        FDCE                                         r  u_accel/gen_nn_fractional.u_accel/gen_hl1_lif[29].hl1_lif/mul_scaled_result_reg_reg[58]/C
                         clock pessimism              0.268    15.353    
                         clock uncertainty           -0.035    15.317    
    SLICE_X59Y186        FDCE (Setup_fdce_C_D)        0.062    15.379    u_accel/gen_nn_fractional.u_accel/gen_hl1_lif[29].hl1_lif/mul_scaled_result_reg_reg[58]
  -------------------------------------------------------------------
                         required time                         15.379    
                         arrival time                         -15.199    
  -------------------------------------------------------------------
                         slack                                  0.181    

Slack (MET) :             0.183ns  (required time - arrival time)
  Source:                 u_accel/gen_nn_fractional.u_accel/fc1_start_reg/C
                            (rising edge-triggered cell FDCE clocked by sys_clk_pin  {rise@0.000ns fall@5.000ns period=10.000ns})
  Destination:            u_accel/gen_nn_fractional.u_accel/gen_hl1_lif[1].hl1_lif/numerator_reg_reg[42]/D
                            (rising edge-triggered cell FDCE clocked by sys_clk_pin  {rise@0.000ns fall@5.000ns period=10.000ns})
  Path Group:             sys_clk_pin
  Path Type:              Setup (Max at Slow Process Corner)
  Requirement:            10.000ns  (sys_clk_pin rise@10.000ns - sys_clk_pin rise@0.000ns)
  Data Path Delay:        9.913ns  (logic 2.132ns (21.506%)  route 7.781ns (78.494%))
  Logic Levels:           11  (CARRY4=10 LUT3=1)
  Clock Path Skew:        0.070ns (DCD - SCD + CPR)
    Destination Clock Delay (DCD):    5.127ns = ( 15.127 - 10.000 ) 
    Source Clock Delay      (SCD):    5.238ns
    Clock Pessimism Removal (CPR):    0.180ns
  Clock Uncertainty:      0.035ns  ((TSJ^2 + TIJ^2)^1/2 + DJ) / 2 + PE
    Total System Jitter     (TSJ):    0.071ns
    Total Input Jitter      (TIJ):    0.000ns
    Discrete Jitter          (DJ):    0.000ns
    Phase Error              (PE):    0.000ns

    Location             Delay type                Incr(ns)  Path(ns)    Netlist Resource(s)
  -------------------------------------------------------------------    -------------------
                         (clock sys_clk_pin rise edge)
                                                      0.000     0.000 r  
    E3                                                0.000     0.000 r  CLK100MHZ (IN)
                         net (fo=0)                   0.000     0.000    CLK100MHZ
    E3                   IBUF (Prop_ibuf_I_O)         1.482     1.482 r  CLK100MHZ_IBUF_inst/O
                         net (fo=1, routed)           2.025     3.506    CLK100MHZ_IBUF
    BUFGCTRL_X0Y16       BUFG (Prop_bufg_I_O)         0.096     3.602 r  CLK100MHZ_IBUF_BUFG_inst/O
                         net (fo=21599, routed)       1.635     5.238    u_accel/gen_nn_fractional.u_accel/CLK100MHZ_IBUF_BUFG
    SLICE_X47Y50         FDCE                                         r  u_accel/gen_nn_fractional.u_accel/fc1_start_reg/C
  -------------------------------------------------------------------    -------------------
    SLICE_X47Y50         FDCE (Prop_fdce_C_Q)         0.456     5.694 f  u_accel/gen_nn_fractional.u_accel/fc1_start_reg/Q
                         net (fo=12728, routed)       7.781    13.475    u_accel/gen_nn_fractional.u_accel/gen_hl1_lif[1].hl1_lif/hl2_clear
    SLICE_X79Y164        LUT3 (Prop_lut3_I1_O)        0.124    13.599 r  u_accel/gen_nn_fractional.u_accel/gen_hl1_lif[1].hl1_lif/numerator_reg[7]_i_6__29/O
                         net (fo=1, routed)           0.000    13.599    u_accel/gen_nn_fractional.u_accel/gen_hl1_lif[1].hl1_lif/numerator_reg[7]_i_6__29_n_0
    SLICE_X79Y164        CARRY4 (Prop_carry4_S[3]_CO[3])
                                                      0.401    14.000 r  u_accel/gen_nn_fractional.u_accel/gen_hl1_lif[1].hl1_lif/numerator_reg_reg[7]_i_1__29/CO[3]
                         net (fo=1, routed)           0.000    14.000    u_accel/gen_nn_fractional.u_accel/gen_hl1_lif[1].hl1_lif/numerator_reg_reg[7]_i_1__29_n_0
    SLICE_X79Y165        CARRY4 (Prop_carry4_CI_CO[3])
                                                      0.114    14.114 r  u_accel/gen_nn_fractional.u_accel/gen_hl1_lif[1].hl1_lif/numerator_reg_reg[11]_i_1__29/CO[3]
                         net (fo=1, routed)           0.000    14.114    u_accel/gen_nn_fractional.u_accel/gen_hl1_lif[1].hl1_lif/numerator_reg_reg[11]_i_1__29_n_0
    SLICE_X79Y166        CARRY4 (Prop_carry4_CI_CO[3])
                                                      0.114    14.228 r  u_accel/gen_nn_fractional.u_accel/gen_hl1_lif[1].hl1_lif/numerator_reg_reg[15]_i_1__29/CO[3]
                         net (fo=1, routed)           0.000    14.228    u_accel/gen_nn_fractional.u_accel/gen_hl1_lif[1].hl1_lif/numerator_reg_reg[15]_i_1__29_n_0
    SLICE_X79Y167        CARRY4 (Prop_carry4_CI_CO[3])
                                                      0.114    14.342 r  u_accel/gen_nn_fractional.u_accel/gen_hl1_lif[1].hl1_lif/numerator_reg_reg[19]_i_1__29/CO[3]
                         net (fo=1, routed)           0.000    14.342    u_accel/gen_nn_fractional.u_accel/gen_hl1_lif[1].hl1_lif/numerator_reg_reg[19]_i_1__29_n_0
    SLICE_X79Y168        CARRY4 (Prop_carry4_CI_CO[3])
                                                      0.114    14.456 r  u_accel/gen_nn_fractional.u_accel/gen_hl1_lif[1].hl1_lif/numerator_reg_reg[23]_i_1__29/CO[3]
                         net (fo=1, routed)           0.000    14.456    u_accel/gen_nn_fractional.u_accel/gen_hl1_lif[1].hl1_lif/numerator_reg_reg[23]_i_1__29_n_0
    SLICE_X79Y169        CARRY4 (Prop_carry4_CI_CO[3])
                                                      0.114    14.570 r  u_accel/gen_nn_fractional.u_accel/gen_hl1_lif[1].hl1_lif/numerator_reg_reg[27]_i_1__29/CO[3]
                         net (fo=1, routed)           0.000    14.570    u_accel/gen_nn_fractional.u_accel/gen_hl1_lif[1].hl1_lif/numerator_reg_reg[27]_i_1__29_n_0
    SLICE_X79Y170        CARRY4 (Prop_carry4_CI_CO[3])
                                                      0.114    14.684 r  u_accel/gen_nn_fractional.u_accel/gen_hl1_lif[1].hl1_lif/numerator_reg_reg[31]_i_1__29/CO[3]
                         net (fo=1, routed)           0.000    14.684    u_accel/gen_nn_fractional.u_accel/gen_hl1_lif[1].hl1_lif/numerator_reg_reg[31]_i_1__29_n_0
    SLICE_X79Y171        CARRY4 (Prop_carry4_CI_CO[3])
                                                      0.114    14.798 r  u_accel/gen_nn_fractional.u_accel/gen_hl1_lif[1].hl1_lif/numerator_reg_reg[35]_i_1__29/CO[3]
                         net (fo=1, routed)           0.000    14.798    u_accel/gen_nn_fractional.u_accel/gen_hl1_lif[1].hl1_lif/numerator_reg_reg[35]_i_1__29_n_0
    SLICE_X79Y172        CARRY4 (Prop_carry4_CI_CO[3])
                                                      0.114    14.912 r  u_accel/gen_nn_fractional.u_accel/gen_hl1_lif[1].hl1_lif/numerator_reg_reg[39]_i_1__29/CO[3]
                         net (fo=1, routed)           0.000    14.912    u_accel/gen_nn_fractional.u_accel/gen_hl1_lif[1].hl1_lif/numerator_reg_reg[39]_i_1__29_n_0
    SLICE_X79Y173        CARRY4 (Prop_carry4_CI_O[2])
                                                      0.239    15.151 r  u_accel/gen_nn_fractional.u_accel/gen_hl1_lif[1].hl1_lif/numerator_reg_reg[43]_i_1__29/O[2]
                         net (fo=1, routed)           0.000    15.151    u_accel/gen_nn_fractional.u_accel/gen_hl1_lif[1].hl1_lif/numerator_reg_reg[43]_i_1__29_n_5
    SLICE_X79Y173        FDCE                                         r  u_accel/gen_nn_fractional.u_accel/gen_hl1_lif[1].hl1_lif/numerator_reg_reg[42]/D
  -------------------------------------------------------------------    -------------------

                         (clock sys_clk_pin rise edge)
                                                     10.000    10.000 r  
    E3                                                0.000    10.000 r  CLK100MHZ (IN)
                         net (fo=0)                   0.000    10.000    CLK100MHZ
    E3                   IBUF (Prop_ibuf_I_O)         1.411    11.411 r  CLK100MHZ_IBUF_inst/O
                         net (fo=1, routed)           1.920    13.331    CLK100MHZ_IBUF
    BUFGCTRL_X0Y16       BUFG (Prop_bufg_I_O)         0.091    13.422 r  CLK100MHZ_IBUF_BUFG_inst/O
                         net (fo=21599, routed)       1.705    15.127    u_accel/gen_nn_fractional.u_accel/gen_hl1_lif[1].hl1_lif/CLK100MHZ_IBUF_BUFG
    SLICE_X79Y173        FDCE                                         r  u_accel/gen_nn_fractional.u_accel/gen_hl1_lif[1].hl1_lif/numerator_reg_reg[42]/C
                         clock pessimism              0.180    15.307    
                         clock uncertainty           -0.035    15.272    
    SLICE_X79Y173        FDCE (Setup_fdce_C_D)        0.062    15.334    u_accel/gen_nn_fractional.u_accel/gen_hl1_lif[1].hl1_lif/numerator_reg_reg[42]
  -------------------------------------------------------------------
                         required time                         15.334    
                         arrival time                         -15.151    
  -------------------------------------------------------------------
                         slack                                  0.183    





Min Delay Paths
--------------------------------------------------------------------------------------
Slack (MET) :             0.030ns  (arrival time - required time)
  Source:                 u_accel/gen_nn_fractional.u_accel/gen_hl1_lif[22].hl1_lif/mul_scaled_result_reg_reg[32]/C
                            (rising edge-triggered cell FDCE clocked by sys_clk_pin  {rise@0.000ns fall@5.000ns period=10.000ns})
  Destination:            u_accel/gen_nn_fractional.u_accel/gen_hl1_lif[22].hl1_lif/membrane_pre_reset_reg_reg[16]/D
                            (rising edge-triggered cell FDCE clocked by sys_clk_pin  {rise@0.000ns fall@5.000ns period=10.000ns})
  Path Group:             sys_clk_pin
  Path Type:              Hold (Min at Fast Process Corner)
  Requirement:            0.000ns  (sys_clk_pin rise@0.000ns - sys_clk_pin rise@0.000ns)
  Data Path Delay:        0.415ns  (logic 0.226ns (54.441%)  route 0.189ns (45.559%))
  Logic Levels:           1  (LUT2=1)
  Clock Path Skew:        0.264ns (DCD - SCD - CPR)
    Destination Clock Delay (DCD):    1.989ns
    Source Clock Delay      (SCD):    1.474ns
    Clock Pessimism Removal (CPR):    0.250ns

    Location             Delay type                Incr(ns)  Path(ns)    Netlist Resource(s)
  -------------------------------------------------------------------    -------------------
                         (clock sys_clk_pin rise edge)
                                                      0.000     0.000 r  
    E3                                                0.000     0.000 r  CLK100MHZ (IN)
                         net (fo=0)                   0.000     0.000    CLK100MHZ
    E3                   IBUF (Prop_ibuf_I_O)         0.250     0.250 r  CLK100MHZ_IBUF_inst/O
                         net (fo=1, routed)           0.644     0.894    CLK100MHZ_IBUF
    BUFGCTRL_X0Y16       BUFG (Prop_bufg_I_O)         0.026     0.920 r  CLK100MHZ_IBUF_BUFG_inst/O
                         net (fo=21599, routed)       0.555     1.474    u_accel/gen_nn_fractional.u_accel/gen_hl1_lif[22].hl1_lif/CLK100MHZ_IBUF_BUFG
    SLICE_X53Y137        FDCE                                         r  u_accel/gen_nn_fractional.u_accel/gen_hl1_lif[22].hl1_lif/mul_scaled_result_reg_reg[32]/C
  -------------------------------------------------------------------    -------------------
    SLICE_X53Y137        FDCE (Prop_fdce_C_Q)         0.128     1.602 r  u_accel/gen_nn_fractional.u_accel/gen_hl1_lif[22].hl1_lif/mul_scaled_result_reg_reg[32]/Q
                         net (fo=1, routed)           0.189     1.792    u_accel/gen_nn_fractional.u_accel/gen_hl1_lif[22].hl1_lif/mul_scaled_result_reg_reg_n_0_[32]
    SLICE_X50Y135        LUT2 (Prop_lut2_I0_O)        0.098     1.890 r  u_accel/gen_nn_fractional.u_accel/gen_hl1_lif[22].hl1_lif/membrane_pre_reset_reg[16]_i_1__7/O
                         net (fo=1, routed)           0.000     1.890    u_accel/gen_nn_fractional.u_accel/gen_hl1_lif[22].hl1_lif/membrane_pre_reset_reg[16]_i_1__7_n_0
    SLICE_X50Y135        FDCE                                         r  u_accel/gen_nn_fractional.u_accel/gen_hl1_lif[22].hl1_lif/membrane_pre_reset_reg_reg[16]/D
  -------------------------------------------------------------------    -------------------

                         (clock sys_clk_pin rise edge)
                                                      0.000     0.000 r  
    E3                                                0.000     0.000 r  CLK100MHZ (IN)
                         net (fo=0)                   0.000     0.000    CLK100MHZ
    E3                   IBUF (Prop_ibuf_I_O)         0.438     0.438 r  CLK100MHZ_IBUF_inst/O
                         net (fo=1, routed)           0.699     1.136    CLK100MHZ_IBUF
    BUFGCTRL_X0Y16       BUFG (Prop_bufg_I_O)         0.029     1.165 r  CLK100MHZ_IBUF_BUFG_inst/O
                         net (fo=21599, routed)       0.824     1.989    u_accel/gen_nn_fractional.u_accel/gen_hl1_lif[22].hl1_lif/CLK100MHZ_IBUF_BUFG
    SLICE_X50Y135        FDCE                                         r  u_accel/gen_nn_fractional.u_accel/gen_hl1_lif[22].hl1_lif/membrane_pre_reset_reg_reg[16]/C
                         clock pessimism             -0.250     1.738    
    SLICE_X50Y135        FDCE (Hold_fdce_C_D)         0.121     1.859    u_accel/gen_nn_fractional.u_accel/gen_hl1_lif[22].hl1_lif/membrane_pre_reset_reg_reg[16]
  -------------------------------------------------------------------
                         required time                         -1.859    
                         arrival time                           1.890    
  -------------------------------------------------------------------
                         slack                                  0.030    

Slack (MET) :             0.041ns  (arrival time - required time)
  Source:                 u_accel/gen_nn_fractional.u_accel/observations_registered_reg[2][12]/C
                            (rising edge-triggered cell FDCE clocked by sys_clk_pin  {rise@0.000ns fall@5.000ns period=10.000ns})
  Destination:            u_accel/gen_nn_fractional.u_accel/fc1/inputs_latched_reg[2][12]/D
                            (rising edge-triggered cell FDCE clocked by sys_clk_pin  {rise@0.000ns fall@5.000ns period=10.000ns})
  Path Group:             sys_clk_pin
  Path Type:              Hold (Min at Fast Process Corner)
  Requirement:            0.000ns  (sys_clk_pin rise@0.000ns - sys_clk_pin rise@0.000ns)
  Data Path Delay:        0.372ns  (logic 0.141ns (37.896%)  route 0.231ns (62.104%))
  Logic Levels:           0  
  Clock Path Skew:        0.261ns (DCD - SCD - CPR)
    Destination Clock Delay (DCD):    1.989ns
    Source Clock Delay      (SCD):    1.477ns
    Clock Pessimism Removal (CPR):    0.250ns

    Location             Delay type                Incr(ns)  Path(ns)    Netlist Resource(s)
  -------------------------------------------------------------------    -------------------
                         (clock sys_clk_pin rise edge)
                                                      0.000     0.000 r  
    E3                                                0.000     0.000 r  CLK100MHZ (IN)
                         net (fo=0)                   0.000     0.000    CLK100MHZ
    E3                   IBUF (Prop_ibuf_I_O)         0.250     0.250 r  CLK100MHZ_IBUF_inst/O
                         net (fo=1, routed)           0.644     0.894    CLK100MHZ_IBUF
    BUFGCTRL_X0Y16       BUFG (Prop_bufg_I_O)         0.026     0.920 r  CLK100MHZ_IBUF_BUFG_inst/O
                         net (fo=21599, routed)       0.558     1.477    u_accel/gen_nn_fractional.u_accel/CLK100MHZ_IBUF_BUFG
    SLICE_X48Y111        FDCE                                         r  u_accel/gen_nn_fractional.u_accel/observations_registered_reg[2][12]/C
  -------------------------------------------------------------------    -------------------
    SLICE_X48Y111        FDCE (Prop_fdce_C_Q)         0.141     1.618 r  u_accel/gen_nn_fractional.u_accel/observations_registered_reg[2][12]/Q
                         net (fo=1, routed)           0.231     1.849    u_accel/gen_nn_fractional.u_accel/fc1/inputs_latched_reg[2][15]_0[12]
    SLICE_X52Y112        FDCE                                         r  u_accel/gen_nn_fractional.u_accel/fc1/inputs_latched_reg[2][12]/D
  -------------------------------------------------------------------    -------------------

                         (clock sys_clk_pin rise edge)
                                                      0.000     0.000 r  
    E3                                                0.000     0.000 r  CLK100MHZ (IN)
                         net (fo=0)                   0.000     0.000    CLK100MHZ
    E3                   IBUF (Prop_ibuf_I_O)         0.438     0.438 r  CLK100MHZ_IBUF_inst/O
                         net (fo=1, routed)           0.699     1.136    CLK100MHZ_IBUF
    BUFGCTRL_X0Y16       BUFG (Prop_bufg_I_O)         0.029     1.165 r  CLK100MHZ_IBUF_BUFG_inst/O
                         net (fo=21599, routed)       0.823     1.989    u_accel/gen_nn_fractional.u_accel/fc1/CLK100MHZ_IBUF_BUFG
    SLICE_X52Y112        FDCE                                         r  u_accel/gen_nn_fractional.u_accel/fc1/inputs_latched_reg[2][12]/C
                         clock pessimism             -0.250     1.738    
    SLICE_X52Y112        FDCE (Hold_fdce_C_D)         0.070     1.808    u_accel/gen_nn_fractional.u_accel/fc1/inputs_latched_reg[2][12]
  -------------------------------------------------------------------
                         required time                         -1.808    
                         arrival time                           1.849    
  -------------------------------------------------------------------
                         slack                                  0.041    

Slack (MET) :             0.045ns  (arrival time - required time)
  Source:                 u_accel/gen_nn_fractional.u_accel/gen_hl1_lif[9].hl1_lif/current_latched_reg[7]/C
                            (rising edge-triggered cell FDCE clocked by sys_clk_pin  {rise@0.000ns fall@5.000ns period=10.000ns})
  Destination:            u_accel/gen_nn_fractional.u_accel/gen_hl1_lif[9].hl1_lif/numerator_reg_reg[7]/D
                            (rising edge-triggered cell FDCE clocked by sys_clk_pin  {rise@0.000ns fall@5.000ns period=10.000ns})
  Path Group:             sys_clk_pin
  Path Type:              Hold (Min at Fast Process Corner)
  Requirement:            0.000ns  (sys_clk_pin rise@0.000ns - sys_clk_pin rise@0.000ns)
  Data Path Delay:        0.514ns  (logic 0.290ns (56.415%)  route 0.224ns (43.585%))
  Logic Levels:           2  (CARRY4=1 LUT3=1)
  Clock Path Skew:        0.335ns (DCD - SCD - CPR)
    Destination Clock Delay (DCD):    2.070ns
    Source Clock Delay      (SCD):    1.484ns
    Clock Pessimism Removal (CPR):    0.250ns

    Location             Delay type                Incr(ns)  Path(ns)    Netlist Resource(s)
  -------------------------------------------------------------------    -------------------
                         (clock sys_clk_pin rise edge)
                                                      0.000     0.000 r  
    E3                                                0.000     0.000 r  CLK100MHZ (IN)
                         net (fo=0)                   0.000     0.000    CLK100MHZ
    E3                   IBUF (Prop_ibuf_I_O)         0.250     0.250 r  CLK100MHZ_IBUF_inst/O
                         net (fo=1, routed)           0.644     0.894    CLK100MHZ_IBUF
    BUFGCTRL_X0Y16       BUFG (Prop_bufg_I_O)         0.026     0.920 r  CLK100MHZ_IBUF_BUFG_inst/O
                         net (fo=21599, routed)       0.565     1.484    u_accel/gen_nn_fractional.u_accel/gen_hl1_lif[9].hl1_lif/CLK100MHZ_IBUF_BUFG
    SLICE_X53Y52         FDCE                                         r  u_accel/gen_nn_fractional.u_accel/gen_hl1_lif[9].hl1_lif/current_latched_reg[7]/C
  -------------------------------------------------------------------    -------------------
    SLICE_X53Y52         FDCE (Prop_fdce_C_Q)         0.128     1.612 r  u_accel/gen_nn_fractional.u_accel/gen_hl1_lif[9].hl1_lif/current_latched_reg[7]/Q
                         net (fo=1, routed)           0.224     1.836    u_accel/gen_nn_fractional.u_accel/gen_hl1_lif[9].hl1_lif/current_latched[7]
    SLICE_X54Y47         LUT3 (Prop_lut3_I2_O)        0.098     1.934 r  u_accel/gen_nn_fractional.u_accel/gen_hl1_lif[9].hl1_lif/numerator_reg[7]_i_6__21/O
                         net (fo=1, routed)           0.000     1.934    u_accel/gen_nn_fractional.u_accel/gen_hl1_lif[9].hl1_lif/numerator_reg[7]_i_6__21_n_0
    SLICE_X54Y47         CARRY4 (Prop_carry4_S[3]_O[3])
                                                      0.064     1.998 r  u_accel/gen_nn_fractional.u_accel/gen_hl1_lif[9].hl1_lif/numerator_reg_reg[7]_i_1__21/O[3]
                         net (fo=1, routed)           0.000     1.998    u_accel/gen_nn_fractional.u_accel/gen_hl1_lif[9].hl1_lif/numerator_reg_reg[7]_i_1__21_n_4
    SLICE_X54Y47         FDCE                                         r  u_accel/gen_nn_fractional.u_accel/gen_hl1_lif[9].hl1_lif/numerator_reg_reg[7]/D
  -------------------------------------------------------------------    -------------------

                         (clock sys_clk_pin rise edge)
                                                      0.000     0.000 r  
    E3                                                0.000     0.000 r  CLK100MHZ (IN)
                         net (fo=0)                   0.000     0.000    CLK100MHZ
    E3                   IBUF (Prop_ibuf_I_O)         0.438     0.438 r  CLK100MHZ_IBUF_inst/O
                         net (fo=1, routed)           0.699     1.136    CLK100MHZ_IBUF
    BUFGCTRL_X0Y16       BUFG (Prop_bufg_I_O)         0.029     1.165 r  CLK100MHZ_IBUF_BUFG_inst/O
                         net (fo=21599, routed)       0.905     2.070    u_accel/gen_nn_fractional.u_accel/gen_hl1_lif[9].hl1_lif/CLK100MHZ_IBUF_BUFG
    SLICE_X54Y47         FDCE                                         r  u_accel/gen_nn_fractional.u_accel/gen_hl1_lif[9].hl1_lif/numerator_reg_reg[7]/C
                         clock pessimism             -0.250     1.819    
    SLICE_X54Y47         FDCE (Hold_fdce_C_D)         0.134     1.953    u_accel/gen_nn_fractional.u_accel/gen_hl1_lif[9].hl1_lif/numerator_reg_reg[7]
  -------------------------------------------------------------------
                         required time                         -1.953    
                         arrival time                           1.998    
  -------------------------------------------------------------------
                         slack                                  0.045    

Slack (MET) :             0.045ns  (arrival time - required time)
  Source:                 u_accel/gen_nn_fractional.u_accel/fc1/outputs_reg[4][3]/C
                            (rising edge-triggered cell FDCE clocked by sys_clk_pin  {rise@0.000ns fall@5.000ns period=10.000ns})
  Destination:            u_accel/gen_nn_fractional.u_accel/gen_hl1_lif[4].hl1_lif/current_latched_reg[3]/D
                            (rising edge-triggered cell FDCE clocked by sys_clk_pin  {rise@0.000ns fall@5.000ns period=10.000ns})
  Path Group:             sys_clk_pin
  Path Type:              Hold (Min at Fast Process Corner)
  Requirement:            0.000ns  (sys_clk_pin rise@0.000ns - sys_clk_pin rise@0.000ns)
  Data Path Delay:        0.528ns  (logic 0.245ns (46.442%)  route 0.283ns (53.558%))
  Logic Levels:           1  (LUT2=1)
  Clock Path Skew:        0.351ns (DCD - SCD - CPR)
    Destination Clock Delay (DCD):    2.080ns
    Source Clock Delay      (SCD):    1.478ns
    Clock Pessimism Removal (CPR):    0.250ns

    Location             Delay type                Incr(ns)  Path(ns)    Netlist Resource(s)
  -------------------------------------------------------------------    -------------------
                         (clock sys_clk_pin rise edge)
                                                      0.000     0.000 r  
    E3                                                0.000     0.000 r  CLK100MHZ (IN)
                         net (fo=0)                   0.000     0.000    CLK100MHZ
    E3                   IBUF (Prop_ibuf_I_O)         0.250     0.250 r  CLK100MHZ_IBUF_inst/O
                         net (fo=1, routed)           0.644     0.894    CLK100MHZ_IBUF
    BUFGCTRL_X0Y16       BUFG (Prop_bufg_I_O)         0.026     0.920 r  CLK100MHZ_IBUF_BUFG_inst/O
                         net (fo=21599, routed)       0.559     1.478    u_accel/gen_nn_fractional.u_accel/fc1/CLK100MHZ_IBUF_BUFG
    SLICE_X54Y149        FDCE                                         r  u_accel/gen_nn_fractional.u_accel/fc1/outputs_reg[4][3]/C
  -------------------------------------------------------------------    -------------------
    SLICE_X54Y149        FDCE (Prop_fdce_C_Q)         0.148     1.626 r  u_accel/gen_nn_fractional.u_accel/fc1/outputs_reg[4][3]/Q
                         net (fo=1, routed)           0.283     1.909    u_accel/gen_nn_fractional.u_accel/fc1/fc1_outputs[4]_44[3]
    SLICE_X56Y154        LUT2 (Prop_lut2_I0_O)        0.097     2.006 r  u_accel/gen_nn_fractional.u_accel/fc1/current_latched[3]_i_1__26/O
                         net (fo=1, routed)           0.000     2.006    u_accel/gen_nn_fractional.u_accel/gen_hl1_lif[4].hl1_lif/D[3]
    SLICE_X56Y154        FDCE                                         r  u_accel/gen_nn_fractional.u_accel/gen_hl1_lif[4].hl1_lif/current_latched_reg[3]/D
  -------------------------------------------------------------------    -------------------

                         (clock sys_clk_pin rise edge)
                                                      0.000     0.000 r  
    E3                                                0.000     0.000 r  CLK100MHZ (IN)
                         net (fo=0)                   0.000     0.000    CLK100MHZ
    E3                   IBUF (Prop_ibuf_I_O)         0.438     0.438 r  CLK100MHZ_IBUF_inst/O
                         net (fo=1, routed)           0.699     1.136    CLK100MHZ_IBUF
    BUFGCTRL_X0Y16       BUFG (Prop_bufg_I_O)         0.029     1.165 r  CLK100MHZ_IBUF_BUFG_inst/O
                         net (fo=21599, routed)       0.915     2.080    u_accel/gen_nn_fractional.u_accel/gen_hl1_lif[4].hl1_lif/CLK100MHZ_IBUF_BUFG
    SLICE_X56Y154        FDCE                                         r  u_accel/gen_nn_fractional.u_accel/gen_hl1_lif[4].hl1_lif/current_latched_reg[3]/C
                         clock pessimism             -0.250     1.830    
    SLICE_X56Y154        FDCE (Hold_fdce_C_D)         0.131     1.961    u_accel/gen_nn_fractional.u_accel/gen_hl1_lif[4].hl1_lif/current_latched_reg[3]
  -------------------------------------------------------------------
                         required time                         -1.961    
                         arrival time                           2.006    
  -------------------------------------------------------------------
                         slack                                  0.045    

Slack (MET) :             0.046ns  (arrival time - required time)
  Source:                 u_accel/gen_nn_fractional.u_accel/observations_registered_reg[2][4]/C
                            (rising edge-triggered cell FDCE clocked by sys_clk_pin  {rise@0.000ns fall@5.000ns period=10.000ns})
  Destination:            u_accel/gen_nn_fractional.u_accel/fc1/inputs_latched_reg[2][4]/D
                            (rising edge-triggered cell FDCE clocked by sys_clk_pin  {rise@0.000ns fall@5.000ns period=10.000ns})
  Path Group:             sys_clk_pin
  Path Type:              Hold (Min at Fast Process Corner)
  Requirement:            0.000ns  (sys_clk_pin rise@0.000ns - sys_clk_pin rise@0.000ns)
  Data Path Delay:        0.379ns  (logic 0.141ns (37.174%)  route 0.238ns (62.826%))
  Logic Levels:           0  
  Clock Path Skew:        0.263ns (DCD - SCD - CPR)
    Destination Clock Delay (DCD):    1.992ns
    Source Clock Delay      (SCD):    1.478ns
    Clock Pessimism Removal (CPR):    0.250ns

    Location             Delay type                Incr(ns)  Path(ns)    Netlist Resource(s)
  -------------------------------------------------------------------    -------------------
                         (clock sys_clk_pin rise edge)
                                                      0.000     0.000 r  
    E3                                                0.000     0.000 r  CLK100MHZ (IN)
                         net (fo=0)                   0.000     0.000    CLK100MHZ
    E3                   IBUF (Prop_ibuf_I_O)         0.250     0.250 r  CLK100MHZ_IBUF_inst/O
                         net (fo=1, routed)           0.644     0.894    CLK100MHZ_IBUF
    BUFGCTRL_X0Y16       BUFG (Prop_bufg_I_O)         0.026     0.920 r  CLK100MHZ_IBUF_BUFG_inst/O
                         net (fo=21599, routed)       0.559     1.478    u_accel/gen_nn_fractional.u_accel/CLK100MHZ_IBUF_BUFG
    SLICE_X48Y107        FDCE                                         r  u_accel/gen_nn_fractional.u_accel/observations_registered_reg[2][4]/C
  -------------------------------------------------------------------    -------------------
    SLICE_X48Y107        FDCE (Prop_fdce_C_Q)         0.141     1.619 r  u_accel/gen_nn_fractional.u_accel/observations_registered_reg[2][4]/Q
                         net (fo=1, routed)           0.238     1.858    u_accel/gen_nn_fractional.u_accel/fc1/inputs_latched_reg[2][15]_0[4]
    SLICE_X52Y109        FDCE                                         r  u_accel/gen_nn_fractional.u_accel/fc1/inputs_latched_reg[2][4]/D
  -------------------------------------------------------------------    -------------------

                         (clock sys_clk_pin rise edge)
                                                      0.000     0.000 r  
    E3                                                0.000     0.000 r  CLK100MHZ (IN)
                         net (fo=0)                   0.000     0.000    CLK100MHZ
    E3                   IBUF (Prop_ibuf_I_O)         0.438     0.438 r  CLK100MHZ_IBUF_inst/O
                         net (fo=1, routed)           0.699     1.136    CLK100MHZ_IBUF
    BUFGCTRL_X0Y16       BUFG (Prop_bufg_I_O)         0.029     1.165 r  CLK100MHZ_IBUF_BUFG_inst/O
                         net (fo=21599, routed)       0.826     1.992    u_accel/gen_nn_fractional.u_accel/fc1/CLK100MHZ_IBUF_BUFG
    SLICE_X52Y109        FDCE                                         r  u_accel/gen_nn_fractional.u_accel/fc1/inputs_latched_reg[2][4]/C
                         clock pessimism             -0.250     1.741    
    SLICE_X52Y109        FDCE (Hold_fdce_C_D)         0.070     1.811    u_accel/gen_nn_fractional.u_accel/fc1/inputs_latched_reg[2][4]
  -------------------------------------------------------------------
                         required time                         -1.811    
                         arrival time                           1.858    
  -------------------------------------------------------------------
                         slack                                  0.046    

Slack (MET) :             0.047ns  (arrival time - required time)
  Source:                 u_accel/gen_nn_fractional.u_accel/gen_hl1_lif[9].hl1_lif/mul_scaled_result_reg_reg[60]/C
                            (rising edge-triggered cell FDCE clocked by sys_clk_pin  {rise@0.000ns fall@5.000ns period=10.000ns})
  Destination:            u_accel/gen_nn_fractional.u_accel/gen_hl1_lif[9].hl1_lif/membrane_pre_reset_reg_reg[44]/D
                            (rising edge-triggered cell FDCE clocked by sys_clk_pin  {rise@0.000ns fall@5.000ns period=10.000ns})
  Path Group:             sys_clk_pin
  Path Type:              Hold (Min at Fast Process Corner)
  Requirement:            0.000ns  (sys_clk_pin rise@0.000ns - sys_clk_pin rise@0.000ns)
  Data Path Delay:        0.404ns  (logic 0.186ns (46.066%)  route 0.218ns (53.934%))
  Logic Levels:           1  (LUT2=1)
  Clock Path Skew:        0.266ns (DCD - SCD - CPR)
    Destination Clock Delay (DCD):    2.002ns
    Source Clock Delay      (SCD):    1.485ns
    Clock Pessimism Removal (CPR):    0.250ns

    Location             Delay type                Incr(ns)  Path(ns)    Netlist Resource(s)
  -------------------------------------------------------------------    -------------------
                         (clock sys_clk_pin rise edge)
                                                      0.000     0.000 r  
    E3                                                0.000     0.000 r  CLK100MHZ (IN)
                         net (fo=0)                   0.000     0.000    CLK100MHZ
    E3                   IBUF (Prop_ibuf_I_O)         0.250     0.250 r  CLK100MHZ_IBUF_inst/O
                         net (fo=1, routed)           0.644     0.894    CLK100MHZ_IBUF
    BUFGCTRL_X0Y16       BUFG (Prop_bufg_I_O)         0.026     0.920 r  CLK100MHZ_IBUF_BUFG_inst/O
                         net (fo=21599, routed)       0.566     1.485    u_accel/gen_nn_fractional.u_accel/gen_hl1_lif[9].hl1_lif/CLK100MHZ_IBUF_BUFG
    SLICE_X57Y52         FDCE                                         r  u_accel/gen_nn_fractional.u_accel/gen_hl1_lif[9].hl1_lif/mul_scaled_result_reg_reg[60]/C
  -------------------------------------------------------------------    -------------------
    SLICE_X57Y52         FDCE (Prop_fdce_C_Q)         0.141     1.626 r  u_accel/gen_nn_fractional.u_accel/gen_hl1_lif[9].hl1_lif/mul_scaled_result_reg_reg[60]/Q
                         net (fo=1, routed)           0.218     1.844    u_accel/gen_nn_fractional.u_accel/gen_hl1_lif[9].hl1_lif/mul_scaled_result_reg_reg_n_0_[60]
    SLICE_X49Y53         LUT2 (Prop_lut2_I0_O)        0.045     1.889 r  u_accel/gen_nn_fractional.u_accel/gen_hl1_lif[9].hl1_lif/membrane_pre_reset_reg[44]_i_1__21/O
                         net (fo=1, routed)           0.000     1.889    u_accel/gen_nn_fractional.u_accel/gen_hl1_lif[9].hl1_lif/membrane_pre_reset_reg[44]_i_1__21_n_0
    SLICE_X49Y53         FDCE                                         r  u_accel/gen_nn_fractional.u_accel/gen_hl1_lif[9].hl1_lif/membrane_pre_reset_reg_reg[44]/D
  -------------------------------------------------------------------    -------------------

                         (clock sys_clk_pin rise edge)
                                                      0.000     0.000 r  
    E3                                                0.000     0.000 r  CLK100MHZ (IN)
                         net (fo=0)                   0.000     0.000    CLK100MHZ
    E3                   IBUF (Prop_ibuf_I_O)         0.438     0.438 r  CLK100MHZ_IBUF_inst/O
                         net (fo=1, routed)           0.699     1.136    CLK100MHZ_IBUF
    BUFGCTRL_X0Y16       BUFG (Prop_bufg_I_O)         0.029     1.165 r  CLK100MHZ_IBUF_BUFG_inst/O
                         net (fo=21599, routed)       0.837     2.002    u_accel/gen_nn_fractional.u_accel/gen_hl1_lif[9].hl1_lif/CLK100MHZ_IBUF_BUFG
    SLICE_X49Y53         FDCE                                         r  u_accel/gen_nn_fractional.u_accel/gen_hl1_lif[9].hl1_lif/membrane_pre_reset_reg_reg[44]/C
                         clock pessimism             -0.250     1.751    
    SLICE_X49Y53         FDCE (Hold_fdce_C_D)         0.091     1.842    u_accel/gen_nn_fractional.u_accel/gen_hl1_lif[9].hl1_lif/membrane_pre_reset_reg_reg[44]
  -------------------------------------------------------------------
                         required time                         -1.842    
                         arrival time                           1.889    
  -------------------------------------------------------------------
                         slack                                  0.047    

Slack (MET) :             0.048ns  (arrival time - required time)
  Source:                 u_accel/gen_nn_fractional.u_accel/gen_hl1_lif[9].hl1_lif/current_latched_reg[14]/C
                            (rising edge-triggered cell FDCE clocked by sys_clk_pin  {rise@0.000ns fall@5.000ns period=10.000ns})
  Destination:            u_accel/gen_nn_fractional.u_accel/gen_hl1_lif[9].hl1_lif/numerator_reg_reg[14]/D
                            (rising edge-triggered cell FDCE clocked by sys_clk_pin  {rise@0.000ns fall@5.000ns period=10.000ns})
  Path Group:             sys_clk_pin
  Path Type:              Hold (Min at Fast Process Corner)
  Requirement:            0.000ns  (sys_clk_pin rise@0.000ns - sys_clk_pin rise@0.000ns)
  Data Path Delay:        0.518ns  (logic 0.251ns (48.471%)  route 0.267ns (51.529%))
  Logic Levels:           2  (CARRY4=1 LUT3=1)
  Clock Path Skew:        0.336ns (DCD - SCD - CPR)
    Destination Clock Delay (DCD):    2.070ns
    Source Clock Delay      (SCD):    1.483ns
    Clock Pessimism Removal (CPR):    0.250ns

    Location             Delay type                Incr(ns)  Path(ns)    Netlist Resource(s)
  -------------------------------------------------------------------    -------------------
                         (clock sys_clk_pin rise edge)
                                                      0.000     0.000 r  
    E3                                                0.000     0.000 r  CLK100MHZ (IN)
                         net (fo=0)                   0.000     0.000    CLK100MHZ
    E3                   IBUF (Prop_ibuf_I_O)         0.250     0.250 r  CLK100MHZ_IBUF_inst/O
                         net (fo=1, routed)           0.644     0.894    CLK100MHZ_IBUF
    BUFGCTRL_X0Y16       BUFG (Prop_bufg_I_O)         0.026     0.920 r  CLK100MHZ_IBUF_BUFG_inst/O
                         net (fo=21599, routed)       0.564     1.483    u_accel/gen_nn_fractional.u_accel/gen_hl1_lif[9].hl1_lif/CLK100MHZ_IBUF_BUFG
    SLICE_X55Y54         FDCE                                         r  u_accel/gen_nn_fractional.u_accel/gen_hl1_lif[9].hl1_lif/current_latched_reg[14]/C
  -------------------------------------------------------------------    -------------------
    SLICE_X55Y54         FDCE (Prop_fdce_C_Q)         0.141     1.624 r  u_accel/gen_nn_fractional.u_accel/gen_hl1_lif[9].hl1_lif/current_latched_reg[14]/Q
                         net (fo=1, routed)           0.267     1.891    u_accel/gen_nn_fractional.u_accel/gen_hl1_lif[9].hl1_lif/current_latched[14]
    SLICE_X54Y49         LUT3 (Prop_lut3_I2_O)        0.045     1.936 r  u_accel/gen_nn_fractional.u_accel/gen_hl1_lif[9].hl1_lif/numerator_reg[15]_i_7__21/O
                         net (fo=1, routed)           0.000     1.936    u_accel/gen_nn_fractional.u_accel/gen_hl1_lif[9].hl1_lif/numerator_reg[15]_i_7__21_n_0
    SLICE_X54Y49         CARRY4 (Prop_carry4_S[2]_O[2])
                                                      0.065     2.001 r  u_accel/gen_nn_fractional.u_accel/gen_hl1_lif[9].hl1_lif/numerator_reg_reg[15]_i_1__21/O[2]
                         net (fo=1, routed)           0.000     2.001    u_accel/gen_nn_fractional.u_accel/gen_hl1_lif[9].hl1_lif/numerator_reg_reg[15]_i_1__21_n_5
    SLICE_X54Y49         FDCE                                         r  u_accel/gen_nn_fractional.u_accel/gen_hl1_lif[9].hl1_lif/numerator_reg_reg[14]/D
  -------------------------------------------------------------------    -------------------

                         (clock sys_clk_pin rise edge)
                                                      0.000     0.000 r  
    E3                                                0.000     0.000 r  CLK100MHZ (IN)
                         net (fo=0)                   0.000     0.000    CLK100MHZ
    E3                   IBUF (Prop_ibuf_I_O)         0.438     0.438 r  CLK100MHZ_IBUF_inst/O
                         net (fo=1, routed)           0.699     1.136    CLK100MHZ_IBUF
    BUFGCTRL_X0Y16       BUFG (Prop_bufg_I_O)         0.029     1.165 r  CLK100MHZ_IBUF_BUFG_inst/O
                         net (fo=21599, routed)       0.905     2.070    u_accel/gen_nn_fractional.u_accel/gen_hl1_lif[9].hl1_lif/CLK100MHZ_IBUF_BUFG
    SLICE_X54Y49         FDCE                                         r  u_accel/gen_nn_fractional.u_accel/gen_hl1_lif[9].hl1_lif/numerator_reg_reg[14]/C
                         clock pessimism             -0.250     1.819    
    SLICE_X54Y49         FDCE (Hold_fdce_C_D)         0.134     1.953    u_accel/gen_nn_fractional.u_accel/gen_hl1_lif[9].hl1_lif/numerator_reg_reg[14]
  -------------------------------------------------------------------
                         required time                         -1.953    
                         arrival time                           2.001    
  -------------------------------------------------------------------
                         slack                                  0.048    

Slack (MET) :             0.049ns  (arrival time - required time)
  Source:                 u_accel/gen_nn_fractional.u_accel/gen_hl1_lif[9].hl1_lif/mul_scaled_result_reg_reg[27]/C
                            (rising edge-triggered cell FDCE clocked by sys_clk_pin  {rise@0.000ns fall@5.000ns period=10.000ns})
  Destination:            u_accel/gen_nn_fractional.u_accel/gen_hl1_lif[9].hl1_lif/membrane_pre_reset_reg_reg[11]/D
                            (rising edge-triggered cell FDCE clocked by sys_clk_pin  {rise@0.000ns fall@5.000ns period=10.000ns})
  Path Group:             sys_clk_pin
  Path Type:              Hold (Min at Fast Process Corner)
  Requirement:            0.000ns  (sys_clk_pin rise@0.000ns - sys_clk_pin rise@0.000ns)
  Data Path Delay:        0.446ns  (logic 0.184ns (41.280%)  route 0.262ns (58.720%))
  Logic Levels:           1  (LUT2=1)
  Clock Path Skew:        0.266ns (DCD - SCD - CPR)
    Destination Clock Delay (DCD):    2.071ns
    Source Clock Delay      (SCD):    1.551ns
    Clock Pessimism Removal (CPR):    0.254ns

    Location             Delay type                Incr(ns)  Path(ns)    Netlist Resource(s)
  -------------------------------------------------------------------    -------------------
                         (clock sys_clk_pin rise edge)
                                                      0.000     0.000 r  
    E3                                                0.000     0.000 r  CLK100MHZ (IN)
                         net (fo=0)                   0.000     0.000    CLK100MHZ
    E3                   IBUF (Prop_ibuf_I_O)         0.250     0.250 r  CLK100MHZ_IBUF_inst/O
                         net (fo=1, routed)           0.644     0.894    CLK100MHZ_IBUF
    BUFGCTRL_X0Y16       BUFG (Prop_bufg_I_O)         0.026     0.920 r  CLK100MHZ_IBUF_BUFG_inst/O
                         net (fo=21599, routed)       0.631     1.551    u_accel/gen_nn_fractional.u_accel/gen_hl1_lif[9].hl1_lif/CLK100MHZ_IBUF_BUFG
    SLICE_X52Y48         FDCE                                         r  u_accel/gen_nn_fractional.u_accel/gen_hl1_lif[9].hl1_lif/mul_scaled_result_reg_reg[27]/C
  -------------------------------------------------------------------    -------------------
    SLICE_X52Y48         FDCE (Prop_fdce_C_Q)         0.141     1.692 r  u_accel/gen_nn_fractional.u_accel/gen_hl1_lif[9].hl1_lif/mul_scaled_result_reg_reg[27]/Q
                         net (fo=1, routed)           0.262     1.954    u_accel/gen_nn_fractional.u_accel/gen_hl1_lif[9].hl1_lif/mul_scaled_result_reg_reg_n_0_[27]
    SLICE_X50Y47         LUT2 (Prop_lut2_I0_O)        0.043     1.997 r  u_accel/gen_nn_fractional.u_accel/gen_hl1_lif[9].hl1_lif/membrane_pre_reset_reg[11]_i_1__21/O
                         net (fo=1, routed)           0.000     1.997    u_accel/gen_nn_fractional.u_accel/gen_hl1_lif[9].hl1_lif/membrane_pre_reset_reg[11]_i_1__21_n_0
    SLICE_X50Y47         FDCE                                         r  u_accel/gen_nn_fractional.u_accel/gen_hl1_lif[9].hl1_lif/membrane_pre_reset_reg_reg[11]/D
  -------------------------------------------------------------------    -------------------

                         (clock sys_clk_pin rise edge)
                                                      0.000     0.000 r  
    E3                                                0.000     0.000 r  CLK100MHZ (IN)
                         net (fo=0)                   0.000     0.000    CLK100MHZ
    E3                   IBUF (Prop_ibuf_I_O)         0.438     0.438 r  CLK100MHZ_IBUF_inst/O
                         net (fo=1, routed)           0.699     1.136    CLK100MHZ_IBUF
    BUFGCTRL_X0Y16       BUFG (Prop_bufg_I_O)         0.029     1.165 r  CLK100MHZ_IBUF_BUFG_inst/O
                         net (fo=21599, routed)       0.906     2.071    u_accel/gen_nn_fractional.u_accel/gen_hl1_lif[9].hl1_lif/CLK100MHZ_IBUF_BUFG
    SLICE_X50Y47         FDCE                                         r  u_accel/gen_nn_fractional.u_accel/gen_hl1_lif[9].hl1_lif/membrane_pre_reset_reg_reg[11]/C
                         clock pessimism             -0.254     1.817    
    SLICE_X50Y47         FDCE (Hold_fdce_C_D)         0.131     1.948    u_accel/gen_nn_fractional.u_accel/gen_hl1_lif[9].hl1_lif/membrane_pre_reset_reg_reg[11]
  -------------------------------------------------------------------
                         required time                         -1.948    
                         arrival time                           1.997    
  -------------------------------------------------------------------
                         slack                                  0.049    

Slack (MET) :             0.049ns  (arrival time - required time)
  Source:                 u_accel/gen_nn_fractional.u_accel/observations_registered_reg[1][4]/C
                            (rising edge-triggered cell FDCE clocked by sys_clk_pin  {rise@0.000ns fall@5.000ns period=10.000ns})
  Destination:            u_accel/gen_nn_fractional.u_accel/fc1/inputs_latched_reg[1][4]/D
                            (rising edge-triggered cell FDCE clocked by sys_clk_pin  {rise@0.000ns fall@5.000ns period=10.000ns})
  Path Group:             sys_clk_pin
  Path Type:              Hold (Min at Fast Process Corner)
  Requirement:            0.000ns  (sys_clk_pin rise@0.000ns - sys_clk_pin rise@0.000ns)
  Data Path Delay:        0.378ns  (logic 0.141ns (37.301%)  route 0.237ns (62.699%))
  Logic Levels:           0  
  Clock Path Skew:        0.263ns (DCD - SCD - CPR)
    Destination Clock Delay (DCD):    1.992ns
    Source Clock Delay      (SCD):    1.478ns
    Clock Pessimism Removal (CPR):    0.250ns

    Location             Delay type                Incr(ns)  Path(ns)    Netlist Resource(s)
  -------------------------------------------------------------------    -------------------
                         (clock sys_clk_pin rise edge)
                                                      0.000     0.000 r  
    E3                                                0.000     0.000 r  CLK100MHZ (IN)
                         net (fo=0)                   0.000     0.000    CLK100MHZ
    E3                   IBUF (Prop_ibuf_I_O)         0.250     0.250 r  CLK100MHZ_IBUF_inst/O
                         net (fo=1, routed)           0.644     0.894    CLK100MHZ_IBUF
    BUFGCTRL_X0Y16       BUFG (Prop_bufg_I_O)         0.026     0.920 r  CLK100MHZ_IBUF_BUFG_inst/O
                         net (fo=21599, routed)       0.559     1.478    u_accel/gen_nn_fractional.u_accel/CLK100MHZ_IBUF_BUFG
    SLICE_X48Y107        FDCE                                         r  u_accel/gen_nn_fractional.u_accel/observations_registered_reg[1][4]/C
  -------------------------------------------------------------------    -------------------
    SLICE_X48Y107        FDCE (Prop_fdce_C_Q)         0.141     1.619 r  u_accel/gen_nn_fractional.u_accel/observations_registered_reg[1][4]/Q
                         net (fo=1, routed)           0.237     1.856    u_accel/gen_nn_fractional.u_accel/fc1/inputs_latched_reg[1][15]_0[4]
    SLICE_X52Y109        FDCE                                         r  u_accel/gen_nn_fractional.u_accel/fc1/inputs_latched_reg[1][4]/D
  -------------------------------------------------------------------    -------------------

                         (clock sys_clk_pin rise edge)
                                                      0.000     0.000 r  
    E3                                                0.000     0.000 r  CLK100MHZ (IN)
                         net (fo=0)                   0.000     0.000    CLK100MHZ
    E3                   IBUF (Prop_ibuf_I_O)         0.438     0.438 r  CLK100MHZ_IBUF_inst/O
                         net (fo=1, routed)           0.699     1.136    CLK100MHZ_IBUF
    BUFGCTRL_X0Y16       BUFG (Prop_bufg_I_O)         0.029     1.165 r  CLK100MHZ_IBUF_BUFG_inst/O
                         net (fo=21599, routed)       0.826     1.992    u_accel/gen_nn_fractional.u_accel/fc1/CLK100MHZ_IBUF_BUFG
    SLICE_X52Y109        FDCE                                         r  u_accel/gen_nn_fractional.u_accel/fc1/inputs_latched_reg[1][4]/C
                         clock pessimism             -0.250     1.741    
    SLICE_X52Y109        FDCE (Hold_fdce_C_D)         0.066     1.807    u_accel/gen_nn_fractional.u_accel/fc1/inputs_latched_reg[1][4]
  -------------------------------------------------------------------
                         required time                         -1.807    
                         arrival time                           1.856    
  -------------------------------------------------------------------
                         slack                                  0.049    

Slack (MET) :             0.051ns  (arrival time - required time)
  Source:                 u_accel/gen_nn_fractional.u_accel/gen_hl2[3].hl2_lif/membrane_out_reg[1]/C
                            (rising edge-triggered cell FDCE clocked by sys_clk_pin  {rise@0.000ns fall@5.000ns period=10.000ns})
  Destination:            u_accel/gen_nn_fractional.u_accel/gen_hl2[3].membrane_buf/membrane_storage_reg[2][1]/D
                            (rising edge-triggered cell FDCE clocked by sys_clk_pin  {rise@0.000ns fall@5.000ns period=10.000ns})
  Path Group:             sys_clk_pin
  Path Type:              Hold (Min at Fast Process Corner)
  Requirement:            0.000ns  (sys_clk_pin rise@0.000ns - sys_clk_pin rise@0.000ns)
  Data Path Delay:        0.366ns  (logic 0.141ns (38.521%)  route 0.225ns (61.479%))
  Logic Levels:           0  
  Clock Path Skew:        0.268ns (DCD - SCD - CPR)
    Destination Clock Delay (DCD):    2.073ns
    Source Clock Delay      (SCD):    1.551ns
    Clock Pessimism Removal (CPR):    0.254ns

    Location             Delay type                Incr(ns)  Path(ns)    Netlist Resource(s)
  -------------------------------------------------------------------    -------------------
                         (clock sys_clk_pin rise edge)
                                                      0.000     0.000 r  
    E3                                                0.000     0.000 r  CLK100MHZ (IN)
                         net (fo=0)                   0.000     0.000    CLK100MHZ
    E3                   IBUF (Prop_ibuf_I_O)         0.250     0.250 r  CLK100MHZ_IBUF_inst/O
                         net (fo=1, routed)           0.644     0.894    CLK100MHZ_IBUF
    BUFGCTRL_X0Y16       BUFG (Prop_bufg_I_O)         0.026     0.920 r  CLK100MHZ_IBUF_BUFG_inst/O
                         net (fo=21599, routed)       0.631     1.551    u_accel/gen_nn_fractional.u_accel/gen_hl2[3].hl2_lif/CLK100MHZ_IBUF_BUFG
    SLICE_X52Y1          FDCE                                         r  u_accel/gen_nn_fractional.u_accel/gen_hl2[3].hl2_lif/membrane_out_reg[1]/C
  -------------------------------------------------------------------    -------------------
    SLICE_X52Y1          FDCE (Prop_fdce_C_Q)         0.141     1.692 r  u_accel/gen_nn_fractional.u_accel/gen_hl2[3].hl2_lif/membrane_out_reg[1]/Q
                         net (fo=10, routed)          0.225     1.917    u_accel/gen_nn_fractional.u_accel/gen_hl2[3].membrane_buf/D[1]
    SLICE_X49Y2          FDCE                                         r  u_accel/gen_nn_fractional.u_accel/gen_hl2[3].membrane_buf/membrane_storage_reg[2][1]/D
  -------------------------------------------------------------------    -------------------

                         (clock sys_clk_pin rise edge)
                                                      0.000     0.000 r  
    E3                                                0.000     0.000 r  CLK100MHZ (IN)
                         net (fo=0)                   0.000     0.000    CLK100MHZ
    E3                   IBUF (Prop_ibuf_I_O)         0.438     0.438 r  CLK100MHZ_IBUF_inst/O
                         net (fo=1, routed)           0.699     1.136    CLK100MHZ_IBUF
    BUFGCTRL_X0Y16       BUFG (Prop_bufg_I_O)         0.029     1.165 r  CLK100MHZ_IBUF_BUFG_inst/O
                         net (fo=21599, routed)       0.908     2.073    u_accel/gen_nn_fractional.u_accel/gen_hl2[3].membrane_buf/CLK100MHZ_IBUF_BUFG
    SLICE_X49Y2          FDCE                                         r  u_accel/gen_nn_fractional.u_accel/gen_hl2[3].membrane_buf/membrane_storage_reg[2][1]/C
                         clock pessimism             -0.254     1.819    
    SLICE_X49Y2          FDCE (Hold_fdce_C_D)         0.047     1.866    u_accel/gen_nn_fractional.u_accel/gen_hl2[3].membrane_buf/membrane_storage_reg[2][1]
  -------------------------------------------------------------------
                         required time                         -1.866    
                         arrival time                           1.917    
  -------------------------------------------------------------------
                         slack                                  0.051    





Pulse Width Checks
--------------------------------------------------------------------------------------
Clock Name:         sys_clk_pin
Waveform(ns):       { 0.000 5.000 }
Period(ns):         10.000
Sources:            { CLK100MHZ }

Check Type        Corner  Lib Pin      Reference Pin  Required(ns)  Actual(ns)  Slack(ns)  Location        Pin
Min Period        n/a     BUFG/I       n/a            2.155         10.000      7.845      BUFGCTRL_X0Y16  CLK100MHZ_IBUF_BUFG_inst/I
Min Period        n/a     DSP48E1/CLK  n/a            2.154         10.000      7.846      DSP48_X1Y8      u_accel/gen_nn_fractional.u_accel/q_accum/p_0_out/CLK
Min Period        n/a     DSP48E1/CLK  n/a            2.154         10.000      7.846      DSP48_X1Y3      u_accel/gen_nn_fractional.u_accel/q_accum/p_0_out__0/CLK
Min Period        n/a     DSP48E1/CLK  n/a            2.154         10.000      7.846      DSP48_X1Y4      u_accel/gen_nn_fractional.u_accel/q_accum/p_0_out__2/CLK
Min Period        n/a     DSP48E1/CLK  n/a            2.154         10.000      7.846      DSP48_X1Y6      u_accel/gen_nn_fractional.u_accel/q_accum/p_0_out__3/CLK
Min Period        n/a     DSP48E1/CLK  n/a            2.154         10.000      7.846      DSP48_X1Y2      u_accel/gen_nn_fractional.u_accel/q_accum/p_0_out__4/CLK
Min Period        n/a     DSP48E1/CLK  n/a            2.154         10.000      7.846      DSP48_X1Y7      u_accel/gen_nn_fractional.u_accel/q_accum/p_0_out__6/CLK
Min Period        n/a     FDCE/C       n/a            1.000         10.000      9.000      SLICE_X30Y101   action_q_reg/C
Min Period        n/a     FDRE/C       n/a            1.000         10.000      9.000      SLICE_X0Y51     heartbeat_count_reg[0]/C
Min Period        n/a     FDRE/C       n/a            1.000         10.000      9.000      SLICE_X0Y53     heartbeat_count_reg[10]/C
Low Pulse Width   Slow    FDCE/C       n/a            0.500         5.000       4.500      SLICE_X30Y101   action_q_reg/C
Low Pulse Width   Fast    FDCE/C       n/a            0.500         5.000       4.500      SLICE_X30Y101   action_q_reg/C
Low Pulse Width   Slow    FDRE/C       n/a            0.500         5.000       4.500      SLICE_X0Y51     heartbeat_count_reg[0]/C
Low Pulse Width   Fast    FDRE/C       n/a            0.500         5.000       4.500      SLICE_X0Y51     heartbeat_count_reg[0]/C
Low Pulse Width   Slow    FDRE/C       n/a            0.500         5.000       4.500      SLICE_X0Y53     heartbeat_count_reg[10]/C
Low Pulse Width   Fast    FDRE/C       n/a            0.500         5.000       4.500      SLICE_X0Y53     heartbeat_count_reg[10]/C
Low Pulse Width   Slow    FDRE/C       n/a            0.500         5.000       4.500      SLICE_X0Y53     heartbeat_count_reg[11]/C
Low Pulse Width   Fast    FDRE/C       n/a            0.500         5.000       4.500      SLICE_X0Y53     heartbeat_count_reg[11]/C
Low Pulse Width   Slow    FDRE/C       n/a            0.500         5.000       4.500      SLICE_X0Y54     heartbeat_count_reg[12]/C
Low Pulse Width   Fast    FDRE/C       n/a            0.500         5.000       4.500      SLICE_X0Y54     heartbeat_count_reg[12]/C
High Pulse Width  Slow    FDCE/C       n/a            0.500         5.000       4.500      SLICE_X30Y101   action_q_reg/C
High Pulse Width  Fast    FDCE/C       n/a            0.500         5.000       4.500      SLICE_X30Y101   action_q_reg/C
High Pulse Width  Slow    FDRE/C       n/a            0.500         5.000       4.500      SLICE_X0Y51     heartbeat_count_reg[0]/C
High Pulse Width  Fast    FDRE/C       n/a            0.500         5.000       4.500      SLICE_X0Y51     heartbeat_count_reg[0]/C
High Pulse Width  Slow    FDRE/C       n/a            0.500         5.000       4.500      SLICE_X0Y53     heartbeat_count_reg[10]/C
High Pulse Width  Fast    FDRE/C       n/a            0.500         5.000       4.500      SLICE_X0Y53     heartbeat_count_reg[10]/C
High Pulse Width  Slow    FDRE/C       n/a            0.500         5.000       4.500      SLICE_X0Y53     heartbeat_count_reg[11]/C
High Pulse Width  Fast    FDRE/C       n/a            0.500         5.000       4.500      SLICE_X0Y53     heartbeat_count_reg[11]/C
High Pulse Width  Slow    FDRE/C       n/a            0.500         5.000       4.500      SLICE_X0Y54     heartbeat_count_reg[12]/C
High Pulse Width  Fast    FDRE/C       n/a            0.500         5.000       4.500      SLICE_X0Y54     heartbeat_count_reg[12]/C



--------------------------------------------------------------------------------------
Path Group:  (none)
From Clock:  sys_clk_pin
  To Clock:  

Max Delay             4 Endpoints
Min Delay             4 Endpoints
--------------------------------------------------------------------------------------


Max Delay Paths
--------------------------------------------------------------------------------------
Slack:                    inf
  Source:                 u_accel/u_uart_tx/tx_reg/C
                            (rising edge-triggered cell FDPE clocked by sys_clk_pin  {rise@0.000ns fall@5.000ns period=10.000ns})
  Destination:            UART_RXD_OUT
                            (output port)
  Path Group:             (none)
  Path Type:              Max at Slow Process Corner
  Data Path Delay:        7.797ns  (logic 4.011ns (51.449%)  route 3.785ns (48.551%))
  Logic Levels:           1  (OBUF=1)
  Clock Uncertainty:      0.025ns  ((TSJ^2 + TIJ^2)^1/2 + DJ) / 2 + PE
    Total System Jitter     (TSJ):    0.050ns
    Total Input Jitter      (TIJ):    0.000ns
    Discrete Jitter          (DJ):    0.000ns
    Phase Error              (PE):    0.000ns

    Location             Delay type                Incr(ns)  Path(ns)    Netlist Resource(s)
  -------------------------------------------------------------------    -------------------
                         (clock sys_clk_pin rise edge)
                                                      0.000     0.000 r  
    E3                                                0.000     0.000 r  CLK100MHZ (IN)
                         net (fo=0)                   0.000     0.000    CLK100MHZ
    E3                   IBUF (Prop_ibuf_I_O)         1.482     1.482 r  CLK100MHZ_IBUF_inst/O
                         net (fo=1, routed)           2.025     3.506    CLK100MHZ_IBUF
    BUFGCTRL_X0Y16       BUFG (Prop_bufg_I_O)         0.096     3.602 r  CLK100MHZ_IBUF_BUFG_inst/O
                         net (fo=21599, routed)       1.618     5.220    u_accel/u_uart_tx/CLK100MHZ_IBUF_BUFG
    SLICE_X33Y115        FDPE                                         r  u_accel/u_uart_tx/tx_reg/C
  -------------------------------------------------------------------    -------------------
    SLICE_X33Y115        FDPE (Prop_fdpe_C_Q)         0.456     5.676 r  u_accel/u_uart_tx/tx_reg/Q
                         net (fo=1, routed)           3.785     9.462    UART_RXD_OUT_OBUF
    D4                   OBUF (Prop_obuf_I_O)         3.555    13.017 r  UART_RXD_OUT_OBUF_inst/O
                         net (fo=0)                   0.000    13.017    UART_RXD_OUT
    D4                                                                r  UART_RXD_OUT (OUT)
  -------------------------------------------------------------------    -------------------

Slack:                    inf
  Source:                 u_accel/accel_busy_reg/C
                            (rising edge-triggered cell FDCE clocked by sys_clk_pin  {rise@0.000ns fall@5.000ns period=10.000ns})
  Destination:            LED[0]
                            (output port)
  Path Group:             (none)
  Path Type:              Max at Slow Process Corner
  Data Path Delay:        7.155ns  (logic 3.976ns (55.574%)  route 3.179ns (44.426%))
  Logic Levels:           1  (OBUF=1)
  Clock Uncertainty:      0.025ns  ((TSJ^2 + TIJ^2)^1/2 + DJ) / 2 + PE
    Total System Jitter     (TSJ):    0.050ns
    Total Input Jitter      (TIJ):    0.000ns
    Discrete Jitter          (DJ):    0.000ns
    Phase Error              (PE):    0.000ns

    Location             Delay type                Incr(ns)  Path(ns)    Netlist Resource(s)
  -------------------------------------------------------------------    -------------------
                         (clock sys_clk_pin rise edge)
                                                      0.000     0.000 r  
    E3                                                0.000     0.000 r  CLK100MHZ (IN)
                         net (fo=0)                   0.000     0.000    CLK100MHZ
    E3                   IBUF (Prop_ibuf_I_O)         1.482     1.482 r  CLK100MHZ_IBUF_inst/O
                         net (fo=1, routed)           2.025     3.506    CLK100MHZ_IBUF
    BUFGCTRL_X0Y16       BUFG (Prop_bufg_I_O)         0.096     3.602 r  CLK100MHZ_IBUF_BUFG_inst/O
                         net (fo=21599, routed)       1.642     5.245    u_accel/CLK100MHZ_IBUF_BUFG
    SLICE_X33Y99         FDCE                                         r  u_accel/accel_busy_reg/C
  -------------------------------------------------------------------    -------------------
    SLICE_X33Y99         FDCE (Prop_fdce_C_Q)         0.456     5.701 r  u_accel/accel_busy_reg/Q
                         net (fo=18, routed)          3.179     8.879    LED_OBUF[0]
    H17                  OBUF (Prop_obuf_I_O)         3.520    12.400 r  LED_OBUF[0]_inst/O
                         net (fo=0)                   0.000    12.400    LED[0]
    H17                                                               r  LED[0] (OUT)
  -------------------------------------------------------------------    -------------------

Slack:                    inf
  Source:                 action_q_reg/C
                            (rising edge-triggered cell FDCE clocked by sys_clk_pin  {rise@0.000ns fall@5.000ns period=10.000ns})
  Destination:            LED[1]
                            (output port)
  Path Group:             (none)
  Path Type:              Max at Slow Process Corner
  Data Path Delay:        6.367ns  (logic 4.053ns (63.659%)  route 2.314ns (36.341%))
  Logic Levels:           1  (OBUF=1)
  Clock Uncertainty:      0.025ns  ((TSJ^2 + TIJ^2)^1/2 + DJ) / 2 + PE
    Total System Jitter     (TSJ):    0.050ns
    Total Input Jitter      (TIJ):    0.000ns
    Discrete Jitter          (DJ):    0.000ns
    Phase Error              (PE):    0.000ns

    Location             Delay type                Incr(ns)  Path(ns)    Netlist Resource(s)
  -------------------------------------------------------------------    -------------------
                         (clock sys_clk_pin rise edge)
                                                      0.000     0.000 r  
    E3                                                0.000     0.000 r  CLK100MHZ (IN)
                         net (fo=0)                   0.000     0.000    CLK100MHZ
    E3                   IBUF (Prop_ibuf_I_O)         1.482     1.482 r  CLK100MHZ_IBUF_inst/O
                         net (fo=1, routed)           2.025     3.506    CLK100MHZ_IBUF
    BUFGCTRL_X0Y16       BUFG (Prop_bufg_I_O)         0.096     3.602 r  CLK100MHZ_IBUF_BUFG_inst/O
                         net (fo=21599, routed)       1.626     5.228    CLK100MHZ_IBUF_BUFG
    SLICE_X30Y101        FDCE                                         r  action_q_reg/C
  -------------------------------------------------------------------    -------------------
    SLICE_X30Y101        FDCE (Prop_fdce_C_Q)         0.518     5.746 r  action_q_reg/Q
                         net (fo=1, routed)           2.314     8.060    LED_OBUF[1]
    K15                  OBUF (Prop_obuf_I_O)         3.535    11.595 r  LED_OBUF[1]_inst/O
                         net (fo=0)                   0.000    11.595    LED[1]
    K15                                                               r  LED[1] (OUT)
  -------------------------------------------------------------------    -------------------

Slack:                    inf
  Source:                 heartbeat_count_reg[24]/C
                            (rising edge-triggered cell FDRE clocked by sys_clk_pin  {rise@0.000ns fall@5.000ns period=10.000ns})
  Destination:            LED[15]
                            (output port)
  Path Group:             (none)
  Path Type:              Max at Slow Process Corner
  Data Path Delay:        5.572ns  (logic 4.025ns (72.236%)  route 1.547ns (27.764%))
  Logic Levels:           1  (OBUF=1)
  Clock Uncertainty:      0.025ns  ((TSJ^2 + TIJ^2)^1/2 + DJ) / 2 + PE
    Total System Jitter     (TSJ):    0.050ns
    Total Input Jitter      (TIJ):    0.000ns
    Discrete Jitter          (DJ):    0.000ns
    Phase Error              (PE):    0.000ns

    Location             Delay type                Incr(ns)  Path(ns)    Netlist Resource(s)
  -------------------------------------------------------------------    -------------------
                         (clock sys_clk_pin rise edge)
                                                      0.000     0.000 r  
    E3                                                0.000     0.000 r  CLK100MHZ (IN)
                         net (fo=0)                   0.000     0.000    CLK100MHZ
    E3                   IBUF (Prop_ibuf_I_O)         1.482     1.482 r  CLK100MHZ_IBUF_inst/O
                         net (fo=1, routed)           2.025     3.506    CLK100MHZ_IBUF
    BUFGCTRL_X0Y16       BUFG (Prop_bufg_I_O)         0.096     3.602 r  CLK100MHZ_IBUF_BUFG_inst/O
                         net (fo=21599, routed)       1.724     5.327    CLK100MHZ_IBUF_BUFG
    SLICE_X0Y57          FDRE                                         r  heartbeat_count_reg[24]/C
  -------------------------------------------------------------------    -------------------
    SLICE_X0Y57          FDRE (Prop_fdre_C_Q)         0.456     5.783 r  heartbeat_count_reg[24]/Q
                         net (fo=2, routed)           1.547     7.330    LED_OBUF[15]
    V11                  OBUF (Prop_obuf_I_O)         3.569    10.899 r  LED_OBUF[15]_inst/O
                         net (fo=0)                   0.000    10.899    LED[15]
    V11                                                               r  LED[15] (OUT)
  -------------------------------------------------------------------    -------------------





Min Delay Paths
--------------------------------------------------------------------------------------
Slack:                    inf
  Source:                 heartbeat_count_reg[24]/C
                            (rising edge-triggered cell FDRE clocked by sys_clk_pin  {rise@0.000ns fall@5.000ns period=10.000ns})
  Destination:            LED[15]
                            (output port)
  Path Group:             (none)
  Path Type:              Min at Fast Process Corner
  Data Path Delay:        1.710ns  (logic 1.410ns (82.462%)  route 0.300ns (17.538%))
  Logic Levels:           1  (OBUF=1)
  Clock Uncertainty:      0.025ns  ((TSJ^2 + TIJ^2)^1/2 + DJ) / 2 + PE
    Total System Jitter     (TSJ):    0.050ns
    Total Input Jitter      (TIJ):    0.000ns
    Discrete Jitter          (DJ):    0.000ns
    Phase Error              (PE):    0.000ns

    Location             Delay type                Incr(ns)  Path(ns)    Netlist Resource(s)
  -------------------------------------------------------------------    -------------------
                         (clock sys_clk_pin rise edge)
                                                      0.000     0.000 r  
    E3                                                0.000     0.000 r  CLK100MHZ (IN)
                         net (fo=0)                   0.000     0.000    CLK100MHZ
    E3                   IBUF (Prop_ibuf_I_O)         0.250     0.250 r  CLK100MHZ_IBUF_inst/O
                         net (fo=1, routed)           0.644     0.894    CLK100MHZ_IBUF
    BUFGCTRL_X0Y16       BUFG (Prop_bufg_I_O)         0.026     0.920 r  CLK100MHZ_IBUF_BUFG_inst/O
                         net (fo=21599, routed)       0.603     1.522    CLK100MHZ_IBUF_BUFG
    SLICE_X0Y57          FDRE                                         r  heartbeat_count_reg[24]/C
  -------------------------------------------------------------------    -------------------
    SLICE_X0Y57          FDRE (Prop_fdre_C_Q)         0.141     1.663 r  heartbeat_count_reg[24]/Q
                         net (fo=2, routed)           0.300     1.963    LED_OBUF[15]
    V11                  OBUF (Prop_obuf_I_O)         1.269     3.233 r  LED_OBUF[15]_inst/O
                         net (fo=0)                   0.000     3.233    LED[15]
    V11                                                               r  LED[15] (OUT)
  -------------------------------------------------------------------    -------------------

Slack:                    inf
  Source:                 action_q_reg/C
                            (rising edge-triggered cell FDCE clocked by sys_clk_pin  {rise@0.000ns fall@5.000ns period=10.000ns})
  Destination:            LED[1]
                            (output port)
  Path Group:             (none)
  Path Type:              Min at Fast Process Corner
  Data Path Delay:        2.038ns  (logic 1.400ns (68.701%)  route 0.638ns (31.299%))
  Logic Levels:           1  (OBUF=1)
  Clock Uncertainty:      0.025ns  ((TSJ^2 + TIJ^2)^1/2 + DJ) / 2 + PE
    Total System Jitter     (TSJ):    0.050ns
    Total Input Jitter      (TIJ):    0.000ns
    Discrete Jitter          (DJ):    0.000ns
    Phase Error              (PE):    0.000ns

    Location             Delay type                Incr(ns)  Path(ns)    Netlist Resource(s)
  -------------------------------------------------------------------    -------------------
                         (clock sys_clk_pin rise edge)
                                                      0.000     0.000 r  
    E3                                                0.000     0.000 r  CLK100MHZ (IN)
                         net (fo=0)                   0.000     0.000    CLK100MHZ
    E3                   IBUF (Prop_ibuf_I_O)         0.250     0.250 r  CLK100MHZ_IBUF_inst/O
                         net (fo=1, routed)           0.644     0.894    CLK100MHZ_IBUF
    BUFGCTRL_X0Y16       BUFG (Prop_bufg_I_O)         0.026     0.920 r  CLK100MHZ_IBUF_BUFG_inst/O
                         net (fo=21599, routed)       0.566     1.485    CLK100MHZ_IBUF_BUFG
    SLICE_X30Y101        FDCE                                         r  action_q_reg/C
  -------------------------------------------------------------------    -------------------
    SLICE_X30Y101        FDCE (Prop_fdce_C_Q)         0.164     1.649 r  action_q_reg/Q
                         net (fo=1, routed)           0.638     2.287    LED_OBUF[1]
    K15                  OBUF (Prop_obuf_I_O)         1.236     3.523 r  LED_OBUF[1]_inst/O
                         net (fo=0)                   0.000     3.523    LED[1]
    K15                                                               r  LED[1] (OUT)
  -------------------------------------------------------------------    -------------------

Slack:                    inf
  Source:                 u_accel/accel_busy_reg/C
                            (rising edge-triggered cell FDCE clocked by sys_clk_pin  {rise@0.000ns fall@5.000ns period=10.000ns})
  Destination:            LED[0]
                            (output port)
  Path Group:             (none)
  Path Type:              Min at Fast Process Corner
  Data Path Delay:        2.388ns  (logic 1.362ns (57.048%)  route 1.026ns (42.952%))
  Logic Levels:           1  (OBUF=1)
  Clock Uncertainty:      0.025ns  ((TSJ^2 + TIJ^2)^1/2 + DJ) / 2 + PE
    Total System Jitter     (TSJ):    0.050ns
    Total Input Jitter      (TIJ):    0.000ns
    Discrete Jitter          (DJ):    0.000ns
    Phase Error              (PE):    0.000ns

    Location             Delay type                Incr(ns)  Path(ns)    Netlist Resource(s)
  -------------------------------------------------------------------    -------------------
                         (clock sys_clk_pin rise edge)
                                                      0.000     0.000 r  
    E3                                                0.000     0.000 r  CLK100MHZ (IN)
                         net (fo=0)                   0.000     0.000    CLK100MHZ
    E3                   IBUF (Prop_ibuf_I_O)         0.250     0.250 r  CLK100MHZ_IBUF_inst/O
                         net (fo=1, routed)           0.644     0.894    CLK100MHZ_IBUF
    BUFGCTRL_X0Y16       BUFG (Prop_bufg_I_O)         0.026     0.920 r  CLK100MHZ_IBUF_BUFG_inst/O
                         net (fo=21599, routed)       0.572     1.491    u_accel/CLK100MHZ_IBUF_BUFG
    SLICE_X33Y99         FDCE                                         r  u_accel/accel_busy_reg/C
  -------------------------------------------------------------------    -------------------
    SLICE_X33Y99         FDCE (Prop_fdce_C_Q)         0.141     1.632 r  u_accel/accel_busy_reg/Q
                         net (fo=18, routed)          1.026     2.658    LED_OBUF[0]
    H17                  OBUF (Prop_obuf_I_O)         1.221     3.879 r  LED_OBUF[0]_inst/O
                         net (fo=0)                   0.000     3.879    LED[0]
    H17                                                               r  LED[0] (OUT)
  -------------------------------------------------------------------    -------------------

Slack:                    inf
  Source:                 u_accel/u_uart_tx/tx_reg/C
                            (rising edge-triggered cell FDPE clocked by sys_clk_pin  {rise@0.000ns fall@5.000ns period=10.000ns})
  Destination:            UART_RXD_OUT
                            (output port)
  Path Group:             (none)
  Path Type:              Min at Fast Process Corner
  Data Path Delay:        2.751ns  (logic 1.397ns (50.775%)  route 1.354ns (49.225%))
  Logic Levels:           1  (OBUF=1)
  Clock Uncertainty:      0.025ns  ((TSJ^2 + TIJ^2)^1/2 + DJ) / 2 + PE
    Total System Jitter     (TSJ):    0.050ns
    Total Input Jitter      (TIJ):    0.000ns
    Discrete Jitter          (DJ):    0.000ns
    Phase Error              (PE):    0.000ns

    Location             Delay type                Incr(ns)  Path(ns)    Netlist Resource(s)
  -------------------------------------------------------------------    -------------------
                         (clock sys_clk_pin rise edge)
                                                      0.000     0.000 r  
    E3                                                0.000     0.000 r  CLK100MHZ (IN)
                         net (fo=0)                   0.000     0.000    CLK100MHZ
    E3                   IBUF (Prop_ibuf_I_O)         0.250     0.250 r  CLK100MHZ_IBUF_inst/O
                         net (fo=1, routed)           0.644     0.894    CLK100MHZ_IBUF
    BUFGCTRL_X0Y16       BUFG (Prop_bufg_I_O)         0.026     0.920 r  CLK100MHZ_IBUF_BUFG_inst/O
                         net (fo=21599, routed)       0.561     1.480    u_accel/u_uart_tx/CLK100MHZ_IBUF_BUFG
    SLICE_X33Y115        FDPE                                         r  u_accel/u_uart_tx/tx_reg/C
  -------------------------------------------------------------------    -------------------
    SLICE_X33Y115        FDPE (Prop_fdpe_C_Q)         0.141     1.621 r  u_accel/u_uart_tx/tx_reg/Q
                         net (fo=1, routed)           1.354     2.976    UART_RXD_OUT_OBUF
    D4                   OBUF (Prop_obuf_I_O)         1.256     4.232 r  UART_RXD_OUT_OBUF_inst/O
                         net (fo=0)                   0.000     4.232    UART_RXD_OUT
    D4                                                                r  UART_RXD_OUT (OUT)
  -------------------------------------------------------------------    -------------------





--------------------------------------------------------------------------------------
Path Group:  (none)
From Clock:  
  To Clock:  sys_clk_pin

Max Delay         21561 Endpoints
Min Delay         21561 Endpoints
--------------------------------------------------------------------------------------


Max Delay Paths
--------------------------------------------------------------------------------------
Slack:                    inf
  Source:                 CPU_RESETN
                            (input port)
  Destination:            u_accel/gen_nn_fractional.u_accel/gen_hl2[0].hl2_lif/history_buffer_reg[2][11]/CLR
                            (recovery check against rising-edge clock sys_clk_pin  {rise@0.000ns fall@5.000ns period=10.000ns})
  Path Group:             (none)
  Path Type:              Recovery (Max at Slow Process Corner)
  Data Path Delay:        13.625ns  (logic 1.631ns (11.971%)  route 11.994ns (88.029%))
  Logic Levels:           2  (IBUF=1 LUT1=1)
  Clock Path Skew:        5.098ns (DCD - SCD + CPR)
    Destination Clock Delay (DCD):    5.098ns
    Source Clock Delay      (SCD):    0.000ns
    Clock Pessimism Removal (CPR):    0.000ns
  Clock Uncertainty:      0.025ns  ((TSJ^2 + TIJ^2)^1/2 + DJ) / 2 + PE
    Total System Jitter     (TSJ):    0.050ns
    Total Input Jitter      (TIJ):    0.000ns
    Discrete Jitter          (DJ):    0.000ns
    Phase Error              (PE):    0.000ns

    Location             Delay type                Incr(ns)  Path(ns)    Netlist Resource(s)
  -------------------------------------------------------------------    -------------------
    C12                                               0.000     0.000 r  CPU_RESETN (IN)
                         net (fo=0)                   0.000     0.000    CPU_RESETN
    C12                  IBUF (Prop_ibuf_I_O)         1.507     1.507 r  CPU_RESETN_IBUF_inst/O
                         net (fo=24, routed)          1.602     3.109    u_accel/gen_nn_fractional.u_accel/fc1/CPU_RESETN_IBUF
    SLICE_X6Y141         LUT1 (Prop_lut1_I0_O)        0.124     3.233 f  u_accel/gen_nn_fractional.u_accel/fc1/FSM_onehot_state[2]_i_2__0/O
                         net (fo=21351, routed)      10.393    13.625    u_accel/gen_nn_fractional.u_accel/gen_hl2[0].hl2_lif/spike_prev_reg_0
    SLICE_X68Y8          FDCE                                         f  u_accel/gen_nn_fractional.u_accel/gen_hl2[0].hl2_lif/history_buffer_reg[2][11]/CLR
  -------------------------------------------------------------------    -------------------

                         (clock sys_clk_pin rise edge)
                                                      0.000     0.000 r  
    E3                                                0.000     0.000 r  CLK100MHZ (IN)
                         net (fo=0)                   0.000     0.000    CLK100MHZ
    E3                   IBUF (Prop_ibuf_I_O)         1.411     1.411 r  CLK100MHZ_IBUF_inst/O
                         net (fo=1, routed)           1.920     3.331    CLK100MHZ_IBUF
    BUFGCTRL_X0Y16       BUFG (Prop_bufg_I_O)         0.091     3.422 r  CLK100MHZ_IBUF_BUFG_inst/O
                         net (fo=21599, routed)       1.676     5.098    u_accel/gen_nn_fractional.u_accel/gen_hl2[0].hl2_lif/CLK100MHZ_IBUF_BUFG
    SLICE_X68Y8          FDCE                                         r  u_accel/gen_nn_fractional.u_accel/gen_hl2[0].hl2_lif/history_buffer_reg[2][11]/C

Slack:                    inf
  Source:                 CPU_RESETN
                            (input port)
  Destination:            u_accel/gen_nn_fractional.u_accel/gen_hl2[0].hl2_lif/history_buffer_reg[2][18]/CLR
                            (recovery check against rising-edge clock sys_clk_pin  {rise@0.000ns fall@5.000ns period=10.000ns})
  Path Group:             (none)
  Path Type:              Recovery (Max at Slow Process Corner)
  Data Path Delay:        13.625ns  (logic 1.631ns (11.971%)  route 11.994ns (88.029%))
  Logic Levels:           2  (IBUF=1 LUT1=1)
  Clock Path Skew:        5.098ns (DCD - SCD + CPR)
    Destination Clock Delay (DCD):    5.098ns
    Source Clock Delay      (SCD):    0.000ns
    Clock Pessimism Removal (CPR):    0.000ns
  Clock Uncertainty:      0.025ns  ((TSJ^2 + TIJ^2)^1/2 + DJ) / 2 + PE
    Total System Jitter     (TSJ):    0.050ns
    Total Input Jitter      (TIJ):    0.000ns
    Discrete Jitter          (DJ):    0.000ns
    Phase Error              (PE):    0.000ns

    Location             Delay type                Incr(ns)  Path(ns)    Netlist Resource(s)
  -------------------------------------------------------------------    -------------------
    C12                                               0.000     0.000 r  CPU_RESETN (IN)
                         net (fo=0)                   0.000     0.000    CPU_RESETN
    C12                  IBUF (Prop_ibuf_I_O)         1.507     1.507 r  CPU_RESETN_IBUF_inst/O
                         net (fo=24, routed)          1.602     3.109    u_accel/gen_nn_fractional.u_accel/fc1/CPU_RESETN_IBUF
    SLICE_X6Y141         LUT1 (Prop_lut1_I0_O)        0.124     3.233 f  u_accel/gen_nn_fractional.u_accel/fc1/FSM_onehot_state[2]_i_2__0/O
                         net (fo=21351, routed)      10.393    13.625    u_accel/gen_nn_fractional.u_accel/gen_hl2[0].hl2_lif/spike_prev_reg_0
    SLICE_X68Y8          FDCE                                         f  u_accel/gen_nn_fractional.u_accel/gen_hl2[0].hl2_lif/history_buffer_reg[2][18]/CLR
  -------------------------------------------------------------------    -------------------

                         (clock sys_clk_pin rise edge)
                                                      0.000     0.000 r  
    E3                                                0.000     0.000 r  CLK100MHZ (IN)
                         net (fo=0)                   0.000     0.000    CLK100MHZ
    E3                   IBUF (Prop_ibuf_I_O)         1.411     1.411 r  CLK100MHZ_IBUF_inst/O
                         net (fo=1, routed)           1.920     3.331    CLK100MHZ_IBUF
    BUFGCTRL_X0Y16       BUFG (Prop_bufg_I_O)         0.091     3.422 r  CLK100MHZ_IBUF_BUFG_inst/O
                         net (fo=21599, routed)       1.676     5.098    u_accel/gen_nn_fractional.u_accel/gen_hl2[0].hl2_lif/CLK100MHZ_IBUF_BUFG
    SLICE_X68Y8          FDCE                                         r  u_accel/gen_nn_fractional.u_accel/gen_hl2[0].hl2_lif/history_buffer_reg[2][18]/C

Slack:                    inf
  Source:                 CPU_RESETN
                            (input port)
  Destination:            u_accel/gen_nn_fractional.u_accel/gen_hl2[0].hl2_lif/history_buffer_reg[6][11]/CLR
                            (recovery check against rising-edge clock sys_clk_pin  {rise@0.000ns fall@5.000ns period=10.000ns})
  Path Group:             (none)
  Path Type:              Recovery (Max at Slow Process Corner)
  Data Path Delay:        13.621ns  (logic 1.631ns (11.974%)  route 11.990ns (88.026%))
  Logic Levels:           2  (IBUF=1 LUT1=1)
  Clock Path Skew:        5.098ns (DCD - SCD + CPR)
    Destination Clock Delay (DCD):    5.098ns
    Source Clock Delay      (SCD):    0.000ns
    Clock Pessimism Removal (CPR):    0.000ns
  Clock Uncertainty:      0.025ns  ((TSJ^2 + TIJ^2)^1/2 + DJ) / 2 + PE
    Total System Jitter     (TSJ):    0.050ns
    Total Input Jitter      (TIJ):    0.000ns
    Discrete Jitter          (DJ):    0.000ns
    Phase Error              (PE):    0.000ns

    Location             Delay type                Incr(ns)  Path(ns)    Netlist Resource(s)
  -------------------------------------------------------------------    -------------------
    C12                                               0.000     0.000 r  CPU_RESETN (IN)
                         net (fo=0)                   0.000     0.000    CPU_RESETN
    C12                  IBUF (Prop_ibuf_I_O)         1.507     1.507 r  CPU_RESETN_IBUF_inst/O
                         net (fo=24, routed)          1.602     3.109    u_accel/gen_nn_fractional.u_accel/fc1/CPU_RESETN_IBUF
    SLICE_X6Y141         LUT1 (Prop_lut1_I0_O)        0.124     3.233 f  u_accel/gen_nn_fractional.u_accel/fc1/FSM_onehot_state[2]_i_2__0/O
                         net (fo=21351, routed)      10.388    13.621    u_accel/gen_nn_fractional.u_accel/gen_hl2[0].hl2_lif/spike_prev_reg_0
    SLICE_X69Y8          FDCE                                         f  u_accel/gen_nn_fractional.u_accel/gen_hl2[0].hl2_lif/history_buffer_reg[6][11]/CLR
  -------------------------------------------------------------------    -------------------

                         (clock sys_clk_pin rise edge)
                                                      0.000     0.000 r  
    E3                                                0.000     0.000 r  CLK100MHZ (IN)
                         net (fo=0)                   0.000     0.000    CLK100MHZ
    E3                   IBUF (Prop_ibuf_I_O)         1.411     1.411 r  CLK100MHZ_IBUF_inst/O
                         net (fo=1, routed)           1.920     3.331    CLK100MHZ_IBUF
    BUFGCTRL_X0Y16       BUFG (Prop_bufg_I_O)         0.091     3.422 r  CLK100MHZ_IBUF_BUFG_inst/O
                         net (fo=21599, routed)       1.676     5.098    u_accel/gen_nn_fractional.u_accel/gen_hl2[0].hl2_lif/CLK100MHZ_IBUF_BUFG
    SLICE_X69Y8          FDCE                                         r  u_accel/gen_nn_fractional.u_accel/gen_hl2[0].hl2_lif/history_buffer_reg[6][11]/C

Slack:                    inf
  Source:                 CPU_RESETN
                            (input port)
  Destination:            u_accel/gen_nn_fractional.u_accel/gen_hl2[3].hl2_lif/mul_scaled_result_reg_reg[16]/CLR
                            (recovery check against rising-edge clock sys_clk_pin  {rise@0.000ns fall@5.000ns period=10.000ns})
  Path Group:             (none)
  Path Type:              Recovery (Max at Slow Process Corner)
  Data Path Delay:        13.445ns  (logic 1.631ns (12.131%)  route 11.814ns (87.869%))
  Logic Levels:           2  (IBUF=1 LUT1=1)
  Clock Path Skew:        5.149ns (DCD - SCD + CPR)
    Destination Clock Delay (DCD):    5.149ns
    Source Clock Delay      (SCD):    0.000ns
    Clock Pessimism Removal (CPR):    0.000ns
  Clock Uncertainty:      0.025ns  ((TSJ^2 + TIJ^2)^1/2 + DJ) / 2 + PE
    Total System Jitter     (TSJ):    0.050ns
    Total Input Jitter      (TIJ):    0.000ns
    Discrete Jitter          (DJ):    0.000ns
    Phase Error              (PE):    0.000ns

    Location             Delay type                Incr(ns)  Path(ns)    Netlist Resource(s)
  -------------------------------------------------------------------    -------------------
    C12                                               0.000     0.000 r  CPU_RESETN (IN)
                         net (fo=0)                   0.000     0.000    CPU_RESETN
    C12                  IBUF (Prop_ibuf_I_O)         1.507     1.507 r  CPU_RESETN_IBUF_inst/O
                         net (fo=24, routed)          1.602     3.109    u_accel/gen_nn_fractional.u_accel/fc1/CPU_RESETN_IBUF
    SLICE_X6Y141         LUT1 (Prop_lut1_I0_O)        0.124     3.233 f  u_accel/gen_nn_fractional.u_accel/fc1/FSM_onehot_state[2]_i_2__0/O
                         net (fo=21351, routed)      10.212    13.445    u_accel/gen_nn_fractional.u_accel/gen_hl2[3].hl2_lif/spike_prev_reg_0
    SLICE_X74Y2          FDCE                                         f  u_accel/gen_nn_fractional.u_accel/gen_hl2[3].hl2_lif/mul_scaled_result_reg_reg[16]/CLR
  -------------------------------------------------------------------    -------------------

                         (clock sys_clk_pin rise edge)
                                                      0.000     0.000 r  
    E3                                                0.000     0.000 r  CLK100MHZ (IN)
                         net (fo=0)                   0.000     0.000    CLK100MHZ
    E3                   IBUF (Prop_ibuf_I_O)         1.411     1.411 r  CLK100MHZ_IBUF_inst/O
                         net (fo=1, routed)           1.920     3.331    CLK100MHZ_IBUF
    BUFGCTRL_X0Y16       BUFG (Prop_bufg_I_O)         0.091     3.422 r  CLK100MHZ_IBUF_BUFG_inst/O
                         net (fo=21599, routed)       1.727     5.149    u_accel/gen_nn_fractional.u_accel/gen_hl2[3].hl2_lif/CLK100MHZ_IBUF_BUFG
    SLICE_X74Y2          FDCE                                         r  u_accel/gen_nn_fractional.u_accel/gen_hl2[3].hl2_lif/mul_scaled_result_reg_reg[16]/C

Slack:                    inf
  Source:                 CPU_RESETN
                            (input port)
  Destination:            u_accel/gen_nn_fractional.u_accel/gen_hl2[3].hl2_lif/mul_scaled_result_reg_reg[25]/CLR
                            (recovery check against rising-edge clock sys_clk_pin  {rise@0.000ns fall@5.000ns period=10.000ns})
  Path Group:             (none)
  Path Type:              Recovery (Max at Slow Process Corner)
  Data Path Delay:        13.445ns  (logic 1.631ns (12.131%)  route 11.814ns (87.869%))
  Logic Levels:           2  (IBUF=1 LUT1=1)
  Clock Path Skew:        5.149ns (DCD - SCD + CPR)
    Destination Clock Delay (DCD):    5.149ns
    Source Clock Delay      (SCD):    0.000ns
    Clock Pessimism Removal (CPR):    0.000ns
  Clock Uncertainty:      0.025ns  ((TSJ^2 + TIJ^2)^1/2 + DJ) / 2 + PE
    Total System Jitter     (TSJ):    0.050ns
    Total Input Jitter      (TIJ):    0.000ns
    Discrete Jitter          (DJ):    0.000ns
    Phase Error              (PE):    0.000ns

    Location             Delay type                Incr(ns)  Path(ns)    Netlist Resource(s)
  -------------------------------------------------------------------    -------------------
    C12                                               0.000     0.000 r  CPU_RESETN (IN)
                         net (fo=0)                   0.000     0.000    CPU_RESETN
    C12                  IBUF (Prop_ibuf_I_O)         1.507     1.507 r  CPU_RESETN_IBUF_inst/O
                         net (fo=24, routed)          1.602     3.109    u_accel/gen_nn_fractional.u_accel/fc1/CPU_RESETN_IBUF
    SLICE_X6Y141         LUT1 (Prop_lut1_I0_O)        0.124     3.233 f  u_accel/gen_nn_fractional.u_accel/fc1/FSM_onehot_state[2]_i_2__0/O
                         net (fo=21351, routed)      10.212    13.445    u_accel/gen_nn_fractional.u_accel/gen_hl2[3].hl2_lif/spike_prev_reg_0
    SLICE_X74Y2          FDCE                                         f  u_accel/gen_nn_fractional.u_accel/gen_hl2[3].hl2_lif/mul_scaled_result_reg_reg[25]/CLR
  -------------------------------------------------------------------    -------------------

                         (clock sys_clk_pin rise edge)
                                                      0.000     0.000 r  
    E3                                                0.000     0.000 r  CLK100MHZ (IN)
                         net (fo=0)                   0.000     0.000    CLK100MHZ
    E3                   IBUF (Prop_ibuf_I_O)         1.411     1.411 r  CLK100MHZ_IBUF_inst/O
                         net (fo=1, routed)           1.920     3.331    CLK100MHZ_IBUF
    BUFGCTRL_X0Y16       BUFG (Prop_bufg_I_O)         0.091     3.422 r  CLK100MHZ_IBUF_BUFG_inst/O
                         net (fo=21599, routed)       1.727     5.149    u_accel/gen_nn_fractional.u_accel/gen_hl2[3].hl2_lif/CLK100MHZ_IBUF_BUFG
    SLICE_X74Y2          FDCE                                         r  u_accel/gen_nn_fractional.u_accel/gen_hl2[3].hl2_lif/mul_scaled_result_reg_reg[25]/C

Slack:                    inf
  Source:                 CPU_RESETN
                            (input port)
  Destination:            u_accel/gen_nn_fractional.u_accel/gen_hl2[3].hl2_lif/mul_scaled_result_reg_reg[26]/CLR
                            (recovery check against rising-edge clock sys_clk_pin  {rise@0.000ns fall@5.000ns period=10.000ns})
  Path Group:             (none)
  Path Type:              Recovery (Max at Slow Process Corner)
  Data Path Delay:        13.445ns  (logic 1.631ns (12.131%)  route 11.814ns (87.869%))
  Logic Levels:           2  (IBUF=1 LUT1=1)
  Clock Path Skew:        5.149ns (DCD - SCD + CPR)
    Destination Clock Delay (DCD):    5.149ns
    Source Clock Delay      (SCD):    0.000ns
    Clock Pessimism Removal (CPR):    0.000ns
  Clock Uncertainty:      0.025ns  ((TSJ^2 + TIJ^2)^1/2 + DJ) / 2 + PE
    Total System Jitter     (TSJ):    0.050ns
    Total Input Jitter      (TIJ):    0.000ns
    Discrete Jitter          (DJ):    0.000ns
    Phase Error              (PE):    0.000ns

    Location             Delay type                Incr(ns)  Path(ns)    Netlist Resource(s)
  -------------------------------------------------------------------    -------------------
    C12                                               0.000     0.000 r  CPU_RESETN (IN)
                         net (fo=0)                   0.000     0.000    CPU_RESETN
    C12                  IBUF (Prop_ibuf_I_O)         1.507     1.507 r  CPU_RESETN_IBUF_inst/O
                         net (fo=24, routed)          1.602     3.109    u_accel/gen_nn_fractional.u_accel/fc1/CPU_RESETN_IBUF
    SLICE_X6Y141         LUT1 (Prop_lut1_I0_O)        0.124     3.233 f  u_accel/gen_nn_fractional.u_accel/fc1/FSM_onehot_state[2]_i_2__0/O
                         net (fo=21351, routed)      10.212    13.445    u_accel/gen_nn_fractional.u_accel/gen_hl2[3].hl2_lif/spike_prev_reg_0
    SLICE_X74Y2          FDCE                                         f  u_accel/gen_nn_fractional.u_accel/gen_hl2[3].hl2_lif/mul_scaled_result_reg_reg[26]/CLR
  -------------------------------------------------------------------    -------------------

                         (clock sys_clk_pin rise edge)
                                                      0.000     0.000 r  
    E3                                                0.000     0.000 r  CLK100MHZ (IN)
                         net (fo=0)                   0.000     0.000    CLK100MHZ
    E3                   IBUF (Prop_ibuf_I_O)         1.411     1.411 r  CLK100MHZ_IBUF_inst/O
                         net (fo=1, routed)           1.920     3.331    CLK100MHZ_IBUF
    BUFGCTRL_X0Y16       BUFG (Prop_bufg_I_O)         0.091     3.422 r  CLK100MHZ_IBUF_BUFG_inst/O
                         net (fo=21599, routed)       1.727     5.149    u_accel/gen_nn_fractional.u_accel/gen_hl2[3].hl2_lif/CLK100MHZ_IBUF_BUFG
    SLICE_X74Y2          FDCE                                         r  u_accel/gen_nn_fractional.u_accel/gen_hl2[3].hl2_lif/mul_scaled_result_reg_reg[26]/C

Slack:                    inf
  Source:                 CPU_RESETN
                            (input port)
  Destination:            u_accel/gen_nn_fractional.u_accel/gen_hl2[3].hl2_lif/mul_scaled_result_reg_reg[33]/CLR
                            (recovery check against rising-edge clock sys_clk_pin  {rise@0.000ns fall@5.000ns period=10.000ns})
  Path Group:             (none)
  Path Type:              Recovery (Max at Slow Process Corner)
  Data Path Delay:        13.386ns  (logic 1.631ns (12.184%)  route 11.755ns (87.816%))
  Logic Levels:           2  (IBUF=1 LUT1=1)
  Clock Path Skew:        5.149ns (DCD - SCD + CPR)
    Destination Clock Delay (DCD):    5.149ns
    Source Clock Delay      (SCD):    0.000ns
    Clock Pessimism Removal (CPR):    0.000ns
  Clock Uncertainty:      0.025ns  ((TSJ^2 + TIJ^2)^1/2 + DJ) / 2 + PE
    Total System Jitter     (TSJ):    0.050ns
    Total Input Jitter      (TIJ):    0.000ns
    Discrete Jitter          (DJ):    0.000ns
    Phase Error              (PE):    0.000ns

    Location             Delay type                Incr(ns)  Path(ns)    Netlist Resource(s)
  -------------------------------------------------------------------    -------------------
    C12                                               0.000     0.000 r  CPU_RESETN (IN)
                         net (fo=0)                   0.000     0.000    CPU_RESETN
    C12                  IBUF (Prop_ibuf_I_O)         1.507     1.507 r  CPU_RESETN_IBUF_inst/O
                         net (fo=24, routed)          1.602     3.109    u_accel/gen_nn_fractional.u_accel/fc1/CPU_RESETN_IBUF
    SLICE_X6Y141         LUT1 (Prop_lut1_I0_O)        0.124     3.233 f  u_accel/gen_nn_fractional.u_accel/fc1/FSM_onehot_state[2]_i_2__0/O
                         net (fo=21351, routed)      10.153    13.386    u_accel/gen_nn_fractional.u_accel/gen_hl2[3].hl2_lif/spike_prev_reg_0
    SLICE_X77Y1          FDCE                                         f  u_accel/gen_nn_fractional.u_accel/gen_hl2[3].hl2_lif/mul_scaled_result_reg_reg[33]/CLR
  -------------------------------------------------------------------    -------------------

                         (clock sys_clk_pin rise edge)
                                                      0.000     0.000 r  
    E3                                                0.000     0.000 r  CLK100MHZ (IN)
                         net (fo=0)                   0.000     0.000    CLK100MHZ
    E3                   IBUF (Prop_ibuf_I_O)         1.411     1.411 r  CLK100MHZ_IBUF_inst/O
                         net (fo=1, routed)           1.920     3.331    CLK100MHZ_IBUF
    BUFGCTRL_X0Y16       BUFG (Prop_bufg_I_O)         0.091     3.422 r  CLK100MHZ_IBUF_BUFG_inst/O
                         net (fo=21599, routed)       1.727     5.149    u_accel/gen_nn_fractional.u_accel/gen_hl2[3].hl2_lif/CLK100MHZ_IBUF_BUFG
    SLICE_X77Y1          FDCE                                         r  u_accel/gen_nn_fractional.u_accel/gen_hl2[3].hl2_lif/mul_scaled_result_reg_reg[33]/C

Slack:                    inf
  Source:                 CPU_RESETN
                            (input port)
  Destination:            u_accel/gen_nn_fractional.u_accel/gen_hl2[3].hl2_lif/mul_scaled_result_reg_reg[34]/CLR
                            (recovery check against rising-edge clock sys_clk_pin  {rise@0.000ns fall@5.000ns period=10.000ns})
  Path Group:             (none)
  Path Type:              Recovery (Max at Slow Process Corner)
  Data Path Delay:        13.386ns  (logic 1.631ns (12.184%)  route 11.755ns (87.816%))
  Logic Levels:           2  (IBUF=1 LUT1=1)
  Clock Path Skew:        5.149ns (DCD - SCD + CPR)
    Destination Clock Delay (DCD):    5.149ns
    Source Clock Delay      (SCD):    0.000ns
    Clock Pessimism Removal (CPR):    0.000ns
  Clock Uncertainty:      0.025ns  ((TSJ^2 + TIJ^2)^1/2 + DJ) / 2 + PE
    Total System Jitter     (TSJ):    0.050ns
    Total Input Jitter      (TIJ):    0.000ns
    Discrete Jitter          (DJ):    0.000ns
    Phase Error              (PE):    0.000ns

    Location             Delay type                Incr(ns)  Path(ns)    Netlist Resource(s)
  -------------------------------------------------------------------    -------------------
    C12                                               0.000     0.000 r  CPU_RESETN (IN)
                         net (fo=0)                   0.000     0.000    CPU_RESETN
    C12                  IBUF (Prop_ibuf_I_O)         1.507     1.507 r  CPU_RESETN_IBUF_inst/O
                         net (fo=24, routed)          1.602     3.109    u_accel/gen_nn_fractional.u_accel/fc1/CPU_RESETN_IBUF
    SLICE_X6Y141         LUT1 (Prop_lut1_I0_O)        0.124     3.233 f  u_accel/gen_nn_fractional.u_accel/fc1/FSM_onehot_state[2]_i_2__0/O
                         net (fo=21351, routed)      10.153    13.386    u_accel/gen_nn_fractional.u_accel/gen_hl2[3].hl2_lif/spike_prev_reg_0
    SLICE_X77Y1          FDCE                                         f  u_accel/gen_nn_fractional.u_accel/gen_hl2[3].hl2_lif/mul_scaled_result_reg_reg[34]/CLR
  -------------------------------------------------------------------    -------------------

                         (clock sys_clk_pin rise edge)
                                                      0.000     0.000 r  
    E3                                                0.000     0.000 r  CLK100MHZ (IN)
                         net (fo=0)                   0.000     0.000    CLK100MHZ
    E3                   IBUF (Prop_ibuf_I_O)         1.411     1.411 r  CLK100MHZ_IBUF_inst/O
                         net (fo=1, routed)           1.920     3.331    CLK100MHZ_IBUF
    BUFGCTRL_X0Y16       BUFG (Prop_bufg_I_O)         0.091     3.422 r  CLK100MHZ_IBUF_BUFG_inst/O
                         net (fo=21599, routed)       1.727     5.149    u_accel/gen_nn_fractional.u_accel/gen_hl2[3].hl2_lif/CLK100MHZ_IBUF_BUFG
    SLICE_X77Y1          FDCE                                         r  u_accel/gen_nn_fractional.u_accel/gen_hl2[3].hl2_lif/mul_scaled_result_reg_reg[34]/C

Slack:                    inf
  Source:                 CPU_RESETN
                            (input port)
  Destination:            u_accel/gen_nn_fractional.u_accel/gen_hl2[3].hl2_lif/mul_scaled_result_reg_reg[35]/CLR
                            (recovery check against rising-edge clock sys_clk_pin  {rise@0.000ns fall@5.000ns period=10.000ns})
  Path Group:             (none)
  Path Type:              Recovery (Max at Slow Process Corner)
  Data Path Delay:        13.386ns  (logic 1.631ns (12.184%)  route 11.755ns (87.816%))
  Logic Levels:           2  (IBUF=1 LUT1=1)
  Clock Path Skew:        5.149ns (DCD - SCD + CPR)
    Destination Clock Delay (DCD):    5.149ns
    Source Clock Delay      (SCD):    0.000ns
    Clock Pessimism Removal (CPR):    0.000ns
  Clock Uncertainty:      0.025ns  ((TSJ^2 + TIJ^2)^1/2 + DJ) / 2 + PE
    Total System Jitter     (TSJ):    0.050ns
    Total Input Jitter      (TIJ):    0.000ns
    Discrete Jitter          (DJ):    0.000ns
    Phase Error              (PE):    0.000ns

    Location             Delay type                Incr(ns)  Path(ns)    Netlist Resource(s)
  -------------------------------------------------------------------    -------------------
    C12                                               0.000     0.000 r  CPU_RESETN (IN)
                         net (fo=0)                   0.000     0.000    CPU_RESETN
    C12                  IBUF (Prop_ibuf_I_O)         1.507     1.507 r  CPU_RESETN_IBUF_inst/O
                         net (fo=24, routed)          1.602     3.109    u_accel/gen_nn_fractional.u_accel/fc1/CPU_RESETN_IBUF
    SLICE_X6Y141         LUT1 (Prop_lut1_I0_O)        0.124     3.233 f  u_accel/gen_nn_fractional.u_accel/fc1/FSM_onehot_state[2]_i_2__0/O
                         net (fo=21351, routed)      10.153    13.386    u_accel/gen_nn_fractional.u_accel/gen_hl2[3].hl2_lif/spike_prev_reg_0
    SLICE_X77Y1          FDCE                                         f  u_accel/gen_nn_fractional.u_accel/gen_hl2[3].hl2_lif/mul_scaled_result_reg_reg[35]/CLR
  -------------------------------------------------------------------    -------------------

                         (clock sys_clk_pin rise edge)
                                                      0.000     0.000 r  
    E3                                                0.000     0.000 r  CLK100MHZ (IN)
                         net (fo=0)                   0.000     0.000    CLK100MHZ
    E3                   IBUF (Prop_ibuf_I_O)         1.411     1.411 r  CLK100MHZ_IBUF_inst/O
                         net (fo=1, routed)           1.920     3.331    CLK100MHZ_IBUF
    BUFGCTRL_X0Y16       BUFG (Prop_bufg_I_O)         0.091     3.422 r  CLK100MHZ_IBUF_BUFG_inst/O
                         net (fo=21599, routed)       1.727     5.149    u_accel/gen_nn_fractional.u_accel/gen_hl2[3].hl2_lif/CLK100MHZ_IBUF_BUFG
    SLICE_X77Y1          FDCE                                         r  u_accel/gen_nn_fractional.u_accel/gen_hl2[3].hl2_lif/mul_scaled_result_reg_reg[35]/C

Slack:                    inf
  Source:                 CPU_RESETN
                            (input port)
  Destination:            u_accel/gen_nn_fractional.u_accel/gen_hl2[3].hl2_lif/mul_scaled_result_reg_reg[36]/CLR
                            (recovery check against rising-edge clock sys_clk_pin  {rise@0.000ns fall@5.000ns period=10.000ns})
  Path Group:             (none)
  Path Type:              Recovery (Max at Slow Process Corner)
  Data Path Delay:        13.386ns  (logic 1.631ns (12.184%)  route 11.755ns (87.816%))
  Logic Levels:           2  (IBUF=1 LUT1=1)
  Clock Path Skew:        5.149ns (DCD - SCD + CPR)
    Destination Clock Delay (DCD):    5.149ns
    Source Clock Delay      (SCD):    0.000ns
    Clock Pessimism Removal (CPR):    0.000ns
  Clock Uncertainty:      0.025ns  ((TSJ^2 + TIJ^2)^1/2 + DJ) / 2 + PE
    Total System Jitter     (TSJ):    0.050ns
    Total Input Jitter      (TIJ):    0.000ns
    Discrete Jitter          (DJ):    0.000ns
    Phase Error              (PE):    0.000ns

    Location             Delay type                Incr(ns)  Path(ns)    Netlist Resource(s)
  -------------------------------------------------------------------    -------------------
    C12                                               0.000     0.000 r  CPU_RESETN (IN)
                         net (fo=0)                   0.000     0.000    CPU_RESETN
    C12                  IBUF (Prop_ibuf_I_O)         1.507     1.507 r  CPU_RESETN_IBUF_inst/O
                         net (fo=24, routed)          1.602     3.109    u_accel/gen_nn_fractional.u_accel/fc1/CPU_RESETN_IBUF
    SLICE_X6Y141         LUT1 (Prop_lut1_I0_O)        0.124     3.233 f  u_accel/gen_nn_fractional.u_accel/fc1/FSM_onehot_state[2]_i_2__0/O
                         net (fo=21351, routed)      10.153    13.386    u_accel/gen_nn_fractional.u_accel/gen_hl2[3].hl2_lif/spike_prev_reg_0
    SLICE_X77Y1          FDCE                                         f  u_accel/gen_nn_fractional.u_accel/gen_hl2[3].hl2_lif/mul_scaled_result_reg_reg[36]/CLR
  -------------------------------------------------------------------    -------------------

                         (clock sys_clk_pin rise edge)
                                                      0.000     0.000 r  
    E3                                                0.000     0.000 r  CLK100MHZ (IN)
                         net (fo=0)                   0.000     0.000    CLK100MHZ
    E3                   IBUF (Prop_ibuf_I_O)         1.411     1.411 r  CLK100MHZ_IBUF_inst/O
                         net (fo=1, routed)           1.920     3.331    CLK100MHZ_IBUF
    BUFGCTRL_X0Y16       BUFG (Prop_bufg_I_O)         0.091     3.422 r  CLK100MHZ_IBUF_BUFG_inst/O
                         net (fo=21599, routed)       1.727     5.149    u_accel/gen_nn_fractional.u_accel/gen_hl2[3].hl2_lif/CLK100MHZ_IBUF_BUFG
    SLICE_X77Y1          FDCE                                         r  u_accel/gen_nn_fractional.u_accel/gen_hl2[3].hl2_lif/mul_scaled_result_reg_reg[36]/C





Min Delay Paths
--------------------------------------------------------------------------------------
Slack:                    inf
  Source:                 CPU_RESETN
                            (input port)
  Destination:            u_accel/gen_nn_fractional.u_accel/gen_hl1_lif[26].hl1_lif/numerator_reg_reg[40]/CLR
                            (removal check against rising-edge clock sys_clk_pin  {rise@0.000ns fall@5.000ns period=10.000ns})
  Path Group:             (none)
  Path Type:              Removal (Min at Fast Process Corner)
  Data Path Delay:        1.340ns  (logic 0.320ns (23.851%)  route 1.020ns (76.149%))
  Logic Levels:           2  (IBUF=1 LUT1=1)
  Clock Path Skew:        2.004ns (DCD - SCD - CPR)
    Destination Clock Delay (DCD):    2.004ns
    Source Clock Delay      (SCD):    0.000ns
    Clock Pessimism Removal (CPR):    -0.000ns

    Location             Delay type                Incr(ns)  Path(ns)    Netlist Resource(s)
  -------------------------------------------------------------------    -------------------
    C12                                               0.000     0.000 r  CPU_RESETN (IN)
                         net (fo=0)                   0.000     0.000    CPU_RESETN
    C12                  IBUF (Prop_ibuf_I_O)         0.275     0.275 r  CPU_RESETN_IBUF_inst/O
                         net (fo=24, routed)          0.566     0.840    u_accel/gen_nn_fractional.u_accel/fc1/CPU_RESETN_IBUF
    SLICE_X6Y141         LUT1 (Prop_lut1_I0_O)        0.045     0.885 f  u_accel/gen_nn_fractional.u_accel/fc1/FSM_onehot_state[2]_i_2__0/O
                         net (fo=21351, routed)       0.455     1.340    u_accel/gen_nn_fractional.u_accel/gen_hl1_lif[26].hl1_lif/spike_prev_reg_0
    SLICE_X11Y141        FDCE                                         f  u_accel/gen_nn_fractional.u_accel/gen_hl1_lif[26].hl1_lif/numerator_reg_reg[40]/CLR
  -------------------------------------------------------------------    -------------------

                         (clock sys_clk_pin rise edge)
                                                      0.000     0.000 r  
    E3                                                0.000     0.000 r  CLK100MHZ (IN)
                         net (fo=0)                   0.000     0.000    CLK100MHZ
    E3                   IBUF (Prop_ibuf_I_O)         0.438     0.438 r  CLK100MHZ_IBUF_inst/O
                         net (fo=1, routed)           0.699     1.136    CLK100MHZ_IBUF
    BUFGCTRL_X0Y16       BUFG (Prop_bufg_I_O)         0.029     1.165 r  CLK100MHZ_IBUF_BUFG_inst/O
                         net (fo=21599, routed)       0.839     2.004    u_accel/gen_nn_fractional.u_accel/gen_hl1_lif[26].hl1_lif/CLK100MHZ_IBUF_BUFG
    SLICE_X11Y141        FDCE                                         r  u_accel/gen_nn_fractional.u_accel/gen_hl1_lif[26].hl1_lif/numerator_reg_reg[40]/C

Slack:                    inf
  Source:                 CPU_RESETN
                            (input port)
  Destination:            u_accel/gen_nn_fractional.u_accel/gen_hl1_lif[26].hl1_lif/numerator_reg_reg[41]/CLR
                            (removal check against rising-edge clock sys_clk_pin  {rise@0.000ns fall@5.000ns period=10.000ns})
  Path Group:             (none)
  Path Type:              Removal (Min at Fast Process Corner)
  Data Path Delay:        1.340ns  (logic 0.320ns (23.851%)  route 1.020ns (76.149%))
  Logic Levels:           2  (IBUF=1 LUT1=1)
  Clock Path Skew:        2.004ns (DCD - SCD - CPR)
    Destination Clock Delay (DCD):    2.004ns
    Source Clock Delay      (SCD):    0.000ns
    Clock Pessimism Removal (CPR):    -0.000ns

    Location             Delay type                Incr(ns)  Path(ns)    Netlist Resource(s)
  -------------------------------------------------------------------    -------------------
    C12                                               0.000     0.000 r  CPU_RESETN (IN)
                         net (fo=0)                   0.000     0.000    CPU_RESETN
    C12                  IBUF (Prop_ibuf_I_O)         0.275     0.275 r  CPU_RESETN_IBUF_inst/O
                         net (fo=24, routed)          0.566     0.840    u_accel/gen_nn_fractional.u_accel/fc1/CPU_RESETN_IBUF
    SLICE_X6Y141         LUT1 (Prop_lut1_I0_O)        0.045     0.885 f  u_accel/gen_nn_fractional.u_accel/fc1/FSM_onehot_state[2]_i_2__0/O
                         net (fo=21351, routed)       0.455     1.340    u_accel/gen_nn_fractional.u_accel/gen_hl1_lif[26].hl1_lif/spike_prev_reg_0
    SLICE_X11Y141        FDCE                                         f  u_accel/gen_nn_fractional.u_accel/gen_hl1_lif[26].hl1_lif/numerator_reg_reg[41]/CLR
  -------------------------------------------------------------------    -------------------

                         (clock sys_clk_pin rise edge)
                                                      0.000     0.000 r  
    E3                                                0.000     0.000 r  CLK100MHZ (IN)
                         net (fo=0)                   0.000     0.000    CLK100MHZ
    E3                   IBUF (Prop_ibuf_I_O)         0.438     0.438 r  CLK100MHZ_IBUF_inst/O
                         net (fo=1, routed)           0.699     1.136    CLK100MHZ_IBUF
    BUFGCTRL_X0Y16       BUFG (Prop_bufg_I_O)         0.029     1.165 r  CLK100MHZ_IBUF_BUFG_inst/O
                         net (fo=21599, routed)       0.839     2.004    u_accel/gen_nn_fractional.u_accel/gen_hl1_lif[26].hl1_lif/CLK100MHZ_IBUF_BUFG
    SLICE_X11Y141        FDCE                                         r  u_accel/gen_nn_fractional.u_accel/gen_hl1_lif[26].hl1_lif/numerator_reg_reg[41]/C

Slack:                    inf
  Source:                 CPU_RESETN
                            (input port)
  Destination:            u_accel/gen_nn_fractional.u_accel/gen_hl1_lif[26].hl1_lif/numerator_reg_reg[42]/CLR
                            (removal check against rising-edge clock sys_clk_pin  {rise@0.000ns fall@5.000ns period=10.000ns})
  Path Group:             (none)
  Path Type:              Removal (Min at Fast Process Corner)
  Data Path Delay:        1.340ns  (logic 0.320ns (23.851%)  route 1.020ns (76.149%))
  Logic Levels:           2  (IBUF=1 LUT1=1)
  Clock Path Skew:        2.004ns (DCD - SCD - CPR)
    Destination Clock Delay (DCD):    2.004ns
    Source Clock Delay      (SCD):    0.000ns
    Clock Pessimism Removal (CPR):    -0.000ns

    Location             Delay type                Incr(ns)  Path(ns)    Netlist Resource(s)
  -------------------------------------------------------------------    -------------------
    C12                                               0.000     0.000 r  CPU_RESETN (IN)
                         net (fo=0)                   0.000     0.000    CPU_RESETN
    C12                  IBUF (Prop_ibuf_I_O)         0.275     0.275 r  CPU_RESETN_IBUF_inst/O
                         net (fo=24, routed)          0.566     0.840    u_accel/gen_nn_fractional.u_accel/fc1/CPU_RESETN_IBUF
    SLICE_X6Y141         LUT1 (Prop_lut1_I0_O)        0.045     0.885 f  u_accel/gen_nn_fractional.u_accel/fc1/FSM_onehot_state[2]_i_2__0/O
                         net (fo=21351, routed)       0.455     1.340    u_accel/gen_nn_fractional.u_accel/gen_hl1_lif[26].hl1_lif/spike_prev_reg_0
    SLICE_X11Y141        FDCE                                         f  u_accel/gen_nn_fractional.u_accel/gen_hl1_lif[26].hl1_lif/numerator_reg_reg[42]/CLR
  -------------------------------------------------------------------    -------------------

                         (clock sys_clk_pin rise edge)
                                                      0.000     0.000 r  
    E3                                                0.000     0.000 r  CLK100MHZ (IN)
                         net (fo=0)                   0.000     0.000    CLK100MHZ
    E3                   IBUF (Prop_ibuf_I_O)         0.438     0.438 r  CLK100MHZ_IBUF_inst/O
                         net (fo=1, routed)           0.699     1.136    CLK100MHZ_IBUF
    BUFGCTRL_X0Y16       BUFG (Prop_bufg_I_O)         0.029     1.165 r  CLK100MHZ_IBUF_BUFG_inst/O
                         net (fo=21599, routed)       0.839     2.004    u_accel/gen_nn_fractional.u_accel/gen_hl1_lif[26].hl1_lif/CLK100MHZ_IBUF_BUFG
    SLICE_X11Y141        FDCE                                         r  u_accel/gen_nn_fractional.u_accel/gen_hl1_lif[26].hl1_lif/numerator_reg_reg[42]/C

Slack:                    inf
  Source:                 CPU_RESETN
                            (input port)
  Destination:            u_accel/gen_nn_fractional.u_accel/gen_hl1_lif[26].hl1_lif/numerator_reg_reg[43]/CLR
                            (removal check against rising-edge clock sys_clk_pin  {rise@0.000ns fall@5.000ns period=10.000ns})
  Path Group:             (none)
  Path Type:              Removal (Min at Fast Process Corner)
  Data Path Delay:        1.340ns  (logic 0.320ns (23.851%)  route 1.020ns (76.149%))
  Logic Levels:           2  (IBUF=1 LUT1=1)
  Clock Path Skew:        2.004ns (DCD - SCD - CPR)
    Destination Clock Delay (DCD):    2.004ns
    Source Clock Delay      (SCD):    0.000ns
    Clock Pessimism Removal (CPR):    -0.000ns

    Location             Delay type                Incr(ns)  Path(ns)    Netlist Resource(s)
  -------------------------------------------------------------------    -------------------
    C12                                               0.000     0.000 r  CPU_RESETN (IN)
                         net (fo=0)                   0.000     0.000    CPU_RESETN
    C12                  IBUF (Prop_ibuf_I_O)         0.275     0.275 r  CPU_RESETN_IBUF_inst/O
                         net (fo=24, routed)          0.566     0.840    u_accel/gen_nn_fractional.u_accel/fc1/CPU_RESETN_IBUF
    SLICE_X6Y141         LUT1 (Prop_lut1_I0_O)        0.045     0.885 f  u_accel/gen_nn_fractional.u_accel/fc1/FSM_onehot_state[2]_i_2__0/O
                         net (fo=21351, routed)       0.455     1.340    u_accel/gen_nn_fractional.u_accel/gen_hl1_lif[26].hl1_lif/spike_prev_reg_0
    SLICE_X11Y141        FDCE                                         f  u_accel/gen_nn_fractional.u_accel/gen_hl1_lif[26].hl1_lif/numerator_reg_reg[43]/CLR
  -------------------------------------------------------------------    -------------------

                         (clock sys_clk_pin rise edge)
                                                      0.000     0.000 r  
    E3                                                0.000     0.000 r  CLK100MHZ (IN)
                         net (fo=0)                   0.000     0.000    CLK100MHZ
    E3                   IBUF (Prop_ibuf_I_O)         0.438     0.438 r  CLK100MHZ_IBUF_inst/O
                         net (fo=1, routed)           0.699     1.136    CLK100MHZ_IBUF
    BUFGCTRL_X0Y16       BUFG (Prop_bufg_I_O)         0.029     1.165 r  CLK100MHZ_IBUF_BUFG_inst/O
                         net (fo=21599, routed)       0.839     2.004    u_accel/gen_nn_fractional.u_accel/gen_hl1_lif[26].hl1_lif/CLK100MHZ_IBUF_BUFG
    SLICE_X11Y141        FDCE                                         r  u_accel/gen_nn_fractional.u_accel/gen_hl1_lif[26].hl1_lif/numerator_reg_reg[43]/C

Slack:                    inf
  Source:                 CPU_RESETN
                            (input port)
  Destination:            u_accel/gen_nn_fractional.u_accel/gen_hl1_lif[26].hl1_lif/mul_scaled_result_reg_reg[29]/CLR
                            (removal check against rising-edge clock sys_clk_pin  {rise@0.000ns fall@5.000ns period=10.000ns})
  Path Group:             (none)
  Path Type:              Removal (Min at Fast Process Corner)
  Data Path Delay:        1.386ns  (logic 0.320ns (23.053%)  route 1.067ns (76.947%))
  Logic Levels:           2  (IBUF=1 LUT1=1)
  Clock Path Skew:        2.003ns (DCD - SCD - CPR)
    Destination Clock Delay (DCD):    2.003ns
    Source Clock Delay      (SCD):    0.000ns
    Clock Pessimism Removal (CPR):    -0.000ns

    Location             Delay type                Incr(ns)  Path(ns)    Netlist Resource(s)
  -------------------------------------------------------------------    -------------------
    C12                                               0.000     0.000 r  CPU_RESETN (IN)
                         net (fo=0)                   0.000     0.000    CPU_RESETN
    C12                  IBUF (Prop_ibuf_I_O)         0.275     0.275 r  CPU_RESETN_IBUF_inst/O
                         net (fo=24, routed)          0.566     0.840    u_accel/gen_nn_fractional.u_accel/fc1/CPU_RESETN_IBUF
    SLICE_X6Y141         LUT1 (Prop_lut1_I0_O)        0.045     0.885 f  u_accel/gen_nn_fractional.u_accel/fc1/FSM_onehot_state[2]_i_2__0/O
                         net (fo=21351, routed)       0.501     1.386    u_accel/gen_nn_fractional.u_accel/gen_hl1_lif[26].hl1_lif/spike_prev_reg_0
    SLICE_X8Y138         FDCE                                         f  u_accel/gen_nn_fractional.u_accel/gen_hl1_lif[26].hl1_lif/mul_scaled_result_reg_reg[29]/CLR
  -------------------------------------------------------------------    -------------------

                         (clock sys_clk_pin rise edge)
                                                      0.000     0.000 r  
    E3                                                0.000     0.000 r  CLK100MHZ (IN)
                         net (fo=0)                   0.000     0.000    CLK100MHZ
    E3                   IBUF (Prop_ibuf_I_O)         0.438     0.438 r  CLK100MHZ_IBUF_inst/O
                         net (fo=1, routed)           0.699     1.136    CLK100MHZ_IBUF
    BUFGCTRL_X0Y16       BUFG (Prop_bufg_I_O)         0.029     1.165 r  CLK100MHZ_IBUF_BUFG_inst/O
                         net (fo=21599, routed)       0.838     2.003    u_accel/gen_nn_fractional.u_accel/gen_hl1_lif[26].hl1_lif/CLK100MHZ_IBUF_BUFG
    SLICE_X8Y138         FDCE                                         r  u_accel/gen_nn_fractional.u_accel/gen_hl1_lif[26].hl1_lif/mul_scaled_result_reg_reg[29]/C

Slack:                    inf
  Source:                 CPU_RESETN
                            (input port)
  Destination:            u_accel/gen_nn_fractional.u_accel/gen_hl1_lif[26].hl1_lif/mul_scaled_result_reg_reg[30]/CLR
                            (removal check against rising-edge clock sys_clk_pin  {rise@0.000ns fall@5.000ns period=10.000ns})
  Path Group:             (none)
  Path Type:              Removal (Min at Fast Process Corner)
  Data Path Delay:        1.386ns  (logic 0.320ns (23.053%)  route 1.067ns (76.947%))
  Logic Levels:           2  (IBUF=1 LUT1=1)
  Clock Path Skew:        2.003ns (DCD - SCD - CPR)
    Destination Clock Delay (DCD):    2.003ns
    Source Clock Delay      (SCD):    0.000ns
    Clock Pessimism Removal (CPR):    -0.000ns

    Location             Delay type                Incr(ns)  Path(ns)    Netlist Resource(s)
  -------------------------------------------------------------------    -------------------
    C12                                               0.000     0.000 r  CPU_RESETN (IN)
                         net (fo=0)                   0.000     0.000    CPU_RESETN
    C12                  IBUF (Prop_ibuf_I_O)         0.275     0.275 r  CPU_RESETN_IBUF_inst/O
                         net (fo=24, routed)          0.566     0.840    u_accel/gen_nn_fractional.u_accel/fc1/CPU_RESETN_IBUF
    SLICE_X6Y141         LUT1 (Prop_lut1_I0_O)        0.045     0.885 f  u_accel/gen_nn_fractional.u_accel/fc1/FSM_onehot_state[2]_i_2__0/O
                         net (fo=21351, routed)       0.501     1.386    u_accel/gen_nn_fractional.u_accel/gen_hl1_lif[26].hl1_lif/spike_prev_reg_0
    SLICE_X8Y138         FDCE                                         f  u_accel/gen_nn_fractional.u_accel/gen_hl1_lif[26].hl1_lif/mul_scaled_result_reg_reg[30]/CLR
  -------------------------------------------------------------------    -------------------

                         (clock sys_clk_pin rise edge)
                                                      0.000     0.000 r  
    E3                                                0.000     0.000 r  CLK100MHZ (IN)
                         net (fo=0)                   0.000     0.000    CLK100MHZ
    E3                   IBUF (Prop_ibuf_I_O)         0.438     0.438 r  CLK100MHZ_IBUF_inst/O
                         net (fo=1, routed)           0.699     1.136    CLK100MHZ_IBUF
    BUFGCTRL_X0Y16       BUFG (Prop_bufg_I_O)         0.029     1.165 r  CLK100MHZ_IBUF_BUFG_inst/O
                         net (fo=21599, routed)       0.838     2.003    u_accel/gen_nn_fractional.u_accel/gen_hl1_lif[26].hl1_lif/CLK100MHZ_IBUF_BUFG
    SLICE_X8Y138         FDCE                                         r  u_accel/gen_nn_fractional.u_accel/gen_hl1_lif[26].hl1_lif/mul_scaled_result_reg_reg[30]/C

Slack:                    inf
  Source:                 CPU_RESETN
                            (input port)
  Destination:            u_accel/gen_nn_fractional.u_accel/gen_hl1_lif[26].hl1_lif/mul_scaled_result_reg_reg[31]/CLR
                            (removal check against rising-edge clock sys_clk_pin  {rise@0.000ns fall@5.000ns period=10.000ns})
  Path Group:             (none)
  Path Type:              Removal (Min at Fast Process Corner)
  Data Path Delay:        1.386ns  (logic 0.320ns (23.053%)  route 1.067ns (76.947%))
  Logic Levels:           2  (IBUF=1 LUT1=1)
  Clock Path Skew:        2.003ns (DCD - SCD - CPR)
    Destination Clock Delay (DCD):    2.003ns
    Source Clock Delay      (SCD):    0.000ns
    Clock Pessimism Removal (CPR):    -0.000ns

    Location             Delay type                Incr(ns)  Path(ns)    Netlist Resource(s)
  -------------------------------------------------------------------    -------------------
    C12                                               0.000     0.000 r  CPU_RESETN (IN)
                         net (fo=0)                   0.000     0.000    CPU_RESETN
    C12                  IBUF (Prop_ibuf_I_O)         0.275     0.275 r  CPU_RESETN_IBUF_inst/O
                         net (fo=24, routed)          0.566     0.840    u_accel/gen_nn_fractional.u_accel/fc1/CPU_RESETN_IBUF
    SLICE_X6Y141         LUT1 (Prop_lut1_I0_O)        0.045     0.885 f  u_accel/gen_nn_fractional.u_accel/fc1/FSM_onehot_state[2]_i_2__0/O
                         net (fo=21351, routed)       0.501     1.386    u_accel/gen_nn_fractional.u_accel/gen_hl1_lif[26].hl1_lif/spike_prev_reg_0
    SLICE_X8Y138         FDCE                                         f  u_accel/gen_nn_fractional.u_accel/gen_hl1_lif[26].hl1_lif/mul_scaled_result_reg_reg[31]/CLR
  -------------------------------------------------------------------    -------------------

                         (clock sys_clk_pin rise edge)
                                                      0.000     0.000 r  
    E3                                                0.000     0.000 r  CLK100MHZ (IN)
                         net (fo=0)                   0.000     0.000    CLK100MHZ
    E3                   IBUF (Prop_ibuf_I_O)         0.438     0.438 r  CLK100MHZ_IBUF_inst/O
                         net (fo=1, routed)           0.699     1.136    CLK100MHZ_IBUF
    BUFGCTRL_X0Y16       BUFG (Prop_bufg_I_O)         0.029     1.165 r  CLK100MHZ_IBUF_BUFG_inst/O
                         net (fo=21599, routed)       0.838     2.003    u_accel/gen_nn_fractional.u_accel/gen_hl1_lif[26].hl1_lif/CLK100MHZ_IBUF_BUFG
    SLICE_X8Y138         FDCE                                         r  u_accel/gen_nn_fractional.u_accel/gen_hl1_lif[26].hl1_lif/mul_scaled_result_reg_reg[31]/C

Slack:                    inf
  Source:                 CPU_RESETN
                            (input port)
  Destination:            u_accel/gen_nn_fractional.u_accel/gen_hl1_lif[26].hl1_lif/mul_scaled_result_reg_reg[32]/CLR
                            (removal check against rising-edge clock sys_clk_pin  {rise@0.000ns fall@5.000ns period=10.000ns})
  Path Group:             (none)
  Path Type:              Removal (Min at Fast Process Corner)
  Data Path Delay:        1.386ns  (logic 0.320ns (23.053%)  route 1.067ns (76.947%))
  Logic Levels:           2  (IBUF=1 LUT1=1)
  Clock Path Skew:        2.003ns (DCD - SCD - CPR)
    Destination Clock Delay (DCD):    2.003ns
    Source Clock Delay      (SCD):    0.000ns
    Clock Pessimism Removal (CPR):    -0.000ns

    Location             Delay type                Incr(ns)  Path(ns)    Netlist Resource(s)
  -------------------------------------------------------------------    -------------------
    C12                                               0.000     0.000 r  CPU_RESETN (IN)
                         net (fo=0)                   0.000     0.000    CPU_RESETN
    C12                  IBUF (Prop_ibuf_I_O)         0.275     0.275 r  CPU_RESETN_IBUF_inst/O
                         net (fo=24, routed)          0.566     0.840    u_accel/gen_nn_fractional.u_accel/fc1/CPU_RESETN_IBUF
    SLICE_X6Y141         LUT1 (Prop_lut1_I0_O)        0.045     0.885 f  u_accel/gen_nn_fractional.u_accel/fc1/FSM_onehot_state[2]_i_2__0/O
                         net (fo=21351, routed)       0.501     1.386    u_accel/gen_nn_fractional.u_accel/gen_hl1_lif[26].hl1_lif/spike_prev_reg_0
    SLICE_X8Y138         FDCE                                         f  u_accel/gen_nn_fractional.u_accel/gen_hl1_lif[26].hl1_lif/mul_scaled_result_reg_reg[32]/CLR
  -------------------------------------------------------------------    -------------------

                         (clock sys_clk_pin rise edge)
                                                      0.000     0.000 r  
    E3                                                0.000     0.000 r  CLK100MHZ (IN)
                         net (fo=0)                   0.000     0.000    CLK100MHZ
    E3                   IBUF (Prop_ibuf_I_O)         0.438     0.438 r  CLK100MHZ_IBUF_inst/O
                         net (fo=1, routed)           0.699     1.136    CLK100MHZ_IBUF
    BUFGCTRL_X0Y16       BUFG (Prop_bufg_I_O)         0.029     1.165 r  CLK100MHZ_IBUF_BUFG_inst/O
                         net (fo=21599, routed)       0.838     2.003    u_accel/gen_nn_fractional.u_accel/gen_hl1_lif[26].hl1_lif/CLK100MHZ_IBUF_BUFG
    SLICE_X8Y138         FDCE                                         r  u_accel/gen_nn_fractional.u_accel/gen_hl1_lif[26].hl1_lif/mul_scaled_result_reg_reg[32]/C

Slack:                    inf
  Source:                 CPU_RESETN
                            (input port)
  Destination:            u_accel/gen_nn_fractional.u_accel/gen_hl1_lif[26].hl1_lif/numerator_reg_reg[44]/CLR
                            (removal check against rising-edge clock sys_clk_pin  {rise@0.000ns fall@5.000ns period=10.000ns})
  Path Group:             (none)
  Path Type:              Removal (Min at Fast Process Corner)
  Data Path Delay:        1.393ns  (logic 0.320ns (22.937%)  route 1.074ns (77.063%))
  Logic Levels:           2  (IBUF=1 LUT1=1)
  Clock Path Skew:        2.004ns (DCD - SCD - CPR)
    Destination Clock Delay (DCD):    2.004ns
    Source Clock Delay      (SCD):    0.000ns
    Clock Pessimism Removal (CPR):    -0.000ns

    Location             Delay type                Incr(ns)  Path(ns)    Netlist Resource(s)
  -------------------------------------------------------------------    -------------------
    C12                                               0.000     0.000 r  CPU_RESETN (IN)
                         net (fo=0)                   0.000     0.000    CPU_RESETN
    C12                  IBUF (Prop_ibuf_I_O)         0.275     0.275 r  CPU_RESETN_IBUF_inst/O
                         net (fo=24, routed)          0.566     0.840    u_accel/gen_nn_fractional.u_accel/fc1/CPU_RESETN_IBUF
    SLICE_X6Y141         LUT1 (Prop_lut1_I0_O)        0.045     0.885 f  u_accel/gen_nn_fractional.u_accel/fc1/FSM_onehot_state[2]_i_2__0/O
                         net (fo=21351, routed)       0.508     1.393    u_accel/gen_nn_fractional.u_accel/gen_hl1_lif[26].hl1_lif/spike_prev_reg_0
    SLICE_X11Y142        FDCE                                         f  u_accel/gen_nn_fractional.u_accel/gen_hl1_lif[26].hl1_lif/numerator_reg_reg[44]/CLR
  -------------------------------------------------------------------    -------------------

                         (clock sys_clk_pin rise edge)
                                                      0.000     0.000 r  
    E3                                                0.000     0.000 r  CLK100MHZ (IN)
                         net (fo=0)                   0.000     0.000    CLK100MHZ
    E3                   IBUF (Prop_ibuf_I_O)         0.438     0.438 r  CLK100MHZ_IBUF_inst/O
                         net (fo=1, routed)           0.699     1.136    CLK100MHZ_IBUF
    BUFGCTRL_X0Y16       BUFG (Prop_bufg_I_O)         0.029     1.165 r  CLK100MHZ_IBUF_BUFG_inst/O
                         net (fo=21599, routed)       0.839     2.004    u_accel/gen_nn_fractional.u_accel/gen_hl1_lif[26].hl1_lif/CLK100MHZ_IBUF_BUFG
    SLICE_X11Y142        FDCE                                         r  u_accel/gen_nn_fractional.u_accel/gen_hl1_lif[26].hl1_lif/numerator_reg_reg[44]/C

Slack:                    inf
  Source:                 CPU_RESETN
                            (input port)
  Destination:            u_accel/gen_nn_fractional.u_accel/gen_hl1_lif[26].hl1_lif/mul_scaled_result_reg_reg[33]/CLR
                            (removal check against rising-edge clock sys_clk_pin  {rise@0.000ns fall@5.000ns period=10.000ns})
  Path Group:             (none)
  Path Type:              Removal (Min at Fast Process Corner)
  Data Path Delay:        1.464ns  (logic 0.320ns (21.826%)  route 1.145ns (78.174%))
  Logic Levels:           2  (IBUF=1 LUT1=1)
  Clock Path Skew:        1.998ns (DCD - SCD - CPR)
    Destination Clock Delay (DCD):    1.998ns
    Source Clock Delay      (SCD):    0.000ns
    Clock Pessimism Removal (CPR):    -0.000ns

    Location             Delay type                Incr(ns)  Path(ns)    Netlist Resource(s)
  -------------------------------------------------------------------    -------------------
    C12                                               0.000     0.000 r  CPU_RESETN (IN)
                         net (fo=0)                   0.000     0.000    CPU_RESETN
    C12                  IBUF (Prop_ibuf_I_O)         0.275     0.275 r  CPU_RESETN_IBUF_inst/O
                         net (fo=24, routed)          0.566     0.840    u_accel/gen_nn_fractional.u_accel/fc1/CPU_RESETN_IBUF
    SLICE_X6Y141         LUT1 (Prop_lut1_I0_O)        0.045     0.885 f  u_accel/gen_nn_fractional.u_accel/fc1/FSM_onehot_state[2]_i_2__0/O
                         net (fo=21351, routed)       0.579     1.464    u_accel/gen_nn_fractional.u_accel/gen_hl1_lif[26].hl1_lif/spike_prev_reg_0
    SLICE_X10Y133        FDCE                                         f  u_accel/gen_nn_fractional.u_accel/gen_hl1_lif[26].hl1_lif/mul_scaled_result_reg_reg[33]/CLR
  -------------------------------------------------------------------    -------------------

                         (clock sys_clk_pin rise edge)
                                                      0.000     0.000 r  
    E3                                                0.000     0.000 r  CLK100MHZ (IN)
                         net (fo=0)                   0.000     0.000    CLK100MHZ
    E3                   IBUF (Prop_ibuf_I_O)         0.438     0.438 r  CLK100MHZ_IBUF_inst/O
                         net (fo=1, routed)           0.699     1.136    CLK100MHZ_IBUF
    BUFGCTRL_X0Y16       BUFG (Prop_bufg_I_O)         0.029     1.165 r  CLK100MHZ_IBUF_BUFG_inst/O
                         net (fo=21599, routed)       0.833     1.998    u_accel/gen_nn_fractional.u_accel/gen_hl1_lif[26].hl1_lif/CLK100MHZ_IBUF_BUFG
    SLICE_X10Y133        FDCE                                         r  u_accel/gen_nn_fractional.u_accel/gen_hl1_lif[26].hl1_lif/mul_scaled_result_reg_reg[33]/C





