Copyright 1986-2022 Xilinx, Inc. All Rights Reserved. Copyright 2022-2025 Advanced Micro Devices, Inc. All Rights Reserved.
---------------------------------------------------------------------------------------------------------------------------------------------
| Tool Version : Vivado v.2025.1 (lin64) Build 6140274 Wed May 21 22:58:25 MDT 2025
| Date         : Fri May 22 21:05:21 2026
| Host         : niklas.ece.pdx.edu running 64-bit Pop!_OS 22.04 LTS
| Command      : report_control_sets -verbose -file board_top_fractional_32_8_8_control_sets_placed.rpt
| Design       : board_top_fractional_32_8_8
| Device       : xc7a100t
---------------------------------------------------------------------------------------------------------------------------------------------

Control Set Information

Table of Contents
-----------------
1. Summary
2. Histogram
3. Flip-Flop Distribution
4. Detailed Control Set Information

1. Summary
----------

+----------------------------------------------------------+-------+
|                          Status                          | Count |
+----------------------------------------------------------+-------+
| Total control sets                                       |   710 |
|    Minimum number of control sets                        |   710 |
|    Addition due to synthesis replication                 |     0 |
|    Addition due to physical synthesis replication        |     0 |
| Unused register locations in slices containing registers |   666 |
+----------------------------------------------------------+-------+
* Control sets can be merged at opt_design using control_set_merge or merge_equivalent_drivers
** Run report_qor_suggestions for automated merging and remapping suggestions


2. Histogram
------------

+--------------------+-------+
|       Fanout       | Count |
+--------------------+-------+
| Total control sets |   710 |
| >= 0 to < 4        |     2 |
| >= 4 to < 6        |    38 |
| >= 6 to < 8        |     0 |
| >= 8 to < 10       |    49 |
| >= 10 to < 12      |     1 |
| >= 12 to < 14      |     1 |
| >= 14 to < 16      |     1 |
| >= 16              |   618 |
+--------------------+-------+
* Control sets can be remapped at either synth_design or opt_design


3. Flip-Flop Distribution
-------------------------

+--------------+-----------------------+------------------------+-----------------+--------------+
| Clock Enable | Synchronous Set/Reset | Asynchronous Set/Reset | Total Registers | Total Slices |
+--------------+-----------------------+------------------------+-----------------+--------------+
| No           | No                    | No                     |              25 |            7 |
| No           | No                    | Yes                    |             466 |          243 |
| No           | Yes                   | No                     |               0 |            0 |
| Yes          | No                    | No                     |              79 |           37 |
| Yes          | No                    | Yes                    |           20604 |         6250 |
| Yes          | Yes                   | No                     |              56 |           16 |
+--------------+-----------------------+------------------------+-----------------+--------------+


4. Detailed Control Set Information
-----------------------------------

+----------------------+--------------------------------------------------------------------------------------------------+--------------------------------------------------+------------------+----------------+--------------+
|     Clock Signal     |                                           Enable Signal                                          |                 Set/Reset Signal                 | Slice Load Count | Bel Load Count | Bels / Slice |
+----------------------+--------------------------------------------------------------------------------------------------+--------------------------------------------------+------------------+----------------+--------------+
|  CLK100MHZ_IBUF_BUFG | u_accel/gen_nn_fractional.u_accel/q_accum/selected_action[0]_i_1__0_n_0                          | u_accel/gen_nn_fractional.u_accel/fc1/CPU_RESETN |                1 |              1 |         1.00 |
|  CLK100MHZ_IBUF_BUFG | u_accel/gen_nn_fractional.u_accel/done_reg_0                                                     | u_accel/gen_nn_fractional.u_accel/fc1/CPU_RESETN |                1 |              1 |         1.00 |
|  CLK100MHZ_IBUF_BUFG | u_accel/gen_nn_fractional.u_accel/gen_hl1_lif[7].hl1_lif/history_ptr[2]_i_1__23_n_0              | u_accel/gen_nn_fractional.u_accel/fc1/CPU_RESETN |                2 |              4 |         2.00 |
|  CLK100MHZ_IBUF_BUFG | u_accel/gen_nn_fractional.u_accel/gen_hl1_lif[5].hl1_lif/history_ptr[2]_i_1__25_n_0              | u_accel/gen_nn_fractional.u_accel/fc1/CPU_RESETN |                2 |              4 |         2.00 |
|  CLK100MHZ_IBUF_BUFG | u_accel/gen_nn_fractional.u_accel/gen_hl1_lif[8].hl1_lif/history_ptr[2]_i_1__22_n_0              | u_accel/gen_nn_fractional.u_accel/fc1/CPU_RESETN |                2 |              4 |         2.00 |
|  CLK100MHZ_IBUF_BUFG | u_accel/gen_nn_fractional.u_accel/gen_hl1_lif[13].hl1_lif/history_ptr[2]_i_1__14_n_0             | u_accel/gen_nn_fractional.u_accel/fc1/CPU_RESETN |                1 |              4 |         4.00 |
|  CLK100MHZ_IBUF_BUFG | u_accel/gen_nn_fractional.u_accel/gen_hl1_lif[21].hl1_lif/history_ptr[2]_i_1__6_n_0              | u_accel/gen_nn_fractional.u_accel/fc1/CPU_RESETN |                1 |              4 |         4.00 |
|  CLK100MHZ_IBUF_BUFG | u_accel/gen_nn_fractional.u_accel/gen_hl1_lif[9].hl1_lif/history_ptr[2]_i_1__18_n_0              | u_accel/gen_nn_fractional.u_accel/fc1/CPU_RESETN |                1 |              4 |         4.00 |
|  CLK100MHZ_IBUF_BUFG | u_accel/gen_nn_fractional.u_accel/gen_hl1_lif[14].hl1_lif/history_ptr[2]_i_1__13_n_0             | u_accel/gen_nn_fractional.u_accel/fc1/CPU_RESETN |                1 |              4 |         4.00 |
|  CLK100MHZ_IBUF_BUFG | u_accel/gen_nn_fractional.u_accel/gen_hl1_lif[15].hl1_lif/history_ptr[2]_i_1__12_n_0             | u_accel/gen_nn_fractional.u_accel/fc1/CPU_RESETN |                1 |              4 |         4.00 |
|  CLK100MHZ_IBUF_BUFG | u_accel/gen_nn_fractional.u_accel/gen_hl1_lif[16].hl1_lif/history_ptr[2]_i_1__11_n_0             | u_accel/gen_nn_fractional.u_accel/fc1/CPU_RESETN |                2 |              4 |         2.00 |
|  CLK100MHZ_IBUF_BUFG | u_accel/gen_nn_fractional.u_accel/gen_hl1_lif[17].hl1_lif/history_ptr[2]_i_1__10_n_0             | u_accel/gen_nn_fractional.u_accel/fc1/CPU_RESETN |                2 |              4 |         2.00 |
|  CLK100MHZ_IBUF_BUFG | u_accel/gen_nn_fractional.u_accel/gen_hl1_lif[18].hl1_lif/history_ptr[2]_i_1__9_n_0              | u_accel/gen_nn_fractional.u_accel/fc1/CPU_RESETN |                1 |              4 |         4.00 |
|  CLK100MHZ_IBUF_BUFG | u_accel/gen_nn_fractional.u_accel/gen_hl1_lif[19].hl1_lif/history_ptr[2]_i_1__8_n_0              | u_accel/gen_nn_fractional.u_accel/fc1/CPU_RESETN |                1 |              4 |         4.00 |
|  CLK100MHZ_IBUF_BUFG | u_accel/gen_nn_fractional.u_accel/gen_hl1_lif[20].hl1_lif/history_ptr[2]_i_1__7_n_0              | u_accel/gen_nn_fractional.u_accel/fc1/CPU_RESETN |                1 |              4 |         4.00 |
|  CLK100MHZ_IBUF_BUFG | u_accel/gen_nn_fractional.u_accel/fc1/input_idx[1]_i_1_n_0                                       | u_accel/gen_nn_fractional.u_accel/fc1/CPU_RESETN |                2 |              4 |         2.00 |
|  CLK100MHZ_IBUF_BUFG | u_accel/gen_nn_fractional.u_accel/fc1/E[0]                                                       | u_accel/gen_nn_fractional.u_accel/fc1/CPU_RESETN |                1 |              4 |         4.00 |
|  CLK100MHZ_IBUF_BUFG | u_accel/gen_nn_fractional.u_accel/gen_hl1_lif[1].hl1_lif/history_ptr[2]_i_1__29_n_0              | u_accel/gen_nn_fractional.u_accel/fc1/CPU_RESETN |                1 |              4 |         4.00 |
|  CLK100MHZ_IBUF_BUFG | u_accel/gen_nn_fractional.u_accel/gen_hl1_lif[0].hl1_lif/history_ptr[2]_i_1__30_n_0              | u_accel/gen_nn_fractional.u_accel/fc1/CPU_RESETN |                1 |              4 |         4.00 |
|  CLK100MHZ_IBUF_BUFG | u_accel/gen_nn_fractional.u_accel/gen_hl1_lif[25].hl1_lif/history_ptr[2]_i_1__2_n_0              | u_accel/gen_nn_fractional.u_accel/fc1/CPU_RESETN |                1 |              4 |         4.00 |
|  CLK100MHZ_IBUF_BUFG | u_accel/gen_nn_fractional.u_accel/gen_hl1_lif[26].hl1_lif/history_ptr[2]_i_1__3_n_0              | u_accel/gen_nn_fractional.u_accel/fc1/CPU_RESETN |                2 |              4 |         2.00 |
|  CLK100MHZ_IBUF_BUFG | u_accel/gen_nn_fractional.u_accel/gen_hl1_lif[27].hl1_lif/history_ptr[2]_i_1__21_n_0             | u_accel/gen_nn_fractional.u_accel/fc1/CPU_RESETN |                1 |              4 |         4.00 |
|  CLK100MHZ_IBUF_BUFG | u_accel/gen_nn_fractional.u_accel/gen_hl1_lif[28].hl1_lif/history_ptr[2]_i_1__5_n_0              | u_accel/gen_nn_fractional.u_accel/fc1/CPU_RESETN |                1 |              4 |         4.00 |
|  CLK100MHZ_IBUF_BUFG | u_accel/gen_nn_fractional.u_accel/gen_hl1_lif[12].hl1_lif/history_ptr[2]_i_1__15_n_0             | u_accel/gen_nn_fractional.u_accel/fc1/CPU_RESETN |                2 |              4 |         2.00 |
|  CLK100MHZ_IBUF_BUFG | u_accel/gen_nn_fractional.u_accel/gen_hl1_lif[23].hl1_lif/history_ptr[2]_i_1__0_n_0              | u_accel/gen_nn_fractional.u_accel/fc1/CPU_RESETN |                1 |              4 |         4.00 |
|  CLK100MHZ_IBUF_BUFG | u_accel/gen_nn_fractional.u_accel/gen_hl1_lif[29].hl1_lif/history_ptr[2]_i_1__4_n_0              | u_accel/gen_nn_fractional.u_accel/fc1/CPU_RESETN |                1 |              4 |         4.00 |
|  CLK100MHZ_IBUF_BUFG | u_accel/gen_nn_fractional.u_accel/gen_hl1_lif[2].hl1_lif/history_ptr[2]_i_1__28_n_0              | u_accel/gen_nn_fractional.u_accel/fc1/CPU_RESETN |                2 |              4 |         2.00 |
|  CLK100MHZ_IBUF_BUFG | u_accel/gen_nn_fractional.u_accel/gen_hl1_lif[6].hl1_lif/history_ptr[2]_i_1__24_n_0              | u_accel/gen_nn_fractional.u_accel/fc1/CPU_RESETN |                1 |              4 |         4.00 |
|  CLK100MHZ_IBUF_BUFG | u_accel/gen_nn_fractional.u_accel/fc2_start                                                      | u_accel/gen_nn_fractional.u_accel/fc1/CPU_RESETN |                1 |              4 |         4.00 |
|  CLK100MHZ_IBUF_BUFG | u_accel/gen_nn_fractional.u_accel/gen_hl1_lif[30].hl1_lif/history_ptr[2]_i_1__19_n_0             | u_accel/gen_nn_fractional.u_accel/fc1/CPU_RESETN |                2 |              4 |         2.00 |
|  CLK100MHZ_IBUF_BUFG | u_accel/gen_nn_fractional.u_accel/gen_hl1_lif[31].hl1_lif/history_ptr[2]_i_1__20_n_0             | u_accel/gen_nn_fractional.u_accel/fc1/CPU_RESETN |                2 |              4 |         2.00 |
|  CLK100MHZ_IBUF_BUFG | u_accel/gen_nn_fractional.u_accel/gen_hl1_lif[22].hl1_lif/history_ptr[2]_i_1_n_0                 | u_accel/gen_nn_fractional.u_accel/fc1/CPU_RESETN |                2 |              4 |         2.00 |
|  CLK100MHZ_IBUF_BUFG | u_accel/gen_nn_fractional.u_accel/gen_hl1_lif[3].hl1_lif/history_ptr[2]_i_1__27_n_0              | u_accel/gen_nn_fractional.u_accel/fc1/CPU_RESETN |                2 |              4 |         2.00 |
|  CLK100MHZ_IBUF_BUFG | u_accel/gen_nn_fractional.u_accel/gen_hl1_lif[4].hl1_lif/history_ptr[2]_i_1__26_n_0              | u_accel/gen_nn_fractional.u_accel/fc1/CPU_RESETN |                2 |              4 |         2.00 |
|  CLK100MHZ_IBUF_BUFG | u_accel/gen_nn_fractional.u_accel/gen_hl1_lif[24].hl1_lif/history_ptr[2]_i_1__1_n_0              | u_accel/gen_nn_fractional.u_accel/fc1/CPU_RESETN |                2 |              4 |         2.00 |
|  CLK100MHZ_IBUF_BUFG | u_accel/u_ctrl/resp_pending_len[3]_i_1_n_0                                                       | u_accel/gen_nn_fractional.u_accel/fc1/CPU_RESETN |                2 |              4 |         2.00 |
|  CLK100MHZ_IBUF_BUFG | u_accel/gen_nn_fractional.u_accel/gen_hl1_lif[10].hl1_lif/history_ptr[2]_i_1__17_n_0             | u_accel/gen_nn_fractional.u_accel/fc1/CPU_RESETN |                2 |              4 |         2.00 |
|  CLK100MHZ_IBUF_BUFG | u_accel/gen_nn_fractional.u_accel/gen_hl1_lif[11].hl1_lif/history_ptr[2]_i_1__16_n_0             | u_accel/gen_nn_fractional.u_accel/fc1/CPU_RESETN |                2 |              4 |         2.00 |
|  CLK100MHZ_IBUF_BUFG | u_accel/u_ctrl/tx_active0                                                                        | u_accel/gen_nn_fractional.u_accel/fc1/CPU_RESETN |                2 |              5 |         2.50 |
|  CLK100MHZ_IBUF_BUFG | u_accel/gen_nn_fractional.u_accel/q_accum/E[0]                                                   | u_accel/gen_nn_fractional.u_accel/fc1/CPU_RESETN |                2 |              5 |         2.50 |
|  CLK100MHZ_IBUF_BUFG | u_accel/u_ctrl/tx_frame[15][7]_i_2_n_0                                                           | u_accel/u_ctrl/tx_frame[15][7]_i_1_n_0           |                2 |              8 |         4.00 |
|  CLK100MHZ_IBUF_BUFG | u_accel/u_ctrl/rsp_payload[3][7]_i_1_n_0                                                         | u_accel/gen_nn_fractional.u_accel/fc1/CPU_RESETN |                7 |              8 |         1.14 |
|  CLK100MHZ_IBUF_BUFG | u_accel/u_ctrl/rsp_payload[4][7]_i_1_n_0                                                         | u_accel/gen_nn_fractional.u_accel/fc1/CPU_RESETN |                6 |              8 |         1.33 |
|  CLK100MHZ_IBUF_BUFG | u_accel/u_ctrl/rsp_payload[5][7]_i_1_n_0                                                         | u_accel/gen_nn_fractional.u_accel/fc1/CPU_RESETN |                7 |              8 |         1.14 |
|  CLK100MHZ_IBUF_BUFG | u_accel/u_ctrl/rsp_payload[6][7]_i_1_n_0                                                         | u_accel/gen_nn_fractional.u_accel/fc1/CPU_RESETN |                8 |              8 |         1.00 |
|  CLK100MHZ_IBUF_BUFG | u_accel/u_ctrl/rsp_payload[7][7]_i_1_n_0                                                         | u_accel/gen_nn_fractional.u_accel/fc1/CPU_RESETN |                7 |              8 |         1.14 |
|  CLK100MHZ_IBUF_BUFG | u_accel/u_ctrl/tx_frame[10][7]_i_1_n_0                                                           |                                                  |                4 |              8 |         2.00 |
|  CLK100MHZ_IBUF_BUFG | u_accel/u_ctrl/tx_frame[11][7]_i_2_n_0                                                           | u_accel/u_ctrl/tx_frame[11][7]_i_1_n_0           |                3 |              8 |         2.67 |
|  CLK100MHZ_IBUF_BUFG | u_accel/u_ctrl/tx_frame[12][7]_i_2_n_0                                                           | u_accel/u_ctrl/tx_frame[12][7]_i_1_n_0           |                2 |              8 |         4.00 |
|  CLK100MHZ_IBUF_BUFG | u_accel/u_ctrl/tx_frame[13][7]_i_2_n_0                                                           | u_accel/u_ctrl/tx_frame[13][7]_i_1_n_0           |                2 |              8 |         4.00 |
|  CLK100MHZ_IBUF_BUFG | u_accel/u_ctrl/tx_frame[14][7]_i_2_n_0                                                           | u_accel/u_ctrl/tx_frame[14][7]_i_1_n_0           |                2 |              8 |         4.00 |
|  CLK100MHZ_IBUF_BUFG | u_accel/u_ctrl/observations[2][15]_i_1_n_0                                                       | u_accel/gen_nn_fractional.u_accel/fc1/CPU_RESETN |                5 |              8 |         1.60 |
|  CLK100MHZ_IBUF_BUFG | u_accel/u_ctrl/tx_frame[16][7]_i_2_n_0                                                           | u_accel/u_ctrl/tx_frame[16][7]_i_1_n_0           |                2 |              8 |         4.00 |
|  CLK100MHZ_IBUF_BUFG | u_accel/u_ctrl/tx_frame[17][7]_i_2_n_0                                                           | u_accel/u_ctrl/tx_frame[17][7]_i_1_n_0           |                3 |              8 |         2.67 |
|  CLK100MHZ_IBUF_BUFG | u_accel/u_ctrl/tx_frame[18][7]_i_1_n_0                                                           |                                                  |                4 |              8 |         2.00 |
|  CLK100MHZ_IBUF_BUFG | u_accel/u_ctrl/tx_frame[4][7]_i_1_n_0                                                            |                                                  |                3 |              8 |         2.67 |
|  CLK100MHZ_IBUF_BUFG | u_accel/u_ctrl/tx_frame[5][7]_i_1_n_0                                                            |                                                  |                3 |              8 |         2.67 |
|  CLK100MHZ_IBUF_BUFG | u_accel/u_ctrl/tx_frame[6][7]_i_1_n_0                                                            |                                                  |                3 |              8 |         2.67 |
|  CLK100MHZ_IBUF_BUFG | u_accel/u_ctrl/tx_frame[7][7]_i_1_n_0                                                            |                                                  |                3 |              8 |         2.67 |
|  CLK100MHZ_IBUF_BUFG | u_accel/u_ctrl/tx_frame[8][7]_i_1_n_0                                                            |                                                  |                5 |              8 |         1.60 |
|  CLK100MHZ_IBUF_BUFG | u_accel/u_ctrl/tx_frame[9][7]_i_1_n_0                                                            |                                                  |                5 |              8 |         1.60 |
|  CLK100MHZ_IBUF_BUFG | u_accel/u_ctrl/tx_idx[7]_i_1_n_0                                                                 | u_accel/gen_nn_fractional.u_accel/fc1/CPU_RESETN |                2 |              8 |         4.00 |
|  CLK100MHZ_IBUF_BUFG | u_accel/u_ctrl/tx_start_i_1_n_0                                                                  | u_accel/gen_nn_fractional.u_accel/fc1/CPU_RESETN |                4 |              8 |         2.00 |
|  CLK100MHZ_IBUF_BUFG | u_accel/u_uart_rx/data_out[7]_i_1_n_0                                                            | u_accel/gen_nn_fractional.u_accel/fc1/CPU_RESETN |                2 |              8 |         4.00 |
|  CLK100MHZ_IBUF_BUFG | u_accel/u_uart_tx/data_latched_0                                                                 | u_accel/gen_nn_fractional.u_accel/fc1/CPU_RESETN |                2 |              8 |         4.00 |
|  CLK100MHZ_IBUF_BUFG | u_accel/u_ctrl/observations[0][7]_i_1_n_0                                                        | u_accel/gen_nn_fractional.u_accel/fc1/CPU_RESETN |                5 |              8 |         1.60 |
|  CLK100MHZ_IBUF_BUFG | u_accel/u_ctrl/cmd_payload[5][7]_i_1_n_0                                                         | u_accel/gen_nn_fractional.u_accel/fc1/CPU_RESETN |                3 |              8 |         2.67 |
|  CLK100MHZ_IBUF_BUFG | u_accel/u_ctrl/cmd_payload[4][7]_i_1_n_0                                                         | u_accel/gen_nn_fractional.u_accel/fc1/CPU_RESETN |                2 |              8 |         4.00 |
|  CLK100MHZ_IBUF_BUFG | u_accel/u_ctrl/cmd_payload[6][7]_i_1_n_0                                                         | u_accel/gen_nn_fractional.u_accel/fc1/CPU_RESETN |                3 |              8 |         2.67 |
|  CLK100MHZ_IBUF_BUFG | u_accel/u_ctrl/cmd_payload[3][7]_i_1_n_0                                                         | u_accel/gen_nn_fractional.u_accel/fc1/CPU_RESETN |                3 |              8 |         2.67 |
|  CLK100MHZ_IBUF_BUFG | u_accel/u_ctrl/cmd_payload[7][7]_i_1_n_0                                                         | u_accel/gen_nn_fractional.u_accel/fc1/CPU_RESETN |                6 |              8 |         1.33 |
|  CLK100MHZ_IBUF_BUFG | u_accel/u_ctrl/cmd_payload[2][7]_i_1_n_0                                                         | u_accel/gen_nn_fractional.u_accel/fc1/CPU_RESETN |                4 |              8 |         2.00 |
|  CLK100MHZ_IBUF_BUFG | u_accel/u_ctrl/cmd_payload[1][7]_i_1_n_0                                                         | u_accel/gen_nn_fractional.u_accel/fc1/CPU_RESETN |                3 |              8 |         2.67 |
|  CLK100MHZ_IBUF_BUFG | u_accel/u_ctrl/cmd_payload[0][7]_i_1_n_0                                                         | u_accel/gen_nn_fractional.u_accel/fc1/CPU_RESETN |                5 |              8 |         1.60 |
|  CLK100MHZ_IBUF_BUFG | u_accel/u_ctrl/cmd_payload[8][7]_i_1_n_0                                                         | u_accel/gen_nn_fractional.u_accel/fc1/CPU_RESETN |                3 |              8 |         2.67 |
|  CLK100MHZ_IBUF_BUFG | u_accel/u_ctrl/cmd_opcode[7]_i_1_n_0                                                             | u_accel/gen_nn_fractional.u_accel/fc1/CPU_RESETN |                3 |              8 |         2.67 |
|  CLK100MHZ_IBUF_BUFG | u_accel/u_ctrl/observations[0][15]_i_1_n_0                                                       | u_accel/gen_nn_fractional.u_accel/fc1/CPU_RESETN |                5 |              8 |         1.60 |
|  CLK100MHZ_IBUF_BUFG | u_accel/u_ctrl/cmd_len[7]_i_1_n_0                                                                | u_accel/gen_nn_fractional.u_accel/fc1/CPU_RESETN |                3 |              8 |         2.67 |
|  CLK100MHZ_IBUF_BUFG | u_accel/u_ctrl/cmd_idx[7]_i_1_n_0                                                                | u_accel/gen_nn_fractional.u_accel/fc1/CPU_RESETN |                3 |              8 |         2.67 |
|  CLK100MHZ_IBUF_BUFG | u_accel/u_ctrl/observations[3][7]_i_1_n_0                                                        | u_accel/gen_nn_fractional.u_accel/fc1/CPU_RESETN |                6 |              8 |         1.33 |
|  CLK100MHZ_IBUF_BUFG | u_accel/u_ctrl/rsp_payload[2][7]_i_1_n_0                                                         | u_accel/gen_nn_fractional.u_accel/fc1/CPU_RESETN |                7 |              8 |         1.14 |
|  CLK100MHZ_IBUF_BUFG | u_accel/u_ctrl/observations[2][7]_i_1_n_0                                                        | u_accel/gen_nn_fractional.u_accel/fc1/CPU_RESETN |                4 |              8 |         2.00 |
|  CLK100MHZ_IBUF_BUFG | u_accel/u_ctrl/rsp_payload[1][7]_i_1_n_0                                                         | u_accel/gen_nn_fractional.u_accel/fc1/CPU_RESETN |                6 |              8 |         1.33 |
|  CLK100MHZ_IBUF_BUFG | u_accel/u_ctrl/rsp_payload[0][7]_i_1_n_0                                                         | u_accel/gen_nn_fractional.u_accel/fc1/CPU_RESETN |                3 |              8 |         2.67 |
|  CLK100MHZ_IBUF_BUFG | u_accel/u_ctrl/observations[1][7]_i_1_n_0                                                        | u_accel/gen_nn_fractional.u_accel/fc1/CPU_RESETN |                5 |              8 |         1.60 |
|  CLK100MHZ_IBUF_BUFG | u_accel/u_ctrl/checksum_acc[7]_i_1_n_0                                                           | u_accel/gen_nn_fractional.u_accel/fc1/CPU_RESETN |                5 |              8 |         1.60 |
|  CLK100MHZ_IBUF_BUFG | u_accel/u_ctrl/observations[3][15]_i_1_n_0                                                       | u_accel/gen_nn_fractional.u_accel/fc1/CPU_RESETN |                5 |              8 |         1.60 |
|  CLK100MHZ_IBUF_BUFG | u_accel/gen_nn_fractional.u_accel/q_accum/timestep_counter[3]_i_1_n_0                            | u_accel/gen_nn_fractional.u_accel/fc1/CPU_RESETN |                5 |              8 |         1.60 |
|  CLK100MHZ_IBUF_BUFG | u_accel/u_ctrl/observations[1][15]_i_1_n_0                                                       | u_accel/gen_nn_fractional.u_accel/fc1/CPU_RESETN |                5 |              8 |         1.60 |
|  CLK100MHZ_IBUF_BUFG | u_accel/gen_nn_fractional.u_accel/fc2/input_idx[4]_i_1_n_0                                       | u_accel/gen_nn_fractional.u_accel/fc1/CPU_RESETN |                2 |             10 |         5.00 |
|  CLK100MHZ_IBUF_BUFG | u_accel/u_ctrl/cmd_addr[7]_i_1_n_0                                                               | u_accel/gen_nn_fractional.u_accel/fc1/CPU_RESETN |                6 |             12 |         2.00 |
|  CLK100MHZ_IBUF_BUFG | u_accel/u_ctrl/tx_frame[1][2]_i_1_n_0                                                            |                                                  |                7 |             15 |         2.14 |
|  CLK100MHZ_IBUF_BUFG | u_accel/gen_nn_fractional.u_accel/gen_hl1_lif[27].hl1_lif/current_latched[23]_i_1__21_n_0        | u_accel/gen_nn_fractional.u_accel/fc1/CPU_RESETN |                2 |             16 |         8.00 |
|  CLK100MHZ_IBUF_BUFG | u_accel/gen_nn_fractional.u_accel/gen_hl1_lif[12].hl1_lif/current_latched[23]_i_1__15_n_0        | u_accel/gen_nn_fractional.u_accel/fc1/CPU_RESETN |                2 |             16 |         8.00 |
|  CLK100MHZ_IBUF_BUFG | u_accel/gen_nn_fractional.u_accel/gen_hl1_lif[29].hl1_lif/current_latched[23]_i_1__4_n_0         | u_accel/gen_nn_fractional.u_accel/fc1/CPU_RESETN |                3 |             16 |         5.33 |
|  CLK100MHZ_IBUF_BUFG | u_accel/gen_nn_fractional.u_accel/gen_hl1_lif[26].hl1_lif/current_latched[23]_i_1__3_n_0         | u_accel/gen_nn_fractional.u_accel/fc1/CPU_RESETN |                3 |             16 |         5.33 |
|  CLK100MHZ_IBUF_BUFG | u_accel/gen_nn_fractional.u_accel/gen_hl1_lif[9].hl1_lif/current_latched[23]_i_1__18_n_0         | u_accel/gen_nn_fractional.u_accel/fc1/CPU_RESETN |                2 |             16 |         8.00 |
|  CLK100MHZ_IBUF_BUFG | u_accel/gen_nn_fractional.u_accel/gen_hl1_lif[2].hl1_lif/current_latched[23]_i_1__28_n_0         | u_accel/gen_nn_fractional.u_accel/fc1/CPU_RESETN |                2 |             16 |         8.00 |
|  CLK100MHZ_IBUF_BUFG | u_accel/gen_nn_fractional.u_accel/gen_hl1_lif[25].hl1_lif/current_latched[23]_i_1__2_n_0         | u_accel/gen_nn_fractional.u_accel/fc1/CPU_RESETN |                3 |             16 |         5.33 |
|  CLK100MHZ_IBUF_BUFG | u_accel/gen_nn_fractional.u_accel/gen_hl1_lif[28].hl1_lif/current_latched[23]_i_1__5_n_0         | u_accel/gen_nn_fractional.u_accel/fc1/CPU_RESETN |                2 |             16 |         8.00 |
|  CLK100MHZ_IBUF_BUFG | u_accel/gen_nn_fractional.u_accel/gen_hl1_lif[0].hl1_lif/current_latched[23]_i_1__30_n_0         | u_accel/gen_nn_fractional.u_accel/fc1/CPU_RESETN |                2 |             16 |         8.00 |
|  CLK100MHZ_IBUF_BUFG | u_accel/gen_nn_fractional.u_accel/gen_hl1_lif[30].hl1_lif/current_latched[23]_i_1__19_n_0        | u_accel/gen_nn_fractional.u_accel/fc1/CPU_RESETN |                2 |             16 |         8.00 |
|  CLK100MHZ_IBUF_BUFG | u_accel/gen_nn_fractional.u_accel/gen_hl1_lif[31].hl1_lif/current_latched[23]_i_1__20_n_0        | u_accel/gen_nn_fractional.u_accel/fc1/CPU_RESETN |                2 |             16 |         8.00 |
|  CLK100MHZ_IBUF_BUFG | u_accel/gen_nn_fractional.u_accel/gen_hl1_lif[3].hl1_lif/current_latched[23]_i_1__27_n_0         | u_accel/gen_nn_fractional.u_accel/fc1/CPU_RESETN |                2 |             16 |         8.00 |
|  CLK100MHZ_IBUF_BUFG | u_accel/gen_nn_fractional.u_accel/gen_hl1_lif[4].hl1_lif/current_latched[23]_i_1__26_n_0         | u_accel/gen_nn_fractional.u_accel/fc1/CPU_RESETN |                2 |             16 |         8.00 |
|  CLK100MHZ_IBUF_BUFG | u_accel/gen_nn_fractional.u_accel/gen_hl1_lif[5].hl1_lif/current_latched[23]_i_1__25_n_0         | u_accel/gen_nn_fractional.u_accel/fc1/CPU_RESETN |                2 |             16 |         8.00 |
|  CLK100MHZ_IBUF_BUFG | u_accel/gen_nn_fractional.u_accel/gen_hl1_lif[6].hl1_lif/current_latched[23]_i_1__24_n_0         | u_accel/gen_nn_fractional.u_accel/fc1/CPU_RESETN |                3 |             16 |         5.33 |
|  CLK100MHZ_IBUF_BUFG | u_accel/gen_nn_fractional.u_accel/gen_hl1_lif[7].hl1_lif/current_latched[23]_i_1__23_n_0         | u_accel/gen_nn_fractional.u_accel/fc1/CPU_RESETN |                4 |             16 |         4.00 |
|  CLK100MHZ_IBUF_BUFG | u_accel/gen_nn_fractional.u_accel/gen_hl1_lif[8].hl1_lif/current_latched[23]_i_1__22_n_0         | u_accel/gen_nn_fractional.u_accel/fc1/CPU_RESETN |                2 |             16 |         8.00 |
|  CLK100MHZ_IBUF_BUFG | u_accel/gen_nn_fractional.u_accel/gen_hl1_lif[13].hl1_lif/current_latched[23]_i_1__14_n_0        | u_accel/gen_nn_fractional.u_accel/fc1/CPU_RESETN |                3 |             16 |         5.33 |
|  CLK100MHZ_IBUF_BUFG | u_accel/gen_nn_fractional.u_accel/gen_hl1_lif[14].hl1_lif/current_latched[23]_i_1__13_n_0        | u_accel/gen_nn_fractional.u_accel/fc1/CPU_RESETN |                2 |             16 |         8.00 |
|  CLK100MHZ_IBUF_BUFG | u_accel/gen_nn_fractional.u_accel/gen_hl1_lif[15].hl1_lif/current_latched[23]_i_1__12_n_0        | u_accel/gen_nn_fractional.u_accel/fc1/CPU_RESETN |                3 |             16 |         5.33 |
|  CLK100MHZ_IBUF_BUFG | u_accel/gen_nn_fractional.u_accel/gen_hl1_lif[16].hl1_lif/current_latched[23]_i_1__11_n_0        | u_accel/gen_nn_fractional.u_accel/fc1/CPU_RESETN |                2 |             16 |         8.00 |
|  CLK100MHZ_IBUF_BUFG | u_accel/gen_nn_fractional.u_accel/gen_hl1_lif[17].hl1_lif/current_latched[23]_i_1__10_n_0        | u_accel/gen_nn_fractional.u_accel/fc1/CPU_RESETN |                2 |             16 |         8.00 |
|  CLK100MHZ_IBUF_BUFG | u_accel/gen_nn_fractional.u_accel/gen_hl1_lif[19].hl1_lif/current_latched[23]_i_1__8_n_0         | u_accel/gen_nn_fractional.u_accel/fc1/CPU_RESETN |                2 |             16 |         8.00 |
|  CLK100MHZ_IBUF_BUFG | u_accel/gen_nn_fractional.u_accel/gen_hl1_lif[18].hl1_lif/current_latched[23]_i_1__9_n_0         | u_accel/gen_nn_fractional.u_accel/fc1/CPU_RESETN |                2 |             16 |         8.00 |
|  CLK100MHZ_IBUF_BUFG | u_accel/gen_nn_fractional.u_accel/gen_hl1_lif[20].hl1_lif/current_latched[23]_i_1__7_n_0         | u_accel/gen_nn_fractional.u_accel/fc1/CPU_RESETN |                2 |             16 |         8.00 |
|  CLK100MHZ_IBUF_BUFG | u_accel/gen_nn_fractional.u_accel/gen_hl1_lif[23].hl1_lif/current_latched[23]_i_1__0_n_0         | u_accel/gen_nn_fractional.u_accel/fc1/CPU_RESETN |                2 |             16 |         8.00 |
|  CLK100MHZ_IBUF_BUFG | u_accel/gen_nn_fractional.u_accel/gen_hl1_lif[22].hl1_lif/current_latched[23]_i_1_n_0            | u_accel/gen_nn_fractional.u_accel/fc1/CPU_RESETN |                2 |             16 |         8.00 |
|  CLK100MHZ_IBUF_BUFG | u_accel/gen_nn_fractional.u_accel/gen_hl1_lif[11].hl1_lif/current_latched[23]_i_1__16_n_0        | u_accel/gen_nn_fractional.u_accel/fc1/CPU_RESETN |                4 |             16 |         4.00 |
|  CLK100MHZ_IBUF_BUFG | u_accel/gen_nn_fractional.u_accel/gen_hl1_lif[21].hl1_lif/current_latched[23]_i_1__6_n_0         | u_accel/gen_nn_fractional.u_accel/fc1/CPU_RESETN |                2 |             16 |         8.00 |
|  CLK100MHZ_IBUF_BUFG | u_accel/gen_nn_fractional.u_accel/gen_hl1_lif[10].hl1_lif/current_latched[23]_i_1__17_n_0        | u_accel/gen_nn_fractional.u_accel/fc1/CPU_RESETN |                5 |             16 |         3.20 |
|  CLK100MHZ_IBUF_BUFG | u_accel/gen_nn_fractional.u_accel/gen_hl1_lif[24].hl1_lif/current_latched[23]_i_1__1_n_0         | u_accel/gen_nn_fractional.u_accel/fc1/CPU_RESETN |                2 |             16 |         8.00 |
|  CLK100MHZ_IBUF_BUFG | u_accel/gen_nn_fractional.u_accel/gen_hl1_lif[1].hl1_lif/current_latched[23]_i_1__29_n_0         | u_accel/gen_nn_fractional.u_accel/fc1/CPU_RESETN |                3 |             16 |         5.33 |
|  CLK100MHZ_IBUF_BUFG | u_accel/gen_nn_fractional.u_accel/gen_hl2[3].hl2_lif/history_buffer[1][23]_i_1__35_n_0           | u_accel/gen_nn_fractional.u_accel/fc1/CPU_RESETN |                7 |             24 |         3.43 |
|  CLK100MHZ_IBUF_BUFG | u_accel/gen_nn_fractional.u_accel/gen_hl2[2].hl2_lif/history_buffer[4][23]_i_1__36_n_0           | u_accel/gen_nn_fractional.u_accel/fc1/CPU_RESETN |                8 |             24 |         3.00 |
|  CLK100MHZ_IBUF_BUFG | u_accel/gen_nn_fractional.u_accel/gen_hl2[2].hl2_lif/history_buffer[5][23]_i_1__36_n_0           | u_accel/gen_nn_fractional.u_accel/fc1/CPU_RESETN |                7 |             24 |         3.43 |
|  CLK100MHZ_IBUF_BUFG | u_accel/gen_nn_fractional.u_accel/gen_hl2[2].hl2_lif/history_buffer[6][23]_i_1__36_n_0           | u_accel/gen_nn_fractional.u_accel/fc1/CPU_RESETN |               10 |             24 |         2.40 |
|  CLK100MHZ_IBUF_BUFG | u_accel/gen_nn_fractional.u_accel/gen_hl2[2].hl2_lif/history_buffer[7][23]_i_1__36_n_0           | u_accel/gen_nn_fractional.u_accel/fc1/CPU_RESETN |               11 |             24 |         2.18 |
|  CLK100MHZ_IBUF_BUFG | u_accel/gen_nn_fractional.u_accel/gen_hl2[3].hl2_lif/current_latched[23]_i_1__35_n_0             | u_accel/gen_nn_fractional.u_accel/fc1/CPU_RESETN |                3 |             24 |         8.00 |
|  CLK100MHZ_IBUF_BUFG | u_accel/gen_nn_fractional.u_accel/gen_hl2[3].hl2_lif/history_buffer[0][23]_i_1__35_n_0           | u_accel/gen_nn_fractional.u_accel/fc1/CPU_RESETN |               10 |             24 |         2.40 |
|  CLK100MHZ_IBUF_BUFG | u_accel/gen_nn_fractional.u_accel/gen_hl2[3].hl2_lif/history_buffer[6][23]_i_1__35_n_0           | u_accel/gen_nn_fractional.u_accel/fc1/CPU_RESETN |                6 |             24 |         4.00 |
|  CLK100MHZ_IBUF_BUFG | u_accel/gen_nn_fractional.u_accel/gen_hl2[3].hl2_lif/history_buffer[2][23]_i_1__35_n_0           | u_accel/gen_nn_fractional.u_accel/fc1/CPU_RESETN |                7 |             24 |         3.43 |
|  CLK100MHZ_IBUF_BUFG | u_accel/gen_nn_fractional.u_accel/gen_hl2[3].hl2_lif/history_buffer[3][23]_i_1__35_n_0           | u_accel/gen_nn_fractional.u_accel/fc1/CPU_RESETN |                7 |             24 |         3.43 |
|  CLK100MHZ_IBUF_BUFG | u_accel/gen_nn_fractional.u_accel/gen_hl2[3].hl2_lif/history_buffer[4][23]_i_1__35_n_0           | u_accel/gen_nn_fractional.u_accel/fc1/CPU_RESETN |                4 |             24 |         6.00 |
|  CLK100MHZ_IBUF_BUFG | u_accel/gen_nn_fractional.u_accel/gen_hl2[3].hl2_lif/history_buffer[5][23]_i_1__35_n_0           | u_accel/gen_nn_fractional.u_accel/fc1/CPU_RESETN |                5 |             24 |         4.80 |
|  CLK100MHZ_IBUF_BUFG | u_accel/gen_nn_fractional.u_accel/gen_hl2[4].hl2_lif/history_buffer[0][23]_i_1__34_n_0           | u_accel/gen_nn_fractional.u_accel/fc1/CPU_RESETN |                5 |             24 |         4.80 |
|  CLK100MHZ_IBUF_BUFG | u_accel/gen_nn_fractional.u_accel/gen_hl2[2].hl2_lif/history_buffer[3][23]_i_1__36_n_0           | u_accel/gen_nn_fractional.u_accel/fc1/CPU_RESETN |                8 |             24 |         3.00 |
|  CLK100MHZ_IBUF_BUFG | u_accel/gen_nn_fractional.u_accel/gen_hl2[2].hl2_lif/history_buffer[2][23]_i_1__36_n_0           | u_accel/gen_nn_fractional.u_accel/fc1/CPU_RESETN |                7 |             24 |         3.43 |
|  CLK100MHZ_IBUF_BUFG | u_accel/gen_nn_fractional.u_accel/gen_hl2[2].hl2_lif/history_buffer[1][23]_i_1__36_n_0           | u_accel/gen_nn_fractional.u_accel/fc1/CPU_RESETN |               10 |             24 |         2.40 |
|  CLK100MHZ_IBUF_BUFG | u_accel/gen_nn_fractional.u_accel/gen_hl2[2].hl2_lif/history_buffer[0][23]_i_1__36_n_0           | u_accel/gen_nn_fractional.u_accel/fc1/CPU_RESETN |               11 |             24 |         2.18 |
|  CLK100MHZ_IBUF_BUFG | u_accel/gen_nn_fractional.u_accel/gen_hl2[2].hl2_lif/current_latched[23]_i_1__36_n_0             | u_accel/gen_nn_fractional.u_accel/fc1/CPU_RESETN |                3 |             24 |         8.00 |
|  CLK100MHZ_IBUF_BUFG | u_accel/gen_nn_fractional.u_accel/gen_hl2[1].hl2_lif/history_buffer[7][23]_i_1__37_n_0           | u_accel/gen_nn_fractional.u_accel/fc1/CPU_RESETN |               15 |             24 |         1.60 |
|  CLK100MHZ_IBUF_BUFG | u_accel/gen_nn_fractional.u_accel/gen_hl2[1].hl2_lif/history_buffer[6][23]_i_1__37_n_0           | u_accel/gen_nn_fractional.u_accel/fc1/CPU_RESETN |               11 |             24 |         2.18 |
|  CLK100MHZ_IBUF_BUFG | u_accel/gen_nn_fractional.u_accel/gen_hl2[1].hl2_lif/history_buffer[5][23]_i_1__37_n_0           | u_accel/gen_nn_fractional.u_accel/fc1/CPU_RESETN |               11 |             24 |         2.18 |
|  CLK100MHZ_IBUF_BUFG | u_accel/gen_nn_fractional.u_accel/gen_hl2[1].hl2_lif/history_buffer[4][23]_i_1__37_n_0           | u_accel/gen_nn_fractional.u_accel/fc1/CPU_RESETN |               12 |             24 |         2.00 |
|  CLK100MHZ_IBUF_BUFG | u_accel/gen_nn_fractional.u_accel/gen_hl2[1].hl2_lif/history_buffer[3][23]_i_1__37_n_0           | u_accel/gen_nn_fractional.u_accel/fc1/CPU_RESETN |                8 |             24 |         3.00 |
|  CLK100MHZ_IBUF_BUFG | u_accel/gen_nn_fractional.u_accel/gen_hl2[1].hl2_lif/history_buffer[2][23]_i_1__37_n_0           | u_accel/gen_nn_fractional.u_accel/fc1/CPU_RESETN |               14 |             24 |         1.71 |
|  CLK100MHZ_IBUF_BUFG | u_accel/gen_nn_fractional.u_accel/gen_hl2[1].hl2_lif/history_buffer[1][23]_i_1__37_n_0           | u_accel/gen_nn_fractional.u_accel/fc1/CPU_RESETN |               14 |             24 |         1.71 |
|  CLK100MHZ_IBUF_BUFG | u_accel/gen_nn_fractional.u_accel/gen_hl2[1].hl2_lif/history_buffer[0][23]_i_1__37_n_0           | u_accel/gen_nn_fractional.u_accel/fc1/CPU_RESETN |               14 |             24 |         1.71 |
|  CLK100MHZ_IBUF_BUFG | u_accel/gen_nn_fractional.u_accel/gen_hl2[1].hl2_lif/current_latched[23]_i_1__37_n_0             | u_accel/gen_nn_fractional.u_accel/fc1/CPU_RESETN |                3 |             24 |         8.00 |
|  CLK100MHZ_IBUF_BUFG | u_accel/gen_nn_fractional.u_accel/gen_hl2[0].hl2_lif/history_buffer[7][23]_i_1__38_n_0           | u_accel/gen_nn_fractional.u_accel/fc1/CPU_RESETN |               13 |             24 |         1.85 |
|  CLK100MHZ_IBUF_BUFG | u_accel/gen_nn_fractional.u_accel/gen_hl2[0].hl2_lif/history_buffer[6][23]_i_1__38_n_0           | u_accel/gen_nn_fractional.u_accel/fc1/CPU_RESETN |               10 |             24 |         2.40 |
|  CLK100MHZ_IBUF_BUFG | u_accel/gen_nn_fractional.u_accel/gen_hl2[5].hl2_lif/history_buffer[5][23]_i_1__33_n_0           | u_accel/gen_nn_fractional.u_accel/fc1/CPU_RESETN |                4 |             24 |         6.00 |
|  CLK100MHZ_IBUF_BUFG | u_accel/gen_nn_fractional.u_accel/gen_hl2[7].hl2_lif/history_buffer[2][23]_i_1__31_n_0           | u_accel/gen_nn_fractional.u_accel/fc1/CPU_RESETN |                9 |             24 |         2.67 |
|  CLK100MHZ_IBUF_BUFG | u_accel/gen_nn_fractional.u_accel/gen_hl2[7].hl2_lif/history_buffer[1][23]_i_1__31_n_0           | u_accel/gen_nn_fractional.u_accel/fc1/CPU_RESETN |                9 |             24 |         2.67 |
|  CLK100MHZ_IBUF_BUFG | u_accel/gen_nn_fractional.u_accel/gen_hl2[7].hl2_lif/history_buffer[0][23]_i_1__31_n_0           | u_accel/gen_nn_fractional.u_accel/fc1/CPU_RESETN |                9 |             24 |         2.67 |
|  CLK100MHZ_IBUF_BUFG | u_accel/gen_nn_fractional.u_accel/gen_hl2[7].hl2_lif/current_latched[23]_i_1__31_n_0             | u_accel/gen_nn_fractional.u_accel/fc1/CPU_RESETN |                3 |             24 |         8.00 |
|  CLK100MHZ_IBUF_BUFG | u_accel/gen_nn_fractional.u_accel/gen_hl2[6].hl2_lif/history_buffer[7][23]_i_1__32_n_0           | u_accel/gen_nn_fractional.u_accel/fc1/CPU_RESETN |               12 |             24 |         2.00 |
|  CLK100MHZ_IBUF_BUFG | u_accel/gen_nn_fractional.u_accel/gen_hl2[6].hl2_lif/history_buffer[6][23]_i_1__32_n_0           | u_accel/gen_nn_fractional.u_accel/fc1/CPU_RESETN |                7 |             24 |         3.43 |
|  CLK100MHZ_IBUF_BUFG | u_accel/gen_nn_fractional.u_accel/gen_hl2[6].hl2_lif/history_buffer[5][23]_i_1__32_n_0           | u_accel/gen_nn_fractional.u_accel/fc1/CPU_RESETN |                8 |             24 |         3.00 |
|  CLK100MHZ_IBUF_BUFG | u_accel/gen_nn_fractional.u_accel/gen_hl2[6].hl2_lif/history_buffer[4][23]_i_1__32_n_0           | u_accel/gen_nn_fractional.u_accel/fc1/CPU_RESETN |                4 |             24 |         6.00 |
|  CLK100MHZ_IBUF_BUFG | u_accel/gen_nn_fractional.u_accel/gen_hl2[6].hl2_lif/history_buffer[3][23]_i_1__32_n_0           | u_accel/gen_nn_fractional.u_accel/fc1/CPU_RESETN |                7 |             24 |         3.43 |
|  CLK100MHZ_IBUF_BUFG | u_accel/gen_nn_fractional.u_accel/gen_hl2[6].hl2_lif/history_buffer[2][23]_i_1__32_n_0           | u_accel/gen_nn_fractional.u_accel/fc1/CPU_RESETN |               11 |             24 |         2.18 |
|  CLK100MHZ_IBUF_BUFG | u_accel/gen_nn_fractional.u_accel/gen_hl2[6].hl2_lif/history_buffer[1][23]_i_1__32_n_0           | u_accel/gen_nn_fractional.u_accel/fc1/CPU_RESETN |                8 |             24 |         3.00 |
|  CLK100MHZ_IBUF_BUFG | u_accel/gen_nn_fractional.u_accel/gen_hl2[6].hl2_lif/history_buffer[0][23]_i_1__32_n_0           | u_accel/gen_nn_fractional.u_accel/fc1/CPU_RESETN |               10 |             24 |         2.40 |
|  CLK100MHZ_IBUF_BUFG | u_accel/gen_nn_fractional.u_accel/gen_hl2[6].hl2_lif/current_latched[23]_i_1__32_n_0             | u_accel/gen_nn_fractional.u_accel/fc1/CPU_RESETN |                3 |             24 |         8.00 |
|  CLK100MHZ_IBUF_BUFG | u_accel/gen_nn_fractional.u_accel/gen_hl2[5].hl2_lif/history_buffer[7][23]_i_1__33_n_0           | u_accel/gen_nn_fractional.u_accel/fc1/CPU_RESETN |               13 |             24 |         1.85 |
|  CLK100MHZ_IBUF_BUFG | u_accel/gen_nn_fractional.u_accel/gen_hl2[5].hl2_lif/history_buffer[6][23]_i_1__33_n_0           | u_accel/gen_nn_fractional.u_accel/fc1/CPU_RESETN |                7 |             24 |         3.43 |
|  CLK100MHZ_IBUF_BUFG | u_accel/gen_nn_fractional.u_accel/gen_hl2[3].hl2_lif/history_buffer[7][23]_i_1__35_n_0           | u_accel/gen_nn_fractional.u_accel/fc1/CPU_RESETN |               12 |             24 |         2.00 |
|  CLK100MHZ_IBUF_BUFG | u_accel/gen_nn_fractional.u_accel/gen_hl2[5].hl2_lif/history_buffer[4][23]_i_1__33_n_0           | u_accel/gen_nn_fractional.u_accel/fc1/CPU_RESETN |               10 |             24 |         2.40 |
|  CLK100MHZ_IBUF_BUFG | u_accel/gen_nn_fractional.u_accel/gen_hl2[5].hl2_lif/history_buffer[3][23]_i_1__33_n_0           | u_accel/gen_nn_fractional.u_accel/fc1/CPU_RESETN |               11 |             24 |         2.18 |
|  CLK100MHZ_IBUF_BUFG | u_accel/gen_nn_fractional.u_accel/gen_hl2[5].hl2_lif/history_buffer[2][23]_i_1__33_n_0           | u_accel/gen_nn_fractional.u_accel/fc1/CPU_RESETN |                7 |             24 |         3.43 |
|  CLK100MHZ_IBUF_BUFG | u_accel/gen_nn_fractional.u_accel/gen_hl2[5].hl2_lif/history_buffer[1][23]_i_1__33_n_0           | u_accel/gen_nn_fractional.u_accel/fc1/CPU_RESETN |                8 |             24 |         3.00 |
|  CLK100MHZ_IBUF_BUFG | u_accel/gen_nn_fractional.u_accel/gen_hl2[5].hl2_lif/history_buffer[0][23]_i_1__33_n_0           | u_accel/gen_nn_fractional.u_accel/fc1/CPU_RESETN |                7 |             24 |         3.43 |
|  CLK100MHZ_IBUF_BUFG | u_accel/gen_nn_fractional.u_accel/gen_hl2[5].hl2_lif/current_latched[23]_i_1__33_n_0             | u_accel/gen_nn_fractional.u_accel/fc1/CPU_RESETN |                3 |             24 |         8.00 |
|  CLK100MHZ_IBUF_BUFG | u_accel/gen_nn_fractional.u_accel/gen_hl2[4].hl2_lif/history_buffer[7][23]_i_1__34_n_0           | u_accel/gen_nn_fractional.u_accel/fc1/CPU_RESETN |               14 |             24 |         1.71 |
|  CLK100MHZ_IBUF_BUFG | u_accel/gen_nn_fractional.u_accel/gen_hl2[4].hl2_lif/history_buffer[6][23]_i_1__34_n_0           | u_accel/gen_nn_fractional.u_accel/fc1/CPU_RESETN |               10 |             24 |         2.40 |
|  CLK100MHZ_IBUF_BUFG | u_accel/gen_nn_fractional.u_accel/gen_hl2[4].hl2_lif/history_buffer[5][23]_i_1__34_n_0           | u_accel/gen_nn_fractional.u_accel/fc1/CPU_RESETN |                7 |             24 |         3.43 |
|  CLK100MHZ_IBUF_BUFG | u_accel/gen_nn_fractional.u_accel/gen_hl2[4].hl2_lif/history_buffer[4][23]_i_1__34_n_0           | u_accel/gen_nn_fractional.u_accel/fc1/CPU_RESETN |                8 |             24 |         3.00 |
|  CLK100MHZ_IBUF_BUFG | u_accel/gen_nn_fractional.u_accel/gen_hl2[4].hl2_lif/history_buffer[3][23]_i_1__34_n_0           | u_accel/gen_nn_fractional.u_accel/fc1/CPU_RESETN |                9 |             24 |         2.67 |
|  CLK100MHZ_IBUF_BUFG | u_accel/gen_nn_fractional.u_accel/gen_hl2[4].hl2_lif/history_buffer[2][23]_i_1__34_n_0           | u_accel/gen_nn_fractional.u_accel/fc1/CPU_RESETN |               11 |             24 |         2.18 |
|  CLK100MHZ_IBUF_BUFG | u_accel/gen_nn_fractional.u_accel/gen_hl2[4].hl2_lif/history_buffer[1][23]_i_1__34_n_0           | u_accel/gen_nn_fractional.u_accel/fc1/CPU_RESETN |               11 |             24 |         2.18 |
|  CLK100MHZ_IBUF_BUFG | u_accel/gen_nn_fractional.u_accel/gen_hl2[0].hl2_lif/history_buffer[2][23]_i_1__38_n_0           | u_accel/gen_nn_fractional.u_accel/fc1/CPU_RESETN |                8 |             24 |         3.00 |
|  CLK100MHZ_IBUF_BUFG | u_accel/gen_nn_fractional.u_accel/gen_hl2[4].hl2_lif/current_latched[23]_i_1__34_n_0             | u_accel/gen_nn_fractional.u_accel/fc1/CPU_RESETN |                6 |             24 |         4.00 |
|  CLK100MHZ_IBUF_BUFG | u_accel/gen_nn_fractional.u_accel/gen_hl1_lif[15].hl1_lif/history_buffer[4][23]_i_1__12_n_0      | u_accel/gen_nn_fractional.u_accel/fc1/CPU_RESETN |                5 |             24 |         4.80 |
|  CLK100MHZ_IBUF_BUFG | u_accel/gen_nn_fractional.u_accel/gen_hl1_lif[21].hl1_lif/history_buffer[0][23]_i_1__6_n_0       | u_accel/gen_nn_fractional.u_accel/fc1/CPU_RESETN |                9 |             24 |         2.67 |
|  CLK100MHZ_IBUF_BUFG | u_accel/gen_nn_fractional.u_accel/gen_hl1_lif[21].hl1_lif/history_buffer[1][23]_i_1__6_n_0       | u_accel/gen_nn_fractional.u_accel/fc1/CPU_RESETN |               14 |             24 |         1.71 |
|  CLK100MHZ_IBUF_BUFG | u_accel/gen_nn_fractional.u_accel/gen_hl1_lif[16].hl1_lif/history_buffer[7][23]_i_1__11_n_0      | u_accel/gen_nn_fractional.u_accel/fc1/CPU_RESETN |               12 |             24 |         2.00 |
|  CLK100MHZ_IBUF_BUFG | u_accel/gen_nn_fractional.u_accel/gen_hl1_lif[16].hl1_lif/history_buffer[6][23]_i_1__11_n_0      | u_accel/gen_nn_fractional.u_accel/fc1/CPU_RESETN |               10 |             24 |         2.40 |
|  CLK100MHZ_IBUF_BUFG | u_accel/gen_nn_fractional.u_accel/gen_hl1_lif[16].hl1_lif/history_buffer[5][23]_i_1__11_n_0      | u_accel/gen_nn_fractional.u_accel/fc1/CPU_RESETN |                9 |             24 |         2.67 |
|  CLK100MHZ_IBUF_BUFG | u_accel/gen_nn_fractional.u_accel/gen_hl1_lif[16].hl1_lif/history_buffer[4][23]_i_1__11_n_0      | u_accel/gen_nn_fractional.u_accel/fc1/CPU_RESETN |                7 |             24 |         3.43 |
|  CLK100MHZ_IBUF_BUFG | u_accel/gen_nn_fractional.u_accel/gen_hl1_lif[16].hl1_lif/history_buffer[3][23]_i_1__11_n_0      | u_accel/gen_nn_fractional.u_accel/fc1/CPU_RESETN |                7 |             24 |         3.43 |
|  CLK100MHZ_IBUF_BUFG | u_accel/gen_nn_fractional.u_accel/gen_hl1_lif[16].hl1_lif/history_buffer[2][23]_i_1__11_n_0      | u_accel/gen_nn_fractional.u_accel/fc1/CPU_RESETN |                7 |             24 |         3.43 |
|  CLK100MHZ_IBUF_BUFG | u_accel/gen_nn_fractional.u_accel/gen_hl1_lif[16].hl1_lif/history_buffer[1][23]_i_1__11_n_0      | u_accel/gen_nn_fractional.u_accel/fc1/CPU_RESETN |                9 |             24 |         2.67 |
|  CLK100MHZ_IBUF_BUFG | u_accel/gen_nn_fractional.u_accel/gen_hl1_lif[16].hl1_lif/history_buffer[0][23]_i_1__11_n_0      | u_accel/gen_nn_fractional.u_accel/fc1/CPU_RESETN |               13 |             24 |         1.85 |
|  CLK100MHZ_IBUF_BUFG | u_accel/gen_nn_fractional.u_accel/gen_hl1_lif[21].hl1_lif/history_buffer[2][23]_i_1__6_n_0       | u_accel/gen_nn_fractional.u_accel/fc1/CPU_RESETN |               11 |             24 |         2.18 |
|  CLK100MHZ_IBUF_BUFG | u_accel/gen_nn_fractional.u_accel/gen_hl1_lif[21].hl1_lif/history_buffer[3][23]_i_1__6_n_0       | u_accel/gen_nn_fractional.u_accel/fc1/CPU_RESETN |               10 |             24 |         2.40 |
|  CLK100MHZ_IBUF_BUFG | u_accel/gen_nn_fractional.u_accel/gen_hl1_lif[15].hl1_lif/history_buffer[7][23]_i_1__12_n_0      | u_accel/gen_nn_fractional.u_accel/fc1/CPU_RESETN |               11 |             24 |         2.18 |
|  CLK100MHZ_IBUF_BUFG | u_accel/gen_nn_fractional.u_accel/gen_hl1_lif[15].hl1_lif/history_buffer[6][23]_i_1__12_n_0      | u_accel/gen_nn_fractional.u_accel/fc1/CPU_RESETN |               10 |             24 |         2.40 |
|  CLK100MHZ_IBUF_BUFG | u_accel/gen_nn_fractional.u_accel/gen_hl1_lif[15].hl1_lif/history_buffer[5][23]_i_1__12_n_0      | u_accel/gen_nn_fractional.u_accel/fc1/CPU_RESETN |                7 |             24 |         3.43 |
|  CLK100MHZ_IBUF_BUFG | u_accel/gen_nn_fractional.u_accel/gen_hl1_lif[17].hl1_lif/history_buffer[0][23]_i_1__10_n_0      | u_accel/gen_nn_fractional.u_accel/fc1/CPU_RESETN |               12 |             24 |         2.00 |
|  CLK100MHZ_IBUF_BUFG | u_accel/gen_nn_fractional.u_accel/gen_hl1_lif[15].hl1_lif/history_buffer[3][23]_i_1__12_n_0      | u_accel/gen_nn_fractional.u_accel/fc1/CPU_RESETN |               10 |             24 |         2.40 |
|  CLK100MHZ_IBUF_BUFG | u_accel/gen_nn_fractional.u_accel/gen_hl1_lif[15].hl1_lif/history_buffer[2][23]_i_1__12_n_0      | u_accel/gen_nn_fractional.u_accel/fc1/CPU_RESETN |                8 |             24 |         3.00 |
|  CLK100MHZ_IBUF_BUFG | u_accel/gen_nn_fractional.u_accel/gen_hl1_lif[15].hl1_lif/history_buffer[1][23]_i_1__12_n_0      | u_accel/gen_nn_fractional.u_accel/fc1/CPU_RESETN |                7 |             24 |         3.43 |
|  CLK100MHZ_IBUF_BUFG | u_accel/gen_nn_fractional.u_accel/gen_hl1_lif[15].hl1_lif/history_buffer[0][23]_i_1__12_n_0      | u_accel/gen_nn_fractional.u_accel/fc1/CPU_RESETN |               11 |             24 |         2.18 |
|  CLK100MHZ_IBUF_BUFG | u_accel/gen_nn_fractional.u_accel/gen_hl1_lif[21].hl1_lif/history_buffer[4][23]_i_1__6_n_0       | u_accel/gen_nn_fractional.u_accel/fc1/CPU_RESETN |               12 |             24 |         2.00 |
|  CLK100MHZ_IBUF_BUFG | u_accel/gen_nn_fractional.u_accel/gen_hl1_lif[21].hl1_lif/history_buffer[5][23]_i_1__6_n_0       | u_accel/gen_nn_fractional.u_accel/fc1/CPU_RESETN |                9 |             24 |         2.67 |
|  CLK100MHZ_IBUF_BUFG | u_accel/gen_nn_fractional.u_accel/gen_hl1_lif[14].hl1_lif/history_buffer[7][23]_i_1__13_n_0      | u_accel/gen_nn_fractional.u_accel/fc1/CPU_RESETN |               12 |             24 |         2.00 |
|  CLK100MHZ_IBUF_BUFG | u_accel/gen_nn_fractional.u_accel/gen_hl1_lif[14].hl1_lif/history_buffer[6][23]_i_1__13_n_0      | u_accel/gen_nn_fractional.u_accel/fc1/CPU_RESETN |               11 |             24 |         2.18 |
|  CLK100MHZ_IBUF_BUFG | u_accel/gen_nn_fractional.u_accel/gen_hl1_lif[14].hl1_lif/history_buffer[5][23]_i_1__13_n_0      | u_accel/gen_nn_fractional.u_accel/fc1/CPU_RESETN |                8 |             24 |         3.00 |
|  CLK100MHZ_IBUF_BUFG | u_accel/gen_nn_fractional.u_accel/gen_hl1_lif[14].hl1_lif/history_buffer[4][23]_i_1__13_n_0      | u_accel/gen_nn_fractional.u_accel/fc1/CPU_RESETN |                7 |             24 |         3.43 |
|  CLK100MHZ_IBUF_BUFG | u_accel/gen_nn_fractional.u_accel/gen_hl1_lif[14].hl1_lif/history_buffer[3][23]_i_1__13_n_0      | u_accel/gen_nn_fractional.u_accel/fc1/CPU_RESETN |                9 |             24 |         2.67 |
|  CLK100MHZ_IBUF_BUFG | u_accel/gen_nn_fractional.u_accel/gen_hl1_lif[14].hl1_lif/history_buffer[2][23]_i_1__13_n_0      | u_accel/gen_nn_fractional.u_accel/fc1/CPU_RESETN |                7 |             24 |         3.43 |
|  CLK100MHZ_IBUF_BUFG | u_accel/gen_nn_fractional.u_accel/gen_hl1_lif[14].hl1_lif/history_buffer[1][23]_i_1__13_n_0      | u_accel/gen_nn_fractional.u_accel/fc1/CPU_RESETN |               10 |             24 |         2.40 |
|  CLK100MHZ_IBUF_BUFG | u_accel/gen_nn_fractional.u_accel/gen_hl1_lif[14].hl1_lif/history_buffer[0][23]_i_1__13_n_0      | u_accel/gen_nn_fractional.u_accel/fc1/CPU_RESETN |               10 |             24 |         2.40 |
|  CLK100MHZ_IBUF_BUFG | u_accel/gen_nn_fractional.u_accel/gen_hl1_lif[18].hl1_lif/history_buffer[7][23]_i_1__9_n_0       | u_accel/gen_nn_fractional.u_accel/fc1/CPU_RESETN |               11 |             24 |         2.18 |
|  CLK100MHZ_IBUF_BUFG | u_accel/gen_nn_fractional.u_accel/gen_hl2[0].hl2_lif/history_buffer[4][23]_i_1__38_n_0           | u_accel/gen_nn_fractional.u_accel/fc1/CPU_RESETN |                3 |             24 |         8.00 |
|  CLK100MHZ_IBUF_BUFG | u_accel/gen_nn_fractional.u_accel/gen_hl2[0].hl2_lif/history_buffer[3][23]_i_1__38_n_0           | u_accel/gen_nn_fractional.u_accel/fc1/CPU_RESETN |                9 |             24 |         2.67 |
|  CLK100MHZ_IBUF_BUFG | u_accel/gen_nn_fractional.u_accel/gen_hl2[7].hl2_lif/history_buffer[6][23]_i_1__31_n_0           | u_accel/gen_nn_fractional.u_accel/fc1/CPU_RESETN |                6 |             24 |         4.00 |
|  CLK100MHZ_IBUF_BUFG | u_accel/gen_nn_fractional.u_accel/gen_hl2[0].hl2_lif/history_buffer[1][23]_i_1__38_n_0           | u_accel/gen_nn_fractional.u_accel/fc1/CPU_RESETN |                7 |             24 |         3.43 |
|  CLK100MHZ_IBUF_BUFG | u_accel/gen_nn_fractional.u_accel/gen_hl2[0].hl2_lif/history_buffer[0][23]_i_1__38_n_0           | u_accel/gen_nn_fractional.u_accel/fc1/CPU_RESETN |                7 |             24 |         3.43 |
|  CLK100MHZ_IBUF_BUFG | u_accel/gen_nn_fractional.u_accel/gen_hl2[0].hl2_lif/current_latched[23]_i_1__38_n_0             | u_accel/gen_nn_fractional.u_accel/fc1/CPU_RESETN |                4 |             24 |         6.00 |
|  CLK100MHZ_IBUF_BUFG | u_accel/gen_nn_fractional.u_accel/gen_hl1_lif[19].hl1_lif/history_buffer[7][23]_i_1__8_n_0       | u_accel/gen_nn_fractional.u_accel/fc1/CPU_RESETN |               13 |             24 |         1.85 |
|  CLK100MHZ_IBUF_BUFG | u_accel/gen_nn_fractional.u_accel/gen_hl1_lif[19].hl1_lif/history_buffer[6][23]_i_1__8_n_0       | u_accel/gen_nn_fractional.u_accel/fc1/CPU_RESETN |               11 |             24 |         2.18 |
|  CLK100MHZ_IBUF_BUFG | u_accel/gen_nn_fractional.u_accel/gen_hl1_lif[19].hl1_lif/history_buffer[5][23]_i_1__8_n_0       | u_accel/gen_nn_fractional.u_accel/fc1/CPU_RESETN |               10 |             24 |         2.40 |
|  CLK100MHZ_IBUF_BUFG | u_accel/gen_nn_fractional.u_accel/gen_hl1_lif[19].hl1_lif/history_buffer[4][23]_i_1__8_n_0       | u_accel/gen_nn_fractional.u_accel/fc1/CPU_RESETN |                9 |             24 |         2.67 |
|  CLK100MHZ_IBUF_BUFG | u_accel/gen_nn_fractional.u_accel/gen_hl1_lif[19].hl1_lif/history_buffer[3][23]_i_1__8_n_0       | u_accel/gen_nn_fractional.u_accel/fc1/CPU_RESETN |               13 |             24 |         1.85 |
|  CLK100MHZ_IBUF_BUFG | u_accel/gen_nn_fractional.u_accel/gen_hl1_lif[19].hl1_lif/history_buffer[2][23]_i_1__8_n_0       | u_accel/gen_nn_fractional.u_accel/fc1/CPU_RESETN |               13 |             24 |         1.85 |
|  CLK100MHZ_IBUF_BUFG | u_accel/gen_nn_fractional.u_accel/gen_hl1_lif[19].hl1_lif/history_buffer[1][23]_i_1__8_n_0       | u_accel/gen_nn_fractional.u_accel/fc1/CPU_RESETN |               11 |             24 |         2.18 |
|  CLK100MHZ_IBUF_BUFG | u_accel/gen_nn_fractional.u_accel/gen_hl1_lif[19].hl1_lif/history_buffer[0][23]_i_1__8_n_0       | u_accel/gen_nn_fractional.u_accel/fc1/CPU_RESETN |               11 |             24 |         2.18 |
|  CLK100MHZ_IBUF_BUFG | u_accel/gen_nn_fractional.u_accel/gen_hl2[0].hl2_lif/history_buffer[5][23]_i_1__38_n_0           | u_accel/gen_nn_fractional.u_accel/fc1/CPU_RESETN |                5 |             24 |         4.80 |
|  CLK100MHZ_IBUF_BUFG | u_accel/gen_nn_fractional.u_accel/gen_hl1_lif[18].hl1_lif/history_buffer[6][23]_i_1__9_n_0       | u_accel/gen_nn_fractional.u_accel/fc1/CPU_RESETN |               13 |             24 |         1.85 |
|  CLK100MHZ_IBUF_BUFG | u_accel/gen_nn_fractional.u_accel/gen_hl1_lif[18].hl1_lif/history_buffer[5][23]_i_1__9_n_0       | u_accel/gen_nn_fractional.u_accel/fc1/CPU_RESETN |               10 |             24 |         2.40 |
|  CLK100MHZ_IBUF_BUFG | u_accel/gen_nn_fractional.u_accel/gen_hl1_lif[18].hl1_lif/history_buffer[4][23]_i_1__9_n_0       | u_accel/gen_nn_fractional.u_accel/fc1/CPU_RESETN |               11 |             24 |         2.18 |
|  CLK100MHZ_IBUF_BUFG | u_accel/gen_nn_fractional.u_accel/gen_hl1_lif[18].hl1_lif/history_buffer[3][23]_i_1__9_n_0       | u_accel/gen_nn_fractional.u_accel/fc1/CPU_RESETN |               10 |             24 |         2.40 |
|  CLK100MHZ_IBUF_BUFG | u_accel/gen_nn_fractional.u_accel/gen_hl1_lif[18].hl1_lif/history_buffer[2][23]_i_1__9_n_0       | u_accel/gen_nn_fractional.u_accel/fc1/CPU_RESETN |                9 |             24 |         2.67 |
|  CLK100MHZ_IBUF_BUFG | u_accel/gen_nn_fractional.u_accel/gen_hl1_lif[18].hl1_lif/history_buffer[1][23]_i_1__9_n_0       | u_accel/gen_nn_fractional.u_accel/fc1/CPU_RESETN |               10 |             24 |         2.40 |
|  CLK100MHZ_IBUF_BUFG | u_accel/gen_nn_fractional.u_accel/gen_hl1_lif[18].hl1_lif/history_buffer[0][23]_i_1__9_n_0       | u_accel/gen_nn_fractional.u_accel/fc1/CPU_RESETN |               12 |             24 |         2.00 |
|  CLK100MHZ_IBUF_BUFG | u_accel/gen_nn_fractional.u_accel/gen_hl1_lif[17].hl1_lif/history_buffer[7][23]_i_1__10_n_0      | u_accel/gen_nn_fractional.u_accel/fc1/CPU_RESETN |               11 |             24 |         2.18 |
|  CLK100MHZ_IBUF_BUFG | u_accel/gen_nn_fractional.u_accel/gen_hl1_lif[17].hl1_lif/history_buffer[6][23]_i_1__10_n_0      | u_accel/gen_nn_fractional.u_accel/fc1/CPU_RESETN |               11 |             24 |         2.18 |
|  CLK100MHZ_IBUF_BUFG | u_accel/gen_nn_fractional.u_accel/gen_hl1_lif[17].hl1_lif/history_buffer[5][23]_i_1__10_n_0      | u_accel/gen_nn_fractional.u_accel/fc1/CPU_RESETN |                7 |             24 |         3.43 |
|  CLK100MHZ_IBUF_BUFG | u_accel/gen_nn_fractional.u_accel/gen_hl1_lif[17].hl1_lif/history_buffer[4][23]_i_1__10_n_0      | u_accel/gen_nn_fractional.u_accel/fc1/CPU_RESETN |                7 |             24 |         3.43 |
|  CLK100MHZ_IBUF_BUFG | u_accel/gen_nn_fractional.u_accel/gen_hl1_lif[17].hl1_lif/history_buffer[3][23]_i_1__10_n_0      | u_accel/gen_nn_fractional.u_accel/fc1/CPU_RESETN |               10 |             24 |         2.40 |
|  CLK100MHZ_IBUF_BUFG | u_accel/gen_nn_fractional.u_accel/gen_hl1_lif[17].hl1_lif/history_buffer[2][23]_i_1__10_n_0      | u_accel/gen_nn_fractional.u_accel/fc1/CPU_RESETN |                8 |             24 |         3.00 |
|  CLK100MHZ_IBUF_BUFG | u_accel/gen_nn_fractional.u_accel/gen_hl1_lif[17].hl1_lif/history_buffer[1][23]_i_1__10_n_0      | u_accel/gen_nn_fractional.u_accel/fc1/CPU_RESETN |                8 |             24 |         3.00 |
|  CLK100MHZ_IBUF_BUFG | u_accel/gen_nn_fractional.u_accel/gen_hl2[6].membrane_buf/membrane_storage[9][23]_i_1__0_n_0     | u_accel/gen_nn_fractional.u_accel/fc1/CPU_RESETN |                8 |             24 |         3.00 |
|  CLK100MHZ_IBUF_BUFG | u_accel/gen_nn_fractional.u_accel/gen_hl1_lif[20].hl1_lif/history_buffer[0][23]_i_1__7_n_0       | u_accel/gen_nn_fractional.u_accel/fc1/CPU_RESETN |                9 |             24 |         2.67 |
|  CLK100MHZ_IBUF_BUFG | u_accel/gen_nn_fractional.u_accel/gen_hl1_lif[20].hl1_lif/history_buffer[1][23]_i_1__7_n_0       | u_accel/gen_nn_fractional.u_accel/fc1/CPU_RESETN |                9 |             24 |         2.67 |
|  CLK100MHZ_IBUF_BUFG | u_accel/gen_nn_fractional.u_accel/gen_hl1_lif[20].hl1_lif/history_buffer[2][23]_i_1__7_n_0       | u_accel/gen_nn_fractional.u_accel/fc1/CPU_RESETN |                8 |             24 |         3.00 |
|  CLK100MHZ_IBUF_BUFG | u_accel/gen_nn_fractional.u_accel/gen_hl1_lif[20].hl1_lif/history_buffer[3][23]_i_1__7_n_0       | u_accel/gen_nn_fractional.u_accel/fc1/CPU_RESETN |                9 |             24 |         2.67 |
|  CLK100MHZ_IBUF_BUFG | u_accel/gen_nn_fractional.u_accel/gen_hl1_lif[20].hl1_lif/history_buffer[4][23]_i_1__7_n_0       | u_accel/gen_nn_fractional.u_accel/fc1/CPU_RESETN |                9 |             24 |         2.67 |
|  CLK100MHZ_IBUF_BUFG | u_accel/gen_nn_fractional.u_accel/gen_hl2[7].membrane_buf/membrane_storage[9][23]_i_1_n_0        | u_accel/gen_nn_fractional.u_accel/fc1/CPU_RESETN |                9 |             24 |         2.67 |
|  CLK100MHZ_IBUF_BUFG | u_accel/gen_nn_fractional.u_accel/gen_hl2[7].membrane_buf/membrane_storage[8][23]_i_1_n_0        | u_accel/gen_nn_fractional.u_accel/fc1/CPU_RESETN |                8 |             24 |         3.00 |
|  CLK100MHZ_IBUF_BUFG | u_accel/gen_nn_fractional.u_accel/gen_hl2[7].membrane_buf/membrane_storage[6][23]_i_1_n_0        | u_accel/gen_nn_fractional.u_accel/fc1/CPU_RESETN |                4 |             24 |         6.00 |
|  CLK100MHZ_IBUF_BUFG | u_accel/gen_nn_fractional.u_accel/gen_hl2[7].membrane_buf/membrane_storage[5][23]_i_1_n_0        | u_accel/gen_nn_fractional.u_accel/fc1/CPU_RESETN |               10 |             24 |         2.40 |
|  CLK100MHZ_IBUF_BUFG | u_accel/gen_nn_fractional.u_accel/gen_hl2[7].membrane_buf/membrane_storage[7][23]_i_1_n_0        | u_accel/gen_nn_fractional.u_accel/fc1/CPU_RESETN |                7 |             24 |         3.43 |
|  CLK100MHZ_IBUF_BUFG | u_accel/gen_nn_fractional.u_accel/gen_hl2[7].membrane_buf/membrane_storage[4][23]_i_1_n_0        | u_accel/gen_nn_fractional.u_accel/fc1/CPU_RESETN |               13 |             24 |         1.85 |
|  CLK100MHZ_IBUF_BUFG | u_accel/gen_nn_fractional.u_accel/gen_hl2[7].membrane_buf/membrane_storage[3][23]_i_1_n_0        | u_accel/gen_nn_fractional.u_accel/fc1/CPU_RESETN |               10 |             24 |         2.40 |
|  CLK100MHZ_IBUF_BUFG | u_accel/gen_nn_fractional.u_accel/gen_hl2[7].membrane_buf/membrane_storage[2][23]_i_1_n_0        | u_accel/gen_nn_fractional.u_accel/fc1/CPU_RESETN |                9 |             24 |         2.67 |
|  CLK100MHZ_IBUF_BUFG | u_accel/gen_nn_fractional.u_accel/gen_hl2[7].membrane_buf/membrane_storage[1][23]_i_1_n_0        | u_accel/gen_nn_fractional.u_accel/fc1/CPU_RESETN |                9 |             24 |         2.67 |
|  CLK100MHZ_IBUF_BUFG | u_accel/gen_nn_fractional.u_accel/gen_hl2[7].membrane_buf/membrane_storage[0][23]_i_1_n_0        | u_accel/gen_nn_fractional.u_accel/fc1/CPU_RESETN |               12 |             24 |         2.00 |
|  CLK100MHZ_IBUF_BUFG | u_accel/gen_nn_fractional.u_accel/gen_hl1_lif[1].hl1_lif/history_buffer[7][23]_i_1__29_n_0       | u_accel/gen_nn_fractional.u_accel/fc1/CPU_RESETN |               14 |             24 |         1.71 |
|  CLK100MHZ_IBUF_BUFG | u_accel/gen_nn_fractional.u_accel/gen_hl2[6].membrane_buf/membrane_storage[8][23]_i_1__0_n_0     | u_accel/gen_nn_fractional.u_accel/fc1/CPU_RESETN |               12 |             24 |         2.00 |
|  CLK100MHZ_IBUF_BUFG | u_accel/gen_nn_fractional.u_accel/gen_hl2[6].membrane_buf/membrane_storage[6][23]_i_1__0_n_0     | u_accel/gen_nn_fractional.u_accel/fc1/CPU_RESETN |                9 |             24 |         2.67 |
|  CLK100MHZ_IBUF_BUFG | u_accel/gen_nn_fractional.u_accel/gen_hl2[6].membrane_buf/membrane_storage[5][23]_i_1__0_n_0     | u_accel/gen_nn_fractional.u_accel/fc1/CPU_RESETN |                9 |             24 |         2.67 |
|  CLK100MHZ_IBUF_BUFG | u_accel/gen_nn_fractional.u_accel/gen_hl2[6].membrane_buf/membrane_storage[7][23]_i_1__0_n_0     | u_accel/gen_nn_fractional.u_accel/fc1/CPU_RESETN |                7 |             24 |         3.43 |
|  CLK100MHZ_IBUF_BUFG | u_accel/gen_nn_fractional.u_accel/gen_hl2[6].membrane_buf/membrane_storage[4][23]_i_1__0_n_0     | u_accel/gen_nn_fractional.u_accel/fc1/CPU_RESETN |                7 |             24 |         3.43 |
|  CLK100MHZ_IBUF_BUFG | u_accel/gen_nn_fractional.u_accel/gen_hl2[6].membrane_buf/membrane_storage[3][23]_i_1__0_n_0     | u_accel/gen_nn_fractional.u_accel/fc1/CPU_RESETN |                8 |             24 |         3.00 |
|  CLK100MHZ_IBUF_BUFG | u_accel/gen_nn_fractional.u_accel/gen_hl2[6].membrane_buf/membrane_storage[2][23]_i_1__0_n_0     | u_accel/gen_nn_fractional.u_accel/fc1/CPU_RESETN |                7 |             24 |         3.43 |
|  CLK100MHZ_IBUF_BUFG | u_accel/gen_nn_fractional.u_accel/gen_hl2[6].membrane_buf/membrane_storage[1][23]_i_1__0_n_0     | u_accel/gen_nn_fractional.u_accel/fc1/CPU_RESETN |                7 |             24 |         3.43 |
|  CLK100MHZ_IBUF_BUFG | u_accel/gen_nn_fractional.u_accel/gen_hl2[6].membrane_buf/membrane_storage[0][23]_i_1__0_n_0     | u_accel/gen_nn_fractional.u_accel/fc1/CPU_RESETN |                8 |             24 |         3.00 |
|  CLK100MHZ_IBUF_BUFG | u_accel/gen_nn_fractional.u_accel/gen_hl2[5].membrane_buf/membrane_storage[9][23]_i_1__1_n_0     | u_accel/gen_nn_fractional.u_accel/fc1/CPU_RESETN |               10 |             24 |         2.40 |
|  CLK100MHZ_IBUF_BUFG | u_accel/gen_nn_fractional.u_accel/gen_hl2[5].membrane_buf/membrane_storage[8][23]_i_1__1_n_0     | u_accel/gen_nn_fractional.u_accel/fc1/CPU_RESETN |               12 |             24 |         2.00 |
|  CLK100MHZ_IBUF_BUFG | u_accel/gen_nn_fractional.u_accel/gen_hl2[5].membrane_buf/membrane_storage[6][23]_i_1__1_n_0     | u_accel/gen_nn_fractional.u_accel/fc1/CPU_RESETN |                7 |             24 |         3.43 |
|  CLK100MHZ_IBUF_BUFG | u_accel/gen_nn_fractional.u_accel/gen_hl2[5].membrane_buf/membrane_storage[5][23]_i_1__1_n_0     | u_accel/gen_nn_fractional.u_accel/fc1/CPU_RESETN |                4 |             24 |         6.00 |
|  CLK100MHZ_IBUF_BUFG | u_accel/gen_nn_fractional.u_accel/gen_hl2[5].membrane_buf/membrane_storage[7][23]_i_1__1_n_0     | u_accel/gen_nn_fractional.u_accel/fc1/CPU_RESETN |                6 |             24 |         4.00 |
|  CLK100MHZ_IBUF_BUFG | u_accel/gen_nn_fractional.u_accel/gen_hl1_lif[11].hl1_lif/history_buffer[0][23]_i_1__16_n_0      | u_accel/gen_nn_fractional.u_accel/fc1/CPU_RESETN |                7 |             24 |         3.43 |
|  CLK100MHZ_IBUF_BUFG | u_accel/gen_nn_fractional.u_accel/gen_hl1_lif[0].hl1_lif/history_buffer[5][23]_i_1__30_n_0       | u_accel/gen_nn_fractional.u_accel/fc1/CPU_RESETN |               12 |             24 |         2.00 |
|  CLK100MHZ_IBUF_BUFG | u_accel/gen_nn_fractional.u_accel/gen_hl1_lif[0].hl1_lif/history_buffer[6][23]_i_1__30_n_0       | u_accel/gen_nn_fractional.u_accel/fc1/CPU_RESETN |               13 |             24 |         1.85 |
|  CLK100MHZ_IBUF_BUFG | u_accel/gen_nn_fractional.u_accel/gen_hl1_lif[0].hl1_lif/history_buffer[3][23]_i_1__30_n_0       | u_accel/gen_nn_fractional.u_accel/fc1/CPU_RESETN |               12 |             24 |         2.00 |
|  CLK100MHZ_IBUF_BUFG | u_accel/gen_nn_fractional.u_accel/gen_hl1_lif[0].hl1_lif/history_buffer[4][23]_i_1__30_n_0       | u_accel/gen_nn_fractional.u_accel/fc1/CPU_RESETN |               15 |             24 |         1.60 |
|  CLK100MHZ_IBUF_BUFG | u_accel/gen_nn_fractional.u_accel/gen_hl1_lif[0].hl1_lif/history_buffer[2][23]_i_1__30_n_0       | u_accel/gen_nn_fractional.u_accel/fc1/CPU_RESETN |               15 |             24 |         1.60 |
|  CLK100MHZ_IBUF_BUFG | u_accel/gen_nn_fractional.u_accel/gen_hl1_lif[0].hl1_lif/history_buffer[1][23]_i_1__30_n_0       | u_accel/gen_nn_fractional.u_accel/fc1/CPU_RESETN |               12 |             24 |         2.00 |
|  CLK100MHZ_IBUF_BUFG | u_accel/gen_nn_fractional.u_accel/gen_hl1_lif[0].hl1_lif/history_buffer[0][23]_i_1__30_n_0       | u_accel/gen_nn_fractional.u_accel/fc1/CPU_RESETN |               13 |             24 |         1.85 |
|  CLK100MHZ_IBUF_BUFG | u_accel/gen_nn_fractional.u_accel/gen_hl1_lif[10].hl1_lif/history_buffer[0][23]_i_1__17_n_0      | u_accel/gen_nn_fractional.u_accel/fc1/CPU_RESETN |                9 |             24 |         2.67 |
|  CLK100MHZ_IBUF_BUFG | u_accel/gen_nn_fractional.u_accel/gen_hl1_lif[10].hl1_lif/history_buffer[1][23]_i_1__17_n_0      | u_accel/gen_nn_fractional.u_accel/fc1/CPU_RESETN |                7 |             24 |         3.43 |
|  CLK100MHZ_IBUF_BUFG | u_accel/gen_nn_fractional.u_accel/gen_hl1_lif[10].hl1_lif/history_buffer[2][23]_i_1__17_n_0      | u_accel/gen_nn_fractional.u_accel/fc1/CPU_RESETN |               12 |             24 |         2.00 |
|  CLK100MHZ_IBUF_BUFG | u_accel/gen_nn_fractional.u_accel/gen_hl1_lif[10].hl1_lif/history_buffer[3][23]_i_1__17_n_0      | u_accel/gen_nn_fractional.u_accel/fc1/CPU_RESETN |                9 |             24 |         2.67 |
|  CLK100MHZ_IBUF_BUFG | u_accel/gen_nn_fractional.u_accel/gen_hl1_lif[10].hl1_lif/history_buffer[4][23]_i_1__17_n_0      | u_accel/gen_nn_fractional.u_accel/fc1/CPU_RESETN |                9 |             24 |         2.67 |
|  CLK100MHZ_IBUF_BUFG | u_accel/gen_nn_fractional.u_accel/gen_hl1_lif[10].hl1_lif/history_buffer[5][23]_i_1__17_n_0      | u_accel/gen_nn_fractional.u_accel/fc1/CPU_RESETN |                8 |             24 |         3.00 |
|  CLK100MHZ_IBUF_BUFG | u_accel/gen_nn_fractional.u_accel/gen_hl1_lif[10].hl1_lif/history_buffer[6][23]_i_1__17_n_0      | u_accel/gen_nn_fractional.u_accel/fc1/CPU_RESETN |               11 |             24 |         2.18 |
|  CLK100MHZ_IBUF_BUFG | u_accel/gen_nn_fractional.u_accel/gen_hl1_lif[10].hl1_lif/history_buffer[7][23]_i_1__17_n_0      | u_accel/gen_nn_fractional.u_accel/fc1/CPU_RESETN |               14 |             24 |         1.71 |
|  CLK100MHZ_IBUF_BUFG | u_accel/gen_nn_fractional.u_accel/gen_hl2[5].membrane_buf/membrane_storage[4][23]_i_1__1_n_0     | u_accel/gen_nn_fractional.u_accel/fc1/CPU_RESETN |                5 |             24 |         4.80 |
|  CLK100MHZ_IBUF_BUFG | u_accel/gen_nn_fractional.u_accel/gen_hl1_lif[11].hl1_lif/history_buffer[1][23]_i_1__16_n_0      | u_accel/gen_nn_fractional.u_accel/fc1/CPU_RESETN |               15 |             24 |         1.60 |
|  CLK100MHZ_IBUF_BUFG | u_accel/gen_nn_fractional.u_accel/gen_hl1_lif[11].hl1_lif/history_buffer[2][23]_i_1__16_n_0      | u_accel/gen_nn_fractional.u_accel/fc1/CPU_RESETN |               12 |             24 |         2.00 |
|  CLK100MHZ_IBUF_BUFG | u_accel/gen_nn_fractional.u_accel/gen_hl1_lif[11].hl1_lif/history_buffer[3][23]_i_1__16_n_0      | u_accel/gen_nn_fractional.u_accel/fc1/CPU_RESETN |                8 |             24 |         3.00 |
|  CLK100MHZ_IBUF_BUFG | u_accel/gen_nn_fractional.u_accel/gen_hl1_lif[11].hl1_lif/history_buffer[4][23]_i_1__16_n_0      | u_accel/gen_nn_fractional.u_accel/fc1/CPU_RESETN |                9 |             24 |         2.67 |
|  CLK100MHZ_IBUF_BUFG | u_accel/gen_nn_fractional.u_accel/gen_hl1_lif[11].hl1_lif/history_buffer[5][23]_i_1__16_n_0      | u_accel/gen_nn_fractional.u_accel/fc1/CPU_RESETN |                9 |             24 |         2.67 |
|  CLK100MHZ_IBUF_BUFG | u_accel/gen_nn_fractional.u_accel/gen_hl1_lif[11].hl1_lif/history_buffer[6][23]_i_1__16_n_0      | u_accel/gen_nn_fractional.u_accel/fc1/CPU_RESETN |               11 |             24 |         2.18 |
|  CLK100MHZ_IBUF_BUFG | u_accel/gen_nn_fractional.u_accel/gen_hl1_lif[11].hl1_lif/history_buffer[7][23]_i_1__16_n_0      | u_accel/gen_nn_fractional.u_accel/fc1/CPU_RESETN |               12 |             24 |         2.00 |
|  CLK100MHZ_IBUF_BUFG | u_accel/gen_nn_fractional.u_accel/gen_hl1_lif[1].hl1_lif/history_buffer[0][23]_i_1__29_n_0       | u_accel/gen_nn_fractional.u_accel/fc1/CPU_RESETN |                9 |             24 |         2.67 |
|  CLK100MHZ_IBUF_BUFG | u_accel/gen_nn_fractional.u_accel/gen_hl1_lif[1].hl1_lif/history_buffer[1][23]_i_1__29_n_0       | u_accel/gen_nn_fractional.u_accel/fc1/CPU_RESETN |               10 |             24 |         2.40 |
|  CLK100MHZ_IBUF_BUFG | u_accel/gen_nn_fractional.u_accel/gen_hl1_lif[1].hl1_lif/history_buffer[2][23]_i_1__29_n_0       | u_accel/gen_nn_fractional.u_accel/fc1/CPU_RESETN |               10 |             24 |         2.40 |
|  CLK100MHZ_IBUF_BUFG | u_accel/gen_nn_fractional.u_accel/gen_hl1_lif[1].hl1_lif/history_buffer[3][23]_i_1__29_n_0       | u_accel/gen_nn_fractional.u_accel/fc1/CPU_RESETN |                8 |             24 |         3.00 |
|  CLK100MHZ_IBUF_BUFG | u_accel/gen_nn_fractional.u_accel/gen_hl1_lif[1].hl1_lif/history_buffer[4][23]_i_1__29_n_0       | u_accel/gen_nn_fractional.u_accel/fc1/CPU_RESETN |                7 |             24 |         3.43 |
|  CLK100MHZ_IBUF_BUFG | u_accel/gen_nn_fractional.u_accel/gen_hl1_lif[1].hl1_lif/history_buffer[5][23]_i_1__29_n_0       | u_accel/gen_nn_fractional.u_accel/fc1/CPU_RESETN |                9 |             24 |         2.67 |
|  CLK100MHZ_IBUF_BUFG | u_accel/gen_nn_fractional.u_accel/gen_hl1_lif[1].hl1_lif/history_buffer[6][23]_i_1__29_n_0       | u_accel/gen_nn_fractional.u_accel/fc1/CPU_RESETN |               15 |             24 |         1.60 |
|  CLK100MHZ_IBUF_BUFG | u_accel/gen_nn_fractional.u_accel/gen_hl2[0].membrane_buf/membrane_storage[6][23]_i_1__5_n_0     | u_accel/gen_nn_fractional.u_accel/fc1/CPU_RESETN |                7 |             24 |         3.43 |
|  CLK100MHZ_IBUF_BUFG | u_accel/gen_nn_fractional.u_accel/gen_hl2[2].membrane_buf/membrane_storage[2][23]_i_1__6_n_0     | u_accel/gen_nn_fractional.u_accel/fc1/CPU_RESETN |                5 |             24 |         4.80 |
|  CLK100MHZ_IBUF_BUFG | u_accel/gen_nn_fractional.u_accel/gen_hl2[2].membrane_buf/membrane_storage[1][23]_i_1__6_n_0     | u_accel/gen_nn_fractional.u_accel/fc1/CPU_RESETN |                8 |             24 |         3.00 |
|  CLK100MHZ_IBUF_BUFG | u_accel/gen_nn_fractional.u_accel/gen_hl2[2].membrane_buf/membrane_storage                       | u_accel/gen_nn_fractional.u_accel/fc1/CPU_RESETN |                8 |             24 |         3.00 |
|  CLK100MHZ_IBUF_BUFG | u_accel/gen_nn_fractional.u_accel/gen_hl2[1].membrane_buf/membrane_storage[9][23]_i_1__6_n_0     | u_accel/gen_nn_fractional.u_accel/fc1/CPU_RESETN |               10 |             24 |         2.40 |
|  CLK100MHZ_IBUF_BUFG | u_accel/gen_nn_fractional.u_accel/gen_hl2[1].membrane_buf/membrane_storage[8][23]_i_1__5_n_0     | u_accel/gen_nn_fractional.u_accel/fc1/CPU_RESETN |                9 |             24 |         2.67 |
|  CLK100MHZ_IBUF_BUFG | u_accel/gen_nn_fractional.u_accel/gen_hl2[1].membrane_buf/membrane_storage[6][23]_i_1__6_n_0     | u_accel/gen_nn_fractional.u_accel/fc1/CPU_RESETN |                9 |             24 |         2.67 |
|  CLK100MHZ_IBUF_BUFG | u_accel/gen_nn_fractional.u_accel/gen_hl2[1].membrane_buf/membrane_storage[5][23]_i_1__6_n_0     | u_accel/gen_nn_fractional.u_accel/fc1/CPU_RESETN |                8 |             24 |         3.00 |
|  CLK100MHZ_IBUF_BUFG | u_accel/gen_nn_fractional.u_accel/gen_hl2[1].membrane_buf/membrane_storage[7][23]_i_1__6_n_0     | u_accel/gen_nn_fractional.u_accel/fc1/CPU_RESETN |               10 |             24 |         2.40 |
|  CLK100MHZ_IBUF_BUFG | u_accel/gen_nn_fractional.u_accel/gen_hl2[1].membrane_buf/membrane_storage[4][23]_i_1__5_n_0     | u_accel/gen_nn_fractional.u_accel/fc1/CPU_RESETN |                9 |             24 |         2.67 |
|  CLK100MHZ_IBUF_BUFG | u_accel/gen_nn_fractional.u_accel/gen_hl2[1].membrane_buf/membrane_storage[3][23]_i_1__5_n_0     | u_accel/gen_nn_fractional.u_accel/fc1/CPU_RESETN |               10 |             24 |         2.40 |
|  CLK100MHZ_IBUF_BUFG | u_accel/gen_nn_fractional.u_accel/gen_hl2[1].membrane_buf/membrane_storage[2][23]_i_1__5_n_0     | u_accel/gen_nn_fractional.u_accel/fc1/CPU_RESETN |               10 |             24 |         2.40 |
|  CLK100MHZ_IBUF_BUFG | u_accel/gen_nn_fractional.u_accel/gen_hl2[1].membrane_buf/membrane_storage[1][23]_i_1__5_n_0     | u_accel/gen_nn_fractional.u_accel/fc1/CPU_RESETN |               12 |             24 |         2.00 |
|  CLK100MHZ_IBUF_BUFG | u_accel/gen_nn_fractional.u_accel/gen_hl2[1].membrane_buf/membrane_storage                       | u_accel/gen_nn_fractional.u_accel/fc1/CPU_RESETN |               11 |             24 |         2.18 |
|  CLK100MHZ_IBUF_BUFG | u_accel/gen_nn_fractional.u_accel/gen_hl2[0].membrane_buf/membrane_storage[9][23]_i_1__5_n_0     | u_accel/gen_nn_fractional.u_accel/fc1/CPU_RESETN |                6 |             24 |         4.00 |
|  CLK100MHZ_IBUF_BUFG | u_accel/gen_nn_fractional.u_accel/gen_hl2[0].membrane_buf/membrane_storage[8][23]_i_1__4_n_0     | u_accel/gen_nn_fractional.u_accel/fc1/CPU_RESETN |                6 |             24 |         4.00 |
|  CLK100MHZ_IBUF_BUFG | u_accel/gen_nn_fractional.u_accel/gen_hl2[2].membrane_buf/membrane_storage[3][23]_i_1__4_n_0     | u_accel/gen_nn_fractional.u_accel/fc1/CPU_RESETN |                8 |             24 |         3.00 |
|  CLK100MHZ_IBUF_BUFG | u_accel/gen_nn_fractional.u_accel/gen_hl2[0].membrane_buf/membrane_storage[5][23]_i_1__5_n_0     | u_accel/gen_nn_fractional.u_accel/fc1/CPU_RESETN |                9 |             24 |         2.67 |
|  CLK100MHZ_IBUF_BUFG | u_accel/gen_nn_fractional.u_accel/gen_hl2[0].membrane_buf/membrane_storage[7][23]_i_1__5_n_0     | u_accel/gen_nn_fractional.u_accel/fc1/CPU_RESETN |               11 |             24 |         2.18 |
|  CLK100MHZ_IBUF_BUFG | u_accel/gen_nn_fractional.u_accel/gen_hl2[0].membrane_buf/membrane_storage[4][23]_i_1__4_n_0     | u_accel/gen_nn_fractional.u_accel/fc1/CPU_RESETN |                7 |             24 |         3.43 |
|  CLK100MHZ_IBUF_BUFG | u_accel/gen_nn_fractional.u_accel/gen_hl2[0].membrane_buf/membrane_storage[3][23]_i_1__6_n_0     | u_accel/gen_nn_fractional.u_accel/fc1/CPU_RESETN |                8 |             24 |         3.00 |
|  CLK100MHZ_IBUF_BUFG | u_accel/gen_nn_fractional.u_accel/gen_hl2[0].membrane_buf/membrane_storage[2][23]_i_1__4_n_0     | u_accel/gen_nn_fractional.u_accel/fc1/CPU_RESETN |                7 |             24 |         3.43 |
|  CLK100MHZ_IBUF_BUFG | u_accel/gen_nn_fractional.u_accel/gen_hl2[0].membrane_buf/membrane_storage[1][23]_i_1__4_n_0     | u_accel/gen_nn_fractional.u_accel/fc1/CPU_RESETN |                5 |             24 |         4.80 |
|  CLK100MHZ_IBUF_BUFG | u_accel/gen_nn_fractional.u_accel/gen_hl2[0].membrane_buf/membrane_storage                       | u_accel/gen_nn_fractional.u_accel/fc1/CPU_RESETN |                9 |             24 |         2.67 |
|  CLK100MHZ_IBUF_BUFG | u_accel/gen_nn_fractional.u_accel/gen_hl1_lif[20].hl1_lif/history_buffer[5][23]_i_1__7_n_0       | u_accel/gen_nn_fractional.u_accel/fc1/CPU_RESETN |                8 |             24 |         3.00 |
|  CLK100MHZ_IBUF_BUFG | u_accel/gen_nn_fractional.u_accel/gen_hl1_lif[20].hl1_lif/history_buffer[6][23]_i_1__7_n_0       | u_accel/gen_nn_fractional.u_accel/fc1/CPU_RESETN |                6 |             24 |         4.00 |
|  CLK100MHZ_IBUF_BUFG | u_accel/gen_nn_fractional.u_accel/gen_hl1_lif[20].hl1_lif/history_buffer[7][23]_i_1__7_n_0       | u_accel/gen_nn_fractional.u_accel/fc1/CPU_RESETN |               12 |             24 |         2.00 |
|  CLK100MHZ_IBUF_BUFG | u_accel/gen_nn_fractional.u_accel/gen_hl2[7].hl2_lif/history_buffer[7][23]_i_1__31_n_0           | u_accel/gen_nn_fractional.u_accel/fc1/CPU_RESETN |               11 |             24 |         2.18 |
|  CLK100MHZ_IBUF_BUFG | u_accel/gen_nn_fractional.u_accel/gen_hl1_lif[24].hl1_lif/history_buffer[7][23]_i_1__1_n_0       | u_accel/gen_nn_fractional.u_accel/fc1/CPU_RESETN |               11 |             24 |         2.18 |
|  CLK100MHZ_IBUF_BUFG | u_accel/gen_nn_fractional.u_accel/gen_hl2[7].hl2_lif/history_buffer[5][23]_i_1__31_n_0           | u_accel/gen_nn_fractional.u_accel/fc1/CPU_RESETN |                7 |             24 |         3.43 |
|  CLK100MHZ_IBUF_BUFG | u_accel/gen_nn_fractional.u_accel/gen_hl2[7].hl2_lif/history_buffer[4][23]_i_1__31_n_0           | u_accel/gen_nn_fractional.u_accel/fc1/CPU_RESETN |                8 |             24 |         3.00 |
|  CLK100MHZ_IBUF_BUFG | u_accel/gen_nn_fractional.u_accel/gen_hl2[3].membrane_buf/membrane_storage[8][23]_i_1__3_n_0     | u_accel/gen_nn_fractional.u_accel/fc1/CPU_RESETN |                9 |             24 |         2.67 |
|  CLK100MHZ_IBUF_BUFG | u_accel/gen_nn_fractional.u_accel/gen_hl2[5].membrane_buf/membrane_storage[3][23]_i_1__1_n_0     | u_accel/gen_nn_fractional.u_accel/fc1/CPU_RESETN |                7 |             24 |         3.43 |
|  CLK100MHZ_IBUF_BUFG | u_accel/gen_nn_fractional.u_accel/gen_hl2[5].membrane_buf/membrane_storage[2][23]_i_1__1_n_0     | u_accel/gen_nn_fractional.u_accel/fc1/CPU_RESETN |                6 |             24 |         4.00 |
|  CLK100MHZ_IBUF_BUFG | u_accel/gen_nn_fractional.u_accel/gen_hl2[5].membrane_buf/membrane_storage[1][23]_i_1__1_n_0     | u_accel/gen_nn_fractional.u_accel/fc1/CPU_RESETN |                8 |             24 |         3.00 |
|  CLK100MHZ_IBUF_BUFG | u_accel/gen_nn_fractional.u_accel/gen_hl2[5].membrane_buf/membrane_storage[0][23]_i_1__1_n_0     | u_accel/gen_nn_fractional.u_accel/fc1/CPU_RESETN |                6 |             24 |         4.00 |
|  CLK100MHZ_IBUF_BUFG | u_accel/gen_nn_fractional.u_accel/gen_hl2[4].membrane_buf/membrane_storage[9][23]_i_1__2_n_0     | u_accel/gen_nn_fractional.u_accel/fc1/CPU_RESETN |               13 |             24 |         1.85 |
|  CLK100MHZ_IBUF_BUFG | u_accel/gen_nn_fractional.u_accel/gen_hl2[4].membrane_buf/membrane_storage[8][23]_i_1__2_n_0     | u_accel/gen_nn_fractional.u_accel/fc1/CPU_RESETN |               13 |             24 |         1.85 |
|  CLK100MHZ_IBUF_BUFG | u_accel/gen_nn_fractional.u_accel/gen_hl2[4].membrane_buf/membrane_storage[6][23]_i_1__2_n_0     | u_accel/gen_nn_fractional.u_accel/fc1/CPU_RESETN |                6 |             24 |         4.00 |
|  CLK100MHZ_IBUF_BUFG | u_accel/gen_nn_fractional.u_accel/gen_hl2[4].membrane_buf/membrane_storage[5][23]_i_1__2_n_0     | u_accel/gen_nn_fractional.u_accel/fc1/CPU_RESETN |                6 |             24 |         4.00 |
|  CLK100MHZ_IBUF_BUFG | u_accel/gen_nn_fractional.u_accel/gen_hl2[4].membrane_buf/membrane_storage[7][23]_i_1__2_n_0     | u_accel/gen_nn_fractional.u_accel/fc1/CPU_RESETN |                6 |             24 |         4.00 |
|  CLK100MHZ_IBUF_BUFG | u_accel/gen_nn_fractional.u_accel/gen_hl2[4].membrane_buf/membrane_storage[4][23]_i_1__2_n_0     | u_accel/gen_nn_fractional.u_accel/fc1/CPU_RESETN |                7 |             24 |         3.43 |
|  CLK100MHZ_IBUF_BUFG | u_accel/gen_nn_fractional.u_accel/gen_hl2[4].membrane_buf/membrane_storage[3][23]_i_1__2_n_0     | u_accel/gen_nn_fractional.u_accel/fc1/CPU_RESETN |                6 |             24 |         4.00 |
|  CLK100MHZ_IBUF_BUFG | u_accel/gen_nn_fractional.u_accel/gen_hl2[4].membrane_buf/membrane_storage[2][23]_i_1__2_n_0     | u_accel/gen_nn_fractional.u_accel/fc1/CPU_RESETN |                7 |             24 |         3.43 |
|  CLK100MHZ_IBUF_BUFG | u_accel/gen_nn_fractional.u_accel/gen_hl2[4].membrane_buf/membrane_storage[1][23]_i_1__2_n_0     | u_accel/gen_nn_fractional.u_accel/fc1/CPU_RESETN |                8 |             24 |         3.00 |
|  CLK100MHZ_IBUF_BUFG | u_accel/gen_nn_fractional.u_accel/gen_hl2[4].membrane_buf/membrane_storage[0][23]_i_1__2_n_0     | u_accel/gen_nn_fractional.u_accel/fc1/CPU_RESETN |                7 |             24 |         3.43 |
|  CLK100MHZ_IBUF_BUFG | u_accel/gen_nn_fractional.u_accel/gen_hl2[3].membrane_buf/membrane_storage[9][23]_i_1__3_n_0     | u_accel/gen_nn_fractional.u_accel/fc1/CPU_RESETN |               11 |             24 |         2.18 |
|  CLK100MHZ_IBUF_BUFG | u_accel/gen_nn_fractional.u_accel/gen_hl2[7].hl2_lif/history_buffer[3][23]_i_1__31_n_0           | u_accel/gen_nn_fractional.u_accel/fc1/CPU_RESETN |                7 |             24 |         3.43 |
|  CLK100MHZ_IBUF_BUFG | u_accel/gen_nn_fractional.u_accel/gen_hl2[3].membrane_buf/membrane_storage[6][23]_i_1__3_n_0     | u_accel/gen_nn_fractional.u_accel/fc1/CPU_RESETN |                9 |             24 |         2.67 |
|  CLK100MHZ_IBUF_BUFG | u_accel/gen_nn_fractional.u_accel/gen_hl2[3].membrane_buf/membrane_storage[5][23]_i_1__3_n_0     | u_accel/gen_nn_fractional.u_accel/fc1/CPU_RESETN |                8 |             24 |         3.00 |
|  CLK100MHZ_IBUF_BUFG | u_accel/gen_nn_fractional.u_accel/gen_hl2[3].membrane_buf/membrane_storage[7][23]_i_1__3_n_0     | u_accel/gen_nn_fractional.u_accel/fc1/CPU_RESETN |                8 |             24 |         3.00 |
|  CLK100MHZ_IBUF_BUFG | u_accel/gen_nn_fractional.u_accel/gen_hl2[3].membrane_buf/membrane_storage[4][23]_i_1__3_n_0     | u_accel/gen_nn_fractional.u_accel/fc1/CPU_RESETN |                8 |             24 |         3.00 |
|  CLK100MHZ_IBUF_BUFG | u_accel/gen_nn_fractional.u_accel/gen_hl2[3].membrane_buf/membrane_storage[3][23]_i_1__3_n_0     | u_accel/gen_nn_fractional.u_accel/fc1/CPU_RESETN |                9 |             24 |         2.67 |
|  CLK100MHZ_IBUF_BUFG | u_accel/gen_nn_fractional.u_accel/gen_hl2[3].membrane_buf/membrane_storage[2][23]_i_1__3_n_0     | u_accel/gen_nn_fractional.u_accel/fc1/CPU_RESETN |                7 |             24 |         3.43 |
|  CLK100MHZ_IBUF_BUFG | u_accel/gen_nn_fractional.u_accel/gen_hl2[3].membrane_buf/membrane_storage[1][23]_i_1__3_n_0     | u_accel/gen_nn_fractional.u_accel/fc1/CPU_RESETN |                8 |             24 |         3.00 |
|  CLK100MHZ_IBUF_BUFG | u_accel/gen_nn_fractional.u_accel/gen_hl2[3].membrane_buf/membrane_storage[0][23]_i_1__3_n_0     | u_accel/gen_nn_fractional.u_accel/fc1/CPU_RESETN |               12 |             24 |         2.00 |
|  CLK100MHZ_IBUF_BUFG | u_accel/gen_nn_fractional.u_accel/gen_hl2[2].membrane_buf/membrane_storage[9][23]_i_1__4_n_0     | u_accel/gen_nn_fractional.u_accel/fc1/CPU_RESETN |                9 |             24 |         2.67 |
|  CLK100MHZ_IBUF_BUFG | u_accel/gen_nn_fractional.u_accel/gen_hl2[2].membrane_buf/membrane_storage[8][23]_i_1__6_n_0     | u_accel/gen_nn_fractional.u_accel/fc1/CPU_RESETN |               12 |             24 |         2.00 |
|  CLK100MHZ_IBUF_BUFG | u_accel/gen_nn_fractional.u_accel/gen_hl2[2].membrane_buf/membrane_storage[6][23]_i_1__4_n_0     | u_accel/gen_nn_fractional.u_accel/fc1/CPU_RESETN |                9 |             24 |         2.67 |
|  CLK100MHZ_IBUF_BUFG | u_accel/gen_nn_fractional.u_accel/gen_hl2[2].membrane_buf/membrane_storage[5][23]_i_1__4_n_0     | u_accel/gen_nn_fractional.u_accel/fc1/CPU_RESETN |                8 |             24 |         3.00 |
|  CLK100MHZ_IBUF_BUFG | u_accel/gen_nn_fractional.u_accel/gen_hl2[2].membrane_buf/membrane_storage[7][23]_i_1__4_n_0     | u_accel/gen_nn_fractional.u_accel/fc1/CPU_RESETN |                7 |             24 |         3.43 |
|  CLK100MHZ_IBUF_BUFG | u_accel/gen_nn_fractional.u_accel/gen_hl2[2].membrane_buf/membrane_storage[4][23]_i_1__6_n_0     | u_accel/gen_nn_fractional.u_accel/fc1/CPU_RESETN |                7 |             24 |         3.43 |
|  CLK100MHZ_IBUF_BUFG | u_accel/gen_nn_fractional.u_accel/gen_hl1_lif[4].hl1_lif/history_buffer[0][23]_i_1__26_n_0       | u_accel/gen_nn_fractional.u_accel/fc1/CPU_RESETN |                8 |             24 |         3.00 |
|  CLK100MHZ_IBUF_BUFG | u_accel/gen_nn_fractional.u_accel/gen_hl1_lif[28].hl1_lif/history_buffer[5][23]_i_1__5_n_0       | u_accel/gen_nn_fractional.u_accel/fc1/CPU_RESETN |               11 |             24 |         2.18 |
|  CLK100MHZ_IBUF_BUFG | u_accel/gen_nn_fractional.u_accel/gen_hl1_lif[22].hl1_lif/history_buffer[5][23]_i_1_n_0          | u_accel/gen_nn_fractional.u_accel/fc1/CPU_RESETN |               12 |             24 |         2.00 |
|  CLK100MHZ_IBUF_BUFG | u_accel/gen_nn_fractional.u_accel/gen_hl1_lif[4].hl1_lif/history_buffer[7][23]_i_1__26_n_0       | u_accel/gen_nn_fractional.u_accel/fc1/CPU_RESETN |               11 |             24 |         2.18 |
|  CLK100MHZ_IBUF_BUFG | u_accel/gen_nn_fractional.u_accel/gen_hl1_lif[4].hl1_lif/history_buffer[6][23]_i_1__26_n_0       | u_accel/gen_nn_fractional.u_accel/fc1/CPU_RESETN |               10 |             24 |         2.40 |
|  CLK100MHZ_IBUF_BUFG | u_accel/gen_nn_fractional.u_accel/gen_hl1_lif[28].hl1_lif/history_buffer[6][23]_i_1__5_n_0       | u_accel/gen_nn_fractional.u_accel/fc1/CPU_RESETN |               10 |             24 |         2.40 |
|  CLK100MHZ_IBUF_BUFG | u_accel/gen_nn_fractional.u_accel/gen_hl1_lif[28].hl1_lif/history_buffer[7][23]_i_1__5_n_0       | u_accel/gen_nn_fractional.u_accel/fc1/CPU_RESETN |               10 |             24 |         2.40 |
|  CLK100MHZ_IBUF_BUFG | u_accel/gen_nn_fractional.u_accel/gen_hl1_lif[4].hl1_lif/history_buffer[5][23]_i_1__26_n_0       | u_accel/gen_nn_fractional.u_accel/fc1/CPU_RESETN |               10 |             24 |         2.40 |
|  CLK100MHZ_IBUF_BUFG | u_accel/gen_nn_fractional.u_accel/gen_hl1_lif[4].hl1_lif/history_buffer[4][23]_i_1__26_n_0       | u_accel/gen_nn_fractional.u_accel/fc1/CPU_RESETN |                9 |             24 |         2.67 |
|  CLK100MHZ_IBUF_BUFG | u_accel/gen_nn_fractional.u_accel/gen_hl1_lif[4].hl1_lif/history_buffer[3][23]_i_1__26_n_0       | u_accel/gen_nn_fractional.u_accel/fc1/CPU_RESETN |               10 |             24 |         2.40 |
|  CLK100MHZ_IBUF_BUFG | u_accel/gen_nn_fractional.u_accel/gen_hl1_lif[4].hl1_lif/history_buffer[2][23]_i_1__26_n_0       | u_accel/gen_nn_fractional.u_accel/fc1/CPU_RESETN |                8 |             24 |         3.00 |
|  CLK100MHZ_IBUF_BUFG | u_accel/gen_nn_fractional.u_accel/gen_hl1_lif[4].hl1_lif/history_buffer[1][23]_i_1__26_n_0       | u_accel/gen_nn_fractional.u_accel/fc1/CPU_RESETN |                9 |             24 |         2.67 |
|  CLK100MHZ_IBUF_BUFG | u_accel/gen_nn_fractional.u_accel/gen_hl1_lif[28].hl1_lif/history_buffer[4][23]_i_1__5_n_0       | u_accel/gen_nn_fractional.u_accel/fc1/CPU_RESETN |               12 |             24 |         2.00 |
|  CLK100MHZ_IBUF_BUFG | u_accel/gen_nn_fractional.u_accel/gen_hl1_lif[22].hl1_lif/history_buffer[6][23]_i_1_n_0          | u_accel/gen_nn_fractional.u_accel/fc1/CPU_RESETN |               12 |             24 |         2.00 |
|  CLK100MHZ_IBUF_BUFG | u_accel/gen_nn_fractional.u_accel/gen_hl1_lif[12].hl1_lif/history_buffer[0][23]_i_1__15_n_0      | u_accel/gen_nn_fractional.u_accel/fc1/CPU_RESETN |               10 |             24 |         2.40 |
|  CLK100MHZ_IBUF_BUFG | u_accel/gen_nn_fractional.u_accel/gen_hl1_lif[12].hl1_lif/history_buffer[1][23]_i_1__15_n_0      | u_accel/gen_nn_fractional.u_accel/fc1/CPU_RESETN |               10 |             24 |         2.40 |
|  CLK100MHZ_IBUF_BUFG | u_accel/gen_nn_fractional.u_accel/gen_hl1_lif[12].hl1_lif/history_buffer[2][23]_i_1__15_n_0      | u_accel/gen_nn_fractional.u_accel/fc1/CPU_RESETN |                6 |             24 |         4.00 |
|  CLK100MHZ_IBUF_BUFG | u_accel/gen_nn_fractional.u_accel/gen_hl1_lif[12].hl1_lif/history_buffer[3][23]_i_1__15_n_0      | u_accel/gen_nn_fractional.u_accel/fc1/CPU_RESETN |                7 |             24 |         3.43 |
|  CLK100MHZ_IBUF_BUFG | u_accel/gen_nn_fractional.u_accel/gen_hl1_lif[12].hl1_lif/history_buffer[4][23]_i_1__15_n_0      | u_accel/gen_nn_fractional.u_accel/fc1/CPU_RESETN |                8 |             24 |         3.00 |
|  CLK100MHZ_IBUF_BUFG | u_accel/gen_nn_fractional.u_accel/gen_hl1_lif[22].hl1_lif/history_buffer[7][23]_i_1_n_0          | u_accel/gen_nn_fractional.u_accel/fc1/CPU_RESETN |               14 |             24 |         1.71 |
|  CLK100MHZ_IBUF_BUFG | u_accel/gen_nn_fractional.u_accel/gen_hl1_lif[3].hl1_lif/history_buffer[7][23]_i_1__27_n_0       | u_accel/gen_nn_fractional.u_accel/fc1/CPU_RESETN |               12 |             24 |         2.00 |
|  CLK100MHZ_IBUF_BUFG | u_accel/gen_nn_fractional.u_accel/gen_hl1_lif[3].hl1_lif/history_buffer[6][23]_i_1__27_n_0       | u_accel/gen_nn_fractional.u_accel/fc1/CPU_RESETN |               11 |             24 |         2.18 |
|  CLK100MHZ_IBUF_BUFG | u_accel/gen_nn_fractional.u_accel/gen_hl1_lif[3].hl1_lif/history_buffer[5][23]_i_1__27_n_0       | u_accel/gen_nn_fractional.u_accel/fc1/CPU_RESETN |                9 |             24 |         2.67 |
|  CLK100MHZ_IBUF_BUFG | u_accel/gen_nn_fractional.u_accel/gen_hl1_lif[3].hl1_lif/history_buffer[4][23]_i_1__27_n_0       | u_accel/gen_nn_fractional.u_accel/fc1/CPU_RESETN |                6 |             24 |         4.00 |
|  CLK100MHZ_IBUF_BUFG | u_accel/gen_nn_fractional.u_accel/gen_hl1_lif[5].hl1_lif/history_buffer[6][23]_i_1__25_n_0       | u_accel/gen_nn_fractional.u_accel/fc1/CPU_RESETN |                9 |             24 |         2.67 |
|  CLK100MHZ_IBUF_BUFG | u_accel/gen_nn_fractional.u_accel/gen_hl1_lif[6].hl1_lif/history_buffer[4][23]_i_1__24_n_0       | u_accel/gen_nn_fractional.u_accel/fc1/CPU_RESETN |                7 |             24 |         3.43 |
|  CLK100MHZ_IBUF_BUFG | u_accel/gen_nn_fractional.u_accel/gen_hl1_lif[6].hl1_lif/history_buffer[3][23]_i_1__24_n_0       | u_accel/gen_nn_fractional.u_accel/fc1/CPU_RESETN |               10 |             24 |         2.40 |
|  CLK100MHZ_IBUF_BUFG | u_accel/gen_nn_fractional.u_accel/gen_hl1_lif[6].hl1_lif/history_buffer[2][23]_i_1__24_n_0       | u_accel/gen_nn_fractional.u_accel/fc1/CPU_RESETN |                7 |             24 |         3.43 |
|  CLK100MHZ_IBUF_BUFG | u_accel/gen_nn_fractional.u_accel/gen_hl1_lif[6].hl1_lif/history_buffer[1][23]_i_1__24_n_0       | u_accel/gen_nn_fractional.u_accel/fc1/CPU_RESETN |               10 |             24 |         2.40 |
|  CLK100MHZ_IBUF_BUFG | u_accel/gen_nn_fractional.u_accel/gen_hl1_lif[6].hl1_lif/history_buffer[0][23]_i_1__24_n_0       | u_accel/gen_nn_fractional.u_accel/fc1/CPU_RESETN |               11 |             24 |         2.18 |
|  CLK100MHZ_IBUF_BUFG | u_accel/gen_nn_fractional.u_accel/gen_hl1_lif[22].hl1_lif/history_buffer[2][23]_i_1_n_0          | u_accel/gen_nn_fractional.u_accel/fc1/CPU_RESETN |               13 |             24 |         1.85 |
|  CLK100MHZ_IBUF_BUFG | u_accel/gen_nn_fractional.u_accel/gen_hl1_lif[27].hl1_lif/history_buffer[5][23]_i_1__21_n_0      | u_accel/gen_nn_fractional.u_accel/fc1/CPU_RESETN |                8 |             24 |         3.00 |
|  CLK100MHZ_IBUF_BUFG | u_accel/gen_nn_fractional.u_accel/gen_hl1_lif[27].hl1_lif/history_buffer[6][23]_i_1__21_n_0      | u_accel/gen_nn_fractional.u_accel/fc1/CPU_RESETN |                6 |             24 |         4.00 |
|  CLK100MHZ_IBUF_BUFG | u_accel/gen_nn_fractional.u_accel/gen_hl1_lif[27].hl1_lif/history_buffer[7][23]_i_1__21_n_0      | u_accel/gen_nn_fractional.u_accel/fc1/CPU_RESETN |                9 |             24 |         2.67 |
|  CLK100MHZ_IBUF_BUFG | u_accel/gen_nn_fractional.u_accel/gen_hl1_lif[22].hl1_lif/history_buffer[3][23]_i_1_n_0          | u_accel/gen_nn_fractional.u_accel/fc1/CPU_RESETN |               13 |             24 |         1.85 |
|  CLK100MHZ_IBUF_BUFG | u_accel/gen_nn_fractional.u_accel/gen_hl1_lif[5].hl1_lif/history_buffer[7][23]_i_1__25_n_0       | u_accel/gen_nn_fractional.u_accel/fc1/CPU_RESETN |               12 |             24 |         2.00 |
|  CLK100MHZ_IBUF_BUFG | u_accel/gen_nn_fractional.u_accel/gen_hl1_lif[3].hl1_lif/history_buffer[3][23]_i_1__27_n_0       | u_accel/gen_nn_fractional.u_accel/fc1/CPU_RESETN |               10 |             24 |         2.40 |
|  CLK100MHZ_IBUF_BUFG | u_accel/gen_nn_fractional.u_accel/gen_hl1_lif[5].hl1_lif/history_buffer[5][23]_i_1__25_n_0       | u_accel/gen_nn_fractional.u_accel/fc1/CPU_RESETN |                7 |             24 |         3.43 |
|  CLK100MHZ_IBUF_BUFG | u_accel/gen_nn_fractional.u_accel/gen_hl1_lif[5].hl1_lif/history_buffer[4][23]_i_1__25_n_0       | u_accel/gen_nn_fractional.u_accel/fc1/CPU_RESETN |                9 |             24 |         2.67 |
|  CLK100MHZ_IBUF_BUFG | u_accel/gen_nn_fractional.u_accel/gen_hl1_lif[5].hl1_lif/history_buffer[3][23]_i_1__25_n_0       | u_accel/gen_nn_fractional.u_accel/fc1/CPU_RESETN |               11 |             24 |         2.18 |
|  CLK100MHZ_IBUF_BUFG | u_accel/gen_nn_fractional.u_accel/gen_hl1_lif[5].hl1_lif/history_buffer[2][23]_i_1__25_n_0       | u_accel/gen_nn_fractional.u_accel/fc1/CPU_RESETN |               10 |             24 |         2.40 |
|  CLK100MHZ_IBUF_BUFG | u_accel/gen_nn_fractional.u_accel/gen_hl1_lif[5].hl1_lif/history_buffer[1][23]_i_1__25_n_0       | u_accel/gen_nn_fractional.u_accel/fc1/CPU_RESETN |               10 |             24 |         2.40 |
|  CLK100MHZ_IBUF_BUFG | u_accel/gen_nn_fractional.u_accel/gen_hl1_lif[28].hl1_lif/history_buffer[0][23]_i_1__5_n_0       | u_accel/gen_nn_fractional.u_accel/fc1/CPU_RESETN |               11 |             24 |         2.18 |
|  CLK100MHZ_IBUF_BUFG | u_accel/gen_nn_fractional.u_accel/gen_hl1_lif[28].hl1_lif/history_buffer[1][23]_i_1__5_n_0       | u_accel/gen_nn_fractional.u_accel/fc1/CPU_RESETN |               13 |             24 |         1.85 |
|  CLK100MHZ_IBUF_BUFG | u_accel/gen_nn_fractional.u_accel/gen_hl1_lif[28].hl1_lif/history_buffer[2][23]_i_1__5_n_0       | u_accel/gen_nn_fractional.u_accel/fc1/CPU_RESETN |               14 |             24 |         1.71 |
|  CLK100MHZ_IBUF_BUFG | u_accel/gen_nn_fractional.u_accel/gen_hl1_lif[5].hl1_lif/history_buffer[0][23]_i_1__25_n_0       | u_accel/gen_nn_fractional.u_accel/fc1/CPU_RESETN |               14 |             24 |         1.71 |
|  CLK100MHZ_IBUF_BUFG | u_accel/gen_nn_fractional.u_accel/gen_hl1_lif[22].hl1_lif/history_buffer[4][23]_i_1_n_0          | u_accel/gen_nn_fractional.u_accel/fc1/CPU_RESETN |               12 |             24 |         2.00 |
|  CLK100MHZ_IBUF_BUFG | u_accel/gen_nn_fractional.u_accel/gen_hl1_lif[28].hl1_lif/history_buffer[3][23]_i_1__5_n_0       | u_accel/gen_nn_fractional.u_accel/fc1/CPU_RESETN |               11 |             24 |         2.18 |
|  CLK100MHZ_IBUF_BUFG | u_accel/gen_nn_fractional.u_accel/gen_hl1_lif[30].hl1_lif/history_buffer[1][23]_i_1__19_n_0      | u_accel/gen_nn_fractional.u_accel/fc1/CPU_RESETN |                6 |             24 |         4.00 |
|  CLK100MHZ_IBUF_BUFG | u_accel/gen_nn_fractional.u_accel/gen_hl1_lif[23].hl1_lif/history_buffer[5][23]_i_1__0_n_0       | u_accel/gen_nn_fractional.u_accel/fc1/CPU_RESETN |               11 |             24 |         2.18 |
|  CLK100MHZ_IBUF_BUFG | u_accel/gen_nn_fractional.u_accel/gen_hl1_lif[2].hl1_lif/history_buffer[0][23]_i_1__28_n_0       | u_accel/gen_nn_fractional.u_accel/fc1/CPU_RESETN |                9 |             24 |         2.67 |
|  CLK100MHZ_IBUF_BUFG | u_accel/gen_nn_fractional.u_accel/gen_hl1_lif[2].hl1_lif/history_buffer[1][23]_i_1__28_n_0       | u_accel/gen_nn_fractional.u_accel/fc1/CPU_RESETN |               10 |             24 |         2.40 |
|  CLK100MHZ_IBUF_BUFG | u_accel/gen_nn_fractional.u_accel/gen_hl1_lif[2].hl1_lif/history_buffer[2][23]_i_1__28_n_0       | u_accel/gen_nn_fractional.u_accel/fc1/CPU_RESETN |               10 |             24 |         2.40 |
|  CLK100MHZ_IBUF_BUFG | u_accel/gen_nn_fractional.u_accel/gen_hl1_lif[2].hl1_lif/history_buffer[3][23]_i_1__28_n_0       | u_accel/gen_nn_fractional.u_accel/fc1/CPU_RESETN |               14 |             24 |         1.71 |
|  CLK100MHZ_IBUF_BUFG | u_accel/gen_nn_fractional.u_accel/gen_hl1_lif[30].hl1_lif/history_buffer[7][23]_i_1__19_n_0      | u_accel/gen_nn_fractional.u_accel/fc1/CPU_RESETN |               15 |             24 |         1.60 |
|  CLK100MHZ_IBUF_BUFG | u_accel/gen_nn_fractional.u_accel/gen_hl1_lif[30].hl1_lif/history_buffer[6][23]_i_1__19_n_0      | u_accel/gen_nn_fractional.u_accel/fc1/CPU_RESETN |                8 |             24 |         3.00 |
|  CLK100MHZ_IBUF_BUFG | u_accel/gen_nn_fractional.u_accel/gen_hl1_lif[30].hl1_lif/history_buffer[5][23]_i_1__19_n_0      | u_accel/gen_nn_fractional.u_accel/fc1/CPU_RESETN |                9 |             24 |         2.67 |
|  CLK100MHZ_IBUF_BUFG | u_accel/gen_nn_fractional.u_accel/gen_hl1_lif[30].hl1_lif/history_buffer[4][23]_i_1__19_n_0      | u_accel/gen_nn_fractional.u_accel/fc1/CPU_RESETN |               10 |             24 |         2.40 |
|  CLK100MHZ_IBUF_BUFG | u_accel/gen_nn_fractional.u_accel/gen_hl1_lif[30].hl1_lif/history_buffer[3][23]_i_1__19_n_0      | u_accel/gen_nn_fractional.u_accel/fc1/CPU_RESETN |                9 |             24 |         2.67 |
|  CLK100MHZ_IBUF_BUFG | u_accel/gen_nn_fractional.u_accel/gen_hl1_lif[30].hl1_lif/history_buffer[2][23]_i_1__19_n_0      | u_accel/gen_nn_fractional.u_accel/fc1/CPU_RESETN |                8 |             24 |         3.00 |
|  CLK100MHZ_IBUF_BUFG | u_accel/gen_nn_fractional.u_accel/gen_hl1_lif[23].hl1_lif/history_buffer[6][23]_i_1__0_n_0       | u_accel/gen_nn_fractional.u_accel/fc1/CPU_RESETN |               10 |             24 |         2.40 |
|  CLK100MHZ_IBUF_BUFG | u_accel/gen_nn_fractional.u_accel/gen_hl1_lif[30].hl1_lif/history_buffer[0][23]_i_1__19_n_0      | u_accel/gen_nn_fractional.u_accel/fc1/CPU_RESETN |                8 |             24 |         3.00 |
|  CLK100MHZ_IBUF_BUFG | u_accel/gen_nn_fractional.u_accel/gen_hl1_lif[2].hl1_lif/history_buffer[4][23]_i_1__28_n_0       | u_accel/gen_nn_fractional.u_accel/fc1/CPU_RESETN |               10 |             24 |         2.40 |
|  CLK100MHZ_IBUF_BUFG | u_accel/gen_nn_fractional.u_accel/gen_hl1_lif[23].hl1_lif/history_buffer[0][23]_i_1__0_n_0       | u_accel/gen_nn_fractional.u_accel/fc1/CPU_RESETN |               12 |             24 |         2.00 |
|  CLK100MHZ_IBUF_BUFG | u_accel/gen_nn_fractional.u_accel/gen_hl1_lif[23].hl1_lif/history_buffer[1][23]_i_1__0_n_0       | u_accel/gen_nn_fractional.u_accel/fc1/CPU_RESETN |               13 |             24 |         1.85 |
|  CLK100MHZ_IBUF_BUFG | u_accel/gen_nn_fractional.u_accel/gen_hl1_lif[2].hl1_lif/history_buffer[5][23]_i_1__28_n_0       | u_accel/gen_nn_fractional.u_accel/fc1/CPU_RESETN |                8 |             24 |         3.00 |
|  CLK100MHZ_IBUF_BUFG | u_accel/gen_nn_fractional.u_accel/gen_hl1_lif[2].hl1_lif/history_buffer[6][23]_i_1__28_n_0       | u_accel/gen_nn_fractional.u_accel/fc1/CPU_RESETN |               11 |             24 |         2.18 |
|  CLK100MHZ_IBUF_BUFG | u_accel/gen_nn_fractional.u_accel/gen_hl1_lif[23].hl1_lif/history_buffer[2][23]_i_1__0_n_0       | u_accel/gen_nn_fractional.u_accel/fc1/CPU_RESETN |                9 |             24 |         2.67 |
|  CLK100MHZ_IBUF_BUFG | u_accel/gen_nn_fractional.u_accel/gen_hl1_lif[0].hl1_lif/history_buffer[7][23]_i_1__30_n_0       | u_accel/gen_nn_fractional.u_accel/fc1/CPU_RESETN |               14 |             24 |         1.71 |
|  CLK100MHZ_IBUF_BUFG | u_accel/gen_nn_fractional.u_accel/gen_hl1_lif[23].hl1_lif/history_buffer[3][23]_i_1__0_n_0       | u_accel/gen_nn_fractional.u_accel/fc1/CPU_RESETN |                5 |             24 |         4.80 |
|  CLK100MHZ_IBUF_BUFG | u_accel/gen_nn_fractional.u_accel/gen_hl1_lif[2].hl1_lif/history_buffer[7][23]_i_1__28_n_0       | u_accel/gen_nn_fractional.u_accel/fc1/CPU_RESETN |               13 |             24 |         1.85 |
|  CLK100MHZ_IBUF_BUFG | u_accel/gen_nn_fractional.u_accel/gen_hl1_lif[23].hl1_lif/history_buffer[4][23]_i_1__0_n_0       | u_accel/gen_nn_fractional.u_accel/fc1/CPU_RESETN |               13 |             24 |         1.85 |
|  CLK100MHZ_IBUF_BUFG | u_accel/gen_nn_fractional.u_accel/gen_hl1_lif[31].hl1_lif/history_buffer[6][23]_i_1__20_n_0      | u_accel/gen_nn_fractional.u_accel/fc1/CPU_RESETN |               12 |             24 |         2.00 |
|  CLK100MHZ_IBUF_BUFG | u_accel/gen_nn_fractional.u_accel/gen_hl1_lif[3].hl1_lif/history_buffer[2][23]_i_1__27_n_0       | u_accel/gen_nn_fractional.u_accel/fc1/CPU_RESETN |                7 |             24 |         3.43 |
|  CLK100MHZ_IBUF_BUFG | u_accel/gen_nn_fractional.u_accel/gen_hl1_lif[12].hl1_lif/history_buffer[5][23]_i_1__15_n_0      | u_accel/gen_nn_fractional.u_accel/fc1/CPU_RESETN |               10 |             24 |         2.40 |
|  CLK100MHZ_IBUF_BUFG | u_accel/gen_nn_fractional.u_accel/gen_hl1_lif[12].hl1_lif/history_buffer[6][23]_i_1__15_n_0      | u_accel/gen_nn_fractional.u_accel/fc1/CPU_RESETN |                8 |             24 |         3.00 |
|  CLK100MHZ_IBUF_BUFG | u_accel/gen_nn_fractional.u_accel/gen_hl1_lif[12].hl1_lif/history_buffer[7][23]_i_1__15_n_0      | u_accel/gen_nn_fractional.u_accel/fc1/CPU_RESETN |               12 |             24 |         2.00 |
|  CLK100MHZ_IBUF_BUFG | u_accel/gen_nn_fractional.u_accel/gen_hl1_lif[3].hl1_lif/history_buffer[1][23]_i_1__27_n_0       | u_accel/gen_nn_fractional.u_accel/fc1/CPU_RESETN |                9 |             24 |         2.67 |
|  CLK100MHZ_IBUF_BUFG | u_accel/gen_nn_fractional.u_accel/gen_hl1_lif[3].hl1_lif/history_buffer[0][23]_i_1__27_n_0       | u_accel/gen_nn_fractional.u_accel/fc1/CPU_RESETN |                9 |             24 |         2.67 |
|  CLK100MHZ_IBUF_BUFG | u_accel/gen_nn_fractional.u_accel/gen_hl1_lif[23].hl1_lif/history_buffer[7][23]_i_1__0_n_0       | u_accel/gen_nn_fractional.u_accel/fc1/CPU_RESETN |               10 |             24 |         2.40 |
|  CLK100MHZ_IBUF_BUFG | u_accel/gen_nn_fractional.u_accel/gen_hl1_lif[31].hl1_lif/history_buffer[7][23]_i_1__20_n_0      | u_accel/gen_nn_fractional.u_accel/fc1/CPU_RESETN |               16 |             24 |         1.50 |
|  CLK100MHZ_IBUF_BUFG | u_accel/gen_nn_fractional.u_accel/gen_hl1_lif[29].hl1_lif/history_buffer[0][23]_i_1__4_n_0       | u_accel/gen_nn_fractional.u_accel/fc1/CPU_RESETN |               11 |             24 |         2.18 |
|  CLK100MHZ_IBUF_BUFG | u_accel/gen_nn_fractional.u_accel/gen_hl1_lif[29].hl1_lif/history_buffer[1][23]_i_1__4_n_0       | u_accel/gen_nn_fractional.u_accel/fc1/CPU_RESETN |               10 |             24 |         2.40 |
|  CLK100MHZ_IBUF_BUFG | u_accel/gen_nn_fractional.u_accel/gen_hl1_lif[29].hl1_lif/history_buffer[2][23]_i_1__4_n_0       | u_accel/gen_nn_fractional.u_accel/fc1/CPU_RESETN |               12 |             24 |         2.00 |
|  CLK100MHZ_IBUF_BUFG | u_accel/gen_nn_fractional.u_accel/gen_hl1_lif[21].hl1_lif/history_buffer[6][23]_i_1__6_n_0       | u_accel/gen_nn_fractional.u_accel/fc1/CPU_RESETN |               11 |             24 |         2.18 |
|  CLK100MHZ_IBUF_BUFG | u_accel/gen_nn_fractional.u_accel/gen_hl1_lif[31].hl1_lif/history_buffer[5][23]_i_1__20_n_0      | u_accel/gen_nn_fractional.u_accel/fc1/CPU_RESETN |               11 |             24 |         2.18 |
|  CLK100MHZ_IBUF_BUFG | u_accel/gen_nn_fractional.u_accel/gen_hl1_lif[31].hl1_lif/history_buffer[4][23]_i_1__20_n_0      | u_accel/gen_nn_fractional.u_accel/fc1/CPU_RESETN |               11 |             24 |         2.18 |
|  CLK100MHZ_IBUF_BUFG | u_accel/gen_nn_fractional.u_accel/gen_hl1_lif[31].hl1_lif/history_buffer[3][23]_i_1__20_n_0      | u_accel/gen_nn_fractional.u_accel/fc1/CPU_RESETN |               11 |             24 |         2.18 |
|  CLK100MHZ_IBUF_BUFG | u_accel/gen_nn_fractional.u_accel/gen_hl1_lif[31].hl1_lif/history_buffer[2][23]_i_1__20_n_0      | u_accel/gen_nn_fractional.u_accel/fc1/CPU_RESETN |               10 |             24 |         2.40 |
|  CLK100MHZ_IBUF_BUFG | u_accel/gen_nn_fractional.u_accel/gen_hl1_lif[31].hl1_lif/history_buffer[1][23]_i_1__20_n_0      | u_accel/gen_nn_fractional.u_accel/fc1/CPU_RESETN |               11 |             24 |         2.18 |
|  CLK100MHZ_IBUF_BUFG | u_accel/gen_nn_fractional.u_accel/gen_hl1_lif[31].hl1_lif/history_buffer[0][23]_i_1__20_n_0      | u_accel/gen_nn_fractional.u_accel/fc1/CPU_RESETN |                9 |             24 |         2.67 |
|  CLK100MHZ_IBUF_BUFG | u_accel/gen_nn_fractional.u_accel/gen_hl1_lif[29].hl1_lif/history_buffer[3][23]_i_1__4_n_0       | u_accel/gen_nn_fractional.u_accel/fc1/CPU_RESETN |                9 |             24 |         2.67 |
|  CLK100MHZ_IBUF_BUFG | u_accel/gen_nn_fractional.u_accel/gen_hl1_lif[29].hl1_lif/history_buffer[4][23]_i_1__4_n_0       | u_accel/gen_nn_fractional.u_accel/fc1/CPU_RESETN |               14 |             24 |         1.71 |
|  CLK100MHZ_IBUF_BUFG | u_accel/gen_nn_fractional.u_accel/gen_hl1_lif[29].hl1_lif/history_buffer[5][23]_i_1__4_n_0       | u_accel/gen_nn_fractional.u_accel/fc1/CPU_RESETN |               12 |             24 |         2.00 |
|  CLK100MHZ_IBUF_BUFG | u_accel/gen_nn_fractional.u_accel/gen_hl1_lif[29].hl1_lif/history_buffer[6][23]_i_1__4_n_0       | u_accel/gen_nn_fractional.u_accel/fc1/CPU_RESETN |               11 |             24 |         2.18 |
|  CLK100MHZ_IBUF_BUFG | u_accel/gen_nn_fractional.u_accel/gen_hl1_lif[29].hl1_lif/history_buffer[7][23]_i_1__4_n_0       | u_accel/gen_nn_fractional.u_accel/fc1/CPU_RESETN |               14 |             24 |         1.71 |
|  CLK100MHZ_IBUF_BUFG | u_accel/gen_nn_fractional.u_accel/gen_hl1_lif[8].hl1_lif/history_buffer[4][23]_i_1__22_n_0       | u_accel/gen_nn_fractional.u_accel/fc1/CPU_RESETN |               10 |             24 |         2.40 |
|  CLK100MHZ_IBUF_BUFG | u_accel/gen_nn_fractional.u_accel/gen_hl1_lif[13].hl1_lif/history_buffer[2][23]_i_1__14_n_0      | u_accel/gen_nn_fractional.u_accel/fc1/CPU_RESETN |               12 |             24 |         2.00 |
|  CLK100MHZ_IBUF_BUFG | u_accel/gen_nn_fractional.u_accel/gen_hl1_lif[13].hl1_lif/history_buffer[1][23]_i_1__14_n_0      | u_accel/gen_nn_fractional.u_accel/fc1/CPU_RESETN |                8 |             24 |         3.00 |
|  CLK100MHZ_IBUF_BUFG | u_accel/gen_nn_fractional.u_accel/gen_hl1_lif[13].hl1_lif/history_buffer[0][23]_i_1__14_n_0      | u_accel/gen_nn_fractional.u_accel/fc1/CPU_RESETN |               13 |             24 |         1.85 |
|  CLK100MHZ_IBUF_BUFG | u_accel/gen_nn_fractional.u_accel/gen_hl1_lif[25].hl1_lif/history_buffer[5][23]_i_1__2_n_0       | u_accel/gen_nn_fractional.u_accel/fc1/CPU_RESETN |                6 |             24 |         4.00 |
|  CLK100MHZ_IBUF_BUFG | u_accel/gen_nn_fractional.u_accel/gen_hl1_lif[25].hl1_lif/history_buffer[6][23]_i_1__2_n_0       | u_accel/gen_nn_fractional.u_accel/fc1/CPU_RESETN |               12 |             24 |         2.00 |
|  CLK100MHZ_IBUF_BUFG | u_accel/gen_nn_fractional.u_accel/gen_hl1_lif[25].hl1_lif/history_buffer[7][23]_i_1__2_n_0       | u_accel/gen_nn_fractional.u_accel/fc1/CPU_RESETN |               12 |             24 |         2.00 |
|  CLK100MHZ_IBUF_BUFG | u_accel/gen_nn_fractional.u_accel/gen_hl1_lif[24].hl1_lif/history_buffer[3][23]_i_1__1_n_0       | u_accel/gen_nn_fractional.u_accel/fc1/CPU_RESETN |                6 |             24 |         4.00 |
|  CLK100MHZ_IBUF_BUFG | u_accel/gen_nn_fractional.u_accel/gen_hl1_lif[8].hl1_lif/history_buffer[7][23]_i_1__22_n_0       | u_accel/gen_nn_fractional.u_accel/fc1/CPU_RESETN |               12 |             24 |         2.00 |
|  CLK100MHZ_IBUF_BUFG | u_accel/gen_nn_fractional.u_accel/gen_hl1_lif[8].hl1_lif/history_buffer[6][23]_i_1__22_n_0       | u_accel/gen_nn_fractional.u_accel/fc1/CPU_RESETN |                8 |             24 |         3.00 |
|  CLK100MHZ_IBUF_BUFG | u_accel/gen_nn_fractional.u_accel/gen_hl1_lif[8].hl1_lif/history_buffer[5][23]_i_1__22_n_0       | u_accel/gen_nn_fractional.u_accel/fc1/CPU_RESETN |                9 |             24 |         2.67 |
|  CLK100MHZ_IBUF_BUFG | u_accel/gen_nn_fractional.u_accel/gen_hl1_lif[13].hl1_lif/history_buffer[3][23]_i_1__14_n_0      | u_accel/gen_nn_fractional.u_accel/fc1/CPU_RESETN |                8 |             24 |         3.00 |
|  CLK100MHZ_IBUF_BUFG | u_accel/gen_nn_fractional.u_accel/gen_hl1_lif[8].hl1_lif/history_buffer[3][23]_i_1__22_n_0       | u_accel/gen_nn_fractional.u_accel/fc1/CPU_RESETN |               12 |             24 |         2.00 |
|  CLK100MHZ_IBUF_BUFG | u_accel/gen_nn_fractional.u_accel/gen_hl1_lif[24].hl1_lif/history_buffer[2][23]_i_1__1_n_0       | u_accel/gen_nn_fractional.u_accel/fc1/CPU_RESETN |                8 |             24 |         3.00 |
|  CLK100MHZ_IBUF_BUFG | u_accel/gen_nn_fractional.u_accel/gen_hl1_lif[26].hl1_lif/history_buffer[0][23]_i_1__3_n_0       | u_accel/gen_nn_fractional.u_accel/fc1/CPU_RESETN |                6 |             24 |         4.00 |
|  CLK100MHZ_IBUF_BUFG | u_accel/gen_nn_fractional.u_accel/gen_hl1_lif[26].hl1_lif/history_buffer[1][23]_i_1__3_n_0       | u_accel/gen_nn_fractional.u_accel/fc1/CPU_RESETN |               11 |             24 |         2.18 |
|  CLK100MHZ_IBUF_BUFG | u_accel/gen_nn_fractional.u_accel/gen_hl1_lif[26].hl1_lif/history_buffer[2][23]_i_1__3_n_0       | u_accel/gen_nn_fractional.u_accel/fc1/CPU_RESETN |               10 |             24 |         2.40 |
|  CLK100MHZ_IBUF_BUFG | u_accel/gen_nn_fractional.u_accel/gen_hl1_lif[8].hl1_lif/history_buffer[2][23]_i_1__22_n_0       | u_accel/gen_nn_fractional.u_accel/fc1/CPU_RESETN |               11 |             24 |         2.18 |
|  CLK100MHZ_IBUF_BUFG | u_accel/gen_nn_fractional.u_accel/gen_hl1_lif[8].hl1_lif/history_buffer[1][23]_i_1__22_n_0       | u_accel/gen_nn_fractional.u_accel/fc1/CPU_RESETN |               12 |             24 |         2.00 |
|  CLK100MHZ_IBUF_BUFG | u_accel/gen_nn_fractional.u_accel/gen_hl1_lif[8].hl1_lif/history_buffer[0][23]_i_1__22_n_0       | u_accel/gen_nn_fractional.u_accel/fc1/CPU_RESETN |               14 |             24 |         1.71 |
|  CLK100MHZ_IBUF_BUFG | u_accel/gen_nn_fractional.u_accel/gen_hl1_lif[26].hl1_lif/history_buffer[3][23]_i_1__3_n_0       | u_accel/gen_nn_fractional.u_accel/fc1/CPU_RESETN |               10 |             24 |         2.40 |
|  CLK100MHZ_IBUF_BUFG | u_accel/gen_nn_fractional.u_accel/gen_hl1_lif[26].hl1_lif/history_buffer[4][23]_i_1__3_n_0       | u_accel/gen_nn_fractional.u_accel/fc1/CPU_RESETN |               11 |             24 |         2.18 |
|  CLK100MHZ_IBUF_BUFG | u_accel/gen_nn_fractional.u_accel/gen_hl1_lif[9].hl1_lif/history_buffer[1][23]_i_1__18_n_0       | u_accel/gen_nn_fractional.u_accel/fc1/CPU_RESETN |                8 |             24 |         3.00 |
|  CLK100MHZ_IBUF_BUFG | u_accel/gen_nn_fractional.u_accel/gen_hl1_lif[24].hl1_lif/history_buffer[6][23]_i_1__1_n_0       | u_accel/gen_nn_fractional.u_accel/fc1/CPU_RESETN |                7 |             24 |         3.43 |
|  CLK100MHZ_IBUF_BUFG | u_accel/gen_nn_fractional.u_accel/gen_hl1_lif[24].hl1_lif/history_buffer[5][23]_i_1__1_n_0       | u_accel/gen_nn_fractional.u_accel/fc1/CPU_RESETN |                9 |             24 |         2.67 |
|  CLK100MHZ_IBUF_BUFG | u_accel/gen_nn_fractional.u_accel/gen_hl1_lif[21].hl1_lif/history_buffer[7][23]_i_1__6_n_0       | u_accel/gen_nn_fractional.u_accel/fc1/CPU_RESETN |               10 |             24 |         2.40 |
|  CLK100MHZ_IBUF_BUFG | u_accel/gen_nn_fractional.u_accel/gen_hl1_lif[9].hl1_lif/history_buffer[7][23]_i_1__18_n_0       | u_accel/gen_nn_fractional.u_accel/fc1/CPU_RESETN |               13 |             24 |         1.85 |
|  CLK100MHZ_IBUF_BUFG | u_accel/gen_nn_fractional.u_accel/gen_hl1_lif[9].hl1_lif/history_buffer[6][23]_i_1__18_n_0       | u_accel/gen_nn_fractional.u_accel/fc1/CPU_RESETN |               12 |             24 |         2.00 |
|  CLK100MHZ_IBUF_BUFG | u_accel/gen_nn_fractional.u_accel/gen_hl1_lif[9].hl1_lif/history_buffer[5][23]_i_1__18_n_0       | u_accel/gen_nn_fractional.u_accel/fc1/CPU_RESETN |               12 |             24 |         2.00 |
|  CLK100MHZ_IBUF_BUFG | u_accel/gen_nn_fractional.u_accel/gen_hl1_lif[24].hl1_lif/history_buffer[4][23]_i_1__1_n_0       | u_accel/gen_nn_fractional.u_accel/fc1/CPU_RESETN |                6 |             24 |         4.00 |
|  CLK100MHZ_IBUF_BUFG | u_accel/gen_nn_fractional.u_accel/gen_hl1_lif[9].hl1_lif/history_buffer[4][23]_i_1__18_n_0       | u_accel/gen_nn_fractional.u_accel/fc1/CPU_RESETN |               10 |             24 |         2.40 |
|  CLK100MHZ_IBUF_BUFG | u_accel/gen_nn_fractional.u_accel/gen_hl1_lif[9].hl1_lif/history_buffer[3][23]_i_1__18_n_0       | u_accel/gen_nn_fractional.u_accel/fc1/CPU_RESETN |                8 |             24 |         3.00 |
|  CLK100MHZ_IBUF_BUFG | u_accel/gen_nn_fractional.u_accel/gen_hl1_lif[9].hl1_lif/history_buffer[2][23]_i_1__18_n_0       | u_accel/gen_nn_fractional.u_accel/fc1/CPU_RESETN |               10 |             24 |         2.40 |
|  CLK100MHZ_IBUF_BUFG | u_accel/gen_nn_fractional.u_accel/gen_hl1_lif[27].hl1_lif/history_buffer[3][23]_i_1__21_n_0      | u_accel/gen_nn_fractional.u_accel/fc1/CPU_RESETN |                9 |             24 |         2.67 |
|  CLK100MHZ_IBUF_BUFG | u_accel/gen_nn_fractional.u_accel/gen_hl1_lif[9].hl1_lif/history_buffer[0][23]_i_1__18_n_0       | u_accel/gen_nn_fractional.u_accel/fc1/CPU_RESETN |               11 |             24 |         2.18 |
|  CLK100MHZ_IBUF_BUFG | u_accel/gen_nn_fractional.u_accel/gen_hl1_lif[25].hl1_lif/history_buffer[0][23]_i_1__2_n_0       | u_accel/gen_nn_fractional.u_accel/fc1/CPU_RESETN |               10 |             24 |         2.40 |
|  CLK100MHZ_IBUF_BUFG | u_accel/gen_nn_fractional.u_accel/gen_hl1_lif[25].hl1_lif/history_buffer[1][23]_i_1__2_n_0       | u_accel/gen_nn_fractional.u_accel/fc1/CPU_RESETN |                9 |             24 |         2.67 |
|  CLK100MHZ_IBUF_BUFG | u_accel/gen_nn_fractional.u_accel/gen_hl1_lif[25].hl1_lif/history_buffer[2][23]_i_1__2_n_0       | u_accel/gen_nn_fractional.u_accel/fc1/CPU_RESETN |                9 |             24 |         2.67 |
|  CLK100MHZ_IBUF_BUFG | u_accel/gen_nn_fractional.u_accel/gen_hl1_lif[25].hl1_lif/history_buffer[3][23]_i_1__2_n_0       | u_accel/gen_nn_fractional.u_accel/fc1/CPU_RESETN |               14 |             24 |         1.71 |
|  CLK100MHZ_IBUF_BUFG | u_accel/gen_nn_fractional.u_accel/gen_hl1_lif[25].hl1_lif/history_buffer[4][23]_i_1__2_n_0       | u_accel/gen_nn_fractional.u_accel/fc1/CPU_RESETN |                9 |             24 |         2.67 |
|  CLK100MHZ_IBUF_BUFG | u_accel/gen_nn_fractional.u_accel/gen_hl1_lif[13].hl1_lif/history_buffer[7][23]_i_1__14_n_0      | u_accel/gen_nn_fractional.u_accel/fc1/CPU_RESETN |               12 |             24 |         2.00 |
|  CLK100MHZ_IBUF_BUFG | u_accel/gen_nn_fractional.u_accel/gen_hl1_lif[13].hl1_lif/history_buffer[6][23]_i_1__14_n_0      | u_accel/gen_nn_fractional.u_accel/fc1/CPU_RESETN |                7 |             24 |         3.43 |
|  CLK100MHZ_IBUF_BUFG | u_accel/gen_nn_fractional.u_accel/gen_hl1_lif[13].hl1_lif/history_buffer[5][23]_i_1__14_n_0      | u_accel/gen_nn_fractional.u_accel/fc1/CPU_RESETN |                9 |             24 |         2.67 |
|  CLK100MHZ_IBUF_BUFG | u_accel/gen_nn_fractional.u_accel/gen_hl1_lif[13].hl1_lif/history_buffer[4][23]_i_1__14_n_0      | u_accel/gen_nn_fractional.u_accel/fc1/CPU_RESETN |               13 |             24 |         1.85 |
|  CLK100MHZ_IBUF_BUFG | u_accel/gen_nn_fractional.u_accel/gen_hl1_lif[7].hl1_lif/history_buffer[3][23]_i_1__23_n_0       | u_accel/gen_nn_fractional.u_accel/fc1/CPU_RESETN |                8 |             24 |         3.00 |
|  CLK100MHZ_IBUF_BUFG | u_accel/gen_nn_fractional.u_accel/gen_hl1_lif[22].hl1_lif/history_buffer[0][23]_i_1_n_0          | u_accel/gen_nn_fractional.u_accel/fc1/CPU_RESETN |                7 |             24 |         3.43 |
|  CLK100MHZ_IBUF_BUFG | u_accel/gen_nn_fractional.u_accel/gen_hl1_lif[24].hl1_lif/history_buffer[0][23]_i_1__1_n_0       | u_accel/gen_nn_fractional.u_accel/fc1/CPU_RESETN |                8 |             24 |         3.00 |
|  CLK100MHZ_IBUF_BUFG | u_accel/gen_nn_fractional.u_accel/gen_hl1_lif[26].hl1_lif/history_buffer[5][23]_i_1__3_n_0       | u_accel/gen_nn_fractional.u_accel/fc1/CPU_RESETN |               13 |             24 |         1.85 |
|  CLK100MHZ_IBUF_BUFG | u_accel/gen_nn_fractional.u_accel/gen_hl1_lif[27].hl1_lif/history_buffer[0][23]_i_1__21_n_0      | u_accel/gen_nn_fractional.u_accel/fc1/CPU_RESETN |                8 |             24 |         3.00 |
|  CLK100MHZ_IBUF_BUFG | u_accel/gen_nn_fractional.u_accel/gen_hl1_lif[27].hl1_lif/history_buffer[1][23]_i_1__21_n_0      | u_accel/gen_nn_fractional.u_accel/fc1/CPU_RESETN |                9 |             24 |         2.67 |
|  CLK100MHZ_IBUF_BUFG | u_accel/gen_nn_fractional.u_accel/gen_hl1_lif[7].hl1_lif/history_buffer[0][23]_i_1__23_n_0       | u_accel/gen_nn_fractional.u_accel/fc1/CPU_RESETN |               10 |             24 |         2.40 |
|  CLK100MHZ_IBUF_BUFG | u_accel/gen_nn_fractional.u_accel/gen_hl1_lif[7].hl1_lif/history_buffer[1][23]_i_1__23_n_0       | u_accel/gen_nn_fractional.u_accel/fc1/CPU_RESETN |                9 |             24 |         2.67 |
|  CLK100MHZ_IBUF_BUFG | u_accel/gen_nn_fractional.u_accel/gen_hl1_lif[7].hl1_lif/history_buffer[2][23]_i_1__23_n_0       | u_accel/gen_nn_fractional.u_accel/fc1/CPU_RESETN |                8 |             24 |         3.00 |
|  CLK100MHZ_IBUF_BUFG | u_accel/gen_nn_fractional.u_accel/gen_hl1_lif[7].hl1_lif/history_buffer[4][23]_i_1__23_n_0       | u_accel/gen_nn_fractional.u_accel/fc1/CPU_RESETN |               11 |             24 |         2.18 |
|  CLK100MHZ_IBUF_BUFG | u_accel/gen_nn_fractional.u_accel/gen_hl1_lif[7].hl1_lif/history_buffer[5][23]_i_1__23_n_0       | u_accel/gen_nn_fractional.u_accel/fc1/CPU_RESETN |                6 |             24 |         4.00 |
|  CLK100MHZ_IBUF_BUFG | u_accel/gen_nn_fractional.u_accel/gen_hl1_lif[7].hl1_lif/history_buffer[6][23]_i_1__23_n_0       | u_accel/gen_nn_fractional.u_accel/fc1/CPU_RESETN |                8 |             24 |         3.00 |
|  CLK100MHZ_IBUF_BUFG | u_accel/gen_nn_fractional.u_accel/gen_hl1_lif[22].hl1_lif/history_buffer[1][23]_i_1_n_0          | u_accel/gen_nn_fractional.u_accel/fc1/CPU_RESETN |               11 |             24 |         2.18 |
|  CLK100MHZ_IBUF_BUFG | u_accel/gen_nn_fractional.u_accel/gen_hl1_lif[6].hl1_lif/history_buffer[7][23]_i_1__24_n_0       | u_accel/gen_nn_fractional.u_accel/fc1/CPU_RESETN |                9 |             24 |         2.67 |
|  CLK100MHZ_IBUF_BUFG | u_accel/gen_nn_fractional.u_accel/gen_hl1_lif[7].hl1_lif/history_buffer[7][23]_i_1__23_n_0       | u_accel/gen_nn_fractional.u_accel/fc1/CPU_RESETN |               11 |             24 |         2.18 |
|  CLK100MHZ_IBUF_BUFG | u_accel/gen_nn_fractional.u_accel/gen_hl1_lif[26].hl1_lif/history_buffer[6][23]_i_1__3_n_0       | u_accel/gen_nn_fractional.u_accel/fc1/CPU_RESETN |                9 |             24 |         2.67 |
|  CLK100MHZ_IBUF_BUFG | u_accel/gen_nn_fractional.u_accel/gen_hl1_lif[24].hl1_lif/history_buffer[1][23]_i_1__1_n_0       | u_accel/gen_nn_fractional.u_accel/fc1/CPU_RESETN |                6 |             24 |         4.00 |
|  CLK100MHZ_IBUF_BUFG | u_accel/gen_nn_fractional.u_accel/gen_hl1_lif[27].hl1_lif/history_buffer[2][23]_i_1__21_n_0      | u_accel/gen_nn_fractional.u_accel/fc1/CPU_RESETN |                9 |             24 |         2.67 |
|  CLK100MHZ_IBUF_BUFG | u_accel/gen_nn_fractional.u_accel/gen_hl1_lif[6].hl1_lif/history_buffer[6][23]_i_1__24_n_0       | u_accel/gen_nn_fractional.u_accel/fc1/CPU_RESETN |                8 |             24 |         3.00 |
|  CLK100MHZ_IBUF_BUFG | u_accel/gen_nn_fractional.u_accel/gen_hl1_lif[26].hl1_lif/history_buffer[7][23]_i_1__3_n_0       | u_accel/gen_nn_fractional.u_accel/fc1/CPU_RESETN |               12 |             24 |         2.00 |
|  CLK100MHZ_IBUF_BUFG | u_accel/gen_nn_fractional.u_accel/gen_hl1_lif[6].hl1_lif/history_buffer[5][23]_i_1__24_n_0       | u_accel/gen_nn_fractional.u_accel/fc1/CPU_RESETN |                5 |             24 |         4.80 |
|  CLK100MHZ_IBUF_BUFG | u_accel/gen_nn_fractional.u_accel/gen_hl1_lif[27].hl1_lif/history_buffer[4][23]_i_1__21_n_0      | u_accel/gen_nn_fractional.u_accel/fc1/CPU_RESETN |                5 |             24 |         4.80 |
|  CLK100MHZ_IBUF_BUFG |                                                                                                  |                                                  |                7 |             25 |         3.57 |
|  CLK100MHZ_IBUF_BUFG | u_accel/gen_nn_fractional.u_accel/gen_hl2[0].hl2_lif/history_ptr[2]_i_1__38_n_0                  | u_accel/gen_nn_fractional.u_accel/fc1/CPU_RESETN |               10 |             28 |         2.80 |
|  CLK100MHZ_IBUF_BUFG | u_accel/gen_nn_fractional.u_accel/gen_hl2[2].hl2_lif/history_ptr[2]_i_1__36_n_0                  | u_accel/gen_nn_fractional.u_accel/fc1/CPU_RESETN |               10 |             28 |         2.80 |
|  CLK100MHZ_IBUF_BUFG | u_accel/gen_nn_fractional.u_accel/gen_hl2[4].hl2_lif/history_ptr[2]_i_1__34_n_0                  | u_accel/gen_nn_fractional.u_accel/fc1/CPU_RESETN |               11 |             28 |         2.55 |
|  CLK100MHZ_IBUF_BUFG | u_accel/gen_nn_fractional.u_accel/gen_hl2[6].hl2_lif/history_ptr[2]_i_1__32_n_0                  | u_accel/gen_nn_fractional.u_accel/fc1/CPU_RESETN |               11 |             28 |         2.55 |
|  CLK100MHZ_IBUF_BUFG | u_accel/gen_nn_fractional.u_accel/gen_hl2[1].hl2_lif/history_ptr[2]_i_1__37_n_0                  | u_accel/gen_nn_fractional.u_accel/fc1/CPU_RESETN |                9 |             28 |         3.11 |
|  CLK100MHZ_IBUF_BUFG | u_accel/gen_nn_fractional.u_accel/gen_hl2[7].hl2_lif/history_ptr[2]_i_1__31_n_0                  | u_accel/gen_nn_fractional.u_accel/fc1/CPU_RESETN |                6 |             28 |         4.67 |
|  CLK100MHZ_IBUF_BUFG | u_accel/gen_nn_fractional.u_accel/gen_hl2[5].hl2_lif/history_ptr[2]_i_1__33_n_0                  | u_accel/gen_nn_fractional.u_accel/fc1/CPU_RESETN |               11 |             28 |         2.55 |
|  CLK100MHZ_IBUF_BUFG | u_accel/gen_nn_fractional.u_accel/gen_hl2[3].hl2_lif/history_ptr[2]_i_1__35_n_0                  | u_accel/gen_nn_fractional.u_accel/fc1/CPU_RESETN |               10 |             28 |         2.80 |
|  CLK100MHZ_IBUF_BUFG | u_accel/gen_nn_fractional.u_accel/fc2/inputs_latched[0][13]_i_1_n_0                              | u_accel/gen_nn_fractional.u_accel/fc1/CPU_RESETN |               12 |             32 |         2.67 |
|  CLK100MHZ_IBUF_BUFG | u_accel/gen_nn_fractional.u_accel/gen_hl2[7].hl2_lif/history_sum_acc[43]_i_1__31_n_0             | u_accel/gen_nn_fractional.u_accel/fc1/CPU_RESETN |                7 |             44 |         6.29 |
|  CLK100MHZ_IBUF_BUFG | u_accel/gen_nn_fractional.u_accel/gen_hl2[0].hl2_lif/history_sum_acc[43]_i_1__38_n_0             | u_accel/gen_nn_fractional.u_accel/fc1/CPU_RESETN |                6 |             44 |         7.33 |
|  CLK100MHZ_IBUF_BUFG | u_accel/gen_nn_fractional.u_accel/gen_hl1_lif[9].hl1_lif/history_sum_acc[43]_i_1__18_n_0         | u_accel/gen_nn_fractional.u_accel/fc1/CPU_RESETN |                7 |             44 |         6.29 |
|  CLK100MHZ_IBUF_BUFG | u_accel/gen_nn_fractional.u_accel/gen_hl1_lif[21].hl1_lif/history_sum_acc[43]_i_1__6_n_0         | u_accel/gen_nn_fractional.u_accel/fc1/CPU_RESETN |               13 |             44 |         3.38 |
|  CLK100MHZ_IBUF_BUFG | u_accel/gen_nn_fractional.u_accel/gen_hl1_lif[13].hl1_lif/history_sum_acc[43]_i_1__14_n_0        | u_accel/gen_nn_fractional.u_accel/fc1/CPU_RESETN |                7 |             44 |         6.29 |
|  CLK100MHZ_IBUF_BUFG | u_accel/gen_nn_fractional.u_accel/gen_hl1_lif[2].hl1_lif/history_sum_acc[43]_i_1__28_n_0         | u_accel/gen_nn_fractional.u_accel/fc1/CPU_RESETN |                8 |             44 |         5.50 |
|  CLK100MHZ_IBUF_BUFG | u_accel/gen_nn_fractional.u_accel/gen_hl1_lif[5].hl1_lif/history_sum_acc[43]_i_1__25_n_0         | u_accel/gen_nn_fractional.u_accel/fc1/CPU_RESETN |                6 |             44 |         7.33 |
|  CLK100MHZ_IBUF_BUFG | u_accel/gen_nn_fractional.u_accel/gen_hl1_lif[29].hl1_lif/history_sum_acc[43]_i_1__4_n_0         | u_accel/gen_nn_fractional.u_accel/fc1/CPU_RESETN |                7 |             44 |         6.29 |
|  CLK100MHZ_IBUF_BUFG | u_accel/gen_nn_fractional.u_accel/gen_hl1_lif[15].hl1_lif/history_sum_acc[43]_i_1__12_n_0        | u_accel/gen_nn_fractional.u_accel/fc1/CPU_RESETN |                7 |             44 |         6.29 |
|  CLK100MHZ_IBUF_BUFG | u_accel/gen_nn_fractional.u_accel/gen_hl1_lif[24].hl1_lif/history_sum_acc[43]_i_1__1_n_0         | u_accel/gen_nn_fractional.u_accel/fc1/CPU_RESETN |                7 |             44 |         6.29 |
|  CLK100MHZ_IBUF_BUFG | u_accel/gen_nn_fractional.u_accel/gen_hl1_lif[30].hl1_lif/history_sum_acc[43]_i_1__19_n_0        | u_accel/gen_nn_fractional.u_accel/fc1/CPU_RESETN |                7 |             44 |         6.29 |
|  CLK100MHZ_IBUF_BUFG | u_accel/gen_nn_fractional.u_accel/gen_hl1_lif[0].hl1_lif/history_sum_acc[43]_i_1__30_n_0         | u_accel/gen_nn_fractional.u_accel/fc1/CPU_RESETN |                7 |             44 |         6.29 |
|  CLK100MHZ_IBUF_BUFG | u_accel/gen_nn_fractional.u_accel/gen_hl1_lif[27].hl1_lif/history_sum_acc[43]_i_1__21_n_0        | u_accel/gen_nn_fractional.u_accel/fc1/CPU_RESETN |                7 |             44 |         6.29 |
|  CLK100MHZ_IBUF_BUFG | u_accel/gen_nn_fractional.u_accel/gen_hl2[1].hl2_lif/history_sum_acc[43]_i_1__37_n_0             | u_accel/gen_nn_fractional.u_accel/fc1/CPU_RESETN |                7 |             44 |         6.29 |
|  CLK100MHZ_IBUF_BUFG | u_accel/gen_nn_fractional.u_accel/gen_hl2[2].hl2_lif/history_sum_acc[43]_i_1__36_n_0             | u_accel/gen_nn_fractional.u_accel/fc1/CPU_RESETN |                7 |             44 |         6.29 |
|  CLK100MHZ_IBUF_BUFG | u_accel/gen_nn_fractional.u_accel/gen_hl1_lif[6].hl1_lif/history_sum_acc[43]_i_1__24_n_0         | u_accel/gen_nn_fractional.u_accel/fc1/CPU_RESETN |                7 |             44 |         6.29 |
|  CLK100MHZ_IBUF_BUFG | u_accel/gen_nn_fractional.u_accel/gen_hl1_lif[14].hl1_lif/history_sum_acc[43]_i_1__13_n_0        | u_accel/gen_nn_fractional.u_accel/fc1/CPU_RESETN |                7 |             44 |         6.29 |
|  CLK100MHZ_IBUF_BUFG | u_accel/gen_nn_fractional.u_accel/gen_hl1_lif[25].hl1_lif/history_sum_acc[43]_i_1__2_n_0         | u_accel/gen_nn_fractional.u_accel/fc1/CPU_RESETN |                7 |             44 |         6.29 |
|  CLK100MHZ_IBUF_BUFG | u_accel/gen_nn_fractional.u_accel/gen_hl1_lif[7].hl1_lif/history_sum_acc[43]_i_1__23_n_0         | u_accel/gen_nn_fractional.u_accel/fc1/CPU_RESETN |                7 |             44 |         6.29 |
|  CLK100MHZ_IBUF_BUFG | u_accel/gen_nn_fractional.u_accel/gen_hl1_lif[18].hl1_lif/history_sum_acc[43]_i_1__9_n_0         | u_accel/gen_nn_fractional.u_accel/fc1/CPU_RESETN |                7 |             44 |         6.29 |
|  CLK100MHZ_IBUF_BUFG | u_accel/gen_nn_fractional.u_accel/gen_hl1_lif[11].hl1_lif/history_sum_acc[43]_i_1__16_n_0        | u_accel/gen_nn_fractional.u_accel/fc1/CPU_RESETN |                8 |             44 |         5.50 |
|  CLK100MHZ_IBUF_BUFG | u_accel/gen_nn_fractional.u_accel/gen_hl1_lif[28].hl1_lif/history_sum_acc[43]_i_1__5_n_0         | u_accel/gen_nn_fractional.u_accel/fc1/CPU_RESETN |                6 |             44 |         7.33 |
|  CLK100MHZ_IBUF_BUFG | u_accel/gen_nn_fractional.u_accel/gen_hl2[4].hl2_lif/history_sum_acc[43]_i_1__34_n_0             | u_accel/gen_nn_fractional.u_accel/fc1/CPU_RESETN |                7 |             44 |         6.29 |
|  CLK100MHZ_IBUF_BUFG | u_accel/gen_nn_fractional.u_accel/gen_hl2[3].hl2_lif/history_sum_acc[43]_i_1__35_n_0             | u_accel/gen_nn_fractional.u_accel/fc1/CPU_RESETN |                7 |             44 |         6.29 |
|  CLK100MHZ_IBUF_BUFG | u_accel/gen_nn_fractional.u_accel/gen_hl1_lif[3].hl1_lif/history_sum_acc[43]_i_1__27_n_0         | u_accel/gen_nn_fractional.u_accel/fc1/CPU_RESETN |                7 |             44 |         6.29 |
|  CLK100MHZ_IBUF_BUFG | u_accel/gen_nn_fractional.u_accel/gen_hl1_lif[26].hl1_lif/history_sum_acc[43]_i_1__3_n_0         | u_accel/gen_nn_fractional.u_accel/fc1/CPU_RESETN |                7 |             44 |         6.29 |
|  CLK100MHZ_IBUF_BUFG | u_accel/gen_nn_fractional.u_accel/gen_hl1_lif[17].hl1_lif/history_sum_acc[43]_i_1__10_n_0        | u_accel/gen_nn_fractional.u_accel/fc1/CPU_RESETN |                6 |             44 |         7.33 |
|  CLK100MHZ_IBUF_BUFG | u_accel/gen_nn_fractional.u_accel/gen_hl1_lif[4].hl1_lif/history_sum_acc[43]_i_1__26_n_0         | u_accel/gen_nn_fractional.u_accel/fc1/CPU_RESETN |                7 |             44 |         6.29 |
|  CLK100MHZ_IBUF_BUFG | u_accel/gen_nn_fractional.u_accel/gen_hl2[5].hl2_lif/history_sum_acc[43]_i_1__33_n_0             | u_accel/gen_nn_fractional.u_accel/fc1/CPU_RESETN |                6 |             44 |         7.33 |
|  CLK100MHZ_IBUF_BUFG | u_accel/gen_nn_fractional.u_accel/gen_hl1_lif[8].hl1_lif/history_sum_acc[43]_i_1__22_n_0         | u_accel/gen_nn_fractional.u_accel/fc1/CPU_RESETN |               10 |             44 |         4.40 |
|  CLK100MHZ_IBUF_BUFG | u_accel/gen_nn_fractional.u_accel/gen_hl1_lif[22].hl1_lif/history_sum_acc[43]_i_1_n_0            | u_accel/gen_nn_fractional.u_accel/fc1/CPU_RESETN |                8 |             44 |         5.50 |
|  CLK100MHZ_IBUF_BUFG | u_accel/gen_nn_fractional.u_accel/gen_hl1_lif[12].hl1_lif/history_sum_acc[43]_i_1__15_n_0        | u_accel/gen_nn_fractional.u_accel/fc1/CPU_RESETN |                6 |             44 |         7.33 |
|  CLK100MHZ_IBUF_BUFG | u_accel/gen_nn_fractional.u_accel/gen_hl1_lif[1].hl1_lif/history_sum_acc[43]_i_1__29_n_0         | u_accel/gen_nn_fractional.u_accel/fc1/CPU_RESETN |                6 |             44 |         7.33 |
|  CLK100MHZ_IBUF_BUFG | u_accel/gen_nn_fractional.u_accel/gen_hl1_lif[19].hl1_lif/history_sum_acc[43]_i_1__8_n_0         | u_accel/gen_nn_fractional.u_accel/fc1/CPU_RESETN |                7 |             44 |         6.29 |
|  CLK100MHZ_IBUF_BUFG | u_accel/gen_nn_fractional.u_accel/gen_hl1_lif[20].hl1_lif/history_sum_acc[43]_i_1__7_n_0         | u_accel/gen_nn_fractional.u_accel/fc1/CPU_RESETN |                7 |             44 |         6.29 |
|  CLK100MHZ_IBUF_BUFG | u_accel/gen_nn_fractional.u_accel/gen_hl1_lif[16].hl1_lif/history_sum_acc[43]_i_1__11_n_0        | u_accel/gen_nn_fractional.u_accel/fc1/CPU_RESETN |               10 |             44 |         4.40 |
|  CLK100MHZ_IBUF_BUFG | u_accel/gen_nn_fractional.u_accel/gen_hl2[6].hl2_lif/history_sum_acc[43]_i_1__32_n_0             | u_accel/gen_nn_fractional.u_accel/fc1/CPU_RESETN |                8 |             44 |         5.50 |
|  CLK100MHZ_IBUF_BUFG | u_accel/gen_nn_fractional.u_accel/gen_hl1_lif[10].hl1_lif/history_sum_acc[43]_i_1__17_n_0        | u_accel/gen_nn_fractional.u_accel/fc1/CPU_RESETN |                8 |             44 |         5.50 |
|  CLK100MHZ_IBUF_BUFG | u_accel/gen_nn_fractional.u_accel/gen_hl1_lif[31].hl1_lif/history_sum_acc[43]_i_1__20_n_0        | u_accel/gen_nn_fractional.u_accel/fc1/CPU_RESETN |                7 |             44 |         6.29 |
|  CLK100MHZ_IBUF_BUFG | u_accel/gen_nn_fractional.u_accel/gen_hl1_lif[23].hl1_lif/history_sum_acc[43]_i_1__0_n_0         | u_accel/gen_nn_fractional.u_accel/fc1/CPU_RESETN |                7 |             44 |         6.29 |
|  CLK100MHZ_IBUF_BUFG | u_accel/gen_nn_fractional.u_accel/gen_hl1_lif[12].hl1_lif/numerator_reg[44]_i_1__15_n_0          | u_accel/gen_nn_fractional.u_accel/fc1/CPU_RESETN |               12 |             45 |         3.75 |
|  CLK100MHZ_IBUF_BUFG | u_accel/gen_nn_fractional.u_accel/gen_hl1_lif[24].hl1_lif/numerator_reg[44]_i_1__1_n_0           | u_accel/gen_nn_fractional.u_accel/fc1/CPU_RESETN |               12 |             45 |         3.75 |
|  CLK100MHZ_IBUF_BUFG | u_accel/gen_nn_fractional.u_accel/gen_hl1_lif[29].hl1_lif/numerator_reg[44]_i_1__4_n_0           | u_accel/gen_nn_fractional.u_accel/fc1/CPU_RESETN |               12 |             45 |         3.75 |
|  CLK100MHZ_IBUF_BUFG | u_accel/gen_nn_fractional.u_accel/gen_hl1_lif[23].hl1_lif/numerator_reg[44]_i_1__0_n_0           | u_accel/gen_nn_fractional.u_accel/fc1/CPU_RESETN |               12 |             45 |         3.75 |
|  CLK100MHZ_IBUF_BUFG | u_accel/gen_nn_fractional.u_accel/gen_hl1_lif[25].hl1_lif/numerator_reg[44]_i_1__2_n_0           | u_accel/gen_nn_fractional.u_accel/fc1/CPU_RESETN |               12 |             45 |         3.75 |
|  CLK100MHZ_IBUF_BUFG | u_accel/gen_nn_fractional.u_accel/gen_hl1_lif[27].hl1_lif/numerator_reg[44]_i_1__21_n_0          | u_accel/gen_nn_fractional.u_accel/fc1/CPU_RESETN |               12 |             45 |         3.75 |
|  CLK100MHZ_IBUF_BUFG | u_accel/gen_nn_fractional.u_accel/gen_hl1_lif[28].hl1_lif/numerator_reg[44]_i_1__5_n_0           | u_accel/gen_nn_fractional.u_accel/fc1/CPU_RESETN |               12 |             45 |         3.75 |
|  CLK100MHZ_IBUF_BUFG | u_accel/gen_nn_fractional.u_accel/gen_hl1_lif[1].hl1_lif/numerator_reg[44]_i_1__29_n_0           | u_accel/gen_nn_fractional.u_accel/fc1/CPU_RESETN |               12 |             45 |         3.75 |
|  CLK100MHZ_IBUF_BUFG | u_accel/gen_nn_fractional.u_accel/gen_hl1_lif[10].hl1_lif/numerator_reg[44]_i_1__17_n_0          | u_accel/gen_nn_fractional.u_accel/fc1/CPU_RESETN |               12 |             45 |         3.75 |
|  CLK100MHZ_IBUF_BUFG | u_accel/gen_nn_fractional.u_accel/gen_hl1_lif[11].hl1_lif/numerator_reg[44]_i_1__16_n_0          | u_accel/gen_nn_fractional.u_accel/fc1/CPU_RESETN |               12 |             45 |         3.75 |
|  CLK100MHZ_IBUF_BUFG | u_accel/gen_nn_fractional.u_accel/gen_hl1_lif[26].hl1_lif/numerator_reg[44]_i_1__3_n_0           | u_accel/gen_nn_fractional.u_accel/fc1/CPU_RESETN |               12 |             45 |         3.75 |
|  CLK100MHZ_IBUF_BUFG | u_accel/gen_nn_fractional.u_accel/gen_hl1_lif[9].hl1_lif/numerator_reg[44]_i_1__18_n_0           | u_accel/gen_nn_fractional.u_accel/fc1/CPU_RESETN |               12 |             45 |         3.75 |
|  CLK100MHZ_IBUF_BUFG | u_accel/gen_nn_fractional.u_accel/gen_hl2[5].hl2_lif/numerator_reg[44]_i_1__33_n_0               | u_accel/gen_nn_fractional.u_accel/fc1/CPU_RESETN |               12 |             45 |         3.75 |
|  CLK100MHZ_IBUF_BUFG | u_accel/gen_nn_fractional.u_accel/gen_hl1_lif[15].hl1_lif/numerator_reg[44]_i_1__12_n_0          | u_accel/gen_nn_fractional.u_accel/fc1/CPU_RESETN |               12 |             45 |         3.75 |
|  CLK100MHZ_IBUF_BUFG | u_accel/gen_nn_fractional.u_accel/gen_hl1_lif[30].hl1_lif/numerator_reg[44]_i_1__19_n_0          | u_accel/gen_nn_fractional.u_accel/fc1/CPU_RESETN |               12 |             45 |         3.75 |
|  CLK100MHZ_IBUF_BUFG | u_accel/gen_nn_fractional.u_accel/gen_hl1_lif[18].hl1_lif/numerator_reg[44]_i_1__9_n_0           | u_accel/gen_nn_fractional.u_accel/fc1/CPU_RESETN |               12 |             45 |         3.75 |
|  CLK100MHZ_IBUF_BUFG | u_accel/gen_nn_fractional.u_accel/gen_hl2[1].hl2_lif/numerator_reg[44]_i_1__37_n_0               | u_accel/gen_nn_fractional.u_accel/fc1/CPU_RESETN |               12 |             45 |         3.75 |
|  CLK100MHZ_IBUF_BUFG | u_accel/gen_nn_fractional.u_accel/gen_hl1_lif[16].hl1_lif/numerator_reg[44]_i_1__11_n_0          | u_accel/gen_nn_fractional.u_accel/fc1/CPU_RESETN |               12 |             45 |         3.75 |
|  CLK100MHZ_IBUF_BUFG | u_accel/gen_nn_fractional.u_accel/gen_hl1_lif[8].hl1_lif/numerator_reg[44]_i_1__22_n_0           | u_accel/gen_nn_fractional.u_accel/fc1/CPU_RESETN |               12 |             45 |         3.75 |
|  CLK100MHZ_IBUF_BUFG | u_accel/gen_nn_fractional.u_accel/gen_hl2[2].hl2_lif/numerator_reg[44]_i_1__36_n_0               | u_accel/gen_nn_fractional.u_accel/fc1/CPU_RESETN |               12 |             45 |         3.75 |
|  CLK100MHZ_IBUF_BUFG | u_accel/gen_nn_fractional.u_accel/gen_hl1_lif[31].hl1_lif/numerator_reg[44]_i_1__20_n_0          | u_accel/gen_nn_fractional.u_accel/fc1/CPU_RESETN |               12 |             45 |         3.75 |
|  CLK100MHZ_IBUF_BUFG | u_accel/gen_nn_fractional.u_accel/gen_hl2[6].hl2_lif/numerator_reg[44]_i_1__32_n_0               | u_accel/gen_nn_fractional.u_accel/fc1/CPU_RESETN |               12 |             45 |         3.75 |
|  CLK100MHZ_IBUF_BUFG | u_accel/gen_nn_fractional.u_accel/gen_hl1_lif[4].hl1_lif/numerator_reg[44]_i_1__26_n_0           | u_accel/gen_nn_fractional.u_accel/fc1/CPU_RESETN |               12 |             45 |         3.75 |
|  CLK100MHZ_IBUF_BUFG | u_accel/gen_nn_fractional.u_accel/gen_hl2[4].hl2_lif/numerator_reg[44]_i_1__34_n_0               | u_accel/gen_nn_fractional.u_accel/fc1/CPU_RESETN |               12 |             45 |         3.75 |
|  CLK100MHZ_IBUF_BUFG | u_accel/gen_nn_fractional.u_accel/gen_hl1_lif[7].hl1_lif/numerator_reg[44]_i_1__23_n_0           | u_accel/gen_nn_fractional.u_accel/fc1/CPU_RESETN |               12 |             45 |         3.75 |
|  CLK100MHZ_IBUF_BUFG | u_accel/gen_nn_fractional.u_accel/gen_hl1_lif[17].hl1_lif/numerator_reg[44]_i_1__10_n_0          | u_accel/gen_nn_fractional.u_accel/fc1/CPU_RESETN |               12 |             45 |         3.75 |
|  CLK100MHZ_IBUF_BUFG | u_accel/gen_nn_fractional.u_accel/gen_hl1_lif[3].hl1_lif/numerator_reg[44]_i_1__27_n_0           | u_accel/gen_nn_fractional.u_accel/fc1/CPU_RESETN |               12 |             45 |         3.75 |
|  CLK100MHZ_IBUF_BUFG | u_accel/gen_nn_fractional.u_accel/gen_hl1_lif[20].hl1_lif/numerator_reg[44]_i_1__7_n_0           | u_accel/gen_nn_fractional.u_accel/fc1/CPU_RESETN |               12 |             45 |         3.75 |
|  CLK100MHZ_IBUF_BUFG | u_accel/gen_nn_fractional.u_accel/gen_hl1_lif[21].hl1_lif/numerator_reg[44]_i_1__6_n_0           | u_accel/gen_nn_fractional.u_accel/fc1/CPU_RESETN |               12 |             45 |         3.75 |
|  CLK100MHZ_IBUF_BUFG | u_accel/gen_nn_fractional.u_accel/gen_hl2[3].hl2_lif/numerator_reg[44]_i_1__35_n_0               | u_accel/gen_nn_fractional.u_accel/fc1/CPU_RESETN |               12 |             45 |         3.75 |
|  CLK100MHZ_IBUF_BUFG | u_accel/gen_nn_fractional.u_accel/gen_hl2[7].hl2_lif/numerator_reg[44]_i_1__31_n_0               | u_accel/gen_nn_fractional.u_accel/fc1/CPU_RESETN |               12 |             45 |         3.75 |
|  CLK100MHZ_IBUF_BUFG | u_accel/gen_nn_fractional.u_accel/gen_hl1_lif[6].hl1_lif/numerator_reg[44]_i_1__24_n_0           | u_accel/gen_nn_fractional.u_accel/fc1/CPU_RESETN |               12 |             45 |         3.75 |
|  CLK100MHZ_IBUF_BUFG | u_accel/gen_nn_fractional.u_accel/gen_hl1_lif[2].hl1_lif/numerator_reg[44]_i_1__28_n_0           | u_accel/gen_nn_fractional.u_accel/fc1/CPU_RESETN |               12 |             45 |         3.75 |
|  CLK100MHZ_IBUF_BUFG | u_accel/gen_nn_fractional.u_accel/gen_hl1_lif[19].hl1_lif/numerator_reg[44]_i_1__8_n_0           | u_accel/gen_nn_fractional.u_accel/fc1/CPU_RESETN |               12 |             45 |         3.75 |
|  CLK100MHZ_IBUF_BUFG | u_accel/gen_nn_fractional.u_accel/gen_hl1_lif[0].hl1_lif/numerator_reg[44]_i_1__30_n_0           | u_accel/gen_nn_fractional.u_accel/fc1/CPU_RESETN |               12 |             45 |         3.75 |
|  CLK100MHZ_IBUF_BUFG | u_accel/gen_nn_fractional.u_accel/gen_hl1_lif[22].hl1_lif/numerator_reg[44]_i_1_n_0              | u_accel/gen_nn_fractional.u_accel/fc1/CPU_RESETN |               12 |             45 |         3.75 |
|  CLK100MHZ_IBUF_BUFG | u_accel/gen_nn_fractional.u_accel/gen_hl2[0].hl2_lif/numerator_reg[44]_i_1__38_n_0               | u_accel/gen_nn_fractional.u_accel/fc1/CPU_RESETN |               12 |             45 |         3.75 |
|  CLK100MHZ_IBUF_BUFG | u_accel/gen_nn_fractional.u_accel/gen_hl1_lif[14].hl1_lif/numerator_reg[44]_i_1__13_n_0          | u_accel/gen_nn_fractional.u_accel/fc1/CPU_RESETN |               12 |             45 |         3.75 |
|  CLK100MHZ_IBUF_BUFG | u_accel/gen_nn_fractional.u_accel/gen_hl1_lif[13].hl1_lif/numerator_reg[44]_i_1__14_n_0          | u_accel/gen_nn_fractional.u_accel/fc1/CPU_RESETN |               12 |             45 |         3.75 |
|  CLK100MHZ_IBUF_BUFG | u_accel/gen_nn_fractional.u_accel/gen_hl1_lif[5].hl1_lif/numerator_reg[44]_i_1__25_n_0           | u_accel/gen_nn_fractional.u_accel/fc1/CPU_RESETN |               12 |             45 |         3.75 |
|  CLK100MHZ_IBUF_BUFG | u_accel/gen_nn_fractional.u_accel/gen_hl1_lif[20].hl1_lif/mul_scaled_result_reg[61]_i_1__7_n_0   | u_accel/gen_nn_fractional.u_accel/fc1/CPU_RESETN |               11 |             46 |         4.18 |
|  CLK100MHZ_IBUF_BUFG | u_accel/gen_nn_fractional.u_accel/gen_hl1_lif[18].hl1_lif/membrane_pre_reset_reg[60]_i_1__9_n_0  | u_accel/gen_nn_fractional.u_accel/fc1/CPU_RESETN |               10 |             46 |         4.60 |
|  CLK100MHZ_IBUF_BUFG | u_accel/gen_nn_fractional.u_accel/gen_hl1_lif[19].hl1_lif/mul_scaled_result_reg[61]_i_1__8_n_0   | u_accel/gen_nn_fractional.u_accel/fc1/CPU_RESETN |               12 |             46 |         3.83 |
|  CLK100MHZ_IBUF_BUFG | u_accel/gen_nn_fractional.u_accel/gen_hl1_lif[19].hl1_lif/membrane_pre_reset_reg[60]_i_1__8_n_0  | u_accel/gen_nn_fractional.u_accel/fc1/CPU_RESETN |                9 |             46 |         5.11 |
|  CLK100MHZ_IBUF_BUFG | u_accel/gen_nn_fractional.u_accel/gen_hl1_lif[7].hl1_lif/membrane_pre_reset_reg[60]_i_1__23_n_0  | u_accel/gen_nn_fractional.u_accel/fc1/CPU_RESETN |               11 |             46 |         4.18 |
|  CLK100MHZ_IBUF_BUFG | u_accel/gen_nn_fractional.u_accel/gen_hl1_lif[7].hl1_lif/mul_scaled_result_reg[61]_i_1__23_n_0   | u_accel/gen_nn_fractional.u_accel/fc1/CPU_RESETN |               11 |             46 |         4.18 |
|  CLK100MHZ_IBUF_BUFG | u_accel/gen_nn_fractional.u_accel/gen_hl1_lif[1].hl1_lif/membrane_pre_reset_reg[60]_i_1__29_n_0  | u_accel/gen_nn_fractional.u_accel/fc1/CPU_RESETN |               12 |             46 |         3.83 |
|  CLK100MHZ_IBUF_BUFG | u_accel/gen_nn_fractional.u_accel/gen_hl1_lif[11].hl1_lif/mul_scaled_result_reg[61]_i_1__16_n_0  | u_accel/gen_nn_fractional.u_accel/fc1/CPU_RESETN |               11 |             46 |         4.18 |
|  CLK100MHZ_IBUF_BUFG | u_accel/gen_nn_fractional.u_accel/gen_hl1_lif[11].hl1_lif/membrane_pre_reset_reg[60]_i_1__16_n_0 | u_accel/gen_nn_fractional.u_accel/fc1/CPU_RESETN |                9 |             46 |         5.11 |
|  CLK100MHZ_IBUF_BUFG | u_accel/gen_nn_fractional.u_accel/gen_hl1_lif[26].hl1_lif/mul_scaled_result_reg[61]_i_1__3_n_0   | u_accel/gen_nn_fractional.u_accel/fc1/CPU_RESETN |               11 |             46 |         4.18 |
|  CLK100MHZ_IBUF_BUFG | u_accel/gen_nn_fractional.u_accel/gen_hl1_lif[1].hl1_lif/mul_scaled_result_reg[61]_i_1__29_n_0   | u_accel/gen_nn_fractional.u_accel/fc1/CPU_RESETN |               12 |             46 |         3.83 |
|  CLK100MHZ_IBUF_BUFG | u_accel/gen_nn_fractional.u_accel/gen_hl1_lif[18].hl1_lif/mul_scaled_result_reg[61]_i_1__9_n_0   | u_accel/gen_nn_fractional.u_accel/fc1/CPU_RESETN |               11 |             46 |         4.18 |
|  CLK100MHZ_IBUF_BUFG | u_accel/gen_nn_fractional.u_accel/gen_hl1_lif[25].hl1_lif/mul_scaled_result_reg[61]_i_1__2_n_0   | u_accel/gen_nn_fractional.u_accel/fc1/CPU_RESETN |               11 |             46 |         4.18 |
|  CLK100MHZ_IBUF_BUFG | u_accel/gen_nn_fractional.u_accel/gen_hl1_lif[26].hl1_lif/membrane_pre_reset_reg[60]_i_1__3_n_0  | u_accel/gen_nn_fractional.u_accel/fc1/CPU_RESETN |               11 |             46 |         4.18 |
|  CLK100MHZ_IBUF_BUFG | u_accel/gen_nn_fractional.u_accel/gen_hl1_lif[20].hl1_lif/membrane_pre_reset_reg[60]_i_1__7_n_0  | u_accel/gen_nn_fractional.u_accel/fc1/CPU_RESETN |                9 |             46 |         5.11 |
|  CLK100MHZ_IBUF_BUFG | u_accel/gen_nn_fractional.u_accel/gen_hl1_lif[21].hl1_lif/membrane_pre_reset_reg[60]_i_1__6_n_0  | u_accel/gen_nn_fractional.u_accel/fc1/CPU_RESETN |                8 |             46 |         5.75 |
|  CLK100MHZ_IBUF_BUFG | u_accel/gen_nn_fractional.u_accel/gen_hl1_lif[9].hl1_lif/mul_scaled_result_reg[61]_i_1__18_n_0   | u_accel/gen_nn_fractional.u_accel/fc1/CPU_RESETN |               12 |             46 |         3.83 |
|  CLK100MHZ_IBUF_BUFG | u_accel/gen_nn_fractional.u_accel/gen_hl1_lif[9].hl1_lif/membrane_pre_reset_reg[60]_i_1__18_n_0  | u_accel/gen_nn_fractional.u_accel/fc1/CPU_RESETN |                9 |             46 |         5.11 |
|  CLK100MHZ_IBUF_BUFG | u_accel/gen_nn_fractional.u_accel/gen_hl1_lif[14].hl1_lif/membrane_pre_reset_reg[60]_i_1__13_n_0 | u_accel/gen_nn_fractional.u_accel/fc1/CPU_RESETN |               11 |             46 |         4.18 |
|  CLK100MHZ_IBUF_BUFG | u_accel/gen_nn_fractional.u_accel/gen_hl1_lif[24].hl1_lif/membrane_pre_reset_reg[60]_i_1__1_n_0  | u_accel/gen_nn_fractional.u_accel/fc1/CPU_RESETN |                9 |             46 |         5.11 |
|  CLK100MHZ_IBUF_BUFG | u_accel/gen_nn_fractional.u_accel/gen_hl1_lif[24].hl1_lif/mul_scaled_result_reg[61]_i_1__1_n_0   | u_accel/gen_nn_fractional.u_accel/fc1/CPU_RESETN |               11 |             46 |         4.18 |
|  CLK100MHZ_IBUF_BUFG | u_accel/gen_nn_fractional.u_accel/gen_hl1_lif[14].hl1_lif/mul_scaled_result_reg[61]_i_1__13_n_0  | u_accel/gen_nn_fractional.u_accel/fc1/CPU_RESETN |               12 |             46 |         3.83 |
|  CLK100MHZ_IBUF_BUFG | u_accel/gen_nn_fractional.u_accel/gen_hl1_lif[0].hl1_lif/mul_scaled_result_reg[61]_i_1__30_n_0   | u_accel/gen_nn_fractional.u_accel/fc1/CPU_RESETN |               13 |             46 |         3.54 |
|  CLK100MHZ_IBUF_BUFG | u_accel/gen_nn_fractional.u_accel/gen_hl1_lif[13].hl1_lif/mul_scaled_result_reg[61]_i_1__14_n_0  | u_accel/gen_nn_fractional.u_accel/fc1/CPU_RESETN |               14 |             46 |         3.29 |
|  CLK100MHZ_IBUF_BUFG | u_accel/gen_nn_fractional.u_accel/gen_hl1_lif[13].hl1_lif/membrane_pre_reset_reg[60]_i_1__14_n_0 | u_accel/gen_nn_fractional.u_accel/fc1/CPU_RESETN |                8 |             46 |         5.75 |
|  CLK100MHZ_IBUF_BUFG | u_accel/gen_nn_fractional.u_accel/gen_hl1_lif[15].hl1_lif/membrane_pre_reset_reg[60]_i_1__12_n_0 | u_accel/gen_nn_fractional.u_accel/fc1/CPU_RESETN |               10 |             46 |         4.60 |
|  CLK100MHZ_IBUF_BUFG | u_accel/gen_nn_fractional.u_accel/gen_hl1_lif[15].hl1_lif/mul_scaled_result_reg[61]_i_1__12_n_0  | u_accel/gen_nn_fractional.u_accel/fc1/CPU_RESETN |               12 |             46 |         3.83 |
|  CLK100MHZ_IBUF_BUFG | u_accel/gen_nn_fractional.u_accel/gen_hl1_lif[17].hl1_lif/mul_scaled_result_reg[61]_i_1__10_n_0  | u_accel/gen_nn_fractional.u_accel/fc1/CPU_RESETN |               11 |             46 |         4.18 |
|  CLK100MHZ_IBUF_BUFG | u_accel/gen_nn_fractional.u_accel/gen_hl1_lif[16].hl1_lif/membrane_pre_reset_reg[60]_i_1__11_n_0 | u_accel/gen_nn_fractional.u_accel/fc1/CPU_RESETN |               10 |             46 |         4.60 |
|  CLK100MHZ_IBUF_BUFG | u_accel/gen_nn_fractional.u_accel/gen_hl1_lif[16].hl1_lif/mul_scaled_result_reg[61]_i_1__11_n_0  | u_accel/gen_nn_fractional.u_accel/fc1/CPU_RESETN |               11 |             46 |         4.18 |
|  CLK100MHZ_IBUF_BUFG | u_accel/gen_nn_fractional.u_accel/gen_hl1_lif[10].hl1_lif/membrane_pre_reset_reg[60]_i_1__17_n_0 | u_accel/gen_nn_fractional.u_accel/fc1/CPU_RESETN |               10 |             46 |         4.60 |
|  CLK100MHZ_IBUF_BUFG | u_accel/gen_nn_fractional.u_accel/gen_hl1_lif[10].hl1_lif/mul_scaled_result_reg[61]_i_1__17_n_0  | u_accel/gen_nn_fractional.u_accel/fc1/CPU_RESETN |               12 |             46 |         3.83 |
|  CLK100MHZ_IBUF_BUFG | u_accel/gen_nn_fractional.u_accel/gen_hl1_lif[8].hl1_lif/mul_scaled_result_reg[61]_i_1__22_n_0   | u_accel/gen_nn_fractional.u_accel/fc1/CPU_RESETN |               13 |             46 |         3.54 |
|  CLK100MHZ_IBUF_BUFG | u_accel/gen_nn_fractional.u_accel/gen_hl1_lif[8].hl1_lif/membrane_pre_reset_reg[60]_i_1__22_n_0  | u_accel/gen_nn_fractional.u_accel/fc1/CPU_RESETN |                8 |             46 |         5.75 |
|  CLK100MHZ_IBUF_BUFG | u_accel/gen_nn_fractional.u_accel/gen_hl1_lif[25].hl1_lif/membrane_pre_reset_reg[60]_i_1__2_n_0  | u_accel/gen_nn_fractional.u_accel/fc1/CPU_RESETN |               10 |             46 |         4.60 |
|  CLK100MHZ_IBUF_BUFG | u_accel/gen_nn_fractional.u_accel/gen_hl1_lif[2].hl1_lif/mul_scaled_result_reg[61]_i_1__28_n_0   | u_accel/gen_nn_fractional.u_accel/fc1/CPU_RESETN |               11 |             46 |         4.18 |
|  CLK100MHZ_IBUF_BUFG | u_accel/gen_nn_fractional.u_accel/gen_hl1_lif[21].hl1_lif/mul_scaled_result_reg[61]_i_1__6_n_0   | u_accel/gen_nn_fractional.u_accel/fc1/CPU_RESETN |               12 |             46 |         3.83 |
|  CLK100MHZ_IBUF_BUFG | u_accel/gen_nn_fractional.u_accel/gen_hl1_lif[17].hl1_lif/membrane_pre_reset_reg[60]_i_1__10_n_0 | u_accel/gen_nn_fractional.u_accel/fc1/CPU_RESETN |               10 |             46 |         4.60 |
|  CLK100MHZ_IBUF_BUFG | u_accel/gen_nn_fractional.u_accel/gen_hl2[6].hl2_lif/membrane_pre_reset_reg[60]_i_1__32_n_0      | u_accel/gen_nn_fractional.u_accel/fc1/CPU_RESETN |                8 |             46 |         5.75 |
|  CLK100MHZ_IBUF_BUFG | u_accel/gen_nn_fractional.u_accel/gen_hl2[4].hl2_lif/membrane_pre_reset_reg[60]_i_1__34_n_0      | u_accel/gen_nn_fractional.u_accel/fc1/CPU_RESETN |                9 |             46 |         5.11 |
|  CLK100MHZ_IBUF_BUFG | u_accel/gen_nn_fractional.u_accel/gen_hl2[4].hl2_lif/mul_scaled_result_reg[61]_i_1__34_n_0       | u_accel/gen_nn_fractional.u_accel/fc1/CPU_RESETN |               11 |             46 |         4.18 |
|  CLK100MHZ_IBUF_BUFG | u_accel/gen_nn_fractional.u_accel/gen_hl1_lif[3].hl1_lif/membrane_pre_reset_reg[60]_i_1__27_n_0  | u_accel/gen_nn_fractional.u_accel/fc1/CPU_RESETN |               10 |             46 |         4.60 |
|  CLK100MHZ_IBUF_BUFG | u_accel/gen_nn_fractional.u_accel/gen_hl2[5].hl2_lif/membrane_pre_reset_reg[60]_i_1__33_n_0      | u_accel/gen_nn_fractional.u_accel/fc1/CPU_RESETN |               12 |             46 |         3.83 |
|  CLK100MHZ_IBUF_BUFG | u_accel/gen_nn_fractional.u_accel/gen_hl2[5].hl2_lif/mul_scaled_result_reg[61]_i_1__33_n_0       | u_accel/gen_nn_fractional.u_accel/fc1/CPU_RESETN |               13 |             46 |         3.54 |
|  CLK100MHZ_IBUF_BUFG | u_accel/gen_nn_fractional.u_accel/gen_hl1_lif[31].hl1_lif/mul_scaled_result_reg[61]_i_1__20_n_0  | u_accel/gen_nn_fractional.u_accel/fc1/CPU_RESETN |               12 |             46 |         3.83 |
|  CLK100MHZ_IBUF_BUFG | u_accel/gen_nn_fractional.u_accel/gen_hl1_lif[12].hl1_lif/membrane_pre_reset_reg[60]_i_1__15_n_0 | u_accel/gen_nn_fractional.u_accel/fc1/CPU_RESETN |               13 |             46 |         3.54 |
|  CLK100MHZ_IBUF_BUFG | u_accel/gen_nn_fractional.u_accel/gen_hl1_lif[12].hl1_lif/mul_scaled_result_reg[61]_i_1__15_n_0  | u_accel/gen_nn_fractional.u_accel/fc1/CPU_RESETN |               14 |             46 |         3.29 |
|  CLK100MHZ_IBUF_BUFG | u_accel/gen_nn_fractional.u_accel/gen_hl1_lif[31].hl1_lif/membrane_pre_reset_reg[60]_i_1__20_n_0 | u_accel/gen_nn_fractional.u_accel/fc1/CPU_RESETN |                9 |             46 |         5.11 |
|  CLK100MHZ_IBUF_BUFG | u_accel/gen_nn_fractional.u_accel/gen_hl1_lif[22].hl1_lif/membrane_pre_reset_reg[60]_i_1_n_0     | u_accel/gen_nn_fractional.u_accel/fc1/CPU_RESETN |               12 |             46 |         3.83 |
|  CLK100MHZ_IBUF_BUFG | u_accel/gen_nn_fractional.u_accel/gen_hl1_lif[6].hl1_lif/membrane_pre_reset_reg[60]_i_1__24_n_0  | u_accel/gen_nn_fractional.u_accel/fc1/CPU_RESETN |               13 |             46 |         3.54 |
|  CLK100MHZ_IBUF_BUFG | u_accel/gen_nn_fractional.u_accel/gen_hl2[6].hl2_lif/mul_scaled_result_reg[61]_i_1__32_n_0       | u_accel/gen_nn_fractional.u_accel/fc1/CPU_RESETN |               12 |             46 |         3.83 |
|  CLK100MHZ_IBUF_BUFG | u_accel/gen_nn_fractional.u_accel/gen_hl1_lif[22].hl1_lif/mul_scaled_result_reg[61]_i_1_n_0      | u_accel/gen_nn_fractional.u_accel/fc1/CPU_RESETN |               12 |             46 |         3.83 |
|  CLK100MHZ_IBUF_BUFG | u_accel/gen_nn_fractional.u_accel/gen_hl2[7].hl2_lif/membrane_pre_reset_reg[60]_i_1__31_n_0      | u_accel/gen_nn_fractional.u_accel/fc1/CPU_RESETN |               10 |             46 |         4.60 |
|  CLK100MHZ_IBUF_BUFG | u_accel/gen_nn_fractional.u_accel/gen_hl2[7].hl2_lif/mul_scaled_result_reg[61]_i_1__31_n_0       | u_accel/gen_nn_fractional.u_accel/fc1/CPU_RESETN |               11 |             46 |         4.18 |
|  CLK100MHZ_IBUF_BUFG | u_accel/gen_nn_fractional.u_accel/gen_hl1_lif[29].hl1_lif/membrane_pre_reset_reg[60]_i_1__4_n_0  | u_accel/gen_nn_fractional.u_accel/fc1/CPU_RESETN |               12 |             46 |         3.83 |
|  CLK100MHZ_IBUF_BUFG | u_accel/gen_nn_fractional.u_accel/gen_hl1_lif[29].hl1_lif/mul_scaled_result_reg[61]_i_1__4_n_0   | u_accel/gen_nn_fractional.u_accel/fc1/CPU_RESETN |               12 |             46 |         3.83 |
|  CLK100MHZ_IBUF_BUFG | u_accel/gen_nn_fractional.u_accel/gen_hl1_lif[30].hl1_lif/mul_scaled_result_reg[61]_i_1__19_n_0  | u_accel/gen_nn_fractional.u_accel/fc1/CPU_RESETN |               12 |             46 |         3.83 |
|  CLK100MHZ_IBUF_BUFG | u_accel/gen_nn_fractional.u_accel/gen_hl1_lif[30].hl1_lif/membrane_pre_reset_reg[60]_i_1__19_n_0 | u_accel/gen_nn_fractional.u_accel/fc1/CPU_RESETN |                8 |             46 |         5.75 |
|  CLK100MHZ_IBUF_BUFG | u_accel/gen_nn_fractional.u_accel/gen_hl1_lif[0].hl1_lif/membrane_pre_reset_reg[60]_i_1__30_n_0  | u_accel/gen_nn_fractional.u_accel/fc1/CPU_RESETN |               10 |             46 |         4.60 |
|  CLK100MHZ_IBUF_BUFG | u_accel/gen_nn_fractional.u_accel/gen_hl1_lif[2].hl1_lif/membrane_pre_reset_reg[60]_i_1__28_n_0  | u_accel/gen_nn_fractional.u_accel/fc1/CPU_RESETN |                9 |             46 |         5.11 |
|  CLK100MHZ_IBUF_BUFG | u_accel/gen_nn_fractional.u_accel/gen_hl1_lif[23].hl1_lif/membrane_pre_reset_reg[60]_i_1__0_n_0  | u_accel/gen_nn_fractional.u_accel/fc1/CPU_RESETN |                8 |             46 |         5.75 |
|  CLK100MHZ_IBUF_BUFG | u_accel/gen_nn_fractional.u_accel/gen_hl1_lif[6].hl1_lif/mul_scaled_result_reg[61]_i_1__24_n_0   | u_accel/gen_nn_fractional.u_accel/fc1/CPU_RESETN |               11 |             46 |         4.18 |
|  CLK100MHZ_IBUF_BUFG | u_accel/gen_nn_fractional.u_accel/gen_hl2[0].hl2_lif/membrane_pre_reset_reg[60]_i_1__38_n_0      | u_accel/gen_nn_fractional.u_accel/fc1/CPU_RESETN |                8 |             46 |         5.75 |
|  CLK100MHZ_IBUF_BUFG | u_accel/gen_nn_fractional.u_accel/gen_hl2[0].hl2_lif/mul_scaled_result_reg[61]_i_1__38_n_0       | u_accel/gen_nn_fractional.u_accel/fc1/CPU_RESETN |               11 |             46 |         4.18 |
|  CLK100MHZ_IBUF_BUFG | u_accel/gen_nn_fractional.u_accel/gen_hl1_lif[5].hl1_lif/mul_scaled_result_reg[61]_i_1__25_n_0   | u_accel/gen_nn_fractional.u_accel/fc1/CPU_RESETN |               12 |             46 |         3.83 |
|  CLK100MHZ_IBUF_BUFG | u_accel/gen_nn_fractional.u_accel/gen_hl1_lif[5].hl1_lif/membrane_pre_reset_reg[60]_i_1__25_n_0  | u_accel/gen_nn_fractional.u_accel/fc1/CPU_RESETN |               11 |             46 |         4.18 |
|  CLK100MHZ_IBUF_BUFG | u_accel/gen_nn_fractional.u_accel/gen_hl2[1].hl2_lif/membrane_pre_reset_reg[60]_i_1__37_n_0      | u_accel/gen_nn_fractional.u_accel/fc1/CPU_RESETN |               13 |             46 |         3.54 |
|  CLK100MHZ_IBUF_BUFG | u_accel/gen_nn_fractional.u_accel/gen_hl1_lif[27].hl1_lif/membrane_pre_reset_reg[60]_i_1__21_n_0 | u_accel/gen_nn_fractional.u_accel/fc1/CPU_RESETN |                8 |             46 |         5.75 |
|  CLK100MHZ_IBUF_BUFG | u_accel/gen_nn_fractional.u_accel/gen_hl1_lif[27].hl1_lif/mul_scaled_result_reg[61]_i_1__21_n_0  | u_accel/gen_nn_fractional.u_accel/fc1/CPU_RESETN |               11 |             46 |         4.18 |
|  CLK100MHZ_IBUF_BUFG | u_accel/gen_nn_fractional.u_accel/gen_hl2[1].hl2_lif/mul_scaled_result_reg[61]_i_1__37_n_0       | u_accel/gen_nn_fractional.u_accel/fc1/CPU_RESETN |               12 |             46 |         3.83 |
|  CLK100MHZ_IBUF_BUFG | u_accel/gen_nn_fractional.u_accel/gen_hl2[2].hl2_lif/mul_scaled_result_reg[61]_i_1__36_n_0       | u_accel/gen_nn_fractional.u_accel/fc1/CPU_RESETN |               11 |             46 |         4.18 |
|  CLK100MHZ_IBUF_BUFG | u_accel/gen_nn_fractional.u_accel/gen_hl1_lif[4].hl1_lif/mul_scaled_result_reg[61]_i_1__26_n_0   | u_accel/gen_nn_fractional.u_accel/fc1/CPU_RESETN |               11 |             46 |         4.18 |
|  CLK100MHZ_IBUF_BUFG | u_accel/gen_nn_fractional.u_accel/gen_hl1_lif[4].hl1_lif/membrane_pre_reset_reg[60]_i_1__26_n_0  | u_accel/gen_nn_fractional.u_accel/fc1/CPU_RESETN |               10 |             46 |         4.60 |
|  CLK100MHZ_IBUF_BUFG | u_accel/gen_nn_fractional.u_accel/gen_hl2[3].hl2_lif/membrane_pre_reset_reg[60]_i_1__35_n_0      | u_accel/gen_nn_fractional.u_accel/fc1/CPU_RESETN |               11 |             46 |         4.18 |
|  CLK100MHZ_IBUF_BUFG | u_accel/gen_nn_fractional.u_accel/gen_hl1_lif[3].hl1_lif/mul_scaled_result_reg[61]_i_1__27_n_0   | u_accel/gen_nn_fractional.u_accel/fc1/CPU_RESETN |               12 |             46 |         3.83 |
|  CLK100MHZ_IBUF_BUFG | u_accel/gen_nn_fractional.u_accel/gen_hl1_lif[28].hl1_lif/mul_scaled_result_reg[61]_i_1__5_n_0   | u_accel/gen_nn_fractional.u_accel/fc1/CPU_RESETN |               11 |             46 |         4.18 |
|  CLK100MHZ_IBUF_BUFG | u_accel/gen_nn_fractional.u_accel/gen_hl2[3].hl2_lif/mul_scaled_result_reg[61]_i_1__35_n_0       | u_accel/gen_nn_fractional.u_accel/fc1/CPU_RESETN |               11 |             46 |         4.18 |
|  CLK100MHZ_IBUF_BUFG | u_accel/gen_nn_fractional.u_accel/gen_hl1_lif[23].hl1_lif/mul_scaled_result_reg[61]_i_1__0_n_0   | u_accel/gen_nn_fractional.u_accel/fc1/CPU_RESETN |               11 |             46 |         4.18 |
|  CLK100MHZ_IBUF_BUFG | u_accel/gen_nn_fractional.u_accel/gen_hl2[2].hl2_lif/membrane_pre_reset_reg[60]_i_1__36_n_0      | u_accel/gen_nn_fractional.u_accel/fc1/CPU_RESETN |               10 |             46 |         4.60 |
|  CLK100MHZ_IBUF_BUFG | u_accel/gen_nn_fractional.u_accel/gen_hl1_lif[28].hl1_lif/membrane_pre_reset_reg[60]_i_1__5_n_0  | u_accel/gen_nn_fractional.u_accel/fc1/CPU_RESETN |                9 |             46 |         5.11 |
|  CLK100MHZ_IBUF_BUFG | u_accel/gen_nn_fractional.u_accel/fc1/inputs_latched                                             | u_accel/gen_nn_fractional.u_accel/fc1/CPU_RESETN |               16 |             64 |         4.00 |
|  CLK100MHZ_IBUF_BUFG | u_accel/gen_nn_fractional.u_accel/observations_registered                                        | u_accel/gen_nn_fractional.u_accel/fc1/CPU_RESETN |               20 |             64 |         3.20 |
|  CLK100MHZ_IBUF_BUFG | u_accel/gen_nn_fractional.u_accel/q_accum/q_accum[1][48]_i_1_n_0                                 | u_accel/gen_nn_fractional.u_accel/fc1/CPU_RESETN |               24 |             98 |         4.08 |
|  CLK100MHZ_IBUF_BUFG | u_accel/gen_nn_fractional.u_accel/fc2/FSM_onehot_state_reg_n_0_[2]                               | u_accel/gen_nn_fractional.u_accel/fc1/CPU_RESETN |               28 |            192 |         6.86 |
|  CLK100MHZ_IBUF_BUFG | u_accel/gen_nn_fractional.u_accel/fc2/accums_reg[1]0                                             | u_accel/gen_nn_fractional.u_accel/fc1/CPU_RESETN |               52 |            304 |         5.85 |
|  CLK100MHZ_IBUF_BUFG |                                                                                                  | u_accel/gen_nn_fractional.u_accel/fc1/CPU_RESETN |              243 |            466 |         1.92 |
|  CLK100MHZ_IBUF_BUFG | u_accel/gen_nn_fractional.u_accel/fc1/FSM_onehot_state_reg_n_0_[2]                               | u_accel/gen_nn_fractional.u_accel/fc1/CPU_RESETN |               75 |            512 |         6.83 |
|  CLK100MHZ_IBUF_BUFG | u_accel/gen_nn_fractional.u_accel/fc1/accums_reg[8]0                                             | u_accel/gen_nn_fractional.u_accel/fc1/CPU_RESETN |              188 |           1120 |         5.96 |
+----------------------+--------------------------------------------------------------------------------------------------+--------------------------------------------------+------------------+----------------+--------------+


