
*** Running vivado
    with args -log board_top_bitshift_64_32_4.vds -m64 -product Vivado -mode batch -messageDb vivado.pb -notrace -source board_top_bitshift_64_32_4.tcl


****** Vivado v2025.1 (64-bit)
  **** SW Build 6140274 on Wed May 21 22:58:25 MDT 2025
  **** IP Build 6138677 on Thu May 22 03:10:11 MDT 2025
  **** SharedData Build 6139179 on Tue May 20 17:58:58 MDT 2025
  **** Start of session at: Sat May 23 14:48:33 2026
    ** Copyright 1986-2022 Xilinx, Inc. All Rights Reserved.
    ** Copyright 2022-2025 Advanced Micro Devices, Inc. All Rights Reserved.

source board_top_bitshift_64_32_4.tcl -notrace
Command: synth_design -top board_top_bitshift_64_32_4 -part xc7a100tcsg324-1
Starting synth_design
Attempting to get a license for feature 'Synthesis' and/or device 'xc7a100t'
INFO: [Common 17-349] Got license for feature 'Synthesis' and/or device 'xc7a100t'
INFO: [Device 21-403] Loading part xc7a100tcsg324-1
INFO: [Synth 8-7079] Multithreading enabled for synth_design using a maximum of 7 processes.
INFO: [Synth 8-7078] Launching helper process for spawning children vivado processes
INFO: [Synth 8-7075] Helper process launched with PID 2315972
---------------------------------------------------------------------------------
Starting RTL Elaboration : Time (s): cpu = 00:00:03 ; elapsed = 00:00:03 . Memory (MB): peak = 2139.223 ; gain = 439.742 ; free physical = 3439 ; free virtual = 10516
---------------------------------------------------------------------------------
INFO: [Synth 8-6157] synthesizing module 'board_top_bitshift_64_32_4' [/home/stonepine/intrinsic-memory-SNNs/3_benchmarking_on_FPGA/sv/board_top_bitshift_64_32_4.sv:24]
INFO: [Synth 8-6157] synthesizing module 'top_uart_accel_wrapper' [/home/stonepine/intrinsic-memory-SNNs/common/sv/host_if/top_uart_accel_wrapper.sv:1]
	Parameter MODEL_TYPE bound to: 2 - type: integer 
	Parameter CLOCK_HZ bound to: 100000000 - type: integer 
	Parameter BAUD bound to: 921600 - type: integer 
	Parameter NUM_INPUTS bound to: 4 - type: integer 
	Parameter HL1_SIZE bound to: 64 - type: integer 
	Parameter HL2_SIZE bound to: 32 - type: integer 
	Parameter NUM_ACTIONS bound to: 2 - type: integer 
	Parameter NUM_TIMESTEPS bound to: 20 - type: integer 
	Parameter FC2_OUTPUT_WIDTH bound to: 24 - type: integer 
	Parameter HISTORY_LENGTH bound to: 4 - type: integer 
	Parameter INV_DENOM bound to: 16'b1100110011111011 
	Parameter SHIFT_WIDTH bound to: 8 - type: integer 
	Parameter SHIFT_MODE bound to: 2'b11 
	Parameter CUSTOM_DECAY_RATE bound to: 3 - type: integer 
	Parameter FC1_WEIGHTS_FILE bound to: fc1_weights.mem - type: string 
	Parameter FC1_BIAS_FILE bound to: fc1_bias.mem - type: string 
	Parameter FC2_WEIGHTS_FILE bound to: fc2_weights.mem - type: string 
	Parameter FC2_BIAS_FILE bound to: fc2_bias.mem - type: string 
	Parameter FC_OUT_WEIGHTS_FILE bound to: fc_out_weights.mem - type: string 
	Parameter FC_OUT_BIAS_FILE bound to: fc_out_bias.mem - type: string 
	Parameter Q_BATCH_SIZE bound to: 1 - type: integer 
INFO: [Synth 8-6157] synthesizing module 'neural_network_bitshift' [/home/stonepine/intrinsic-memory-SNNs/common/sv/neural_network_bitshift.sv:31]
	Parameter NUM_INPUTS bound to: 4 - type: integer 
	Parameter HL1_SIZE bound to: 64 - type: integer 
	Parameter HL2_SIZE bound to: 32 - type: integer 
	Parameter NUM_ACTIONS bound to: 2 - type: integer 
	Parameter NUM_TIMESTEPS bound to: 20 - type: integer 
	Parameter DATA_WIDTH bound to: 16 - type: integer 
	Parameter FC2_OUTPUT_WIDTH bound to: 24 - type: integer 
	Parameter MEMBRANE_WIDTH bound to: 24 - type: integer 
	Parameter FRAC_BITS bound to: 13 - type: integer 
	Parameter THRESHOLD bound to: 8192 - type: integer 
	Parameter BETA bound to: 115 - type: integer 
	Parameter HISTORY_LENGTH bound to: 4 - type: integer 
	Parameter SHIFT_WIDTH bound to: 8 - type: integer 
	Parameter SHIFT_MODE bound to: 2'b11 
	Parameter CUSTOM_DECAY_RATE bound to: 3 - type: integer 
	Parameter INV_DENOM bound to: 16'b1100110011111011 
	Parameter FC1_WEIGHTS_FILE bound to: fc1_weights.mem - type: string 
	Parameter FC1_BIAS_FILE bound to: fc1_bias.mem - type: string 
	Parameter FC2_WEIGHTS_FILE bound to: fc2_weights.mem - type: string 
	Parameter FC2_BIAS_FILE bound to: fc2_bias.mem - type: string 
	Parameter FC_OUT_WEIGHTS_FILE bound to: fc_out_weights.mem - type: string 
	Parameter FC_OUT_BIAS_FILE bound to: fc_out_bias.mem - type: string 
	Parameter Q_BATCH_SIZE bound to: 1 - type: integer 
INFO: [Synth 8-6157] synthesizing module 'bitshift_lif' [/home/stonepine/intrinsic-memory-SNNs/common/sv/neurons/bitshift_lif.sv:12]
	Parameter THRESHOLD bound to: 8192 - type: integer 
	Parameter DATA_WIDTH bound to: 16 - type: integer 
	Parameter MEMBRANE_WIDTH bound to: 24 - type: integer 
	Parameter HISTORY_LENGTH bound to: 4 - type: integer 
	Parameter SHIFT_WIDTH bound to: 8 - type: integer 
	Parameter SHIFT_MODE bound to: 2'b11 
	Parameter CUSTOM_DECAY_RATE bound to: 3 - type: integer 
	Parameter INV_DENOM bound to: 16'b1100110011111011 
INFO: [Synth 8-294] found qualifier unique on case statement: implementing as parallel_case [/home/stonepine/intrinsic-memory-SNNs/common/sv/neurons/bitshift_lif.sv:311]
INFO: [Synth 8-6155] done synthesizing module 'bitshift_lif' (0#1) [/home/stonepine/intrinsic-memory-SNNs/common/sv/neurons/bitshift_lif.sv:12]
INFO: [Synth 8-6157] synthesizing module 'bitshift_lif__parameterized0' [/home/stonepine/intrinsic-memory-SNNs/common/sv/neurons/bitshift_lif.sv:12]
	Parameter THRESHOLD bound to: 8192 - type: integer 
	Parameter DATA_WIDTH bound to: 24 - type: integer 
	Parameter MEMBRANE_WIDTH bound to: 24 - type: integer 
	Parameter HISTORY_LENGTH bound to: 4 - type: integer 
	Parameter SHIFT_WIDTH bound to: 8 - type: integer 
	Parameter SHIFT_MODE bound to: 2'b11 
	Parameter CUSTOM_DECAY_RATE bound to: 3 - type: integer 
	Parameter INV_DENOM bound to: 16'b1100110011111011 
INFO: [Synth 8-294] found qualifier unique on case statement: implementing as parallel_case [/home/stonepine/intrinsic-memory-SNNs/common/sv/neurons/bitshift_lif.sv:311]
WARNING: [Synth 8-693] zero replication count - replication ignored [/home/stonepine/intrinsic-memory-SNNs/common/sv/neurons/bitshift_lif.sv:314]
INFO: [Synth 8-6155] done synthesizing module 'bitshift_lif__parameterized0' (0#1) [/home/stonepine/intrinsic-memory-SNNs/common/sv/neurons/bitshift_lif.sv:12]
INFO: [Synth 8-6157] synthesizing module 'neuron_membrane_buffer' [/home/stonepine/intrinsic-memory-SNNs/common/sv/neuron_membrane_buffer.sv:17]
	Parameter NUM_TIMESTEPS bound to: 20 - type: integer 
	Parameter MEMBRANE_WIDTH bound to: 24 - type: integer 
INFO: [Synth 8-6155] done synthesizing module 'neuron_membrane_buffer' (0#1) [/home/stonepine/intrinsic-memory-SNNs/common/sv/neuron_membrane_buffer.sv:17]
INFO: [Synth 8-6157] synthesizing module 'linear_layer' [/home/stonepine/intrinsic-memory-SNNs/common/sv/linear_layer.sv:96]
	Parameter NUM_INPUTS bound to: 4 - type: integer 
	Parameter NUM_OUTPUTS bound to: 64 - type: integer 
	Parameter PARALLELISM bound to: 16 - type: integer 
	Parameter DATA_WIDTH bound to: 16 - type: integer 
	Parameter FRAC_BITS bound to: 13 - type: integer 
	Parameter WEIGHTS_FILE bound to: fc1_weights.mem - type: string 
	Parameter BIAS_FILE bound to: fc1_bias.mem - type: string 
INFO: [Synth 8-3876] $readmem data file 'fc1_weights.mem' is read successfully [/home/stonepine/intrinsic-memory-SNNs/common/sv/linear_layer.sv:143]
INFO: [Synth 8-3876] $readmem data file 'fc1_bias.mem' is read successfully [/home/stonepine/intrinsic-memory-SNNs/common/sv/linear_layer.sv:144]
INFO: [Synth 8-294] found qualifier unique on case statement: implementing as parallel_case [/home/stonepine/intrinsic-memory-SNNs/common/sv/linear_layer.sv:251]
INFO: [Synth 8-6155] done synthesizing module 'linear_layer' (0#1) [/home/stonepine/intrinsic-memory-SNNs/common/sv/linear_layer.sv:96]
INFO: [Synth 8-6157] synthesizing module 'linear_layer__parameterized0' [/home/stonepine/intrinsic-memory-SNNs/common/sv/linear_layer.sv:96]
	Parameter NUM_INPUTS bound to: 64 - type: integer 
	Parameter NUM_OUTPUTS bound to: 32 - type: integer 
	Parameter PARALLELISM bound to: 16 - type: integer 
	Parameter DATA_WIDTH bound to: 16 - type: integer 
	Parameter OUTPUT_WIDTH bound to: 24 - type: integer 
	Parameter FRAC_BITS bound to: 13 - type: integer 
	Parameter WEIGHTS_FILE bound to: fc2_weights.mem - type: string 
	Parameter BIAS_FILE bound to: fc2_bias.mem - type: string 
INFO: [Synth 8-3876] $readmem data file 'fc2_weights.mem' is read successfully [/home/stonepine/intrinsic-memory-SNNs/common/sv/linear_layer.sv:143]
INFO: [Synth 8-3876] $readmem data file 'fc2_bias.mem' is read successfully [/home/stonepine/intrinsic-memory-SNNs/common/sv/linear_layer.sv:144]
INFO: [Synth 8-294] found qualifier unique on case statement: implementing as parallel_case [/home/stonepine/intrinsic-memory-SNNs/common/sv/linear_layer.sv:251]
INFO: [Synth 8-6155] done synthesizing module 'linear_layer__parameterized0' (0#1) [/home/stonepine/intrinsic-memory-SNNs/common/sv/linear_layer.sv:96]
INFO: [Synth 8-6157] synthesizing module 'q_accumulator' [/home/stonepine/intrinsic-memory-SNNs/common/sv/q_accumulator.sv:33]
	Parameter NUM_NEURONS bound to: 32 - type: integer 
	Parameter NUM_TIMESTEPS bound to: 20 - type: integer 
	Parameter NUM_ACTIONS bound to: 2 - type: integer 
	Parameter BATCH_SIZE bound to: 1 - type: integer 
	Parameter DATA_WIDTH bound to: 16 - type: integer 
	Parameter MEMBRANE_WIDTH bound to: 24 - type: integer 
	Parameter FRAC_BITS bound to: 13 - type: integer 
	Parameter WEIGHTS_FILE bound to: fc_out_weights.mem - type: string 
	Parameter BIAS_FILE bound to: fc_out_bias.mem - type: string 
INFO: [Synth 8-3876] $readmem data file 'fc_out_weights.mem' is read successfully [/home/stonepine/intrinsic-memory-SNNs/common/sv/q_accumulator.sv:78]
INFO: [Synth 8-3876] $readmem data file 'fc_out_bias.mem' is read successfully [/home/stonepine/intrinsic-memory-SNNs/common/sv/q_accumulator.sv:79]
INFO: [Synth 8-294] found qualifier unique on case statement: implementing as parallel_case [/home/stonepine/intrinsic-memory-SNNs/common/sv/q_accumulator.sv:146]
INFO: [Synth 8-226] default block is never used [/home/stonepine/intrinsic-memory-SNNs/common/sv/q_accumulator.sv:146]
INFO: [Synth 8-6155] done synthesizing module 'q_accumulator' (0#1) [/home/stonepine/intrinsic-memory-SNNs/common/sv/q_accumulator.sv:33]
INFO: [Synth 8-294] found qualifier unique on case statement: implementing as parallel_case [/home/stonepine/intrinsic-memory-SNNs/common/sv/neural_network_bitshift.sv:395]
INFO: [Synth 8-294] found qualifier unique on case statement: implementing as parallel_case [/home/stonepine/intrinsic-memory-SNNs/common/sv/neural_network_bitshift.sv:419]
INFO: [Synth 8-6155] done synthesizing module 'neural_network_bitshift' (0#1) [/home/stonepine/intrinsic-memory-SNNs/common/sv/neural_network_bitshift.sv:31]
INFO: [Synth 8-6157] synthesizing module 'uart_rx' [/home/stonepine/intrinsic-memory-SNNs/common/sv/host_if/uart_rx.sv:1]
	Parameter CLOCK_HZ bound to: 100000000 - type: integer 
	Parameter BAUD bound to: 921600 - type: integer 
INFO: [Synth 8-6155] done synthesizing module 'uart_rx' (0#1) [/home/stonepine/intrinsic-memory-SNNs/common/sv/host_if/uart_rx.sv:1]
INFO: [Synth 8-6157] synthesizing module 'uart_tx' [/home/stonepine/intrinsic-memory-SNNs/common/sv/host_if/uart_tx.sv:1]
	Parameter CLOCK_HZ bound to: 100000000 - type: integer 
	Parameter BAUD bound to: 921600 - type: integer 
INFO: [Synth 8-6155] done synthesizing module 'uart_tx' (0#1) [/home/stonepine/intrinsic-memory-SNNs/common/sv/host_if/uart_tx.sv:1]
INFO: [Synth 8-6157] synthesizing module 'uart_accel_ctrl' [/home/stonepine/intrinsic-memory-SNNs/common/sv/host_if/uart_accel_ctrl.sv:1]
	Parameter NUM_INPUTS bound to: 4 - type: integer 
	Parameter ACTION_WIDTH bound to: 1 - type: integer 
INFO: [Synth 8-294] found qualifier unique on case statement: implementing as parallel_case [/home/stonepine/intrinsic-memory-SNNs/common/sv/host_if/uart_accel_ctrl.sv:236]
INFO: [Synth 8-294] found qualifier unique on case statement: implementing as parallel_case [/home/stonepine/intrinsic-memory-SNNs/common/sv/host_if/uart_accel_ctrl.sv:306]
INFO: [Synth 8-294] found qualifier unique on case statement: implementing as parallel_case [/home/stonepine/intrinsic-memory-SNNs/common/sv/host_if/uart_accel_ctrl.sv:81]
INFO: [Synth 8-294] found qualifier unique on case statement: implementing as parallel_case [/home/stonepine/intrinsic-memory-SNNs/common/sv/host_if/uart_accel_ctrl.sv:81]
INFO: [Synth 8-294] found qualifier unique on case statement: implementing as parallel_case [/home/stonepine/intrinsic-memory-SNNs/common/sv/host_if/uart_accel_ctrl.sv:81]
INFO: [Synth 8-294] found qualifier unique on case statement: implementing as parallel_case [/home/stonepine/intrinsic-memory-SNNs/common/sv/host_if/uart_accel_ctrl.sv:81]
INFO: [Synth 8-294] found qualifier unique on case statement: implementing as parallel_case [/home/stonepine/intrinsic-memory-SNNs/common/sv/host_if/uart_accel_ctrl.sv:81]
INFO: [Synth 8-294] found qualifier unique on case statement: implementing as parallel_case [/home/stonepine/intrinsic-memory-SNNs/common/sv/host_if/uart_accel_ctrl.sv:81]
INFO: [Synth 8-294] found qualifier unique on case statement: implementing as parallel_case [/home/stonepine/intrinsic-memory-SNNs/common/sv/host_if/uart_accel_ctrl.sv:81]
INFO: [Synth 8-294] found qualifier unique on case statement: implementing as parallel_case [/home/stonepine/intrinsic-memory-SNNs/common/sv/host_if/uart_accel_ctrl.sv:81]
INFO: [Synth 8-294] found qualifier unique on case statement: implementing as parallel_case [/home/stonepine/intrinsic-memory-SNNs/common/sv/host_if/uart_accel_ctrl.sv:81]
INFO: [Synth 8-294] found qualifier unique on case statement: implementing as parallel_case [/home/stonepine/intrinsic-memory-SNNs/common/sv/host_if/uart_accel_ctrl.sv:81]
INFO: [Synth 8-294] found qualifier unique on case statement: implementing as parallel_case [/home/stonepine/intrinsic-memory-SNNs/common/sv/host_if/uart_accel_ctrl.sv:81]
INFO: [Synth 8-294] found qualifier unique on case statement: implementing as parallel_case [/home/stonepine/intrinsic-memory-SNNs/common/sv/host_if/uart_accel_ctrl.sv:81]
INFO: [Synth 8-294] found qualifier unique on case statement: implementing as parallel_case [/home/stonepine/intrinsic-memory-SNNs/common/sv/host_if/uart_accel_ctrl.sv:81]
INFO: [Synth 8-294] found qualifier unique on case statement: implementing as parallel_case [/home/stonepine/intrinsic-memory-SNNs/common/sv/host_if/uart_accel_ctrl.sv:81]
INFO: [Synth 8-294] found qualifier unique on case statement: implementing as parallel_case [/home/stonepine/intrinsic-memory-SNNs/common/sv/host_if/uart_accel_ctrl.sv:81]
INFO: [Synth 8-294] found qualifier unique on case statement: implementing as parallel_case [/home/stonepine/intrinsic-memory-SNNs/common/sv/host_if/uart_accel_ctrl.sv:81]
INFO: [Synth 8-294] found qualifier unique on case statement: implementing as parallel_case [/home/stonepine/intrinsic-memory-SNNs/common/sv/host_if/uart_accel_ctrl.sv:81]
INFO: [Synth 8-294] found qualifier unique on case statement: implementing as parallel_case [/home/stonepine/intrinsic-memory-SNNs/common/sv/host_if/uart_accel_ctrl.sv:81]
INFO: [Synth 8-294] found qualifier unique on case statement: implementing as parallel_case [/home/stonepine/intrinsic-memory-SNNs/common/sv/host_if/uart_accel_ctrl.sv:81]
INFO: [Synth 8-294] found qualifier unique on case statement: implementing as parallel_case [/home/stonepine/intrinsic-memory-SNNs/common/sv/host_if/uart_accel_ctrl.sv:81]
INFO: [Synth 8-294] found qualifier unique on case statement: implementing as parallel_case [/home/stonepine/intrinsic-memory-SNNs/common/sv/host_if/uart_accel_ctrl.sv:81]
INFO: [Synth 8-294] found qualifier unique on case statement: implementing as parallel_case [/home/stonepine/intrinsic-memory-SNNs/common/sv/host_if/uart_accel_ctrl.sv:81]
INFO: [Synth 8-294] found qualifier unique on case statement: implementing as parallel_case [/home/stonepine/intrinsic-memory-SNNs/common/sv/host_if/uart_accel_ctrl.sv:81]
INFO: [Synth 8-294] found qualifier unique on case statement: implementing as parallel_case [/home/stonepine/intrinsic-memory-SNNs/common/sv/host_if/uart_accel_ctrl.sv:81]
INFO: [Synth 8-294] found qualifier unique on case statement: implementing as parallel_case [/home/stonepine/intrinsic-memory-SNNs/common/sv/host_if/uart_accel_ctrl.sv:81]
INFO: [Synth 8-294] found qualifier unique on case statement: implementing as parallel_case [/home/stonepine/intrinsic-memory-SNNs/common/sv/host_if/uart_accel_ctrl.sv:81]
INFO: [Synth 8-294] found qualifier unique on case statement: implementing as parallel_case [/home/stonepine/intrinsic-memory-SNNs/common/sv/host_if/uart_accel_ctrl.sv:81]
INFO: [Synth 8-294] found qualifier unique on case statement: implementing as parallel_case [/home/stonepine/intrinsic-memory-SNNs/common/sv/host_if/uart_accel_ctrl.sv:81]
INFO: [Synth 8-294] found qualifier unique on case statement: implementing as parallel_case [/home/stonepine/intrinsic-memory-SNNs/common/sv/host_if/uart_accel_ctrl.sv:81]
INFO: [Synth 8-294] found qualifier unique on case statement: implementing as parallel_case [/home/stonepine/intrinsic-memory-SNNs/common/sv/host_if/uart_accel_ctrl.sv:81]
INFO: [Synth 8-294] found qualifier unique on case statement: implementing as parallel_case [/home/stonepine/intrinsic-memory-SNNs/common/sv/host_if/uart_accel_ctrl.sv:81]
INFO: [Synth 8-294] found qualifier unique on case statement: implementing as parallel_case [/home/stonepine/intrinsic-memory-SNNs/common/sv/host_if/uart_accel_ctrl.sv:81]
INFO: [Synth 8-294] found qualifier unique on case statement: implementing as parallel_case [/home/stonepine/intrinsic-memory-SNNs/common/sv/host_if/uart_accel_ctrl.sv:81]
INFO: [Synth 8-294] found qualifier unique on case statement: implementing as parallel_case [/home/stonepine/intrinsic-memory-SNNs/common/sv/host_if/uart_accel_ctrl.sv:81]
INFO: [Synth 8-294] found qualifier unique on case statement: implementing as parallel_case [/home/stonepine/intrinsic-memory-SNNs/common/sv/host_if/uart_accel_ctrl.sv:81]
INFO: [Synth 8-294] found qualifier unique on case statement: implementing as parallel_case [/home/stonepine/intrinsic-memory-SNNs/common/sv/host_if/uart_accel_ctrl.sv:81]
INFO: [Synth 8-294] found qualifier unique on case statement: implementing as parallel_case [/home/stonepine/intrinsic-memory-SNNs/common/sv/host_if/uart_accel_ctrl.sv:81]
INFO: [Synth 8-294] found qualifier unique on case statement: implementing as parallel_case [/home/stonepine/intrinsic-memory-SNNs/common/sv/host_if/uart_accel_ctrl.sv:81]
INFO: [Synth 8-294] found qualifier unique on case statement: implementing as parallel_case [/home/stonepine/intrinsic-memory-SNNs/common/sv/host_if/uart_accel_ctrl.sv:81]
INFO: [Synth 8-294] found qualifier unique on case statement: implementing as parallel_case [/home/stonepine/intrinsic-memory-SNNs/common/sv/host_if/uart_accel_ctrl.sv:81]
INFO: [Synth 8-294] found qualifier unique on case statement: implementing as parallel_case [/home/stonepine/intrinsic-memory-SNNs/common/sv/host_if/uart_accel_ctrl.sv:81]
INFO: [Synth 8-294] found qualifier unique on case statement: implementing as parallel_case [/home/stonepine/intrinsic-memory-SNNs/common/sv/host_if/uart_accel_ctrl.sv:81]
INFO: [Synth 8-294] found qualifier unique on case statement: implementing as parallel_case [/home/stonepine/intrinsic-memory-SNNs/common/sv/host_if/uart_accel_ctrl.sv:81]
INFO: [Synth 8-294] found qualifier unique on case statement: implementing as parallel_case [/home/stonepine/intrinsic-memory-SNNs/common/sv/host_if/uart_accel_ctrl.sv:81]
INFO: [Synth 8-294] found qualifier unique on case statement: implementing as parallel_case [/home/stonepine/intrinsic-memory-SNNs/common/sv/host_if/uart_accel_ctrl.sv:81]
INFO: [Synth 8-294] found qualifier unique on case statement: implementing as parallel_case [/home/stonepine/intrinsic-memory-SNNs/common/sv/host_if/uart_accel_ctrl.sv:81]
INFO: [Synth 8-294] found qualifier unique on case statement: implementing as parallel_case [/home/stonepine/intrinsic-memory-SNNs/common/sv/host_if/uart_accel_ctrl.sv:81]
INFO: [Synth 8-294] found qualifier unique on case statement: implementing as parallel_case [/home/stonepine/intrinsic-memory-SNNs/common/sv/host_if/uart_accel_ctrl.sv:81]
INFO: [Synth 8-294] found qualifier unique on case statement: implementing as parallel_case [/home/stonepine/intrinsic-memory-SNNs/common/sv/host_if/uart_accel_ctrl.sv:81]
INFO: [Synth 8-294] found qualifier unique on case statement: implementing as parallel_case [/home/stonepine/intrinsic-memory-SNNs/common/sv/host_if/uart_accel_ctrl.sv:81]
INFO: [Synth 8-294] found qualifier unique on case statement: implementing as parallel_case [/home/stonepine/intrinsic-memory-SNNs/common/sv/host_if/uart_accel_ctrl.sv:81]
INFO: [Synth 8-294] found qualifier unique on case statement: implementing as parallel_case [/home/stonepine/intrinsic-memory-SNNs/common/sv/host_if/uart_accel_ctrl.sv:81]
INFO: [Synth 8-294] found qualifier unique on case statement: implementing as parallel_case [/home/stonepine/intrinsic-memory-SNNs/common/sv/host_if/uart_accel_ctrl.sv:81]
INFO: [Synth 8-294] found qualifier unique on case statement: implementing as parallel_case [/home/stonepine/intrinsic-memory-SNNs/common/sv/host_if/uart_accel_ctrl.sv:81]
INFO: [Synth 8-294] found qualifier unique on case statement: implementing as parallel_case [/home/stonepine/intrinsic-memory-SNNs/common/sv/host_if/uart_accel_ctrl.sv:81]
INFO: [Synth 8-294] found qualifier unique on case statement: implementing as parallel_case [/home/stonepine/intrinsic-memory-SNNs/common/sv/host_if/uart_accel_ctrl.sv:81]
INFO: [Synth 8-294] found qualifier unique on case statement: implementing as parallel_case [/home/stonepine/intrinsic-memory-SNNs/common/sv/host_if/uart_accel_ctrl.sv:81]
INFO: [Synth 8-294] found qualifier unique on case statement: implementing as parallel_case [/home/stonepine/intrinsic-memory-SNNs/common/sv/host_if/uart_accel_ctrl.sv:81]
INFO: [Synth 8-294] found qualifier unique on case statement: implementing as parallel_case [/home/stonepine/intrinsic-memory-SNNs/common/sv/host_if/uart_accel_ctrl.sv:81]
INFO: [Synth 8-294] found qualifier unique on case statement: implementing as parallel_case [/home/stonepine/intrinsic-memory-SNNs/common/sv/host_if/uart_accel_ctrl.sv:81]
INFO: [Synth 8-294] found qualifier unique on case statement: implementing as parallel_case [/home/stonepine/intrinsic-memory-SNNs/common/sv/host_if/uart_accel_ctrl.sv:81]
INFO: [Synth 8-294] found qualifier unique on case statement: implementing as parallel_case [/home/stonepine/intrinsic-memory-SNNs/common/sv/host_if/uart_accel_ctrl.sv:81]
INFO: [Synth 8-294] found qualifier unique on case statement: implementing as parallel_case [/home/stonepine/intrinsic-memory-SNNs/common/sv/host_if/uart_accel_ctrl.sv:81]
INFO: [Synth 8-294] found qualifier unique on case statement: implementing as parallel_case [/home/stonepine/intrinsic-memory-SNNs/common/sv/host_if/uart_accel_ctrl.sv:81]
INFO: [Synth 8-294] found qualifier unique on case statement: implementing as parallel_case [/home/stonepine/intrinsic-memory-SNNs/common/sv/host_if/uart_accel_ctrl.sv:106]
INFO: [Synth 8-294] found qualifier unique on case statement: implementing as parallel_case [/home/stonepine/intrinsic-memory-SNNs/common/sv/host_if/uart_accel_ctrl.sv:106]
INFO: [Synth 8-294] found qualifier unique on case statement: implementing as parallel_case [/home/stonepine/intrinsic-memory-SNNs/common/sv/host_if/uart_accel_ctrl.sv:106]
INFO: [Synth 8-294] found qualifier unique on case statement: implementing as parallel_case [/home/stonepine/intrinsic-memory-SNNs/common/sv/host_if/uart_accel_ctrl.sv:106]
INFO: [Synth 8-294] found qualifier unique on case statement: implementing as parallel_case [/home/stonepine/intrinsic-memory-SNNs/common/sv/host_if/uart_accel_ctrl.sv:106]
INFO: [Synth 8-294] found qualifier unique on case statement: implementing as parallel_case [/home/stonepine/intrinsic-memory-SNNs/common/sv/host_if/uart_accel_ctrl.sv:106]
INFO: [Synth 8-294] found qualifier unique on case statement: implementing as parallel_case [/home/stonepine/intrinsic-memory-SNNs/common/sv/host_if/uart_accel_ctrl.sv:106]
INFO: [Synth 8-294] found qualifier unique on case statement: implementing as parallel_case [/home/stonepine/intrinsic-memory-SNNs/common/sv/host_if/uart_accel_ctrl.sv:106]
INFO: [Synth 8-294] found qualifier unique on case statement: implementing as parallel_case [/home/stonepine/intrinsic-memory-SNNs/common/sv/host_if/uart_accel_ctrl.sv:106]
INFO: [Synth 8-294] found qualifier unique on case statement: implementing as parallel_case [/home/stonepine/intrinsic-memory-SNNs/common/sv/host_if/uart_accel_ctrl.sv:106]
INFO: [Synth 8-294] found qualifier unique on case statement: implementing as parallel_case [/home/stonepine/intrinsic-memory-SNNs/common/sv/host_if/uart_accel_ctrl.sv:106]
INFO: [Synth 8-294] found qualifier unique on case statement: implementing as parallel_case [/home/stonepine/intrinsic-memory-SNNs/common/sv/host_if/uart_accel_ctrl.sv:106]
INFO: [Synth 8-294] found qualifier unique on case statement: implementing as parallel_case [/home/stonepine/intrinsic-memory-SNNs/common/sv/host_if/uart_accel_ctrl.sv:106]
INFO: [Synth 8-294] found qualifier unique on case statement: implementing as parallel_case [/home/stonepine/intrinsic-memory-SNNs/common/sv/host_if/uart_accel_ctrl.sv:106]
INFO: [Synth 8-294] found qualifier unique on case statement: implementing as parallel_case [/home/stonepine/intrinsic-memory-SNNs/common/sv/host_if/uart_accel_ctrl.sv:106]
INFO: [Synth 8-294] found qualifier unique on case statement: implementing as parallel_case [/home/stonepine/intrinsic-memory-SNNs/common/sv/host_if/uart_accel_ctrl.sv:106]
INFO: [Synth 8-294] found qualifier unique on case statement: implementing as parallel_case [/home/stonepine/intrinsic-memory-SNNs/common/sv/host_if/uart_accel_ctrl.sv:106]
INFO: [Synth 8-294] found qualifier unique on case statement: implementing as parallel_case [/home/stonepine/intrinsic-memory-SNNs/common/sv/host_if/uart_accel_ctrl.sv:106]
INFO: [Synth 8-294] found qualifier unique on case statement: implementing as parallel_case [/home/stonepine/intrinsic-memory-SNNs/common/sv/host_if/uart_accel_ctrl.sv:106]
INFO: [Synth 8-294] found qualifier unique on case statement: implementing as parallel_case [/home/stonepine/intrinsic-memory-SNNs/common/sv/host_if/uart_accel_ctrl.sv:106]
INFO: [Synth 8-294] found qualifier unique on case statement: implementing as parallel_case [/home/stonepine/intrinsic-memory-SNNs/common/sv/host_if/uart_accel_ctrl.sv:106]
INFO: [Synth 8-294] found qualifier unique on case statement: implementing as parallel_case [/home/stonepine/intrinsic-memory-SNNs/common/sv/host_if/uart_accel_ctrl.sv:106]
INFO: [Synth 8-294] found qualifier unique on case statement: implementing as parallel_case [/home/stonepine/intrinsic-memory-SNNs/common/sv/host_if/uart_accel_ctrl.sv:106]
INFO: [Synth 8-294] found qualifier unique on case statement: implementing as parallel_case [/home/stonepine/intrinsic-memory-SNNs/common/sv/host_if/uart_accel_ctrl.sv:106]
INFO: [Synth 8-294] found qualifier unique on case statement: implementing as parallel_case [/home/stonepine/intrinsic-memory-SNNs/common/sv/host_if/uart_accel_ctrl.sv:106]
INFO: [Synth 8-294] found qualifier unique on case statement: implementing as parallel_case [/home/stonepine/intrinsic-memory-SNNs/common/sv/host_if/uart_accel_ctrl.sv:106]
INFO: [Synth 8-294] found qualifier unique on case statement: implementing as parallel_case [/home/stonepine/intrinsic-memory-SNNs/common/sv/host_if/uart_accel_ctrl.sv:106]
INFO: [Common 17-14] Message 'Synth 8-294' appears 100 times and further instances of the messages will be disabled. Use the Tcl command set_msg_config to change the current settings.
INFO: [Synth 8-6155] done synthesizing module 'uart_accel_ctrl' (0#1) [/home/stonepine/intrinsic-memory-SNNs/common/sv/host_if/uart_accel_ctrl.sv:1]
INFO: [Synth 8-6155] done synthesizing module 'top_uart_accel_wrapper' (0#1) [/home/stonepine/intrinsic-memory-SNNs/common/sv/host_if/top_uart_accel_wrapper.sv:1]
INFO: [Synth 8-6155] done synthesizing module 'board_top_bitshift_64_32_4' (0#1) [/home/stonepine/intrinsic-memory-SNNs/3_benchmarking_on_FPGA/sv/board_top_bitshift_64_32_4.sv:24]
WARNING: [Synth 8-6014] Unused sequential element membrane_potential_reg was removed.  [/home/stonepine/intrinsic-memory-SNNs/common/sv/neurons/bitshift_lif.sv:272]
WARNING: [Synth 8-6014] Unused sequential element membrane_potential_reg was removed.  [/home/stonepine/intrinsic-memory-SNNs/common/sv/neurons/bitshift_lif.sv:272]
WARNING: [Synth 8-6014] Unused sequential element neuron_idx_reg was removed.  [/home/stonepine/intrinsic-memory-SNNs/common/sv/q_accumulator.sv:188]
WARNING: [Synth 8-6014] Unused sequential element rsp_len_reg was removed.  [/home/stonepine/intrinsic-memory-SNNs/common/sv/host_if/uart_accel_ctrl.sv:178]
WARNING: [Synth 8-6014] Unused sequential element reg_ok_reg was removed.  [/home/stonepine/intrinsic-memory-SNNs/common/sv/host_if/uart_accel_ctrl.sv:303]
WARNING: [Synth 8-6014] Unused sequential element reg_byte_reg was removed.  [/home/stonepine/intrinsic-memory-SNNs/common/sv/host_if/uart_accel_ctrl.sv:356]
WARNING: [Synth 8-7137] Register tx_frame_reg[0] in module uart_accel_ctrl has both Set and reset with same priority. This may cause simulation mismatches. Consider rewriting code  [/home/stonepine/intrinsic-memory-SNNs/common/sv/host_if/uart_accel_ctrl.sv:148]
WARNING: [Synth 8-7137] Register tx_frame_reg[1] in module uart_accel_ctrl has both Set and reset with same priority. This may cause simulation mismatches. Consider rewriting code  [/home/stonepine/intrinsic-memory-SNNs/common/sv/host_if/uart_accel_ctrl.sv:148]
WARNING: [Synth 8-7137] Register tx_frame_reg[2] in module uart_accel_ctrl has both Set and reset with same priority. This may cause simulation mismatches. Consider rewriting code  [/home/stonepine/intrinsic-memory-SNNs/common/sv/host_if/uart_accel_ctrl.sv:148]
WARNING: [Synth 8-7137] Register tx_frame_reg[3] in module uart_accel_ctrl has both Set and reset with same priority. This may cause simulation mismatches. Consider rewriting code  [/home/stonepine/intrinsic-memory-SNNs/common/sv/host_if/uart_accel_ctrl.sv:148]
WARNING: [Synth 8-7137] Register tx_frame_reg[4] in module uart_accel_ctrl has both Set and reset with same priority. This may cause simulation mismatches. Consider rewriting code  [/home/stonepine/intrinsic-memory-SNNs/common/sv/host_if/uart_accel_ctrl.sv:148]
WARNING: [Synth 8-7137] Register tx_frame_reg[5] in module uart_accel_ctrl has both Set and reset with same priority. This may cause simulation mismatches. Consider rewriting code  [/home/stonepine/intrinsic-memory-SNNs/common/sv/host_if/uart_accel_ctrl.sv:148]
WARNING: [Synth 8-7137] Register tx_frame_reg[6] in module uart_accel_ctrl has both Set and reset with same priority. This may cause simulation mismatches. Consider rewriting code  [/home/stonepine/intrinsic-memory-SNNs/common/sv/host_if/uart_accel_ctrl.sv:148]
WARNING: [Synth 8-7137] Register tx_frame_reg[7] in module uart_accel_ctrl has both Set and reset with same priority. This may cause simulation mismatches. Consider rewriting code  [/home/stonepine/intrinsic-memory-SNNs/common/sv/host_if/uart_accel_ctrl.sv:148]
WARNING: [Synth 8-7137] Register tx_frame_reg[8] in module uart_accel_ctrl has both Set and reset with same priority. This may cause simulation mismatches. Consider rewriting code  [/home/stonepine/intrinsic-memory-SNNs/common/sv/host_if/uart_accel_ctrl.sv:148]
WARNING: [Synth 8-7137] Register tx_frame_reg[9] in module uart_accel_ctrl has both Set and reset with same priority. This may cause simulation mismatches. Consider rewriting code  [/home/stonepine/intrinsic-memory-SNNs/common/sv/host_if/uart_accel_ctrl.sv:148]
WARNING: [Synth 8-7137] Register tx_frame_reg[10] in module uart_accel_ctrl has both Set and reset with same priority. This may cause simulation mismatches. Consider rewriting code  [/home/stonepine/intrinsic-memory-SNNs/common/sv/host_if/uart_accel_ctrl.sv:148]
WARNING: [Synth 8-7137] Register tx_frame_reg[11] in module uart_accel_ctrl has both Set and reset with same priority. This may cause simulation mismatches. Consider rewriting code  [/home/stonepine/intrinsic-memory-SNNs/common/sv/host_if/uart_accel_ctrl.sv:148]
WARNING: [Synth 8-7137] Register tx_frame_reg[12] in module uart_accel_ctrl has both Set and reset with same priority. This may cause simulation mismatches. Consider rewriting code  [/home/stonepine/intrinsic-memory-SNNs/common/sv/host_if/uart_accel_ctrl.sv:148]
WARNING: [Synth 8-7137] Register tx_frame_reg[13] in module uart_accel_ctrl has both Set and reset with same priority. This may cause simulation mismatches. Consider rewriting code  [/home/stonepine/intrinsic-memory-SNNs/common/sv/host_if/uart_accel_ctrl.sv:148]
WARNING: [Synth 8-7137] Register tx_frame_reg[14] in module uart_accel_ctrl has both Set and reset with same priority. This may cause simulation mismatches. Consider rewriting code  [/home/stonepine/intrinsic-memory-SNNs/common/sv/host_if/uart_accel_ctrl.sv:148]
WARNING: [Synth 8-7137] Register tx_frame_reg[15] in module uart_accel_ctrl has both Set and reset with same priority. This may cause simulation mismatches. Consider rewriting code  [/home/stonepine/intrinsic-memory-SNNs/common/sv/host_if/uart_accel_ctrl.sv:148]
WARNING: [Synth 8-7137] Register tx_frame_reg[16] in module uart_accel_ctrl has both Set and reset with same priority. This may cause simulation mismatches. Consider rewriting code  [/home/stonepine/intrinsic-memory-SNNs/common/sv/host_if/uart_accel_ctrl.sv:148]
WARNING: [Synth 8-7137] Register tx_frame_reg[17] in module uart_accel_ctrl has both Set and reset with same priority. This may cause simulation mismatches. Consider rewriting code  [/home/stonepine/intrinsic-memory-SNNs/common/sv/host_if/uart_accel_ctrl.sv:148]
WARNING: [Synth 8-7137] Register tx_frame_reg[18] in module uart_accel_ctrl has both Set and reset with same priority. This may cause simulation mismatches. Consider rewriting code  [/home/stonepine/intrinsic-memory-SNNs/common/sv/host_if/uart_accel_ctrl.sv:148]
WARNING: [Synth 8-7137] Register tx_frame_reg[19] in module uart_accel_ctrl has both Set and reset with same priority. This may cause simulation mismatches. Consider rewriting code  [/home/stonepine/intrinsic-memory-SNNs/common/sv/host_if/uart_accel_ctrl.sv:148]
WARNING: [Synth 8-7137] Register tx_frame_reg[20] in module uart_accel_ctrl has both Set and reset with same priority. This may cause simulation mismatches. Consider rewriting code  [/home/stonepine/intrinsic-memory-SNNs/common/sv/host_if/uart_accel_ctrl.sv:148]
WARNING: [Synth 8-7137] Register tx_frame_reg[21] in module uart_accel_ctrl has both Set and reset with same priority. This may cause simulation mismatches. Consider rewriting code  [/home/stonepine/intrinsic-memory-SNNs/common/sv/host_if/uart_accel_ctrl.sv:148]
WARNING: [Synth 8-7137] Register tx_frame_reg[22] in module uart_accel_ctrl has both Set and reset with same priority. This may cause simulation mismatches. Consider rewriting code  [/home/stonepine/intrinsic-memory-SNNs/common/sv/host_if/uart_accel_ctrl.sv:148]
WARNING: [Synth 8-7137] Register tx_frame_reg[23] in module uart_accel_ctrl has both Set and reset with same priority. This may cause simulation mismatches. Consider rewriting code  [/home/stonepine/intrinsic-memory-SNNs/common/sv/host_if/uart_accel_ctrl.sv:148]
WARNING: [Synth 8-7137] Register tx_frame_reg[24] in module uart_accel_ctrl has both Set and reset with same priority. This may cause simulation mismatches. Consider rewriting code  [/home/stonepine/intrinsic-memory-SNNs/common/sv/host_if/uart_accel_ctrl.sv:148]
WARNING: [Synth 8-7137] Register tx_frame_reg[25] in module uart_accel_ctrl has both Set and reset with same priority. This may cause simulation mismatches. Consider rewriting code  [/home/stonepine/intrinsic-memory-SNNs/common/sv/host_if/uart_accel_ctrl.sv:148]
WARNING: [Synth 8-7137] Register tx_frame_reg[26] in module uart_accel_ctrl has both Set and reset with same priority. This may cause simulation mismatches. Consider rewriting code  [/home/stonepine/intrinsic-memory-SNNs/common/sv/host_if/uart_accel_ctrl.sv:148]
WARNING: [Synth 8-7137] Register tx_frame_reg[27] in module uart_accel_ctrl has both Set and reset with same priority. This may cause simulation mismatches. Consider rewriting code  [/home/stonepine/intrinsic-memory-SNNs/common/sv/host_if/uart_accel_ctrl.sv:148]
WARNING: [Synth 8-7137] Register tx_frame_reg[28] in module uart_accel_ctrl has both Set and reset with same priority. This may cause simulation mismatches. Consider rewriting code  [/home/stonepine/intrinsic-memory-SNNs/common/sv/host_if/uart_accel_ctrl.sv:148]
WARNING: [Synth 8-7137] Register tx_frame_reg[29] in module uart_accel_ctrl has both Set and reset with same priority. This may cause simulation mismatches. Consider rewriting code  [/home/stonepine/intrinsic-memory-SNNs/common/sv/host_if/uart_accel_ctrl.sv:148]
WARNING: [Synth 8-7137] Register tx_frame_reg[30] in module uart_accel_ctrl has both Set and reset with same priority. This may cause simulation mismatches. Consider rewriting code  [/home/stonepine/intrinsic-memory-SNNs/common/sv/host_if/uart_accel_ctrl.sv:148]
WARNING: [Synth 8-7137] Register tx_frame_reg[31] in module uart_accel_ctrl has both Set and reset with same priority. This may cause simulation mismatches. Consider rewriting code  [/home/stonepine/intrinsic-memory-SNNs/common/sv/host_if/uart_accel_ctrl.sv:148]
WARNING: [Synth 8-7137] Register tx_frame_reg[32] in module uart_accel_ctrl has both Set and reset with same priority. This may cause simulation mismatches. Consider rewriting code  [/home/stonepine/intrinsic-memory-SNNs/common/sv/host_if/uart_accel_ctrl.sv:148]
WARNING: [Synth 8-7137] Register tx_frame_reg[33] in module uart_accel_ctrl has both Set and reset with same priority. This may cause simulation mismatches. Consider rewriting code  [/home/stonepine/intrinsic-memory-SNNs/common/sv/host_if/uart_accel_ctrl.sv:148]
WARNING: [Synth 8-7137] Register tx_frame_reg[34] in module uart_accel_ctrl has both Set and reset with same priority. This may cause simulation mismatches. Consider rewriting code  [/home/stonepine/intrinsic-memory-SNNs/common/sv/host_if/uart_accel_ctrl.sv:148]
WARNING: [Synth 8-7137] Register tx_frame_reg[35] in module uart_accel_ctrl has both Set and reset with same priority. This may cause simulation mismatches. Consider rewriting code  [/home/stonepine/intrinsic-memory-SNNs/common/sv/host_if/uart_accel_ctrl.sv:148]
WARNING: [Synth 8-7137] Register tx_frame_reg[36] in module uart_accel_ctrl has both Set and reset with same priority. This may cause simulation mismatches. Consider rewriting code  [/home/stonepine/intrinsic-memory-SNNs/common/sv/host_if/uart_accel_ctrl.sv:148]
WARNING: [Synth 8-7137] Register tx_frame_reg[37] in module uart_accel_ctrl has both Set and reset with same priority. This may cause simulation mismatches. Consider rewriting code  [/home/stonepine/intrinsic-memory-SNNs/common/sv/host_if/uart_accel_ctrl.sv:148]
WARNING: [Synth 8-7137] Register tx_frame_reg[38] in module uart_accel_ctrl has both Set and reset with same priority. This may cause simulation mismatches. Consider rewriting code  [/home/stonepine/intrinsic-memory-SNNs/common/sv/host_if/uart_accel_ctrl.sv:148]
WARNING: [Synth 8-7137] Register tx_frame_reg[39] in module uart_accel_ctrl has both Set and reset with same priority. This may cause simulation mismatches. Consider rewriting code  [/home/stonepine/intrinsic-memory-SNNs/common/sv/host_if/uart_accel_ctrl.sv:148]
WARNING: [Synth 8-7137] Register tx_frame_reg[40] in module uart_accel_ctrl has both Set and reset with same priority. This may cause simulation mismatches. Consider rewriting code  [/home/stonepine/intrinsic-memory-SNNs/common/sv/host_if/uart_accel_ctrl.sv:148]
WARNING: [Synth 8-7137] Register tx_frame_reg[41] in module uart_accel_ctrl has both Set and reset with same priority. This may cause simulation mismatches. Consider rewriting code  [/home/stonepine/intrinsic-memory-SNNs/common/sv/host_if/uart_accel_ctrl.sv:148]
WARNING: [Synth 8-7137] Register tx_frame_reg[42] in module uart_accel_ctrl has both Set and reset with same priority. This may cause simulation mismatches. Consider rewriting code  [/home/stonepine/intrinsic-memory-SNNs/common/sv/host_if/uart_accel_ctrl.sv:148]
WARNING: [Synth 8-7137] Register tx_frame_reg[43] in module uart_accel_ctrl has both Set and reset with same priority. This may cause simulation mismatches. Consider rewriting code  [/home/stonepine/intrinsic-memory-SNNs/common/sv/host_if/uart_accel_ctrl.sv:148]
WARNING: [Synth 8-7137] Register tx_frame_reg[44] in module uart_accel_ctrl has both Set and reset with same priority. This may cause simulation mismatches. Consider rewriting code  [/home/stonepine/intrinsic-memory-SNNs/common/sv/host_if/uart_accel_ctrl.sv:148]
WARNING: [Synth 8-7137] Register tx_frame_reg[45] in module uart_accel_ctrl has both Set and reset with same priority. This may cause simulation mismatches. Consider rewriting code  [/home/stonepine/intrinsic-memory-SNNs/common/sv/host_if/uart_accel_ctrl.sv:148]
WARNING: [Synth 8-7137] Register tx_frame_reg[46] in module uart_accel_ctrl has both Set and reset with same priority. This may cause simulation mismatches. Consider rewriting code  [/home/stonepine/intrinsic-memory-SNNs/common/sv/host_if/uart_accel_ctrl.sv:148]
WARNING: [Synth 8-7137] Register tx_frame_reg[47] in module uart_accel_ctrl has both Set and reset with same priority. This may cause simulation mismatches. Consider rewriting code  [/home/stonepine/intrinsic-memory-SNNs/common/sv/host_if/uart_accel_ctrl.sv:148]
WARNING: [Synth 8-7137] Register tx_frame_reg[48] in module uart_accel_ctrl has both Set and reset with same priority. This may cause simulation mismatches. Consider rewriting code  [/home/stonepine/intrinsic-memory-SNNs/common/sv/host_if/uart_accel_ctrl.sv:148]
WARNING: [Synth 8-7137] Register tx_frame_reg[49] in module uart_accel_ctrl has both Set and reset with same priority. This may cause simulation mismatches. Consider rewriting code  [/home/stonepine/intrinsic-memory-SNNs/common/sv/host_if/uart_accel_ctrl.sv:148]
WARNING: [Synth 8-7137] Register tx_frame_reg[50] in module uart_accel_ctrl has both Set and reset with same priority. This may cause simulation mismatches. Consider rewriting code  [/home/stonepine/intrinsic-memory-SNNs/common/sv/host_if/uart_accel_ctrl.sv:148]
WARNING: [Synth 8-7137] Register tx_frame_reg[51] in module uart_accel_ctrl has both Set and reset with same priority. This may cause simulation mismatches. Consider rewriting code  [/home/stonepine/intrinsic-memory-SNNs/common/sv/host_if/uart_accel_ctrl.sv:148]
WARNING: [Synth 8-7137] Register tx_frame_reg[52] in module uart_accel_ctrl has both Set and reset with same priority. This may cause simulation mismatches. Consider rewriting code  [/home/stonepine/intrinsic-memory-SNNs/common/sv/host_if/uart_accel_ctrl.sv:148]
WARNING: [Synth 8-7137] Register tx_frame_reg[53] in module uart_accel_ctrl has both Set and reset with same priority. This may cause simulation mismatches. Consider rewriting code  [/home/stonepine/intrinsic-memory-SNNs/common/sv/host_if/uart_accel_ctrl.sv:148]
WARNING: [Synth 8-7137] Register tx_frame_reg[54] in module uart_accel_ctrl has both Set and reset with same priority. This may cause simulation mismatches. Consider rewriting code  [/home/stonepine/intrinsic-memory-SNNs/common/sv/host_if/uart_accel_ctrl.sv:148]
WARNING: [Synth 8-7137] Register tx_frame_reg[55] in module uart_accel_ctrl has both Set and reset with same priority. This may cause simulation mismatches. Consider rewriting code  [/home/stonepine/intrinsic-memory-SNNs/common/sv/host_if/uart_accel_ctrl.sv:148]
WARNING: [Synth 8-7137] Register tx_frame_reg[56] in module uart_accel_ctrl has both Set and reset with same priority. This may cause simulation mismatches. Consider rewriting code  [/home/stonepine/intrinsic-memory-SNNs/common/sv/host_if/uart_accel_ctrl.sv:148]
WARNING: [Synth 8-7137] Register tx_frame_reg[57] in module uart_accel_ctrl has both Set and reset with same priority. This may cause simulation mismatches. Consider rewriting code  [/home/stonepine/intrinsic-memory-SNNs/common/sv/host_if/uart_accel_ctrl.sv:148]
WARNING: [Synth 8-7137] Register tx_frame_reg[58] in module uart_accel_ctrl has both Set and reset with same priority. This may cause simulation mismatches. Consider rewriting code  [/home/stonepine/intrinsic-memory-SNNs/common/sv/host_if/uart_accel_ctrl.sv:148]
WARNING: [Synth 8-7137] Register tx_frame_reg[59] in module uart_accel_ctrl has both Set and reset with same priority. This may cause simulation mismatches. Consider rewriting code  [/home/stonepine/intrinsic-memory-SNNs/common/sv/host_if/uart_accel_ctrl.sv:148]
WARNING: [Synth 8-7137] Register tx_frame_reg[60] in module uart_accel_ctrl has both Set and reset with same priority. This may cause simulation mismatches. Consider rewriting code  [/home/stonepine/intrinsic-memory-SNNs/common/sv/host_if/uart_accel_ctrl.sv:148]
WARNING: [Synth 8-7137] Register tx_frame_reg[61] in module uart_accel_ctrl has both Set and reset with same priority. This may cause simulation mismatches. Consider rewriting code  [/home/stonepine/intrinsic-memory-SNNs/common/sv/host_if/uart_accel_ctrl.sv:148]
WARNING: [Synth 8-7137] Register tx_frame_reg[62] in module uart_accel_ctrl has both Set and reset with same priority. This may cause simulation mismatches. Consider rewriting code  [/home/stonepine/intrinsic-memory-SNNs/common/sv/host_if/uart_accel_ctrl.sv:148]
WARNING: [Synth 8-7137] Register tx_frame_reg[63] in module uart_accel_ctrl has both Set and reset with same priority. This may cause simulation mismatches. Consider rewriting code  [/home/stonepine/intrinsic-memory-SNNs/common/sv/host_if/uart_accel_ctrl.sv:148]
WARNING: [Synth 8-7137] Register tx_frame_reg[64] in module uart_accel_ctrl has both Set and reset with same priority. This may cause simulation mismatches. Consider rewriting code  [/home/stonepine/intrinsic-memory-SNNs/common/sv/host_if/uart_accel_ctrl.sv:148]
WARNING: [Synth 8-7137] Register tx_frame_reg[65] in module uart_accel_ctrl has both Set and reset with same priority. This may cause simulation mismatches. Consider rewriting code  [/home/stonepine/intrinsic-memory-SNNs/common/sv/host_if/uart_accel_ctrl.sv:148]
WARNING: [Synth 8-7137] Register tx_frame_reg[66] in module uart_accel_ctrl has both Set and reset with same priority. This may cause simulation mismatches. Consider rewriting code  [/home/stonepine/intrinsic-memory-SNNs/common/sv/host_if/uart_accel_ctrl.sv:148]
WARNING: [Synth 8-7137] Register tx_frame_reg[67] in module uart_accel_ctrl has both Set and reset with same priority. This may cause simulation mismatches. Consider rewriting code  [/home/stonepine/intrinsic-memory-SNNs/common/sv/host_if/uart_accel_ctrl.sv:148]
WARNING: [Synth 8-3917] design board_top_bitshift_64_32_4 has port LED[14] driven by constant 0
WARNING: [Synth 8-3917] design board_top_bitshift_64_32_4 has port LED[13] driven by constant 0
WARNING: [Synth 8-3917] design board_top_bitshift_64_32_4 has port LED[12] driven by constant 0
WARNING: [Synth 8-3917] design board_top_bitshift_64_32_4 has port LED[11] driven by constant 0
WARNING: [Synth 8-3917] design board_top_bitshift_64_32_4 has port LED[10] driven by constant 0
WARNING: [Synth 8-3917] design board_top_bitshift_64_32_4 has port LED[9] driven by constant 0
WARNING: [Synth 8-3917] design board_top_bitshift_64_32_4 has port LED[8] driven by constant 0
WARNING: [Synth 8-3917] design board_top_bitshift_64_32_4 has port LED[7] driven by constant 0
WARNING: [Synth 8-3917] design board_top_bitshift_64_32_4 has port LED[6] driven by constant 0
WARNING: [Synth 8-3917] design board_top_bitshift_64_32_4 has port LED[5] driven by constant 0
WARNING: [Synth 8-3917] design board_top_bitshift_64_32_4 has port LED[4] driven by constant 0
WARNING: [Synth 8-3917] design board_top_bitshift_64_32_4 has port LED[3] driven by constant 0
WARNING: [Synth 8-3917] design board_top_bitshift_64_32_4 has port LED[2] driven by constant 0
---------------------------------------------------------------------------------
Finished RTL Elaboration : Time (s): cpu = 00:00:14 ; elapsed = 00:00:15 . Memory (MB): peak = 2433.730 ; gain = 734.250 ; free physical = 3123 ; free virtual = 10203
---------------------------------------------------------------------------------
---------------------------------------------------------------------------------
Start Handling Custom Attributes
---------------------------------------------------------------------------------
---------------------------------------------------------------------------------
Finished Handling Custom Attributes : Time (s): cpu = 00:00:14 ; elapsed = 00:00:15 . Memory (MB): peak = 2439.668 ; gain = 740.188 ; free physical = 3130 ; free virtual = 10209
---------------------------------------------------------------------------------
---------------------------------------------------------------------------------
Finished RTL Optimization Phase 1 : Time (s): cpu = 00:00:14 ; elapsed = 00:00:15 . Memory (MB): peak = 2439.668 ; gain = 740.188 ; free physical = 3130 ; free virtual = 10209
---------------------------------------------------------------------------------
Netlist sorting complete. Time (s): cpu = 00:00:00.49 ; elapsed = 00:00:00.5 . Memory (MB): peak = 2439.668 ; gain = 0.000 ; free physical = 3192 ; free virtual = 10274
INFO: [Project 1-570] Preparing netlist for logic optimization

Processing XDC Constraints
Initializing timing engine
Parsing XDC File [/home/stonepine/intrinsic-memory-SNNs/3_benchmarking_on_FPGA/constraints/nexys_a7_general.xdc]
Finished Parsing XDC File [/home/stonepine/intrinsic-memory-SNNs/3_benchmarking_on_FPGA/constraints/nexys_a7_general.xdc]
INFO: [Project 1-236] Implementation specific constraints were found while reading constraint file [/home/stonepine/intrinsic-memory-SNNs/3_benchmarking_on_FPGA/constraints/nexys_a7_general.xdc]. These constraints will be ignored for synthesis but will be used in implementation. Impacted constraints are listed in the file [.Xil/board_top_bitshift_64_32_4_propImpl.xdc].
Resolution: To avoid this warning, move constraints listed in [.Xil/board_top_bitshift_64_32_4_propImpl.xdc] to another XDC file and exclude this new file from synthesis with the used_in_synthesis property (File Properties dialog in GUI) and re-run elaboration/synthesis.
Completed Processing XDC Constraints

Netlist sorting complete. Time (s): cpu = 00:00:00.01 ; elapsed = 00:00:00.02 . Memory (MB): peak = 2602.102 ; gain = 0.000 ; free physical = 3143 ; free virtual = 10225
INFO: [Project 1-111] Unisim Transformation Summary:
No Unisim elements were transformed.

Constraint Validation Runtime : Time (s): cpu = 00:00:00.14 ; elapsed = 00:00:00.13 . Memory (MB): peak = 2602.137 ; gain = 0.000 ; free physical = 3143 ; free virtual = 10225
---------------------------------------------------------------------------------
Finished Constraint Validation : Time (s): cpu = 00:00:26 ; elapsed = 00:00:25 . Memory (MB): peak = 2602.137 ; gain = 902.656 ; free physical = 3174 ; free virtual = 10254
---------------------------------------------------------------------------------
---------------------------------------------------------------------------------
Start Loading Part and Timing Information
---------------------------------------------------------------------------------
Loading part: xc7a100tcsg324-1
---------------------------------------------------------------------------------
Finished Loading Part and Timing Information : Time (s): cpu = 00:00:26 ; elapsed = 00:00:25 . Memory (MB): peak = 2610.105 ; gain = 910.625 ; free physical = 3174 ; free virtual = 10254
---------------------------------------------------------------------------------
---------------------------------------------------------------------------------
Start Applying 'set_property' XDC Constraints
---------------------------------------------------------------------------------
---------------------------------------------------------------------------------
Finished applying 'set_property' XDC Constraints : Time (s): cpu = 00:00:26 ; elapsed = 00:00:25 . Memory (MB): peak = 2610.105 ; gain = 910.625 ; free physical = 3174 ; free virtual = 10254
---------------------------------------------------------------------------------
INFO: [Synth 8-802] inferred FSM for state register 'state_reg' in module 'bitshift_lif'
INFO: [Synth 8-802] inferred FSM for state register 'state_reg' in module 'bitshift_lif__parameterized0'
INFO: [Synth 8-802] inferred FSM for state register 'state_reg' in module 'linear_layer'
INFO: [Synth 8-802] inferred FSM for state register 'state_reg' in module 'linear_layer__parameterized0'
INFO: [Synth 8-802] inferred FSM for state register 'state_reg' in module 'q_accumulator'
INFO: [Synth 8-802] inferred FSM for state register 'state_reg' in module 'neural_network_bitshift'
INFO: [Synth 8-802] inferred FSM for state register 'state_reg' in module 'uart_rx'
INFO: [Synth 8-802] inferred FSM for state register 'state_reg' in module 'uart_tx'
INFO: [Synth 8-802] inferred FSM for state register 'rx_state_reg' in module 'uart_accel_ctrl'
---------------------------------------------------------------------------------------------------
                   State |                     New Encoding |                Previous Encoding 
---------------------------------------------------------------------------------------------------
*
                 ST_IDLE |                          0000001 |                          0000001
                ST_ACCUM |                          0000010 |                          0000010
             ST_PREP_NUM |                          0000100 |                          0000100
            ST_MUL_RECIP |                          0001000 |                          0001000
            ST_SHIFT_DIV |                          0010000 |                          0010000
                 ST_POST |                          0100000 |                          0100000
            ST_WRITEBACK |                          1000000 |                          1000000
---------------------------------------------------------------------------------------------------
INFO: [Synth 8-3898] No Re-encoding of one hot register 'state_reg' in module 'bitshift_lif'
---------------------------------------------------------------------------------------------------
                   State |                     New Encoding |                Previous Encoding 
---------------------------------------------------------------------------------------------------
*
                 ST_IDLE |                          0000001 |                          0000001
                ST_ACCUM |                          0000010 |                          0000010
             ST_PREP_NUM |                          0000100 |                          0000100
            ST_MUL_RECIP |                          0001000 |                          0001000
            ST_SHIFT_DIV |                          0010000 |                          0010000
                 ST_POST |                          0100000 |                          0100000
            ST_WRITEBACK |                          1000000 |                          1000000
---------------------------------------------------------------------------------------------------
INFO: [Synth 8-3898] No Re-encoding of one hot register 'state_reg' in module 'bitshift_lif__parameterized0'
---------------------------------------------------------------------------------------------------
                   State |                     New Encoding |                Previous Encoding 
---------------------------------------------------------------------------------------------------
                    IDLE |                              001 |                               00
               COMPUTING |                              010 |                               01
                    EMIT |                              100 |                               10
---------------------------------------------------------------------------------------------------
INFO: [Synth 8-3354] encoded FSM with state register 'state_reg' using encoding 'one-hot' in module 'linear_layer'
---------------------------------------------------------------------------------------------------
                   State |                     New Encoding |                Previous Encoding 
---------------------------------------------------------------------------------------------------
                    IDLE |                              001 |                               00
               COMPUTING |                              010 |                               01
                    EMIT |                              100 |                               10
---------------------------------------------------------------------------------------------------
INFO: [Synth 8-3354] encoded FSM with state register 'state_reg' using encoding 'one-hot' in module 'linear_layer__parameterized0'
---------------------------------------------------------------------------------------------------
                   State |                     New Encoding |                Previous Encoding 
---------------------------------------------------------------------------------------------------
                    IDLE |                               00 |                               00
              PROCESSING |                               01 |                               01
           NEXT_TIMESTEP |                               10 |                               10
              DONE_STATE |                               11 |                               11
---------------------------------------------------------------------------------------------------
INFO: [Synth 8-3354] encoded FSM with state register 'state_reg' using encoding 'sequential' in module 'q_accumulator'
---------------------------------------------------------------------------------------------------
                   State |                     New Encoding |                Previous Encoding 
---------------------------------------------------------------------------------------------------
                    IDLE |                            00001 |                              000
                LOAD_HL1 |                            00010 |                              001
           RUN_TIMESTEPS |                            00100 |                              010
                FINISH_Q |                            01000 |                              011
              DONE_STATE |                            10000 |                              100
---------------------------------------------------------------------------------------------------
INFO: [Synth 8-3354] encoded FSM with state register 'state_reg' using encoding 'one-hot' in module 'neural_network_bitshift'
---------------------------------------------------------------------------------------------------
                   State |                     New Encoding |                Previous Encoding 
---------------------------------------------------------------------------------------------------
                 RX_IDLE |                               00 |                              000
                RX_START |                               01 |                              001
                 RX_DATA |                               10 |                              010
                 RX_STOP |                               11 |                              011
---------------------------------------------------------------------------------------------------
INFO: [Synth 8-3354] encoded FSM with state register 'state_reg' using encoding 'sequential' in module 'uart_rx'
---------------------------------------------------------------------------------------------------
                   State |                     New Encoding |                Previous Encoding 
---------------------------------------------------------------------------------------------------
                 TX_IDLE |                               00 |                              000
                TX_START |                               01 |                              001
                 TX_DATA |                               10 |                              010
                 TX_STOP |                               11 |                              011
---------------------------------------------------------------------------------------------------
INFO: [Synth 8-3354] encoded FSM with state register 'state_reg' using encoding 'sequential' in module 'uart_tx'
---------------------------------------------------------------------------------------------------
                   State |                     New Encoding |                Previous Encoding 
---------------------------------------------------------------------------------------------------
             RX_WAIT_SOF |                              000 |                              000
           RX_GET_OPCODE |                              001 |                              001
             RX_GET_ADDR |                              010 |                              010
              RX_GET_LEN |                              011 |                              011
          RX_GET_PAYLOAD |                              100 |                              100
             RX_GET_CSUM |                              101 |                              101
---------------------------------------------------------------------------------------------------
INFO: [Synth 8-3354] encoded FSM with state register 'rx_state_reg' using encoding 'sequential' in module 'uart_accel_ctrl'
---------------------------------------------------------------------------------
Finished RTL Optimization Phase 2 : Time (s): cpu = 00:00:41 ; elapsed = 00:00:40 . Memory (MB): peak = 2610.105 ; gain = 910.625 ; free physical = 3128 ; free virtual = 10215
---------------------------------------------------------------------------------
---------------------------------------------------------------------------------
Start RTL Component Statistics 
---------------------------------------------------------------------------------
Detailed RTL Component Info : 
+---Adders : 
	   3 Input   52 Bit       Adders := 2     
	   3 Input   44 Bit       Adders := 96    
	   2 Input   39 Bit       Adders := 16    
	   2 Input   35 Bit       Adders := 16    
	   2 Input   26 Bit       Adders := 96    
	   2 Input    8 Bit       Adders := 4     
	   2 Input    7 Bit       Adders := 2     
	   2 Input    6 Bit       Adders := 1     
	   2 Input    5 Bit       Adders := 3     
	   2 Input    3 Bit       Adders := 2     
	   2 Input    2 Bit       Adders := 194   
	   3 Input    2 Bit       Adders := 96    
+---XORs : 
	   2 Input      8 Bit         XORs := 65    
	   3 Input      8 Bit         XORs := 1     
+---Registers : 
	               52 Bit    Registers := 2     
	               44 Bit    Registers := 192   
	               40 Bit    Registers := 2     
	               39 Bit    Registers := 16    
	               35 Bit    Registers := 16    
	               27 Bit    Registers := 96    
	               26 Bit    Registers := 96    
	               24 Bit    Registers := 1344  
	               20 Bit    Registers := 32    
	               16 Bit    Registers := 140   
	                8 Bit    Registers := 206   
	                7 Bit    Registers := 2     
	                6 Bit    Registers := 1     
	                5 Bit    Registers := 5     
	                3 Bit    Registers := 3     
	                2 Bit    Registers := 194   
	                1 Bit    Registers := 350   
+---Muxes : 
	   4 Input   52 Bit        Muxes := 2     
	   2 Input   44 Bit        Muxes := 192   
	   3 Input   39 Bit        Muxes := 16    
	   3 Input   35 Bit        Muxes := 16    
	   4 Input   32 Bit        Muxes := 96    
	   2 Input   26 Bit        Muxes := 96    
	   8 Input   26 Bit        Muxes := 96    
	   2 Input   24 Bit        Muxes := 352   
	   4 Input   24 Bit        Muxes := 96    
	   2 Input   20 Bit        Muxes := 96    
	   2 Input   17 Bit        Muxes := 64    
	   4 Input   16 Bit        Muxes := 1     
	   2 Input   16 Bit        Muxes := 876   
	   6 Input   16 Bit        Muxes := 4     
	  10 Input   16 Bit        Muxes := 4     
	   2 Input    8 Bit        Muxes := 52    
	   6 Input    8 Bit        Muxes := 4     
	   4 Input    8 Bit        Muxes := 1     
	   2 Input    7 Bit        Muxes := 96    
	   8 Input    7 Bit        Muxes := 96    
	   4 Input    7 Bit        Muxes := 2     
	   3 Input    6 Bit        Muxes := 1     
	   2 Input    5 Bit        Muxes := 2     
	   4 Input    5 Bit        Muxes := 2     
	   5 Input    5 Bit        Muxes := 2     
	   3 Input    3 Bit        Muxes := 2     
	   2 Input    3 Bit        Muxes := 105   
	   5 Input    3 Bit        Muxes := 1     
	   7 Input    3 Bit        Muxes := 1     
	   6 Input    3 Bit        Muxes := 2     
	   4 Input    3 Bit        Muxes := 2     
	   3 Input    2 Bit        Muxes := 2     
	   2 Input    2 Bit        Muxes := 391   
	   8 Input    2 Bit        Muxes := 96    
	   4 Input    2 Bit        Muxes := 3     
	   2 Input    1 Bit        Muxes := 3047  
	   3 Input    1 Bit        Muxes := 33    
	   8 Input    1 Bit        Muxes := 1344  
	   4 Input    1 Bit        Muxes := 21    
	   7 Input    1 Bit        Muxes := 9     
	   5 Input    1 Bit        Muxes := 13    
	   6 Input    1 Bit        Muxes := 142   
	  16 Input    1 Bit        Muxes := 37    
	  11 Input    1 Bit        Muxes := 1     
	  10 Input    1 Bit        Muxes := 1     
---------------------------------------------------------------------------------
Finished RTL Component Statistics 
---------------------------------------------------------------------------------
---------------------------------------------------------------------------------
Start Part Resource Summary
---------------------------------------------------------------------------------
Part Resources:
DSPs: 240 (col length:80)
BRAMs: 270 (col length: RAMB18 80 RAMB36 40)
---------------------------------------------------------------------------------
Finished Part Resource Summary
---------------------------------------------------------------------------------
---------------------------------------------------------------------------------
Start Cross Boundary and Area Optimization
---------------------------------------------------------------------------------
DSP Report: Generating DSP mul_scaled_result_reg0, operation Mode is: A*(B:0xccfb).
DSP Report: operator mul_scaled_result_reg0 is absorbed into DSP mul_scaled_result_reg0.
DSP Report: operator mul_scaled_result_reg0 is absorbed into DSP mul_scaled_result_reg0.
DSP Report: Generating DSP mul_scaled_result_reg0, operation Mode is: (PCIN>>17)+(A:0xccfb)*B.
DSP Report: operator mul_scaled_result_reg0 is absorbed into DSP mul_scaled_result_reg0.
DSP Report: operator mul_scaled_result_reg0 is absorbed into DSP mul_scaled_result_reg0.
DSP Report: Generating DSP mul_scaled_result_reg0, operation Mode is: A*(B:0xccfb).
DSP Report: operator mul_scaled_result_reg0 is absorbed into DSP mul_scaled_result_reg0.
DSP Report: operator mul_scaled_result_reg0 is absorbed into DSP mul_scaled_result_reg0.
DSP Report: Generating DSP mul_scaled_result_reg0, operation Mode is: (PCIN>>17)+(A:0xccfb)*B.
DSP Report: operator mul_scaled_result_reg0 is absorbed into DSP mul_scaled_result_reg0.
DSP Report: operator mul_scaled_result_reg0 is absorbed into DSP mul_scaled_result_reg0.
DSP Report: Generating DSP mul_scaled_result_reg0, operation Mode is: A*(B:0xccfb).
DSP Report: operator mul_scaled_result_reg0 is absorbed into DSP mul_scaled_result_reg0.
DSP Report: operator mul_scaled_result_reg0 is absorbed into DSP mul_scaled_result_reg0.
DSP Report: Generating DSP mul_scaled_result_reg0, operation Mode is: (PCIN>>17)+(A:0xccfb)*B.
DSP Report: operator mul_scaled_result_reg0 is absorbed into DSP mul_scaled_result_reg0.
DSP Report: operator mul_scaled_result_reg0 is absorbed into DSP mul_scaled_result_reg0.
DSP Report: Generating DSP mul_scaled_result_reg0, operation Mode is: A*(B:0xccfb).
DSP Report: operator mul_scaled_result_reg0 is absorbed into DSP mul_scaled_result_reg0.
DSP Report: operator mul_scaled_result_reg0 is absorbed into DSP mul_scaled_result_reg0.
DSP Report: Generating DSP mul_scaled_result_reg0, operation Mode is: (PCIN>>17)+(A:0xccfb)*B.
DSP Report: operator mul_scaled_result_reg0 is absorbed into DSP mul_scaled_result_reg0.
DSP Report: operator mul_scaled_result_reg0 is absorbed into DSP mul_scaled_result_reg0.
DSP Report: Generating DSP p_0_out, operation Mode is: A*B.
DSP Report: operator p_0_out is absorbed into DSP p_0_out.
DSP Report: Generating DSP p_0_out, operation Mode is: A*B.
DSP Report: operator p_0_out is absorbed into DSP p_0_out.
DSP Report: Generating DSP mul_scaled_result_reg0, operation Mode is: A*(B:0xccfb).
DSP Report: operator mul_scaled_result_reg0 is absorbed into DSP mul_scaled_result_reg0.
DSP Report: operator mul_scaled_result_reg0 is absorbed into DSP mul_scaled_result_reg0.
DSP Report: Generating DSP mul_scaled_result_reg0, operation Mode is: (PCIN>>17)+(A:0xccfb)*B.
DSP Report: operator mul_scaled_result_reg0 is absorbed into DSP mul_scaled_result_reg0.
DSP Report: operator mul_scaled_result_reg0 is absorbed into DSP mul_scaled_result_reg0.
DSP Report: Generating DSP mul_scaled_result_reg0, operation Mode is: A*(B:0xccfb).
DSP Report: operator mul_scaled_result_reg0 is absorbed into DSP mul_scaled_result_reg0.
DSP Report: operator mul_scaled_result_reg0 is absorbed into DSP mul_scaled_result_reg0.
DSP Report: Generating DSP mul_scaled_result_reg0, operation Mode is: (PCIN>>17)+(A:0xccfb)*B.
DSP Report: operator mul_scaled_result_reg0 is absorbed into DSP mul_scaled_result_reg0.
DSP Report: operator mul_scaled_result_reg0 is absorbed into DSP mul_scaled_result_reg0.
DSP Report: Generating DSP mul_scaled_result_reg0, operation Mode is: A*(B:0xccfb).
DSP Report: operator mul_scaled_result_reg0 is absorbed into DSP mul_scaled_result_reg0.
DSP Report: operator mul_scaled_result_reg0 is absorbed into DSP mul_scaled_result_reg0.
DSP Report: Generating DSP mul_scaled_result_reg0, operation Mode is: (PCIN>>17)+(A:0xccfb)*B.
DSP Report: operator mul_scaled_result_reg0 is absorbed into DSP mul_scaled_result_reg0.
DSP Report: operator mul_scaled_result_reg0 is absorbed into DSP mul_scaled_result_reg0.
DSP Report: Generating DSP mul_scaled_result_reg0, operation Mode is: A*(B:0xccfb).
DSP Report: operator mul_scaled_result_reg0 is absorbed into DSP mul_scaled_result_reg0.
DSP Report: operator mul_scaled_result_reg0 is absorbed into DSP mul_scaled_result_reg0.
DSP Report: Generating DSP mul_scaled_result_reg0, operation Mode is: (PCIN>>17)+(A:0xccfb)*B.
DSP Report: operator mul_scaled_result_reg0 is absorbed into DSP mul_scaled_result_reg0.
DSP Report: operator mul_scaled_result_reg0 is absorbed into DSP mul_scaled_result_reg0.
WARNING: [Synth 8-3917] design board_top_bitshift_64_32_4 has port LED[14] driven by constant 0
WARNING: [Synth 8-3917] design board_top_bitshift_64_32_4 has port LED[13] driven by constant 0
WARNING: [Synth 8-3917] design board_top_bitshift_64_32_4 has port LED[12] driven by constant 0
WARNING: [Synth 8-3917] design board_top_bitshift_64_32_4 has port LED[11] driven by constant 0
WARNING: [Synth 8-3917] design board_top_bitshift_64_32_4 has port LED[10] driven by constant 0
WARNING: [Synth 8-3917] design board_top_bitshift_64_32_4 has port LED[9] driven by constant 0
WARNING: [Synth 8-3917] design board_top_bitshift_64_32_4 has port LED[8] driven by constant 0
WARNING: [Synth 8-3917] design board_top_bitshift_64_32_4 has port LED[7] driven by constant 0
WARNING: [Synth 8-3917] design board_top_bitshift_64_32_4 has port LED[6] driven by constant 0
WARNING: [Synth 8-3917] design board_top_bitshift_64_32_4 has port LED[5] driven by constant 0
WARNING: [Synth 8-3917] design board_top_bitshift_64_32_4 has port LED[4] driven by constant 0
WARNING: [Synth 8-3917] design board_top_bitshift_64_32_4 has port LED[3] driven by constant 0
WARNING: [Synth 8-3917] design board_top_bitshift_64_32_4 has port LED[2] driven by constant 0
DSP Report: Generating DSP accums_reg[0]1, operation Mode is: C+A*B.
DSP Report: operator accums_reg[0]1 is absorbed into DSP accums_reg[0]1.
DSP Report: operator p_0_in is absorbed into DSP accums_reg[0]1.
DSP Report: Generating DSP accums_reg[1]1, operation Mode is: C+A*B.
DSP Report: operator accums_reg[1]1 is absorbed into DSP accums_reg[1]1.
DSP Report: operator p_0_in is absorbed into DSP accums_reg[1]1.
DSP Report: Generating DSP accums_reg[2]1, operation Mode is: C+A*B.
DSP Report: operator accums_reg[2]1 is absorbed into DSP accums_reg[2]1.
DSP Report: operator p_0_in is absorbed into DSP accums_reg[2]1.
DSP Report: Generating DSP accums_reg[3]1, operation Mode is: C+A*B.
DSP Report: operator accums_reg[3]1 is absorbed into DSP accums_reg[3]1.
DSP Report: operator p_0_in is absorbed into DSP accums_reg[3]1.
DSP Report: Generating DSP accums_reg[4]1, operation Mode is: C+A*B.
DSP Report: operator accums_reg[4]1 is absorbed into DSP accums_reg[4]1.
DSP Report: operator p_0_in is absorbed into DSP accums_reg[4]1.
DSP Report: Generating DSP accums_reg[5]1, operation Mode is: C+A*B.
DSP Report: operator accums_reg[5]1 is absorbed into DSP accums_reg[5]1.
DSP Report: operator p_0_in is absorbed into DSP accums_reg[5]1.
DSP Report: Generating DSP accums_reg[6]1, operation Mode is: C+A*B.
DSP Report: operator accums_reg[6]1 is absorbed into DSP accums_reg[6]1.
DSP Report: operator p_0_in is absorbed into DSP accums_reg[6]1.
DSP Report: Generating DSP accums_reg[7]1, operation Mode is: C+A*B.
DSP Report: operator accums_reg[7]1 is absorbed into DSP accums_reg[7]1.
DSP Report: operator p_0_in is absorbed into DSP accums_reg[7]1.
DSP Report: Generating DSP accums_reg[8]1, operation Mode is: C+A*B.
DSP Report: operator accums_reg[8]1 is absorbed into DSP accums_reg[8]1.
DSP Report: operator p_0_in is absorbed into DSP accums_reg[8]1.
DSP Report: Generating DSP accums_reg[9]1, operation Mode is: C+A*B.
DSP Report: operator accums_reg[9]1 is absorbed into DSP accums_reg[9]1.
DSP Report: operator p_0_in is absorbed into DSP accums_reg[9]1.
DSP Report: Generating DSP accums_reg[10]1, operation Mode is: C+A*B.
DSP Report: operator accums_reg[10]1 is absorbed into DSP accums_reg[10]1.
DSP Report: operator p_0_in is absorbed into DSP accums_reg[10]1.
DSP Report: Generating DSP accums_reg[11]1, operation Mode is: C+A*B.
DSP Report: operator accums_reg[11]1 is absorbed into DSP accums_reg[11]1.
DSP Report: operator p_0_in is absorbed into DSP accums_reg[11]1.
DSP Report: Generating DSP accums_reg[12]1, operation Mode is: C+A*B.
DSP Report: operator accums_reg[12]1 is absorbed into DSP accums_reg[12]1.
DSP Report: operator p_0_in is absorbed into DSP accums_reg[12]1.
DSP Report: Generating DSP accums_reg[13]1, operation Mode is: C+A*B.
DSP Report: operator accums_reg[13]1 is absorbed into DSP accums_reg[13]1.
DSP Report: operator p_0_in is absorbed into DSP accums_reg[13]1.
DSP Report: Generating DSP accums_reg[14]1, operation Mode is: C+A*B.
DSP Report: operator accums_reg[14]1 is absorbed into DSP accums_reg[14]1.
DSP Report: operator p_0_in is absorbed into DSP accums_reg[14]1.
DSP Report: Generating DSP accums_reg[15]1, operation Mode is: C+A*B.
DSP Report: operator accums_reg[15]1 is absorbed into DSP accums_reg[15]1.
DSP Report: operator p_0_in is absorbed into DSP accums_reg[15]1.
INFO: [Synth 8-5544] ROM "get_shift_amount_const" won't be mapped to Block RAM because address size (2) smaller than threshold (5)
DSP Report: Generating DSP mul_scaled_result_reg0, operation Mode is: A*(B:0xccfb).
DSP Report: operator mul_scaled_result_reg0 is absorbed into DSP mul_scaled_result_reg0.
DSP Report: operator mul_scaled_result_reg0 is absorbed into DSP mul_scaled_result_reg0.
DSP Report: Generating DSP mul_scaled_result_reg0, operation Mode is: (PCIN>>17)+(A:0xccfb)*B.
DSP Report: operator mul_scaled_result_reg0 is absorbed into DSP mul_scaled_result_reg0.
DSP Report: operator mul_scaled_result_reg0 is absorbed into DSP mul_scaled_result_reg0.
INFO: [Synth 8-5544] ROM "get_shift_amount_const" won't be mapped to Block RAM because address size (2) smaller than threshold (5)
DSP Report: Generating DSP mul_scaled_result_reg0, operation Mode is: A*(B:0xccfb).
DSP Report: operator mul_scaled_result_reg0 is absorbed into DSP mul_scaled_result_reg0.
DSP Report: operator mul_scaled_result_reg0 is absorbed into DSP mul_scaled_result_reg0.
DSP Report: Generating DSP mul_scaled_result_reg0, operation Mode is: (PCIN>>17)+(A:0xccfb)*B.
DSP Report: operator mul_scaled_result_reg0 is absorbed into DSP mul_scaled_result_reg0.
DSP Report: operator mul_scaled_result_reg0 is absorbed into DSP mul_scaled_result_reg0.
INFO: [Synth 8-5544] ROM "get_shift_amount_const" won't be mapped to Block RAM because address size (2) smaller than threshold (5)
DSP Report: Generating DSP mul_scaled_result_reg0, operation Mode is: A*(B:0xccfb).
DSP Report: operator mul_scaled_result_reg0 is absorbed into DSP mul_scaled_result_reg0.
DSP Report: operator mul_scaled_result_reg0 is absorbed into DSP mul_scaled_result_reg0.
DSP Report: Generating DSP mul_scaled_result_reg0, operation Mode is: (PCIN>>17)+(A:0xccfb)*B.
DSP Report: operator mul_scaled_result_reg0 is absorbed into DSP mul_scaled_result_reg0.
DSP Report: operator mul_scaled_result_reg0 is absorbed into DSP mul_scaled_result_reg0.
INFO: [Synth 8-5544] ROM "get_shift_amount_const" won't be mapped to Block RAM because address size (2) smaller than threshold (5)
DSP Report: Generating DSP mul_scaled_result_reg0, operation Mode is: A*(B:0xccfb).
DSP Report: operator mul_scaled_result_reg0 is absorbed into DSP mul_scaled_result_reg0.
DSP Report: operator mul_scaled_result_reg0 is absorbed into DSP mul_scaled_result_reg0.
DSP Report: Generating DSP mul_scaled_result_reg0, operation Mode is: (PCIN>>17)+(A:0xccfb)*B.
DSP Report: operator mul_scaled_result_reg0 is absorbed into DSP mul_scaled_result_reg0.
DSP Report: operator mul_scaled_result_reg0 is absorbed into DSP mul_scaled_result_reg0.
INFO: [Synth 8-5544] ROM "get_shift_amount_const" won't be mapped to Block RAM because address size (2) smaller than threshold (5)
DSP Report: Generating DSP mul_scaled_result_reg0, operation Mode is: A*(B:0xccfb).
DSP Report: operator mul_scaled_result_reg0 is absorbed into DSP mul_scaled_result_reg0.
DSP Report: operator mul_scaled_result_reg0 is absorbed into DSP mul_scaled_result_reg0.
DSP Report: Generating DSP mul_scaled_result_reg0, operation Mode is: (PCIN>>17)+(A:0xccfb)*B.
DSP Report: operator mul_scaled_result_reg0 is absorbed into DSP mul_scaled_result_reg0.
DSP Report: operator mul_scaled_result_reg0 is absorbed into DSP mul_scaled_result_reg0.
INFO: [Synth 8-5544] ROM "get_shift_amount_const" won't be mapped to Block RAM because address size (2) smaller than threshold (5)
DSP Report: Generating DSP mul_scaled_result_reg0, operation Mode is: A*(B:0xccfb).
DSP Report: operator mul_scaled_result_reg0 is absorbed into DSP mul_scaled_result_reg0.
DSP Report: operator mul_scaled_result_reg0 is absorbed into DSP mul_scaled_result_reg0.
DSP Report: Generating DSP mul_scaled_result_reg0, operation Mode is: (PCIN>>17)+(A:0xccfb)*B.
DSP Report: operator mul_scaled_result_reg0 is absorbed into DSP mul_scaled_result_reg0.
DSP Report: operator mul_scaled_result_reg0 is absorbed into DSP mul_scaled_result_reg0.
INFO: [Synth 8-5544] ROM "get_shift_amount_const" won't be mapped to Block RAM because address size (2) smaller than threshold (5)
DSP Report: Generating DSP mul_scaled_result_reg0, operation Mode is: A*(B:0xccfb).
DSP Report: operator mul_scaled_result_reg0 is absorbed into DSP mul_scaled_result_reg0.
DSP Report: operator mul_scaled_result_reg0 is absorbed into DSP mul_scaled_result_reg0.
DSP Report: Generating DSP mul_scaled_result_reg0, operation Mode is: (PCIN>>17)+(A:0xccfb)*B.
DSP Report: operator mul_scaled_result_reg0 is absorbed into DSP mul_scaled_result_reg0.
DSP Report: operator mul_scaled_result_reg0 is absorbed into DSP mul_scaled_result_reg0.
INFO: [Synth 8-5544] ROM "get_shift_amount_const" won't be mapped to Block RAM because address size (2) smaller than threshold (5)
DSP Report: Generating DSP mul_scaled_result_reg0, operation Mode is: A*(B:0xccfb).
DSP Report: operator mul_scaled_result_reg0 is absorbed into DSP mul_scaled_result_reg0.
DSP Report: operator mul_scaled_result_reg0 is absorbed into DSP mul_scaled_result_reg0.
DSP Report: Generating DSP mul_scaled_result_reg0, operation Mode is: (PCIN>>17)+(A:0xccfb)*B.
DSP Report: operator mul_scaled_result_reg0 is absorbed into DSP mul_scaled_result_reg0.
DSP Report: operator mul_scaled_result_reg0 is absorbed into DSP mul_scaled_result_reg0.
INFO: [Synth 8-5544] ROM "get_shift_amount_const" won't be mapped to Block RAM because address size (2) smaller than threshold (5)
DSP Report: Generating DSP mul_scaled_result_reg0, operation Mode is: A*(B:0xccfb).
DSP Report: operator mul_scaled_result_reg0 is absorbed into DSP mul_scaled_result_reg0.
DSP Report: operator mul_scaled_result_reg0 is absorbed into DSP mul_scaled_result_reg0.
DSP Report: Generating DSP mul_scaled_result_reg0, operation Mode is: (PCIN>>17)+(A:0xccfb)*B.
DSP Report: operator mul_scaled_result_reg0 is absorbed into DSP mul_scaled_result_reg0.
DSP Report: operator mul_scaled_result_reg0 is absorbed into DSP mul_scaled_result_reg0.
INFO: [Synth 8-3886] merging instance 'gen_hl1_lif[54].hl1_lif/current_latched_reg[15]' (FDCE) to 'gen_hl1_lif[54].hl1_lif/current_latched_reg[16]'
INFO: [Synth 8-3886] merging instance 'gen_hl1_lif[54].hl1_lif/current_latched_reg[16]' (FDCE) to 'gen_hl1_lif[54].hl1_lif/current_latched_reg[17]'
INFO: [Synth 8-3886] merging instance 'gen_hl1_lif[54].hl1_lif/current_latched_reg[17]' (FDCE) to 'gen_hl1_lif[54].hl1_lif/current_latched_reg[18]'
INFO: [Synth 8-3886] merging instance 'gen_hl1_lif[54].hl1_lif/current_latched_reg[18]' (FDCE) to 'gen_hl1_lif[54].hl1_lif/current_latched_reg[19]'
INFO: [Synth 8-3886] merging instance 'gen_hl1_lif[54].hl1_lif/current_latched_reg[19]' (FDCE) to 'gen_hl1_lif[54].hl1_lif/current_latched_reg[20]'
INFO: [Synth 8-3886] merging instance 'gen_hl1_lif[54].hl1_lif/current_latched_reg[20]' (FDCE) to 'gen_hl1_lif[54].hl1_lif/current_latched_reg[21]'
INFO: [Synth 8-3886] merging instance 'gen_hl1_lif[54].hl1_lif/current_latched_reg[21]' (FDCE) to 'gen_hl1_lif[54].hl1_lif/current_latched_reg[22]'
INFO: [Synth 8-3886] merging instance 'gen_hl1_lif[54].hl1_lif/current_latched_reg[22]' (FDCE) to 'gen_hl1_lif[54].hl1_lif/current_latched_reg[23]'
INFO: [Synth 8-3886] merging instance 'gen_hl1_lif[55].hl1_lif/current_latched_reg[15]' (FDCE) to 'gen_hl1_lif[55].hl1_lif/current_latched_reg[16]'
INFO: [Synth 8-3886] merging instance 'gen_hl1_lif[55].hl1_lif/current_latched_reg[16]' (FDCE) to 'gen_hl1_lif[55].hl1_lif/current_latched_reg[17]'
INFO: [Synth 8-3886] merging instance 'gen_hl1_lif[55].hl1_lif/current_latched_reg[17]' (FDCE) to 'gen_hl1_lif[55].hl1_lif/current_latched_reg[18]'
INFO: [Synth 8-3886] merging instance 'gen_hl1_lif[55].hl1_lif/current_latched_reg[18]' (FDCE) to 'gen_hl1_lif[55].hl1_lif/current_latched_reg[19]'
INFO: [Synth 8-3886] merging instance 'gen_hl1_lif[55].hl1_lif/current_latched_reg[19]' (FDCE) to 'gen_hl1_lif[55].hl1_lif/current_latched_reg[20]'
INFO: [Synth 8-3886] merging instance 'gen_hl1_lif[55].hl1_lif/current_latched_reg[20]' (FDCE) to 'gen_hl1_lif[55].hl1_lif/current_latched_reg[21]'
INFO: [Synth 8-3886] merging instance 'gen_hl1_lif[55].hl1_lif/current_latched_reg[21]' (FDCE) to 'gen_hl1_lif[55].hl1_lif/current_latched_reg[22]'
INFO: [Synth 8-3886] merging instance 'gen_hl1_lif[55].hl1_lif/current_latched_reg[22]' (FDCE) to 'gen_hl1_lif[55].hl1_lif/current_latched_reg[23]'
INFO: [Synth 8-3886] merging instance 'gen_hl1_lif[56].hl1_lif/current_latched_reg[15]' (FDCE) to 'gen_hl1_lif[56].hl1_lif/current_latched_reg[16]'
INFO: [Synth 8-3886] merging instance 'gen_hl1_lif[56].hl1_lif/current_latched_reg[16]' (FDCE) to 'gen_hl1_lif[56].hl1_lif/current_latched_reg[17]'
INFO: [Synth 8-3886] merging instance 'gen_hl1_lif[56].hl1_lif/current_latched_reg[17]' (FDCE) to 'gen_hl1_lif[56].hl1_lif/current_latched_reg[18]'
INFO: [Synth 8-3886] merging instance 'gen_hl1_lif[56].hl1_lif/current_latched_reg[18]' (FDCE) to 'gen_hl1_lif[56].hl1_lif/current_latched_reg[19]'
INFO: [Synth 8-3886] merging instance 'gen_hl1_lif[56].hl1_lif/current_latched_reg[19]' (FDCE) to 'gen_hl1_lif[56].hl1_lif/current_latched_reg[20]'
INFO: [Synth 8-3886] merging instance 'gen_hl1_lif[56].hl1_lif/current_latched_reg[20]' (FDCE) to 'gen_hl1_lif[56].hl1_lif/current_latched_reg[21]'
INFO: [Synth 8-3886] merging instance 'gen_hl1_lif[56].hl1_lif/current_latched_reg[21]' (FDCE) to 'gen_hl1_lif[56].hl1_lif/current_latched_reg[22]'
INFO: [Synth 8-3886] merging instance 'gen_hl1_lif[56].hl1_lif/current_latched_reg[22]' (FDCE) to 'gen_hl1_lif[56].hl1_lif/current_latched_reg[23]'
INFO: [Synth 8-3886] merging instance 'gen_hl1_lif[57].hl1_lif/current_latched_reg[15]' (FDCE) to 'gen_hl1_lif[57].hl1_lif/current_latched_reg[16]'
INFO: [Synth 8-3886] merging instance 'gen_hl1_lif[57].hl1_lif/current_latched_reg[16]' (FDCE) to 'gen_hl1_lif[57].hl1_lif/current_latched_reg[17]'
INFO: [Synth 8-3886] merging instance 'gen_hl1_lif[57].hl1_lif/current_latched_reg[17]' (FDCE) to 'gen_hl1_lif[57].hl1_lif/current_latched_reg[18]'
INFO: [Synth 8-3886] merging instance 'gen_hl1_lif[57].hl1_lif/current_latched_reg[18]' (FDCE) to 'gen_hl1_lif[57].hl1_lif/current_latched_reg[19]'
INFO: [Synth 8-3886] merging instance 'gen_hl1_lif[57].hl1_lif/current_latched_reg[19]' (FDCE) to 'gen_hl1_lif[57].hl1_lif/current_latched_reg[20]'
INFO: [Synth 8-3886] merging instance 'gen_hl1_lif[57].hl1_lif/current_latched_reg[20]' (FDCE) to 'gen_hl1_lif[57].hl1_lif/current_latched_reg[21]'
INFO: [Synth 8-3886] merging instance 'gen_hl1_lif[57].hl1_lif/current_latched_reg[21]' (FDCE) to 'gen_hl1_lif[57].hl1_lif/current_latched_reg[22]'
INFO: [Synth 8-3886] merging instance 'gen_hl1_lif[57].hl1_lif/current_latched_reg[22]' (FDCE) to 'gen_hl1_lif[57].hl1_lif/current_latched_reg[23]'
INFO: [Synth 8-3886] merging instance 'gen_hl1_lif[58].hl1_lif/current_latched_reg[15]' (FDCE) to 'gen_hl1_lif[58].hl1_lif/current_latched_reg[16]'
INFO: [Synth 8-3886] merging instance 'gen_hl1_lif[58].hl1_lif/current_latched_reg[16]' (FDCE) to 'gen_hl1_lif[58].hl1_lif/current_latched_reg[17]'
INFO: [Synth 8-3886] merging instance 'gen_hl1_lif[58].hl1_lif/current_latched_reg[17]' (FDCE) to 'gen_hl1_lif[58].hl1_lif/current_latched_reg[18]'
INFO: [Synth 8-3886] merging instance 'gen_hl1_lif[58].hl1_lif/current_latched_reg[18]' (FDCE) to 'gen_hl1_lif[58].hl1_lif/current_latched_reg[19]'
INFO: [Synth 8-3886] merging instance 'gen_hl1_lif[58].hl1_lif/current_latched_reg[19]' (FDCE) to 'gen_hl1_lif[58].hl1_lif/current_latched_reg[20]'
INFO: [Synth 8-3886] merging instance 'gen_hl1_lif[58].hl1_lif/current_latched_reg[20]' (FDCE) to 'gen_hl1_lif[58].hl1_lif/current_latched_reg[21]'
INFO: [Synth 8-3886] merging instance 'gen_hl1_lif[58].hl1_lif/current_latched_reg[21]' (FDCE) to 'gen_hl1_lif[58].hl1_lif/current_latched_reg[22]'
INFO: [Synth 8-3886] merging instance 'gen_hl1_lif[58].hl1_lif/current_latched_reg[22]' (FDCE) to 'gen_hl1_lif[58].hl1_lif/current_latched_reg[23]'
INFO: [Synth 8-3886] merging instance 'gen_hl1_lif[59].hl1_lif/current_latched_reg[15]' (FDCE) to 'gen_hl1_lif[59].hl1_lif/current_latched_reg[16]'
INFO: [Synth 8-3886] merging instance 'gen_hl1_lif[59].hl1_lif/current_latched_reg[16]' (FDCE) to 'gen_hl1_lif[59].hl1_lif/current_latched_reg[17]'
INFO: [Synth 8-3886] merging instance 'gen_hl1_lif[59].hl1_lif/current_latched_reg[17]' (FDCE) to 'gen_hl1_lif[59].hl1_lif/current_latched_reg[18]'
INFO: [Synth 8-3886] merging instance 'gen_hl1_lif[59].hl1_lif/current_latched_reg[18]' (FDCE) to 'gen_hl1_lif[59].hl1_lif/current_latched_reg[19]'
INFO: [Synth 8-3886] merging instance 'gen_hl1_lif[59].hl1_lif/current_latched_reg[19]' (FDCE) to 'gen_hl1_lif[59].hl1_lif/current_latched_reg[20]'
INFO: [Synth 8-3886] merging instance 'gen_hl1_lif[59].hl1_lif/current_latched_reg[20]' (FDCE) to 'gen_hl1_lif[59].hl1_lif/current_latched_reg[21]'
INFO: [Synth 8-3886] merging instance 'gen_hl1_lif[59].hl1_lif/current_latched_reg[21]' (FDCE) to 'gen_hl1_lif[59].hl1_lif/current_latched_reg[22]'
INFO: [Synth 8-3886] merging instance 'gen_hl1_lif[59].hl1_lif/current_latched_reg[22]' (FDCE) to 'gen_hl1_lif[59].hl1_lif/current_latched_reg[23]'
INFO: [Synth 8-3886] merging instance 'gen_hl1_lif[60].hl1_lif/current_latched_reg[15]' (FDCE) to 'gen_hl1_lif[60].hl1_lif/current_latched_reg[16]'
INFO: [Synth 8-3886] merging instance 'gen_hl1_lif[60].hl1_lif/current_latched_reg[16]' (FDCE) to 'gen_hl1_lif[60].hl1_lif/current_latched_reg[17]'
INFO: [Synth 8-3886] merging instance 'gen_hl1_lif[60].hl1_lif/current_latched_reg[17]' (FDCE) to 'gen_hl1_lif[60].hl1_lif/current_latched_reg[18]'
INFO: [Synth 8-3886] merging instance 'gen_hl1_lif[60].hl1_lif/current_latched_reg[18]' (FDCE) to 'gen_hl1_lif[60].hl1_lif/current_latched_reg[19]'
INFO: [Synth 8-3886] merging instance 'gen_hl1_lif[60].hl1_lif/current_latched_reg[19]' (FDCE) to 'gen_hl1_lif[60].hl1_lif/current_latched_reg[20]'
INFO: [Synth 8-3886] merging instance 'gen_hl1_lif[60].hl1_lif/current_latched_reg[20]' (FDCE) to 'gen_hl1_lif[60].hl1_lif/current_latched_reg[21]'
INFO: [Synth 8-3886] merging instance 'gen_hl1_lif[60].hl1_lif/current_latched_reg[21]' (FDCE) to 'gen_hl1_lif[60].hl1_lif/current_latched_reg[22]'
INFO: [Synth 8-3886] merging instance 'gen_hl1_lif[60].hl1_lif/current_latched_reg[22]' (FDCE) to 'gen_hl1_lif[60].hl1_lif/current_latched_reg[23]'
INFO: [Synth 8-3886] merging instance 'gen_hl1_lif[61].hl1_lif/current_latched_reg[15]' (FDCE) to 'gen_hl1_lif[61].hl1_lif/current_latched_reg[16]'
INFO: [Synth 8-3886] merging instance 'gen_hl1_lif[61].hl1_lif/current_latched_reg[16]' (FDCE) to 'gen_hl1_lif[61].hl1_lif/current_latched_reg[17]'
INFO: [Synth 8-3886] merging instance 'gen_hl1_lif[61].hl1_lif/current_latched_reg[17]' (FDCE) to 'gen_hl1_lif[61].hl1_lif/current_latched_reg[18]'
INFO: [Synth 8-3886] merging instance 'gen_hl1_lif[61].hl1_lif/current_latched_reg[18]' (FDCE) to 'gen_hl1_lif[61].hl1_lif/current_latched_reg[19]'
INFO: [Synth 8-3886] merging instance 'gen_hl1_lif[61].hl1_lif/current_latched_reg[19]' (FDCE) to 'gen_hl1_lif[61].hl1_lif/current_latched_reg[20]'
INFO: [Synth 8-3886] merging instance 'gen_hl1_lif[61].hl1_lif/current_latched_reg[20]' (FDCE) to 'gen_hl1_lif[61].hl1_lif/current_latched_reg[21]'
INFO: [Synth 8-3886] merging instance 'gen_hl1_lif[61].hl1_lif/current_latched_reg[21]' (FDCE) to 'gen_hl1_lif[61].hl1_lif/current_latched_reg[22]'
INFO: [Synth 8-3886] merging instance 'gen_hl1_lif[61].hl1_lif/current_latched_reg[22]' (FDCE) to 'gen_hl1_lif[61].hl1_lif/current_latched_reg[23]'
INFO: [Synth 8-3886] merging instance 'gen_hl1_lif[62].hl1_lif/current_latched_reg[15]' (FDCE) to 'gen_hl1_lif[62].hl1_lif/current_latched_reg[16]'
INFO: [Synth 8-3886] merging instance 'gen_hl1_lif[62].hl1_lif/current_latched_reg[16]' (FDCE) to 'gen_hl1_lif[62].hl1_lif/current_latched_reg[17]'
INFO: [Synth 8-3886] merging instance 'gen_hl1_lif[62].hl1_lif/current_latched_reg[17]' (FDCE) to 'gen_hl1_lif[62].hl1_lif/current_latched_reg[18]'
INFO: [Synth 8-3886] merging instance 'gen_hl1_lif[62].hl1_lif/current_latched_reg[18]' (FDCE) to 'gen_hl1_lif[62].hl1_lif/current_latched_reg[19]'
INFO: [Synth 8-3886] merging instance 'gen_hl1_lif[62].hl1_lif/current_latched_reg[19]' (FDCE) to 'gen_hl1_lif[62].hl1_lif/current_latched_reg[20]'
INFO: [Synth 8-3886] merging instance 'gen_hl1_lif[62].hl1_lif/current_latched_reg[20]' (FDCE) to 'gen_hl1_lif[62].hl1_lif/current_latched_reg[21]'
INFO: [Synth 8-3886] merging instance 'gen_hl1_lif[62].hl1_lif/current_latched_reg[21]' (FDCE) to 'gen_hl1_lif[62].hl1_lif/current_latched_reg[22]'
INFO: [Synth 8-3886] merging instance 'gen_hl1_lif[62].hl1_lif/current_latched_reg[22]' (FDCE) to 'gen_hl1_lif[62].hl1_lif/current_latched_reg[23]'
INFO: [Synth 8-3886] merging instance 'gen_hl1_lif[54].hl1_lif/membrane_pre_reset_reg_reg[43]' (FDCE) to 'gen_hl1_lif[54].hl1_lif/membrane_pre_reset_reg_reg[27]'
INFO: [Synth 8-3886] merging instance 'gen_hl1_lif[54].hl1_lif/membrane_pre_reset_reg_reg[27]' (FDCE) to 'gen_hl1_lif[54].hl1_lif/membrane_pre_reset_reg_reg[28]'
INFO: [Synth 8-3886] merging instance 'gen_hl1_lif[54].hl1_lif/membrane_pre_reset_reg_reg[28]' (FDCE) to 'gen_hl1_lif[54].hl1_lif/membrane_pre_reset_reg_reg[29]'
INFO: [Synth 8-3886] merging instance 'gen_hl1_lif[54].hl1_lif/membrane_pre_reset_reg_reg[29]' (FDCE) to 'gen_hl1_lif[54].hl1_lif/membrane_pre_reset_reg_reg[30]'
INFO: [Synth 8-3886] merging instance 'gen_hl1_lif[54].hl1_lif/membrane_pre_reset_reg_reg[30]' (FDCE) to 'gen_hl1_lif[54].hl1_lif/membrane_pre_reset_reg_reg[31]'
INFO: [Synth 8-3886] merging instance 'gen_hl1_lif[54].hl1_lif/membrane_pre_reset_reg_reg[31]' (FDCE) to 'gen_hl1_lif[54].hl1_lif/membrane_pre_reset_reg_reg[32]'
INFO: [Synth 8-3886] merging instance 'gen_hl1_lif[54].hl1_lif/membrane_pre_reset_reg_reg[32]' (FDCE) to 'gen_hl1_lif[54].hl1_lif/membrane_pre_reset_reg_reg[33]'
INFO: [Synth 8-3886] merging instance 'gen_hl1_lif[54].hl1_lif/membrane_pre_reset_reg_reg[33]' (FDCE) to 'gen_hl1_lif[54].hl1_lif/membrane_pre_reset_reg_reg[34]'
INFO: [Synth 8-3886] merging instance 'gen_hl1_lif[54].hl1_lif/membrane_pre_reset_reg_reg[34]' (FDCE) to 'gen_hl1_lif[54].hl1_lif/membrane_pre_reset_reg_reg[35]'
INFO: [Synth 8-3886] merging instance 'gen_hl1_lif[54].hl1_lif/membrane_pre_reset_reg_reg[35]' (FDCE) to 'gen_hl1_lif[54].hl1_lif/membrane_pre_reset_reg_reg[36]'
INFO: [Synth 8-3886] merging instance 'gen_hl1_lif[54].hl1_lif/membrane_pre_reset_reg_reg[36]' (FDCE) to 'gen_hl1_lif[54].hl1_lif/membrane_pre_reset_reg_reg[37]'
INFO: [Synth 8-3886] merging instance 'gen_hl1_lif[54].hl1_lif/membrane_pre_reset_reg_reg[37]' (FDCE) to 'gen_hl1_lif[54].hl1_lif/membrane_pre_reset_reg_reg[38]'
INFO: [Synth 8-3886] merging instance 'gen_hl1_lif[54].hl1_lif/membrane_pre_reset_reg_reg[38]' (FDCE) to 'gen_hl1_lif[54].hl1_lif/membrane_pre_reset_reg_reg[39]'
INFO: [Synth 8-3886] merging instance 'gen_hl1_lif[54].hl1_lif/membrane_pre_reset_reg_reg[39]' (FDCE) to 'gen_hl1_lif[54].hl1_lif/membrane_pre_reset_reg_reg[40]'
INFO: [Synth 8-3886] merging instance 'gen_hl1_lif[54].hl1_lif/membrane_pre_reset_reg_reg[40]' (FDCE) to 'gen_hl1_lif[54].hl1_lif/membrane_pre_reset_reg_reg[41]'
INFO: [Synth 8-3886] merging instance 'gen_hl1_lif[54].hl1_lif/membrane_pre_reset_reg_reg[41]' (FDCE) to 'gen_hl1_lif[54].hl1_lif/membrane_pre_reset_reg_reg[42]'
INFO: [Synth 8-3886] merging instance 'gen_hl1_lif[55].hl1_lif/membrane_pre_reset_reg_reg[43]' (FDCE) to 'gen_hl1_lif[55].hl1_lif/membrane_pre_reset_reg_reg[27]'
INFO: [Synth 8-3886] merging instance 'gen_hl1_lif[55].hl1_lif/membrane_pre_reset_reg_reg[27]' (FDCE) to 'gen_hl1_lif[55].hl1_lif/membrane_pre_reset_reg_reg[28]'
INFO: [Synth 8-3886] merging instance 'gen_hl1_lif[55].hl1_lif/membrane_pre_reset_reg_reg[28]' (FDCE) to 'gen_hl1_lif[55].hl1_lif/membrane_pre_reset_reg_reg[29]'
INFO: [Synth 8-3886] merging instance 'gen_hl1_lif[55].hl1_lif/membrane_pre_reset_reg_reg[29]' (FDCE) to 'gen_hl1_lif[55].hl1_lif/membrane_pre_reset_reg_reg[30]'
INFO: [Synth 8-3886] merging instance 'gen_hl1_lif[55].hl1_lif/membrane_pre_reset_reg_reg[30]' (FDCE) to 'gen_hl1_lif[55].hl1_lif/membrane_pre_reset_reg_reg[31]'
INFO: [Synth 8-3886] merging instance 'gen_hl1_lif[55].hl1_lif/membrane_pre_reset_reg_reg[31]' (FDCE) to 'gen_hl1_lif[55].hl1_lif/membrane_pre_reset_reg_reg[32]'
INFO: [Synth 8-3886] merging instance 'gen_hl1_lif[55].hl1_lif/membrane_pre_reset_reg_reg[32]' (FDCE) to 'gen_hl1_lif[55].hl1_lif/membrane_pre_reset_reg_reg[33]'
INFO: [Synth 8-3886] merging instance 'gen_hl1_lif[55].hl1_lif/membrane_pre_reset_reg_reg[33]' (FDCE) to 'gen_hl1_lif[55].hl1_lif/membrane_pre_reset_reg_reg[34]'
INFO: [Synth 8-3886] merging instance 'gen_hl1_lif[55].hl1_lif/membrane_pre_reset_reg_reg[34]' (FDCE) to 'gen_hl1_lif[55].hl1_lif/membrane_pre_reset_reg_reg[35]'
INFO: [Synth 8-3886] merging instance 'gen_hl1_lif[55].hl1_lif/membrane_pre_reset_reg_reg[35]' (FDCE) to 'gen_hl1_lif[55].hl1_lif/membrane_pre_reset_reg_reg[36]'
INFO: [Synth 8-3886] merging instance 'gen_hl1_lif[55].hl1_lif/membrane_pre_reset_reg_reg[36]' (FDCE) to 'gen_hl1_lif[55].hl1_lif/membrane_pre_reset_reg_reg[37]'
INFO: [Synth 8-3886] merging instance 'gen_hl1_lif[55].hl1_lif/membrane_pre_reset_reg_reg[37]' (FDCE) to 'gen_hl1_lif[55].hl1_lif/membrane_pre_reset_reg_reg[38]'
INFO: [Common 17-14] Message 'Synth 8-3886' appears 100 times and further instances of the messages will be disabled. Use the Tcl command set_msg_config to change the current settings.
INFO: [Common 17-14] Message 'Synth 8-3886' appears 100 times and further instances of the messages will be disabled. Use the Tcl command set_msg_config to change the current settings.
INFO: [Synth 8-5544] ROM "get_shift_amount_const" won't be mapped to Block RAM because address size (2) smaller than threshold (5)
DSP Report: Generating DSP mul_scaled_result_reg0, operation Mode is: A*(B:0xccfb).
DSP Report: operator mul_scaled_result_reg0 is absorbed into DSP mul_scaled_result_reg0.
DSP Report: operator mul_scaled_result_reg0 is absorbed into DSP mul_scaled_result_reg0.
DSP Report: Generating DSP mul_scaled_result_reg0, operation Mode is: (PCIN>>17)+(A:0xccfb)*B.
DSP Report: operator mul_scaled_result_reg0 is absorbed into DSP mul_scaled_result_reg0.
DSP Report: operator mul_scaled_result_reg0 is absorbed into DSP mul_scaled_result_reg0.
INFO: [Synth 8-5544] ROM "get_shift_amount_const" won't be mapped to Block RAM because address size (2) smaller than threshold (5)
DSP Report: Generating DSP mul_scaled_result_reg0, operation Mode is: A*(B:0xccfb).
DSP Report: operator mul_scaled_result_reg0 is absorbed into DSP mul_scaled_result_reg0.
DSP Report: operator mul_scaled_result_reg0 is absorbed into DSP mul_scaled_result_reg0.
DSP Report: Generating DSP mul_scaled_result_reg0, operation Mode is: (PCIN>>17)+(A:0xccfb)*B.
DSP Report: operator mul_scaled_result_reg0 is absorbed into DSP mul_scaled_result_reg0.
DSP Report: operator mul_scaled_result_reg0 is absorbed into DSP mul_scaled_result_reg0.
INFO: [Synth 8-5544] ROM "get_shift_amount_const" won't be mapped to Block RAM because address size (2) smaller than threshold (5)
DSP Report: Generating DSP mul_scaled_result_reg0, operation Mode is: A*(B:0xccfb).
DSP Report: operator mul_scaled_result_reg0 is absorbed into DSP mul_scaled_result_reg0.
DSP Report: operator mul_scaled_result_reg0 is absorbed into DSP mul_scaled_result_reg0.
DSP Report: Generating DSP mul_scaled_result_reg0, operation Mode is: (PCIN>>17)+(A:0xccfb)*B.
DSP Report: operator mul_scaled_result_reg0 is absorbed into DSP mul_scaled_result_reg0.
DSP Report: operator mul_scaled_result_reg0 is absorbed into DSP mul_scaled_result_reg0.
INFO: [Synth 8-5544] ROM "get_shift_amount_const" won't be mapped to Block RAM because address size (2) smaller than threshold (5)
DSP Report: Generating DSP mul_scaled_result_reg0, operation Mode is: A*(B:0xccfb).
DSP Report: operator mul_scaled_result_reg0 is absorbed into DSP mul_scaled_result_reg0.
DSP Report: operator mul_scaled_result_reg0 is absorbed into DSP mul_scaled_result_reg0.
DSP Report: Generating DSP mul_scaled_result_reg0, operation Mode is: (PCIN>>17)+(A:0xccfb)*B.
DSP Report: operator mul_scaled_result_reg0 is absorbed into DSP mul_scaled_result_reg0.
DSP Report: operator mul_scaled_result_reg0 is absorbed into DSP mul_scaled_result_reg0.
INFO: [Synth 8-5544] ROM "get_shift_amount_const" won't be mapped to Block RAM because address size (2) smaller than threshold (5)
DSP Report: Generating DSP mul_scaled_result_reg0, operation Mode is: A*(B:0xccfb).
DSP Report: operator mul_scaled_result_reg0 is absorbed into DSP mul_scaled_result_reg0.
DSP Report: operator mul_scaled_result_reg0 is absorbed into DSP mul_scaled_result_reg0.
DSP Report: Generating DSP mul_scaled_result_reg0, operation Mode is: (PCIN>>17)+(A:0xccfb)*B.
DSP Report: operator mul_scaled_result_reg0 is absorbed into DSP mul_scaled_result_reg0.
DSP Report: operator mul_scaled_result_reg0 is absorbed into DSP mul_scaled_result_reg0.
INFO: [Synth 8-5544] ROM "get_shift_amount_const" won't be mapped to Block RAM because address size (2) smaller than threshold (5)
DSP Report: Generating DSP mul_scaled_result_reg0, operation Mode is: A*(B:0xccfb).
DSP Report: operator mul_scaled_result_reg0 is absorbed into DSP mul_scaled_result_reg0.
DSP Report: operator mul_scaled_result_reg0 is absorbed into DSP mul_scaled_result_reg0.
DSP Report: Generating DSP mul_scaled_result_reg0, operation Mode is: (PCIN>>17)+(A:0xccfb)*B.
DSP Report: operator mul_scaled_result_reg0 is absorbed into DSP mul_scaled_result_reg0.
DSP Report: operator mul_scaled_result_reg0 is absorbed into DSP mul_scaled_result_reg0.
INFO: [Synth 8-5544] ROM "get_shift_amount_const" won't be mapped to Block RAM because address size (2) smaller than threshold (5)
DSP Report: Generating DSP mul_scaled_result_reg0, operation Mode is: A*(B:0xccfb).
DSP Report: operator mul_scaled_result_reg0 is absorbed into DSP mul_scaled_result_reg0.
DSP Report: operator mul_scaled_result_reg0 is absorbed into DSP mul_scaled_result_reg0.
DSP Report: Generating DSP mul_scaled_result_reg0, operation Mode is: (PCIN>>17)+(A:0xccfb)*B.
DSP Report: operator mul_scaled_result_reg0 is absorbed into DSP mul_scaled_result_reg0.
DSP Report: operator mul_scaled_result_reg0 is absorbed into DSP mul_scaled_result_reg0.
INFO: [Synth 8-5544] ROM "get_shift_amount_const" won't be mapped to Block RAM because address size (2) smaller than threshold (5)
DSP Report: Generating DSP mul_scaled_result_reg0, operation Mode is: A*(B:0xccfb).
DSP Report: operator mul_scaled_result_reg0 is absorbed into DSP mul_scaled_result_reg0.
DSP Report: operator mul_scaled_result_reg0 is absorbed into DSP mul_scaled_result_reg0.
DSP Report: Generating DSP mul_scaled_result_reg0, operation Mode is: (PCIN>>17)+(A:0xccfb)*B.
DSP Report: operator mul_scaled_result_reg0 is absorbed into DSP mul_scaled_result_reg0.
DSP Report: operator mul_scaled_result_reg0 is absorbed into DSP mul_scaled_result_reg0.
INFO: [Synth 8-5544] ROM "get_shift_amount_const" won't be mapped to Block RAM because address size (2) smaller than threshold (5)
DSP Report: Generating DSP mul_scaled_result_reg0, operation Mode is: A*(B:0xccfb).
DSP Report: operator mul_scaled_result_reg0 is absorbed into DSP mul_scaled_result_reg0.
DSP Report: operator mul_scaled_result_reg0 is absorbed into DSP mul_scaled_result_reg0.
DSP Report: Generating DSP mul_scaled_result_reg0, operation Mode is: (PCIN>>17)+(A:0xccfb)*B.
DSP Report: operator mul_scaled_result_reg0 is absorbed into DSP mul_scaled_result_reg0.
DSP Report: operator mul_scaled_result_reg0 is absorbed into DSP mul_scaled_result_reg0.
INFO: [Synth 8-5544] ROM "get_shift_amount_const" won't be mapped to Block RAM because address size (2) smaller than threshold (5)
DSP Report: Generating DSP mul_scaled_result_reg0, operation Mode is: A*(B:0xccfb).
DSP Report: operator mul_scaled_result_reg0 is absorbed into DSP mul_scaled_result_reg0.
DSP Report: operator mul_scaled_result_reg0 is absorbed into DSP mul_scaled_result_reg0.
DSP Report: Generating DSP mul_scaled_result_reg0, operation Mode is: (PCIN>>17)+(A:0xccfb)*B.
DSP Report: operator mul_scaled_result_reg0 is absorbed into DSP mul_scaled_result_reg0.
DSP Report: operator mul_scaled_result_reg0 is absorbed into DSP mul_scaled_result_reg0.
INFO: [Synth 8-5544] ROM "get_shift_amount_const" won't be mapped to Block RAM because address size (2) smaller than threshold (5)
DSP Report: Generating DSP mul_scaled_result_reg0, operation Mode is: A*(B:0xccfb).
DSP Report: operator mul_scaled_result_reg0 is absorbed into DSP mul_scaled_result_reg0.
DSP Report: operator mul_scaled_result_reg0 is absorbed into DSP mul_scaled_result_reg0.
DSP Report: Generating DSP mul_scaled_result_reg0, operation Mode is: (PCIN>>17)+(A:0xccfb)*B.
DSP Report: operator mul_scaled_result_reg0 is absorbed into DSP mul_scaled_result_reg0.
DSP Report: operator mul_scaled_result_reg0 is absorbed into DSP mul_scaled_result_reg0.
INFO: [Synth 8-5544] ROM "get_shift_amount_const" won't be mapped to Block RAM because address size (2) smaller than threshold (5)
DSP Report: Generating DSP mul_scaled_result_reg0, operation Mode is: A*(B:0xccfb).
DSP Report: operator mul_scaled_result_reg0 is absorbed into DSP mul_scaled_result_reg0.
DSP Report: operator mul_scaled_result_reg0 is absorbed into DSP mul_scaled_result_reg0.
DSP Report: Generating DSP mul_scaled_result_reg0, operation Mode is: (PCIN>>17)+(A:0xccfb)*B.
DSP Report: operator mul_scaled_result_reg0 is absorbed into DSP mul_scaled_result_reg0.
DSP Report: operator mul_scaled_result_reg0 is absorbed into DSP mul_scaled_result_reg0.
INFO: [Synth 8-5544] ROM "get_shift_amount_const" won't be mapped to Block RAM because address size (2) smaller than threshold (5)
DSP Report: Generating DSP mul_scaled_result_reg0, operation Mode is: A*(B:0xccfb).
DSP Report: operator mul_scaled_result_reg0 is absorbed into DSP mul_scaled_result_reg0.
DSP Report: operator mul_scaled_result_reg0 is absorbed into DSP mul_scaled_result_reg0.
DSP Report: Generating DSP mul_scaled_result_reg0, operation Mode is: (PCIN>>17)+(A:0xccfb)*B.
DSP Report: operator mul_scaled_result_reg0 is absorbed into DSP mul_scaled_result_reg0.
DSP Report: operator mul_scaled_result_reg0 is absorbed into DSP mul_scaled_result_reg0.
INFO: [Synth 8-5544] ROM "get_shift_amount_const" won't be mapped to Block RAM because address size (2) smaller than threshold (5)
DSP Report: Generating DSP mul_scaled_result_reg0, operation Mode is: A*(B:0xccfb).
DSP Report: operator mul_scaled_result_reg0 is absorbed into DSP mul_scaled_result_reg0.
DSP Report: operator mul_scaled_result_reg0 is absorbed into DSP mul_scaled_result_reg0.
DSP Report: Generating DSP mul_scaled_result_reg0, operation Mode is: (PCIN>>17)+(A:0xccfb)*B.
DSP Report: operator mul_scaled_result_reg0 is absorbed into DSP mul_scaled_result_reg0.
DSP Report: operator mul_scaled_result_reg0 is absorbed into DSP mul_scaled_result_reg0.
INFO: [Synth 8-5544] ROM "get_shift_amount_const" won't be mapped to Block RAM because address size (2) smaller than threshold (5)
DSP Report: Generating DSP mul_scaled_result_reg0, operation Mode is: A*(B:0xccfb).
DSP Report: operator mul_scaled_result_reg0 is absorbed into DSP mul_scaled_result_reg0.
DSP Report: operator mul_scaled_result_reg0 is absorbed into DSP mul_scaled_result_reg0.
DSP Report: Generating DSP mul_scaled_result_reg0, operation Mode is: (PCIN>>17)+(A:0xccfb)*B.
DSP Report: operator mul_scaled_result_reg0 is absorbed into DSP mul_scaled_result_reg0.
DSP Report: operator mul_scaled_result_reg0 is absorbed into DSP mul_scaled_result_reg0.
INFO: [Synth 8-5544] ROM "get_shift_amount_const" won't be mapped to Block RAM because address size (2) smaller than threshold (5)
DSP Report: Generating DSP mul_scaled_result_reg0, operation Mode is: A*(B:0xccfb).
DSP Report: operator mul_scaled_result_reg0 is absorbed into DSP mul_scaled_result_reg0.
DSP Report: operator mul_scaled_result_reg0 is absorbed into DSP mul_scaled_result_reg0.
DSP Report: Generating DSP mul_scaled_result_reg0, operation Mode is: (PCIN>>17)+(A:0xccfb)*B.
DSP Report: operator mul_scaled_result_reg0 is absorbed into DSP mul_scaled_result_reg0.
DSP Report: operator mul_scaled_result_reg0 is absorbed into DSP mul_scaled_result_reg0.
INFO: [Synth 8-5544] ROM "get_shift_amount_const" won't be mapped to Block RAM because address size (2) smaller than threshold (5)
DSP Report: Generating DSP mul_scaled_result_reg0, operation Mode is: A*(B:0xccfb).
DSP Report: operator mul_scaled_result_reg0 is absorbed into DSP mul_scaled_result_reg0.
DSP Report: operator mul_scaled_result_reg0 is absorbed into DSP mul_scaled_result_reg0.
DSP Report: Generating DSP mul_scaled_result_reg0, operation Mode is: (PCIN>>17)+(A:0xccfb)*B.
DSP Report: operator mul_scaled_result_reg0 is absorbed into DSP mul_scaled_result_reg0.
DSP Report: operator mul_scaled_result_reg0 is absorbed into DSP mul_scaled_result_reg0.
INFO: [Synth 8-5544] ROM "get_shift_amount_const" won't be mapped to Block RAM because address size (2) smaller than threshold (5)
DSP Report: Generating DSP mul_scaled_result_reg0, operation Mode is: A*(B:0xccfb).
DSP Report: operator mul_scaled_result_reg0 is absorbed into DSP mul_scaled_result_reg0.
DSP Report: operator mul_scaled_result_reg0 is absorbed into DSP mul_scaled_result_reg0.
DSP Report: Generating DSP mul_scaled_result_reg0, operation Mode is: (PCIN>>17)+(A:0xccfb)*B.
DSP Report: operator mul_scaled_result_reg0 is absorbed into DSP mul_scaled_result_reg0.
DSP Report: operator mul_scaled_result_reg0 is absorbed into DSP mul_scaled_result_reg0.
INFO: [Synth 8-5544] ROM "get_shift_amount_const" won't be mapped to Block RAM because address size (2) smaller than threshold (5)
DSP Report: Generating DSP mul_scaled_result_reg0, operation Mode is: A*(B:0xccfb).
DSP Report: operator mul_scaled_result_reg0 is absorbed into DSP mul_scaled_result_reg0.
DSP Report: operator mul_scaled_result_reg0 is absorbed into DSP mul_scaled_result_reg0.
DSP Report: Generating DSP mul_scaled_result_reg0, operation Mode is: (PCIN>>17)+(A:0xccfb)*B.
DSP Report: operator mul_scaled_result_reg0 is absorbed into DSP mul_scaled_result_reg0.
DSP Report: operator mul_scaled_result_reg0 is absorbed into DSP mul_scaled_result_reg0.
INFO: [Synth 8-5544] ROM "get_shift_amount_const" won't be mapped to Block RAM because address size (2) smaller than threshold (5)
DSP Report: Generating DSP mul_scaled_result_reg0, operation Mode is: A*(B:0xccfb).
DSP Report: operator mul_scaled_result_reg0 is absorbed into DSP mul_scaled_result_reg0.
DSP Report: operator mul_scaled_result_reg0 is absorbed into DSP mul_scaled_result_reg0.
DSP Report: Generating DSP mul_scaled_result_reg0, operation Mode is: (PCIN>>17)+(A:0xccfb)*B.
DSP Report: operator mul_scaled_result_reg0 is absorbed into DSP mul_scaled_result_reg0.
DSP Report: operator mul_scaled_result_reg0 is absorbed into DSP mul_scaled_result_reg0.
INFO: [Synth 8-5544] ROM "get_shift_amount_const" won't be mapped to Block RAM because address size (2) smaller than threshold (5)
DSP Report: Generating DSP mul_scaled_result_reg0, operation Mode is: A*(B:0xccfb).
DSP Report: operator mul_scaled_result_reg0 is absorbed into DSP mul_scaled_result_reg0.
DSP Report: operator mul_scaled_result_reg0 is absorbed into DSP mul_scaled_result_reg0.
DSP Report: Generating DSP mul_scaled_result_reg0, operation Mode is: (PCIN>>17)+(A:0xccfb)*B.
DSP Report: operator mul_scaled_result_reg0 is absorbed into DSP mul_scaled_result_reg0.
DSP Report: operator mul_scaled_result_reg0 is absorbed into DSP mul_scaled_result_reg0.
INFO: [Synth 8-5544] ROM "get_shift_amount_const" won't be mapped to Block RAM because address size (2) smaller than threshold (5)
DSP Report: Generating DSP mul_scaled_result_reg0, operation Mode is: A*(B:0xccfb).
DSP Report: operator mul_scaled_result_reg0 is absorbed into DSP mul_scaled_result_reg0.
DSP Report: operator mul_scaled_result_reg0 is absorbed into DSP mul_scaled_result_reg0.
DSP Report: Generating DSP mul_scaled_result_reg0, operation Mode is: (PCIN>>17)+(A:0xccfb)*B.
DSP Report: operator mul_scaled_result_reg0 is absorbed into DSP mul_scaled_result_reg0.
DSP Report: operator mul_scaled_result_reg0 is absorbed into DSP mul_scaled_result_reg0.
INFO: [Synth 8-5544] ROM "get_shift_amount_const" won't be mapped to Block RAM because address size (2) smaller than threshold (5)
DSP Report: Generating DSP mul_scaled_result_reg0, operation Mode is: A*(B:0xccfb).
DSP Report: operator mul_scaled_result_reg0 is absorbed into DSP mul_scaled_result_reg0.
DSP Report: operator mul_scaled_result_reg0 is absorbed into DSP mul_scaled_result_reg0.
DSP Report: Generating DSP mul_scaled_result_reg0, operation Mode is: (PCIN>>17)+(A:0xccfb)*B.
DSP Report: operator mul_scaled_result_reg0 is absorbed into DSP mul_scaled_result_reg0.
DSP Report: operator mul_scaled_result_reg0 is absorbed into DSP mul_scaled_result_reg0.
INFO: [Synth 8-5544] ROM "get_shift_amount_const" won't be mapped to Block RAM because address size (2) smaller than threshold (5)
DSP Report: Generating DSP mul_scaled_result_reg0, operation Mode is: A*(B:0xccfb).
DSP Report: operator mul_scaled_result_reg0 is absorbed into DSP mul_scaled_result_reg0.
DSP Report: operator mul_scaled_result_reg0 is absorbed into DSP mul_scaled_result_reg0.
DSP Report: Generating DSP mul_scaled_result_reg0, operation Mode is: (PCIN>>17)+(A:0xccfb)*B.
DSP Report: operator mul_scaled_result_reg0 is absorbed into DSP mul_scaled_result_reg0.
DSP Report: operator mul_scaled_result_reg0 is absorbed into DSP mul_scaled_result_reg0.
INFO: [Synth 8-5544] ROM "get_shift_amount_const" won't be mapped to Block RAM because address size (2) smaller than threshold (5)
DSP Report: Generating DSP mul_scaled_result_reg0, operation Mode is: A*(B:0xccfb).
DSP Report: operator mul_scaled_result_reg0 is absorbed into DSP mul_scaled_result_reg0.
DSP Report: operator mul_scaled_result_reg0 is absorbed into DSP mul_scaled_result_reg0.
DSP Report: Generating DSP mul_scaled_result_reg0, operation Mode is: (PCIN>>17)+(A:0xccfb)*B.
DSP Report: operator mul_scaled_result_reg0 is absorbed into DSP mul_scaled_result_reg0.
DSP Report: operator mul_scaled_result_reg0 is absorbed into DSP mul_scaled_result_reg0.
INFO: [Synth 8-5544] ROM "get_shift_amount_const" won't be mapped to Block RAM because address size (2) smaller than threshold (5)
DSP Report: Generating DSP mul_scaled_result_reg0, operation Mode is: A*(B:0xccfb).
DSP Report: operator mul_scaled_result_reg0 is absorbed into DSP mul_scaled_result_reg0.
DSP Report: operator mul_scaled_result_reg0 is absorbed into DSP mul_scaled_result_reg0.
DSP Report: Generating DSP mul_scaled_result_reg0, operation Mode is: (PCIN>>17)+(A:0xccfb)*B.
DSP Report: operator mul_scaled_result_reg0 is absorbed into DSP mul_scaled_result_reg0.
DSP Report: operator mul_scaled_result_reg0 is absorbed into DSP mul_scaled_result_reg0.
INFO: [Synth 8-5544] ROM "get_shift_amount_const" won't be mapped to Block RAM because address size (2) smaller than threshold (5)
DSP Report: Generating DSP mul_scaled_result_reg0, operation Mode is: A*(B:0xccfb).
DSP Report: operator mul_scaled_result_reg0 is absorbed into DSP mul_scaled_result_reg0.
DSP Report: operator mul_scaled_result_reg0 is absorbed into DSP mul_scaled_result_reg0.
DSP Report: Generating DSP mul_scaled_result_reg0, operation Mode is: (PCIN>>17)+(A:0xccfb)*B.
DSP Report: operator mul_scaled_result_reg0 is absorbed into DSP mul_scaled_result_reg0.
DSP Report: operator mul_scaled_result_reg0 is absorbed into DSP mul_scaled_result_reg0.
INFO: [Synth 8-5544] ROM "get_shift_amount_const" won't be mapped to Block RAM because address size (2) smaller than threshold (5)
DSP Report: Generating DSP mul_scaled_result_reg0, operation Mode is: A*(B:0xccfb).
DSP Report: operator mul_scaled_result_reg0 is absorbed into DSP mul_scaled_result_reg0.
DSP Report: operator mul_scaled_result_reg0 is absorbed into DSP mul_scaled_result_reg0.
DSP Report: Generating DSP mul_scaled_result_reg0, operation Mode is: (PCIN>>17)+(A:0xccfb)*B.
DSP Report: operator mul_scaled_result_reg0 is absorbed into DSP mul_scaled_result_reg0.
DSP Report: operator mul_scaled_result_reg0 is absorbed into DSP mul_scaled_result_reg0.
INFO: [Synth 8-5544] ROM "get_shift_amount_const" won't be mapped to Block RAM because address size (2) smaller than threshold (5)
DSP Report: Generating DSP mul_scaled_result_reg0, operation Mode is: A*(B:0xccfb).
DSP Report: operator mul_scaled_result_reg0 is absorbed into DSP mul_scaled_result_reg0.
DSP Report: operator mul_scaled_result_reg0 is absorbed into DSP mul_scaled_result_reg0.
DSP Report: Generating DSP mul_scaled_result_reg0, operation Mode is: (PCIN>>17)+(A:0xccfb)*B.
DSP Report: operator mul_scaled_result_reg0 is absorbed into DSP mul_scaled_result_reg0.
DSP Report: operator mul_scaled_result_reg0 is absorbed into DSP mul_scaled_result_reg0.
INFO: [Synth 8-5544] ROM "get_shift_amount_const" won't be mapped to Block RAM because address size (2) smaller than threshold (5)
DSP Report: Generating DSP mul_scaled_result_reg0, operation Mode is: A*(B:0xccfb).
DSP Report: operator mul_scaled_result_reg0 is absorbed into DSP mul_scaled_result_reg0.
DSP Report: operator mul_scaled_result_reg0 is absorbed into DSP mul_scaled_result_reg0.
DSP Report: Generating DSP mul_scaled_result_reg0, operation Mode is: (PCIN>>17)+(A:0xccfb)*B.
DSP Report: operator mul_scaled_result_reg0 is absorbed into DSP mul_scaled_result_reg0.
DSP Report: operator mul_scaled_result_reg0 is absorbed into DSP mul_scaled_result_reg0.
INFO: [Synth 8-5544] ROM "get_shift_amount_const" won't be mapped to Block RAM because address size (2) smaller than threshold (5)
DSP Report: Generating DSP mul_scaled_result_reg0, operation Mode is: A*(B:0xccfb).
DSP Report: operator mul_scaled_result_reg0 is absorbed into DSP mul_scaled_result_reg0.
DSP Report: operator mul_scaled_result_reg0 is absorbed into DSP mul_scaled_result_reg0.
DSP Report: Generating DSP mul_scaled_result_reg0, operation Mode is: (PCIN>>17)+(A:0xccfb)*B.
DSP Report: operator mul_scaled_result_reg0 is absorbed into DSP mul_scaled_result_reg0.
DSP Report: operator mul_scaled_result_reg0 is absorbed into DSP mul_scaled_result_reg0.
INFO: [Common 17-14] Message 'Synth 8-3886' appears 100 times and further instances of the messages will be disabled. Use the Tcl command set_msg_config to change the current settings.
INFO: [Synth 8-5544] ROM "get_shift_amount_const" won't be mapped to Block RAM because address size (2) smaller than threshold (5)
DSP Report: Generating DSP mul_scaled_result_reg0, operation Mode is: A*(B:0xccfb).
DSP Report: operator mul_scaled_result_reg0 is absorbed into DSP mul_scaled_result_reg0.
DSP Report: operator mul_scaled_result_reg0 is absorbed into DSP mul_scaled_result_reg0.
DSP Report: Generating DSP mul_scaled_result_reg0, operation Mode is: (PCIN>>17)+(A:0xccfb)*B.
DSP Report: operator mul_scaled_result_reg0 is absorbed into DSP mul_scaled_result_reg0.
DSP Report: operator mul_scaled_result_reg0 is absorbed into DSP mul_scaled_result_reg0.
INFO: [Synth 8-5544] ROM "get_shift_amount_const" won't be mapped to Block RAM because address size (2) smaller than threshold (5)
DSP Report: Generating DSP mul_scaled_result_reg0, operation Mode is: A*(B:0xccfb).
DSP Report: operator mul_scaled_result_reg0 is absorbed into DSP mul_scaled_result_reg0.
DSP Report: operator mul_scaled_result_reg0 is absorbed into DSP mul_scaled_result_reg0.
DSP Report: Generating DSP mul_scaled_result_reg0, operation Mode is: (PCIN>>17)+(A:0xccfb)*B.
DSP Report: operator mul_scaled_result_reg0 is absorbed into DSP mul_scaled_result_reg0.
DSP Report: operator mul_scaled_result_reg0 is absorbed into DSP mul_scaled_result_reg0.
INFO: [Synth 8-5544] ROM "get_shift_amount_const" won't be mapped to Block RAM because address size (2) smaller than threshold (5)
DSP Report: Generating DSP mul_scaled_result_reg0, operation Mode is: A*(B:0xccfb).
DSP Report: operator mul_scaled_result_reg0 is absorbed into DSP mul_scaled_result_reg0.
DSP Report: operator mul_scaled_result_reg0 is absorbed into DSP mul_scaled_result_reg0.
DSP Report: Generating DSP mul_scaled_result_reg0, operation Mode is: (PCIN>>17)+(A:0xccfb)*B.
DSP Report: operator mul_scaled_result_reg0 is absorbed into DSP mul_scaled_result_reg0.
DSP Report: operator mul_scaled_result_reg0 is absorbed into DSP mul_scaled_result_reg0.
INFO: [Synth 8-5544] ROM "get_shift_amount_const" won't be mapped to Block RAM because address size (2) smaller than threshold (5)
DSP Report: Generating DSP mul_scaled_result_reg0, operation Mode is: A*(B:0xccfb).
DSP Report: operator mul_scaled_result_reg0 is absorbed into DSP mul_scaled_result_reg0.
DSP Report: operator mul_scaled_result_reg0 is absorbed into DSP mul_scaled_result_reg0.
DSP Report: Generating DSP mul_scaled_result_reg0, operation Mode is: (PCIN>>17)+(A:0xccfb)*B.
DSP Report: operator mul_scaled_result_reg0 is absorbed into DSP mul_scaled_result_reg0.
DSP Report: operator mul_scaled_result_reg0 is absorbed into DSP mul_scaled_result_reg0.
INFO: [Synth 8-5544] ROM "get_shift_amount_const" won't be mapped to Block RAM because address size (2) smaller than threshold (5)
DSP Report: Generating DSP mul_scaled_result_reg0, operation Mode is: A*(B:0xccfb).
DSP Report: operator mul_scaled_result_reg0 is absorbed into DSP mul_scaled_result_reg0.
DSP Report: operator mul_scaled_result_reg0 is absorbed into DSP mul_scaled_result_reg0.
DSP Report: Generating DSP mul_scaled_result_reg0, operation Mode is: (PCIN>>17)+(A:0xccfb)*B.
DSP Report: operator mul_scaled_result_reg0 is absorbed into DSP mul_scaled_result_reg0.
DSP Report: operator mul_scaled_result_reg0 is absorbed into DSP mul_scaled_result_reg0.
INFO: [Synth 8-5544] ROM "get_shift_amount_const" won't be mapped to Block RAM because address size (2) smaller than threshold (5)
DSP Report: Generating DSP mul_scaled_result_reg0, operation Mode is: A*(B:0xccfb).
DSP Report: operator mul_scaled_result_reg0 is absorbed into DSP mul_scaled_result_reg0.
DSP Report: operator mul_scaled_result_reg0 is absorbed into DSP mul_scaled_result_reg0.
DSP Report: Generating DSP mul_scaled_result_reg0, operation Mode is: (PCIN>>17)+(A:0xccfb)*B.
DSP Report: operator mul_scaled_result_reg0 is absorbed into DSP mul_scaled_result_reg0.
DSP Report: operator mul_scaled_result_reg0 is absorbed into DSP mul_scaled_result_reg0.
INFO: [Synth 8-5544] ROM "get_shift_amount_const" won't be mapped to Block RAM because address size (2) smaller than threshold (5)
DSP Report: Generating DSP mul_scaled_result_reg0, operation Mode is: A*(B:0xccfb).
DSP Report: operator mul_scaled_result_reg0 is absorbed into DSP mul_scaled_result_reg0.
DSP Report: operator mul_scaled_result_reg0 is absorbed into DSP mul_scaled_result_reg0.
DSP Report: Generating DSP mul_scaled_result_reg0, operation Mode is: (PCIN>>17)+(A:0xccfb)*B.
DSP Report: operator mul_scaled_result_reg0 is absorbed into DSP mul_scaled_result_reg0.
DSP Report: operator mul_scaled_result_reg0 is absorbed into DSP mul_scaled_result_reg0.
INFO: [Synth 8-5544] ROM "get_shift_amount_const" won't be mapped to Block RAM because address size (2) smaller than threshold (5)
DSP Report: Generating DSP mul_scaled_result_reg0, operation Mode is: A*(B:0xccfb).
DSP Report: operator mul_scaled_result_reg0 is absorbed into DSP mul_scaled_result_reg0.
DSP Report: operator mul_scaled_result_reg0 is absorbed into DSP mul_scaled_result_reg0.
DSP Report: Generating DSP mul_scaled_result_reg0, operation Mode is: (PCIN>>17)+(A:0xccfb)*B.
DSP Report: operator mul_scaled_result_reg0 is absorbed into DSP mul_scaled_result_reg0.
DSP Report: operator mul_scaled_result_reg0 is absorbed into DSP mul_scaled_result_reg0.
INFO: [Synth 8-5544] ROM "get_shift_amount_const" won't be mapped to Block RAM because address size (2) smaller than threshold (5)
DSP Report: Generating DSP mul_scaled_result_reg0, operation Mode is: A*(B:0xccfb).
DSP Report: operator mul_scaled_result_reg0 is absorbed into DSP mul_scaled_result_reg0.
DSP Report: operator mul_scaled_result_reg0 is absorbed into DSP mul_scaled_result_reg0.
DSP Report: Generating DSP mul_scaled_result_reg0, operation Mode is: (PCIN>>17)+(A:0xccfb)*B.
DSP Report: operator mul_scaled_result_reg0 is absorbed into DSP mul_scaled_result_reg0.
DSP Report: operator mul_scaled_result_reg0 is absorbed into DSP mul_scaled_result_reg0.
INFO: [Synth 8-5544] ROM "get_shift_amount_const" won't be mapped to Block RAM because address size (2) smaller than threshold (5)
DSP Report: Generating DSP mul_scaled_result_reg0, operation Mode is: A*(B:0xccfb).
DSP Report: operator mul_scaled_result_reg0 is absorbed into DSP mul_scaled_result_reg0.
DSP Report: operator mul_scaled_result_reg0 is absorbed into DSP mul_scaled_result_reg0.
DSP Report: Generating DSP mul_scaled_result_reg0, operation Mode is: (PCIN>>17)+(A:0xccfb)*B.
DSP Report: operator mul_scaled_result_reg0 is absorbed into DSP mul_scaled_result_reg0.
DSP Report: operator mul_scaled_result_reg0 is absorbed into DSP mul_scaled_result_reg0.
INFO: [Synth 8-5544] ROM "get_shift_amount_const" won't be mapped to Block RAM because address size (2) smaller than threshold (5)
DSP Report: Generating DSP mul_scaled_result_reg0, operation Mode is: A*(B:0xccfb).
DSP Report: operator mul_scaled_result_reg0 is absorbed into DSP mul_scaled_result_reg0.
DSP Report: operator mul_scaled_result_reg0 is absorbed into DSP mul_scaled_result_reg0.
DSP Report: Generating DSP mul_scaled_result_reg0, operation Mode is: (PCIN>>17)+(A:0xccfb)*B.
DSP Report: operator mul_scaled_result_reg0 is absorbed into DSP mul_scaled_result_reg0.
DSP Report: operator mul_scaled_result_reg0 is absorbed into DSP mul_scaled_result_reg0.
INFO: [Synth 8-5544] ROM "get_shift_amount_const" won't be mapped to Block RAM because address size (2) smaller than threshold (5)
DSP Report: Generating DSP mul_scaled_result_reg0, operation Mode is: A*(B:0xccfb).
DSP Report: operator mul_scaled_result_reg0 is absorbed into DSP mul_scaled_result_reg0.
DSP Report: operator mul_scaled_result_reg0 is absorbed into DSP mul_scaled_result_reg0.
DSP Report: Generating DSP mul_scaled_result_reg0, operation Mode is: (PCIN>>17)+(A:0xccfb)*B.
DSP Report: operator mul_scaled_result_reg0 is absorbed into DSP mul_scaled_result_reg0.
DSP Report: operator mul_scaled_result_reg0 is absorbed into DSP mul_scaled_result_reg0.
INFO: [Synth 8-5544] ROM "get_shift_amount_const" won't be mapped to Block RAM because address size (2) smaller than threshold (5)
DSP Report: Generating DSP mul_scaled_result_reg0, operation Mode is: A*(B:0xccfb).
DSP Report: operator mul_scaled_result_reg0 is absorbed into DSP mul_scaled_result_reg0.
DSP Report: operator mul_scaled_result_reg0 is absorbed into DSP mul_scaled_result_reg0.
DSP Report: Generating DSP mul_scaled_result_reg0, operation Mode is: (PCIN>>17)+(A:0xccfb)*B.
DSP Report: operator mul_scaled_result_reg0 is absorbed into DSP mul_scaled_result_reg0.
DSP Report: operator mul_scaled_result_reg0 is absorbed into DSP mul_scaled_result_reg0.
INFO: [Synth 8-5544] ROM "get_shift_amount_const" won't be mapped to Block RAM because address size (2) smaller than threshold (5)
DSP Report: Generating DSP mul_scaled_result_reg0, operation Mode is: A*(B:0xccfb).
DSP Report: operator mul_scaled_result_reg0 is absorbed into DSP mul_scaled_result_reg0.
DSP Report: operator mul_scaled_result_reg0 is absorbed into DSP mul_scaled_result_reg0.
DSP Report: Generating DSP mul_scaled_result_reg0, operation Mode is: (PCIN>>17)+(A:0xccfb)*B.
DSP Report: operator mul_scaled_result_reg0 is absorbed into DSP mul_scaled_result_reg0.
DSP Report: operator mul_scaled_result_reg0 is absorbed into DSP mul_scaled_result_reg0.
INFO: [Synth 8-5544] ROM "get_shift_amount_const" won't be mapped to Block RAM because address size (2) smaller than threshold (5)
DSP Report: Generating DSP mul_scaled_result_reg0, operation Mode is: A*(B:0xccfb).
DSP Report: operator mul_scaled_result_reg0 is absorbed into DSP mul_scaled_result_reg0.
DSP Report: operator mul_scaled_result_reg0 is absorbed into DSP mul_scaled_result_reg0.
DSP Report: Generating DSP mul_scaled_result_reg0, operation Mode is: (PCIN>>17)+(A:0xccfb)*B.
DSP Report: operator mul_scaled_result_reg0 is absorbed into DSP mul_scaled_result_reg0.
DSP Report: operator mul_scaled_result_reg0 is absorbed into DSP mul_scaled_result_reg0.
INFO: [Synth 8-5544] ROM "get_shift_amount_const" won't be mapped to Block RAM because address size (2) smaller than threshold (5)
DSP Report: Generating DSP mul_scaled_result_reg0, operation Mode is: A*(B:0xccfb).
DSP Report: operator mul_scaled_result_reg0 is absorbed into DSP mul_scaled_result_reg0.
DSP Report: operator mul_scaled_result_reg0 is absorbed into DSP mul_scaled_result_reg0.
DSP Report: Generating DSP mul_scaled_result_reg0, operation Mode is: (PCIN>>17)+(A:0xccfb)*B.
DSP Report: operator mul_scaled_result_reg0 is absorbed into DSP mul_scaled_result_reg0.
DSP Report: operator mul_scaled_result_reg0 is absorbed into DSP mul_scaled_result_reg0.
INFO: [Synth 8-5544] ROM "get_shift_amount_const" won't be mapped to Block RAM because address size (2) smaller than threshold (5)
DSP Report: Generating DSP mul_scaled_result_reg0, operation Mode is: A*(B:0xccfb).
DSP Report: operator mul_scaled_result_reg0 is absorbed into DSP mul_scaled_result_reg0.
DSP Report: operator mul_scaled_result_reg0 is absorbed into DSP mul_scaled_result_reg0.
DSP Report: Generating DSP mul_scaled_result_reg0, operation Mode is: (PCIN>>17)+(A:0xccfb)*B.
DSP Report: operator mul_scaled_result_reg0 is absorbed into DSP mul_scaled_result_reg0.
DSP Report: operator mul_scaled_result_reg0 is absorbed into DSP mul_scaled_result_reg0.
INFO: [Synth 8-5544] ROM "get_shift_amount_const" won't be mapped to Block RAM because address size (2) smaller than threshold (5)
DSP Report: Generating DSP mul_scaled_result_reg0, operation Mode is: A*(B:0xccfb).
DSP Report: operator mul_scaled_result_reg0 is absorbed into DSP mul_scaled_result_reg0.
DSP Report: operator mul_scaled_result_reg0 is absorbed into DSP mul_scaled_result_reg0.
DSP Report: Generating DSP mul_scaled_result_reg0, operation Mode is: (PCIN>>17)+(A:0xccfb)*B.
DSP Report: operator mul_scaled_result_reg0 is absorbed into DSP mul_scaled_result_reg0.
DSP Report: operator mul_scaled_result_reg0 is absorbed into DSP mul_scaled_result_reg0.
INFO: [Synth 8-5544] ROM "get_shift_amount_const" won't be mapped to Block RAM because address size (2) smaller than threshold (5)
DSP Report: Generating DSP mul_scaled_result_reg0, operation Mode is: A*(B:0xccfb).
DSP Report: operator mul_scaled_result_reg0 is absorbed into DSP mul_scaled_result_reg0.
DSP Report: operator mul_scaled_result_reg0 is absorbed into DSP mul_scaled_result_reg0.
DSP Report: Generating DSP mul_scaled_result_reg0, operation Mode is: (PCIN>>17)+(A:0xccfb)*B.
DSP Report: operator mul_scaled_result_reg0 is absorbed into DSP mul_scaled_result_reg0.
DSP Report: operator mul_scaled_result_reg0 is absorbed into DSP mul_scaled_result_reg0.
INFO: [Synth 8-5544] ROM "get_shift_amount_const" won't be mapped to Block RAM because address size (2) smaller than threshold (5)
DSP Report: Generating DSP mul_scaled_result_reg0, operation Mode is: A*(B:0xccfb).
DSP Report: operator mul_scaled_result_reg0 is absorbed into DSP mul_scaled_result_reg0.
DSP Report: operator mul_scaled_result_reg0 is absorbed into DSP mul_scaled_result_reg0.
DSP Report: Generating DSP mul_scaled_result_reg0, operation Mode is: (PCIN>>17)+(A:0xccfb)*B.
DSP Report: operator mul_scaled_result_reg0 is absorbed into DSP mul_scaled_result_reg0.
DSP Report: operator mul_scaled_result_reg0 is absorbed into DSP mul_scaled_result_reg0.
INFO: [Common 17-14] Message 'Synth 8-3886' appears 100 times and further instances of the messages will be disabled. Use the Tcl command set_msg_config to change the current settings.
DSP Report: Generating DSP accums_reg[0]1, operation Mode is: C+A*B.
DSP Report: operator accums_reg[0]1 is absorbed into DSP accums_reg[0]1.
DSP Report: operator p_0_in is absorbed into DSP accums_reg[0]1.
DSP Report: Generating DSP accums_reg[1]1, operation Mode is: C+A*B.
DSP Report: operator accums_reg[1]1 is absorbed into DSP accums_reg[1]1.
DSP Report: operator p_0_in is absorbed into DSP accums_reg[1]1.
DSP Report: Generating DSP accums_reg[2]1, operation Mode is: C+A*B.
DSP Report: operator accums_reg[2]1 is absorbed into DSP accums_reg[2]1.
DSP Report: operator p_0_in is absorbed into DSP accums_reg[2]1.
DSP Report: Generating DSP accums_reg[3]1, operation Mode is: C+A*B.
DSP Report: operator accums_reg[3]1 is absorbed into DSP accums_reg[3]1.
DSP Report: operator p_0_in is absorbed into DSP accums_reg[3]1.
DSP Report: Generating DSP accums_reg[4]1, operation Mode is: C+A*B.
DSP Report: operator accums_reg[4]1 is absorbed into DSP accums_reg[4]1.
DSP Report: operator p_0_in is absorbed into DSP accums_reg[4]1.
DSP Report: Generating DSP accums_reg[5]1, operation Mode is: C+A*B.
DSP Report: operator accums_reg[5]1 is absorbed into DSP accums_reg[5]1.
DSP Report: operator p_0_in is absorbed into DSP accums_reg[5]1.
DSP Report: Generating DSP accums_reg[6]1, operation Mode is: C+A*B.
DSP Report: operator accums_reg[6]1 is absorbed into DSP accums_reg[6]1.
DSP Report: operator p_0_in is absorbed into DSP accums_reg[6]1.
DSP Report: Generating DSP accums_reg[7]1, operation Mode is: C+A*B.
DSP Report: operator accums_reg[7]1 is absorbed into DSP accums_reg[7]1.
DSP Report: operator p_0_in is absorbed into DSP accums_reg[7]1.
DSP Report: Generating DSP accums_reg[8]1, operation Mode is: C+A*B.
DSP Report: operator accums_reg[8]1 is absorbed into DSP accums_reg[8]1.
DSP Report: operator p_0_in is absorbed into DSP accums_reg[8]1.
DSP Report: Generating DSP accums_reg[9]1, operation Mode is: C+A*B.
DSP Report: operator accums_reg[9]1 is absorbed into DSP accums_reg[9]1.
DSP Report: operator p_0_in is absorbed into DSP accums_reg[9]1.
DSP Report: Generating DSP accums_reg[10]1, operation Mode is: C+A*B.
DSP Report: operator accums_reg[10]1 is absorbed into DSP accums_reg[10]1.
DSP Report: operator p_0_in is absorbed into DSP accums_reg[10]1.
DSP Report: Generating DSP accums_reg[11]1, operation Mode is: C+A*B.
DSP Report: operator accums_reg[11]1 is absorbed into DSP accums_reg[11]1.
DSP Report: operator p_0_in is absorbed into DSP accums_reg[11]1.
DSP Report: Generating DSP accums_reg[12]1, operation Mode is: C+A*B.
DSP Report: operator accums_reg[12]1 is absorbed into DSP accums_reg[12]1.
DSP Report: operator p_0_in is absorbed into DSP accums_reg[12]1.
DSP Report: Generating DSP accums_reg[13]1, operation Mode is: C+A*B.
DSP Report: operator accums_reg[13]1 is absorbed into DSP accums_reg[13]1.
DSP Report: operator p_0_in is absorbed into DSP accums_reg[13]1.
DSP Report: Generating DSP accums_reg[14]1, operation Mode is: C+A*B.
DSP Report: operator accums_reg[14]1 is absorbed into DSP accums_reg[14]1.
DSP Report: operator p_0_in is absorbed into DSP accums_reg[14]1.
DSP Report: Generating DSP accums_reg[15]1, operation Mode is: C+A*B.
DSP Report: operator accums_reg[15]1 is absorbed into DSP accums_reg[15]1.
DSP Report: operator p_0_in is absorbed into DSP accums_reg[15]1.
INFO: [Synth 8-5544] ROM "get_shift_amount_const0" won't be mapped to Block RAM because address size (2) smaller than threshold (5)
DSP Report: Generating DSP mul_scaled_result_reg0, operation Mode is: A*(B:0xccfb).
DSP Report: operator mul_scaled_result_reg0 is absorbed into DSP mul_scaled_result_reg0.
DSP Report: operator mul_scaled_result_reg0 is absorbed into DSP mul_scaled_result_reg0.
DSP Report: Generating DSP mul_scaled_result_reg0, operation Mode is: (PCIN>>17)+(A:0xccfb)*B.
DSP Report: operator mul_scaled_result_reg0 is absorbed into DSP mul_scaled_result_reg0.
DSP Report: operator mul_scaled_result_reg0 is absorbed into DSP mul_scaled_result_reg0.
INFO: [Synth 8-5544] ROM "get_shift_amount_const0" won't be mapped to Block RAM because address size (2) smaller than threshold (5)
DSP Report: Generating DSP mul_scaled_result_reg0, operation Mode is: A*(B:0xccfb).
DSP Report: operator mul_scaled_result_reg0 is absorbed into DSP mul_scaled_result_reg0.
DSP Report: operator mul_scaled_result_reg0 is absorbed into DSP mul_scaled_result_reg0.
DSP Report: Generating DSP mul_scaled_result_reg0, operation Mode is: (PCIN>>17)+(A:0xccfb)*B.
DSP Report: operator mul_scaled_result_reg0 is absorbed into DSP mul_scaled_result_reg0.
DSP Report: operator mul_scaled_result_reg0 is absorbed into DSP mul_scaled_result_reg0.
INFO: [Synth 8-5544] ROM "get_shift_amount_const0" won't be mapped to Block RAM because address size (2) smaller than threshold (5)
DSP Report: Generating DSP mul_scaled_result_reg0, operation Mode is: A*(B:0xccfb).
DSP Report: operator mul_scaled_result_reg0 is absorbed into DSP mul_scaled_result_reg0.
DSP Report: operator mul_scaled_result_reg0 is absorbed into DSP mul_scaled_result_reg0.
DSP Report: Generating DSP mul_scaled_result_reg0, operation Mode is: (PCIN>>17)+(A:0xccfb)*B.
DSP Report: operator mul_scaled_result_reg0 is absorbed into DSP mul_scaled_result_reg0.
DSP Report: operator mul_scaled_result_reg0 is absorbed into DSP mul_scaled_result_reg0.
INFO: [Synth 8-5544] ROM "get_shift_amount_const0" won't be mapped to Block RAM because address size (2) smaller than threshold (5)
DSP Report: Generating DSP mul_scaled_result_reg0, operation Mode is: A*(B:0xccfb).
DSP Report: operator mul_scaled_result_reg0 is absorbed into DSP mul_scaled_result_reg0.
DSP Report: operator mul_scaled_result_reg0 is absorbed into DSP mul_scaled_result_reg0.
DSP Report: Generating DSP mul_scaled_result_reg0, operation Mode is: (PCIN>>17)+(A:0xccfb)*B.
DSP Report: operator mul_scaled_result_reg0 is absorbed into DSP mul_scaled_result_reg0.
DSP Report: operator mul_scaled_result_reg0 is absorbed into DSP mul_scaled_result_reg0.
INFO: [Synth 8-5544] ROM "get_shift_amount_const0" won't be mapped to Block RAM because address size (2) smaller than threshold (5)
DSP Report: Generating DSP mul_scaled_result_reg0, operation Mode is: A*(B:0xccfb).
DSP Report: operator mul_scaled_result_reg0 is absorbed into DSP mul_scaled_result_reg0.
DSP Report: operator mul_scaled_result_reg0 is absorbed into DSP mul_scaled_result_reg0.
DSP Report: Generating DSP mul_scaled_result_reg0, operation Mode is: (PCIN>>17)+(A:0xccfb)*B.
DSP Report: operator mul_scaled_result_reg0 is absorbed into DSP mul_scaled_result_reg0.
DSP Report: operator mul_scaled_result_reg0 is absorbed into DSP mul_scaled_result_reg0.
INFO: [Synth 8-5544] ROM "get_shift_amount_const0" won't be mapped to Block RAM because address size (2) smaller than threshold (5)
DSP Report: Generating DSP mul_scaled_result_reg0, operation Mode is: A*(B:0xccfb).
DSP Report: operator mul_scaled_result_reg0 is absorbed into DSP mul_scaled_result_reg0.
DSP Report: operator mul_scaled_result_reg0 is absorbed into DSP mul_scaled_result_reg0.
DSP Report: Generating DSP mul_scaled_result_reg0, operation Mode is: (PCIN>>17)+(A:0xccfb)*B.
DSP Report: operator mul_scaled_result_reg0 is absorbed into DSP mul_scaled_result_reg0.
DSP Report: operator mul_scaled_result_reg0 is absorbed into DSP mul_scaled_result_reg0.
INFO: [Synth 8-5544] ROM "get_shift_amount_const0" won't be mapped to Block RAM because address size (2) smaller than threshold (5)
DSP Report: Generating DSP mul_scaled_result_reg0, operation Mode is: A*(B:0xccfb).
DSP Report: operator mul_scaled_result_reg0 is absorbed into DSP mul_scaled_result_reg0.
DSP Report: operator mul_scaled_result_reg0 is absorbed into DSP mul_scaled_result_reg0.
DSP Report: Generating DSP mul_scaled_result_reg0, operation Mode is: (PCIN>>17)+(A:0xccfb)*B.
DSP Report: operator mul_scaled_result_reg0 is absorbed into DSP mul_scaled_result_reg0.
DSP Report: operator mul_scaled_result_reg0 is absorbed into DSP mul_scaled_result_reg0.
INFO: [Synth 8-5544] ROM "get_shift_amount_const0" won't be mapped to Block RAM because address size (2) smaller than threshold (5)
DSP Report: Generating DSP mul_scaled_result_reg0, operation Mode is: A*(B:0xccfb).
DSP Report: operator mul_scaled_result_reg0 is absorbed into DSP mul_scaled_result_reg0.
DSP Report: operator mul_scaled_result_reg0 is absorbed into DSP mul_scaled_result_reg0.
DSP Report: Generating DSP mul_scaled_result_reg0, operation Mode is: (PCIN>>17)+(A:0xccfb)*B.
DSP Report: operator mul_scaled_result_reg0 is absorbed into DSP mul_scaled_result_reg0.
DSP Report: operator mul_scaled_result_reg0 is absorbed into DSP mul_scaled_result_reg0.
INFO: [Synth 8-5544] ROM "get_shift_amount_const0" won't be mapped to Block RAM because address size (2) smaller than threshold (5)
DSP Report: Generating DSP mul_scaled_result_reg0, operation Mode is: A*(B:0xccfb).
DSP Report: operator mul_scaled_result_reg0 is absorbed into DSP mul_scaled_result_reg0.
DSP Report: operator mul_scaled_result_reg0 is absorbed into DSP mul_scaled_result_reg0.
DSP Report: Generating DSP mul_scaled_result_reg0, operation Mode is: (PCIN>>17)+(A:0xccfb)*B.
DSP Report: operator mul_scaled_result_reg0 is absorbed into DSP mul_scaled_result_reg0.
DSP Report: operator mul_scaled_result_reg0 is absorbed into DSP mul_scaled_result_reg0.
INFO: [Synth 8-5544] ROM "get_shift_amount_const0" won't be mapped to Block RAM because address size (2) smaller than threshold (5)
DSP Report: Generating DSP mul_scaled_result_reg0, operation Mode is: A*(B:0xccfb).
DSP Report: operator mul_scaled_result_reg0 is absorbed into DSP mul_scaled_result_reg0.
DSP Report: operator mul_scaled_result_reg0 is absorbed into DSP mul_scaled_result_reg0.
DSP Report: Generating DSP mul_scaled_result_reg0, operation Mode is: (PCIN>>17)+(A:0xccfb)*B.
DSP Report: operator mul_scaled_result_reg0 is absorbed into DSP mul_scaled_result_reg0.
DSP Report: operator mul_scaled_result_reg0 is absorbed into DSP mul_scaled_result_reg0.
INFO: [Synth 8-5544] ROM "get_shift_amount_const0" won't be mapped to Block RAM because address size (2) smaller than threshold (5)
DSP Report: Generating DSP mul_scaled_result_reg0, operation Mode is: A*(B:0xccfb).
DSP Report: operator mul_scaled_result_reg0 is absorbed into DSP mul_scaled_result_reg0.
DSP Report: operator mul_scaled_result_reg0 is absorbed into DSP mul_scaled_result_reg0.
DSP Report: Generating DSP mul_scaled_result_reg0, operation Mode is: (PCIN>>17)+(A:0xccfb)*B.
DSP Report: operator mul_scaled_result_reg0 is absorbed into DSP mul_scaled_result_reg0.
DSP Report: operator mul_scaled_result_reg0 is absorbed into DSP mul_scaled_result_reg0.
INFO: [Synth 8-5544] ROM "get_shift_amount_const0" won't be mapped to Block RAM because address size (2) smaller than threshold (5)
DSP Report: Generating DSP mul_scaled_result_reg0, operation Mode is: A*(B:0xccfb).
DSP Report: operator mul_scaled_result_reg0 is absorbed into DSP mul_scaled_result_reg0.
DSP Report: operator mul_scaled_result_reg0 is absorbed into DSP mul_scaled_result_reg0.
DSP Report: Generating DSP mul_scaled_result_reg0, operation Mode is: (PCIN>>17)+(A:0xccfb)*B.
DSP Report: operator mul_scaled_result_reg0 is absorbed into DSP mul_scaled_result_reg0.
DSP Report: operator mul_scaled_result_reg0 is absorbed into DSP mul_scaled_result_reg0.
INFO: [Synth 8-5544] ROM "get_shift_amount_const0" won't be mapped to Block RAM because address size (2) smaller than threshold (5)
DSP Report: Generating DSP mul_scaled_result_reg0, operation Mode is: A*(B:0xccfb).
DSP Report: operator mul_scaled_result_reg0 is absorbed into DSP mul_scaled_result_reg0.
DSP Report: operator mul_scaled_result_reg0 is absorbed into DSP mul_scaled_result_reg0.
DSP Report: Generating DSP mul_scaled_result_reg0, operation Mode is: (PCIN>>17)+(A:0xccfb)*B.
DSP Report: operator mul_scaled_result_reg0 is absorbed into DSP mul_scaled_result_reg0.
DSP Report: operator mul_scaled_result_reg0 is absorbed into DSP mul_scaled_result_reg0.
INFO: [Synth 8-5544] ROM "get_shift_amount_const0" won't be mapped to Block RAM because address size (2) smaller than threshold (5)
DSP Report: Generating DSP mul_scaled_result_reg0, operation Mode is: A*(B:0xccfb).
DSP Report: operator mul_scaled_result_reg0 is absorbed into DSP mul_scaled_result_reg0.
DSP Report: operator mul_scaled_result_reg0 is absorbed into DSP mul_scaled_result_reg0.
DSP Report: Generating DSP mul_scaled_result_reg0, operation Mode is: (PCIN>>17)+(A:0xccfb)*B.
DSP Report: operator mul_scaled_result_reg0 is absorbed into DSP mul_scaled_result_reg0.
DSP Report: operator mul_scaled_result_reg0 is absorbed into DSP mul_scaled_result_reg0.
INFO: [Synth 8-5544] ROM "get_shift_amount_const0" won't be mapped to Block RAM because address size (2) smaller than threshold (5)
DSP Report: Generating DSP mul_scaled_result_reg0, operation Mode is: A*(B:0xccfb).
DSP Report: operator mul_scaled_result_reg0 is absorbed into DSP mul_scaled_result_reg0.
DSP Report: operator mul_scaled_result_reg0 is absorbed into DSP mul_scaled_result_reg0.
DSP Report: Generating DSP mul_scaled_result_reg0, operation Mode is: (PCIN>>17)+(A:0xccfb)*B.
DSP Report: operator mul_scaled_result_reg0 is absorbed into DSP mul_scaled_result_reg0.
DSP Report: operator mul_scaled_result_reg0 is absorbed into DSP mul_scaled_result_reg0.
INFO: [Synth 8-5544] ROM "get_shift_amount_const0" won't be mapped to Block RAM because address size (2) smaller than threshold (5)
DSP Report: Generating DSP mul_scaled_result_reg0, operation Mode is: A*(B:0xccfb).
DSP Report: operator mul_scaled_result_reg0 is absorbed into DSP mul_scaled_result_reg0.
DSP Report: operator mul_scaled_result_reg0 is absorbed into DSP mul_scaled_result_reg0.
DSP Report: Generating DSP mul_scaled_result_reg0, operation Mode is: (PCIN>>17)+(A:0xccfb)*B.
DSP Report: operator mul_scaled_result_reg0 is absorbed into DSP mul_scaled_result_reg0.
DSP Report: operator mul_scaled_result_reg0 is absorbed into DSP mul_scaled_result_reg0.
INFO: [Synth 8-5544] ROM "get_shift_amount_const0" won't be mapped to Block RAM because address size (2) smaller than threshold (5)
DSP Report: Generating DSP mul_scaled_result_reg0, operation Mode is: A*(B:0xccfb).
DSP Report: operator mul_scaled_result_reg0 is absorbed into DSP mul_scaled_result_reg0.
DSP Report: operator mul_scaled_result_reg0 is absorbed into DSP mul_scaled_result_reg0.
DSP Report: Generating DSP mul_scaled_result_reg0, operation Mode is: (PCIN>>17)+(A:0xccfb)*B.
DSP Report: operator mul_scaled_result_reg0 is absorbed into DSP mul_scaled_result_reg0.
DSP Report: operator mul_scaled_result_reg0 is absorbed into DSP mul_scaled_result_reg0.
INFO: [Synth 8-5544] ROM "get_shift_amount_const0" won't be mapped to Block RAM because address size (2) smaller than threshold (5)
DSP Report: Generating DSP mul_scaled_result_reg0, operation Mode is: A*(B:0xccfb).
DSP Report: operator mul_scaled_result_reg0 is absorbed into DSP mul_scaled_result_reg0.
DSP Report: operator mul_scaled_result_reg0 is absorbed into DSP mul_scaled_result_reg0.
DSP Report: Generating DSP mul_scaled_result_reg0, operation Mode is: (PCIN>>17)+(A:0xccfb)*B.
DSP Report: operator mul_scaled_result_reg0 is absorbed into DSP mul_scaled_result_reg0.
DSP Report: operator mul_scaled_result_reg0 is absorbed into DSP mul_scaled_result_reg0.
INFO: [Synth 8-5544] ROM "get_shift_amount_const0" won't be mapped to Block RAM because address size (2) smaller than threshold (5)
DSP Report: Generating DSP mul_scaled_result_reg0, operation Mode is: A*(B:0xccfb).
DSP Report: operator mul_scaled_result_reg0 is absorbed into DSP mul_scaled_result_reg0.
DSP Report: operator mul_scaled_result_reg0 is absorbed into DSP mul_scaled_result_reg0.
DSP Report: Generating DSP mul_scaled_result_reg0, operation Mode is: (PCIN>>17)+(A:0xccfb)*B.
DSP Report: operator mul_scaled_result_reg0 is absorbed into DSP mul_scaled_result_reg0.
DSP Report: operator mul_scaled_result_reg0 is absorbed into DSP mul_scaled_result_reg0.
INFO: [Common 17-14] Message 'Synth 8-3886' appears 100 times and further instances of the messages will be disabled. Use the Tcl command set_msg_config to change the current settings.
INFO: [Synth 8-5544] ROM "get_shift_amount_const0" won't be mapped to Block RAM because address size (2) smaller than threshold (5)
DSP Report: Generating DSP mul_scaled_result_reg0, operation Mode is: A*(B:0xccfb).
DSP Report: operator mul_scaled_result_reg0 is absorbed into DSP mul_scaled_result_reg0.
DSP Report: operator mul_scaled_result_reg0 is absorbed into DSP mul_scaled_result_reg0.
DSP Report: Generating DSP mul_scaled_result_reg0, operation Mode is: (PCIN>>17)+(A:0xccfb)*B.
DSP Report: operator mul_scaled_result_reg0 is absorbed into DSP mul_scaled_result_reg0.
DSP Report: operator mul_scaled_result_reg0 is absorbed into DSP mul_scaled_result_reg0.
INFO: [Synth 8-5544] ROM "get_shift_amount_const0" won't be mapped to Block RAM because address size (2) smaller than threshold (5)
DSP Report: Generating DSP mul_scaled_result_reg0, operation Mode is: A*(B:0xccfb).
DSP Report: operator mul_scaled_result_reg0 is absorbed into DSP mul_scaled_result_reg0.
DSP Report: operator mul_scaled_result_reg0 is absorbed into DSP mul_scaled_result_reg0.
DSP Report: Generating DSP mul_scaled_result_reg0, operation Mode is: (PCIN>>17)+(A:0xccfb)*B.
DSP Report: operator mul_scaled_result_reg0 is absorbed into DSP mul_scaled_result_reg0.
DSP Report: operator mul_scaled_result_reg0 is absorbed into DSP mul_scaled_result_reg0.
INFO: [Synth 8-5544] ROM "get_shift_amount_const0" won't be mapped to Block RAM because address size (2) smaller than threshold (5)
DSP Report: Generating DSP mul_scaled_result_reg0, operation Mode is: A*(B:0xccfb).
DSP Report: operator mul_scaled_result_reg0 is absorbed into DSP mul_scaled_result_reg0.
DSP Report: operator mul_scaled_result_reg0 is absorbed into DSP mul_scaled_result_reg0.
DSP Report: Generating DSP mul_scaled_result_reg0, operation Mode is: (PCIN>>17)+(A:0xccfb)*B.
DSP Report: operator mul_scaled_result_reg0 is absorbed into DSP mul_scaled_result_reg0.
DSP Report: operator mul_scaled_result_reg0 is absorbed into DSP mul_scaled_result_reg0.
INFO: [Synth 8-5544] ROM "get_shift_amount_const0" won't be mapped to Block RAM because address size (2) smaller than threshold (5)
DSP Report: Generating DSP mul_scaled_result_reg0, operation Mode is: A*(B:0xccfb).
DSP Report: operator mul_scaled_result_reg0 is absorbed into DSP mul_scaled_result_reg0.
DSP Report: operator mul_scaled_result_reg0 is absorbed into DSP mul_scaled_result_reg0.
DSP Report: Generating DSP mul_scaled_result_reg0, operation Mode is: (PCIN>>17)+(A:0xccfb)*B.
DSP Report: operator mul_scaled_result_reg0 is absorbed into DSP mul_scaled_result_reg0.
DSP Report: operator mul_scaled_result_reg0 is absorbed into DSP mul_scaled_result_reg0.
INFO: [Synth 8-5544] ROM "get_shift_amount_const0" won't be mapped to Block RAM because address size (2) smaller than threshold (5)
DSP Report: Generating DSP mul_scaled_result_reg0, operation Mode is: A*(B:0xccfb).
DSP Report: operator mul_scaled_result_reg0 is absorbed into DSP mul_scaled_result_reg0.
DSP Report: operator mul_scaled_result_reg0 is absorbed into DSP mul_scaled_result_reg0.
DSP Report: Generating DSP mul_scaled_result_reg0, operation Mode is: (PCIN>>17)+(A:0xccfb)*B.
DSP Report: operator mul_scaled_result_reg0 is absorbed into DSP mul_scaled_result_reg0.
DSP Report: operator mul_scaled_result_reg0 is absorbed into DSP mul_scaled_result_reg0.
INFO: [Synth 8-5544] ROM "get_shift_amount_const0" won't be mapped to Block RAM because address size (2) smaller than threshold (5)
DSP Report: Generating DSP mul_scaled_result_reg0, operation Mode is: A*(B:0xccfb).
DSP Report: operator mul_scaled_result_reg0 is absorbed into DSP mul_scaled_result_reg0.
DSP Report: operator mul_scaled_result_reg0 is absorbed into DSP mul_scaled_result_reg0.
DSP Report: Generating DSP mul_scaled_result_reg0, operation Mode is: (PCIN>>17)+(A:0xccfb)*B.
DSP Report: operator mul_scaled_result_reg0 is absorbed into DSP mul_scaled_result_reg0.
DSP Report: operator mul_scaled_result_reg0 is absorbed into DSP mul_scaled_result_reg0.
INFO: [Synth 8-5544] ROM "get_shift_amount_const0" won't be mapped to Block RAM because address size (2) smaller than threshold (5)
DSP Report: Generating DSP mul_scaled_result_reg0, operation Mode is: A*(B:0xccfb).
DSP Report: operator mul_scaled_result_reg0 is absorbed into DSP mul_scaled_result_reg0.
DSP Report: operator mul_scaled_result_reg0 is absorbed into DSP mul_scaled_result_reg0.
DSP Report: Generating DSP mul_scaled_result_reg0, operation Mode is: (PCIN>>17)+(A:0xccfb)*B.
DSP Report: operator mul_scaled_result_reg0 is absorbed into DSP mul_scaled_result_reg0.
DSP Report: operator mul_scaled_result_reg0 is absorbed into DSP mul_scaled_result_reg0.
INFO: [Synth 8-5544] ROM "get_shift_amount_const0" won't be mapped to Block RAM because address size (2) smaller than threshold (5)
DSP Report: Generating DSP mul_scaled_result_reg0, operation Mode is: A*(B:0xccfb).
DSP Report: operator mul_scaled_result_reg0 is absorbed into DSP mul_scaled_result_reg0.
DSP Report: operator mul_scaled_result_reg0 is absorbed into DSP mul_scaled_result_reg0.
DSP Report: Generating DSP mul_scaled_result_reg0, operation Mode is: (PCIN>>17)+(A:0xccfb)*B.
DSP Report: operator mul_scaled_result_reg0 is absorbed into DSP mul_scaled_result_reg0.
DSP Report: operator mul_scaled_result_reg0 is absorbed into DSP mul_scaled_result_reg0.
INFO: [Synth 8-5544] ROM "get_shift_amount_const0" won't be mapped to Block RAM because address size (2) smaller than threshold (5)
DSP Report: Generating DSP mul_scaled_result_reg0, operation Mode is: A*(B:0xccfb).
DSP Report: operator mul_scaled_result_reg0 is absorbed into DSP mul_scaled_result_reg0.
DSP Report: operator mul_scaled_result_reg0 is absorbed into DSP mul_scaled_result_reg0.
DSP Report: Generating DSP mul_scaled_result_reg0, operation Mode is: (PCIN>>17)+(A:0xccfb)*B.
DSP Report: operator mul_scaled_result_reg0 is absorbed into DSP mul_scaled_result_reg0.
DSP Report: operator mul_scaled_result_reg0 is absorbed into DSP mul_scaled_result_reg0.
INFO: [Common 17-14] Message 'Synth 8-3886' appears 100 times and further instances of the messages will be disabled. Use the Tcl command set_msg_config to change the current settings.
INFO: [Synth 8-3333] propagating constant 0 across sequential element (\resp_pending_status_reg[7] )
INFO: [Synth 8-3333] propagating constant 1 across sequential element (\tx_frame_reg[0][6] )
INFO: [Synth 8-3333] propagating constant 0 across sequential element (\tx_frame_reg[0][7] )
INFO: [Synth 8-5546] ROM "(null)[0].ok" won't be mapped to RAM because it is too sparse
INFO: [Synth 8-5546] ROM "(null)[1].ok" won't be mapped to RAM because it is too sparse
INFO: [Synth 8-5546] ROM "(null)[2].ok" won't be mapped to RAM because it is too sparse
INFO: [Synth 8-5546] ROM "(null)[3].ok" won't be mapped to RAM because it is too sparse
INFO: [Synth 8-5546] ROM "(null)[4].ok" won't be mapped to RAM because it is too sparse
INFO: [Synth 8-5546] ROM "(null)[5].ok" won't be mapped to RAM because it is too sparse
INFO: [Synth 8-5546] ROM "(null)[6].ok" won't be mapped to RAM because it is too sparse
INFO: [Synth 8-5546] ROM "(null)[7].ok" won't be mapped to RAM because it is too sparse
INFO: [Synth 8-5546] ROM "(null)[8].ok" won't be mapped to RAM because it is too sparse
INFO: [Synth 8-5546] ROM "(null)[9].ok" won't be mapped to RAM because it is too sparse
INFO: [Synth 8-5546] ROM "(null)[10].ok" won't be mapped to RAM because it is too sparse
INFO: [Synth 8-5546] ROM "(null)[11].ok" won't be mapped to RAM because it is too sparse
INFO: [Synth 8-5546] ROM "(null)[12].ok" won't be mapped to RAM because it is too sparse
INFO: [Synth 8-5546] ROM "(null)[13].ok" won't be mapped to RAM because it is too sparse
INFO: [Synth 8-5546] ROM "(null)[14].ok" won't be mapped to RAM because it is too sparse
INFO: [Synth 8-5546] ROM "(null)[15].ok" won't be mapped to RAM because it is too sparse
INFO: [Synth 8-5546] ROM "(null)[16].ok" won't be mapped to RAM because it is too sparse
INFO: [Synth 8-5546] ROM "(null)[17].ok" won't be mapped to RAM because it is too sparse
INFO: [Synth 8-5546] ROM "(null)[18].ok" won't be mapped to RAM because it is too sparse
INFO: [Synth 8-5546] ROM "(null)[19].ok" won't be mapped to RAM because it is too sparse
INFO: [Synth 8-5546] ROM "(null)[20].ok" won't be mapped to RAM because it is too sparse
INFO: [Synth 8-5546] ROM "(null)[21].ok" won't be mapped to RAM because it is too sparse
INFO: [Synth 8-5546] ROM "(null)[22].ok" won't be mapped to RAM because it is too sparse
INFO: [Synth 8-5546] ROM "(null)[23].ok" won't be mapped to RAM because it is too sparse
INFO: [Synth 8-5546] ROM "(null)[61].ok" won't be mapped to RAM because it is too sparse
INFO: [Synth 8-5546] ROM "(null)[62].ok" won't be mapped to RAM because it is too sparse
INFO: [Synth 8-5546] ROM "(null)[63].ok" won't be mapped to RAM because it is too sparse
INFO: [Synth 8-5546] ROM "(null)[0].ok" won't be mapped to RAM because it is too sparse
INFO: [Synth 8-5546] ROM "(null)[1].ok" won't be mapped to RAM because it is too sparse
INFO: [Synth 8-5546] ROM "(null)[2].ok" won't be mapped to RAM because it is too sparse
INFO: [Synth 8-5546] ROM "(null)[3].ok" won't be mapped to RAM because it is too sparse
INFO: [Synth 8-5546] ROM "(null)[4].ok" won't be mapped to RAM because it is too sparse
INFO: [Synth 8-5546] ROM "(null)[5].ok" won't be mapped to RAM because it is too sparse
INFO: [Synth 8-5546] ROM "(null)[6].ok" won't be mapped to RAM because it is too sparse
INFO: [Synth 8-5546] ROM "(null)[7].ok" won't be mapped to RAM because it is too sparse
INFO: [Synth 8-5546] ROM "(null)[8].ok" won't be mapped to RAM because it is too sparse
INFO: [Synth 8-5546] ROM "(null)[9].ok" won't be mapped to RAM because it is too sparse
INFO: [Synth 8-5546] ROM "(null)[10].ok" won't be mapped to RAM because it is too sparse
INFO: [Synth 8-5546] ROM "(null)[11].ok" won't be mapped to RAM because it is too sparse
INFO: [Synth 8-5546] ROM "(null)[12].ok" won't be mapped to RAM because it is too sparse
INFO: [Synth 8-5546] ROM "(null)[13].ok" won't be mapped to RAM because it is too sparse
INFO: [Synth 8-5546] ROM "(null)[14].ok" won't be mapped to RAM because it is too sparse
INFO: [Synth 8-5546] ROM "(null)[15].ok" won't be mapped to RAM because it is too sparse
INFO: [Synth 8-5546] ROM "(null)[16].ok" won't be mapped to RAM because it is too sparse
INFO: [Synth 8-5546] ROM "(null)[17].ok" won't be mapped to RAM because it is too sparse
INFO: [Synth 8-5546] ROM "(null)[18].ok" won't be mapped to RAM because it is too sparse
INFO: [Synth 8-5546] ROM "(null)[19].ok" won't be mapped to RAM because it is too sparse
INFO: [Synth 8-5546] ROM "(null)[20].ok" won't be mapped to RAM because it is too sparse
INFO: [Synth 8-5546] ROM "(null)[21].ok" won't be mapped to RAM because it is too sparse
INFO: [Synth 8-5546] ROM "(null)[22].ok" won't be mapped to RAM because it is too sparse
INFO: [Synth 8-5546] ROM "(null)[23].ok" won't be mapped to RAM because it is too sparse
INFO: [Synth 8-5546] ROM "(null)[61].ok" won't be mapped to RAM because it is too sparse
INFO: [Synth 8-5546] ROM "(null)[62].ok" won't be mapped to RAM because it is too sparse
INFO: [Synth 8-5546] ROM "(null)[63].ok" won't be mapped to RAM because it is too sparse
INFO: [Synth 8-3333] propagating constant 0 across sequential element (\resp_pending_len_reg[7] )
INFO: [Synth 8-5546] ROM "observations" won't be mapped to RAM because it is too sparse
INFO: [Synth 8-5546] ROM "observations" won't be mapped to RAM because it is too sparse
INFO: [Synth 8-5546] ROM "observations" won't be mapped to RAM because it is too sparse
INFO: [Synth 8-5546] ROM "observations" won't be mapped to RAM because it is too sparse
INFO: [Synth 8-5546] ROM "observations" won't be mapped to RAM because it is too sparse
INFO: [Synth 8-5546] ROM "observations" won't be mapped to RAM because it is too sparse
INFO: [Synth 8-5546] ROM "observations" won't be mapped to RAM because it is too sparse
INFO: [Synth 8-5546] ROM "observations" won't be mapped to RAM because it is too sparse
---------------------------------------------------------------------------------
Finished Cross Boundary and Area Optimization : Time (s): cpu = 00:01:22 ; elapsed = 00:01:39 . Memory (MB): peak = 2689.094 ; gain = 989.613 ; free physical = 1022 ; free virtual = 3842
---------------------------------------------------------------------------------
 Sort Area is neural_network_bitshift__GB9 p_0_out_6 : 0 0 : 2307 2307 : Used 1 time 100
 Sort Area is neural_network_bitshift__GB9 p_0_out_8 : 0 0 : 2307 2307 : Used 1 time 100
 Sort Area is neural_network_bitshift__GB5 mul_scaled_result_reg0_0 : 0 0 : 1545 2191 : Used 1 time 100
 Sort Area is neural_network_bitshift__GB4 mul_scaled_result_reg0_0 : 0 0 : 1545 2191 : Used 1 time 100
 Sort Area is neural_network_bitshift__GB7 mul_scaled_result_reg0_0 : 0 0 : 1545 2191 : Used 1 time 100
 Sort Area is neural_network_bitshift__GB14 mul_scaled_result_reg0_0 : 0 0 : 1545 2191 : Used 1 time 100
 Sort Area is neural_network_bitshift__GB13 mul_scaled_result_reg0_0 : 0 0 : 1545 2191 : Used 1 time 100
 Sort Area is neural_network_bitshift__GB12 mul_scaled_result_reg0_0 : 0 0 : 1545 2191 : Used 1 time 100
 Sort Area is neural_network_bitshift__GB3 mul_scaled_result_reg0_0 : 0 0 : 1545 2191 : Used 1 time 100
 Sort Area is neural_network_bitshift__GB11 mul_scaled_result_reg0_0 : 0 0 : 1545 2191 : Used 1 time 100
 Sort Area is neural_network_bitshift__GB1 mul_scaled_result_reg0_0 : 0 0 : 1545 2191 : Used 1 time 100
 Sort Area is neural_network_bitshift__GB2 mul_scaled_result_reg0_0 : 0 0 : 1545 2191 : Used 1 time 100
 Sort Area is neural_network_bitshift__GB6 mul_scaled_result_reg0_0 : 0 0 : 1545 2191 : Used 1 time 100
 Sort Area is neural_network_bitshift__GB5 mul_scaled_result_reg0_0 : 0 1 : 646 2191 : Used 1 time 100
 Sort Area is neural_network_bitshift__GB4 mul_scaled_result_reg0_0 : 0 1 : 646 2191 : Used 1 time 100
 Sort Area is neural_network_bitshift__GB7 mul_scaled_result_reg0_0 : 0 1 : 646 2191 : Used 1 time 100
 Sort Area is neural_network_bitshift__GB14 mul_scaled_result_reg0_0 : 0 1 : 646 2191 : Used 1 time 100
 Sort Area is neural_network_bitshift__GB13 mul_scaled_result_reg0_0 : 0 1 : 646 2191 : Used 1 time 100
 Sort Area is neural_network_bitshift__GB12 mul_scaled_result_reg0_0 : 0 1 : 646 2191 : Used 1 time 100
 Sort Area is neural_network_bitshift__GB3 mul_scaled_result_reg0_0 : 0 1 : 646 2191 : Used 1 time 100
 Sort Area is neural_network_bitshift__GB11 mul_scaled_result_reg0_0 : 0 1 : 646 2191 : Used 1 time 100
 Sort Area is neural_network_bitshift__GB1 mul_scaled_result_reg0_0 : 0 1 : 646 2191 : Used 1 time 100
 Sort Area is neural_network_bitshift__GB2 mul_scaled_result_reg0_0 : 0 1 : 646 2191 : Used 1 time 100
 Sort Area is neural_network_bitshift__GB6 mul_scaled_result_reg0_0 : 0 1 : 646 2191 : Used 1 time 100
 Sort Area is neural_network_bitshift__GB7 mul_scaled_result_reg0_10 : 0 0 : 1545 2191 : Used 1 time 100
 Sort Area is neural_network_bitshift__GB7 mul_scaled_result_reg0_10 : 0 1 : 646 2191 : Used 1 time 100
 Sort Area is neural_network_bitshift__GB0 mul_scaled_result_reg0_11 : 0 0 : 1545 2191 : Used 1 time 100
 Sort Area is neural_network_bitshift__GB0 mul_scaled_result_reg0_11 : 0 1 : 646 2191 : Used 1 time 100
 Sort Area is neural_network_bitshift__GB0 mul_scaled_result_reg0_14 : 0 0 : 1545 2191 : Used 1 time 100
 Sort Area is neural_network_bitshift__GB0 mul_scaled_result_reg0_14 : 0 1 : 646 2191 : Used 1 time 100
 Sort Area is neural_network_bitshift__GB0 mul_scaled_result_reg0_15 : 0 0 : 1545 2191 : Used 1 time 100
 Sort Area is neural_network_bitshift__GB0 mul_scaled_result_reg0_15 : 0 1 : 646 2191 : Used 1 time 100
 Sort Area is neural_network_bitshift__GB0 mul_scaled_result_reg0_16 : 0 0 : 1545 2191 : Used 1 time 100
 Sort Area is neural_network_bitshift__GB0 mul_scaled_result_reg0_16 : 0 1 : 646 2191 : Used 1 time 100
 Sort Area is neural_network_bitshift__GB0 mul_scaled_result_reg0_17 : 0 0 : 1545 2191 : Used 1 time 100
 Sort Area is neural_network_bitshift__GB0 mul_scaled_result_reg0_17 : 0 1 : 646 2191 : Used 1 time 100
 Sort Area is neural_network_bitshift__GB0 mul_scaled_result_reg0_18 : 0 0 : 1545 2191 : Used 1 time 100
 Sort Area is neural_network_bitshift__GB0 mul_scaled_result_reg0_18 : 0 1 : 646 2191 : Used 1 time 100
 Sort Area is neural_network_bitshift__GB0 mul_scaled_result_reg0_19 : 0 0 : 1545 2191 : Used 1 time 100
 Sort Area is neural_network_bitshift__GB0 mul_scaled_result_reg0_19 : 0 1 : 646 2191 : Used 1 time 100
 Sort Area is neural_network_bitshift__GB0 mul_scaled_result_reg0_1a : 0 0 : 1545 2191 : Used 1 time 100
 Sort Area is neural_network_bitshift__GB0 mul_scaled_result_reg0_1a : 0 1 : 646 2191 : Used 1 time 100
 Sort Area is neural_network_bitshift__GB0 mul_scaled_result_reg0_1b : 0 0 : 1545 2191 : Used 1 time 100
 Sort Area is neural_network_bitshift__GB0 mul_scaled_result_reg0_1b : 0 1 : 646 2191 : Used 1 time 100
 Sort Area is neural_network_bitshift__GB5 mul_scaled_result_reg0_3 : 0 0 : 1545 2191 : Used 1 time 100
 Sort Area is neural_network_bitshift__GB4 mul_scaled_result_reg0_3 : 0 0 : 1545 2191 : Used 1 time 100
 Sort Area is neural_network_bitshift__GB7 mul_scaled_result_reg0_3 : 0 0 : 1545 2191 : Used 1 time 100
 Sort Area is neural_network_bitshift__GB14 mul_scaled_result_reg0_3 : 0 0 : 1545 2191 : Used 1 time 100
 Sort Area is neural_network_bitshift__GB13 mul_scaled_result_reg0_3 : 0 0 : 1545 2191 : Used 1 time 100
 Sort Area is neural_network_bitshift__GB12 mul_scaled_result_reg0_3 : 0 0 : 1545 2191 : Used 1 time 100
 Sort Area is neural_network_bitshift__GB3 mul_scaled_result_reg0_3 : 0 0 : 1545 2191 : Used 1 time 100
 Sort Area is neural_network_bitshift__GB11 mul_scaled_result_reg0_3 : 0 0 : 1545 2191 : Used 1 time 100
 Sort Area is neural_network_bitshift__GB1 mul_scaled_result_reg0_3 : 0 0 : 1545 2191 : Used 1 time 100
 Sort Area is neural_network_bitshift__GB2 mul_scaled_result_reg0_3 : 0 0 : 1545 2191 : Used 1 time 100
 Sort Area is neural_network_bitshift__GB6 mul_scaled_result_reg0_3 : 0 0 : 1545 2191 : Used 1 time 100
 Sort Area is neural_network_bitshift__GB5 mul_scaled_result_reg0_3 : 0 1 : 646 2191 : Used 1 time 100
 Sort Area is neural_network_bitshift__GB4 mul_scaled_result_reg0_3 : 0 1 : 646 2191 : Used 1 time 100
 Sort Area is neural_network_bitshift__GB7 mul_scaled_result_reg0_3 : 0 1 : 646 2191 : Used 1 time 100
 Sort Area is neural_network_bitshift__GB14 mul_scaled_result_reg0_3 : 0 1 : 646 2191 : Used 1 time 100
 Sort Area is neural_network_bitshift__GB13 mul_scaled_result_reg0_3 : 0 1 : 646 2191 : Used 1 time 100
 Sort Area is neural_network_bitshift__GB12 mul_scaled_result_reg0_3 : 0 1 : 646 2191 : Used 1 time 100
 Sort Area is neural_network_bitshift__GB3 mul_scaled_result_reg0_3 : 0 1 : 646 2191 : Used 1 time 100
 Sort Area is neural_network_bitshift__GB11 mul_scaled_result_reg0_3 : 0 1 : 646 2191 : Used 1 time 100
 Sort Area is neural_network_bitshift__GB1 mul_scaled_result_reg0_3 : 0 1 : 646 2191 : Used 1 time 100
 Sort Area is neural_network_bitshift__GB2 mul_scaled_result_reg0_3 : 0 1 : 646 2191 : Used 1 time 100
 Sort Area is neural_network_bitshift__GB6 mul_scaled_result_reg0_3 : 0 1 : 646 2191 : Used 1 time 100
 Sort Area is neural_network_bitshift__GB5 mul_scaled_result_reg0_4 : 0 0 : 1545 2191 : Used 1 time 100
 Sort Area is neural_network_bitshift__GB4 mul_scaled_result_reg0_4 : 0 0 : 1545 2191 : Used 1 time 100
 Sort Area is neural_network_bitshift__GB7 mul_scaled_result_reg0_4 : 0 0 : 1545 2191 : Used 1 time 100
 Sort Area is neural_network_bitshift__GB14 mul_scaled_result_reg0_4 : 0 0 : 1545 2191 : Used 1 time 100
 Sort Area is neural_network_bitshift__GB13 mul_scaled_result_reg0_4 : 0 0 : 1545 2191 : Used 1 time 100
 Sort Area is neural_network_bitshift__GB12 mul_scaled_result_reg0_4 : 0 0 : 1545 2191 : Used 1 time 100
 Sort Area is neural_network_bitshift__GB3 mul_scaled_result_reg0_4 : 0 0 : 1545 2191 : Used 1 time 100
 Sort Area is neural_network_bitshift__GB11 mul_scaled_result_reg0_4 : 0 0 : 1545 2191 : Used 1 time 100
 Sort Area is neural_network_bitshift__GB1 mul_scaled_result_reg0_4 : 0 0 : 1545 2191 : Used 1 time 100
 Sort Area is neural_network_bitshift__GB2 mul_scaled_result_reg0_4 : 0 0 : 1545 2191 : Used 1 time 100
 Sort Area is neural_network_bitshift__GB6 mul_scaled_result_reg0_4 : 0 0 : 1545 2191 : Used 1 time 100
 Sort Area is neural_network_bitshift__GB5 mul_scaled_result_reg0_4 : 0 1 : 646 2191 : Used 1 time 100
 Sort Area is neural_network_bitshift__GB4 mul_scaled_result_reg0_4 : 0 1 : 646 2191 : Used 1 time 100
 Sort Area is neural_network_bitshift__GB7 mul_scaled_result_reg0_4 : 0 1 : 646 2191 : Used 1 time 100
 Sort Area is neural_network_bitshift__GB14 mul_scaled_result_reg0_4 : 0 1 : 646 2191 : Used 1 time 100
 Sort Area is neural_network_bitshift__GB13 mul_scaled_result_reg0_4 : 0 1 : 646 2191 : Used 1 time 100
 Sort Area is neural_network_bitshift__GB12 mul_scaled_result_reg0_4 : 0 1 : 646 2191 : Used 1 time 100
 Sort Area is neural_network_bitshift__GB3 mul_scaled_result_reg0_4 : 0 1 : 646 2191 : Used 1 time 100
 Sort Area is neural_network_bitshift__GB11 mul_scaled_result_reg0_4 : 0 1 : 646 2191 : Used 1 time 100
 Sort Area is neural_network_bitshift__GB1 mul_scaled_result_reg0_4 : 0 1 : 646 2191 : Used 1 time 100
 Sort Area is neural_network_bitshift__GB2 mul_scaled_result_reg0_4 : 0 1 : 646 2191 : Used 1 time 100
 Sort Area is neural_network_bitshift__GB6 mul_scaled_result_reg0_4 : 0 1 : 646 2191 : Used 1 time 100
 Sort Area is neural_network_bitshift__GB5 mul_scaled_result_reg0_5 : 0 0 : 1545 2191 : Used 1 time 100
 Sort Area is neural_network_bitshift__GB4 mul_scaled_result_reg0_5 : 0 0 : 1545 2191 : Used 1 time 100
 Sort Area is neural_network_bitshift__GB7 mul_scaled_result_reg0_5 : 0 0 : 1545 2191 : Used 1 time 100
 Sort Area is neural_network_bitshift__GB14 mul_scaled_result_reg0_5 : 0 0 : 1545 2191 : Used 1 time 100
 Sort Area is neural_network_bitshift__GB13 mul_scaled_result_reg0_5 : 0 0 : 1545 2191 : Used 1 time 100
 Sort Area is neural_network_bitshift__GB12 mul_scaled_result_reg0_5 : 0 0 : 1545 2191 : Used 1 time 100
 Sort Area is neural_network_bitshift__GB3 mul_scaled_result_reg0_5 : 0 0 : 1545 2191 : Used 1 time 100
 Sort Area is neural_network_bitshift__GB11 mul_scaled_result_reg0_5 : 0 0 : 1545 2191 : Used 1 time 100
 Sort Area is neural_network_bitshift__GB1 mul_scaled_result_reg0_5 : 0 0 : 1545 2191 : Used 1 time 100
 Sort Area is neural_network_bitshift__GB2 mul_scaled_result_reg0_5 : 0 0 : 1545 2191 : Used 1 time 100
 Sort Area is neural_network_bitshift__GB6 mul_scaled_result_reg0_5 : 0 0 : 1545 2191 : Used 1 time 100
 Sort Area is neural_network_bitshift__GB5 mul_scaled_result_reg0_5 : 0 1 : 646 2191 : Used 1 time 100
 Sort Area is neural_network_bitshift__GB4 mul_scaled_result_reg0_5 : 0 1 : 646 2191 : Used 1 time 100
 Sort Area is neural_network_bitshift__GB7 mul_scaled_result_reg0_5 : 0 1 : 646 2191 : Used 1 time 100
 Sort Area is neural_network_bitshift__GB14 mul_scaled_result_reg0_5 : 0 1 : 646 2191 : Used 1 time 100
 Sort Area is neural_network_bitshift__GB13 mul_scaled_result_reg0_5 : 0 1 : 646 2191 : Used 1 time 100
 Sort Area is neural_network_bitshift__GB12 mul_scaled_result_reg0_5 : 0 1 : 646 2191 : Used 1 time 100
 Sort Area is neural_network_bitshift__GB3 mul_scaled_result_reg0_5 : 0 1 : 646 2191 : Used 1 time 100
 Sort Area is neural_network_bitshift__GB11 mul_scaled_result_reg0_5 : 0 1 : 646 2191 : Used 1 time 100
 Sort Area is neural_network_bitshift__GB1 mul_scaled_result_reg0_5 : 0 1 : 646 2191 : Used 1 time 100
 Sort Area is neural_network_bitshift__GB2 mul_scaled_result_reg0_5 : 0 1 : 646 2191 : Used 1 time 100
 Sort Area is neural_network_bitshift__GB6 mul_scaled_result_reg0_5 : 0 1 : 646 2191 : Used 1 time 100
 Sort Area is neural_network_bitshift__GB4 mul_scaled_result_reg0_6 : 0 0 : 1545 2191 : Used 1 time 100
 Sort Area is neural_network_bitshift__GB7 mul_scaled_result_reg0_6 : 0 0 : 1545 2191 : Used 1 time 100
 Sort Area is neural_network_bitshift__GB14 mul_scaled_result_reg0_6 : 0 0 : 1545 2191 : Used 1 time 100
 Sort Area is neural_network_bitshift__GB13 mul_scaled_result_reg0_6 : 0 0 : 1545 2191 : Used 1 time 100
 Sort Area is neural_network_bitshift__GB12 mul_scaled_result_reg0_6 : 0 0 : 1545 2191 : Used 1 time 100
 Sort Area is neural_network_bitshift__GB3 mul_scaled_result_reg0_6 : 0 0 : 1545 2191 : Used 1 time 100
 Sort Area is neural_network_bitshift__GB1 mul_scaled_result_reg0_6 : 0 0 : 1545 2191 : Used 1 time 100
 Sort Area is neural_network_bitshift__GB2 mul_scaled_result_reg0_6 : 0 0 : 1545 2191 : Used 1 time 100
 Sort Area is neural_network_bitshift__GB6 mul_scaled_result_reg0_6 : 0 0 : 1545 2191 : Used 1 time 100
 Sort Area is neural_network_bitshift__GB4 mul_scaled_result_reg0_6 : 0 1 : 646 2191 : Used 1 time 100
 Sort Area is neural_network_bitshift__GB7 mul_scaled_result_reg0_6 : 0 1 : 646 2191 : Used 1 time 100
 Sort Area is neural_network_bitshift__GB14 mul_scaled_result_reg0_6 : 0 1 : 646 2191 : Used 1 time 100
 Sort Area is neural_network_bitshift__GB13 mul_scaled_result_reg0_6 : 0 1 : 646 2191 : Used 1 time 100
 Sort Area is neural_network_bitshift__GB12 mul_scaled_result_reg0_6 : 0 1 : 646 2191 : Used 1 time 100
 Sort Area is neural_network_bitshift__GB3 mul_scaled_result_reg0_6 : 0 1 : 646 2191 : Used 1 time 100
 Sort Area is neural_network_bitshift__GB1 mul_scaled_result_reg0_6 : 0 1 : 646 2191 : Used 1 time 100
 Sort Area is neural_network_bitshift__GB2 mul_scaled_result_reg0_6 : 0 1 : 646 2191 : Used 1 time 100
 Sort Area is neural_network_bitshift__GB6 mul_scaled_result_reg0_6 : 0 1 : 646 2191 : Used 1 time 100
 Sort Area is neural_network_bitshift__GB4 mul_scaled_result_reg0_7 : 0 0 : 1545 2191 : Used 1 time 100
 Sort Area is neural_network_bitshift__GB7 mul_scaled_result_reg0_7 : 0 0 : 1545 2191 : Used 1 time 100
 Sort Area is neural_network_bitshift__GB14 mul_scaled_result_reg0_7 : 0 0 : 1545 2191 : Used 1 time 100
 Sort Area is neural_network_bitshift__GB13 mul_scaled_result_reg0_7 : 0 0 : 1545 2191 : Used 1 time 100
 Sort Area is neural_network_bitshift__GB3 mul_scaled_result_reg0_7 : 0 0 : 1545 2191 : Used 1 time 100
 Sort Area is neural_network_bitshift__GB2 mul_scaled_result_reg0_7 : 0 0 : 1545 2191 : Used 1 time 100
 Sort Area is neural_network_bitshift__GB4 mul_scaled_result_reg0_7 : 0 1 : 646 2191 : Used 1 time 100
 Sort Area is neural_network_bitshift__GB7 mul_scaled_result_reg0_7 : 0 1 : 646 2191 : Used 1 time 100
 Sort Area is neural_network_bitshift__GB14 mul_scaled_result_reg0_7 : 0 1 : 646 2191 : Used 1 time 100
 Sort Area is neural_network_bitshift__GB13 mul_scaled_result_reg0_7 : 0 1 : 646 2191 : Used 1 time 100
 Sort Area is neural_network_bitshift__GB3 mul_scaled_result_reg0_7 : 0 1 : 646 2191 : Used 1 time 100
 Sort Area is neural_network_bitshift__GB2 mul_scaled_result_reg0_7 : 0 1 : 646 2191 : Used 1 time 100
 Sort Area is neural_network_bitshift__GB4 mul_scaled_result_reg0_8 : 0 0 : 1545 2191 : Used 1 time 100
 Sort Area is neural_network_bitshift__GB7 mul_scaled_result_reg0_8 : 0 0 : 1545 2191 : Used 1 time 100
 Sort Area is neural_network_bitshift__GB14 mul_scaled_result_reg0_8 : 0 0 : 1545 2191 : Used 1 time 100
 Sort Area is neural_network_bitshift__GB13 mul_scaled_result_reg0_8 : 0 0 : 1545 2191 : Used 1 time 100
 Sort Area is neural_network_bitshift__GB3 mul_scaled_result_reg0_8 : 0 0 : 1545 2191 : Used 1 time 100
 Sort Area is neural_network_bitshift__GB4 mul_scaled_result_reg0_8 : 0 1 : 646 2191 : Used 1 time 100
 Sort Area is neural_network_bitshift__GB7 mul_scaled_result_reg0_8 : 0 1 : 646 2191 : Used 1 time 100
 Sort Area is neural_network_bitshift__GB14 mul_scaled_result_reg0_8 : 0 1 : 646 2191 : Used 1 time 100
 Sort Area is neural_network_bitshift__GB13 mul_scaled_result_reg0_8 : 0 1 : 646 2191 : Used 1 time 100
 Sort Area is neural_network_bitshift__GB3 mul_scaled_result_reg0_8 : 0 1 : 646 2191 : Used 1 time 100
 Sort Area is neural_network_bitshift__GB9 mul_scaled_result_reg0_9 : 0 0 : 1545 2191 : Used 1 time 100
 Sort Area is neural_network_bitshift__GB4 mul_scaled_result_reg0_9 : 0 0 : 1545 2191 : Used 1 time 100
 Sort Area is neural_network_bitshift__GB7 mul_scaled_result_reg0_9 : 0 0 : 1545 2191 : Used 1 time 100
 Sort Area is neural_network_bitshift__GB14 mul_scaled_result_reg0_9 : 0 0 : 1545 2191 : Used 1 time 100
 Sort Area is neural_network_bitshift__GB13 mul_scaled_result_reg0_9 : 0 0 : 1545 2191 : Used 1 time 100
 Sort Area is neural_network_bitshift__GB9 mul_scaled_result_reg0_9 : 0 1 : 646 2191 : Used 1 time 100
 Sort Area is neural_network_bitshift__GB4 mul_scaled_result_reg0_9 : 0 1 : 646 2191 : Used 1 time 100
 Sort Area is neural_network_bitshift__GB7 mul_scaled_result_reg0_9 : 0 1 : 646 2191 : Used 1 time 100
 Sort Area is neural_network_bitshift__GB14 mul_scaled_result_reg0_9 : 0 1 : 646 2191 : Used 1 time 100
 Sort Area is neural_network_bitshift__GB13 mul_scaled_result_reg0_9 : 0 1 : 646 2191 : Used 1 time 100
 Sort Area is neural_network_bitshift__GB10 mul_scaled_result_reg0_a : 0 0 : 1545 2191 : Used 1 time 100
 Sort Area is neural_network_bitshift__GB4 mul_scaled_result_reg0_a : 0 0 : 1545 2191 : Used 1 time 100
 Sort Area is neural_network_bitshift__GB7 mul_scaled_result_reg0_a : 0 0 : 1545 2191 : Used 1 time 100
 Sort Area is neural_network_bitshift__GB14 mul_scaled_result_reg0_a : 0 0 : 1545 2191 : Used 1 time 100
 Sort Area is neural_network_bitshift__GB13 mul_scaled_result_reg0_a : 0 0 : 1545 2191 : Used 1 time 100
 Sort Area is neural_network_bitshift__GB10 mul_scaled_result_reg0_a : 0 1 : 646 2191 : Used 1 time 100
 Sort Area is neural_network_bitshift__GB4 mul_scaled_result_reg0_a : 0 1 : 646 2191 : Used 1 time 100
 Sort Area is neural_network_bitshift__GB7 mul_scaled_result_reg0_a : 0 1 : 646 2191 : Used 1 time 100
 Sort Area is neural_network_bitshift__GB14 mul_scaled_result_reg0_a : 0 1 : 646 2191 : Used 1 time 100
 Sort Area is neural_network_bitshift__GB13 mul_scaled_result_reg0_a : 0 1 : 646 2191 : Used 1 time 100
 Sort Area is neural_network_bitshift__GB10 mul_scaled_result_reg0_b : 0 0 : 1545 2191 : Used 1 time 100
 Sort Area is neural_network_bitshift__GB4 mul_scaled_result_reg0_b : 0 0 : 1545 2191 : Used 1 time 100
 Sort Area is neural_network_bitshift__GB7 mul_scaled_result_reg0_b : 0 0 : 1545 2191 : Used 1 time 100
 Sort Area is neural_network_bitshift__GB13 mul_scaled_result_reg0_b : 0 0 : 1545 2191 : Used 1 time 100
 Sort Area is neural_network_bitshift__GB10 mul_scaled_result_reg0_b : 0 1 : 646 2191 : Used 1 time 100
 Sort Area is neural_network_bitshift__GB4 mul_scaled_result_reg0_b : 0 1 : 646 2191 : Used 1 time 100
 Sort Area is neural_network_bitshift__GB7 mul_scaled_result_reg0_b : 0 1 : 646 2191 : Used 1 time 100
 Sort Area is neural_network_bitshift__GB13 mul_scaled_result_reg0_b : 0 1 : 646 2191 : Used 1 time 100
 Sort Area is neural_network_bitshift__GB10 mul_scaled_result_reg0_c : 0 0 : 1545 2191 : Used 1 time 100
 Sort Area is neural_network_bitshift__GB4 mul_scaled_result_reg0_c : 0 0 : 1545 2191 : Used 1 time 100
 Sort Area is neural_network_bitshift__GB7 mul_scaled_result_reg0_c : 0 0 : 1545 2191 : Used 1 time 100
 Sort Area is neural_network_bitshift__GB10 mul_scaled_result_reg0_c : 0 1 : 646 2191 : Used 1 time 100
 Sort Area is neural_network_bitshift__GB4 mul_scaled_result_reg0_c : 0 1 : 646 2191 : Used 1 time 100
 Sort Area is neural_network_bitshift__GB7 mul_scaled_result_reg0_c : 0 1 : 646 2191 : Used 1 time 100
 Sort Area is neural_network_bitshift__GB4 mul_scaled_result_reg0_d : 0 0 : 1545 2191 : Used 1 time 100
 Sort Area is neural_network_bitshift__GB7 mul_scaled_result_reg0_d : 0 0 : 1545 2191 : Used 1 time 100
 Sort Area is neural_network_bitshift__GB4 mul_scaled_result_reg0_d : 0 1 : 646 2191 : Used 1 time 100
 Sort Area is neural_network_bitshift__GB7 mul_scaled_result_reg0_d : 0 1 : 646 2191 : Used 1 time 100
 Sort Area is neural_network_bitshift__GB4 mul_scaled_result_reg0_e : 0 0 : 1545 2191 : Used 1 time 100
 Sort Area is neural_network_bitshift__GB7 mul_scaled_result_reg0_e : 0 0 : 1545 2191 : Used 1 time 100
 Sort Area is neural_network_bitshift__GB4 mul_scaled_result_reg0_e : 0 1 : 646 2191 : Used 1 time 100
 Sort Area is neural_network_bitshift__GB7 mul_scaled_result_reg0_e : 0 1 : 646 2191 : Used 1 time 100
 Sort Area is neural_network_bitshift__GB7 mul_scaled_result_reg0_f : 0 0 : 1545 2191 : Used 1 time 100
 Sort Area is neural_network_bitshift__GB7 mul_scaled_result_reg0_f : 0 1 : 646 2191 : Used 1 time 100
 Sort Area is neural_network_bitshift__GB0 accums_reg[0]1_0 : 0 0 : 2045 2045 : Used 1 time 0
 Sort Area is neural_network_bitshift__GB0 accums_reg[10]1_b : 0 0 : 2045 2045 : Used 1 time 0
 Sort Area is neural_network_bitshift__GB0 accums_reg[11]1_c : 0 0 : 2045 2045 : Used 1 time 0
 Sort Area is neural_network_bitshift__GB0 accums_reg[12]1_d : 0 0 : 2045 2045 : Used 1 time 0
 Sort Area is neural_network_bitshift__GB0 accums_reg[13]1_e : 0 0 : 2045 2045 : Used 1 time 0
 Sort Area is neural_network_bitshift__GB0 accums_reg[14]1_f : 0 0 : 2045 2045 : Used 1 time 0
 Sort Area is neural_network_bitshift__GB0 accums_reg[15]1_10 : 0 0 : 2045 2045 : Used 1 time 0
 Sort Area is neural_network_bitshift__GB0 accums_reg[1]1_2 : 0 0 : 2045 2045 : Used 1 time 0
 Sort Area is neural_network_bitshift__GB0 accums_reg[2]1_3 : 0 0 : 2045 2045 : Used 1 time 0
 Sort Area is neural_network_bitshift__GB0 accums_reg[3]1_4 : 0 0 : 2045 2045 : Used 1 time 0
 Sort Area is neural_network_bitshift__GB0 accums_reg[4]1_5 : 0 0 : 2045 2045 : Used 1 time 0
 Sort Area is neural_network_bitshift__GB0 accums_reg[5]1_6 : 0 0 : 2045 2045 : Used 1 time 0
 Sort Area is neural_network_bitshift__GB0 accums_reg[6]1_7 : 0 0 : 2045 2045 : Used 1 time 0
 Sort Area is neural_network_bitshift__GB0 accums_reg[7]1_8 : 0 0 : 2045 2045 : Used 1 time 0
 Sort Area is neural_network_bitshift__GB0 accums_reg[8]1_9 : 0 0 : 2045 2045 : Used 1 time 0
 Sort Area is neural_network_bitshift__GB0 accums_reg[9]1_a : 0 0 : 2045 2045 : Used 1 time 0
 Sort Area is linear_layer__parameterized0 accums_reg[0]1_0 : 0 0 : 1785 1785 : Used 1 time 0
 Sort Area is linear_layer__parameterized0 accums_reg[10]1_b : 0 0 : 1785 1785 : Used 1 time 0
 Sort Area is linear_layer__parameterized0 accums_reg[11]1_c : 0 0 : 1785 1785 : Used 1 time 0
 Sort Area is linear_layer__parameterized0 accums_reg[12]1_d : 0 0 : 1785 1785 : Used 1 time 0
 Sort Area is linear_layer__parameterized0 accums_reg[13]1_e : 0 0 : 1785 1785 : Used 1 time 0
 Sort Area is linear_layer__parameterized0 accums_reg[14]1_f : 0 0 : 1785 1785 : Used 1 time 0
 Sort Area is linear_layer__parameterized0 accums_reg[15]1_10 : 0 0 : 1785 1785 : Used 1 time 0
 Sort Area is linear_layer__parameterized0 accums_reg[1]1_2 : 0 0 : 1785 1785 : Used 1 time 0
 Sort Area is linear_layer__parameterized0 accums_reg[2]1_3 : 0 0 : 1785 1785 : Used 1 time 0
 Sort Area is linear_layer__parameterized0 accums_reg[3]1_4 : 0 0 : 1785 1785 : Used 1 time 0
 Sort Area is linear_layer__parameterized0 accums_reg[4]1_5 : 0 0 : 1785 1785 : Used 1 time 0
 Sort Area is linear_layer__parameterized0 accums_reg[5]1_6 : 0 0 : 1785 1785 : Used 1 time 0
 Sort Area is linear_layer__parameterized0 accums_reg[6]1_7 : 0 0 : 1785 1785 : Used 1 time 0
 Sort Area is linear_layer__parameterized0 accums_reg[7]1_8 : 0 0 : 1785 1785 : Used 1 time 0
 Sort Area is linear_layer__parameterized0 accums_reg[8]1_9 : 0 0 : 1785 1785 : Used 1 time 0
 Sort Area is linear_layer__parameterized0 accums_reg[9]1_a : 0 0 : 1785 1785 : Used 1 time 0
---------------------------------------------------------------------------------
Start ROM, RAM, DSP, Shift Register and Retiming Reporting
---------------------------------------------------------------------------------

ROM: Preliminary Mapping Report
+--------------+--------------+---------------+----------------+
|Module Name   | RTL Object   | Depth x Width | Implemented As | 
+--------------+--------------+---------------+----------------+
|linear_layer  | weights_flat | 256x16        | LUT            | 
|linear_layer  | weights_flat | 256x16        | LUT            | 
|linear_layer  | weights_flat | 256x16        | LUT            | 
|linear_layer  | weights_flat | 256x16        | LUT            | 
|linear_layer  | weights_flat | 256x16        | LUT            | 
|linear_layer  | weights_flat | 256x16        | LUT            | 
|linear_layer  | weights_flat | 256x16        | LUT            | 
|linear_layer  | weights_flat | 256x16        | LUT            | 
|linear_layer  | weights_flat | 256x16        | LUT            | 
|linear_layer  | weights_flat | 256x16        | LUT            | 
|linear_layer  | weights_flat | 256x16        | LUT            | 
|linear_layer  | weights_flat | 256x16        | LUT            | 
|linear_layer  | weights_flat | 256x16        | LUT            | 
|linear_layer  | weights_flat | 256x16        | LUT            | 
|linear_layer  | weights_flat | 256x16        | LUT            | 
|linear_layer  | weights_flat | 256x16        | LUT            | 
|linear_layer  | biases       | 64x15         | LUT            | 
|linear_layer  | biases       | 64x15         | LUT            | 
|linear_layer  | biases       | 64x15         | LUT            | 
|linear_layer  | biases       | 64x15         | LUT            | 
|linear_layer  | biases       | 64x15         | LUT            | 
|linear_layer  | biases       | 64x15         | LUT            | 
|linear_layer  | biases       | 64x15         | LUT            | 
|linear_layer  | biases       | 64x15         | LUT            | 
|linear_layer  | biases       | 64x15         | LUT            | 
|linear_layer  | biases       | 64x15         | LUT            | 
|linear_layer  | biases       | 64x15         | LUT            | 
|linear_layer  | biases       | 64x15         | LUT            | 
|linear_layer  | biases       | 64x15         | LUT            | 
|linear_layer  | biases       | 64x15         | LUT            | 
|linear_layer  | biases       | 64x15         | LUT            | 
|linear_layer  | biases       | 64x15         | LUT            | 
|linear_layer  | weights_flat | 2048x14       | LUT            | 
|linear_layer  | weights_flat | 2048x14       | LUT            | 
|linear_layer  | weights_flat | 2048x14       | LUT            | 
|linear_layer  | weights_flat | 2048x14       | LUT            | 
|linear_layer  | weights_flat | 2048x14       | LUT            | 
|linear_layer  | weights_flat | 2048x14       | LUT            | 
|linear_layer  | weights_flat | 2048x14       | LUT            | 
|linear_layer  | weights_flat | 2048x14       | LUT            | 
|linear_layer  | weights_flat | 2048x14       | LUT            | 
|linear_layer  | weights_flat | 2048x14       | LUT            | 
|linear_layer  | weights_flat | 2048x14       | LUT            | 
|linear_layer  | weights_flat | 2048x14       | LUT            | 
|linear_layer  | weights_flat | 2048x14       | LUT            | 
|linear_layer  | weights_flat | 2048x14       | LUT            | 
|linear_layer  | weights_flat | 2048x14       | LUT            | 
|linear_layer  | weights_flat | 2048x14       | LUT            | 
|linear_layer  | biases       | 32x15         | LUT            | 
|linear_layer  | biases       | 32x15         | LUT            | 
|linear_layer  | biases       | 32x15         | LUT            | 
|linear_layer  | biases       | 32x15         | LUT            | 
|linear_layer  | biases       | 32x15         | LUT            | 
|linear_layer  | biases       | 32x15         | LUT            | 
|linear_layer  | biases       | 32x15         | LUT            | 
|linear_layer  | biases       | 32x15         | LUT            | 
|linear_layer  | biases       | 32x15         | LUT            | 
|linear_layer  | biases       | 32x15         | LUT            | 
|linear_layer  | biases       | 32x15         | LUT            | 
|linear_layer  | biases       | 32x15         | LUT            | 
|linear_layer  | biases       | 32x15         | LUT            | 
|linear_layer  | biases       | 32x15         | LUT            | 
|linear_layer  | biases       | 32x15         | LUT            | 
|linear_layer  | biases       | 32x15         | LUT            | 
|q_accumulator | weights_flat | 64x14         | LUT            | 
|q_accumulator | weights_flat | 64x14         | LUT            | 
|q_accumulator | p_0_out      | 64x14         | LUT            | 
|q_accumulator | p_0_out      | 64x14         | LUT            | 
+--------------+--------------+---------------+----------------+


DSP: Preliminary Mapping Report (see note below. The ' indicates corresponding REG is set)
+--------------+-------------------------+--------+--------+--------+--------+--------+------+------+------+------+-------+------+------+
|Module Name   | DSP Mapping             | A Size | B Size | C Size | D Size | P Size | AREG | BREG | CREG | DREG | ADREG | MREG | PREG | 
+--------------+-------------------------+--------+--------+--------+--------+--------+------+------+------+------+-------+------+------+
|bitshift_lif  | A*(B:0xccfb)            | 18     | 17     | -      | -      | 48     | 0    | 0    | -    | -    | -     | 0    | 0    | 
|bitshift_lif  | (PCIN>>17)+(A:0xccfb)*B | 17     | 10     | -      | -      | 27     | 0    | 0    | -    | -    | -     | 0    | 0    | 
|bitshift_lif  | A*(B:0xccfb)            | 18     | 17     | -      | -      | 48     | 0    | 0    | -    | -    | -     | 0    | 0    | 
|bitshift_lif  | (PCIN>>17)+(A:0xccfb)*B | 17     | 10     | -      | -      | 27     | 0    | 0    | -    | -    | -     | 0    | 0    | 
|bitshift_lif  | A*(B:0xccfb)            | 18     | 17     | -      | -      | 48     | 0    | 0    | -    | -    | -     | 0    | 0    | 
|bitshift_lif  | (PCIN>>17)+(A:0xccfb)*B | 17     | 10     | -      | -      | 27     | 0    | 0    | -    | -    | -     | 0    | 0    | 
|bitshift_lif  | A*(B:0xccfb)            | 18     | 17     | -      | -      | 48     | 0    | 0    | -    | -    | -     | 0    | 0    | 
|bitshift_lif  | (PCIN>>17)+(A:0xccfb)*B | 17     | 10     | -      | -      | 27     | 0    | 0    | -    | -    | -     | 0    | 0    | 
|q_accumulator | A*B                     | 24     | 14     | -      | -      | 38     | 0    | 0    | -    | -    | -     | 0    | 0    | 
|q_accumulator | A*B                     | 24     | 14     | -      | -      | 38     | 0    | 0    | -    | -    | -     | 0    | 0    | 
|bitshift_lif  | A*(B:0xccfb)            | 18     | 17     | -      | -      | 48     | 0    | 0    | -    | -    | -     | 0    | 0    | 
|bitshift_lif  | (PCIN>>17)+(A:0xccfb)*B | 17     | 10     | -      | -      | 27     | 0    | 0    | -    | -    | -     | 0    | 0    | 
|bitshift_lif  | A*(B:0xccfb)            | 18     | 17     | -      | -      | 48     | 0    | 0    | -    | -    | -     | 0    | 0    | 
|bitshift_lif  | (PCIN>>17)+(A:0xccfb)*B | 17     | 10     | -      | -      | 27     | 0    | 0    | -    | -    | -     | 0    | 0    | 
|bitshift_lif  | A*(B:0xccfb)            | 18     | 17     | -      | -      | 48     | 0    | 0    | -    | -    | -     | 0    | 0    | 
|bitshift_lif  | (PCIN>>17)+(A:0xccfb)*B | 17     | 10     | -      | -      | 27     | 0    | 0    | -    | -    | -     | 0    | 0    | 
|bitshift_lif  | A*(B:0xccfb)            | 18     | 17     | -      | -      | 48     | 0    | 0    | -    | -    | -     | 0    | 0    | 
|bitshift_lif  | (PCIN>>17)+(A:0xccfb)*B | 17     | 10     | -      | -      | 27     | 0    | 0    | -    | -    | -     | 0    | 0    | 
|linear_layer  | C+A*B                   | 16     | 16     | 35     | -      | 35     | 0    | 0    | 0    | -    | -     | 0    | 0    | 
|linear_layer  | C+A*B                   | 16     | 16     | 35     | -      | 35     | 0    | 0    | 0    | -    | -     | 0    | 0    | 
|linear_layer  | C+A*B                   | 16     | 16     | 35     | -      | 35     | 0    | 0    | 0    | -    | -     | 0    | 0    | 
|linear_layer  | C+A*B                   | 16     | 16     | 35     | -      | 35     | 0    | 0    | 0    | -    | -     | 0    | 0    | 
|linear_layer  | C+A*B                   | 16     | 16     | 35     | -      | 35     | 0    | 0    | 0    | -    | -     | 0    | 0    | 
|linear_layer  | C+A*B                   | 16     | 16     | 35     | -      | 35     | 0    | 0    | 0    | -    | -     | 0    | 0    | 
|linear_layer  | C+A*B                   | 16     | 16     | 35     | -      | 35     | 0    | 0    | 0    | -    | -     | 0    | 0    | 
|linear_layer  | C+A*B                   | 16     | 16     | 35     | -      | 35     | 0    | 0    | 0    | -    | -     | 0    | 0    | 
|linear_layer  | C+A*B                   | 16     | 16     | 35     | -      | 35     | 0    | 0    | 0    | -    | -     | 0    | 0    | 
|linear_layer  | C+A*B                   | 16     | 16     | 35     | -      | 35     | 0    | 0    | 0    | -    | -     | 0    | 0    | 
|linear_layer  | C+A*B                   | 16     | 16     | 35     | -      | 35     | 0    | 0    | 0    | -    | -     | 0    | 0    | 
|linear_layer  | C+A*B                   | 16     | 16     | 35     | -      | 35     | 0    | 0    | 0    | -    | -     | 0    | 0    | 
|linear_layer  | C+A*B                   | 16     | 16     | 35     | -      | 35     | 0    | 0    | 0    | -    | -     | 0    | 0    | 
|linear_layer  | C+A*B                   | 16     | 16     | 35     | -      | 35     | 0    | 0    | 0    | -    | -     | 0    | 0    | 
|linear_layer  | C+A*B                   | 16     | 16     | 35     | -      | 35     | 0    | 0    | 0    | -    | -     | 0    | 0    | 
|linear_layer  | C+A*B                   | 16     | 16     | 35     | -      | 35     | 0    | 0    | 0    | -    | -     | 0    | 0    | 
|bitshift_lif  | A*(B:0xccfb)            | 18     | 17     | -      | -      | 48     | 0    | 0    | -    | -    | -     | 0    | 0    | 
|bitshift_lif  | (PCIN>>17)+(A:0xccfb)*B | 17     | 10     | -      | -      | 27     | 0    | 0    | -    | -    | -     | 0    | 0    | 
|bitshift_lif  | A*(B:0xccfb)            | 18     | 17     | -      | -      | 48     | 0    | 0    | -    | -    | -     | 0    | 0    | 
|bitshift_lif  | (PCIN>>17)+(A:0xccfb)*B | 17     | 10     | -      | -      | 27     | 0    | 0    | -    | -    | -     | 0    | 0    | 
|bitshift_lif  | A*(B:0xccfb)            | 18     | 17     | -      | -      | 48     | 0    | 0    | -    | -    | -     | 0    | 0    | 
|bitshift_lif  | (PCIN>>17)+(A:0xccfb)*B | 17     | 10     | -      | -      | 27     | 0    | 0    | -    | -    | -     | 0    | 0    | 
|bitshift_lif  | A*(B:0xccfb)            | 18     | 17     | -      | -      | 48     | 0    | 0    | -    | -    | -     | 0    | 0    | 
|bitshift_lif  | (PCIN>>17)+(A:0xccfb)*B | 17     | 10     | -      | -      | 27     | 0    | 0    | -    | -    | -     | 0    | 0    | 
|bitshift_lif  | A*(B:0xccfb)            | 18     | 17     | -      | -      | 48     | 0    | 0    | -    | -    | -     | 0    | 0    | 
|bitshift_lif  | (PCIN>>17)+(A:0xccfb)*B | 17     | 10     | -      | -      | 27     | 0    | 0    | -    | -    | -     | 0    | 0    | 
|bitshift_lif  | A*(B:0xccfb)            | 18     | 17     | -      | -      | 48     | 0    | 0    | -    | -    | -     | 0    | 0    | 
|bitshift_lif  | (PCIN>>17)+(A:0xccfb)*B | 17     | 10     | -      | -      | 27     | 0    | 0    | -    | -    | -     | 0    | 0    | 
|bitshift_lif  | A*(B:0xccfb)            | 18     | 17     | -      | -      | 48     | 0    | 0    | -    | -    | -     | 0    | 0    | 
|bitshift_lif  | (PCIN>>17)+(A:0xccfb)*B | 17     | 10     | -      | -      | 27     | 0    | 0    | -    | -    | -     | 0    | 0    | 
|bitshift_lif  | A*(B:0xccfb)            | 18     | 17     | -      | -      | 48     | 0    | 0    | -    | -    | -     | 0    | 0    | 
|bitshift_lif  | (PCIN>>17)+(A:0xccfb)*B | 17     | 10     | -      | -      | 27     | 0    | 0    | -    | -    | -     | 0    | 0    | 
|bitshift_lif  | A*(B:0xccfb)            | 18     | 17     | -      | -      | 48     | 0    | 0    | -    | -    | -     | 0    | 0    | 
|bitshift_lif  | (PCIN>>17)+(A:0xccfb)*B | 17     | 10     | -      | -      | 27     | 0    | 0    | -    | -    | -     | 0    | 0    | 
|bitshift_lif  | A*(B:0xccfb)            | 18     | 17     | -      | -      | 48     | 0    | 0    | -    | -    | -     | 0    | 0    | 
|bitshift_lif  | (PCIN>>17)+(A:0xccfb)*B | 17     | 10     | -      | -      | 27     | 0    | 0    | -    | -    | -     | 0    | 0    | 
|bitshift_lif  | A*(B:0xccfb)            | 18     | 17     | -      | -      | 48     | 0    | 0    | -    | -    | -     | 0    | 0    | 
|bitshift_lif  | (PCIN>>17)+(A:0xccfb)*B | 17     | 10     | -      | -      | 27     | 0    | 0    | -    | -    | -     | 0    | 0    | 
|bitshift_lif  | A*(B:0xccfb)            | 18     | 17     | -      | -      | 48     | 0    | 0    | -    | -    | -     | 0    | 0    | 
|bitshift_lif  | (PCIN>>17)+(A:0xccfb)*B | 17     | 10     | -      | -      | 27     | 0    | 0    | -    | -    | -     | 0    | 0    | 
|bitshift_lif  | A*(B:0xccfb)            | 18     | 17     | -      | -      | 48     | 0    | 0    | -    | -    | -     | 0    | 0    | 
|bitshift_lif  | (PCIN>>17)+(A:0xccfb)*B | 17     | 10     | -      | -      | 27     | 0    | 0    | -    | -    | -     | 0    | 0    | 
|bitshift_lif  | A*(B:0xccfb)            | 18     | 17     | -      | -      | 48     | 0    | 0    | -    | -    | -     | 0    | 0    | 
|bitshift_lif  | (PCIN>>17)+(A:0xccfb)*B | 17     | 10     | -      | -      | 27     | 0    | 0    | -    | -    | -     | 0    | 0    | 
|bitshift_lif  | A*(B:0xccfb)            | 18     | 17     | -      | -      | 48     | 0    | 0    | -    | -    | -     | 0    | 0    | 
|bitshift_lif  | (PCIN>>17)+(A:0xccfb)*B | 17     | 10     | -      | -      | 27     | 0    | 0    | -    | -    | -     | 0    | 0    | 
|bitshift_lif  | A*(B:0xccfb)            | 18     | 17     | -      | -      | 48     | 0    | 0    | -    | -    | -     | 0    | 0    | 
|bitshift_lif  | (PCIN>>17)+(A:0xccfb)*B | 17     | 10     | -      | -      | 27     | 0    | 0    | -    | -    | -     | 0    | 0    | 
|bitshift_lif  | A*(B:0xccfb)            | 18     | 17     | -      | -      | 48     | 0    | 0    | -    | -    | -     | 0    | 0    | 
|bitshift_lif  | (PCIN>>17)+(A:0xccfb)*B | 17     | 10     | -      | -      | 27     | 0    | 0    | -    | -    | -     | 0    | 0    | 
|bitshift_lif  | A*(B:0xccfb)            | 18     | 17     | -      | -      | 48     | 0    | 0    | -    | -    | -     | 0    | 0    | 
|bitshift_lif  | (PCIN>>17)+(A:0xccfb)*B | 17     | 10     | -      | -      | 27     | 0    | 0    | -    | -    | -     | 0    | 0    | 
|bitshift_lif  | A*(B:0xccfb)            | 18     | 17     | -      | -      | 48     | 0    | 0    | -    | -    | -     | 0    | 0    | 
|bitshift_lif  | (PCIN>>17)+(A:0xccfb)*B | 17     | 10     | -      | -      | 27     | 0    | 0    | -    | -    | -     | 0    | 0    | 
|bitshift_lif  | A*(B:0xccfb)            | 18     | 17     | -      | -      | 48     | 0    | 0    | -    | -    | -     | 0    | 0    | 
|bitshift_lif  | (PCIN>>17)+(A:0xccfb)*B | 17     | 10     | -      | -      | 27     | 0    | 0    | -    | -    | -     | 0    | 0    | 
|bitshift_lif  | A*(B:0xccfb)            | 18     | 17     | -      | -      | 48     | 0    | 0    | -    | -    | -     | 0    | 0    | 
|bitshift_lif  | (PCIN>>17)+(A:0xccfb)*B | 17     | 10     | -      | -      | 27     | 0    | 0    | -    | -    | -     | 0    | 0    | 
|bitshift_lif  | A*(B:0xccfb)            | 18     | 17     | -      | -      | 48     | 0    | 0    | -    | -    | -     | 0    | 0    | 
|bitshift_lif  | (PCIN>>17)+(A:0xccfb)*B | 17     | 10     | -      | -      | 27     | 0    | 0    | -    | -    | -     | 0    | 0    | 
|bitshift_lif  | A*(B:0xccfb)            | 18     | 17     | -      | -      | 48     | 0    | 0    | -    | -    | -     | 0    | 0    | 
|bitshift_lif  | (PCIN>>17)+(A:0xccfb)*B | 17     | 10     | -      | -      | 27     | 0    | 0    | -    | -    | -     | 0    | 0    | 
|bitshift_lif  | A*(B:0xccfb)            | 18     | 17     | -      | -      | 48     | 0    | 0    | -    | -    | -     | 0    | 0    | 
|bitshift_lif  | (PCIN>>17)+(A:0xccfb)*B | 17     | 10     | -      | -      | 27     | 0    | 0    | -    | -    | -     | 0    | 0    | 
|bitshift_lif  | A*(B:0xccfb)            | 18     | 17     | -      | -      | 48     | 0    | 0    | -    | -    | -     | 0    | 0    | 
|bitshift_lif  | (PCIN>>17)+(A:0xccfb)*B | 17     | 10     | -      | -      | 27     | 0    | 0    | -    | -    | -     | 0    | 0    | 
|bitshift_lif  | A*(B:0xccfb)            | 18     | 17     | -      | -      | 48     | 0    | 0    | -    | -    | -     | 0    | 0    | 
|bitshift_lif  | (PCIN>>17)+(A:0xccfb)*B | 17     | 10     | -      | -      | 27     | 0    | 0    | -    | -    | -     | 0    | 0    | 
|bitshift_lif  | A*(B:0xccfb)            | 18     | 17     | -      | -      | 48     | 0    | 0    | -    | -    | -     | 0    | 0    | 
|bitshift_lif  | (PCIN>>17)+(A:0xccfb)*B | 17     | 10     | -      | -      | 27     | 0    | 0    | -    | -    | -     | 0    | 0    | 
|bitshift_lif  | A*(B:0xccfb)            | 18     | 17     | -      | -      | 48     | 0    | 0    | -    | -    | -     | 0    | 0    | 
|bitshift_lif  | (PCIN>>17)+(A:0xccfb)*B | 17     | 10     | -      | -      | 27     | 0    | 0    | -    | -    | -     | 0    | 0    | 
|bitshift_lif  | A*(B:0xccfb)            | 18     | 17     | -      | -      | 48     | 0    | 0    | -    | -    | -     | 0    | 0    | 
|bitshift_lif  | (PCIN>>17)+(A:0xccfb)*B | 17     | 10     | -      | -      | 27     | 0    | 0    | -    | -    | -     | 0    | 0    | 
|bitshift_lif  | A*(B:0xccfb)            | 18     | 17     | -      | -      | 48     | 0    | 0    | -    | -    | -     | 0    | 0    | 
|bitshift_lif  | (PCIN>>17)+(A:0xccfb)*B | 17     | 10     | -      | -      | 27     | 0    | 0    | -    | -    | -     | 0    | 0    | 
|bitshift_lif  | A*(B:0xccfb)            | 18     | 17     | -      | -      | 48     | 0    | 0    | -    | -    | -     | 0    | 0    | 
|bitshift_lif  | (PCIN>>17)+(A:0xccfb)*B | 17     | 10     | -      | -      | 27     | 0    | 0    | -    | -    | -     | 0    | 0    | 
|bitshift_lif  | A*(B:0xccfb)            | 18     | 17     | -      | -      | 48     | 0    | 0    | -    | -    | -     | 0    | 0    | 
|bitshift_lif  | (PCIN>>17)+(A:0xccfb)*B | 17     | 10     | -      | -      | 27     | 0    | 0    | -    | -    | -     | 0    | 0    | 
|bitshift_lif  | A*(B:0xccfb)            | 18     | 17     | -      | -      | 48     | 0    | 0    | -    | -    | -     | 0    | 0    | 
|bitshift_lif  | (PCIN>>17)+(A:0xccfb)*B | 17     | 10     | -      | -      | 27     | 0    | 0    | -    | -    | -     | 0    | 0    | 
|bitshift_lif  | A*(B:0xccfb)            | 18     | 17     | -      | -      | 48     | 0    | 0    | -    | -    | -     | 0    | 0    | 
|bitshift_lif  | (PCIN>>17)+(A:0xccfb)*B | 17     | 10     | -      | -      | 27     | 0    | 0    | -    | -    | -     | 0    | 0    | 
|bitshift_lif  | A*(B:0xccfb)            | 18     | 17     | -      | -      | 48     | 0    | 0    | -    | -    | -     | 0    | 0    | 
|bitshift_lif  | (PCIN>>17)+(A:0xccfb)*B | 17     | 10     | -      | -      | 27     | 0    | 0    | -    | -    | -     | 0    | 0    | 
|bitshift_lif  | A*(B:0xccfb)            | 18     | 17     | -      | -      | 48     | 0    | 0    | -    | -    | -     | 0    | 0    | 
|bitshift_lif  | (PCIN>>17)+(A:0xccfb)*B | 17     | 10     | -      | -      | 27     | 0    | 0    | -    | -    | -     | 0    | 0    | 
|bitshift_lif  | A*(B:0xccfb)            | 18     | 17     | -      | -      | 48     | 0    | 0    | -    | -    | -     | 0    | 0    | 
|bitshift_lif  | (PCIN>>17)+(A:0xccfb)*B | 17     | 10     | -      | -      | 27     | 0    | 0    | -    | -    | -     | 0    | 0    | 
|bitshift_lif  | A*(B:0xccfb)            | 18     | 17     | -      | -      | 48     | 0    | 0    | -    | -    | -     | 0    | 0    | 
|bitshift_lif  | (PCIN>>17)+(A:0xccfb)*B | 17     | 10     | -      | -      | 27     | 0    | 0    | -    | -    | -     | 0    | 0    | 
|bitshift_lif  | A*(B:0xccfb)            | 18     | 17     | -      | -      | 48     | 0    | 0    | -    | -    | -     | 0    | 0    | 
|bitshift_lif  | (PCIN>>17)+(A:0xccfb)*B | 17     | 10     | -      | -      | 27     | 0    | 0    | -    | -    | -     | 0    | 0    | 
|bitshift_lif  | A*(B:0xccfb)            | 18     | 17     | -      | -      | 48     | 0    | 0    | -    | -    | -     | 0    | 0    | 
|bitshift_lif  | (PCIN>>17)+(A:0xccfb)*B | 17     | 10     | -      | -      | 27     | 0    | 0    | -    | -    | -     | 0    | 0    | 
|bitshift_lif  | A*(B:0xccfb)            | 18     | 17     | -      | -      | 48     | 0    | 0    | -    | -    | -     | 0    | 0    | 
|bitshift_lif  | (PCIN>>17)+(A:0xccfb)*B | 17     | 10     | -      | -      | 27     | 0    | 0    | -    | -    | -     | 0    | 0    | 
|bitshift_lif  | A*(B:0xccfb)            | 18     | 17     | -      | -      | 48     | 0    | 0    | -    | -    | -     | 0    | 0    | 
|bitshift_lif  | (PCIN>>17)+(A:0xccfb)*B | 17     | 10     | -      | -      | 27     | 0    | 0    | -    | -    | -     | 0    | 0    | 
|bitshift_lif  | A*(B:0xccfb)            | 18     | 17     | -      | -      | 48     | 0    | 0    | -    | -    | -     | 0    | 0    | 
|bitshift_lif  | (PCIN>>17)+(A:0xccfb)*B | 17     | 10     | -      | -      | 27     | 0    | 0    | -    | -    | -     | 0    | 0    | 
|bitshift_lif  | A*(B:0xccfb)            | 18     | 17     | -      | -      | 48     | 0    | 0    | -    | -    | -     | 0    | 0    | 
|bitshift_lif  | (PCIN>>17)+(A:0xccfb)*B | 17     | 10     | -      | -      | 27     | 0    | 0    | -    | -    | -     | 0    | 0    | 
|bitshift_lif  | A*(B:0xccfb)            | 18     | 17     | -      | -      | 48     | 0    | 0    | -    | -    | -     | 0    | 0    | 
|bitshift_lif  | (PCIN>>17)+(A:0xccfb)*B | 17     | 10     | -      | -      | 27     | 0    | 0    | -    | -    | -     | 0    | 0    | 
|bitshift_lif  | A*(B:0xccfb)            | 18     | 17     | -      | -      | 48     | 0    | 0    | -    | -    | -     | 0    | 0    | 
|bitshift_lif  | (PCIN>>17)+(A:0xccfb)*B | 17     | 10     | -      | -      | 27     | 0    | 0    | -    | -    | -     | 0    | 0    | 
|bitshift_lif  | A*(B:0xccfb)            | 18     | 17     | -      | -      | 48     | 0    | 0    | -    | -    | -     | 0    | 0    | 
|bitshift_lif  | (PCIN>>17)+(A:0xccfb)*B | 17     | 10     | -      | -      | 27     | 0    | 0    | -    | -    | -     | 0    | 0    | 
|bitshift_lif  | A*(B:0xccfb)            | 18     | 17     | -      | -      | 48     | 0    | 0    | -    | -    | -     | 0    | 0    | 
|bitshift_lif  | (PCIN>>17)+(A:0xccfb)*B | 17     | 10     | -      | -      | 27     | 0    | 0    | -    | -    | -     | 0    | 0    | 
|bitshift_lif  | A*(B:0xccfb)            | 18     | 17     | -      | -      | 48     | 0    | 0    | -    | -    | -     | 0    | 0    | 
|bitshift_lif  | (PCIN>>17)+(A:0xccfb)*B | 17     | 10     | -      | -      | 27     | 0    | 0    | -    | -    | -     | 0    | 0    | 
|bitshift_lif  | A*(B:0xccfb)            | 18     | 17     | -      | -      | 48     | 0    | 0    | -    | -    | -     | 0    | 0    | 
|bitshift_lif  | (PCIN>>17)+(A:0xccfb)*B | 17     | 10     | -      | -      | 27     | 0    | 0    | -    | -    | -     | 0    | 0    | 
|bitshift_lif  | A*(B:0xccfb)            | 18     | 17     | -      | -      | 48     | 0    | 0    | -    | -    | -     | 0    | 0    | 
|bitshift_lif  | (PCIN>>17)+(A:0xccfb)*B | 17     | 10     | -      | -      | 27     | 0    | 0    | -    | -    | -     | 0    | 0    | 
|bitshift_lif  | A*(B:0xccfb)            | 18     | 17     | -      | -      | 48     | 0    | 0    | -    | -    | -     | 0    | 0    | 
|bitshift_lif  | (PCIN>>17)+(A:0xccfb)*B | 17     | 10     | -      | -      | 27     | 0    | 0    | -    | -    | -     | 0    | 0    | 
|bitshift_lif  | A*(B:0xccfb)            | 18     | 17     | -      | -      | 48     | 0    | 0    | -    | -    | -     | 0    | 0    | 
|bitshift_lif  | (PCIN>>17)+(A:0xccfb)*B | 17     | 10     | -      | -      | 27     | 0    | 0    | -    | -    | -     | 0    | 0    | 
|bitshift_lif  | A*(B:0xccfb)            | 18     | 17     | -      | -      | 48     | 0    | 0    | -    | -    | -     | 0    | 0    | 
|bitshift_lif  | (PCIN>>17)+(A:0xccfb)*B | 17     | 10     | -      | -      | 27     | 0    | 0    | -    | -    | -     | 0    | 0    | 
|bitshift_lif  | A*(B:0xccfb)            | 18     | 17     | -      | -      | 48     | 0    | 0    | -    | -    | -     | 0    | 0    | 
|bitshift_lif  | (PCIN>>17)+(A:0xccfb)*B | 17     | 10     | -      | -      | 27     | 0    | 0    | -    | -    | -     | 0    | 0    | 
|bitshift_lif  | A*(B:0xccfb)            | 18     | 17     | -      | -      | 48     | 0    | 0    | -    | -    | -     | 0    | 0    | 
|bitshift_lif  | (PCIN>>17)+(A:0xccfb)*B | 17     | 10     | -      | -      | 27     | 0    | 0    | -    | -    | -     | 0    | 0    | 
|bitshift_lif  | A*(B:0xccfb)            | 18     | 17     | -      | -      | 48     | 0    | 0    | -    | -    | -     | 0    | 0    | 
|bitshift_lif  | (PCIN>>17)+(A:0xccfb)*B | 17     | 10     | -      | -      | 27     | 0    | 0    | -    | -    | -     | 0    | 0    | 
|bitshift_lif  | A*(B:0xccfb)            | 18     | 17     | -      | -      | 48     | 0    | 0    | -    | -    | -     | 0    | 0    | 
|bitshift_lif  | (PCIN>>17)+(A:0xccfb)*B | 17     | 10     | -      | -      | 27     | 0    | 0    | -    | -    | -     | 0    | 0    | 
|bitshift_lif  | A*(B:0xccfb)            | 18     | 17     | -      | -      | 48     | 0    | 0    | -    | -    | -     | 0    | 0    | 
|bitshift_lif  | (PCIN>>17)+(A:0xccfb)*B | 17     | 10     | -      | -      | 27     | 0    | 0    | -    | -    | -     | 0    | 0    | 
|bitshift_lif  | A*(B:0xccfb)            | 18     | 17     | -      | -      | 48     | 0    | 0    | -    | -    | -     | 0    | 0    | 
|bitshift_lif  | (PCIN>>17)+(A:0xccfb)*B | 17     | 10     | -      | -      | 27     | 0    | 0    | -    | -    | -     | 0    | 0    | 
|linear_layer  | C+A*B                   | 16     | 14     | 39     | -      | 39     | 0    | 0    | 0    | -    | -     | 0    | 0    | 
|linear_layer  | C+A*B                   | 16     | 14     | 39     | -      | 39     | 0    | 0    | 0    | -    | -     | 0    | 0    | 
|linear_layer  | C+A*B                   | 16     | 14     | 39     | -      | 39     | 0    | 0    | 0    | -    | -     | 0    | 0    | 
|linear_layer  | C+A*B                   | 16     | 14     | 39     | -      | 39     | 0    | 0    | 0    | -    | -     | 0    | 0    | 
|linear_layer  | C+A*B                   | 16     | 14     | 39     | -      | 39     | 0    | 0    | 0    | -    | -     | 0    | 0    | 
|linear_layer  | C+A*B                   | 16     | 14     | 39     | -      | 39     | 0    | 0    | 0    | -    | -     | 0    | 0    | 
|linear_layer  | C+A*B                   | 16     | 14     | 39     | -      | 39     | 0    | 0    | 0    | -    | -     | 0    | 0    | 
|linear_layer  | C+A*B                   | 16     | 14     | 39     | -      | 39     | 0    | 0    | 0    | -    | -     | 0    | 0    | 
|linear_layer  | C+A*B                   | 16     | 14     | 39     | -      | 39     | 0    | 0    | 0    | -    | -     | 0    | 0    | 
|linear_layer  | C+A*B                   | 16     | 14     | 39     | -      | 39     | 0    | 0    | 0    | -    | -     | 0    | 0    | 
|linear_layer  | C+A*B                   | 16     | 14     | 39     | -      | 39     | 0    | 0    | 0    | -    | -     | 0    | 0    | 
|linear_layer  | C+A*B                   | 16     | 14     | 39     | -      | 39     | 0    | 0    | 0    | -    | -     | 0    | 0    | 
|linear_layer  | C+A*B                   | 16     | 14     | 39     | -      | 39     | 0    | 0    | 0    | -    | -     | 0    | 0    | 
|linear_layer  | C+A*B                   | 16     | 14     | 39     | -      | 39     | 0    | 0    | 0    | -    | -     | 0    | 0    | 
|linear_layer  | C+A*B                   | 16     | 14     | 39     | -      | 39     | 0    | 0    | 0    | -    | -     | 0    | 0    | 
|linear_layer  | C+A*B                   | 16     | 14     | 39     | -      | 39     | 0    | 0    | 0    | -    | -     | 0    | 0    | 
|bitshift_lif  | A*(B:0xccfb)            | 18     | 17     | -      | -      | 48     | 0    | 0    | -    | -    | -     | 0    | 0    | 
|bitshift_lif  | (PCIN>>17)+(A:0xccfb)*B | 17     | 10     | -      | -      | 27     | 0    | 0    | -    | -    | -     | 0    | 0    | 
|bitshift_lif  | A*(B:0xccfb)            | 18     | 17     | -      | -      | 48     | 0    | 0    | -    | -    | -     | 0    | 0    | 
|bitshift_lif  | (PCIN>>17)+(A:0xccfb)*B | 17     | 10     | -      | -      | 27     | 0    | 0    | -    | -    | -     | 0    | 0    | 
|bitshift_lif  | A*(B:0xccfb)            | 18     | 17     | -      | -      | 48     | 0    | 0    | -    | -    | -     | 0    | 0    | 
|bitshift_lif  | (PCIN>>17)+(A:0xccfb)*B | 17     | 10     | -      | -      | 27     | 0    | 0    | -    | -    | -     | 0    | 0    | 
|bitshift_lif  | A*(B:0xccfb)            | 18     | 17     | -      | -      | 48     | 0    | 0    | -    | -    | -     | 0    | 0    | 
|bitshift_lif  | (PCIN>>17)+(A:0xccfb)*B | 17     | 10     | -      | -      | 27     | 0    | 0    | -    | -    | -     | 0    | 0    | 
|bitshift_lif  | A*(B:0xccfb)            | 18     | 17     | -      | -      | 48     | 0    | 0    | -    | -    | -     | 0    | 0    | 
|bitshift_lif  | (PCIN>>17)+(A:0xccfb)*B | 17     | 10     | -      | -      | 27     | 0    | 0    | -    | -    | -     | 0    | 0    | 
|bitshift_lif  | A*(B:0xccfb)            | 18     | 17     | -      | -      | 48     | 0    | 0    | -    | -    | -     | 0    | 0    | 
|bitshift_lif  | (PCIN>>17)+(A:0xccfb)*B | 17     | 10     | -      | -      | 27     | 0    | 0    | -    | -    | -     | 0    | 0    | 
|bitshift_lif  | A*(B:0xccfb)            | 18     | 17     | -      | -      | 48     | 0    | 0    | -    | -    | -     | 0    | 0    | 
|bitshift_lif  | (PCIN>>17)+(A:0xccfb)*B | 17     | 10     | -      | -      | 27     | 0    | 0    | -    | -    | -     | 0    | 0    | 
|bitshift_lif  | A*(B:0xccfb)            | 18     | 17     | -      | -      | 48     | 0    | 0    | -    | -    | -     | 0    | 0    | 
|bitshift_lif  | (PCIN>>17)+(A:0xccfb)*B | 17     | 10     | -      | -      | 27     | 0    | 0    | -    | -    | -     | 0    | 0    | 
|bitshift_lif  | A*(B:0xccfb)            | 18     | 17     | -      | -      | 48     | 0    | 0    | -    | -    | -     | 0    | 0    | 
|bitshift_lif  | (PCIN>>17)+(A:0xccfb)*B | 17     | 10     | -      | -      | 27     | 0    | 0    | -    | -    | -     | 0    | 0    | 
|bitshift_lif  | A*(B:0xccfb)            | 18     | 17     | -      | -      | 48     | 0    | 0    | -    | -    | -     | 0    | 0    | 
|bitshift_lif  | (PCIN>>17)+(A:0xccfb)*B | 17     | 10     | -      | -      | 27     | 0    | 0    | -    | -    | -     | 0    | 0    | 
|bitshift_lif  | A*(B:0xccfb)            | 18     | 17     | -      | -      | 48     | 0    | 0    | -    | -    | -     | 0    | 0    | 
|bitshift_lif  | (PCIN>>17)+(A:0xccfb)*B | 17     | 10     | -      | -      | 27     | 0    | 0    | -    | -    | -     | 0    | 0    | 
|bitshift_lif  | A*(B:0xccfb)            | 18     | 17     | -      | -      | 48     | 0    | 0    | -    | -    | -     | 0    | 0    | 
|bitshift_lif  | (PCIN>>17)+(A:0xccfb)*B | 17     | 10     | -      | -      | 27     | 0    | 0    | -    | -    | -     | 0    | 0    | 
|bitshift_lif  | A*(B:0xccfb)            | 18     | 17     | -      | -      | 48     | 0    | 0    | -    | -    | -     | 0    | 0    | 
|bitshift_lif  | (PCIN>>17)+(A:0xccfb)*B | 17     | 10     | -      | -      | 27     | 0    | 0    | -    | -    | -     | 0    | 0    | 
|bitshift_lif  | A*(B:0xccfb)            | 18     | 17     | -      | -      | 48     | 0    | 0    | -    | -    | -     | 0    | 0    | 
|bitshift_lif  | (PCIN>>17)+(A:0xccfb)*B | 17     | 10     | -      | -      | 27     | 0    | 0    | -    | -    | -     | 0    | 0    | 
|bitshift_lif  | A*(B:0xccfb)            | 18     | 17     | -      | -      | 48     | 0    | 0    | -    | -    | -     | 0    | 0    | 
|bitshift_lif  | (PCIN>>17)+(A:0xccfb)*B | 17     | 10     | -      | -      | 27     | 0    | 0    | -    | -    | -     | 0    | 0    | 
|bitshift_lif  | A*(B:0xccfb)            | 18     | 17     | -      | -      | 48     | 0    | 0    | -    | -    | -     | 0    | 0    | 
|bitshift_lif  | (PCIN>>17)+(A:0xccfb)*B | 17     | 10     | -      | -      | 27     | 0    | 0    | -    | -    | -     | 0    | 0    | 
|bitshift_lif  | A*(B:0xccfb)            | 18     | 17     | -      | -      | 48     | 0    | 0    | -    | -    | -     | 0    | 0    | 
|bitshift_lif  | (PCIN>>17)+(A:0xccfb)*B | 17     | 10     | -      | -      | 27     | 0    | 0    | -    | -    | -     | 0    | 0    | 
|bitshift_lif  | A*(B:0xccfb)            | 18     | 17     | -      | -      | 48     | 0    | 0    | -    | -    | -     | 0    | 0    | 
|bitshift_lif  | (PCIN>>17)+(A:0xccfb)*B | 17     | 10     | -      | -      | 27     | 0    | 0    | -    | -    | -     | 0    | 0    | 
|bitshift_lif  | A*(B:0xccfb)            | 18     | 17     | -      | -      | 48     | 0    | 0    | -    | -    | -     | 0    | 0    | 
|bitshift_lif  | (PCIN>>17)+(A:0xccfb)*B | 17     | 10     | -      | -      | 27     | 0    | 0    | -    | -    | -     | 0    | 0    | 
|bitshift_lif  | A*(B:0xccfb)            | 18     | 17     | -      | -      | 48     | 0    | 0    | -    | -    | -     | 0    | 0    | 
|bitshift_lif  | (PCIN>>17)+(A:0xccfb)*B | 17     | 10     | -      | -      | 27     | 0    | 0    | -    | -    | -     | 0    | 0    | 
|bitshift_lif  | A*(B:0xccfb)            | 18     | 17     | -      | -      | 48     | 0    | 0    | -    | -    | -     | 0    | 0    | 
|bitshift_lif  | (PCIN>>17)+(A:0xccfb)*B | 17     | 10     | -      | -      | 27     | 0    | 0    | -    | -    | -     | 0    | 0    | 
|bitshift_lif  | A*(B:0xccfb)            | 18     | 17     | -      | -      | 48     | 0    | 0    | -    | -    | -     | 0    | 0    | 
|bitshift_lif  | (PCIN>>17)+(A:0xccfb)*B | 17     | 10     | -      | -      | 27     | 0    | 0    | -    | -    | -     | 0    | 0    | 
|bitshift_lif  | A*(B:0xccfb)            | 18     | 17     | -      | -      | 48     | 0    | 0    | -    | -    | -     | 0    | 0    | 
|bitshift_lif  | (PCIN>>17)+(A:0xccfb)*B | 17     | 10     | -      | -      | 27     | 0    | 0    | -    | -    | -     | 0    | 0    | 
|bitshift_lif  | A*(B:0xccfb)            | 18     | 17     | -      | -      | 48     | 0    | 0    | -    | -    | -     | 0    | 0    | 
|bitshift_lif  | (PCIN>>17)+(A:0xccfb)*B | 17     | 10     | -      | -      | 27     | 0    | 0    | -    | -    | -     | 0    | 0    | 
|bitshift_lif  | A*(B:0xccfb)            | 18     | 17     | -      | -      | 48     | 0    | 0    | -    | -    | -     | 0    | 0    | 
|bitshift_lif  | (PCIN>>17)+(A:0xccfb)*B | 17     | 10     | -      | -      | 27     | 0    | 0    | -    | -    | -     | 0    | 0    | 
|bitshift_lif  | A*(B:0xccfb)            | 18     | 17     | -      | -      | 48     | 0    | 0    | -    | -    | -     | 0    | 0    | 
|bitshift_lif  | (PCIN>>17)+(A:0xccfb)*B | 17     | 10     | -      | -      | 27     | 0    | 0    | -    | -    | -     | 0    | 0    | 
|bitshift_lif  | A*(B:0xccfb)            | 18     | 17     | -      | -      | 48     | 0    | 0    | -    | -    | -     | 0    | 0    | 
|bitshift_lif  | (PCIN>>17)+(A:0xccfb)*B | 17     | 10     | -      | -      | 27     | 0    | 0    | -    | -    | -     | 0    | 0    | 
|bitshift_lif  | A*(B:0xccfb)            | 18     | 17     | -      | -      | 48     | 0    | 0    | -    | -    | -     | 0    | 0    | 
|bitshift_lif  | (PCIN>>17)+(A:0xccfb)*B | 17     | 10     | -      | -      | 27     | 0    | 0    | -    | -    | -     | 0    | 0    | 
+--------------+-------------------------+--------+--------+--------+--------+--------+------+------+------+------+-------+------+------+

Note: The table above is a preliminary report that shows the DSPs inferred at the current stage of the synthesis flow. Some DSP may be reimplemented as non DSP primitives later in the synthesis flow. Multiple instantiated DSPs are reported only once.
---------------------------------------------------------------------------------
Finished ROM, RAM, DSP, Shift Register and Retiming Reporting
---------------------------------------------------------------------------------
---------------------------------------------------------------------------------
Start Applying XDC Timing Constraints
---------------------------------------------------------------------------------
---------------------------------------------------------------------------------
Finished Applying XDC Timing Constraints : Time (s): cpu = 00:03:16 ; elapsed = 00:01:47 . Memory (MB): peak = 2770.172 ; gain = 1070.691 ; free physical = 2436 ; free virtual = 5334
---------------------------------------------------------------------------------
---------------------------------------------------------------------------------
Start Timing Optimization
---------------------------------------------------------------------------------
---------------------------------------------------------------------------------
Finished Timing Optimization : Time (s): cpu = 00:03:46 ; elapsed = 00:02:17 . Memory (MB): peak = 2972.805 ; gain = 1273.324 ; free physical = 2105 ; free virtual = 5016
---------------------------------------------------------------------------------
---------------------------------------------------------------------------------
Start Technology Mapping
---------------------------------------------------------------------------------
INFO: [Synth 8-5844] Detected registers with asynchronous reset at DSP/BRAM block boundary. Consider using synchronous reset for optimal packing [/home/stonepine/intrinsic-memory-SNNs/common/sv/linear_layer.sv:247]
INFO: [Synth 8-5844] Detected registers with asynchronous reset at DSP/BRAM block boundary. Consider using synchronous reset for optimal packing [/home/stonepine/intrinsic-memory-SNNs/common/sv/linear_layer.sv:247]
INFO: [Synth 8-5844] Detected registers with asynchronous reset at DSP/BRAM block boundary. Consider using synchronous reset for optimal packing [/home/stonepine/intrinsic-memory-SNNs/common/sv/linear_layer.sv:247]
INFO: [Synth 8-5844] Detected registers with asynchronous reset at DSP/BRAM block boundary. Consider using synchronous reset for optimal packing [/home/stonepine/intrinsic-memory-SNNs/common/sv/linear_layer.sv:247]
INFO: [Synth 8-5844] Detected registers with asynchronous reset at DSP/BRAM block boundary. Consider using synchronous reset for optimal packing [/home/stonepine/intrinsic-memory-SNNs/common/sv/linear_layer.sv:247]
INFO: [Synth 8-5844] Detected registers with asynchronous reset at DSP/BRAM block boundary. Consider using synchronous reset for optimal packing [/home/stonepine/intrinsic-memory-SNNs/common/sv/linear_layer.sv:247]
INFO: [Synth 8-5844] Detected registers with asynchronous reset at DSP/BRAM block boundary. Consider using synchronous reset for optimal packing [/home/stonepine/intrinsic-memory-SNNs/common/sv/linear_layer.sv:247]
INFO: [Synth 8-5844] Detected registers with asynchronous reset at DSP/BRAM block boundary. Consider using synchronous reset for optimal packing [/home/stonepine/intrinsic-memory-SNNs/common/sv/linear_layer.sv:247]
INFO: [Synth 8-5844] Detected registers with asynchronous reset at DSP/BRAM block boundary. Consider using synchronous reset for optimal packing [/home/stonepine/intrinsic-memory-SNNs/common/sv/linear_layer.sv:247]
INFO: [Synth 8-5844] Detected registers with asynchronous reset at DSP/BRAM block boundary. Consider using synchronous reset for optimal packing [/home/stonepine/intrinsic-memory-SNNs/common/sv/linear_layer.sv:247]
INFO: [Synth 8-5844] Detected registers with asynchronous reset at DSP/BRAM block boundary. Consider using synchronous reset for optimal packing [/home/stonepine/intrinsic-memory-SNNs/common/sv/linear_layer.sv:247]
INFO: [Synth 8-5844] Detected registers with asynchronous reset at DSP/BRAM block boundary. Consider using synchronous reset for optimal packing [/home/stonepine/intrinsic-memory-SNNs/common/sv/linear_layer.sv:247]
INFO: [Synth 8-5844] Detected registers with asynchronous reset at DSP/BRAM block boundary. Consider using synchronous reset for optimal packing [/home/stonepine/intrinsic-memory-SNNs/common/sv/linear_layer.sv:247]
INFO: [Synth 8-5844] Detected registers with asynchronous reset at DSP/BRAM block boundary. Consider using synchronous reset for optimal packing [/home/stonepine/intrinsic-memory-SNNs/common/sv/linear_layer.sv:247]
INFO: [Synth 8-5844] Detected registers with asynchronous reset at DSP/BRAM block boundary. Consider using synchronous reset for optimal packing [/home/stonepine/intrinsic-memory-SNNs/common/sv/linear_layer.sv:247]
INFO: [Synth 8-5844] Detected registers with asynchronous reset at DSP/BRAM block boundary. Consider using synchronous reset for optimal packing [/home/stonepine/intrinsic-memory-SNNs/common/sv/linear_layer.sv:247]
INFO: [Synth 8-5844] Detected registers with asynchronous reset at DSP/BRAM block boundary. Consider using synchronous reset for optimal packing [/home/stonepine/intrinsic-memory-SNNs/common/sv/neurons/bitshift_lif.sv:281]
INFO: [Synth 8-5844] Detected registers with asynchronous reset at DSP/BRAM block boundary. Consider using synchronous reset for optimal packing [/home/stonepine/intrinsic-memory-SNNs/common/sv/neurons/bitshift_lif.sv:281]
INFO: [Synth 8-5844] Detected registers with asynchronous reset at DSP/BRAM block boundary. Consider using synchronous reset for optimal packing [/home/stonepine/intrinsic-memory-SNNs/common/sv/neurons/bitshift_lif.sv:281]
INFO: [Synth 8-5844] Detected registers with asynchronous reset at DSP/BRAM block boundary. Consider using synchronous reset for optimal packing [/home/stonepine/intrinsic-memory-SNNs/common/sv/neurons/bitshift_lif.sv:281]
INFO: [Synth 8-5844] Detected registers with asynchronous reset at DSP/BRAM block boundary. Consider using synchronous reset for optimal packing [/home/stonepine/intrinsic-memory-SNNs/common/sv/neurons/bitshift_lif.sv:281]
INFO: [Synth 8-5844] Detected registers with asynchronous reset at DSP/BRAM block boundary. Consider using synchronous reset for optimal packing [/home/stonepine/intrinsic-memory-SNNs/common/sv/neurons/bitshift_lif.sv:281]
INFO: [Synth 8-5844] Detected registers with asynchronous reset at DSP/BRAM block boundary. Consider using synchronous reset for optimal packing [/home/stonepine/intrinsic-memory-SNNs/common/sv/neurons/bitshift_lif.sv:281]
INFO: [Synth 8-5844] Detected registers with asynchronous reset at DSP/BRAM block boundary. Consider using synchronous reset for optimal packing [/home/stonepine/intrinsic-memory-SNNs/common/sv/neurons/bitshift_lif.sv:281]
INFO: [Synth 8-5844] Detected registers with asynchronous reset at DSP/BRAM block boundary. Consider using synchronous reset for optimal packing [/home/stonepine/intrinsic-memory-SNNs/common/sv/neurons/bitshift_lif.sv:281]
INFO: [Synth 8-5844] Detected registers with asynchronous reset at DSP/BRAM block boundary. Consider using synchronous reset for optimal packing [/home/stonepine/intrinsic-memory-SNNs/common/sv/neurons/bitshift_lif.sv:281]
INFO: [Synth 8-5844] Detected registers with asynchronous reset at DSP/BRAM block boundary. Consider using synchronous reset for optimal packing [/home/stonepine/intrinsic-memory-SNNs/common/sv/neurons/bitshift_lif.sv:281]
INFO: [Synth 8-5844] Detected registers with asynchronous reset at DSP/BRAM block boundary. Consider using synchronous reset for optimal packing [/home/stonepine/intrinsic-memory-SNNs/common/sv/neurons/bitshift_lif.sv:281]
INFO: [Synth 8-5844] Detected registers with asynchronous reset at DSP/BRAM block boundary. Consider using synchronous reset for optimal packing [/home/stonepine/intrinsic-memory-SNNs/common/sv/neurons/bitshift_lif.sv:281]
INFO: [Synth 8-5844] Detected registers with asynchronous reset at DSP/BRAM block boundary. Consider using synchronous reset for optimal packing [/home/stonepine/intrinsic-memory-SNNs/common/sv/neurons/bitshift_lif.sv:281]
INFO: [Synth 8-5844] Detected registers with asynchronous reset at DSP/BRAM block boundary. Consider using synchronous reset for optimal packing [/home/stonepine/intrinsic-memory-SNNs/common/sv/neurons/bitshift_lif.sv:281]
INFO: [Synth 8-5844] Detected registers with asynchronous reset at DSP/BRAM block boundary. Consider using synchronous reset for optimal packing [/home/stonepine/intrinsic-memory-SNNs/common/sv/neurons/bitshift_lif.sv:281]
INFO: [Synth 8-5844] Detected registers with asynchronous reset at DSP/BRAM block boundary. Consider using synchronous reset for optimal packing [/home/stonepine/intrinsic-memory-SNNs/common/sv/neurons/bitshift_lif.sv:281]
INFO: [Synth 8-5844] Detected registers with asynchronous reset at DSP/BRAM block boundary. Consider using synchronous reset for optimal packing [/home/stonepine/intrinsic-memory-SNNs/common/sv/neurons/bitshift_lif.sv:281]
INFO: [Synth 8-5844] Detected registers with asynchronous reset at DSP/BRAM block boundary. Consider using synchronous reset for optimal packing [/home/stonepine/intrinsic-memory-SNNs/common/sv/neurons/bitshift_lif.sv:281]
INFO: [Synth 8-5844] Detected registers with asynchronous reset at DSP/BRAM block boundary. Consider using synchronous reset for optimal packing [/home/stonepine/intrinsic-memory-SNNs/common/sv/neurons/bitshift_lif.sv:281]
INFO: [Synth 8-5844] Detected registers with asynchronous reset at DSP/BRAM block boundary. Consider using synchronous reset for optimal packing [/home/stonepine/intrinsic-memory-SNNs/common/sv/neurons/bitshift_lif.sv:281]
INFO: [Synth 8-5844] Detected registers with asynchronous reset at DSP/BRAM block boundary. Consider using synchronous reset for optimal packing [/home/stonepine/intrinsic-memory-SNNs/common/sv/neurons/bitshift_lif.sv:281]
INFO: [Synth 8-5844] Detected registers with asynchronous reset at DSP/BRAM block boundary. Consider using synchronous reset for optimal packing [/home/stonepine/intrinsic-memory-SNNs/common/sv/neurons/bitshift_lif.sv:281]
INFO: [Synth 8-5844] Detected registers with asynchronous reset at DSP/BRAM block boundary. Consider using synchronous reset for optimal packing [/home/stonepine/intrinsic-memory-SNNs/common/sv/neurons/bitshift_lif.sv:281]
INFO: [Synth 8-5844] Detected registers with asynchronous reset at DSP/BRAM block boundary. Consider using synchronous reset for optimal packing [/home/stonepine/intrinsic-memory-SNNs/common/sv/neurons/bitshift_lif.sv:281]
INFO: [Synth 8-5844] Detected registers with asynchronous reset at DSP/BRAM block boundary. Consider using synchronous reset for optimal packing [/home/stonepine/intrinsic-memory-SNNs/common/sv/neurons/bitshift_lif.sv:281]
INFO: [Synth 8-5844] Detected registers with asynchronous reset at DSP/BRAM block boundary. Consider using synchronous reset for optimal packing [/home/stonepine/intrinsic-memory-SNNs/common/sv/neurons/bitshift_lif.sv:281]
INFO: [Synth 8-5844] Detected registers with asynchronous reset at DSP/BRAM block boundary. Consider using synchronous reset for optimal packing [/home/stonepine/intrinsic-memory-SNNs/common/sv/neurons/bitshift_lif.sv:281]
INFO: [Synth 8-5844] Detected registers with asynchronous reset at DSP/BRAM block boundary. Consider using synchronous reset for optimal packing [/home/stonepine/intrinsic-memory-SNNs/common/sv/neurons/bitshift_lif.sv:281]
INFO: [Synth 8-5844] Detected registers with asynchronous reset at DSP/BRAM block boundary. Consider using synchronous reset for optimal packing [/home/stonepine/intrinsic-memory-SNNs/common/sv/neurons/bitshift_lif.sv:281]
INFO: [Synth 8-5844] Detected registers with asynchronous reset at DSP/BRAM block boundary. Consider using synchronous reset for optimal packing [/home/stonepine/intrinsic-memory-SNNs/common/sv/neurons/bitshift_lif.sv:281]
INFO: [Synth 8-5844] Detected registers with asynchronous reset at DSP/BRAM block boundary. Consider using synchronous reset for optimal packing [/home/stonepine/intrinsic-memory-SNNs/common/sv/neurons/bitshift_lif.sv:281]
INFO: [Synth 8-5844] Detected registers with asynchronous reset at DSP/BRAM block boundary. Consider using synchronous reset for optimal packing [/home/stonepine/intrinsic-memory-SNNs/common/sv/neurons/bitshift_lif.sv:281]
INFO: [Synth 8-5844] Detected registers with asynchronous reset at DSP/BRAM block boundary. Consider using synchronous reset for optimal packing [/home/stonepine/intrinsic-memory-SNNs/common/sv/neurons/bitshift_lif.sv:281]
INFO: [Synth 8-5844] Detected registers with asynchronous reset at DSP/BRAM block boundary. Consider using synchronous reset for optimal packing [/home/stonepine/intrinsic-memory-SNNs/common/sv/neurons/bitshift_lif.sv:281]
INFO: [Synth 8-5844] Detected registers with asynchronous reset at DSP/BRAM block boundary. Consider using synchronous reset for optimal packing [/home/stonepine/intrinsic-memory-SNNs/common/sv/neurons/bitshift_lif.sv:281]
INFO: [Synth 8-5844] Detected registers with asynchronous reset at DSP/BRAM block boundary. Consider using synchronous reset for optimal packing [/home/stonepine/intrinsic-memory-SNNs/common/sv/neurons/bitshift_lif.sv:281]
INFO: [Synth 8-5844] Detected registers with asynchronous reset at DSP/BRAM block boundary. Consider using synchronous reset for optimal packing [/home/stonepine/intrinsic-memory-SNNs/common/sv/neurons/bitshift_lif.sv:281]
INFO: [Synth 8-5844] Detected registers with asynchronous reset at DSP/BRAM block boundary. Consider using synchronous reset for optimal packing [/home/stonepine/intrinsic-memory-SNNs/common/sv/neurons/bitshift_lif.sv:281]
INFO: [Synth 8-5844] Detected registers with asynchronous reset at DSP/BRAM block boundary. Consider using synchronous reset for optimal packing [/home/stonepine/intrinsic-memory-SNNs/common/sv/neurons/bitshift_lif.sv:281]
INFO: [Synth 8-5844] Detected registers with asynchronous reset at DSP/BRAM block boundary. Consider using synchronous reset for optimal packing [/home/stonepine/intrinsic-memory-SNNs/common/sv/neurons/bitshift_lif.sv:281]
INFO: [Synth 8-5844] Detected registers with asynchronous reset at DSP/BRAM block boundary. Consider using synchronous reset for optimal packing [/home/stonepine/intrinsic-memory-SNNs/common/sv/neurons/bitshift_lif.sv:281]
INFO: [Synth 8-5844] Detected registers with asynchronous reset at DSP/BRAM block boundary. Consider using synchronous reset for optimal packing [/home/stonepine/intrinsic-memory-SNNs/common/sv/neurons/bitshift_lif.sv:281]
INFO: [Synth 8-5844] Detected registers with asynchronous reset at DSP/BRAM block boundary. Consider using synchronous reset for optimal packing [/home/stonepine/intrinsic-memory-SNNs/common/sv/neurons/bitshift_lif.sv:281]
INFO: [Synth 8-5844] Detected registers with asynchronous reset at DSP/BRAM block boundary. Consider using synchronous reset for optimal packing [/home/stonepine/intrinsic-memory-SNNs/common/sv/neurons/bitshift_lif.sv:281]
INFO: [Synth 8-5844] Detected registers with asynchronous reset at DSP/BRAM block boundary. Consider using synchronous reset for optimal packing [/home/stonepine/intrinsic-memory-SNNs/common/sv/neurons/bitshift_lif.sv:281]
INFO: [Synth 8-5844] Detected registers with asynchronous reset at DSP/BRAM block boundary. Consider using synchronous reset for optimal packing [/home/stonepine/intrinsic-memory-SNNs/common/sv/neurons/bitshift_lif.sv:281]
INFO: [Synth 8-5844] Detected registers with asynchronous reset at DSP/BRAM block boundary. Consider using synchronous reset for optimal packing [/home/stonepine/intrinsic-memory-SNNs/common/sv/neurons/bitshift_lif.sv:281]
INFO: [Synth 8-5844] Detected registers with asynchronous reset at DSP/BRAM block boundary. Consider using synchronous reset for optimal packing [/home/stonepine/intrinsic-memory-SNNs/common/sv/neurons/bitshift_lif.sv:281]
INFO: [Synth 8-5844] Detected registers with asynchronous reset at DSP/BRAM block boundary. Consider using synchronous reset for optimal packing [/home/stonepine/intrinsic-memory-SNNs/common/sv/neurons/bitshift_lif.sv:281]
INFO: [Synth 8-5844] Detected registers with asynchronous reset at DSP/BRAM block boundary. Consider using synchronous reset for optimal packing [/home/stonepine/intrinsic-memory-SNNs/common/sv/neurons/bitshift_lif.sv:281]
INFO: [Synth 8-5844] Detected registers with asynchronous reset at DSP/BRAM block boundary. Consider using synchronous reset for optimal packing [/home/stonepine/intrinsic-memory-SNNs/common/sv/neurons/bitshift_lif.sv:281]
INFO: [Synth 8-5844] Detected registers with asynchronous reset at DSP/BRAM block boundary. Consider using synchronous reset for optimal packing [/home/stonepine/intrinsic-memory-SNNs/common/sv/neurons/bitshift_lif.sv:281]
INFO: [Synth 8-5844] Detected registers with asynchronous reset at DSP/BRAM block boundary. Consider using synchronous reset for optimal packing [/home/stonepine/intrinsic-memory-SNNs/common/sv/neurons/bitshift_lif.sv:281]
INFO: [Synth 8-5844] Detected registers with asynchronous reset at DSP/BRAM block boundary. Consider using synchronous reset for optimal packing [/home/stonepine/intrinsic-memory-SNNs/common/sv/neurons/bitshift_lif.sv:281]
INFO: [Synth 8-5844] Detected registers with asynchronous reset at DSP/BRAM block boundary. Consider using synchronous reset for optimal packing [/home/stonepine/intrinsic-memory-SNNs/common/sv/neurons/bitshift_lif.sv:281]
INFO: [Synth 8-5844] Detected registers with asynchronous reset at DSP/BRAM block boundary. Consider using synchronous reset for optimal packing [/home/stonepine/intrinsic-memory-SNNs/common/sv/neurons/bitshift_lif.sv:281]
INFO: [Synth 8-5844] Detected registers with asynchronous reset at DSP/BRAM block boundary. Consider using synchronous reset for optimal packing [/home/stonepine/intrinsic-memory-SNNs/common/sv/neurons/bitshift_lif.sv:281]
INFO: [Synth 8-5844] Detected registers with asynchronous reset at DSP/BRAM block boundary. Consider using synchronous reset for optimal packing [/home/stonepine/intrinsic-memory-SNNs/common/sv/neurons/bitshift_lif.sv:281]
INFO: [Synth 8-5844] Detected registers with asynchronous reset at DSP/BRAM block boundary. Consider using synchronous reset for optimal packing [/home/stonepine/intrinsic-memory-SNNs/common/sv/neurons/bitshift_lif.sv:281]
INFO: [Synth 8-5844] Detected registers with asynchronous reset at DSP/BRAM block boundary. Consider using synchronous reset for optimal packing [/home/stonepine/intrinsic-memory-SNNs/common/sv/neurons/bitshift_lif.sv:281]
INFO: [Synth 8-5844] Detected registers with asynchronous reset at DSP/BRAM block boundary. Consider using synchronous reset for optimal packing [/home/stonepine/intrinsic-memory-SNNs/common/sv/neurons/bitshift_lif.sv:281]
INFO: [Synth 8-5844] Detected registers with asynchronous reset at DSP/BRAM block boundary. Consider using synchronous reset for optimal packing [/home/stonepine/intrinsic-memory-SNNs/common/sv/neurons/bitshift_lif.sv:281]
INFO: [Synth 8-5844] Detected registers with asynchronous reset at DSP/BRAM block boundary. Consider using synchronous reset for optimal packing [/home/stonepine/intrinsic-memory-SNNs/common/sv/neurons/bitshift_lif.sv:281]
INFO: [Synth 8-5844] Detected registers with asynchronous reset at DSP/BRAM block boundary. Consider using synchronous reset for optimal packing [/home/stonepine/intrinsic-memory-SNNs/common/sv/neurons/bitshift_lif.sv:281]
INFO: [Synth 8-5844] Detected registers with asynchronous reset at DSP/BRAM block boundary. Consider using synchronous reset for optimal packing [/home/stonepine/intrinsic-memory-SNNs/common/sv/neurons/bitshift_lif.sv:281]
INFO: [Synth 8-5844] Detected registers with asynchronous reset at DSP/BRAM block boundary. Consider using synchronous reset for optimal packing [/home/stonepine/intrinsic-memory-SNNs/common/sv/neurons/bitshift_lif.sv:281]
INFO: [Synth 8-5844] Detected registers with asynchronous reset at DSP/BRAM block boundary. Consider using synchronous reset for optimal packing [/home/stonepine/intrinsic-memory-SNNs/common/sv/neurons/bitshift_lif.sv:281]
INFO: [Synth 8-5844] Detected registers with asynchronous reset at DSP/BRAM block boundary. Consider using synchronous reset for optimal packing [/home/stonepine/intrinsic-memory-SNNs/common/sv/neurons/bitshift_lif.sv:281]
INFO: [Synth 8-5844] Detected registers with asynchronous reset at DSP/BRAM block boundary. Consider using synchronous reset for optimal packing [/home/stonepine/intrinsic-memory-SNNs/common/sv/neurons/bitshift_lif.sv:281]
INFO: [Synth 8-5844] Detected registers with asynchronous reset at DSP/BRAM block boundary. Consider using synchronous reset for optimal packing [/home/stonepine/intrinsic-memory-SNNs/common/sv/neurons/bitshift_lif.sv:281]
INFO: [Synth 8-5844] Detected registers with asynchronous reset at DSP/BRAM block boundary. Consider using synchronous reset for optimal packing [/home/stonepine/intrinsic-memory-SNNs/common/sv/neurons/bitshift_lif.sv:281]
INFO: [Synth 8-5844] Detected registers with asynchronous reset at DSP/BRAM block boundary. Consider using synchronous reset for optimal packing [/home/stonepine/intrinsic-memory-SNNs/common/sv/neurons/bitshift_lif.sv:281]
INFO: [Synth 8-5844] Detected registers with asynchronous reset at DSP/BRAM block boundary. Consider using synchronous reset for optimal packing [/home/stonepine/intrinsic-memory-SNNs/common/sv/neurons/bitshift_lif.sv:281]
INFO: [Synth 8-5844] Detected registers with asynchronous reset at DSP/BRAM block boundary. Consider using synchronous reset for optimal packing [/home/stonepine/intrinsic-memory-SNNs/common/sv/neurons/bitshift_lif.sv:281]
INFO: [Synth 8-5844] Detected registers with asynchronous reset at DSP/BRAM block boundary. Consider using synchronous reset for optimal packing [/home/stonepine/intrinsic-memory-SNNs/common/sv/neurons/bitshift_lif.sv:281]
INFO: [Synth 8-5844] Detected registers with asynchronous reset at DSP/BRAM block boundary. Consider using synchronous reset for optimal packing [/home/stonepine/intrinsic-memory-SNNs/common/sv/neurons/bitshift_lif.sv:281]
INFO: [Synth 8-5844] Detected registers with asynchronous reset at DSP/BRAM block boundary. Consider using synchronous reset for optimal packing [/home/stonepine/intrinsic-memory-SNNs/common/sv/neurons/bitshift_lif.sv:281]
INFO: [Synth 8-5844] Detected registers with asynchronous reset at DSP/BRAM block boundary. Consider using synchronous reset for optimal packing [/home/stonepine/intrinsic-memory-SNNs/common/sv/neurons/bitshift_lif.sv:281]
INFO: [Synth 8-5844] Detected registers with asynchronous reset at DSP/BRAM block boundary. Consider using synchronous reset for optimal packing [/home/stonepine/intrinsic-memory-SNNs/common/sv/neurons/bitshift_lif.sv:281]
INFO: [Synth 8-5844] Detected registers with asynchronous reset at DSP/BRAM block boundary. Consider using synchronous reset for optimal packing [/home/stonepine/intrinsic-memory-SNNs/common/sv/neurons/bitshift_lif.sv:281]
INFO: [Synth 8-5844] Detected registers with asynchronous reset at DSP/BRAM block boundary. Consider using synchronous reset for optimal packing [/home/stonepine/intrinsic-memory-SNNs/common/sv/neurons/bitshift_lif.sv:281]
INFO: [Synth 8-5844] Detected registers with asynchronous reset at DSP/BRAM block boundary. Consider using synchronous reset for optimal packing [/home/stonepine/intrinsic-memory-SNNs/common/sv/neurons/bitshift_lif.sv:281]
INFO: [Synth 8-5844] Detected registers with asynchronous reset at DSP/BRAM block boundary. Consider using synchronous reset for optimal packing [/home/stonepine/intrinsic-memory-SNNs/common/sv/neurons/bitshift_lif.sv:281]
INFO: [Common 17-14] Message 'Synth 8-5844' appears 100 times and further instances of the messages will be disabled. Use the Tcl command set_msg_config to change the current settings.
---------------------------------------------------------------------------------
Finished Technology Mapping : Time (s): cpu = 00:03:56 ; elapsed = 00:02:28 . Memory (MB): peak = 2984.730 ; gain = 1285.250 ; free physical = 892 ; free virtual = 3815
---------------------------------------------------------------------------------
---------------------------------------------------------------------------------
Start IO Insertion
---------------------------------------------------------------------------------
---------------------------------------------------------------------------------
Start Flattening Before IO Insertion
---------------------------------------------------------------------------------
---------------------------------------------------------------------------------
Finished Flattening Before IO Insertion
---------------------------------------------------------------------------------
---------------------------------------------------------------------------------
Start Final Netlist Cleanup
---------------------------------------------------------------------------------
---------------------------------------------------------------------------------
Finished Final Netlist Cleanup
---------------------------------------------------------------------------------
---------------------------------------------------------------------------------
Finished IO Insertion : Time (s): cpu = 00:04:05 ; elapsed = 00:02:37 . Memory (MB): peak = 3026.668 ; gain = 1327.188 ; free physical = 1148 ; free virtual = 3889
---------------------------------------------------------------------------------
---------------------------------------------------------------------------------
Start Renaming Generated Instances
---------------------------------------------------------------------------------
---------------------------------------------------------------------------------
Finished Renaming Generated Instances : Time (s): cpu = 00:04:05 ; elapsed = 00:02:37 . Memory (MB): peak = 3026.668 ; gain = 1327.188 ; free physical = 1148 ; free virtual = 3889
---------------------------------------------------------------------------------
---------------------------------------------------------------------------------
Start Rebuilding User Hierarchy
---------------------------------------------------------------------------------
---------------------------------------------------------------------------------
Finished Rebuilding User Hierarchy : Time (s): cpu = 00:04:17 ; elapsed = 00:02:49 . Memory (MB): peak = 3079.160 ; gain = 1379.680 ; free physical = 999 ; free virtual = 3760
---------------------------------------------------------------------------------
---------------------------------------------------------------------------------
Start Renaming Generated Ports
---------------------------------------------------------------------------------
---------------------------------------------------------------------------------
Finished Renaming Generated Ports : Time (s): cpu = 00:04:17 ; elapsed = 00:02:50 . Memory (MB): peak = 3079.160 ; gain = 1379.680 ; free physical = 998 ; free virtual = 3759
---------------------------------------------------------------------------------
---------------------------------------------------------------------------------
Start Handling Custom Attributes
---------------------------------------------------------------------------------
---------------------------------------------------------------------------------
Finished Handling Custom Attributes : Time (s): cpu = 00:04:18 ; elapsed = 00:02:50 . Memory (MB): peak = 3079.160 ; gain = 1379.680 ; free physical = 997 ; free virtual = 3758
---------------------------------------------------------------------------------
---------------------------------------------------------------------------------
Start Renaming Generated Nets
---------------------------------------------------------------------------------
---------------------------------------------------------------------------------
Finished Renaming Generated Nets : Time (s): cpu = 00:04:18 ; elapsed = 00:02:50 . Memory (MB): peak = 3079.160 ; gain = 1379.680 ; free physical = 997 ; free virtual = 3758
---------------------------------------------------------------------------------
---------------------------------------------------------------------------------
Start Writing Synthesis Report
---------------------------------------------------------------------------------

DSP Final Report (the ' indicates corresponding REG is set)
+--------------+--------------+--------+--------+--------+--------+--------+------+------+------+------+-------+------+------+
|Module Name   | DSP Mapping  | A Size | B Size | C Size | D Size | P Size | AREG | BREG | CREG | DREG | ADREG | MREG | PREG | 
+--------------+--------------+--------+--------+--------+--------+--------+------+------+------+------+-------+------+------+
|linear_layer  | C+A*B        | 30     | 18     | 48     | -      | 35     | 0    | 0    | 0    | -    | -     | 0    | 0    | 
|linear_layer  | C+A*B        | 30     | 18     | 48     | -      | 35     | 0    | 0    | 0    | -    | -     | 0    | 0    | 
|linear_layer  | C+A*B        | 30     | 18     | 48     | -      | 35     | 0    | 0    | 0    | -    | -     | 0    | 0    | 
|linear_layer  | C+A*B        | 30     | 18     | 48     | -      | 35     | 0    | 0    | 0    | -    | -     | 0    | 0    | 
|linear_layer  | C+A*B        | 30     | 18     | 48     | -      | 35     | 0    | 0    | 0    | -    | -     | 0    | 0    | 
|linear_layer  | C+A*B        | 30     | 18     | 48     | -      | 35     | 0    | 0    | 0    | -    | -     | 0    | 0    | 
|linear_layer  | C+A*B        | 30     | 18     | 48     | -      | 35     | 0    | 0    | 0    | -    | -     | 0    | 0    | 
|linear_layer  | C+A*B        | 30     | 18     | 48     | -      | 35     | 0    | 0    | 0    | -    | -     | 0    | 0    | 
|linear_layer  | C+A*B        | 30     | 18     | 48     | -      | 35     | 0    | 0    | 0    | -    | -     | 0    | 0    | 
|linear_layer  | C+A*B        | 30     | 18     | 48     | -      | 35     | 0    | 0    | 0    | -    | -     | 0    | 0    | 
|linear_layer  | C+A*B        | 30     | 18     | 48     | -      | 35     | 0    | 0    | 0    | -    | -     | 0    | 0    | 
|linear_layer  | C+A*B        | 30     | 18     | 48     | -      | 35     | 0    | 0    | 0    | -    | -     | 0    | 0    | 
|linear_layer  | C+A*B        | 30     | 18     | 48     | -      | 35     | 0    | 0    | 0    | -    | -     | 0    | 0    | 
|linear_layer  | C+A*B        | 30     | 18     | 48     | -      | 35     | 0    | 0    | 0    | -    | -     | 0    | 0    | 
|linear_layer  | C+A*B        | 30     | 18     | 48     | -      | 35     | 0    | 0    | 0    | -    | -     | 0    | 0    | 
|linear_layer  | C+A*B        | 30     | 18     | 48     | -      | 35     | 0    | 0    | 0    | -    | -     | 0    | 0    | 
|linear_layer  | C+A*B        | 14     | 18     | 48     | -      | 39     | 0    | 0    | 0    | -    | -     | 0    | 0    | 
|linear_layer  | C+A*B        | 14     | 18     | 48     | -      | 39     | 0    | 0    | 0    | -    | -     | 0    | 0    | 
|linear_layer  | C+A*B        | 14     | 18     | 48     | -      | 39     | 0    | 0    | 0    | -    | -     | 0    | 0    | 
|linear_layer  | C+A*B        | 14     | 18     | 48     | -      | 39     | 0    | 0    | 0    | -    | -     | 0    | 0    | 
|linear_layer  | C+A*B        | 14     | 18     | 48     | -      | 39     | 0    | 0    | 0    | -    | -     | 0    | 0    | 
|linear_layer  | C+A*B        | 14     | 18     | 48     | -      | 39     | 0    | 0    | 0    | -    | -     | 0    | 0    | 
|linear_layer  | C+A*B        | 14     | 18     | 48     | -      | 39     | 0    | 0    | 0    | -    | -     | 0    | 0    | 
|linear_layer  | C+A*B        | 14     | 18     | 48     | -      | 39     | 0    | 0    | 0    | -    | -     | 0    | 0    | 
|linear_layer  | C+A*B        | 14     | 18     | 48     | -      | 39     | 0    | 0    | 0    | -    | -     | 0    | 0    | 
|linear_layer  | C+A*B        | 14     | 18     | 48     | -      | 39     | 0    | 0    | 0    | -    | -     | 0    | 0    | 
|linear_layer  | C+A*B        | 14     | 18     | 48     | -      | 39     | 0    | 0    | 0    | -    | -     | 0    | 0    | 
|linear_layer  | C+A*B        | 14     | 18     | 48     | -      | 39     | 0    | 0    | 0    | -    | -     | 0    | 0    | 
|linear_layer  | C+A*B        | 14     | 18     | 48     | -      | 39     | 0    | 0    | 0    | -    | -     | 0    | 0    | 
|linear_layer  | C+A*B        | 14     | 18     | 48     | -      | 39     | 0    | 0    | 0    | -    | -     | 0    | 0    | 
|linear_layer  | C+A*B        | 14     | 18     | 48     | -      | 39     | 0    | 0    | 0    | -    | -     | 0    | 0    | 
|linear_layer  | C+A*B        | 14     | 18     | 48     | -      | 39     | 0    | 0    | 0    | -    | -     | 0    | 0    | 
|bitshift_lif  | A*B          | 17     | 16     | -      | -      | 48     | 0    | 0    | -    | -    | -     | 0    | 0    | 
|bitshift_lif  | PCIN>>17+A*B | 16     | 18     | -      | -      | 27     | 0    | 0    | -    | -    | -     | 0    | 0    | 
|bitshift_lif  | A*B          | 17     | 16     | -      | -      | 48     | 0    | 0    | -    | -    | -     | 0    | 0    | 
|bitshift_lif  | PCIN>>17+A*B | 16     | 18     | -      | -      | 27     | 0    | 0    | -    | -    | -     | 0    | 0    | 
|bitshift_lif  | A*B          | 17     | 16     | -      | -      | 48     | 0    | 0    | -    | -    | -     | 0    | 0    | 
|bitshift_lif  | PCIN>>17+A*B | 16     | 18     | -      | -      | 27     | 0    | 0    | -    | -    | -     | 0    | 0    | 
|bitshift_lif  | A*B          | 17     | 16     | -      | -      | 48     | 0    | 0    | -    | -    | -     | 0    | 0    | 
|bitshift_lif  | PCIN>>17+A*B | 16     | 18     | -      | -      | 27     | 0    | 0    | -    | -    | -     | 0    | 0    | 
|bitshift_lif  | A*B          | 17     | 16     | -      | -      | 48     | 0    | 0    | -    | -    | -     | 0    | 0    | 
|bitshift_lif  | PCIN>>17+A*B | 16     | 18     | -      | -      | 27     | 0    | 0    | -    | -    | -     | 0    | 0    | 
|bitshift_lif  | A*B          | 17     | 16     | -      | -      | 48     | 0    | 0    | -    | -    | -     | 0    | 0    | 
|bitshift_lif  | PCIN>>17+A*B | 16     | 18     | -      | -      | 27     | 0    | 0    | -    | -    | -     | 0    | 0    | 
|bitshift_lif  | A*B          | 17     | 16     | -      | -      | 48     | 0    | 0    | -    | -    | -     | 0    | 0    | 
|bitshift_lif  | PCIN>>17+A*B | 16     | 18     | -      | -      | 27     | 0    | 0    | -    | -    | -     | 0    | 0    | 
|bitshift_lif  | A*B          | 17     | 16     | -      | -      | 48     | 0    | 0    | -    | -    | -     | 0    | 0    | 
|bitshift_lif  | PCIN>>17+A*B | 16     | 18     | -      | -      | 27     | 0    | 0    | -    | -    | -     | 0    | 0    | 
|bitshift_lif  | A*B          | 17     | 16     | -      | -      | 48     | 0    | 0    | -    | -    | -     | 0    | 0    | 
|bitshift_lif  | PCIN>>17+A*B | 16     | 18     | -      | -      | 27     | 0    | 0    | -    | -    | -     | 0    | 0    | 
|bitshift_lif  | A*B          | 17     | 16     | -      | -      | 48     | 0    | 0    | -    | -    | -     | 0    | 0    | 
|bitshift_lif  | PCIN>>17+A*B | 16     | 18     | -      | -      | 27     | 0    | 0    | -    | -    | -     | 0    | 0    | 
|bitshift_lif  | A*B          | 17     | 16     | -      | -      | 48     | 0    | 0    | -    | -    | -     | 0    | 0    | 
|bitshift_lif  | PCIN>>17+A*B | 16     | 18     | -      | -      | 27     | 0    | 0    | -    | -    | -     | 0    | 0    | 
|bitshift_lif  | A*B          | 17     | 16     | -      | -      | 48     | 0    | 0    | -    | -    | -     | 0    | 0    | 
|bitshift_lif  | PCIN>>17+A*B | 16     | 18     | -      | -      | 27     | 0    | 0    | -    | -    | -     | 0    | 0    | 
|bitshift_lif  | A*B          | 17     | 16     | -      | -      | 48     | 0    | 0    | -    | -    | -     | 0    | 0    | 
|bitshift_lif  | PCIN>>17+A*B | 16     | 18     | -      | -      | 27     | 0    | 0    | -    | -    | -     | 0    | 0    | 
|bitshift_lif  | A*B          | 17     | 16     | -      | -      | 48     | 0    | 0    | -    | -    | -     | 0    | 0    | 
|bitshift_lif  | PCIN>>17+A*B | 16     | 18     | -      | -      | 27     | 0    | 0    | -    | -    | -     | 0    | 0    | 
|bitshift_lif  | A*B          | 17     | 16     | -      | -      | 48     | 0    | 0    | -    | -    | -     | 0    | 0    | 
|bitshift_lif  | PCIN>>17+A*B | 16     | 18     | -      | -      | 27     | 0    | 0    | -    | -    | -     | 0    | 0    | 
|bitshift_lif  | A*B          | 17     | 16     | -      | -      | 48     | 0    | 0    | -    | -    | -     | 0    | 0    | 
|bitshift_lif  | PCIN>>17+A*B | 16     | 18     | -      | -      | 27     | 0    | 0    | -    | -    | -     | 0    | 0    | 
|bitshift_lif  | A*B          | 17     | 16     | -      | -      | 48     | 0    | 0    | -    | -    | -     | 0    | 0    | 
|bitshift_lif  | PCIN>>17+A*B | 16     | 18     | -      | -      | 27     | 0    | 0    | -    | -    | -     | 0    | 0    | 
|bitshift_lif  | A*B          | 17     | 16     | -      | -      | 48     | 0    | 0    | -    | -    | -     | 0    | 0    | 
|bitshift_lif  | PCIN>>17+A*B | 16     | 18     | -      | -      | 27     | 0    | 0    | -    | -    | -     | 0    | 0    | 
|bitshift_lif  | A*B          | 17     | 16     | -      | -      | 48     | 0    | 0    | -    | -    | -     | 0    | 0    | 
|bitshift_lif  | PCIN>>17+A*B | 16     | 18     | -      | -      | 27     | 0    | 0    | -    | -    | -     | 0    | 0    | 
|bitshift_lif  | A*B          | 17     | 16     | -      | -      | 48     | 0    | 0    | -    | -    | -     | 0    | 0    | 
|bitshift_lif  | PCIN>>17+A*B | 16     | 18     | -      | -      | 27     | 0    | 0    | -    | -    | -     | 0    | 0    | 
|bitshift_lif  | A*B          | 17     | 16     | -      | -      | 48     | 0    | 0    | -    | -    | -     | 0    | 0    | 
|bitshift_lif  | PCIN>>17+A*B | 16     | 18     | -      | -      | 27     | 0    | 0    | -    | -    | -     | 0    | 0    | 
|bitshift_lif  | A*B          | 17     | 16     | -      | -      | 48     | 0    | 0    | -    | -    | -     | 0    | 0    | 
|bitshift_lif  | PCIN>>17+A*B | 16     | 18     | -      | -      | 27     | 0    | 0    | -    | -    | -     | 0    | 0    | 
|bitshift_lif  | A*B          | 17     | 16     | -      | -      | 48     | 0    | 0    | -    | -    | -     | 0    | 0    | 
|bitshift_lif  | PCIN>>17+A*B | 16     | 18     | -      | -      | 27     | 0    | 0    | -    | -    | -     | 0    | 0    | 
|bitshift_lif  | A*B          | 17     | 16     | -      | -      | 48     | 0    | 0    | -    | -    | -     | 0    | 0    | 
|bitshift_lif  | PCIN>>17+A*B | 16     | 18     | -      | -      | 27     | 0    | 0    | -    | -    | -     | 0    | 0    | 
|bitshift_lif  | A*B          | 17     | 16     | -      | -      | 48     | 0    | 0    | -    | -    | -     | 0    | 0    | 
|bitshift_lif  | PCIN>>17+A*B | 16     | 18     | -      | -      | 27     | 0    | 0    | -    | -    | -     | 0    | 0    | 
|bitshift_lif  | A*B          | 17     | 16     | -      | -      | 48     | 0    | 0    | -    | -    | -     | 0    | 0    | 
|bitshift_lif  | PCIN>>17+A*B | 16     | 18     | -      | -      | 27     | 0    | 0    | -    | -    | -     | 0    | 0    | 
|bitshift_lif  | A*B          | 17     | 16     | -      | -      | 48     | 0    | 0    | -    | -    | -     | 0    | 0    | 
|bitshift_lif  | PCIN>>17+A*B | 16     | 18     | -      | -      | 27     | 0    | 0    | -    | -    | -     | 0    | 0    | 
|bitshift_lif  | A*B          | 17     | 16     | -      | -      | 48     | 0    | 0    | -    | -    | -     | 0    | 0    | 
|bitshift_lif  | PCIN>>17+A*B | 16     | 18     | -      | -      | 27     | 0    | 0    | -    | -    | -     | 0    | 0    | 
|bitshift_lif  | A*B          | 17     | 16     | -      | -      | 48     | 0    | 0    | -    | -    | -     | 0    | 0    | 
|bitshift_lif  | PCIN>>17+A*B | 16     | 18     | -      | -      | 27     | 0    | 0    | -    | -    | -     | 0    | 0    | 
|bitshift_lif  | A*B          | 17     | 16     | -      | -      | 48     | 0    | 0    | -    | -    | -     | 0    | 0    | 
|bitshift_lif  | PCIN>>17+A*B | 16     | 18     | -      | -      | 27     | 0    | 0    | -    | -    | -     | 0    | 0    | 
|bitshift_lif  | A*B          | 17     | 16     | -      | -      | 48     | 0    | 0    | -    | -    | -     | 0    | 0    | 
|bitshift_lif  | PCIN>>17+A*B | 16     | 18     | -      | -      | 27     | 0    | 0    | -    | -    | -     | 0    | 0    | 
|bitshift_lif  | A*B          | 17     | 16     | -      | -      | 48     | 0    | 0    | -    | -    | -     | 0    | 0    | 
|bitshift_lif  | PCIN>>17+A*B | 16     | 18     | -      | -      | 27     | 0    | 0    | -    | -    | -     | 0    | 0    | 
|bitshift_lif  | A*B          | 17     | 16     | -      | -      | 48     | 0    | 0    | -    | -    | -     | 0    | 0    | 
|bitshift_lif  | PCIN>>17+A*B | 16     | 18     | -      | -      | 27     | 0    | 0    | -    | -    | -     | 0    | 0    | 
|bitshift_lif  | A*B          | 17     | 16     | -      | -      | 48     | 0    | 0    | -    | -    | -     | 0    | 0    | 
|bitshift_lif  | PCIN>>17+A*B | 16     | 18     | -      | -      | 27     | 0    | 0    | -    | -    | -     | 0    | 0    | 
|bitshift_lif  | A*B          | 17     | 16     | -      | -      | 48     | 0    | 0    | -    | -    | -     | 0    | 0    | 
|bitshift_lif  | PCIN>>17+A*B | 16     | 18     | -      | -      | 27     | 0    | 0    | -    | -    | -     | 0    | 0    | 
|bitshift_lif  | A*B          | 17     | 16     | -      | -      | 48     | 0    | 0    | -    | -    | -     | 0    | 0    | 
|bitshift_lif  | PCIN>>17+A*B | 16     | 18     | -      | -      | 27     | 0    | 0    | -    | -    | -     | 0    | 0    | 
|bitshift_lif  | A*B          | 17     | 16     | -      | -      | 48     | 0    | 0    | -    | -    | -     | 0    | 0    | 
|bitshift_lif  | PCIN>>17+A*B | 16     | 18     | -      | -      | 27     | 0    | 0    | -    | -    | -     | 0    | 0    | 
|bitshift_lif  | A*B          | 17     | 16     | -      | -      | 48     | 0    | 0    | -    | -    | -     | 0    | 0    | 
|bitshift_lif  | PCIN>>17+A*B | 16     | 18     | -      | -      | 27     | 0    | 0    | -    | -    | -     | 0    | 0    | 
|bitshift_lif  | A*B          | 17     | 16     | -      | -      | 48     | 0    | 0    | -    | -    | -     | 0    | 0    | 
|bitshift_lif  | PCIN>>17+A*B | 16     | 18     | -      | -      | 27     | 0    | 0    | -    | -    | -     | 0    | 0    | 
|bitshift_lif  | A*B          | 17     | 16     | -      | -      | 48     | 0    | 0    | -    | -    | -     | 0    | 0    | 
|bitshift_lif  | PCIN>>17+A*B | 16     | 18     | -      | -      | 27     | 0    | 0    | -    | -    | -     | 0    | 0    | 
|bitshift_lif  | A*B          | 17     | 16     | -      | -      | 48     | 0    | 0    | -    | -    | -     | 0    | 0    | 
|bitshift_lif  | PCIN>>17+A*B | 16     | 18     | -      | -      | 27     | 0    | 0    | -    | -    | -     | 0    | 0    | 
|bitshift_lif  | A*B          | 17     | 16     | -      | -      | 48     | 0    | 0    | -    | -    | -     | 0    | 0    | 
|bitshift_lif  | PCIN>>17+A*B | 16     | 18     | -      | -      | 27     | 0    | 0    | -    | -    | -     | 0    | 0    | 
|bitshift_lif  | A*B          | 17     | 16     | -      | -      | 48     | 0    | 0    | -    | -    | -     | 0    | 0    | 
|bitshift_lif  | PCIN>>17+A*B | 16     | 18     | -      | -      | 27     | 0    | 0    | -    | -    | -     | 0    | 0    | 
|bitshift_lif  | A*B          | 17     | 16     | -      | -      | 48     | 0    | 0    | -    | -    | -     | 0    | 0    | 
|bitshift_lif  | PCIN>>17+A*B | 16     | 18     | -      | -      | 27     | 0    | 0    | -    | -    | -     | 0    | 0    | 
|bitshift_lif  | A*B          | 17     | 16     | -      | -      | 48     | 0    | 0    | -    | -    | -     | 0    | 0    | 
|bitshift_lif  | PCIN>>17+A*B | 16     | 18     | -      | -      | 27     | 0    | 0    | -    | -    | -     | 0    | 0    | 
|bitshift_lif  | A*B          | 17     | 16     | -      | -      | 48     | 0    | 0    | -    | -    | -     | 0    | 0    | 
|bitshift_lif  | PCIN>>17+A*B | 16     | 18     | -      | -      | 27     | 0    | 0    | -    | -    | -     | 0    | 0    | 
|bitshift_lif  | A*B          | 17     | 16     | -      | -      | 48     | 0    | 0    | -    | -    | -     | 0    | 0    | 
|bitshift_lif  | PCIN>>17+A*B | 16     | 18     | -      | -      | 27     | 0    | 0    | -    | -    | -     | 0    | 0    | 
|bitshift_lif  | A*B          | 17     | 16     | -      | -      | 48     | 0    | 0    | -    | -    | -     | 0    | 0    | 
|bitshift_lif  | PCIN>>17+A*B | 16     | 18     | -      | -      | 27     | 0    | 0    | -    | -    | -     | 0    | 0    | 
|bitshift_lif  | A*B          | 17     | 16     | -      | -      | 48     | 0    | 0    | -    | -    | -     | 0    | 0    | 
|bitshift_lif  | PCIN>>17+A*B | 16     | 18     | -      | -      | 27     | 0    | 0    | -    | -    | -     | 0    | 0    | 
|bitshift_lif  | A*B          | 17     | 16     | -      | -      | 48     | 0    | 0    | -    | -    | -     | 0    | 0    | 
|bitshift_lif  | PCIN>>17+A*B | 16     | 18     | -      | -      | 27     | 0    | 0    | -    | -    | -     | 0    | 0    | 
|bitshift_lif  | A*B          | 17     | 16     | -      | -      | 48     | 0    | 0    | -    | -    | -     | 0    | 0    | 
|bitshift_lif  | PCIN>>17+A*B | 16     | 18     | -      | -      | 27     | 0    | 0    | -    | -    | -     | 0    | 0    | 
|bitshift_lif  | A*B          | 17     | 16     | -      | -      | 48     | 0    | 0    | -    | -    | -     | 0    | 0    | 
|bitshift_lif  | PCIN>>17+A*B | 16     | 18     | -      | -      | 27     | 0    | 0    | -    | -    | -     | 0    | 0    | 
|bitshift_lif  | A*B          | 17     | 16     | -      | -      | 48     | 0    | 0    | -    | -    | -     | 0    | 0    | 
|bitshift_lif  | PCIN>>17+A*B | 16     | 18     | -      | -      | 27     | 0    | 0    | -    | -    | -     | 0    | 0    | 
|bitshift_lif  | A*B          | 17     | 16     | -      | -      | 48     | 0    | 0    | -    | -    | -     | 0    | 0    | 
|bitshift_lif  | PCIN>>17+A*B | 16     | 18     | -      | -      | 27     | 0    | 0    | -    | -    | -     | 0    | 0    | 
|bitshift_lif  | A*B          | 17     | 16     | -      | -      | 48     | 0    | 0    | -    | -    | -     | 0    | 0    | 
|bitshift_lif  | PCIN>>17+A*B | 16     | 18     | -      | -      | 27     | 0    | 0    | -    | -    | -     | 0    | 0    | 
|bitshift_lif  | A*B          | 17     | 16     | -      | -      | 48     | 0    | 0    | -    | -    | -     | 0    | 0    | 
|bitshift_lif  | PCIN>>17+A*B | 16     | 18     | -      | -      | 27     | 0    | 0    | -    | -    | -     | 0    | 0    | 
|bitshift_lif  | A*B          | 17     | 16     | -      | -      | 48     | 0    | 0    | -    | -    | -     | 0    | 0    | 
|bitshift_lif  | PCIN>>17+A*B | 16     | 18     | -      | -      | 27     | 0    | 0    | -    | -    | -     | 0    | 0    | 
|bitshift_lif  | A*B          | 17     | 16     | -      | -      | 48     | 0    | 0    | -    | -    | -     | 0    | 0    | 
|bitshift_lif  | PCIN>>17+A*B | 16     | 18     | -      | -      | 27     | 0    | 0    | -    | -    | -     | 0    | 0    | 
|bitshift_lif  | A*B          | 17     | 16     | -      | -      | 48     | 0    | 0    | -    | -    | -     | 0    | 0    | 
|bitshift_lif  | PCIN>>17+A*B | 16     | 18     | -      | -      | 27     | 0    | 0    | -    | -    | -     | 0    | 0    | 
|bitshift_lif  | A*B          | 17     | 16     | -      | -      | 48     | 0    | 0    | -    | -    | -     | 0    | 0    | 
|bitshift_lif  | PCIN>>17+A*B | 16     | 18     | -      | -      | 27     | 0    | 0    | -    | -    | -     | 0    | 0    | 
|bitshift_lif  | A*B          | 17     | 16     | -      | -      | 48     | 0    | 0    | -    | -    | -     | 0    | 0    | 
|bitshift_lif  | PCIN>>17+A*B | 16     | 18     | -      | -      | 27     | 0    | 0    | -    | -    | -     | 0    | 0    | 
|bitshift_lif  | A*B          | 17     | 16     | -      | -      | 48     | 0    | 0    | -    | -    | -     | 0    | 0    | 
|bitshift_lif  | PCIN>>17+A*B | 16     | 18     | -      | -      | 27     | 0    | 0    | -    | -    | -     | 0    | 0    | 
|bitshift_lif  | A*B          | 17     | 16     | -      | -      | 48     | 0    | 0    | -    | -    | -     | 0    | 0    | 
|bitshift_lif  | PCIN>>17+A*B | 16     | 18     | -      | -      | 27     | 0    | 0    | -    | -    | -     | 0    | 0    | 
|bitshift_lif  | A*B          | 17     | 16     | -      | -      | 48     | 0    | 0    | -    | -    | -     | 0    | 0    | 
|bitshift_lif  | PCIN>>17+A*B | 16     | 18     | -      | -      | 27     | 0    | 0    | -    | -    | -     | 0    | 0    | 
|bitshift_lif  | A*B          | 17     | 16     | -      | -      | 48     | 0    | 0    | -    | -    | -     | 0    | 0    | 
|bitshift_lif  | PCIN>>17+A*B | 16     | 18     | -      | -      | 27     | 0    | 0    | -    | -    | -     | 0    | 0    | 
|bitshift_lif  | A*B          | 17     | 16     | -      | -      | 48     | 0    | 0    | -    | -    | -     | 0    | 0    | 
|bitshift_lif  | PCIN>>17+A*B | 16     | 18     | -      | -      | 27     | 0    | 0    | -    | -    | -     | 0    | 0    | 
|bitshift_lif  | A*B          | 17     | 16     | -      | -      | 48     | 0    | 0    | -    | -    | -     | 0    | 0    | 
|bitshift_lif  | PCIN>>17+A*B | 16     | 18     | -      | -      | 27     | 0    | 0    | -    | -    | -     | 0    | 0    | 
|bitshift_lif  | A*B          | 17     | 16     | -      | -      | 48     | 0    | 0    | -    | -    | -     | 0    | 0    | 
|bitshift_lif  | PCIN>>17+A*B | 16     | 18     | -      | -      | 27     | 0    | 0    | -    | -    | -     | 0    | 0    | 
|bitshift_lif  | A*B          | 17     | 16     | -      | -      | 48     | 0    | 0    | -    | -    | -     | 0    | 0    | 
|bitshift_lif  | PCIN>>17+A*B | 16     | 18     | -      | -      | 27     | 0    | 0    | -    | -    | -     | 0    | 0    | 
|bitshift_lif  | A*B          | 17     | 16     | -      | -      | 48     | 0    | 0    | -    | -    | -     | 0    | 0    | 
|bitshift_lif  | PCIN>>17+A*B | 16     | 18     | -      | -      | 27     | 0    | 0    | -    | -    | -     | 0    | 0    | 
|bitshift_lif  | A*B          | 17     | 16     | -      | -      | 48     | 0    | 0    | -    | -    | -     | 0    | 0    | 
|bitshift_lif  | PCIN>>17+A*B | 16     | 18     | -      | -      | 27     | 0    | 0    | -    | -    | -     | 0    | 0    | 
|bitshift_lif  | A*B          | 17     | 16     | -      | -      | 48     | 0    | 0    | -    | -    | -     | 0    | 0    | 
|bitshift_lif  | PCIN>>17+A*B | 16     | 18     | -      | -      | 27     | 0    | 0    | -    | -    | -     | 0    | 0    | 
|bitshift_lif  | A*B          | 17     | 16     | -      | -      | 48     | 0    | 0    | -    | -    | -     | 0    | 0    | 
|bitshift_lif  | PCIN>>17+A*B | 16     | 18     | -      | -      | 27     | 0    | 0    | -    | -    | -     | 0    | 0    | 
|bitshift_lif  | A*B          | 17     | 16     | -      | -      | 48     | 0    | 0    | -    | -    | -     | 0    | 0    | 
|bitshift_lif  | PCIN>>17+A*B | 16     | 18     | -      | -      | 27     | 0    | 0    | -    | -    | -     | 0    | 0    | 
|bitshift_lif  | A*B          | 17     | 16     | -      | -      | 48     | 0    | 0    | -    | -    | -     | 0    | 0    | 
|bitshift_lif  | PCIN>>17+A*B | 16     | 18     | -      | -      | 27     | 0    | 0    | -    | -    | -     | 0    | 0    | 
|bitshift_lif  | A*B          | 17     | 16     | -      | -      | 48     | 0    | 0    | -    | -    | -     | 0    | 0    | 
|bitshift_lif  | PCIN>>17+A*B | 16     | 18     | -      | -      | 27     | 0    | 0    | -    | -    | -     | 0    | 0    | 
|bitshift_lif  | A*B          | 17     | 16     | -      | -      | 48     | 0    | 0    | -    | -    | -     | 0    | 0    | 
|bitshift_lif  | PCIN>>17+A*B | 16     | 18     | -      | -      | 27     | 0    | 0    | -    | -    | -     | 0    | 0    | 
|bitshift_lif  | A*B          | 17     | 16     | -      | -      | 48     | 0    | 0    | -    | -    | -     | 0    | 0    | 
|bitshift_lif  | PCIN>>17+A*B | 16     | 18     | -      | -      | 27     | 0    | 0    | -    | -    | -     | 0    | 0    | 
|bitshift_lif  | A*B          | 17     | 16     | -      | -      | 48     | 0    | 0    | -    | -    | -     | 0    | 0    | 
|bitshift_lif  | PCIN>>17+A*B | 16     | 18     | -      | -      | 27     | 0    | 0    | -    | -    | -     | 0    | 0    | 
|bitshift_lif  | A*B          | 17     | 16     | -      | -      | 48     | 0    | 0    | -    | -    | -     | 0    | 0    | 
|bitshift_lif  | PCIN>>17+A*B | 16     | 18     | -      | -      | 27     | 0    | 0    | -    | -    | -     | 0    | 0    | 
|bitshift_lif  | A*B          | 17     | 16     | -      | -      | 48     | 0    | 0    | -    | -    | -     | 0    | 0    | 
|bitshift_lif  | PCIN>>17+A*B | 16     | 18     | -      | -      | 27     | 0    | 0    | -    | -    | -     | 0    | 0    | 
|bitshift_lif  | A*B          | 17     | 16     | -      | -      | 48     | 0    | 0    | -    | -    | -     | 0    | 0    | 
|bitshift_lif  | PCIN>>17+A*B | 16     | 18     | -      | -      | 27     | 0    | 0    | -    | -    | -     | 0    | 0    | 
|bitshift_lif  | A*B          | 17     | 16     | -      | -      | 48     | 0    | 0    | -    | -    | -     | 0    | 0    | 
|bitshift_lif  | PCIN>>17+A*B | 16     | 18     | -      | -      | 27     | 0    | 0    | -    | -    | -     | 0    | 0    | 
|bitshift_lif  | A*B          | 17     | 16     | -      | -      | 48     | 0    | 0    | -    | -    | -     | 0    | 0    | 
|bitshift_lif  | PCIN>>17+A*B | 16     | 18     | -      | -      | 27     | 0    | 0    | -    | -    | -     | 0    | 0    | 
|bitshift_lif  | A*B          | 17     | 16     | -      | -      | 48     | 0    | 0    | -    | -    | -     | 0    | 0    | 
|bitshift_lif  | PCIN>>17+A*B | 16     | 18     | -      | -      | 27     | 0    | 0    | -    | -    | -     | 0    | 0    | 
|bitshift_lif  | A*B          | 17     | 16     | -      | -      | 48     | 0    | 0    | -    | -    | -     | 0    | 0    | 
|bitshift_lif  | PCIN>>17+A*B | 16     | 18     | -      | -      | 27     | 0    | 0    | -    | -    | -     | 0    | 0    | 
|bitshift_lif  | A*B          | 17     | 16     | -      | -      | 48     | 0    | 0    | -    | -    | -     | 0    | 0    | 
|bitshift_lif  | PCIN>>17+A*B | 16     | 18     | -      | -      | 27     | 0    | 0    | -    | -    | -     | 0    | 0    | 
|bitshift_lif  | A*B          | 17     | 16     | -      | -      | 48     | 0    | 0    | -    | -    | -     | 0    | 0    | 
|bitshift_lif  | PCIN>>17+A*B | 16     | 18     | -      | -      | 27     | 0    | 0    | -    | -    | -     | 0    | 0    | 
|bitshift_lif  | A*B          | 17     | 16     | -      | -      | 48     | 0    | 0    | -    | -    | -     | 0    | 0    | 
|bitshift_lif  | PCIN>>17+A*B | 16     | 18     | -      | -      | 27     | 0    | 0    | -    | -    | -     | 0    | 0    | 
|bitshift_lif  | A*B          | 17     | 16     | -      | -      | 48     | 0    | 0    | -    | -    | -     | 0    | 0    | 
|bitshift_lif  | PCIN>>17+A*B | 16     | 18     | -      | -      | 27     | 0    | 0    | -    | -    | -     | 0    | 0    | 
|bitshift_lif  | A*B          | 17     | 16     | -      | -      | 48     | 0    | 0    | -    | -    | -     | 0    | 0    | 
|bitshift_lif  | PCIN>>17+A*B | 16     | 18     | -      | -      | 27     | 0    | 0    | -    | -    | -     | 0    | 0    | 
|bitshift_lif  | A*B          | 17     | 16     | -      | -      | 48     | 0    | 0    | -    | -    | -     | 0    | 0    | 
|bitshift_lif  | PCIN>>17+A*B | 16     | 18     | -      | -      | 27     | 0    | 0    | -    | -    | -     | 0    | 0    | 
|bitshift_lif  | A*B          | 17     | 16     | -      | -      | 48     | 0    | 0    | -    | -    | -     | 0    | 0    | 
|bitshift_lif  | PCIN>>17+A*B | 16     | 18     | -      | -      | 27     | 0    | 0    | -    | -    | -     | 0    | 0    | 
|bitshift_lif  | A*B          | 17     | 16     | -      | -      | 48     | 0    | 0    | -    | -    | -     | 0    | 0    | 
|bitshift_lif  | PCIN>>17+A*B | 16     | 18     | -      | -      | 27     | 0    | 0    | -    | -    | -     | 0    | 0    | 
|bitshift_lif  | A*B          | 17     | 16     | -      | -      | 48     | 0    | 0    | -    | -    | -     | 0    | 0    | 
|bitshift_lif  | PCIN>>17+A*B | 16     | 18     | -      | -      | 27     | 0    | 0    | -    | -    | -     | 0    | 0    | 
|bitshift_lif  | A*B          | 17     | 16     | -      | -      | 48     | 0    | 0    | -    | -    | -     | 0    | 0    | 
|bitshift_lif  | PCIN>>17+A*B | 16     | 18     | -      | -      | 27     | 0    | 0    | -    | -    | -     | 0    | 0    | 
|q_accumulator | (A*B)'       | 30     | 18     | -      | -      | 38     | 0    | 0    | -    | -    | -     | 0    | 1    | 
|q_accumulator | (A*B)'       | 30     | 18     | -      | -      | 38     | 0    | 0    | -    | -    | -     | 0    | 1    | 
+--------------+--------------+--------+--------+--------+--------+--------+------+------+------+------+-------+------+------+


Report BlackBoxes: 
+-+--------------+----------+
| |BlackBox name |Instances |
+-+--------------+----------+
+-+--------------+----------+

Report Cell Usage: 
+------+--------+------+
|      |Cell    |Count |
+------+--------+------+
|1     |BUFG    |     1|
|2     |CARRY4  |  3033|
|3     |DSP48E1 |   226|
|6     |LUT1    |  2054|
|7     |LUT2    | 17945|
|8     |LUT3    |  6581|
|9     |LUT4    |  8697|
|10    |LUT5    |  1939|
|11    |LUT6    | 13004|
|12    |MUXF7   |  1897|
|13    |MUXF8   |   265|
|14    |FDCE    | 44454|
|15    |FDPE    |   100|
|16    |FDRE    |   160|
|17    |IBUF    |     3|
|18    |OBUF    |    17|
+------+--------+------+
---------------------------------------------------------------------------------
Finished Writing Synthesis Report : Time (s): cpu = 00:04:18 ; elapsed = 00:02:51 . Memory (MB): peak = 3079.160 ; gain = 1379.680 ; free physical = 997 ; free virtual = 3758
---------------------------------------------------------------------------------
Synthesis finished with 0 errors, 0 critical warnings and 13 warnings.
Synthesis Optimization Runtime : Time (s): cpu = 00:04:10 ; elapsed = 00:02:45 . Memory (MB): peak = 3083.074 ; gain = 1221.125 ; free physical = 6993 ; free virtual = 9755
Synthesis Optimization Complete : Time (s): cpu = 00:04:18 ; elapsed = 00:02:51 . Memory (MB): peak = 3083.074 ; gain = 1383.594 ; free physical = 7006 ; free virtual = 9758
INFO: [Project 1-571] Translating synthesized netlist
Netlist sorting complete. Time (s): cpu = 00:00:00.33 ; elapsed = 00:00:00.33 . Memory (MB): peak = 3083.074 ; gain = 0.000 ; free physical = 7011 ; free virtual = 9765
INFO: [Netlist 29-17] Analyzing 5421 Unisim elements for replacement
INFO: [Netlist 29-28] Unisim Transformation completed in 0 CPU seconds
INFO: [Project 1-570] Preparing netlist for logic optimization
INFO: [Opt 31-138] Pushed 0 inverter(s) to 0 load pin(s).
Netlist sorting complete. Time (s): cpu = 00:00:00.02 ; elapsed = 00:00:00.03 . Memory (MB): peak = 3127.184 ; gain = 0.000 ; free physical = 7021 ; free virtual = 9774
INFO: [Project 1-111] Unisim Transformation Summary:
No Unisim elements were transformed.

Synth Design complete | Checksum: 4dd1b94e
INFO: [Common 17-83] Releasing license: Synthesis
526 Infos, 101 Warnings, 0 Critical Warnings and 0 Errors encountered.
synth_design completed successfully
synth_design: Time (s): cpu = 00:04:29 ; elapsed = 00:03:02 . Memory (MB): peak = 3127.219 ; gain = 1575.887 ; free physical = 7021 ; free virtual = 9775
INFO: [Common 17-2834] synth_design peak Physical Memory [PSS] (MB): overall = 8534.725; main = 2152.061; forked = 6906.498
INFO: [Common 17-2834] synth_design peak Virtual Memory [VSS] (MB): overall = 17583.461; main = 3127.188; forked = 14898.281
Write ShapeDB Complete: Time (s): cpu = 00:00:00.27 ; elapsed = 00:00:00.09 . Memory (MB): peak = 3151.195 ; gain = 0.000 ; free physical = 7021 ; free virtual = 9785
INFO: [Common 17-1381] The checkpoint '/home/stonepine/intrinsic-memory-SNNs/3_benchmarking_on_FPGA/results/bitshift-64-32-4/vivado_project/board_top_bitshift-64-32-4.runs/synth_1/board_top_bitshift_64_32_4.dcp' has been generated.
INFO: [Vivado 12-24828] Executing command : report_utilization -file board_top_bitshift_64_32_4_utilization_synth.rpt -pb board_top_bitshift_64_32_4_utilization_synth.pb
INFO: [Common 17-206] Exiting Vivado at Sat May 23 14:51:42 2026...
