
*** Running vivado
    with args -log board_top_bitshift_64_32_4.vdi -applog -m64 -product Vivado -messageDb vivado.pb -mode batch -source board_top_bitshift_64_32_4.tcl -notrace


****** Vivado v2025.1 (64-bit)
  **** SW Build 6140274 on Wed May 21 22:58:25 MDT 2025
  **** IP Build 6138677 on Thu May 22 03:10:11 MDT 2025
  **** SharedData Build 6139179 on Tue May 20 17:58:58 MDT 2025
  **** Start of session at: Sat May 23 14:52:05 2026
    ** Copyright 1986-2022 Xilinx, Inc. All Rights Reserved.
    ** Copyright 2022-2025 Advanced Micro Devices, Inc. All Rights Reserved.

source board_top_bitshift_64_32_4.tcl -notrace
Command: link_design -top board_top_bitshift_64_32_4 -part xc7a100tcsg324-1
Design is defaulting to srcset: sources_1
Design is defaulting to constrset: constrs_1
INFO: [Device 21-403] Loading part xc7a100tcsg324-1
Netlist sorting complete. Time (s): cpu = 00:00:00.17 ; elapsed = 00:00:00.17 . Memory (MB): peak = 1768.562 ; gain = 0.000 ; free physical = 7291 ; free virtual = 9998
INFO: [Netlist 29-17] Analyzing 5421 Unisim elements for replacement
INFO: [Netlist 29-28] Unisim Transformation completed in 0 CPU seconds
INFO: [Project 1-479] Netlist was created with Vivado 2025.1
INFO: [Project 1-570] Preparing netlist for logic optimization
Parsing XDC File [/home/stonepine/intrinsic-memory-SNNs/3_benchmarking_on_FPGA/constraints/nexys_a7_general.xdc]
Finished Parsing XDC File [/home/stonepine/intrinsic-memory-SNNs/3_benchmarking_on_FPGA/constraints/nexys_a7_general.xdc]
INFO: [Opt 31-138] Pushed 0 inverter(s) to 0 load pin(s).
Netlist sorting complete. Time (s): cpu = 00:00:00.01 ; elapsed = 00:00:00.01 . Memory (MB): peak = 2001.574 ; gain = 0.000 ; free physical = 6984 ; free virtual = 9704
INFO: [Project 1-111] Unisim Transformation Summary:
No Unisim elements were transformed.

7 Infos, 0 Warnings, 0 Critical Warnings and 0 Errors encountered.
link_design completed successfully
link_design: Time (s): cpu = 00:00:07 ; elapsed = 00:00:07 . Memory (MB): peak = 2001.609 ; gain = 450.281 ; free physical = 6984 ; free virtual = 9704
Command: opt_design
Attempting to get a license for feature 'Implementation' and/or device 'xc7a100t'
INFO: [Common 17-349] Got license for feature 'Implementation' and/or device 'xc7a100t'
Running DRC as a precondition to command opt_design

Starting DRC Task
INFO: [DRC 23-27] Running DRC with 8 threads
INFO: [Project 1-461] DRC finished with 0 Errors
INFO: [Project 1-462] Please refer to the DRC report (report_drc) for more information.

Time (s): cpu = 00:00:01 ; elapsed = 00:00:00.32 . Memory (MB): peak = 2117.816 ; gain = 116.207 ; free physical = 6959 ; free virtual = 9674

Starting Cache Timing Information Task
INFO: [Timing 38-35] Done setting XDC timing constraints.
Ending Cache Timing Information Task | Checksum: 1854acdca

Time (s): cpu = 00:00:07 ; elapsed = 00:00:04 . Memory (MB): peak = 2650.770 ; gain = 532.953 ; free physical = 6473 ; free virtual = 9210

Starting Logic Optimization Task

Phase 1 Initialization

Phase 1.1 Core Generation And Design Setup
Phase 1.1 Core Generation And Design Setup | Checksum: 1854acdca

Time (s): cpu = 00:00:00.03 ; elapsed = 00:00:00.03 . Memory (MB): peak = 3001.629 ; gain = 0.000 ; free physical = 6133 ; free virtual = 8871

Phase 1.2 Setup Constraints And Sort Netlist
Phase 1.2 Setup Constraints And Sort Netlist | Checksum: 1854acdca

Time (s): cpu = 00:00:00.05 ; elapsed = 00:00:00.05 . Memory (MB): peak = 3001.629 ; gain = 0.000 ; free physical = 6133 ; free virtual = 8871
Phase 1 Initialization | Checksum: 1854acdca

Time (s): cpu = 00:00:00.05 ; elapsed = 00:00:00.05 . Memory (MB): peak = 3001.629 ; gain = 0.000 ; free physical = 6133 ; free virtual = 8871

Phase 2 Timer Update And Timing Data Collection

Phase 2.1 Timer Update
Phase 2.1 Timer Update | Checksum: 1854acdca

Time (s): cpu = 00:00:03 ; elapsed = 00:00:00.79 . Memory (MB): peak = 3001.629 ; gain = 0.000 ; free physical = 6117 ; free virtual = 8855

Phase 2.2 Timing Data Collection
Phase 2.2 Timing Data Collection | Checksum: 1854acdca

Time (s): cpu = 00:00:03 ; elapsed = 00:00:00.93 . Memory (MB): peak = 3001.629 ; gain = 0.000 ; free physical = 6116 ; free virtual = 8854
Phase 2 Timer Update And Timing Data Collection | Checksum: 1854acdca

Time (s): cpu = 00:00:03 ; elapsed = 00:00:00.94 . Memory (MB): peak = 3001.629 ; gain = 0.000 ; free physical = 6116 ; free virtual = 8854

Phase 3 Retarget
INFO: [Opt 31-1851] Number of loadless carry chains removed were: 0
INFO: [Opt 31-1834] Total Chains To Be Transformed Were: 0 AND Number of Transformed insts Created are: 0
INFO: [Opt 31-138] Pushed 0 inverter(s) to 0 load pin(s).
INFO: [Opt 31-49] Retargeted 0 cell(s).
Phase 3 Retarget | Checksum: 1854acdca

Time (s): cpu = 00:00:03 ; elapsed = 00:00:01 . Memory (MB): peak = 3001.629 ; gain = 0.000 ; free physical = 6112 ; free virtual = 8849
Retarget | Checksum: 1854acdca
INFO: [Opt 31-389] Phase Retarget created 0 cells and removed 0 cells

Phase 4 Constant propagation
INFO: [Opt 31-138] Pushed 0 inverter(s) to 0 load pin(s).
Phase 4 Constant propagation | Checksum: 18ce28142

Time (s): cpu = 00:00:04 ; elapsed = 00:00:02 . Memory (MB): peak = 3001.629 ; gain = 0.000 ; free physical = 6115 ; free virtual = 8853
Constant propagation | Checksum: 18ce28142
INFO: [Opt 31-389] Phase Constant propagation created 0 cells and removed 0 cells

Phase 5 Sweep
INFO: [Constraints 18-11670] Building netlist checker database with flags, 0x8
Done building netlist checker database: Time (s): cpu = 00:00:00.01 ; elapsed = 00:00:00 . Memory (MB): peak = 3001.629 ; gain = 0.000 ; free physical = 6115 ; free virtual = 8853
Phase 5 Sweep | Checksum: 13fc14241

Time (s): cpu = 00:00:04 ; elapsed = 00:00:03 . Memory (MB): peak = 3001.629 ; gain = 0.000 ; free physical = 6114 ; free virtual = 8852
Sweep | Checksum: 13fc14241
INFO: [Opt 31-389] Phase Sweep created 0 cells and removed 0 cells

Phase 6 BUFG optimization
INFO: [Opt 31-129] Inserted BUFG to drive high-fanout reset|set|enable net. BUFG cell: u_accel/gen_nn_bitshift.u_accel/fc1/CPU_RESETN_BUFG_inst, Net: u_accel/gen_nn_bitshift.u_accel/fc1/CPU_RESETN
Phase 6 BUFG optimization | Checksum: 16d3a6ca0

Time (s): cpu = 00:00:05 ; elapsed = 00:00:03 . Memory (MB): peak = 3033.645 ; gain = 32.016 ; free physical = 6113 ; free virtual = 8851
BUFG optimization | Checksum: 16d3a6ca0
INFO: [Opt 31-662] Phase BUFG optimization created 1 cells of which 1 are BUFGs and removed 0 cells.

Phase 7 Shift Register Optimization
INFO: [Opt 31-1064] SRL Remap converted 0 SRLs to 0 registers and converted 0 registers of register chains to 0 SRLs
Phase 7 Shift Register Optimization | Checksum: 16d3a6ca0

Time (s): cpu = 00:00:05 ; elapsed = 00:00:03 . Memory (MB): peak = 3033.645 ; gain = 32.016 ; free physical = 6113 ; free virtual = 8851
Shift Register Optimization | Checksum: 16d3a6ca0
INFO: [Opt 31-389] Phase Shift Register Optimization created 0 cells and removed 0 cells

Phase 8 Post Processing Netlist
Phase 8 Post Processing Netlist | Checksum: 16d3a6ca0

Time (s): cpu = 00:00:05 ; elapsed = 00:00:03 . Memory (MB): peak = 3033.645 ; gain = 32.016 ; free physical = 6113 ; free virtual = 8851
Post Processing Netlist | Checksum: 16d3a6ca0
INFO: [Opt 31-389] Phase Post Processing Netlist created 0 cells and removed 0 cells

Phase 9 Finalization

Phase 9.1 Finalizing Design Cores and Updating Shapes
Phase 9.1 Finalizing Design Cores and Updating Shapes | Checksum: 27fa01669

Time (s): cpu = 00:00:07 ; elapsed = 00:00:04 . Memory (MB): peak = 3033.645 ; gain = 32.016 ; free physical = 6110 ; free virtual = 8849

Phase 9.2 Verifying Netlist Connectivity

Starting Connectivity Check Task

Time (s): cpu = 00:00:00.08 ; elapsed = 00:00:00.09 . Memory (MB): peak = 3033.645 ; gain = 0.000 ; free physical = 6101 ; free virtual = 8839
Phase 9.2 Verifying Netlist Connectivity | Checksum: 27fa01669

Time (s): cpu = 00:00:07 ; elapsed = 00:00:04 . Memory (MB): peak = 3033.645 ; gain = 32.016 ; free physical = 6101 ; free virtual = 8839
Phase 9 Finalization | Checksum: 27fa01669

Time (s): cpu = 00:00:07 ; elapsed = 00:00:04 . Memory (MB): peak = 3033.645 ; gain = 32.016 ; free physical = 6101 ; free virtual = 8839
Opt_design Change Summary
=========================


-------------------------------------------------------------------------------------------------------------------------
|  Phase                        |  #Cells created  |  #Cells Removed  |  #Constrained objects preventing optimizations  |
-------------------------------------------------------------------------------------------------------------------------
|  Retarget                     |               0  |               0  |                                              0  |
|  Constant propagation         |               0  |               0  |                                              0  |
|  Sweep                        |               0  |               0  |                                              0  |
|  BUFG optimization            |               1  |               0  |                                              0  |
|  Shift Register Optimization  |               0  |               0  |                                              0  |
|  Post Processing Netlist      |               0  |               0  |                                              0  |
-------------------------------------------------------------------------------------------------------------------------


Ending Logic Optimization Task | Checksum: 27fa01669

Time (s): cpu = 00:00:07 ; elapsed = 00:00:04 . Memory (MB): peak = 3033.645 ; gain = 32.016 ; free physical = 6101 ; free virtual = 8839

Starting Power Optimization Task
INFO: [Pwropt 34-132] Skipping clock gating for clocks with a period < 2.00 ns.
Ending Power Optimization Task | Checksum: 27fa01669

Time (s): cpu = 00:00:00.03 ; elapsed = 00:00:00.04 . Memory (MB): peak = 3033.645 ; gain = 0.000 ; free physical = 6101 ; free virtual = 8839

Starting Final Cleanup Task
Ending Final Cleanup Task | Checksum: 27fa01669

Time (s): cpu = 00:00:00.01 ; elapsed = 00:00:00 . Memory (MB): peak = 3033.645 ; gain = 0.000 ; free physical = 6101 ; free virtual = 8839

Starting Netlist Obfuscation Task
Netlist sorting complete. Time (s): cpu = 00:00:00 ; elapsed = 00:00:00.01 . Memory (MB): peak = 3033.645 ; gain = 0.000 ; free physical = 6101 ; free virtual = 8839
Ending Netlist Obfuscation Task | Checksum: 27fa01669

Time (s): cpu = 00:00:00.01 ; elapsed = 00:00:00.01 . Memory (MB): peak = 3033.645 ; gain = 0.000 ; free physical = 6101 ; free virtual = 8839
INFO: [Common 17-83] Releasing license: Implementation
28 Infos, 0 Warnings, 0 Critical Warnings and 0 Errors encountered.
opt_design completed successfully
opt_design: Time (s): cpu = 00:00:17 ; elapsed = 00:00:11 . Memory (MB): peak = 3033.645 ; gain = 1032.035 ; free physical = 6101 ; free virtual = 8839
INFO: [Vivado 12-24828] Executing command : report_drc -file board_top_bitshift_64_32_4_drc_opted.rpt -pb board_top_bitshift_64_32_4_drc_opted.pb -rpx board_top_bitshift_64_32_4_drc_opted.rpx
Command: report_drc -file board_top_bitshift_64_32_4_drc_opted.rpt -pb board_top_bitshift_64_32_4_drc_opted.pb -rpx board_top_bitshift_64_32_4_drc_opted.rpx
INFO: [IP_Flow 19-234] Refreshing IP repositories
INFO: [IP_Flow 19-1704] No user IP repositories specified
INFO: [IP_Flow 19-2313] Loaded Vivado IP repository '/home/stonepine/Xilinx/2025.1/Vivado/data/ip'.
INFO: [DRC 23-27] Running DRC with 8 threads
INFO: [Vivado_Tcl 2-168] The results of DRC are in file /home/stonepine/intrinsic-memory-SNNs/3_benchmarking_on_FPGA/results/bitshift-64-32-4/vivado_project/board_top_bitshift-64-32-4.runs/impl_1/board_top_bitshift_64_32_4_drc_opted.rpt.
report_drc completed successfully
INFO: [Timing 38-480] Writing timing data to binary archive.
Wrote PlaceDB: Time (s): cpu = 00:00:00 ; elapsed = 00:00:00 . Memory (MB): peak = 3033.645 ; gain = 0.000 ; free physical = 6064 ; free virtual = 8807
Wrote PulsedLatchDB: Time (s): cpu = 00:00:00 ; elapsed = 00:00:00 . Memory (MB): peak = 3033.645 ; gain = 0.000 ; free physical = 6064 ; free virtual = 8807
Writing XDEF routing.
Writing XDEF routing logical nets.
Write ShapeDB Complete: Time (s): cpu = 00:00:00.41 ; elapsed = 00:00:00.09 . Memory (MB): peak = 3033.645 ; gain = 0.000 ; free physical = 6062 ; free virtual = 8814
Writing XDEF routing special nets.
Wrote RouteStorage: Time (s): cpu = 00:00:00.47 ; elapsed = 00:00:00.1 . Memory (MB): peak = 3033.645 ; gain = 0.000 ; free physical = 6060 ; free virtual = 8812
Wrote Netlist Cache: Time (s): cpu = 00:00:00.01 ; elapsed = 00:00:00.01 . Memory (MB): peak = 3033.645 ; gain = 0.000 ; free physical = 6060 ; free virtual = 8812
Wrote Device Cache: Time (s): cpu = 00:00:00.01 ; elapsed = 00:00:00 . Memory (MB): peak = 3033.645 ; gain = 0.000 ; free physical = 6060 ; free virtual = 8813
Write Physdb Complete: Time (s): cpu = 00:00:00.49 ; elapsed = 00:00:00.11 . Memory (MB): peak = 3033.645 ; gain = 0.000 ; free physical = 6060 ; free virtual = 8813
INFO: [Common 17-1381] The checkpoint '/home/stonepine/intrinsic-memory-SNNs/3_benchmarking_on_FPGA/results/bitshift-64-32-4/vivado_project/board_top_bitshift-64-32-4.runs/impl_1/board_top_bitshift_64_32_4_opt.dcp' has been generated.
Command: place_design
Attempting to get a license for feature 'Implementation' and/or device 'xc7a100t'
INFO: [Common 17-349] Got license for feature 'Implementation' and/or device 'xc7a100t'
INFO: [Common 17-83] Releasing license: Implementation
INFO: [DRC 23-27] Running DRC with 8 threads
INFO: [Vivado_Tcl 4-198] DRC finished with 0 Errors
INFO: [Vivado_Tcl 4-199] Please refer to the DRC report (report_drc) for more information.
Running DRC as a precondition to command place_design
INFO: [DRC 23-27] Running DRC with 8 threads
INFO: [Vivado_Tcl 4-198] DRC finished with 0 Errors
INFO: [Vivado_Tcl 4-199] Please refer to the DRC report (report_drc) for more information.
INFO: [Place 30-611] Multithreading enabled for place_design using a maximum of 8 CPUs

Starting Placer Task

Phase 1 Placer Initialization

Phase 1.1 Placer Initialization Netlist Sorting
Netlist sorting complete. Time (s): cpu = 00:00:00.01 ; elapsed = 00:00:00.01 . Memory (MB): peak = 3033.645 ; gain = 0.000 ; free physical = 6035 ; free virtual = 8786
Phase 1.1 Placer Initialization Netlist Sorting | Checksum: 1c75e9532

Time (s): cpu = 00:00:00.04 ; elapsed = 00:00:00.04 . Memory (MB): peak = 3033.645 ; gain = 0.000 ; free physical = 6035 ; free virtual = 8786
Netlist sorting complete. Time (s): cpu = 00:00:00.01 ; elapsed = 00:00:00.01 . Memory (MB): peak = 3033.645 ; gain = 0.000 ; free physical = 6034 ; free virtual = 8785

Phase 1.2 IO Placement/ Clock Placement/ Build Placer Device
INFO: [Timing 38-35] Done setting XDC timing constraints.
Phase 1.2 IO Placement/ Clock Placement/ Build Placer Device | Checksum: 176acc807

Time (s): cpu = 00:00:07 ; elapsed = 00:00:02 . Memory (MB): peak = 3033.645 ; gain = 0.000 ; free physical = 6022 ; free virtual = 8777

Phase 1.3 Build Placer Netlist Model
Phase 1.3 Build Placer Netlist Model | Checksum: 1ab5d123b

Time (s): cpu = 00:00:21 ; elapsed = 00:00:09 . Memory (MB): peak = 3303.492 ; gain = 269.848 ; free physical = 5746 ; free virtual = 8514

Phase 1.4 Constrain Clocks/Macros
Phase 1.4 Constrain Clocks/Macros | Checksum: 1ab5d123b

Time (s): cpu = 00:00:21 ; elapsed = 00:00:09 . Memory (MB): peak = 3303.492 ; gain = 269.848 ; free physical = 5746 ; free virtual = 8514
Phase 1 Placer Initialization | Checksum: 1ab5d123b

Time (s): cpu = 00:00:21 ; elapsed = 00:00:09 . Memory (MB): peak = 3303.492 ; gain = 269.848 ; free physical = 5741 ; free virtual = 8509

Phase 2 Global Placement

Phase 2.1 Floorplanning
Phase 2.1 Floorplanning | Checksum: 2037f6f2f

Time (s): cpu = 00:00:26 ; elapsed = 00:00:10 . Memory (MB): peak = 3383.531 ; gain = 349.887 ; free physical = 5691 ; free virtual = 8460

Phase 2.2 Update Timing before SLR Path Opt
Phase 2.2 Update Timing before SLR Path Opt | Checksum: 2741c2a32

Time (s): cpu = 00:00:30 ; elapsed = 00:00:12 . Memory (MB): peak = 3383.531 ; gain = 349.887 ; free physical = 5678 ; free virtual = 8457

Phase 2.3 Post-Processing in Floorplanning
Phase 2.3 Post-Processing in Floorplanning | Checksum: 2741c2a32

Time (s): cpu = 00:00:30 ; elapsed = 00:00:12 . Memory (MB): peak = 3383.531 ; gain = 349.887 ; free physical = 5668 ; free virtual = 8448

Phase 2.4 Global Place Phase1
Phase 2.4 Global Place Phase1 | Checksum: 18d0aa769

Time (s): cpu = 00:01:17 ; elapsed = 00:00:32 . Memory (MB): peak = 3383.531 ; gain = 349.887 ; free physical = 5332 ; free virtual = 8117

Phase 2.5 Global Place Phase2

Phase 2.5.1 UpdateTiming Before Physical Synthesis
Phase 2.5.1 UpdateTiming Before Physical Synthesis | Checksum: 1d428d5df

Time (s): cpu = 00:01:22 ; elapsed = 00:00:33 . Memory (MB): peak = 3383.531 ; gain = 349.887 ; free physical = 5341 ; free virtual = 8127

Phase 2.5.2 Physical Synthesis In Placer
INFO: [Physopt 32-1035] Found 13 LUTNM shape to break, 768 LUT instances to create LUTNM shape
INFO: [Physopt 32-1044] Break lutnm for timing: one critical 12, two critical 1, total 13, new lutff created 0
INFO: [Physopt 32-1138] End 1 Pass. Optimized 368 nets or LUTs. Breaked 13 LUTs, combined 355 existing LUTs and moved 0 existing LUT
INFO: [Physopt 32-1408] Pass 1. Identified 2 candidate nets for high-fanout optimization.
INFO: [Physopt 32-81] Processed net u_accel/gen_nn_bitshift.u_accel/q_accum/timestep_counter_reg[4]_0[2]. Replicated 9 times.
INFO: [Physopt 32-81] Processed net u_accel/gen_nn_bitshift.u_accel/hl2_clear. Replicated 77 times.
INFO: [Physopt 32-232] Optimized 2 nets. Created 86 new instances.
INFO: [Physopt 32-775] End 1 Pass. Optimized 2 nets or cells. Created 86 new cells, deleted 0 existing cell and moved 0 existing cell
Netlist sorting complete. Time (s): cpu = 00:00:00.17 ; elapsed = 00:00:00.17 . Memory (MB): peak = 3383.531 ; gain = 0.000 ; free physical = 5354 ; free virtual = 8145
INFO: [Physopt 32-456] No candidate cells for DSP register optimization found in the design.
INFO: [Physopt 32-775] End 2 Pass. Optimized 0 net or cell. Created 0 new cell, deleted 0 existing cell and moved 0 existing cell
INFO: [Physopt 32-1123] No candidate cells found for Shift Register to Pipeline optimization
INFO: [Physopt 32-775] End 2 Pass. Optimized 0 net or cell. Created 0 new cell, deleted 0 existing cell and moved 0 existing cell
INFO: [Physopt 32-1401] No candidate cells found for Shift Register optimization.
INFO: [Physopt 32-677] No candidate cells for Shift Register optimization found in the design
INFO: [Physopt 32-775] End 1 Pass. Optimized 0 net or cell. Created 0 new cell, deleted 0 existing cell and moved 0 existing cell
INFO: [Physopt 32-526] No candidate cells for BRAM register optimization found in the design
INFO: [Physopt 32-775] End 1 Pass. Optimized 0 net or cell. Created 0 new cell, deleted 0 existing cell and moved 0 existing cell
INFO: [Physopt 32-846] No candidate cells for URAM register optimization found in the design
INFO: [Physopt 32-775] End 1 Pass. Optimized 0 net or cell. Created 0 new cell, deleted 0 existing cell and moved 0 existing cell
INFO: [Physopt 32-846] No candidate cells for URAM register optimization found in the design
INFO: [Physopt 32-775] End 1 Pass. Optimized 0 net or cell. Created 0 new cell, deleted 0 existing cell and moved 0 existing cell
INFO: [Physopt 32-949] No candidate nets found for dynamic/static region interface net replication
INFO: [Physopt 32-775] End 1 Pass. Optimized 0 net or cell. Created 0 new cell, deleted 0 existing cell and moved 0 existing cell
Netlist sorting complete. Time (s): cpu = 00:00:00.01 ; elapsed = 00:00:00.01 . Memory (MB): peak = 3383.531 ; gain = 0.000 ; free physical = 5354 ; free virtual = 8144

Summary of Physical Synthesis Optimizations
============================================


-----------------------------------------------------------------------------------------------------------------------------------------------------------
|  Optimization                                     |  Added Cells  |  Removed Cells  |  Optimized Cells/Nets  |  Dont Touch  |  Iterations  |  Elapsed   |
-----------------------------------------------------------------------------------------------------------------------------------------------------------
|  LUT Combining                                    |           13  |            355  |                   368  |           0  |           1  |  00:00:00  |
|  Retime                                           |            0  |              0  |                     0  |           0  |           1  |  00:00:00  |
|  Very High Fanout                                 |           86  |              0  |                     2  |           0  |           1  |  00:00:03  |
|  DSP Register                                     |            0  |              0  |                     0  |           0  |           1  |  00:00:00  |
|  Shift Register to Pipeline                       |            0  |              0  |                     0  |           0  |           1  |  00:00:00  |
|  Shift Register                                   |            0  |              0  |                     0  |           0  |           1  |  00:00:00  |
|  BRAM Register                                    |            0  |              0  |                     0  |           0  |           1  |  00:00:00  |
|  URAM Register                                    |            0  |              0  |                     0  |           0  |           1  |  00:00:00  |
|  Dynamic/Static Region Interface Net Replication  |            0  |              0  |                     0  |           0  |           1  |  00:00:00  |
|  Total                                            |           99  |            355  |                   370  |           0  |           9  |  00:00:03  |
-----------------------------------------------------------------------------------------------------------------------------------------------------------


Phase 2.5.2 Physical Synthesis In Placer | Checksum: 1d5d1e398

Time (s): cpu = 00:01:30 ; elapsed = 00:00:39 . Memory (MB): peak = 3383.531 ; gain = 349.887 ; free physical = 5445 ; free virtual = 8243
Phase 2.5 Global Place Phase2 | Checksum: 1bed52f16

Time (s): cpu = 00:01:36 ; elapsed = 00:00:41 . Memory (MB): peak = 3383.531 ; gain = 349.887 ; free physical = 5446 ; free virtual = 8242
Phase 2 Global Placement | Checksum: 1bed52f16

Time (s): cpu = 00:01:36 ; elapsed = 00:00:42 . Memory (MB): peak = 3383.531 ; gain = 349.887 ; free physical = 5446 ; free virtual = 8242

Phase 3 Detail Placement

Phase 3.1 Commit Multi Column Macros
Phase 3.1 Commit Multi Column Macros | Checksum: 158c729d3

Time (s): cpu = 00:01:41 ; elapsed = 00:00:43 . Memory (MB): peak = 3383.531 ; gain = 349.887 ; free physical = 5449 ; free virtual = 8245

Phase 3.2 Commit Most Macros & LUTRAMs
Phase 3.2 Commit Most Macros & LUTRAMs | Checksum: 1acc8d49e

Time (s): cpu = 00:01:48 ; elapsed = 00:00:46 . Memory (MB): peak = 3383.531 ; gain = 349.887 ; free physical = 5447 ; free virtual = 8244

Phase 3.3 Area Swap Optimization
Phase 3.3 Area Swap Optimization | Checksum: 19bc901df

Time (s): cpu = 00:01:49 ; elapsed = 00:00:46 . Memory (MB): peak = 3383.531 ; gain = 349.887 ; free physical = 5447 ; free virtual = 8244

Phase 3.4 Pipeline Register Optimization
Phase 3.4 Pipeline Register Optimization | Checksum: 2122d801d

Time (s): cpu = 00:01:49 ; elapsed = 00:00:46 . Memory (MB): peak = 3383.531 ; gain = 349.887 ; free physical = 5447 ; free virtual = 8244

Phase 3.5 Fast Optimization
Phase 3.5 Fast Optimization | Checksum: 22c41b29c

Time (s): cpu = 00:02:02 ; elapsed = 00:00:50 . Memory (MB): peak = 3383.531 ; gain = 349.887 ; free physical = 5467 ; free virtual = 8264

Phase 3.6 Small Shape Detail Placement
Phase 3.6 Small Shape Detail Placement | Checksum: 1fe0b14aa

Time (s): cpu = 00:02:14 ; elapsed = 00:01:02 . Memory (MB): peak = 3383.531 ; gain = 349.887 ; free physical = 5544 ; free virtual = 8344

Phase 3.7 Re-assign LUT pins
Phase 3.7 Re-assign LUT pins | Checksum: 227325544

Time (s): cpu = 00:02:16 ; elapsed = 00:01:03 . Memory (MB): peak = 3383.531 ; gain = 349.887 ; free physical = 5529 ; free virtual = 8331

Phase 3.8 Pipeline Register Optimization
Phase 3.8 Pipeline Register Optimization | Checksum: 1e4b43f3c

Time (s): cpu = 00:02:17 ; elapsed = 00:01:04 . Memory (MB): peak = 3383.531 ; gain = 349.887 ; free physical = 5527 ; free virtual = 8329

Phase 3.9 Fast Optimization
Phase 3.9 Fast Optimization | Checksum: 223e4ad6f

Time (s): cpu = 00:02:37 ; elapsed = 00:01:11 . Memory (MB): peak = 3383.531 ; gain = 349.887 ; free physical = 5526 ; free virtual = 8327
Phase 3 Detail Placement | Checksum: 223e4ad6f

Time (s): cpu = 00:02:37 ; elapsed = 00:01:11 . Memory (MB): peak = 3383.531 ; gain = 349.887 ; free physical = 5534 ; free virtual = 8335

Phase 4 Post Placement Optimization and Clean-Up

Phase 4.1 Post Commit Optimization
INFO: [Timing 38-35] Done setting XDC timing constraints.

Phase 4.1.1 Post Placement Optimization
Post Placement Optimization Initialization | Checksum: 216847bfe

Phase 4.1.1.1 BUFG Insertion

Starting Physical Synthesis Task

Phase 1 Physical Synthesis Initialization
INFO: [Physopt 32-721] Multithreading enabled for phys_opt_design using a maximum of 8 CPUs
INFO: [Physopt 32-619] Estimated Timing Summary | WNS=-1.300 | TNS=-91.112 |
Phase 1 Physical Synthesis Initialization | Checksum: 179fd4768

Time (s): cpu = 00:00:02 ; elapsed = 00:00:00.44 . Memory (MB): peak = 3444.328 ; gain = 0.000 ; free physical = 5491 ; free virtual = 8295
INFO: [Place 46-56] BUFG insertion identified 0 candidate nets. Inserted BUFG: 0, Replicated BUFG Driver: 0, Skipped due to Placement/Routing Conflicts: 0, Skipped due to Timing Degradation: 0, Skipped due to netlist editing failed: 0.
Ending Physical Synthesis Task | Checksum: 259631209

Time (s): cpu = 00:00:02 ; elapsed = 00:00:00.67 . Memory (MB): peak = 3444.328 ; gain = 0.000 ; free physical = 5493 ; free virtual = 8295
Phase 4.1.1.1 BUFG Insertion | Checksum: 216847bfe

Time (s): cpu = 00:02:53 ; elapsed = 00:01:16 . Memory (MB): peak = 3444.328 ; gain = 410.684 ; free physical = 5493 ; free virtual = 8295

Phase 4.1.1.2 Post Placement Timing Optimization
INFO: [Place 30-746] Post Placement Timing Summary WNS=-0.692. For the most accurate timing information please run report_timing.
Phase 4.1.1.2 Post Placement Timing Optimization | Checksum: 2bc7d43a3

Time (s): cpu = 00:03:26 ; elapsed = 00:01:38 . Memory (MB): peak = 3448.328 ; gain = 414.684 ; free physical = 5499 ; free virtual = 8303

Time (s): cpu = 00:03:26 ; elapsed = 00:01:38 . Memory (MB): peak = 3448.328 ; gain = 414.684 ; free physical = 5499 ; free virtual = 8303
Phase 4.1 Post Commit Optimization | Checksum: 2bc7d43a3

Time (s): cpu = 00:03:27 ; elapsed = 00:01:38 . Memory (MB): peak = 3448.328 ; gain = 414.684 ; free physical = 5499 ; free virtual = 8303

Phase 4.2 Post Placement Cleanup
Phase 4.2 Post Placement Cleanup | Checksum: 2bc7d43a3

Time (s): cpu = 00:03:27 ; elapsed = 00:01:38 . Memory (MB): peak = 3448.328 ; gain = 414.684 ; free physical = 5497 ; free virtual = 8301

Phase 4.3 Placer Reporting

Phase 4.3.1 Print Estimated Congestion
INFO: [Place 30-612] Post-Placement Estimated Congestion 
 ____________________________________________________
|           | Global Congestion | Short Congestion  |
| Direction | Region Size       | Region Size       |
|___________|___________________|___________________|
|      North|                8x8|                8x8|
|___________|___________________|___________________|
|      South|                2x2|                8x8|
|___________|___________________|___________________|
|       East|                1x1|                4x4|
|___________|___________________|___________________|
|       West|                1x1|                1x1|
|___________|___________________|___________________|

Phase 4.3.1 Print Estimated Congestion | Checksum: 2bc7d43a3

Time (s): cpu = 00:03:28 ; elapsed = 00:01:38 . Memory (MB): peak = 3448.328 ; gain = 414.684 ; free physical = 5499 ; free virtual = 8303
Phase 4.3 Placer Reporting | Checksum: 2bc7d43a3

Time (s): cpu = 00:03:28 ; elapsed = 00:01:38 . Memory (MB): peak = 3448.328 ; gain = 414.684 ; free physical = 5501 ; free virtual = 8305

Phase 4.4 Final Placement Cleanup
Netlist sorting complete. Time (s): cpu = 00:00:00.01 ; elapsed = 00:00:00.01 . Memory (MB): peak = 3448.328 ; gain = 0.000 ; free physical = 5501 ; free virtual = 8305

Time (s): cpu = 00:03:28 ; elapsed = 00:01:38 . Memory (MB): peak = 3448.328 ; gain = 414.684 ; free physical = 5501 ; free virtual = 8305
Phase 4 Post Placement Optimization and Clean-Up | Checksum: 22a50bc17

Time (s): cpu = 00:03:29 ; elapsed = 00:01:39 . Memory (MB): peak = 3448.328 ; gain = 414.684 ; free physical = 5501 ; free virtual = 8305
Ending Placer Task | Checksum: 15d56bccb

Time (s): cpu = 00:03:29 ; elapsed = 00:01:39 . Memory (MB): peak = 3448.328 ; gain = 414.684 ; free physical = 5501 ; free virtual = 8305
75 Infos, 0 Warnings, 0 Critical Warnings and 0 Errors encountered.
place_design completed successfully
place_design: Time (s): cpu = 00:03:33 ; elapsed = 00:01:40 . Memory (MB): peak = 3448.328 ; gain = 414.684 ; free physical = 5501 ; free virtual = 8305
INFO: [Vivado 12-24838] Running report commands "report_control_sets, report_io, report_utilization" in parallel.
Running report generation with 3 threads.
INFO: [Vivado 12-24828] Executing command : report_io -file board_top_bitshift_64_32_4_io_placed.rpt
report_io: Time (s): cpu = 00:00:00.3 ; elapsed = 00:00:00.24 . Memory (MB): peak = 3448.328 ; gain = 0.000 ; free physical = 5499 ; free virtual = 8303
INFO: [Vivado 12-24828] Executing command : report_control_sets -verbose -file board_top_bitshift_64_32_4_control_sets_placed.rpt
report_control_sets: Time (s): cpu = 00:00:00.44 ; elapsed = 00:00:00.36 . Memory (MB): peak = 3448.328 ; gain = 0.000 ; free physical = 5492 ; free virtual = 8296
INFO: [Vivado 12-24828] Executing command : report_utilization -file board_top_bitshift_64_32_4_utilization_placed.rpt -pb board_top_bitshift_64_32_4_utilization_placed.pb
INFO: [Timing 38-480] Writing timing data to binary archive.
Write ShapeDB Complete: Time (s): cpu = 00:00:00.63 ; elapsed = 00:00:00.14 . Memory (MB): peak = 3448.328 ; gain = 0.000 ; free physical = 5485 ; free virtual = 8308
Wrote PlaceDB: Time (s): cpu = 00:00:04 ; elapsed = 00:00:02 . Memory (MB): peak = 3448.328 ; gain = 0.000 ; free physical = 5416 ; free virtual = 8314
Wrote PulsedLatchDB: Time (s): cpu = 00:00:00 ; elapsed = 00:00:00 . Memory (MB): peak = 3448.328 ; gain = 0.000 ; free physical = 5416 ; free virtual = 8314
Writing XDEF routing.
Writing XDEF routing logical nets.
Writing XDEF routing special nets.
Wrote RouteStorage: Time (s): cpu = 00:00:00.07 ; elapsed = 00:00:00.07 . Memory (MB): peak = 3448.328 ; gain = 0.000 ; free physical = 5414 ; free virtual = 8312
Wrote Netlist Cache: Time (s): cpu = 00:00:00.08 ; elapsed = 00:00:00.09 . Memory (MB): peak = 3448.328 ; gain = 0.000 ; free physical = 5415 ; free virtual = 8321
Wrote Device Cache: Time (s): cpu = 00:00:00 ; elapsed = 00:00:00 . Memory (MB): peak = 3448.328 ; gain = 0.000 ; free physical = 5415 ; free virtual = 8321
Write Physdb Complete: Time (s): cpu = 00:00:04 ; elapsed = 00:00:02 . Memory (MB): peak = 3448.328 ; gain = 0.000 ; free physical = 5415 ; free virtual = 8321
INFO: [Common 17-1381] The checkpoint '/home/stonepine/intrinsic-memory-SNNs/3_benchmarking_on_FPGA/results/bitshift-64-32-4/vivado_project/board_top_bitshift-64-32-4.runs/impl_1/board_top_bitshift_64_32_4_placed.dcp' has been generated.
Command: phys_opt_design -directive AggressiveExplore
Attempting to get a license for feature 'Implementation' and/or device 'xc7a100t'
INFO: [Common 17-349] Got license for feature 'Implementation' and/or device 'xc7a100t'
INFO: [Vivado_Tcl 4-137] Directive used for phys_opt_design is: AggressiveExplore

Starting Initial Update Timing Task

Time (s): cpu = 00:00:10 ; elapsed = 00:00:02 . Memory (MB): peak = 3448.328 ; gain = 0.000 ; free physical = 5448 ; free virtual = 8267
INFO: [Vivado_Tcl 4-1435] PhysOpt_Tcl_Interface Runtime Before Starting Physical Synthesis Task | CPU: 10.52s |  WALL: 2.67s
Netlist sorting complete. Time (s): cpu = 00:00:00 ; elapsed = 00:00:00.01 . Memory (MB): peak = 3448.328 ; gain = 0.000 ; free physical = 5448 ; free virtual = 8267

Starting Physical Synthesis Task

Phase 1 Physical Synthesis Initialization
INFO: [Physopt 32-721] Multithreading enabled for phys_opt_design using a maximum of 8 CPUs
INFO: [Physopt 32-619] Estimated Timing Summary | WNS=-0.692 | TNS=-70.024 |
Phase 1 Physical Synthesis Initialization | Checksum: 22bc15fd8

Time (s): cpu = 00:00:05 ; elapsed = 00:00:04 . Memory (MB): peak = 3448.328 ; gain = 0.000 ; free physical = 5454 ; free virtual = 8273

Phase 2 SLR Crossing Optimization
Phase 2 SLR Crossing Optimization | Checksum: 22bc15fd8

Time (s): cpu = 00:00:06 ; elapsed = 00:00:04 . Memory (MB): peak = 3448.328 ; gain = 0.000 ; free physical = 5453 ; free virtual = 8272
INFO: [Physopt 32-619] Estimated Timing Summary | WNS=-0.692 | TNS=-70.024 |

Phase 3 Fanout Optimization
INFO: [Physopt 32-76] Pass 1. Identified 50 candidate nets for fanout optimization.
INFO: [Physopt 32-81] Processed net u_accel/gen_nn_bitshift.u_accel/q_accum/timestep_counter_reg[4]_0[3]. Replicated 9 times.
INFO: [Physopt 32-81] Processed net u_accel/gen_nn_bitshift.u_accel/q_accum/timestep_counter_reg[0]_rep__25_0. Replicated 6 times.
INFO: [Physopt 32-81] Processed net u_accel/gen_nn_bitshift.u_accel/q_accum/timestep_counter_reg[1]_rep__2_0. Replicated 7 times.
INFO: [Physopt 32-81] Processed net u_accel/gen_nn_bitshift.u_accel/q_accum/timestep_counter_reg[0]_rep__8_0. Replicated 3 times.
INFO: [Physopt 32-81] Processed net u_accel/gen_nn_bitshift.u_accel/q_accum/timestep_counter_reg[1]_rep__6_0. Replicated 5 times.
INFO: [Physopt 32-81] Processed net u_accel/gen_nn_bitshift.u_accel/q_accum/timestep_counter_reg[0]_rep__20_0. Replicated 5 times.
INFO: [Physopt 32-81] Processed net u_accel/gen_nn_bitshift.u_accel/q_accum/timestep_counter_reg[0]_rep__6_0. Replicated 5 times.
INFO: [Physopt 32-81] Processed net u_accel/gen_nn_bitshift.u_accel/q_accum/timestep_counter_reg[0]_rep_0. Replicated 6 times.
INFO: [Physopt 32-81] Processed net u_accel/gen_nn_bitshift.u_accel/q_accum/timestep_counter_reg[0]_rep__27_0. Replicated 3 times.
INFO: [Physopt 32-81] Processed net u_accel/gen_nn_bitshift.u_accel/q_accum/timestep_counter_reg[0]_rep__2_0. Replicated 4 times.
INFO: [Physopt 32-81] Processed net u_accel/gen_nn_bitshift.u_accel/q_accum/timestep_counter_reg[0]_rep__14_0. Replicated 3 times.
INFO: [Physopt 32-81] Processed net u_accel/gen_nn_bitshift.u_accel/q_accum/timestep_counter_reg[0]_rep__26_0. Replicated 5 times.
INFO: [Physopt 32-81] Processed net u_accel/gen_nn_bitshift.u_accel/q_accum/timestep_counter_reg[1]_rep__8_0. Replicated 4 times.
INFO: [Physopt 32-81] Processed net u_accel/gen_nn_bitshift.u_accel/q_accum/timestep_counter_reg[1]_rep__16_0. Replicated 3 times.
INFO: [Physopt 32-81] Processed net u_accel/gen_nn_bitshift.u_accel/q_accum/timestep_counter_reg[0]_rep__0_0. Replicated 2 times.
INFO: [Physopt 32-81] Processed net u_accel/gen_nn_bitshift.u_accel/q_accum/timestep_counter_reg[0]_rep__12_0. Replicated 4 times.
INFO: [Physopt 32-81] Processed net u_accel/gen_nn_bitshift.u_accel/q_accum/timestep_counter_reg[0]_rep__21_0. Replicated 2 times.
INFO: [Physopt 32-81] Processed net u_accel/gen_nn_bitshift.u_accel/q_accum/timestep_counter_reg[1]_rep__20_0. Replicated 5 times.
INFO: [Physopt 32-81] Processed net u_accel/gen_nn_bitshift.u_accel/q_accum/timestep_counter_reg[0]_rep__16_0. Replicated 4 times.
INFO: [Physopt 32-81] Processed net u_accel/gen_nn_bitshift.u_accel/q_accum/timestep_counter_reg[4]_0[0]. Replicated 8 times.
INFO: [Physopt 32-81] Processed net u_accel/gen_nn_bitshift.u_accel/q_accum/timestep_counter_reg[1]_rep__0_0. Replicated 3 times.
INFO: [Physopt 32-81] Processed net u_accel/gen_nn_bitshift.u_accel/q_accum/timestep_counter_reg[1]_rep__12_0. Replicated 8 times.
INFO: [Physopt 32-81] Processed net u_accel/gen_nn_bitshift.u_accel/q_accum/timestep_counter_reg[1]_rep__14_0. Replicated 3 times.
INFO: [Physopt 32-81] Processed net u_accel/gen_nn_bitshift.u_accel/q_accum/timestep_counter_reg[4]_0[2]. Replicated 4 times.
INFO: [Physopt 32-572] Net u_accel/gen_nn_bitshift.u_accel/q_accum/timestep_counter_reg[1]_rep_0 was not replicated.
Resolution: phys_opt_design can be forced to replicate a net driver using the option -force_replication_on_nets <list of net objects>.
INFO: [Physopt 32-81] Processed net u_accel/gen_nn_bitshift.u_accel/fc1/sel[1]. Replicated 2 times.
INFO: [Physopt 32-81] Processed net u_accel/gen_nn_bitshift.u_accel/q_accum/timestep_counter_reg[0]_rep__10_0. Replicated 1 times.
INFO: [Physopt 32-81] Processed net u_accel/gen_nn_bitshift.u_accel/q_accum/timestep_counter_reg[1]_rep__26_0. Replicated 6 times.
INFO: [Physopt 32-81] Processed net u_accel/gen_nn_bitshift.u_accel/q_accum/timestep_counter_reg[4]_0[2]_repN_2. Replicated 8 times.
INFO: [Physopt 32-81] Processed net u_accel/gen_nn_bitshift.u_accel/q_accum/timestep_counter_reg[0]_rep__3_0. Replicated 3 times.
INFO: [Physopt 32-81] Processed net u_accel/gen_nn_bitshift.u_accel/q_accum/timestep_counter_reg[1]_rep__19_0. Replicated 3 times.
INFO: [Physopt 32-81] Processed net u_accel/gen_nn_bitshift.u_accel/q_accum/timestep_counter_reg[4]_0[2]_repN_7. Replicated 4 times.
INFO: [Physopt 32-572] Net u_accel/gen_nn_bitshift.u_accel/q_accum/timestep_counter_reg[1]_rep__28_0 was not replicated.
Resolution: phys_opt_design can be forced to replicate a net driver using the option -force_replication_on_nets <list of net objects>.
INFO: [Physopt 32-81] Processed net u_accel/gen_nn_bitshift.u_accel/q_accum/timestep_counter_reg[1]_rep__27_0. Replicated 3 times.
INFO: [Physopt 32-81] Processed net u_accel/gen_nn_bitshift.u_accel/q_accum/timestep_counter_reg[1]_rep__11_0. Replicated 4 times.
INFO: [Physopt 32-572] Net u_accel/gen_nn_bitshift.u_accel/q_accum/timestep_counter_reg[1]_rep__24_0 was not replicated.
Resolution: phys_opt_design can be forced to replicate a net driver using the option -force_replication_on_nets <list of net objects>.
INFO: [Physopt 32-81] Processed net u_accel/gen_nn_bitshift.u_accel/q_accum/timestep_counter_reg[0]_rep__28_0. Replicated 2 times.
INFO: [Physopt 32-81] Processed net u_accel/gen_nn_bitshift.u_accel/q_accum/timestep_counter_reg[0]_rep__13_0. Replicated 2 times.
INFO: [Physopt 32-572] Net u_accel/gen_nn_bitshift.u_accel/q_accum/timestep_counter_reg[0]_rep__23_0 was not replicated.
Resolution: phys_opt_design can be forced to replicate a net driver using the option -force_replication_on_nets <list of net objects>.
INFO: [Physopt 32-81] Processed net u_accel/gen_nn_bitshift.u_accel/q_accum/timestep_counter_reg[1]_rep__17_0. Replicated 2 times.
INFO: [Physopt 32-81] Processed net u_accel/gen_nn_bitshift.u_accel/q_accum/timestep_counter_reg[0]_rep__17_0. Replicated 3 times.
INFO: [Physopt 32-81] Processed net u_accel/gen_nn_bitshift.u_accel/q_accum/timestep_counter_reg[0]_rep__1_0. Replicated 3 times.
INFO: [Physopt 32-81] Processed net u_accel/gen_nn_bitshift.u_accel/q_accum/timestep_counter_reg[0]_rep__5_0. Replicated 2 times.
INFO: [Physopt 32-81] Processed net u_accel/gen_nn_bitshift.u_accel/q_accum/timestep_counter_reg[1]_rep__25_0. Replicated 4 times.
INFO: [Physopt 32-81] Processed net u_accel/gen_nn_bitshift.u_accel/q_accum/timestep_counter_reg[1]_rep__3_0. Replicated 5 times.
INFO: [Physopt 32-81] Processed net u_accel/gen_nn_bitshift.u_accel/q_accum/timestep_counter_reg[1]_rep__23_0. Replicated 2 times.
INFO: [Physopt 32-81] Processed net u_accel/gen_nn_bitshift.u_accel/g2_b4_n_0. Replicated 2 times.
INFO: [Physopt 32-572] Net u_accel/gen_nn_bitshift.u_accel/q_accum/timestep_counter_reg[0]_rep__22_0 was not replicated.
Resolution: phys_opt_design can be forced to replicate a net driver using the option -force_replication_on_nets <list of net objects>.
INFO: [Physopt 32-572] Net u_accel/gen_nn_bitshift.u_accel/q_accum/timestep_counter_reg[1]_rep__13_0 was not replicated.
Resolution: phys_opt_design can be forced to replicate a net driver using the option -force_replication_on_nets <list of net objects>.
INFO: [Physopt 32-232] Optimized 43 nets. Created 172 new instances.
INFO: [Physopt 32-775] End 1 Pass. Optimized 43 nets or cells. Created 172 new cells, deleted 0 existing cell and moved 0 existing cell
INFO: [Physopt 32-619] Estimated Timing Summary | WNS=-0.622 | TNS=-67.905 |
Netlist sorting complete. Time (s): cpu = 00:00:00.07 ; elapsed = 00:00:00.06 . Memory (MB): peak = 3454.492 ; gain = 0.000 ; free physical = 5402 ; free virtual = 8231
Phase 3 Fanout Optimization | Checksum: 1950f17d7

Time (s): cpu = 00:01:27 ; elapsed = 00:00:45 . Memory (MB): peak = 3454.492 ; gain = 6.164 ; free physical = 5402 ; free virtual = 8231

Phase 4 Single Cell Placement Optimization
INFO: [Physopt 32-660] Identified 250 candidate nets for placement-based optimization.
INFO: [Physopt 32-662] Processed net u_accel/gen_nn_bitshift.u_accel/q_accum/membrane_in[23].  Did not re-place instance u_accel/gen_nn_bitshift.u_accel/q_accum/p_0_out_i_2
INFO: [Physopt 32-662] Processed net u_accel/gen_nn_bitshift.u_accel/gen_hl2[0].membrane_buf/membrane_storage_reg[13]_822[23].  Did not re-place instance u_accel/gen_nn_bitshift.u_accel/gen_hl2[0].membrane_buf/membrane_storage_reg[13][23]
INFO: [Physopt 32-662] Processed net u_accel/gen_nn_bitshift.u_accel/gen_hl2[0].membrane_buf/membrane_to_q[0]_829[23].  Did not re-place instance u_accel/gen_nn_bitshift.u_accel/gen_hl2[0].membrane_buf/p_0_out_i_1366
INFO: [Physopt 32-662] Processed net u_accel/gen_nn_bitshift.u_accel/gen_hl2[0].membrane_buf/p_0_out_i_5109_n_0.  Did not re-place instance u_accel/gen_nn_bitshift.u_accel/gen_hl2[0].membrane_buf/p_0_out_i_5109
INFO: [Physopt 32-662] Processed net u_accel/gen_nn_bitshift.u_accel/gen_hl2[1].membrane_buf/timestep_counter_reg[4].  Did not re-place instance u_accel/gen_nn_bitshift.u_accel/gen_hl2[1].membrane_buf/p_0_out_i_466
INFO: [Physopt 32-662] Processed net u_accel/gen_nn_bitshift.u_accel/q_accum/p_0_out_i_29_n_0.  Did not re-place instance u_accel/gen_nn_bitshift.u_accel/q_accum/p_0_out_i_29
INFO: [Physopt 32-663] Processed net u_accel/gen_nn_bitshift.u_accel/q_accum/membrane_in[18].  Re-placed instance u_accel/gen_nn_bitshift.u_accel/q_accum/p_0_out_i_7
INFO: [Physopt 32-662] Processed net u_accel/gen_nn_bitshift.u_accel/gen_hl2[11].membrane_buf/batch_counter_reg[0]_4.  Did not re-place instance u_accel/gen_nn_bitshift.u_accel/gen_hl2[11].membrane_buf/p_0_out_i_635
INFO: [Physopt 32-663] Processed net u_accel/gen_nn_bitshift.u_accel/gen_hl2[11].membrane_buf/membrane_storage_reg[8]_736[18].  Re-placed instance u_accel/gen_nn_bitshift.u_accel/gen_hl2[11].membrane_buf/membrane_storage_reg[8][18]
INFO: [Physopt 32-662] Processed net u_accel/gen_nn_bitshift.u_accel/gen_hl2[11].membrane_buf/membrane_to_q[11]_748[18].  Did not re-place instance u_accel/gen_nn_bitshift.u_accel/gen_hl2[11].membrane_buf/p_0_out_i_1720
INFO: [Physopt 32-662] Processed net u_accel/gen_nn_bitshift.u_accel/gen_hl2[11].membrane_buf/p_0_out_i_5432_n_0.  Did not re-place instance u_accel/gen_nn_bitshift.u_accel/gen_hl2[11].membrane_buf/p_0_out_i_5432
INFO: [Physopt 32-662] Processed net u_accel/gen_nn_bitshift.u_accel/q_accum/p_0_out_i_49_n_0.  Did not re-place instance u_accel/gen_nn_bitshift.u_accel/q_accum/p_0_out_i_49
INFO: [Physopt 32-663] Processed net u_accel/gen_nn_bitshift.u_accel/q_accum/membrane_in[21].  Re-placed instance u_accel/gen_nn_bitshift.u_accel/q_accum/p_0_out_i_4
INFO: [Physopt 32-662] Processed net u_accel/gen_nn_bitshift.u_accel/gen_hl2[11].membrane_buf/batch_counter_reg[0]_1.  Did not re-place instance u_accel/gen_nn_bitshift.u_accel/gen_hl2[11].membrane_buf/p_0_out_i_537
INFO: [Physopt 32-663] Processed net u_accel/gen_nn_bitshift.u_accel/gen_hl2[11].membrane_buf/membrane_storage_reg[13]_741[21].  Re-placed instance u_accel/gen_nn_bitshift.u_accel/gen_hl2[11].membrane_buf/membrane_storage_reg[13][21]
INFO: [Physopt 32-662] Processed net u_accel/gen_nn_bitshift.u_accel/gen_hl2[11].membrane_buf/membrane_to_q[11]_748[21].  Did not re-place instance u_accel/gen_nn_bitshift.u_accel/gen_hl2[11].membrane_buf/p_0_out_i_1502
INFO: [Physopt 32-662] Processed net u_accel/gen_nn_bitshift.u_accel/gen_hl2[11].membrane_buf/p_0_out_i_5225_n_0.  Did not re-place instance u_accel/gen_nn_bitshift.u_accel/gen_hl2[11].membrane_buf/p_0_out_i_5225
INFO: [Physopt 32-662] Processed net u_accel/gen_nn_bitshift.u_accel/q_accum/p_0_out_i_37_n_0.  Did not re-place instance u_accel/gen_nn_bitshift.u_accel/q_accum/p_0_out_i_37
INFO: [Physopt 32-662] Processed net u_accel/gen_nn_bitshift.u_accel/q_accum/membrane_in[7].  Did not re-place instance u_accel/gen_nn_bitshift.u_accel/q_accum/p_0_out_i_18
INFO: [Physopt 32-663] Processed net u_accel/gen_nn_bitshift.u_accel/gen_hl2[4].membrane_buf/membrane_storage_reg[13]_1295[7].  Re-placed instance u_accel/gen_nn_bitshift.u_accel/gen_hl2[4].membrane_buf/membrane_storage_reg[13][7]
INFO: [Physopt 32-663] Processed net u_accel/gen_nn_bitshift.u_accel/gen_hl2[4].membrane_buf/membrane_to_q[4]_1302[7].  Re-placed instance u_accel/gen_nn_bitshift.u_accel/gen_hl2[4].membrane_buf/p_0_out_i_1041
INFO: [Physopt 32-662] Processed net u_accel/gen_nn_bitshift.u_accel/gen_hl2[4].membrane_buf/p_0_out_i_4467_n_0.  Did not re-place instance u_accel/gen_nn_bitshift.u_accel/gen_hl2[4].membrane_buf/p_0_out_i_4467
INFO: [Physopt 32-663] Processed net u_accel/gen_nn_bitshift.u_accel/q_accum/p_0_out_i_338_n_0.  Re-placed instance u_accel/gen_nn_bitshift.u_accel/q_accum/p_0_out_i_338
INFO: [Physopt 32-662] Processed net u_accel/gen_nn_bitshift.u_accel/q_accum/p_0_out_i_93_n_0.  Did not re-place instance u_accel/gen_nn_bitshift.u_accel/q_accum/p_0_out_i_93
INFO: [Physopt 32-662] Processed net u_accel/gen_nn_bitshift.u_accel/q_accum/membrane_in[4].  Did not re-place instance u_accel/gen_nn_bitshift.u_accel/q_accum/p_0_out_i_21
INFO: [Physopt 32-663] Processed net u_accel/gen_nn_bitshift.u_accel/gen_hl2[25].membrane_buf/membrane_storage_reg[8]_1029[4].  Re-placed instance u_accel/gen_nn_bitshift.u_accel/gen_hl2[25].membrane_buf/membrane_storage_reg[8][4]
INFO: [Physopt 32-662] Processed net u_accel/gen_nn_bitshift.u_accel/gen_hl2[25].membrane_buf/p_0_out_i_2743_n_0.  Did not re-place instance u_accel/gen_nn_bitshift.u_accel/gen_hl2[25].membrane_buf/p_0_out_i_2743
INFO: [Physopt 32-663] Processed net u_accel/gen_nn_bitshift.u_accel/q_accum/p_0_out_i_103_n_0.  Re-placed instance u_accel/gen_nn_bitshift.u_accel/q_accum/p_0_out_i_103
INFO: [Physopt 32-663] Processed net u_accel/gen_nn_bitshift.u_accel/q_accum/p_0_out_i_369_n_0.  Re-placed instance u_accel/gen_nn_bitshift.u_accel/q_accum/p_0_out_i_369
INFO: [Physopt 32-662] Processed net u_accel/gen_nn_bitshift.u_accel/gen_hl2[11].membrane_buf/batch_counter_reg[0].  Did not re-place instance u_accel/gen_nn_bitshift.u_accel/gen_hl2[11].membrane_buf/p_0_out_i_461
INFO: [Physopt 32-663] Processed net u_accel/gen_nn_bitshift.u_accel/gen_hl2[11].membrane_buf/membrane_storage_reg[4]_732[23].  Re-placed instance u_accel/gen_nn_bitshift.u_accel/gen_hl2[11].membrane_buf/membrane_storage_reg[4][23]
INFO: [Physopt 32-662] Processed net u_accel/gen_nn_bitshift.u_accel/gen_hl2[11].membrane_buf/membrane_to_q[11]_748[23].  Did not re-place instance u_accel/gen_nn_bitshift.u_accel/gen_hl2[11].membrane_buf/p_0_out_i_1350
INFO: [Physopt 32-662] Processed net u_accel/gen_nn_bitshift.u_accel/gen_hl2[11].membrane_buf/p_0_out_i_5099_n_0.  Did not re-place instance u_accel/gen_nn_bitshift.u_accel/gen_hl2[11].membrane_buf/p_0_out_i_5099
INFO: [Physopt 32-662] Processed net u_accel/gen_nn_bitshift.u_accel/q_accum/membrane_in[3].  Did not re-place instance u_accel/gen_nn_bitshift.u_accel/q_accum/p_0_out_i_22
INFO: [Physopt 32-663] Processed net u_accel/gen_nn_bitshift.u_accel/gen_hl2[11].membrane_buf/membrane_storage_reg[9]_737[18].  Re-placed instance u_accel/gen_nn_bitshift.u_accel/gen_hl2[11].membrane_buf/membrane_storage_reg[9][18]
INFO: [Physopt 32-662] Processed net u_accel/gen_nn_bitshift.u_accel/gen_hl2[9].membrane_buf/membrane_storage_reg[11]_793[3].  Did not re-place instance u_accel/gen_nn_bitshift.u_accel/gen_hl2[9].membrane_buf/membrane_storage_reg[11][3]
INFO: [Physopt 32-662] Processed net u_accel/gen_nn_bitshift.u_accel/gen_hl2[9].membrane_buf/membrane_to_q[9]_802[3].  Did not re-place instance u_accel/gen_nn_bitshift.u_accel/gen_hl2[9].membrane_buf/p_0_out_i_2842
INFO: [Physopt 32-662] Processed net u_accel/gen_nn_bitshift.u_accel/gen_hl2[9].membrane_buf/p_0_out_i_6408_n_0.  Did not re-place instance u_accel/gen_nn_bitshift.u_accel/gen_hl2[9].membrane_buf/p_0_out_i_6408
INFO: [Physopt 32-662] Processed net u_accel/gen_nn_bitshift.u_accel/q_accum/p_0_out_i_109_n_0.  Did not re-place instance u_accel/gen_nn_bitshift.u_accel/q_accum/p_0_out_i_109
INFO: [Physopt 32-662] Processed net u_accel/gen_nn_bitshift.u_accel/q_accum/p_0_out_i_1180_n_0.  Did not re-place instance u_accel/gen_nn_bitshift.u_accel/q_accum/p_0_out_i_1180
INFO: [Physopt 32-662] Processed net u_accel/gen_nn_bitshift.u_accel/gen_hl2[10].membrane_buf/membrane_storage_reg[9]_764[21].  Did not re-place instance u_accel/gen_nn_bitshift.u_accel/gen_hl2[10].membrane_buf/membrane_storage_reg[9][21]
INFO: [Physopt 32-662] Processed net u_accel/gen_nn_bitshift.u_accel/gen_hl2[10].membrane_buf/membrane_to_q[10]_775[21].  Did not re-place instance u_accel/gen_nn_bitshift.u_accel/gen_hl2[10].membrane_buf/p_0_out_i_1503
INFO: [Physopt 32-662] Processed net u_accel/gen_nn_bitshift.u_accel/gen_hl2[10].membrane_buf/p_0_out_i_5228_n_0.  Did not re-place instance u_accel/gen_nn_bitshift.u_accel/gen_hl2[10].membrane_buf/p_0_out_i_5228
INFO: [Physopt 32-663] Processed net u_accel/gen_nn_bitshift.u_accel/q_accum/membrane_in[17].  Re-placed instance u_accel/gen_nn_bitshift.u_accel/q_accum/p_0_out_i_8
INFO: [Physopt 32-662] Processed net u_accel/gen_nn_bitshift.u_accel/gen_hl2[11].membrane_buf/batch_counter_reg[0]_5.  Did not re-place instance u_accel/gen_nn_bitshift.u_accel/gen_hl2[11].membrane_buf/p_0_out_i_673
INFO: [Physopt 32-663] Processed net u_accel/gen_nn_bitshift.u_accel/gen_hl2[11].membrane_buf/membrane_storage_reg[4]_732[17].  Re-placed instance u_accel/gen_nn_bitshift.u_accel/gen_hl2[11].membrane_buf/membrane_storage_reg[4][17]
INFO: [Physopt 32-662] Processed net u_accel/gen_nn_bitshift.u_accel/gen_hl2[11].membrane_buf/membrane_to_q[11]_748[17].  Did not re-place instance u_accel/gen_nn_bitshift.u_accel/gen_hl2[11].membrane_buf/p_0_out_i_1796
INFO: [Physopt 32-662] Processed net u_accel/gen_nn_bitshift.u_accel/gen_hl2[11].membrane_buf/p_0_out_i_5499_n_0.  Did not re-place instance u_accel/gen_nn_bitshift.u_accel/gen_hl2[11].membrane_buf/p_0_out_i_5499
INFO: [Physopt 32-662] Processed net u_accel/gen_nn_bitshift.u_accel/q_accum/p_0_out_i_53_n_0.  Did not re-place instance u_accel/gen_nn_bitshift.u_accel/q_accum/p_0_out_i_53
INFO: [Physopt 32-662] Processed net u_accel/gen_nn_bitshift.u_accel/q_accum/membrane_in[22].  Did not re-place instance u_accel/gen_nn_bitshift.u_accel/q_accum/p_0_out_i_3
INFO: [Physopt 32-663] Processed net u_accel/gen_nn_bitshift.u_accel/gen_hl2[3].membrane_buf/membrane_storage_reg[4]_1307[22].  Re-placed instance u_accel/gen_nn_bitshift.u_accel/gen_hl2[3].membrane_buf/membrane_storage_reg[4][22]
INFO: [Physopt 32-663] Processed net u_accel/gen_nn_bitshift.u_accel/gen_hl2[3].membrane_buf/membrane_to_q[3]_1323[22].  Re-placed instance u_accel/gen_nn_bitshift.u_accel/gen_hl2[3].membrane_buf/p_0_out_i_1443
INFO: [Physopt 32-662] Processed net u_accel/gen_nn_bitshift.u_accel/gen_hl2[3].membrane_buf/p_0_out_i_5179_n_0.  Did not re-place instance u_accel/gen_nn_bitshift.u_accel/gen_hl2[3].membrane_buf/p_0_out_i_5179
INFO: [Physopt 32-662] Processed net u_accel/gen_nn_bitshift.u_accel/q_accum/p_0_out_i_33_n_0.  Did not re-place instance u_accel/gen_nn_bitshift.u_accel/q_accum/p_0_out_i_33
INFO: [Physopt 32-662] Processed net u_accel/gen_nn_bitshift.u_accel/q_accum/p_0_out_i_505_n_0.  Did not re-place instance u_accel/gen_nn_bitshift.u_accel/q_accum/p_0_out_i_505
INFO: [Physopt 32-662] Processed net u_accel/gen_nn_bitshift.u_accel/q_accum/membrane_in[12].  Did not re-place instance u_accel/gen_nn_bitshift.u_accel/q_accum/p_0_out_i_13
INFO: [Physopt 32-663] Processed net u_accel/gen_nn_bitshift.u_accel/gen_hl2[26].membrane_buf/membrane_storage_reg[13]_1205[12].  Re-placed instance u_accel/gen_nn_bitshift.u_accel/gen_hl2[26].membrane_buf/membrane_storage_reg[13][12]
INFO: [Physopt 32-662] Processed net u_accel/gen_nn_bitshift.u_accel/gen_hl2[26].membrane_buf/p_0_out_i_2155_n_0.  Did not re-place instance u_accel/gen_nn_bitshift.u_accel/gen_hl2[26].membrane_buf/p_0_out_i_2155
INFO: [Physopt 32-663] Processed net u_accel/gen_nn_bitshift.u_accel/q_accum/p_0_out_i_269_n_0.  Re-placed instance u_accel/gen_nn_bitshift.u_accel/q_accum/p_0_out_i_269
INFO: [Physopt 32-663] Processed net u_accel/gen_nn_bitshift.u_accel/q_accum/p_0_out_i_71_n_0.  Re-placed instance u_accel/gen_nn_bitshift.u_accel/q_accum/p_0_out_i_71
INFO: [Physopt 32-662] Processed net u_accel/gen_nn_bitshift.u_accel/gen_hl2[10].membrane_buf/membrane_storage_reg[1]_756[17].  Did not re-place instance u_accel/gen_nn_bitshift.u_accel/gen_hl2[10].membrane_buf/membrane_storage_reg[1][17]
INFO: [Physopt 32-662] Processed net u_accel/gen_nn_bitshift.u_accel/gen_hl2[10].membrane_buf/membrane_to_q[10]_775[17].  Did not re-place instance u_accel/gen_nn_bitshift.u_accel/gen_hl2[10].membrane_buf/p_0_out_i_1797
INFO: [Physopt 32-662] Processed net u_accel/gen_nn_bitshift.u_accel/gen_hl2[10].membrane_buf/p_0_out_i_5502_n_0.  Did not re-place instance u_accel/gen_nn_bitshift.u_accel/gen_hl2[10].membrane_buf/p_0_out_i_5502
INFO: [Physopt 32-662] Processed net u_accel/gen_nn_bitshift.u_accel/gen_hl2[0].membrane_buf/membrane_storage_reg[9]_818[23].  Did not re-place instance u_accel/gen_nn_bitshift.u_accel/gen_hl2[0].membrane_buf/membrane_storage_reg[9][23]
INFO: [Physopt 32-662] Processed net u_accel/gen_nn_bitshift.u_accel/gen_hl2[0].membrane_buf/p_0_out_i_5108_n_0.  Did not re-place instance u_accel/gen_nn_bitshift.u_accel/gen_hl2[0].membrane_buf/p_0_out_i_5108
INFO: [Physopt 32-662] Processed net u_accel/gen_nn_bitshift.u_accel/gen_hl2[23].membrane_buf/batch_counter_reg[0]_rep__1_15.  Did not re-place instance u_accel/gen_nn_bitshift.u_accel/gen_hl2[23].membrane_buf/p_0_out_i_1017
INFO: [Physopt 32-663] Processed net u_accel/gen_nn_bitshift.u_accel/gen_hl2[23].membrane_buf/membrane_storage_reg[5]_1046[7].  Re-placed instance u_accel/gen_nn_bitshift.u_accel/gen_hl2[23].membrane_buf/membrane_storage_reg[5][7]
INFO: [Physopt 32-662] Processed net u_accel/gen_nn_bitshift.u_accel/gen_hl2[23].membrane_buf/p_0_out_i_6113_n_0.  Did not re-place instance u_accel/gen_nn_bitshift.u_accel/gen_hl2[23].membrane_buf/p_0_out_i_6113
INFO: [Physopt 32-662] Processed net u_accel/gen_nn_bitshift.u_accel/q_accum/p_0_out_i_329_n_0.  Did not re-place instance u_accel/gen_nn_bitshift.u_accel/q_accum/p_0_out_i_329
INFO: [Physopt 32-662] Processed net u_accel/gen_nn_bitshift.u_accel/gen_hl2[9].membrane_buf/membrane_storage_reg[3]_785[17].  Did not re-place instance u_accel/gen_nn_bitshift.u_accel/gen_hl2[9].membrane_buf/membrane_storage_reg[3][17]
INFO: [Physopt 32-662] Processed net u_accel/gen_nn_bitshift.u_accel/gen_hl2[9].membrane_buf/membrane_to_q[9]_802[17].  Did not re-place instance u_accel/gen_nn_bitshift.u_accel/gen_hl2[9].membrane_buf/p_0_out_i_1793
INFO: [Physopt 32-662] Processed net u_accel/gen_nn_bitshift.u_accel/gen_hl2[9].membrane_buf/p_0_out_i_5490_n_0.  Did not re-place instance u_accel/gen_nn_bitshift.u_accel/gen_hl2[9].membrane_buf/p_0_out_i_5490
INFO: [Physopt 32-662] Processed net u_accel/gen_nn_bitshift.u_accel/q_accum/p_0_out_i_672_n_0.  Did not re-place instance u_accel/gen_nn_bitshift.u_accel/q_accum/p_0_out_i_672
INFO: [Physopt 32-663] Processed net u_accel/gen_nn_bitshift.u_accel/gen_hl2[11].membrane_buf/membrane_storage_reg[12]_740[18].  Re-placed instance u_accel/gen_nn_bitshift.u_accel/gen_hl2[11].membrane_buf/membrane_storage_reg[12][18]
INFO: [Physopt 32-662] Processed net u_accel/gen_nn_bitshift.u_accel/gen_hl2[11].membrane_buf/p_0_out_i_5433_n_0.  Did not re-place instance u_accel/gen_nn_bitshift.u_accel/gen_hl2[11].membrane_buf/p_0_out_i_5433
INFO: [Physopt 32-662] Processed net u_accel/gen_nn_bitshift.u_accel/q_accum/membrane_in[19].  Did not re-place instance u_accel/gen_nn_bitshift.u_accel/q_accum/p_0_out_i_6
INFO: [Physopt 32-663] Processed net u_accel/gen_nn_bitshift.u_accel/gen_hl2[26].membrane_buf/membrane_storage_reg[0]_1192[19].  Re-placed instance u_accel/gen_nn_bitshift.u_accel/gen_hl2[26].membrane_buf/membrane_storage_reg[0][19]
INFO: [Physopt 32-662] Processed net u_accel/gen_nn_bitshift.u_accel/gen_hl2[26].membrane_buf/p_0_out_i_5332_n_0.  Did not re-place instance u_accel/gen_nn_bitshift.u_accel/gen_hl2[26].membrane_buf/p_0_out_i_5332
INFO: [Physopt 32-662] Processed net u_accel/gen_nn_bitshift.u_accel/gen_hl2[27].membrane_buf/batch_counter_reg[0]_rep__0.  Did not re-place instance u_accel/gen_nn_bitshift.u_accel/gen_hl2[27].membrane_buf/p_0_out_i_591
INFO: [Physopt 32-662] Processed net u_accel/gen_nn_bitshift.u_accel/gen_hl2[9].membrane_buf/membrane_storage_reg[0]_782[17].  Did not re-place instance u_accel/gen_nn_bitshift.u_accel/gen_hl2[9].membrane_buf/membrane_storage_reg[0][17]
INFO: [Physopt 32-662] Processed net u_accel/gen_nn_bitshift.u_accel/q_accum/p_0_out_i_43_n_0.  Did not re-place instance u_accel/gen_nn_bitshift.u_accel/q_accum/p_0_out_i_43
INFO: [Physopt 32-662] Processed net u_accel/gen_nn_bitshift.u_accel/gen_hl2[26].membrane_buf/membrane_storage_reg[15]_1207[23].  Did not re-place instance u_accel/gen_nn_bitshift.u_accel/gen_hl2[26].membrane_buf/membrane_storage_reg[15][23]
INFO: [Physopt 32-662] Processed net u_accel/gen_nn_bitshift.u_accel/gen_hl2[26].membrane_buf/p_0_out_i_1329_n_0.  Did not re-place instance u_accel/gen_nn_bitshift.u_accel/gen_hl2[26].membrane_buf/p_0_out_i_1329
INFO: [Physopt 32-662] Processed net u_accel/gen_nn_bitshift.u_accel/q_accum/p_0_out_i_127_n_0.  Did not re-place instance u_accel/gen_nn_bitshift.u_accel/q_accum/p_0_out_i_127
INFO: [Physopt 32-662] Processed net u_accel/gen_nn_bitshift.u_accel/q_accum/p_0_out_i_27_n_0.  Did not re-place instance u_accel/gen_nn_bitshift.u_accel/q_accum/p_0_out_i_27
INFO: [Physopt 32-663] Processed net u_accel/gen_nn_bitshift.u_accel/gen_hl2[10].membrane_buf/membrane_storage_reg[0]_755[23].  Re-placed instance u_accel/gen_nn_bitshift.u_accel/gen_hl2[10].membrane_buf/membrane_storage_reg[0][23]
INFO: [Physopt 32-662] Processed net u_accel/gen_nn_bitshift.u_accel/gen_hl2[10].membrane_buf/membrane_to_q[10]_775[23].  Did not re-place instance u_accel/gen_nn_bitshift.u_accel/gen_hl2[10].membrane_buf/p_0_out_i_1351
INFO: [Physopt 32-662] Processed net u_accel/gen_nn_bitshift.u_accel/gen_hl2[10].membrane_buf/p_0_out_i_5102_n_0.  Did not re-place instance u_accel/gen_nn_bitshift.u_accel/gen_hl2[10].membrane_buf/p_0_out_i_5102
INFO: [Physopt 32-663] Processed net u_accel/gen_nn_bitshift.u_accel/gen_hl2[10].membrane_buf/membrane_storage_reg[0]_755[21].  Re-placed instance u_accel/gen_nn_bitshift.u_accel/gen_hl2[10].membrane_buf/membrane_storage_reg[0][21]
INFO: [Physopt 32-662] Processed net u_accel/gen_nn_bitshift.u_accel/gen_hl2[10].membrane_buf/p_0_out_i_5230_n_0.  Did not re-place instance u_accel/gen_nn_bitshift.u_accel/gen_hl2[10].membrane_buf/p_0_out_i_5230
INFO: [Physopt 32-662] Processed net u_accel/gen_nn_bitshift.u_accel/q_accum/membrane_in[13].  Did not re-place instance u_accel/gen_nn_bitshift.u_accel/q_accum/p_0_out_i_12
INFO: [Physopt 32-663] Processed net u_accel/gen_nn_bitshift.u_accel/q_accum/membrane_in[9].  Re-placed instance u_accel/gen_nn_bitshift.u_accel/q_accum/p_0_out_i_16
INFO: [Physopt 32-662] Processed net u_accel/gen_nn_bitshift.u_accel/gen_hl2[10].membrane_buf/membrane_storage_reg[5]_760[9].  Did not re-place instance u_accel/gen_nn_bitshift.u_accel/gen_hl2[10].membrane_buf/membrane_storage_reg[5][9]
INFO: [Physopt 32-662] Processed net u_accel/gen_nn_bitshift.u_accel/gen_hl2[10].membrane_buf/membrane_to_q[10]_775[9].  Did not re-place instance u_accel/gen_nn_bitshift.u_accel/gen_hl2[10].membrane_buf/p_0_out_i_2405
INFO: [Physopt 32-662] Processed net u_accel/gen_nn_bitshift.u_accel/gen_hl2[10].membrane_buf/p_0_out_i_6015_n_0.  Did not re-place instance u_accel/gen_nn_bitshift.u_accel/gen_hl2[10].membrane_buf/p_0_out_i_6015
INFO: [Physopt 32-662] Processed net u_accel/gen_nn_bitshift.u_accel/gen_hl2[11].membrane_buf/batch_counter_reg[0]_13.  Did not re-place instance u_accel/gen_nn_bitshift.u_accel/gen_hl2[11].membrane_buf/p_0_out_i_977
INFO: [Physopt 32-662] Processed net u_accel/gen_nn_bitshift.u_accel/gen_hl2[26].membrane_buf/membrane_storage_reg[2]_1194[13].  Did not re-place instance u_accel/gen_nn_bitshift.u_accel/gen_hl2[26].membrane_buf/membrane_storage_reg[2][13]
INFO: [Physopt 32-663] Processed net u_accel/gen_nn_bitshift.u_accel/gen_hl2[26].membrane_buf/membrane_storage_reg[3]_1195[19].  Re-placed instance u_accel/gen_nn_bitshift.u_accel/gen_hl2[26].membrane_buf/membrane_storage_reg[3][19]
INFO: [Physopt 32-662] Processed net u_accel/gen_nn_bitshift.u_accel/gen_hl2[26].membrane_buf/p_0_out_i_2076_n_0.  Did not re-place instance u_accel/gen_nn_bitshift.u_accel/gen_hl2[26].membrane_buf/p_0_out_i_2076
INFO: [Physopt 32-663] Processed net u_accel/gen_nn_bitshift.u_accel/q_accum/p_0_out_i_256_n_0.  Re-placed instance u_accel/gen_nn_bitshift.u_accel/q_accum/p_0_out_i_256
INFO: [Physopt 32-662] Processed net u_accel/gen_nn_bitshift.u_accel/q_accum/p_0_out_i_67_n_0.  Did not re-place instance u_accel/gen_nn_bitshift.u_accel/q_accum/p_0_out_i_67
INFO: [Physopt 32-662] Processed net u_accel/gen_nn_bitshift.u_accel/q_accum/p_0_out_i_85_n_0.  Did not re-place instance u_accel/gen_nn_bitshift.u_accel/q_accum/p_0_out_i_85
INFO: [Physopt 32-663] Processed net u_accel/gen_nn_bitshift.u_accel/q_accum/membrane_in[1].  Re-placed instance u_accel/gen_nn_bitshift.u_accel/q_accum/p_0_out_i_24
INFO: [Physopt 32-663] Processed net u_accel/gen_nn_bitshift.u_accel/gen_hl2[25].membrane_buf/membrane_storage_reg[13]_1034[1].  Re-placed instance u_accel/gen_nn_bitshift.u_accel/gen_hl2[25].membrane_buf/membrane_storage_reg[13][1]
INFO: [Physopt 32-662] Processed net u_accel/gen_nn_bitshift.u_accel/gen_hl2[25].membrane_buf/p_0_out_i_2972_n_0.  Did not re-place instance u_accel/gen_nn_bitshift.u_accel/gen_hl2[25].membrane_buf/p_0_out_i_2972
INFO: [Physopt 32-662] Processed net u_accel/gen_nn_bitshift.u_accel/gen_hl2[6].membrane_buf/membrane_storage_reg[4]_861[23].  Did not re-place instance u_accel/gen_nn_bitshift.u_accel/gen_hl2[6].membrane_buf/membrane_storage_reg[4][23]
INFO: [Physopt 32-662] Processed net u_accel/gen_nn_bitshift.u_accel/gen_hl2[6].membrane_buf/membrane_to_q[6]_877[23].  Did not re-place instance u_accel/gen_nn_bitshift.u_accel/gen_hl2[6].membrane_buf/p_0_out_i_463
INFO: [Physopt 32-662] Processed net u_accel/gen_nn_bitshift.u_accel/gen_hl2[6].membrane_buf/p_0_out_i_3149_n_0.  Did not re-place instance u_accel/gen_nn_bitshift.u_accel/gen_hl2[6].membrane_buf/p_0_out_i_3149
INFO: [Physopt 32-662] Processed net u_accel/gen_nn_bitshift.u_accel/q_accum/p_0_out_i_115_n_0.  Did not re-place instance u_accel/gen_nn_bitshift.u_accel/q_accum/p_0_out_i_115
INFO: [Physopt 32-662] Processed net u_accel/gen_nn_bitshift.u_accel/q_accum/p_0_out_i_133_n_0.  Did not re-place instance u_accel/gen_nn_bitshift.u_accel/q_accum/p_0_out_i_133
INFO: [Physopt 32-663] Processed net u_accel/gen_nn_bitshift.u_accel/q_accum/p_0_out_i_408_n_0.  Re-placed instance u_accel/gen_nn_bitshift.u_accel/q_accum/p_0_out_i_408
INFO: [Physopt 32-663] Processed net u_accel/gen_nn_bitshift.u_accel/gen_hl2[25].membrane_buf/membrane_storage_reg[0]_1021[4].  Re-placed instance u_accel/gen_nn_bitshift.u_accel/gen_hl2[25].membrane_buf/membrane_storage_reg[0][4]
INFO: [Physopt 32-662] Processed net u_accel/gen_nn_bitshift.u_accel/gen_hl2[25].membrane_buf/p_0_out_i_2741_n_0.  Did not re-place instance u_accel/gen_nn_bitshift.u_accel/gen_hl2[25].membrane_buf/p_0_out_i_2741
INFO: [Physopt 32-662] Processed net u_accel/gen_nn_bitshift.u_accel/gen_hl2[11].membrane_buf/membrane_storage_reg[13]_741[18].  Did not re-place instance u_accel/gen_nn_bitshift.u_accel/gen_hl2[11].membrane_buf/membrane_storage_reg[13][18]
INFO: [Physopt 32-663] Processed net u_accel/gen_nn_bitshift.u_accel/gen_hl2[1].membrane_buf/membrane_storage_reg[13]_1112[23].  Re-placed instance u_accel/gen_nn_bitshift.u_accel/gen_hl2[1].membrane_buf/membrane_storage_reg[13][23]
INFO: [Physopt 32-662] Processed net u_accel/gen_nn_bitshift.u_accel/gen_hl2[1].membrane_buf/p_0_out_i_5107_n_0.  Did not re-place instance u_accel/gen_nn_bitshift.u_accel/gen_hl2[1].membrane_buf/p_0_out_i_5107
INFO: [Physopt 32-663] Processed net u_accel/gen_nn_bitshift.u_accel/gen_hl2[10].membrane_buf/membrane_storage_reg[13]_768[9].  Re-placed instance u_accel/gen_nn_bitshift.u_accel/gen_hl2[10].membrane_buf/membrane_storage_reg[13][9]
INFO: [Physopt 32-662] Processed net u_accel/gen_nn_bitshift.u_accel/gen_hl2[10].membrane_buf/p_0_out_i_6013_n_0.  Did not re-place instance u_accel/gen_nn_bitshift.u_accel/gen_hl2[10].membrane_buf/p_0_out_i_6013
INFO: [Physopt 32-663] Processed net u_accel/gen_nn_bitshift.u_accel/gen_hl2[10].membrane_buf/membrane_storage_reg[13]_768[3].  Re-placed instance u_accel/gen_nn_bitshift.u_accel/gen_hl2[10].membrane_buf/membrane_storage_reg[13][3]
INFO: [Physopt 32-662] Processed net u_accel/gen_nn_bitshift.u_accel/gen_hl2[10].membrane_buf/membrane_to_q[10]_775[3].  Did not re-place instance u_accel/gen_nn_bitshift.u_accel/gen_hl2[10].membrane_buf/p_0_out_i_2846
INFO: [Physopt 32-662] Processed net u_accel/gen_nn_bitshift.u_accel/gen_hl2[10].membrane_buf/p_0_out_i_6421_n_0.  Did not re-place instance u_accel/gen_nn_bitshift.u_accel/gen_hl2[10].membrane_buf/p_0_out_i_6421
INFO: [Physopt 32-662] Processed net u_accel/gen_nn_bitshift.u_accel/gen_hl2[11].membrane_buf/batch_counter_reg[0]_rep__0_3.  Did not re-place instance u_accel/gen_nn_bitshift.u_accel/gen_hl2[11].membrane_buf/p_0_out_i_1181
INFO: [Physopt 32-662] Processed net u_accel/gen_nn_bitshift.u_accel/q_accum/timestep_counter_reg[0]_rep__2_0.  Did not re-place instance u_accel/gen_nn_bitshift.u_accel/q_accum/timestep_counter_reg[0]_rep__2
INFO: [Physopt 32-662] Processed net u_accel/gen_nn_bitshift.u_accel/gen_hl2[13].membrane_buf/batch_counter_reg[0]_rep_4.  Did not re-place instance u_accel/gen_nn_bitshift.u_accel/gen_hl2[13].membrane_buf/p_0_out_i_632
INFO: [Physopt 32-663] Processed net u_accel/gen_nn_bitshift.u_accel/gen_hl2[13].membrane_buf/membrane_to_q[13]_694[18].  Re-placed instance u_accel/gen_nn_bitshift.u_accel/gen_hl2[13].membrane_buf/p_0_out_i_1712
INFO: [Physopt 32-662] Processed net u_accel/gen_nn_bitshift.u_accel/gen_hl2[13].membrane_buf/p_0_out_i_5411_n_0.  Did not re-place instance u_accel/gen_nn_bitshift.u_accel/gen_hl2[13].membrane_buf/p_0_out_i_5411
INFO: [Physopt 32-662] Processed net u_accel/gen_nn_bitshift.u_accel/q_accum/membrane_in[15].  Did not re-place instance u_accel/gen_nn_bitshift.u_accel/q_accum/p_0_out_i_10
INFO: [Physopt 32-663] Processed net u_accel/gen_nn_bitshift.u_accel/gen_hl2[7].membrane_buf/membrane_storage_reg[12]_848[15].  Re-placed instance u_accel/gen_nn_bitshift.u_accel/gen_hl2[7].membrane_buf/membrane_storage_reg[12][15]
INFO: [Physopt 32-663] Processed net u_accel/gen_nn_bitshift.u_accel/gen_hl2[7].membrane_buf/membrane_to_q[7]_856[15].  Re-placed instance u_accel/gen_nn_bitshift.u_accel/gen_hl2[7].membrane_buf/p_0_out_i_750
INFO: [Physopt 32-662] Processed net u_accel/gen_nn_bitshift.u_accel/gen_hl2[7].membrane_buf/p_0_out_i_3799_n_0.  Did not re-place instance u_accel/gen_nn_bitshift.u_accel/gen_hl2[7].membrane_buf/p_0_out_i_3799
INFO: [Physopt 32-663] Processed net u_accel/gen_nn_bitshift.u_accel/q_accum/p_0_out_i_236_n_0.  Re-placed instance u_accel/gen_nn_bitshift.u_accel/q_accum/p_0_out_i_236
INFO: [Physopt 32-662] Processed net u_accel/gen_nn_bitshift.u_accel/q_accum/p_0_out_i_61_n_0.  Did not re-place instance u_accel/gen_nn_bitshift.u_accel/q_accum/p_0_out_i_61
INFO: [Physopt 32-663] Processed net u_accel/gen_nn_bitshift.u_accel/gen_hl2[10].membrane_buf/membrane_storage_reg[12]_767[3].  Re-placed instance u_accel/gen_nn_bitshift.u_accel/gen_hl2[10].membrane_buf/membrane_storage_reg[12][3]
INFO: [Physopt 32-663] Processed net u_accel/gen_nn_bitshift.u_accel/gen_hl2[9].membrane_buf/membrane_storage_reg[7]_789[17].  Re-placed instance u_accel/gen_nn_bitshift.u_accel/gen_hl2[9].membrane_buf/membrane_storage_reg[7][17]
INFO: [Physopt 32-662] Processed net u_accel/gen_nn_bitshift.u_accel/gen_hl2[9].membrane_buf/p_0_out_i_5491_n_0.  Did not re-place instance u_accel/gen_nn_bitshift.u_accel/gen_hl2[9].membrane_buf/p_0_out_i_5491
INFO: [Physopt 32-662] Processed net u_accel/gen_nn_bitshift.u_accel/q_accum/timestep_counter_reg[0]_rep_0.  Did not re-place instance u_accel/gen_nn_bitshift.u_accel/q_accum/timestep_counter_reg[0]_rep
INFO: [Physopt 32-662] Processed net u_accel/gen_nn_bitshift.u_accel/gen_hl2[9].membrane_buf/p_0_out_i_6410_n_0.  Did not re-place instance u_accel/gen_nn_bitshift.u_accel/gen_hl2[9].membrane_buf/p_0_out_i_6410
INFO: [Physopt 32-662] Processed net u_accel/gen_nn_bitshift.u_accel/gen_hl2[0].membrane_buf/membrane_storage_reg[12]_821[13].  Did not re-place instance u_accel/gen_nn_bitshift.u_accel/gen_hl2[0].membrane_buf/membrane_storage_reg[12][13]
INFO: [Physopt 32-662] Processed net u_accel/gen_nn_bitshift.u_accel/gen_hl2[0].membrane_buf/membrane_to_q[0]_829[13].  Did not re-place instance u_accel/gen_nn_bitshift.u_accel/gen_hl2[0].membrane_buf/p_0_out_i_2116
INFO: [Physopt 32-662] Processed net u_accel/gen_nn_bitshift.u_accel/gen_hl2[0].membrane_buf/p_0_out_i_5765_n_0.  Did not re-place instance u_accel/gen_nn_bitshift.u_accel/gen_hl2[0].membrane_buf/p_0_out_i_5765
INFO: [Physopt 32-663] Processed net u_accel/gen_nn_bitshift.u_accel/gen_hl2[1].membrane_buf/membrane_storage_reg[1]_1100[23].  Re-placed instance u_accel/gen_nn_bitshift.u_accel/gen_hl2[1].membrane_buf/membrane_storage_reg[1][23]
INFO: [Physopt 32-662] Processed net u_accel/gen_nn_bitshift.u_accel/gen_hl2[1].membrane_buf/p_0_out_i_5104_n_0.  Did not re-place instance u_accel/gen_nn_bitshift.u_accel/gen_hl2[1].membrane_buf/p_0_out_i_5104
INFO: [Physopt 32-662] Processed net u_accel/gen_nn_bitshift.u_accel/gen_hl2[1].membrane_buf/timestep_counter_reg[4]_9.  Did not re-place instance u_accel/gen_nn_bitshift.u_accel/gen_hl2[1].membrane_buf/p_0_out_i_830
INFO: [Physopt 32-662] Processed net u_accel/gen_nn_bitshift.u_accel/q_accum/p_0_out_i_69_n_0.  Did not re-place instance u_accel/gen_nn_bitshift.u_accel/q_accum/p_0_out_i_69
INFO: [Physopt 32-663] Processed net u_accel/gen_nn_bitshift.u_accel/gen_hl2[7].membrane_buf/membrane_storage_reg[0]_836[18].  Re-placed instance u_accel/gen_nn_bitshift.u_accel/gen_hl2[7].membrane_buf/membrane_storage_reg[0][18]
INFO: [Physopt 32-662] Processed net u_accel/gen_nn_bitshift.u_accel/gen_hl2[7].membrane_buf/membrane_to_q[7]_856[18].  Did not re-place instance u_accel/gen_nn_bitshift.u_accel/gen_hl2[7].membrane_buf/p_0_out_i_636
INFO: [Physopt 32-662] Processed net u_accel/gen_nn_bitshift.u_accel/gen_hl2[7].membrane_buf/p_0_out_i_3560_n_0.  Did not re-place instance u_accel/gen_nn_bitshift.u_accel/gen_hl2[7].membrane_buf/p_0_out_i_3560
INFO: [Physopt 32-662] Processed net u_accel/gen_nn_bitshift.u_accel/gen_hl2[9].membrane_buf/membrane_storage_reg[8]_790[17].  Did not re-place instance u_accel/gen_nn_bitshift.u_accel/gen_hl2[9].membrane_buf/membrane_storage_reg[8][17]
INFO: [Physopt 32-662] Processed net u_accel/gen_nn_bitshift.u_accel/gen_hl2[9].membrane_buf/p_0_out_i_5488_n_0.  Did not re-place instance u_accel/gen_nn_bitshift.u_accel/gen_hl2[9].membrane_buf/p_0_out_i_5488
INFO: [Physopt 32-662] Processed net u_accel/gen_nn_bitshift.u_accel/q_accum/p_0_out_i_197_n_0.  Did not re-place instance u_accel/gen_nn_bitshift.u_accel/q_accum/p_0_out_i_197
INFO: [Physopt 32-663] Processed net u_accel/gen_nn_bitshift.u_accel/gen_hl2[14].membrane_buf/membrane_storage_reg[10]_657[23].  Re-placed instance u_accel/gen_nn_bitshift.u_accel/gen_hl2[14].membrane_buf/membrane_storage_reg[10][23]
INFO: [Physopt 32-663] Processed net u_accel/gen_nn_bitshift.u_accel/gen_hl2[14].membrane_buf/membrane_to_q[14]_667[23].  Re-placed instance u_accel/gen_nn_bitshift.u_accel/gen_hl2[14].membrane_buf/p_0_out_i_1346
INFO: [Physopt 32-662] Processed net u_accel/gen_nn_bitshift.u_accel/gen_hl2[14].membrane_buf/p_0_out_i_5084_n_0.  Did not re-place instance u_accel/gen_nn_bitshift.u_accel/gen_hl2[14].membrane_buf/p_0_out_i_5084
INFO: [Physopt 32-662] Processed net u_accel/gen_nn_bitshift.u_accel/gen_hl2[15].membrane_buf/timestep_counter_reg[4]_22.  Did not re-place instance u_accel/gen_nn_bitshift.u_accel/gen_hl2[15].membrane_buf/p_0_out_i_459
INFO: [Physopt 32-663] Processed net u_accel/gen_nn_bitshift.u_accel/gen_hl2[17].membrane_buf/batch_counter_reg[0]_3.  Re-placed instance u_accel/gen_nn_bitshift.u_accel/gen_hl2[17].membrane_buf/p_0_out_i_1114
INFO: [Physopt 32-662] Processed net u_accel/gen_nn_bitshift.u_accel/gen_hl2[17].membrane_buf/membrane_storage_reg[17]_994[4].  Did not re-place instance u_accel/gen_nn_bitshift.u_accel/gen_hl2[17].membrane_buf/membrane_storage_reg[17][4]
INFO: [Physopt 32-662] Processed net u_accel/gen_nn_bitshift.u_accel/gen_hl2[17].membrane_buf/p_0_out_i_2719_n_0.  Did not re-place instance u_accel/gen_nn_bitshift.u_accel/gen_hl2[17].membrane_buf/p_0_out_i_2719
INFO: [Physopt 32-662] Processed net u_accel/gen_nn_bitshift.u_accel/q_accum/p_0_out_i_365_n_0.  Did not re-place instance u_accel/gen_nn_bitshift.u_accel/q_accum/p_0_out_i_365
INFO: [Physopt 32-662] Processed net u_accel/gen_nn_bitshift.u_accel/gen_hl2[10].membrane_buf/membrane_storage_reg[8]_763[1].  Did not re-place instance u_accel/gen_nn_bitshift.u_accel/gen_hl2[10].membrane_buf/membrane_storage_reg[8][1]
INFO: [Physopt 32-663] Processed net u_accel/gen_nn_bitshift.u_accel/gen_hl2[10].membrane_buf/membrane_to_q[10]_775[1].  Re-placed instance u_accel/gen_nn_bitshift.u_accel/gen_hl2[10].membrane_buf/p_0_out_i_2998
INFO: [Physopt 32-662] Processed net u_accel/gen_nn_bitshift.u_accel/gen_hl2[10].membrane_buf/p_0_out_i_6548_n_0.  Did not re-place instance u_accel/gen_nn_bitshift.u_accel/gen_hl2[10].membrane_buf/p_0_out_i_6548
INFO: [Physopt 32-662] Processed net u_accel/gen_nn_bitshift.u_accel/gen_hl2[11].membrane_buf/batch_counter_reg[0]_rep__0_5.  Did not re-place instance u_accel/gen_nn_bitshift.u_accel/gen_hl2[11].membrane_buf/p_0_out_i_1257
INFO: [Physopt 32-662] Processed net u_accel/gen_nn_bitshift.u_accel/q_accum/p_0_out_i_117_n_0.  Did not re-place instance u_accel/gen_nn_bitshift.u_accel/q_accum/p_0_out_i_117
INFO: [Physopt 32-663] Processed net u_accel/gen_nn_bitshift.u_accel/q_accum/timestep_counter_reg[1]_rep__8_0_repN.  Re-placed instance u_accel/gen_nn_bitshift.u_accel/q_accum/timestep_counter_reg[1]_rep__8_replica
INFO: [Physopt 32-662] Processed net u_accel/gen_nn_bitshift.u_accel/q_accum/membrane_in[0].  Did not re-place instance u_accel/gen_nn_bitshift.u_accel/q_accum/p_0_out_i_25
INFO: [Physopt 32-662] Processed net u_accel/gen_nn_bitshift.u_accel/gen_hl2[10].membrane_buf/membrane_storage_reg[8]_763[21].  Did not re-place instance u_accel/gen_nn_bitshift.u_accel/gen_hl2[10].membrane_buf/membrane_storage_reg[8][21]
INFO: [Physopt 32-663] Processed net u_accel/gen_nn_bitshift.u_accel/gen_hl2[6].membrane_buf/membrane_to_q[6]_877[0].  Re-placed instance u_accel/gen_nn_bitshift.u_accel/gen_hl2[6].membrane_buf/p_0_out_i_1289
INFO: [Physopt 32-662] Processed net u_accel/gen_nn_bitshift.u_accel/gen_hl2[6].membrane_buf/p_0_out_i_5037_n_0.  Did not re-place instance u_accel/gen_nn_bitshift.u_accel/gen_hl2[6].membrane_buf/p_0_out_i_5037
INFO: [Physopt 32-662] Processed net u_accel/gen_nn_bitshift.u_accel/q_accum/p_0_out_i_121_n_0.  Did not re-place instance u_accel/gen_nn_bitshift.u_accel/q_accum/p_0_out_i_121
INFO: [Physopt 32-663] Processed net u_accel/gen_nn_bitshift.u_accel/q_accum/p_0_out_i_427_n_0.  Re-placed instance u_accel/gen_nn_bitshift.u_accel/q_accum/p_0_out_i_427
INFO: [Physopt 32-662] Processed net u_accel/gen_nn_bitshift.u_accel/gen_hl2[9].membrane_buf/membrane_storage_reg[4]_786[17].  Did not re-place instance u_accel/gen_nn_bitshift.u_accel/gen_hl2[9].membrane_buf/membrane_storage_reg[4][17]
INFO: [Physopt 32-662] Processed net u_accel/gen_nn_bitshift.u_accel/gen_hl2[13].membrane_buf/batch_counter_reg[0]_3.  Did not re-place instance u_accel/gen_nn_bitshift.u_accel/gen_hl2[13].membrane_buf/p_0_out_i_822
INFO: [Physopt 32-663] Processed net u_accel/gen_nn_bitshift.u_accel/gen_hl2[13].membrane_buf/membrane_to_q[13]_694[13].  Re-placed instance u_accel/gen_nn_bitshift.u_accel/gen_hl2[13].membrane_buf/p_0_out_i_2092
INFO: [Physopt 32-662] Processed net u_accel/gen_nn_bitshift.u_accel/gen_hl2[13].membrane_buf/p_0_out_i_5729_n_0.  Did not re-place instance u_accel/gen_nn_bitshift.u_accel/gen_hl2[13].membrane_buf/p_0_out_i_5729
INFO: [Physopt 32-662] Processed net u_accel/gen_nn_bitshift.u_accel/q_accum/timestep_counter_reg[0]_rep__0_0.  Did not re-place instance u_accel/gen_nn_bitshift.u_accel/q_accum/timestep_counter_reg[0]_rep__0
INFO: [Physopt 32-663] Processed net u_accel/gen_nn_bitshift.u_accel/gen_hl2[10].membrane_buf/membrane_storage_reg[13]_768[23].  Re-placed instance u_accel/gen_nn_bitshift.u_accel/gen_hl2[10].membrane_buf/membrane_storage_reg[13][23]
INFO: [Physopt 32-662] Processed net u_accel/gen_nn_bitshift.u_accel/gen_hl2[10].membrane_buf/p_0_out_i_5101_n_0.  Did not re-place instance u_accel/gen_nn_bitshift.u_accel/gen_hl2[10].membrane_buf/p_0_out_i_5101
INFO: [Physopt 32-662] Processed net u_accel/gen_nn_bitshift.u_accel/gen_hl2[10].membrane_buf/p_0_out_i_6422_n_0.  Did not re-place instance u_accel/gen_nn_bitshift.u_accel/gen_hl2[10].membrane_buf/p_0_out_i_6422
INFO: [Physopt 32-662] Processed net u_accel/gen_nn_bitshift.u_accel/gen_hl2[10].membrane_buf/p_0_out_i_6423_n_0.  Did not re-place instance u_accel/gen_nn_bitshift.u_accel/gen_hl2[10].membrane_buf/p_0_out_i_6423
INFO: [Physopt 32-663] Processed net u_accel/gen_nn_bitshift.u_accel/gen_hl2[6].membrane_buf/membrane_storage_reg[9]_866[23].  Re-placed instance u_accel/gen_nn_bitshift.u_accel/gen_hl2[6].membrane_buf/membrane_storage_reg[9][23]
INFO: [Physopt 32-662] Processed net u_accel/gen_nn_bitshift.u_accel/gen_hl2[6].membrane_buf/p_0_out_i_3146_n_0.  Did not re-place instance u_accel/gen_nn_bitshift.u_accel/gen_hl2[6].membrane_buf/p_0_out_i_3146
INFO: [Physopt 32-662] Processed net u_accel/gen_nn_bitshift.u_accel/q_accum/membrane_in[8].  Did not re-place instance u_accel/gen_nn_bitshift.u_accel/q_accum/p_0_out_i_17
INFO: [Physopt 32-662] Processed net u_accel/gen_nn_bitshift.u_accel/gen_hl2[10].membrane_buf/membrane_storage_reg[8]_763[4].  Did not re-place instance u_accel/gen_nn_bitshift.u_accel/gen_hl2[10].membrane_buf/membrane_storage_reg[8][4]
INFO: [Physopt 32-663] Processed net u_accel/gen_nn_bitshift.u_accel/gen_hl2[10].membrane_buf/membrane_to_q[10]_775[4].  Re-placed instance u_accel/gen_nn_bitshift.u_accel/gen_hl2[10].membrane_buf/p_0_out_i_2770
INFO: [Physopt 32-662] Processed net u_accel/gen_nn_bitshift.u_accel/gen_hl2[10].membrane_buf/p_0_out_i_6356_n_0.  Did not re-place instance u_accel/gen_nn_bitshift.u_accel/gen_hl2[10].membrane_buf/p_0_out_i_6356
INFO: [Physopt 32-662] Processed net u_accel/gen_nn_bitshift.u_accel/gen_hl2[11].membrane_buf/batch_counter_reg[0]_rep__0_2.  Did not re-place instance u_accel/gen_nn_bitshift.u_accel/gen_hl2[11].membrane_buf/p_0_out_i_1143
INFO: [Physopt 32-663] Processed net u_accel/gen_nn_bitshift.u_accel/gen_hl2[25].membrane_buf/membrane_storage_reg[8]_1029[8].  Re-placed instance u_accel/gen_nn_bitshift.u_accel/gen_hl2[25].membrane_buf/membrane_storage_reg[8][8]
INFO: [Physopt 32-662] Processed net u_accel/gen_nn_bitshift.u_accel/gen_hl2[25].membrane_buf/p_0_out_i_4330_n_0.  Did not re-place instance u_accel/gen_nn_bitshift.u_accel/gen_hl2[25].membrane_buf/p_0_out_i_4330
INFO: [Physopt 32-662] Processed net u_accel/gen_nn_bitshift.u_accel/q_accum/p_0_out_i_105_n_0.  Did not re-place instance u_accel/gen_nn_bitshift.u_accel/q_accum/p_0_out_i_105
INFO: [Physopt 32-662] Processed net u_accel/gen_nn_bitshift.u_accel/q_accum/p_0_out_i_87_n_0.  Did not re-place instance u_accel/gen_nn_bitshift.u_accel/q_accum/p_0_out_i_87
INFO: [Physopt 32-662] Processed net u_accel/gen_nn_bitshift.u_accel/q_accum/p_0_out_i_992_n_0.  Did not re-place instance u_accel/gen_nn_bitshift.u_accel/q_accum/p_0_out_i_992
INFO: [Physopt 32-663] Processed net u_accel/gen_nn_bitshift.u_accel/q_accum/timestep_counter_reg[0]_rep__26_0_repN.  Re-placed instance u_accel/gen_nn_bitshift.u_accel/q_accum/timestep_counter_reg[0]_rep__26_replica
INFO: [Physopt 32-662] Processed net u_accel/gen_nn_bitshift.u_accel/gen_hl2[10].membrane_buf/p_0_out_i_5103_n_0.  Did not re-place instance u_accel/gen_nn_bitshift.u_accel/gen_hl2[10].membrane_buf/p_0_out_i_5103
INFO: [Physopt 32-663] Processed net u_accel/gen_nn_bitshift.u_accel/gen_hl2[7].membrane_buf/p_0_out_i_1950_n_0.  Re-placed instance u_accel/gen_nn_bitshift.u_accel/gen_hl2[7].membrane_buf/p_0_out_i_1950
INFO: [Physopt 32-663] Processed net u_accel/gen_nn_bitshift.u_accel/q_accum/membrane_in[11].  Re-placed instance u_accel/gen_nn_bitshift.u_accel/q_accum/p_0_out_i_14
INFO: [Physopt 32-663] Processed net u_accel/gen_nn_bitshift.u_accel/gen_hl2[10].membrane_buf/membrane_storage_reg[9]_764[11].  Re-placed instance u_accel/gen_nn_bitshift.u_accel/gen_hl2[10].membrane_buf/membrane_storage_reg[9][11]
INFO: [Physopt 32-663] Processed net u_accel/gen_nn_bitshift.u_accel/gen_hl2[10].membrane_buf/membrane_to_q[10]_775[11].  Re-placed instance u_accel/gen_nn_bitshift.u_accel/gen_hl2[10].membrane_buf/p_0_out_i_2253
INFO: [Physopt 32-662] Processed net u_accel/gen_nn_bitshift.u_accel/gen_hl2[10].membrane_buf/p_0_out_i_5503_n_0.  Did not re-place instance u_accel/gen_nn_bitshift.u_accel/gen_hl2[10].membrane_buf/p_0_out_i_5503
INFO: [Physopt 32-662] Processed net u_accel/gen_nn_bitshift.u_accel/gen_hl2[10].membrane_buf/p_0_out_i_5884_n_0.  Did not re-place instance u_accel/gen_nn_bitshift.u_accel/gen_hl2[10].membrane_buf/p_0_out_i_5884
INFO: [Physopt 32-662] Processed net u_accel/gen_nn_bitshift.u_accel/gen_hl2[11].membrane_buf/batch_counter_reg[0]_11.  Did not re-place instance u_accel/gen_nn_bitshift.u_accel/gen_hl2[11].membrane_buf/p_0_out_i_901
INFO: [Physopt 32-662] Processed net u_accel/gen_nn_bitshift.u_accel/q_accum/p_0_out_i_77_n_0.  Did not re-place instance u_accel/gen_nn_bitshift.u_accel/q_accum/p_0_out_i_77
INFO: [Physopt 32-662] Processed net u_accel/gen_nn_bitshift.u_accel/gen_hl2[0].membrane_buf/membrane_storage_reg[13]_822[13].  Did not re-place instance u_accel/gen_nn_bitshift.u_accel/gen_hl2[0].membrane_buf/membrane_storage_reg[13][13]
INFO: [Physopt 32-662] Processed net u_accel/gen_nn_bitshift.u_accel/q_accum/membrane_in[5].  Did not re-place instance u_accel/gen_nn_bitshift.u_accel/q_accum/p_0_out_i_20
INFO: [Physopt 32-663] Processed net u_accel/gen_nn_bitshift.u_accel/gen_hl2[10].membrane_buf/membrane_storage_reg[0]_755[5].  Re-placed instance u_accel/gen_nn_bitshift.u_accel/gen_hl2[10].membrane_buf/membrane_storage_reg[0][5]
INFO: [Physopt 32-663] Processed net u_accel/gen_nn_bitshift.u_accel/gen_hl2[10].membrane_buf/membrane_to_q[10]_775[5].  Re-placed instance u_accel/gen_nn_bitshift.u_accel/gen_hl2[10].membrane_buf/p_0_out_i_2694
INFO: [Physopt 32-662] Processed net u_accel/gen_nn_bitshift.u_accel/gen_hl2[10].membrane_buf/p_0_out_i_6294_n_0.  Did not re-place instance u_accel/gen_nn_bitshift.u_accel/gen_hl2[10].membrane_buf/p_0_out_i_6294
INFO: [Physopt 32-662] Processed net u_accel/gen_nn_bitshift.u_accel/gen_hl2[11].membrane_buf/batch_counter_reg[0]_rep__0_1.  Did not re-place instance u_accel/gen_nn_bitshift.u_accel/gen_hl2[11].membrane_buf/p_0_out_i_1105
INFO: [Physopt 32-663] Processed net u_accel/gen_nn_bitshift.u_accel/gen_hl2[3].membrane_buf/membrane_storage_reg[12]_1315[23].  Re-placed instance u_accel/gen_nn_bitshift.u_accel/gen_hl2[3].membrane_buf/membrane_storage_reg[12][23]
INFO: [Physopt 32-663] Processed net u_accel/gen_nn_bitshift.u_accel/gen_hl2[3].membrane_buf/membrane_to_q[3]_1323[23].  Re-placed instance u_accel/gen_nn_bitshift.u_accel/gen_hl2[3].membrane_buf/p_0_out_i_1367
INFO: [Physopt 32-662] Processed net u_accel/gen_nn_bitshift.u_accel/gen_hl2[3].membrane_buf/p_0_out_i_5113_n_0.  Did not re-place instance u_accel/gen_nn_bitshift.u_accel/gen_hl2[3].membrane_buf/p_0_out_i_5113
INFO: [Physopt 32-662] Processed net u_accel/gen_nn_bitshift.u_accel/q_accum/p_0_out_i_101_n_0.  Did not re-place instance u_accel/gen_nn_bitshift.u_accel/q_accum/p_0_out_i_101
INFO: [Physopt 32-662] Processed net u_accel/gen_nn_bitshift.u_accel/q_accum/p_0_out_i_467_n_0.  Did not re-place instance u_accel/gen_nn_bitshift.u_accel/q_accum/p_0_out_i_467
INFO: [Physopt 32-662] Processed net u_accel/gen_nn_bitshift.u_accel/gen_hl2[4].membrane_buf/membrane_storage_reg[13]_1295[18].  Did not re-place instance u_accel/gen_nn_bitshift.u_accel/gen_hl2[4].membrane_buf/membrane_storage_reg[13][18]
INFO: [Physopt 32-663] Processed net u_accel/gen_nn_bitshift.u_accel/gen_hl2[4].membrane_buf/membrane_to_q[4]_1302[18].  Re-placed instance u_accel/gen_nn_bitshift.u_accel/gen_hl2[4].membrane_buf/p_0_out_i_639
INFO: [Physopt 32-662] Processed net u_accel/gen_nn_bitshift.u_accel/gen_hl2[4].membrane_buf/p_0_out_i_3571_n_0.  Did not re-place instance u_accel/gen_nn_bitshift.u_accel/gen_hl2[4].membrane_buf/p_0_out_i_3571
INFO: [Physopt 32-662] Processed net u_accel/gen_nn_bitshift.u_accel/gen_hl2[30].hl2_lif/mul_scaled_result_reg[37]_i_1__80_n_0.  Did not re-place instance u_accel/gen_nn_bitshift.u_accel/gen_hl2[30].hl2_lif/mul_scaled_result_reg[37]_i_1__80
INFO: [Physopt 32-663] Processed net u_accel/gen_nn_bitshift.u_accel/gen_hl2[30].hl2_lif/numerator_reg__0[10].  Re-placed instance u_accel/gen_nn_bitshift.u_accel/gen_hl2[30].hl2_lif/numerator_reg_reg[10]
INFO: [Physopt 32-663] Processed net u_accel/gen_nn_bitshift.u_accel/gen_hl2[30].hl2_lif/numerator_reg__0[2].  Re-placed instance u_accel/gen_nn_bitshift.u_accel/gen_hl2[30].hl2_lif/numerator_reg_reg[2]
INFO: [Physopt 32-663] Processed net u_accel/gen_nn_bitshift.u_accel/gen_hl2[30].hl2_lif/numerator_reg__0[6].  Re-placed instance u_accel/gen_nn_bitshift.u_accel/gen_hl2[30].hl2_lif/numerator_reg_reg[6]
INFO: [Physopt 32-662] Processed net u_accel/gen_nn_bitshift.u_accel/gen_hl2[30].hl2_lif/mul_scaled_result_reg_reg_n_0_[37].  Did not re-place instance u_accel/gen_nn_bitshift.u_accel/gen_hl2[30].hl2_lif/mul_scaled_result_reg_reg[37]
INFO: [Physopt 32-663] Processed net u_accel/gen_nn_bitshift.u_accel/gen_hl2[10].membrane_buf/membrane_storage_reg[4]_759[4].  Re-placed instance u_accel/gen_nn_bitshift.u_accel/gen_hl2[10].membrane_buf/membrane_storage_reg[4][4]
INFO: [Physopt 32-662] Processed net u_accel/gen_nn_bitshift.u_accel/gen_hl2[10].membrane_buf/p_0_out_i_6359_n_0.  Did not re-place instance u_accel/gen_nn_bitshift.u_accel/gen_hl2[10].membrane_buf/p_0_out_i_6359
INFO: [Physopt 32-662] Processed net u_accel/gen_nn_bitshift.u_accel/gen_hl2[9].membrane_buf/membrane_storage_reg[9]_791[17].  Did not re-place instance u_accel/gen_nn_bitshift.u_accel/gen_hl2[9].membrane_buf/membrane_storage_reg[9][17]
INFO: [Physopt 32-663] Processed net u_accel/gen_nn_bitshift.u_accel/q_accum/membrane_in[16].  Re-placed instance u_accel/gen_nn_bitshift.u_accel/q_accum/p_0_out_i_9
INFO: [Physopt 32-662] Processed net u_accel/gen_nn_bitshift.u_accel/gen_hl2[13].membrane_buf/batch_counter_reg[0].  Did not re-place instance u_accel/gen_nn_bitshift.u_accel/gen_hl2[13].membrane_buf/p_0_out_i_670
INFO: [Physopt 32-662] Processed net u_accel/gen_nn_bitshift.u_accel/gen_hl2[13].membrane_buf/membrane_storage_reg[5]_679[17].  Did not re-place instance u_accel/gen_nn_bitshift.u_accel/gen_hl2[13].membrane_buf/membrane_storage_reg[5][17]
INFO: [Physopt 32-663] Processed net u_accel/gen_nn_bitshift.u_accel/gen_hl2[13].membrane_buf/membrane_to_q[13]_694[17].  Re-placed instance u_accel/gen_nn_bitshift.u_accel/gen_hl2[13].membrane_buf/p_0_out_i_1788
INFO: [Physopt 32-662] Processed net u_accel/gen_nn_bitshift.u_accel/gen_hl2[13].membrane_buf/p_0_out_i_5475_n_0.  Did not re-place instance u_accel/gen_nn_bitshift.u_accel/gen_hl2[13].membrane_buf/p_0_out_i_5475
INFO: [Physopt 32-663] Processed net u_accel/gen_nn_bitshift.u_accel/gen_hl2[26].membrane_buf/membrane_storage_reg[0]_1192[16].  Re-placed instance u_accel/gen_nn_bitshift.u_accel/gen_hl2[26].membrane_buf/membrane_storage_reg[0][16]
INFO: [Physopt 32-662] Processed net u_accel/gen_nn_bitshift.u_accel/gen_hl2[26].membrane_buf/p_0_out_i_1848_n_0.  Did not re-place instance u_accel/gen_nn_bitshift.u_accel/gen_hl2[26].membrane_buf/p_0_out_i_1848
INFO: [Physopt 32-662] Processed net u_accel/gen_nn_bitshift.u_accel/q_accum/p_0_out_i_217_n_0.  Did not re-place instance u_accel/gen_nn_bitshift.u_accel/q_accum/p_0_out_i_217
INFO: [Physopt 32-662] Processed net u_accel/gen_nn_bitshift.u_accel/q_accum/p_0_out_i_55_n_0.  Did not re-place instance u_accel/gen_nn_bitshift.u_accel/q_accum/p_0_out_i_55
INFO: [Physopt 32-663] Processed net u_accel/gen_nn_bitshift.u_accel/gen_hl2[1].membrane_buf/membrane_storage_reg[0]_1099[23].  Re-placed instance u_accel/gen_nn_bitshift.u_accel/gen_hl2[1].membrane_buf/membrane_storage_reg[0][23]
INFO: [Physopt 32-663] Processed net u_accel/gen_nn_bitshift.u_accel/gen_hl2[25].membrane_buf/membrane_storage_reg[12]_1033[4].  Re-placed instance u_accel/gen_nn_bitshift.u_accel/gen_hl2[25].membrane_buf/membrane_storage_reg[12][4]
INFO: [Physopt 32-662] Processed net u_accel/gen_nn_bitshift.u_accel/gen_hl2[25].membrane_buf/p_0_out_i_2744_n_0.  Did not re-place instance u_accel/gen_nn_bitshift.u_accel/gen_hl2[25].membrane_buf/p_0_out_i_2744
INFO: [Physopt 32-662] Processed net u_accel/gen_nn_bitshift.u_accel/gen_hl2[9].membrane_buf/membrane_storage_reg[13]_795[23].  Did not re-place instance u_accel/gen_nn_bitshift.u_accel/gen_hl2[9].membrane_buf/membrane_storage_reg[13][23]
INFO: [Physopt 32-662] Processed net u_accel/gen_nn_bitshift.u_accel/gen_hl2[9].membrane_buf/membrane_to_q[9]_802[23].  Did not re-place instance u_accel/gen_nn_bitshift.u_accel/gen_hl2[9].membrane_buf/p_0_out_i_1347
INFO: [Physopt 32-662] Processed net u_accel/gen_nn_bitshift.u_accel/gen_hl2[9].membrane_buf/p_0_out_i_5089_n_0.  Did not re-place instance u_accel/gen_nn_bitshift.u_accel/gen_hl2[9].membrane_buf/p_0_out_i_5089
INFO: [Physopt 32-662] Processed net u_accel/gen_nn_bitshift.u_accel/q_accum/p_0_out_i_460_n_0.  Did not re-place instance u_accel/gen_nn_bitshift.u_accel/q_accum/p_0_out_i_460
INFO: [Physopt 32-663] Processed net u_accel/gen_nn_bitshift.u_accel/gen_hl2[10].membrane_buf/membrane_storage_reg[4]_759[17].  Re-placed instance u_accel/gen_nn_bitshift.u_accel/gen_hl2[10].membrane_buf/membrane_storage_reg[4][17]
INFO: [Physopt 32-662] Processed net u_accel/gen_nn_bitshift.u_accel/gen_hl2[10].membrane_buf/p_0_out_i_6420_n_0.  Did not re-place instance u_accel/gen_nn_bitshift.u_accel/gen_hl2[10].membrane_buf/p_0_out_i_6420
INFO: [Physopt 32-662] Processed net u_accel/gen_nn_bitshift.u_accel/gen_hl2[13].membrane_buf/membrane_storage_reg[0]_674[17].  Did not re-place instance u_accel/gen_nn_bitshift.u_accel/gen_hl2[13].membrane_buf/membrane_storage_reg[0][17]
INFO: [Physopt 32-662] Processed net u_accel/gen_nn_bitshift.u_accel/gen_hl2[13].membrane_buf/p_0_out_i_5474_n_0.  Did not re-place instance u_accel/gen_nn_bitshift.u_accel/gen_hl2[13].membrane_buf/p_0_out_i_5474
INFO: [Physopt 32-663] Processed net u_accel/gen_nn_bitshift.u_accel/gen_hl2[14].membrane_buf/membrane_storage_reg[8]_655[23].  Re-placed instance u_accel/gen_nn_bitshift.u_accel/gen_hl2[14].membrane_buf/membrane_storage_reg[8][23]
INFO: [Physopt 32-663] Processed net u_accel/gen_nn_bitshift.u_accel/gen_hl2[9].membrane_buf/membrane_storage_reg[12]_794[17].  Re-placed instance u_accel/gen_nn_bitshift.u_accel/gen_hl2[9].membrane_buf/membrane_storage_reg[12][17]
INFO: [Physopt 32-662] Processed net u_accel/gen_nn_bitshift.u_accel/gen_hl2[9].membrane_buf/p_0_out_i_5489_n_0.  Did not re-place instance u_accel/gen_nn_bitshift.u_accel/gen_hl2[9].membrane_buf/p_0_out_i_5489
INFO: [Physopt 32-663] Processed net u_accel/gen_nn_bitshift.u_accel/gen_hl2[25].membrane_buf/membrane_storage_reg[9]_1030[1].  Re-placed instance u_accel/gen_nn_bitshift.u_accel/gen_hl2[25].membrane_buf/membrane_storage_reg[9][1]
INFO: [Physopt 32-662] Processed net u_accel/gen_nn_bitshift.u_accel/gen_hl2[25].membrane_buf/p_0_out_i_2971_n_0.  Did not re-place instance u_accel/gen_nn_bitshift.u_accel/gen_hl2[25].membrane_buf/p_0_out_i_2971
INFO: [Physopt 32-663] Processed net u_accel/gen_nn_bitshift.u_accel/gen_hl2[17].membrane_buf/membrane_storage_reg[16]_993[4].  Re-placed instance u_accel/gen_nn_bitshift.u_accel/gen_hl2[17].membrane_buf/membrane_storage_reg[16][4]
INFO: [Physopt 32-662] Processed net u_accel/gen_nn_bitshift.u_accel/q_accum/membrane_in[14].  Did not re-place instance u_accel/gen_nn_bitshift.u_accel/q_accum/p_0_out_i_11
INFO: [Physopt 32-661] Optimized 78 nets.  Re-placed 78 instances.
INFO: [Physopt 32-775] End 1 Pass. Optimized 78 nets or cells. Created 0 new cell, deleted 0 existing cell and moved 78 existing cells
INFO: [Physopt 32-619] Estimated Timing Summary | WNS=-0.622 | TNS=-65.452 |
Netlist sorting complete. Time (s): cpu = 00:00:00.01 ; elapsed = 00:00:00.01 . Memory (MB): peak = 3454.492 ; gain = 0.000 ; free physical = 5388 ; free virtual = 8217
Phase 4 Single Cell Placement Optimization | Checksum: 1e91c8f96

Time (s): cpu = 00:01:44 ; elapsed = 00:00:49 . Memory (MB): peak = 3454.492 ; gain = 6.164 ; free physical = 5388 ; free virtual = 8217

Phase 5 Multi Cell Placement Optimization
INFO: [Physopt 32-660] Identified 100 candidate nets for placement-based optimization.
INFO: [Physopt 32-662] Processed net u_accel/gen_nn_bitshift.u_accel/q_accum/p_0_out_i_29_n_0.  Did not re-place instance u_accel/gen_nn_bitshift.u_accel/q_accum/p_0_out_i_29/O
INFO: [Physopt 32-662] Processed net u_accel/gen_nn_bitshift.u_accel/q_accum/p_0_out_i_109_n_0.  Did not re-place instance u_accel/gen_nn_bitshift.u_accel/q_accum/p_0_out_i_109/O
INFO: [Physopt 32-662] Processed net u_accel/gen_nn_bitshift.u_accel/q_accum/p_0_out_i_153_n_0.  Did not re-place instance u_accel/gen_nn_bitshift.u_accel/q_accum/p_0_out_i_153/O
INFO: [Physopt 32-662] Processed net u_accel/gen_nn_bitshift.u_accel/q_accum/p_0_out_i_35_n_0.  Did not re-place instance u_accel/gen_nn_bitshift.u_accel/q_accum/p_0_out_i_35/O
INFO: [Physopt 32-662] Processed net u_accel/gen_nn_bitshift.u_accel/q_accum/p_0_out_i_127_n_0.  Did not re-place instance u_accel/gen_nn_bitshift.u_accel/q_accum/p_0_out_i_127/O
INFO: [Physopt 32-662] Processed net u_accel/gen_nn_bitshift.u_accel/q_accum/p_0_out_i_27_n_0.  Did not re-place instance u_accel/gen_nn_bitshift.u_accel/q_accum/p_0_out_i_27/O
INFO: [Physopt 32-662] Processed net u_accel/gen_nn_bitshift.u_accel/gen_hl2[6].membrane_buf/membrane_to_q[6]_877[23].  Did not re-place instance u_accel/gen_nn_bitshift.u_accel/gen_hl2[6].membrane_buf/p_0_out_i_463/O
INFO: [Physopt 32-662] Processed net u_accel/gen_nn_bitshift.u_accel/q_accum/p_0_out_i_133_n_0.  Did not re-place instance u_accel/gen_nn_bitshift.u_accel/q_accum/p_0_out_i_133/O
INFO: [Physopt 32-662] Processed net u_accel/gen_nn_bitshift.u_accel/q_accum/p_0_out_i_33_n_0.  Did not re-place instance u_accel/gen_nn_bitshift.u_accel/q_accum/p_0_out_i_33/O
INFO: [Physopt 32-662] Processed net u_accel/gen_nn_bitshift.u_accel/q_accum/timestep_counter_reg[0]_rep__15_0.  Did not re-place instance u_accel/gen_nn_bitshift.u_accel/q_accum/timestep_counter_reg[0]_rep__15/Q
INFO: [Physopt 32-663] Processed net u_accel/gen_nn_bitshift.u_accel/gen_hl2[31].membrane_buf/membrane_to_q[31]_1356[9].  Re-placed instance u_accel/gen_nn_bitshift.u_accel/gen_hl2[31].membrane_buf/p_0_out_i_311/O
INFO: [Physopt 32-662] Processed net u_accel/gen_nn_bitshift.u_accel/q_accum/p_0_out_i_84_n_0.  Did not re-place instance u_accel/gen_nn_bitshift.u_accel/q_accum/p_0_out_i_84/O
INFO: [Physopt 32-662] Processed net u_accel/gen_nn_bitshift.u_accel/q_accum/p_0_out_i_69_n_0.  Did not re-place instance u_accel/gen_nn_bitshift.u_accel/q_accum/p_0_out_i_69/O
INFO: [Physopt 32-662] Processed net u_accel/gen_nn_bitshift.u_accel/gen_hl2[29].membrane_buf/batch_counter_reg[0]_rep__0_0.  Did not re-place instance u_accel/gen_nn_bitshift.u_accel/gen_hl2[29].membrane_buf/p_0_out_i_192/O
INFO: [Physopt 32-662] Processed net u_accel/gen_nn_bitshift.u_accel/q_accum/p_0_out_i_48_n_0.  Did not re-place instance u_accel/gen_nn_bitshift.u_accel/q_accum/p_0_out_i_48/O
INFO: [Physopt 32-662] Processed net u_accel/gen_nn_bitshift.u_accel/q_accum/p_0_out_i_203_n_0.  Did not re-place instance u_accel/gen_nn_bitshift.u_accel/q_accum/p_0_out_i_203/O
INFO: [Physopt 32-662] Processed net u_accel/gen_nn_bitshift.u_accel/q_accum/p_0_out_i_51_n_0.  Did not re-place instance u_accel/gen_nn_bitshift.u_accel/q_accum/p_0_out_i_51/O
INFO: [Physopt 32-662] Processed net u_accel/gen_nn_bitshift.u_accel/q_accum/p_0_out_i_140_n_0.  Did not re-place instance u_accel/gen_nn_bitshift.u_accel/q_accum/p_0_out_i_140/O
INFO: [Physopt 32-662] Processed net u_accel/gen_nn_bitshift.u_accel/q_accum/p_0_out_i_31_n_0.  Did not re-place instance u_accel/gen_nn_bitshift.u_accel/q_accum/p_0_out_i_31/O
INFO: [Physopt 32-663] Processed net u_accel/gen_nn_bitshift.u_accel/q_accum/timestep_counter_reg[0]_rep__16_0_repN_1.  Re-placed instance u_accel/gen_nn_bitshift.u_accel/q_accum/timestep_counter_reg[0]_rep__16_replica_1/Q
INFO: [Physopt 32-662] Processed net u_accel/gen_nn_bitshift.u_accel/q_accum/p_0_out_i_204_n_0.  Did not re-place instance u_accel/gen_nn_bitshift.u_accel/q_accum/p_0_out_i_204/O
INFO: [Physopt 32-662] Processed net u_accel/gen_nn_bitshift.u_accel/q_accum/p_0_out_i_47_n_0.  Did not re-place instance u_accel/gen_nn_bitshift.u_accel/q_accum/p_0_out_i_47/O
INFO: [Physopt 32-662] Processed net u_accel/gen_nn_bitshift.u_accel/q_accum/p_0_out_i_65_n_0.  Did not re-place instance u_accel/gen_nn_bitshift.u_accel/q_accum/p_0_out_i_65/O
INFO: [Physopt 32-662] Processed net u_accel/gen_nn_bitshift.u_accel/q_accum/p_0_out_i_101_n_0.  Did not re-place instance u_accel/gen_nn_bitshift.u_accel/q_accum/p_0_out_i_101/O
INFO: [Physopt 32-662] Processed net u_accel/gen_nn_bitshift.u_accel/q_accum/p_0_out_i_57_n_0.  Did not re-place instance u_accel/gen_nn_bitshift.u_accel/q_accum/p_0_out_i_57/O
INFO: [Physopt 32-662] Processed net u_accel/gen_nn_bitshift.u_accel/q_accum/p_0_out_i_117_n_0.  Did not re-place instance u_accel/gen_nn_bitshift.u_accel/q_accum/p_0_out_i_117/O
INFO: [Physopt 32-661] Optimized 2 nets.  Re-placed 4 instances.
INFO: [Physopt 32-775] End 1 Pass. Optimized 2 nets or cells. Created 0 new cell, deleted 0 existing cell and moved 4 existing cells
INFO: [Physopt 32-619] Estimated Timing Summary | WNS=-0.622 | TNS=-65.500 |
Netlist sorting complete. Time (s): cpu = 00:00:00.01 ; elapsed = 00:00:00.02 . Memory (MB): peak = 3454.492 ; gain = 0.000 ; free physical = 5403 ; free virtual = 8232
Phase 5 Multi Cell Placement Optimization | Checksum: 13f938864

Time (s): cpu = 00:01:50 ; elapsed = 00:00:50 . Memory (MB): peak = 3454.492 ; gain = 6.164 ; free physical = 5403 ; free virtual = 8232

Phase 6 Rewire
INFO: [Physopt 32-246] Starting Signal Push optimization...
INFO: [Physopt 32-77] Pass 1. Identified 4 candidate nets for rewire optimization.
INFO: [Physopt 32-242] Processed net u_accel/u_ctrl/reg_ok1266_out. Rewired (signal push) u_accel/u_ctrl/observations[0][15]_i_47_n_0 to 4 loads. Replicated 1 times.
INFO: [Physopt 32-242] Processed net u_accel/u_ctrl/observations[1][5]_i_11_n_0. Rewired (signal push) u_accel/u_ctrl/observations[0][15]_i_47_n_0 to 2 loads. Replicated 0 times.
INFO: [Physopt 32-242] Processed net u_accel/u_ctrl/observations[3][14]_i_12_n_0. Rewired (signal push) u_accel/u_ctrl/reg_ok1272_out to 3 loads. Replicated 0 times.
INFO: [Physopt 32-232] Optimized 3 nets. Created 1 new instance.
INFO: [Physopt 32-775] End 1 Pass. Optimized 3 nets or cells. Created 1 new cell, deleted 0 existing cell and moved 0 existing cell
Netlist sorting complete. Time (s): cpu = 00:00:00.02 ; elapsed = 00:00:00.02 . Memory (MB): peak = 3454.492 ; gain = 0.000 ; free physical = 5397 ; free virtual = 8227
INFO: [Physopt 32-619] Estimated Timing Summary | WNS=-0.622 | TNS=-63.624 |
Netlist sorting complete. Time (s): cpu = 00:00:00.01 ; elapsed = 00:00:00.01 . Memory (MB): peak = 3454.492 ; gain = 0.000 ; free physical = 5397 ; free virtual = 8227
Phase 6 Rewire | Checksum: 1aeb06485

Time (s): cpu = 00:01:52 ; elapsed = 00:00:51 . Memory (MB): peak = 3454.492 ; gain = 6.164 ; free physical = 5397 ; free virtual = 8227

Phase 7 Critical Cell Optimization
INFO: [Physopt 32-46] Identified 30 candidate nets for critical-cell optimization.
INFO: [Physopt 32-572] Net u_accel/gen_nn_bitshift.u_accel/q_accum/membrane_in[23] was not replicated.
Resolution: phys_opt_design can be forced to replicate a net driver using the option -force_replication_on_nets <list of net objects>.
INFO: [Physopt 32-601] Processed net u_accel/gen_nn_bitshift.u_accel/q_accum/membrane_in[9]. Net driver u_accel/gen_nn_bitshift.u_accel/q_accum/p_0_out_i_16 was replaced.
INFO: [Physopt 32-572] Net u_accel/gen_nn_bitshift.u_accel/q_accum/membrane_in[3] was not replicated.
Resolution: phys_opt_design can be forced to replicate a net driver using the option -force_replication_on_nets <list of net objects>.
INFO: [Physopt 32-572] Net u_accel/gen_nn_bitshift.u_accel/q_accum/membrane_in[21] was not replicated.
Resolution: phys_opt_design can be forced to replicate a net driver using the option -force_replication_on_nets <list of net objects>.
INFO: [Physopt 32-572] Net u_accel/gen_nn_bitshift.u_accel/q_accum/membrane_in[22] was not replicated.
Resolution: phys_opt_design can be forced to replicate a net driver using the option -force_replication_on_nets <list of net objects>.
INFO: [Physopt 32-572] Net u_accel/gen_nn_bitshift.u_accel/q_accum/membrane_in[13] was not replicated.
Resolution: phys_opt_design can be forced to replicate a net driver using the option -force_replication_on_nets <list of net objects>.
INFO: [Physopt 32-572] Net u_accel/gen_nn_bitshift.u_accel/q_accum/membrane_in[18] was not replicated.
Resolution: phys_opt_design can be forced to replicate a net driver using the option -force_replication_on_nets <list of net objects>.
INFO: [Physopt 32-601] Processed net u_accel/gen_nn_bitshift.u_accel/q_accum/timestep_counter_reg[1]_rep__23_0_repN_1. Net driver u_accel/gen_nn_bitshift.u_accel/q_accum/timestep_counter_reg[1]_rep__23_replica_1 was replaced.
INFO: [Physopt 32-572] Net u_accel/gen_nn_bitshift.u_accel/q_accum/membrane_in[17] was not replicated.
Resolution: phys_opt_design can be forced to replicate a net driver using the option -force_replication_on_nets <list of net objects>.
INFO: [Physopt 32-572] Net u_accel/gen_nn_bitshift.u_accel/q_accum/membrane_in[14] was not replicated.
Resolution: phys_opt_design can be forced to replicate a net driver using the option -force_replication_on_nets <list of net objects>.
INFO: [Physopt 32-572] Net u_accel/gen_nn_bitshift.u_accel/q_accum/membrane_in[5] was not replicated.
Resolution: phys_opt_design can be forced to replicate a net driver using the option -force_replication_on_nets <list of net objects>.
INFO: [Physopt 32-572] Net u_accel/gen_nn_bitshift.u_accel/q_accum/membrane_in[16] was not replicated.
Resolution: phys_opt_design can be forced to replicate a net driver using the option -force_replication_on_nets <list of net objects>.
INFO: [Physopt 32-572] Net u_accel/gen_nn_bitshift.u_accel/q_accum/membrane_in[1] was not replicated.
Resolution: phys_opt_design can be forced to replicate a net driver using the option -force_replication_on_nets <list of net objects>.
INFO: [Physopt 32-572] Net u_accel/gen_nn_bitshift.u_accel/q_accum/membrane_in[4] was not replicated.
Resolution: phys_opt_design can be forced to replicate a net driver using the option -force_replication_on_nets <list of net objects>.
INFO: [Physopt 32-572] Net u_accel/gen_nn_bitshift.u_accel/q_accum/membrane_in[20] was not replicated.
Resolution: phys_opt_design can be forced to replicate a net driver using the option -force_replication_on_nets <list of net objects>.
INFO: [Physopt 32-572] Net u_accel/gen_nn_bitshift.u_accel/q_accum/membrane_in[19] was not replicated.
Resolution: phys_opt_design can be forced to replicate a net driver using the option -force_replication_on_nets <list of net objects>.
INFO: [Physopt 32-81] Processed net u_accel/gen_nn_bitshift.u_accel/q_accum/timestep_counter_reg[1]_rep__14_0_repN. Replicated 1 times.
INFO: [Physopt 32-572] Net u_accel/gen_nn_bitshift.u_accel/q_accum/membrane_in[10] was not replicated.
Resolution: phys_opt_design can be forced to replicate a net driver using the option -force_replication_on_nets <list of net objects>.
INFO: [Physopt 32-572] Net u_accel/gen_nn_bitshift.u_accel/q_accum/membrane_in[6] was not replicated.
Resolution: phys_opt_design can be forced to replicate a net driver using the option -force_replication_on_nets <list of net objects>.
INFO: [Physopt 32-572] Net u_accel/gen_nn_bitshift.u_accel/q_accum/membrane_in[7] was not replicated.
Resolution: phys_opt_design can be forced to replicate a net driver using the option -force_replication_on_nets <list of net objects>.
INFO: [Physopt 32-572] Net u_accel/gen_nn_bitshift.u_accel/q_accum/membrane_in[11] was not replicated.
Resolution: phys_opt_design can be forced to replicate a net driver using the option -force_replication_on_nets <list of net objects>.
INFO: [Physopt 32-572] Net u_accel/gen_nn_bitshift.u_accel/q_accum/membrane_in[8] was not replicated.
Resolution: phys_opt_design can be forced to replicate a net driver using the option -force_replication_on_nets <list of net objects>.
INFO: [Physopt 32-81] Processed net u_accel/gen_nn_bitshift.u_accel/q_accum/timestep_counter_reg[4]_0[2]_repN_21. Replicated 2 times.
INFO: [Physopt 32-572] Net u_accel/gen_nn_bitshift.u_accel/q_accum/membrane_in[12] was not replicated.
Resolution: phys_opt_design can be forced to replicate a net driver using the option -force_replication_on_nets <list of net objects>.
INFO: [Physopt 32-81] Processed net u_accel/gen_nn_bitshift.u_accel/q_accum/timestep_counter_reg[1]_rep__11_0_repN_1. Replicated 2 times.
INFO: [Physopt 32-572] Net u_accel/gen_nn_bitshift.u_accel/q_accum/membrane_in[0] was not replicated.
Resolution: phys_opt_design can be forced to replicate a net driver using the option -force_replication_on_nets <list of net objects>.
INFO: [Physopt 32-572] Net u_accel/gen_nn_bitshift.u_accel/q_accum/timestep_counter_reg[0]_rep_0_repN_1 was not replicated.
Resolution: phys_opt_design can be forced to replicate a net driver using the option -force_replication_on_nets <list of net objects>.
INFO: [Physopt 32-572] Net u_accel/gen_nn_bitshift.u_accel/q_accum/timestep_counter_reg[0]_rep_0_repN was not replicated.
Resolution: phys_opt_design can be forced to replicate a net driver using the option -force_replication_on_nets <list of net objects>.
INFO: [Physopt 32-572] Net u_accel/gen_nn_bitshift.u_accel/q_accum/membrane_in[15] was not replicated.
Resolution: phys_opt_design can be forced to replicate a net driver using the option -force_replication_on_nets <list of net objects>.
INFO: [Physopt 32-81] Processed net u_accel/gen_nn_bitshift.u_accel/fc2/accums_reg[0]1_i_15_n_0. Replicated 3 times.
INFO: [Physopt 32-232] Optimized 6 nets. Created 8 new instances.
INFO: [Physopt 32-775] End 1 Pass. Optimized 6 nets or cells. Created 8 new cells, deleted 0 existing cell and moved 0 existing cell
INFO: [Physopt 32-619] Estimated Timing Summary | WNS=-0.622 | TNS=-57.568 |
Netlist sorting complete. Time (s): cpu = 00:00:00.04 ; elapsed = 00:00:00.03 . Memory (MB): peak = 3454.492 ; gain = 0.000 ; free physical = 5382 ; free virtual = 8212
Phase 7 Critical Cell Optimization | Checksum: 1f5983978

Time (s): cpu = 00:02:04 ; elapsed = 00:00:56 . Memory (MB): peak = 3454.492 ; gain = 6.164 ; free physical = 5382 ; free virtual = 8212

Phase 8 Fanout Optimization
INFO: [Physopt 32-76] Pass 1. Identified 47 candidate nets for fanout optimization.
INFO: [Physopt 32-572] Net u_accel/gen_nn_bitshift.u_accel/q_accum/timestep_counter_reg[0]_rep_0 was not replicated.
Resolution: phys_opt_design can be forced to replicate a net driver using the option -force_replication_on_nets <list of net objects>.
INFO: [Physopt 32-572] Net u_accel/gen_nn_bitshift.u_accel/q_accum/timestep_counter_reg[0]_rep__0_0 was not replicated.
Resolution: phys_opt_design can be forced to replicate a net driver using the option -force_replication_on_nets <list of net objects>.
INFO: [Physopt 32-572] Net u_accel/gen_nn_bitshift.u_accel/q_accum/timestep_counter_reg[1]_rep__0_0 was not replicated.
Resolution: phys_opt_design can be forced to replicate a net driver using the option -force_replication_on_nets <list of net objects>.
INFO: [Physopt 32-572] Net u_accel/gen_nn_bitshift.u_accel/q_accum/timestep_counter_reg[1]_rep_0 was not replicated.
Resolution: phys_opt_design can be forced to replicate a net driver using the option -force_replication_on_nets <list of net objects>.
INFO: [Physopt 32-81] Processed net u_accel/gen_nn_bitshift.u_accel/q_accum/timestep_counter_reg[0]_rep__23_0. Replicated 1 times.
INFO: [Physopt 32-572] Net u_accel/gen_nn_bitshift.u_accel/q_accum/timestep_counter_reg[1]_rep__28_0 was not replicated.
Resolution: phys_opt_design can be forced to replicate a net driver using the option -force_replication_on_nets <list of net objects>.
INFO: [Physopt 32-81] Processed net u_accel/gen_nn_bitshift.u_accel/q_accum/timestep_counter_reg[4]_0[2]_repN. Replicated 2 times.
INFO: [Physopt 32-81] Processed net u_accel/gen_nn_bitshift.u_accel/q_accum/timestep_counter_reg[1]_rep__10_0. Replicated 4 times.
INFO: [Physopt 32-81] Processed net u_accel/gen_nn_bitshift.u_accel/q_accum/timestep_counter_reg[1]_rep__19_0. Replicated 1 times.
INFO: [Physopt 32-81] Processed net u_accel/gen_nn_bitshift.u_accel/q_accum/timestep_counter_reg[0]_rep__4_0. Replicated 2 times.
INFO: [Physopt 32-572] Net u_accel/gen_nn_bitshift.u_accel/q_accum/timestep_counter_reg[1]_rep__24_0 was not replicated.
Resolution: phys_opt_design can be forced to replicate a net driver using the option -force_replication_on_nets <list of net objects>.
INFO: [Physopt 32-572] Net u_accel/gen_nn_bitshift.u_accel/q_accum/timestep_counter_reg[0]_rep__25_0_repN_1 was not replicated.
Resolution: phys_opt_design can be forced to replicate a net driver using the option -force_replication_on_nets <list of net objects>.
INFO: [Physopt 32-572] Net u_accel/gen_nn_bitshift.u_accel/q_accum/timestep_counter_reg[0]_rep__3_0 was not replicated.
Resolution: phys_opt_design can be forced to replicate a net driver using the option -force_replication_on_nets <list of net objects>.
INFO: [Physopt 32-572] Net u_accel/gen_nn_bitshift.u_accel/q_accum/timestep_counter_reg[0]_rep__17_0_repN_1 was not replicated.
Resolution: phys_opt_design can be forced to replicate a net driver using the option -force_replication_on_nets <list of net objects>.
INFO: [Physopt 32-572] Net u_accel/gen_nn_bitshift.u_accel/q_accum/timestep_counter_reg[0]_rep__15_0 was not replicated.
Resolution: phys_opt_design can be forced to replicate a net driver using the option -force_replication_on_nets <list of net objects>.
INFO: [Physopt 32-572] Net u_accel/gen_nn_bitshift.u_accel/q_accum/timestep_counter_reg[0]_rep__2_0 was not replicated.
Resolution: phys_opt_design can be forced to replicate a net driver using the option -force_replication_on_nets <list of net objects>.
INFO: [Physopt 32-232] Optimized 5 nets. Created 10 new instances.
INFO: [Physopt 32-775] End 1 Pass. Optimized 5 nets or cells. Created 10 new cells, deleted 0 existing cell and moved 0 existing cell
INFO: [Physopt 32-619] Estimated Timing Summary | WNS=-0.622 | TNS=-57.568 |
Netlist sorting complete. Time (s): cpu = 00:00:00.04 ; elapsed = 00:00:00.04 . Memory (MB): peak = 3454.492 ; gain = 0.000 ; free physical = 5382 ; free virtual = 8212
Phase 8 Fanout Optimization | Checksum: 28fd4f7fe

Time (s): cpu = 00:02:25 ; elapsed = 00:01:07 . Memory (MB): peak = 3454.492 ; gain = 6.164 ; free physical = 5382 ; free virtual = 8212

Phase 9 Single Cell Placement Optimization
INFO: [Physopt 32-660] Identified 250 candidate nets for placement-based optimization.
INFO: [Physopt 32-662] Processed net u_accel/gen_nn_bitshift.u_accel/q_accum/membrane_in[23].  Did not re-place instance u_accel/gen_nn_bitshift.u_accel/q_accum/p_0_out_i_2
INFO: [Physopt 32-662] Processed net u_accel/gen_nn_bitshift.u_accel/gen_hl2[0].membrane_buf/membrane_storage_reg[13]_822[23].  Did not re-place instance u_accel/gen_nn_bitshift.u_accel/gen_hl2[0].membrane_buf/membrane_storage_reg[13][23]
INFO: [Physopt 32-662] Processed net u_accel/gen_nn_bitshift.u_accel/gen_hl2[0].membrane_buf/membrane_to_q[0]_829[23].  Did not re-place instance u_accel/gen_nn_bitshift.u_accel/gen_hl2[0].membrane_buf/p_0_out_i_1366
INFO: [Physopt 32-662] Processed net u_accel/gen_nn_bitshift.u_accel/gen_hl2[0].membrane_buf/p_0_out_i_5109_n_0.  Did not re-place instance u_accel/gen_nn_bitshift.u_accel/gen_hl2[0].membrane_buf/p_0_out_i_5109
INFO: [Physopt 32-662] Processed net u_accel/gen_nn_bitshift.u_accel/gen_hl2[1].membrane_buf/timestep_counter_reg[4].  Did not re-place instance u_accel/gen_nn_bitshift.u_accel/gen_hl2[1].membrane_buf/p_0_out_i_466
INFO: [Physopt 32-662] Processed net u_accel/gen_nn_bitshift.u_accel/q_accum/p_0_out_i_29_n_0.  Did not re-place instance u_accel/gen_nn_bitshift.u_accel/q_accum/p_0_out_i_29
INFO: [Physopt 32-662] Processed net u_accel/gen_nn_bitshift.u_accel/q_accum/membrane_in[3].  Did not re-place instance u_accel/gen_nn_bitshift.u_accel/q_accum/p_0_out_i_22
INFO: [Physopt 32-662] Processed net u_accel/gen_nn_bitshift.u_accel/gen_hl2[9].membrane_buf/membrane_storage_reg[11]_793[3].  Did not re-place instance u_accel/gen_nn_bitshift.u_accel/gen_hl2[9].membrane_buf/membrane_storage_reg[11][3]
INFO: [Physopt 32-662] Processed net u_accel/gen_nn_bitshift.u_accel/gen_hl2[9].membrane_buf/membrane_to_q[9]_802[3].  Did not re-place instance u_accel/gen_nn_bitshift.u_accel/gen_hl2[9].membrane_buf/p_0_out_i_2842
INFO: [Physopt 32-662] Processed net u_accel/gen_nn_bitshift.u_accel/gen_hl2[9].membrane_buf/p_0_out_i_6408_n_0.  Did not re-place instance u_accel/gen_nn_bitshift.u_accel/gen_hl2[9].membrane_buf/p_0_out_i_6408
INFO: [Physopt 32-662] Processed net u_accel/gen_nn_bitshift.u_accel/q_accum/p_0_out_i_109_n_0.  Did not re-place instance u_accel/gen_nn_bitshift.u_accel/q_accum/p_0_out_i_109
INFO: [Physopt 32-662] Processed net u_accel/gen_nn_bitshift.u_accel/q_accum/p_0_out_i_1180_n_0.  Did not re-place instance u_accel/gen_nn_bitshift.u_accel/q_accum/p_0_out_i_1180
INFO: [Physopt 32-662] Processed net u_accel/gen_nn_bitshift.u_accel/q_accum/membrane_in[21].  Did not re-place instance u_accel/gen_nn_bitshift.u_accel/q_accum/p_0_out_i_4
INFO: [Physopt 32-663] Processed net u_accel/gen_nn_bitshift.u_accel/gen_hl2[26].membrane_buf/membrane_storage_reg[14]_1206[21].  Re-placed instance u_accel/gen_nn_bitshift.u_accel/gen_hl2[26].membrane_buf/membrane_storage_reg[14][21]
INFO: [Physopt 32-662] Processed net u_accel/gen_nn_bitshift.u_accel/gen_hl2[26].membrane_buf/p_0_out_i_1481_n_0.  Did not re-place instance u_accel/gen_nn_bitshift.u_accel/gen_hl2[26].membrane_buf/p_0_out_i_1481
INFO: [Physopt 32-662] Processed net u_accel/gen_nn_bitshift.u_accel/q_accum/p_0_out_i_153_n_0.  Did not re-place instance u_accel/gen_nn_bitshift.u_accel/q_accum/p_0_out_i_153
INFO: [Physopt 32-662] Processed net u_accel/gen_nn_bitshift.u_accel/q_accum/p_0_out_i_35_n_0.  Did not re-place instance u_accel/gen_nn_bitshift.u_accel/q_accum/p_0_out_i_35
INFO: [Physopt 32-662] Processed net u_accel/gen_nn_bitshift.u_accel/gen_hl2[0].membrane_buf/membrane_storage_reg[9]_818[23].  Did not re-place instance u_accel/gen_nn_bitshift.u_accel/gen_hl2[0].membrane_buf/membrane_storage_reg[9][23]
INFO: [Physopt 32-662] Processed net u_accel/gen_nn_bitshift.u_accel/gen_hl2[0].membrane_buf/p_0_out_i_5108_n_0.  Did not re-place instance u_accel/gen_nn_bitshift.u_accel/gen_hl2[0].membrane_buf/p_0_out_i_5108
INFO: [Physopt 32-662] Processed net u_accel/gen_nn_bitshift.u_accel/gen_hl2[26].membrane_buf/membrane_storage_reg[12]_1204[21].  Did not re-place instance u_accel/gen_nn_bitshift.u_accel/gen_hl2[26].membrane_buf/membrane_storage_reg[12][21]
INFO: [Physopt 32-662] Processed net u_accel/gen_nn_bitshift.u_accel/gen_hl2[26].membrane_buf/membrane_storage_reg[15]_1207[23].  Did not re-place instance u_accel/gen_nn_bitshift.u_accel/gen_hl2[26].membrane_buf/membrane_storage_reg[15][23]
INFO: [Physopt 32-662] Processed net u_accel/gen_nn_bitshift.u_accel/gen_hl2[26].membrane_buf/p_0_out_i_1329_n_0.  Did not re-place instance u_accel/gen_nn_bitshift.u_accel/gen_hl2[26].membrane_buf/p_0_out_i_1329
INFO: [Physopt 32-662] Processed net u_accel/gen_nn_bitshift.u_accel/q_accum/p_0_out_i_127_n_0.  Did not re-place instance u_accel/gen_nn_bitshift.u_accel/q_accum/p_0_out_i_127
INFO: [Physopt 32-662] Processed net u_accel/gen_nn_bitshift.u_accel/q_accum/p_0_out_i_27_n_0.  Did not re-place instance u_accel/gen_nn_bitshift.u_accel/q_accum/p_0_out_i_27
INFO: [Physopt 32-662] Processed net u_accel/gen_nn_bitshift.u_accel/gen_hl2[6].membrane_buf/membrane_storage_reg[4]_861[23].  Did not re-place instance u_accel/gen_nn_bitshift.u_accel/gen_hl2[6].membrane_buf/membrane_storage_reg[4][23]
INFO: [Physopt 32-663] Processed net u_accel/gen_nn_bitshift.u_accel/gen_hl2[6].membrane_buf/membrane_to_q[6]_877[23].  Re-placed instance u_accel/gen_nn_bitshift.u_accel/gen_hl2[6].membrane_buf/p_0_out_i_463
INFO: [Physopt 32-662] Processed net u_accel/gen_nn_bitshift.u_accel/gen_hl2[6].membrane_buf/p_0_out_i_3149_n_0.  Did not re-place instance u_accel/gen_nn_bitshift.u_accel/gen_hl2[6].membrane_buf/p_0_out_i_3149
INFO: [Physopt 32-662] Processed net u_accel/gen_nn_bitshift.u_accel/q_accum/p_0_out_i_133_n_0.  Did not re-place instance u_accel/gen_nn_bitshift.u_accel/q_accum/p_0_out_i_133
INFO: [Physopt 32-662] Processed net u_accel/gen_nn_bitshift.u_accel/q_accum/membrane_in[22].  Did not re-place instance u_accel/gen_nn_bitshift.u_accel/q_accum/p_0_out_i_3
INFO: [Physopt 32-663] Processed net u_accel/gen_nn_bitshift.u_accel/gen_hl2[10].membrane_buf/membrane_storage_reg[12]_767[22].  Re-placed instance u_accel/gen_nn_bitshift.u_accel/gen_hl2[10].membrane_buf/membrane_storage_reg[12][22]
INFO: [Physopt 32-662] Processed net u_accel/gen_nn_bitshift.u_accel/gen_hl2[10].membrane_buf/membrane_to_q[10]_775[22].  Did not re-place instance u_accel/gen_nn_bitshift.u_accel/gen_hl2[10].membrane_buf/p_0_out_i_1427
INFO: [Physopt 32-662] Processed net u_accel/gen_nn_bitshift.u_accel/gen_hl2[10].membrane_buf/p_0_out_i_5165_n_0.  Did not re-place instance u_accel/gen_nn_bitshift.u_accel/gen_hl2[10].membrane_buf/p_0_out_i_5165
INFO: [Physopt 32-662] Processed net u_accel/gen_nn_bitshift.u_accel/gen_hl2[11].membrane_buf/batch_counter_reg[0]_0.  Did not re-place instance u_accel/gen_nn_bitshift.u_accel/gen_hl2[11].membrane_buf/p_0_out_i_499
INFO: [Physopt 32-662] Processed net u_accel/gen_nn_bitshift.u_accel/q_accum/p_0_out_i_33_n_0.  Did not re-place instance u_accel/gen_nn_bitshift.u_accel/q_accum/p_0_out_i_33
INFO: [Physopt 32-662] Processed net u_accel/gen_nn_bitshift.u_accel/q_accum/timestep_counter_reg[0]_rep_0.  Did not re-place instance u_accel/gen_nn_bitshift.u_accel/q_accum/timestep_counter_reg[0]_rep
INFO: [Physopt 32-662] Processed net u_accel/gen_nn_bitshift.u_accel/gen_hl2[9].membrane_buf/p_0_out_i_6410_n_0.  Did not re-place instance u_accel/gen_nn_bitshift.u_accel/gen_hl2[9].membrane_buf/p_0_out_i_6410
INFO: [Physopt 32-662] Processed net u_accel/gen_nn_bitshift.u_accel/q_accum/membrane_in[13].  Did not re-place instance u_accel/gen_nn_bitshift.u_accel/q_accum/p_0_out_i_12
INFO: [Physopt 32-662] Processed net u_accel/gen_nn_bitshift.u_accel/q_accum/membrane_in[9].  Did not re-place instance u_accel/gen_nn_bitshift.u_accel/q_accum/p_0_out_i_16
INFO: [Physopt 32-662] Processed net u_accel/gen_nn_bitshift.u_accel/gen_hl2[0].membrane_buf/membrane_storage_reg[12]_821[13].  Did not re-place instance u_accel/gen_nn_bitshift.u_accel/gen_hl2[0].membrane_buf/membrane_storage_reg[12][13]
INFO: [Physopt 32-662] Processed net u_accel/gen_nn_bitshift.u_accel/gen_hl2[0].membrane_buf/membrane_to_q[0]_829[13].  Did not re-place instance u_accel/gen_nn_bitshift.u_accel/gen_hl2[0].membrane_buf/p_0_out_i_2116
INFO: [Physopt 32-662] Processed net u_accel/gen_nn_bitshift.u_accel/gen_hl2[0].membrane_buf/p_0_out_i_5765_n_0.  Did not re-place instance u_accel/gen_nn_bitshift.u_accel/gen_hl2[0].membrane_buf/p_0_out_i_5765
INFO: [Physopt 32-663] Processed net u_accel/gen_nn_bitshift.u_accel/gen_hl2[16].membrane_buf/membrane_storage_reg[8]_925[9].  Re-placed instance u_accel/gen_nn_bitshift.u_accel/gen_hl2[16].membrane_buf/membrane_storage_reg[8][9]
INFO: [Physopt 32-662] Processed net u_accel/gen_nn_bitshift.u_accel/gen_hl2[16].membrane_buf/p_0_out_i_5974_n_0.  Did not re-place instance u_accel/gen_nn_bitshift.u_accel/gen_hl2[16].membrane_buf/p_0_out_i_5974
INFO: [Physopt 32-663] Processed net u_accel/gen_nn_bitshift.u_accel/gen_hl2[17].membrane_buf/batch_counter_reg[0]_8.  Re-placed instance u_accel/gen_nn_bitshift.u_accel/gen_hl2[17].membrane_buf/p_0_out_i_948
INFO: [Physopt 32-662] Processed net u_accel/gen_nn_bitshift.u_accel/gen_hl2[1].membrane_buf/timestep_counter_reg[4]_9.  Did not re-place instance u_accel/gen_nn_bitshift.u_accel/gen_hl2[1].membrane_buf/p_0_out_i_830
INFO: [Physopt 32-662] Processed net u_accel/gen_nn_bitshift.u_accel/q_accum/p_0_out_i_303_n_0.  Did not re-place instance u_accel/gen_nn_bitshift.u_accel/q_accum/p_0_out_i_303
INFO: [Physopt 32-662] Processed net u_accel/gen_nn_bitshift.u_accel/q_accum/p_0_out_i_69_n_0.  Did not re-place instance u_accel/gen_nn_bitshift.u_accel/q_accum/p_0_out_i_69
INFO: [Physopt 32-662] Processed net u_accel/gen_nn_bitshift.u_accel/q_accum/membrane_in[18].  Did not re-place instance u_accel/gen_nn_bitshift.u_accel/q_accum/p_0_out_i_7
INFO: [Physopt 32-662] Processed net u_accel/gen_nn_bitshift.u_accel/gen_hl2[20].membrane_buf/membrane_storage_reg[12]_578[18].  Did not re-place instance u_accel/gen_nn_bitshift.u_accel/gen_hl2[20].membrane_buf/membrane_storage_reg[12][18]
INFO: [Physopt 32-663] Processed net u_accel/gen_nn_bitshift.u_accel/gen_hl2[20].membrane_buf/membrane_to_q[20]_586[18].  Re-placed instance u_accel/gen_nn_bitshift.u_accel/gen_hl2[20].membrane_buf/p_0_out_i_617
INFO: [Physopt 32-662] Processed net u_accel/gen_nn_bitshift.u_accel/gen_hl2[20].membrane_buf/p_0_out_i_3517_n_0.  Did not re-place instance u_accel/gen_nn_bitshift.u_accel/gen_hl2[20].membrane_buf/p_0_out_i_3517
INFO: [Physopt 32-662] Processed net u_accel/gen_nn_bitshift.u_accel/q_accum/p_0_out_i_188_n_0.  Did not re-place instance u_accel/gen_nn_bitshift.u_accel/q_accum/p_0_out_i_188
INFO: [Physopt 32-662] Processed net u_accel/gen_nn_bitshift.u_accel/q_accum/membrane_in[17].  Did not re-place instance u_accel/gen_nn_bitshift.u_accel/q_accum/p_0_out_i_8
INFO: [Physopt 32-662] Processed net u_accel/gen_nn_bitshift.u_accel/gen_hl2[25].membrane_buf/membrane_storage_reg[8]_1029[17].  Did not re-place instance u_accel/gen_nn_bitshift.u_accel/gen_hl2[25].membrane_buf/membrane_storage_reg[8][17]
INFO: [Physopt 32-662] Processed net u_accel/gen_nn_bitshift.u_accel/gen_hl2[25].membrane_buf/p_0_out_i_1770_n_0.  Did not re-place instance u_accel/gen_nn_bitshift.u_accel/gen_hl2[25].membrane_buf/p_0_out_i_1770
INFO: [Physopt 32-663] Processed net u_accel/gen_nn_bitshift.u_accel/q_accum/p_0_out_i_203_n_0.  Re-placed instance u_accel/gen_nn_bitshift.u_accel/q_accum/p_0_out_i_203
INFO: [Physopt 32-662] Processed net u_accel/gen_nn_bitshift.u_accel/q_accum/p_0_out_i_51_n_0.  Did not re-place instance u_accel/gen_nn_bitshift.u_accel/q_accum/p_0_out_i_51
INFO: [Physopt 32-662] Processed net u_accel/gen_nn_bitshift.u_accel/q_accum/timestep_counter_reg[0]_rep__0_0.  Did not re-place instance u_accel/gen_nn_bitshift.u_accel/q_accum/timestep_counter_reg[0]_rep__0
INFO: [Physopt 32-662] Processed net u_accel/gen_nn_bitshift.u_accel/gen_hl2[10].membrane_buf/membrane_to_q[10]_775[3].  Did not re-place instance u_accel/gen_nn_bitshift.u_accel/gen_hl2[10].membrane_buf/p_0_out_i_2846
INFO: [Physopt 32-662] Processed net u_accel/gen_nn_bitshift.u_accel/gen_hl2[10].membrane_buf/p_0_out_i_6422_n_0.  Did not re-place instance u_accel/gen_nn_bitshift.u_accel/gen_hl2[10].membrane_buf/p_0_out_i_6422
INFO: [Physopt 32-662] Processed net u_accel/gen_nn_bitshift.u_accel/gen_hl2[10].membrane_buf/p_0_out_i_6423_n_0.  Did not re-place instance u_accel/gen_nn_bitshift.u_accel/gen_hl2[10].membrane_buf/p_0_out_i_6423
INFO: [Physopt 32-662] Processed net u_accel/gen_nn_bitshift.u_accel/gen_hl2[11].membrane_buf/batch_counter_reg[0]_rep__0_3.  Did not re-place instance u_accel/gen_nn_bitshift.u_accel/gen_hl2[11].membrane_buf/p_0_out_i_1181
INFO: [Physopt 32-662] Processed net u_accel/gen_nn_bitshift.u_accel/gen_hl2[10].membrane_buf/membrane_to_q[10]_775[23].  Did not re-place instance u_accel/gen_nn_bitshift.u_accel/gen_hl2[10].membrane_buf/p_0_out_i_1351
INFO: [Physopt 32-662] Processed net u_accel/gen_nn_bitshift.u_accel/gen_hl2[10].membrane_buf/p_0_out_i_5103_n_0.  Did not re-place instance u_accel/gen_nn_bitshift.u_accel/gen_hl2[10].membrane_buf/p_0_out_i_5103
INFO: [Physopt 32-662] Processed net u_accel/gen_nn_bitshift.u_accel/gen_hl2[11].membrane_buf/batch_counter_reg[0].  Did not re-place instance u_accel/gen_nn_bitshift.u_accel/gen_hl2[11].membrane_buf/p_0_out_i_461
INFO: [Physopt 32-662] Processed net u_accel/gen_nn_bitshift.u_accel/gen_hl2[0].membrane_buf/membrane_storage_reg[13]_822[13].  Did not re-place instance u_accel/gen_nn_bitshift.u_accel/gen_hl2[0].membrane_buf/membrane_storage_reg[13][13]
INFO: [Physopt 32-662] Processed net u_accel/gen_nn_bitshift.u_accel/gen_hl2[10].membrane_buf/p_0_out_i_6421_n_0.  Did not re-place instance u_accel/gen_nn_bitshift.u_accel/gen_hl2[10].membrane_buf/p_0_out_i_6421
INFO: [Physopt 32-663] Processed net u_accel/gen_nn_bitshift.u_accel/gen_hl2[26].membrane_buf/membrane_storage_reg[10]_1202[22].  Re-placed instance u_accel/gen_nn_bitshift.u_accel/gen_hl2[26].membrane_buf/membrane_storage_reg[10][22]
INFO: [Physopt 32-662] Processed net u_accel/gen_nn_bitshift.u_accel/gen_hl2[26].membrane_buf/p_0_out_i_1404_n_0.  Did not re-place instance u_accel/gen_nn_bitshift.u_accel/gen_hl2[26].membrane_buf/p_0_out_i_1404
INFO: [Physopt 32-663] Processed net u_accel/gen_nn_bitshift.u_accel/q_accum/p_0_out_i_140_n_0.  Re-placed instance u_accel/gen_nn_bitshift.u_accel/q_accum/p_0_out_i_140
INFO: [Physopt 32-662] Processed net u_accel/gen_nn_bitshift.u_accel/q_accum/p_0_out_i_31_n_0.  Did not re-place instance u_accel/gen_nn_bitshift.u_accel/q_accum/p_0_out_i_31
INFO: [Physopt 32-662] Processed net u_accel/gen_nn_bitshift.u_accel/gen_hl2[9].membrane_buf/membrane_storage_reg[13]_795[23].  Did not re-place instance u_accel/gen_nn_bitshift.u_accel/gen_hl2[9].membrane_buf/membrane_storage_reg[13][23]
INFO: [Physopt 32-662] Processed net u_accel/gen_nn_bitshift.u_accel/gen_hl2[9].membrane_buf/membrane_to_q[9]_802[23].  Did not re-place instance u_accel/gen_nn_bitshift.u_accel/gen_hl2[9].membrane_buf/p_0_out_i_1347
INFO: [Physopt 32-662] Processed net u_accel/gen_nn_bitshift.u_accel/gen_hl2[9].membrane_buf/p_0_out_i_5089_n_0.  Did not re-place instance u_accel/gen_nn_bitshift.u_accel/gen_hl2[9].membrane_buf/p_0_out_i_5089
INFO: [Physopt 32-662] Processed net u_accel/gen_nn_bitshift.u_accel/q_accum/p_0_out_i_460_n_0.  Did not re-place instance u_accel/gen_nn_bitshift.u_accel/q_accum/p_0_out_i_460
INFO: [Physopt 32-662] Processed net u_accel/gen_nn_bitshift.u_accel/gen_hl2[10].membrane_buf/p_0_out_i_6420_n_0.  Did not re-place instance u_accel/gen_nn_bitshift.u_accel/gen_hl2[10].membrane_buf/p_0_out_i_6420
INFO: [Physopt 32-662] Processed net u_accel/gen_nn_bitshift.u_accel/gen_hl2[26].membrane_buf/membrane_storage_reg[13]_1205[21].  Did not re-place instance u_accel/gen_nn_bitshift.u_accel/gen_hl2[26].membrane_buf/membrane_storage_reg[13][21]
INFO: [Physopt 32-663] Processed net u_accel/gen_nn_bitshift.u_accel/gen_hl2[26].membrane_buf/membrane_storage_reg[11]_1203[17].  Re-placed instance u_accel/gen_nn_bitshift.u_accel/gen_hl2[26].membrane_buf/membrane_storage_reg[11][17]
INFO: [Physopt 32-662] Processed net u_accel/gen_nn_bitshift.u_accel/gen_hl2[26].membrane_buf/p_0_out_i_1774_n_0.  Did not re-place instance u_accel/gen_nn_bitshift.u_accel/gen_hl2[26].membrane_buf/p_0_out_i_1774
INFO: [Physopt 32-663] Processed net u_accel/gen_nn_bitshift.u_accel/gen_hl2[28].membrane_buf/membrane_storage_reg[7]_1179[9].  Re-placed instance u_accel/gen_nn_bitshift.u_accel/gen_hl2[28].membrane_buf/membrane_storage_reg[7][9]
INFO: [Physopt 32-662] Processed net u_accel/gen_nn_bitshift.u_accel/gen_hl2[28].membrane_buf/p_0_out_i_4253_n_0.  Did not re-place instance u_accel/gen_nn_bitshift.u_accel/gen_hl2[28].membrane_buf/p_0_out_i_4253
INFO: [Physopt 32-662] Processed net u_accel/gen_nn_bitshift.u_accel/gen_hl2[29].membrane_buf/batch_counter_reg[0]_rep_10.  Did not re-place instance u_accel/gen_nn_bitshift.u_accel/gen_hl2[29].membrane_buf/p_0_out_i_309
INFO: [Physopt 32-663] Processed net u_accel/gen_nn_bitshift.u_accel/q_accum/p_0_out_i_204_n_0.  Re-placed instance u_accel/gen_nn_bitshift.u_accel/q_accum/p_0_out_i_204
INFO: [Physopt 32-662] Processed net u_accel/gen_nn_bitshift.u_accel/q_accum/p_0_out_i_84_n_0.  Did not re-place instance u_accel/gen_nn_bitshift.u_accel/q_accum/p_0_out_i_84
INFO: [Physopt 32-662] Processed net u_accel/gen_nn_bitshift.u_accel/q_accum/membrane_in[14].  Did not re-place instance u_accel/gen_nn_bitshift.u_accel/q_accum/p_0_out_i_11
INFO: [Physopt 32-663] Processed net u_accel/gen_nn_bitshift.u_accel/gen_hl2[9].membrane_buf/membrane_storage_reg[1]_783[14].  Re-placed instance u_accel/gen_nn_bitshift.u_accel/gen_hl2[9].membrane_buf/membrane_storage_reg[1][14]
INFO: [Physopt 32-662] Processed net u_accel/gen_nn_bitshift.u_accel/gen_hl2[9].membrane_buf/membrane_to_q[9]_802[14].  Did not re-place instance u_accel/gen_nn_bitshift.u_accel/gen_hl2[9].membrane_buf/p_0_out_i_2021
INFO: [Physopt 32-662] Processed net u_accel/gen_nn_bitshift.u_accel/gen_hl2[9].membrane_buf/p_0_out_i_5682_n_0.  Did not re-place instance u_accel/gen_nn_bitshift.u_accel/gen_hl2[9].membrane_buf/p_0_out_i_5682
INFO: [Physopt 32-662] Processed net u_accel/gen_nn_bitshift.u_accel/q_accum/p_0_out_i_65_n_0.  Did not re-place instance u_accel/gen_nn_bitshift.u_accel/q_accum/p_0_out_i_65
INFO: [Physopt 32-662] Processed net u_accel/gen_nn_bitshift.u_accel/q_accum/p_0_out_i_786_n_0.  Did not re-place instance u_accel/gen_nn_bitshift.u_accel/q_accum/p_0_out_i_786
INFO: [Physopt 32-662] Processed net u_accel/gen_nn_bitshift.u_accel/gen_hl2[13].membrane_buf/batch_counter_reg[0]_rep.  Did not re-place instance u_accel/gen_nn_bitshift.u_accel/gen_hl2[13].membrane_buf/p_0_out_i_458
INFO: [Physopt 32-663] Processed net u_accel/gen_nn_bitshift.u_accel/gen_hl2[13].membrane_buf/membrane_storage_reg[0]_674[23].  Re-placed instance u_accel/gen_nn_bitshift.u_accel/gen_hl2[13].membrane_buf/membrane_storage_reg[0][23]
INFO: [Physopt 32-662] Processed net u_accel/gen_nn_bitshift.u_accel/gen_hl2[13].membrane_buf/membrane_to_q[13]_694[23].  Did not re-place instance u_accel/gen_nn_bitshift.u_accel/gen_hl2[13].membrane_buf/p_0_out_i_1342
INFO: [Physopt 32-662] Processed net u_accel/gen_nn_bitshift.u_accel/gen_hl2[13].membrane_buf/p_0_out_i_5074_n_0.  Did not re-place instance u_accel/gen_nn_bitshift.u_accel/gen_hl2[13].membrane_buf/p_0_out_i_5074
INFO: [Physopt 32-663] Processed net u_accel/gen_nn_bitshift.u_accel/gen_hl2[16].membrane_buf/membrane_storage_reg[0]_917[21].  Re-placed instance u_accel/gen_nn_bitshift.u_accel/gen_hl2[16].membrane_buf/membrane_storage_reg[0][21]
INFO: [Physopt 32-662] Processed net u_accel/gen_nn_bitshift.u_accel/gen_hl2[16].membrane_buf/p_0_out_i_5188_n_0.  Did not re-place instance u_accel/gen_nn_bitshift.u_accel/gen_hl2[16].membrane_buf/p_0_out_i_5188
INFO: [Physopt 32-662] Processed net u_accel/gen_nn_bitshift.u_accel/gen_hl2[17].membrane_buf/batch_counter_reg[0]_20.  Did not re-place instance u_accel/gen_nn_bitshift.u_accel/gen_hl2[17].membrane_buf/p_0_out_i_508
INFO: [Physopt 32-662] Processed net u_accel/gen_nn_bitshift.u_accel/gen_hl2[9].membrane_buf/membrane_storage_reg[0]_782[13].  Did not re-place instance u_accel/gen_nn_bitshift.u_accel/gen_hl2[9].membrane_buf/membrane_storage_reg[0][13]
INFO: [Physopt 32-662] Processed net u_accel/gen_nn_bitshift.u_accel/gen_hl2[9].membrane_buf/membrane_storage_reg[4]_786[13].  Did not re-place instance u_accel/gen_nn_bitshift.u_accel/gen_hl2[9].membrane_buf/membrane_storage_reg[4][13]
INFO: [Physopt 32-662] Processed net u_accel/gen_nn_bitshift.u_accel/gen_hl2[9].membrane_buf/membrane_to_q[9]_802[13].  Did not re-place instance u_accel/gen_nn_bitshift.u_accel/gen_hl2[9].membrane_buf/p_0_out_i_2097
INFO: [Physopt 32-662] Processed net u_accel/gen_nn_bitshift.u_accel/gen_hl2[9].membrane_buf/p_0_out_i_5746_n_0.  Did not re-place instance u_accel/gen_nn_bitshift.u_accel/gen_hl2[9].membrane_buf/p_0_out_i_5746
INFO: [Physopt 32-662] Processed net u_accel/gen_nn_bitshift.u_accel/gen_hl2[9].membrane_buf/p_0_out_i_5747_n_0.  Did not re-place instance u_accel/gen_nn_bitshift.u_accel/gen_hl2[9].membrane_buf/p_0_out_i_5747
INFO: [Physopt 32-662] Processed net u_accel/gen_nn_bitshift.u_accel/q_accum/p_0_out_i_148_n_0.  Did not re-place instance u_accel/gen_nn_bitshift.u_accel/q_accum/p_0_out_i_148
INFO: [Physopt 32-662] Processed net u_accel/gen_nn_bitshift.u_accel/q_accum/p_0_out_i_824_n_0.  Did not re-place instance u_accel/gen_nn_bitshift.u_accel/q_accum/p_0_out_i_824
INFO: [Physopt 32-662] Processed net u_accel/gen_nn_bitshift.u_accel/q_accum/membrane_in[5].  Did not re-place instance u_accel/gen_nn_bitshift.u_accel/q_accum/p_0_out_i_20
INFO: [Physopt 32-663] Processed net u_accel/gen_nn_bitshift.u_accel/gen_hl2[0].membrane_buf/membrane_storage_reg[12]_821[5].  Re-placed instance u_accel/gen_nn_bitshift.u_accel/gen_hl2[0].membrane_buf/membrane_storage_reg[12][5]
INFO: [Physopt 32-663] Processed net u_accel/gen_nn_bitshift.u_accel/gen_hl2[0].membrane_buf/membrane_to_q[0]_829[5].  Re-placed instance u_accel/gen_nn_bitshift.u_accel/gen_hl2[0].membrane_buf/p_0_out_i_2709
INFO: [Physopt 32-662] Processed net u_accel/gen_nn_bitshift.u_accel/gen_hl2[0].membrane_buf/p_0_out_i_6301_n_0.  Did not re-place instance u_accel/gen_nn_bitshift.u_accel/gen_hl2[0].membrane_buf/p_0_out_i_6301
INFO: [Physopt 32-662] Processed net u_accel/gen_nn_bitshift.u_accel/gen_hl2[1].membrane_buf/timestep_counter_reg[4]_17.  Did not re-place instance u_accel/gen_nn_bitshift.u_accel/gen_hl2[1].membrane_buf/p_0_out_i_1110
INFO: [Physopt 32-662] Processed net u_accel/gen_nn_bitshift.u_accel/q_accum/p_0_out_i_101_n_0.  Did not re-place instance u_accel/gen_nn_bitshift.u_accel/q_accum/p_0_out_i_101
INFO: [Physopt 32-662] Processed net u_accel/gen_nn_bitshift.u_accel/gen_hl2[0].membrane_buf/membrane_storage_reg[12]_821[23].  Did not re-place instance u_accel/gen_nn_bitshift.u_accel/gen_hl2[0].membrane_buf/membrane_storage_reg[12][23]
INFO: [Physopt 32-663] Processed net u_accel/gen_nn_bitshift.u_accel/gen_hl2[0].membrane_buf/membrane_storage_reg[5]_814[23].  Re-placed instance u_accel/gen_nn_bitshift.u_accel/gen_hl2[0].membrane_buf/membrane_storage_reg[5][23]
INFO: [Physopt 32-662] Processed net u_accel/gen_nn_bitshift.u_accel/gen_hl2[0].membrane_buf/p_0_out_i_5111_n_0.  Did not re-place instance u_accel/gen_nn_bitshift.u_accel/gen_hl2[0].membrane_buf/p_0_out_i_5111
INFO: [Physopt 32-662] Processed net u_accel/gen_nn_bitshift.u_accel/gen_hl2[10].membrane_buf/membrane_storage_reg[9]_764[23].  Did not re-place instance u_accel/gen_nn_bitshift.u_accel/gen_hl2[10].membrane_buf/membrane_storage_reg[9][23]
INFO: [Physopt 32-662] Processed net u_accel/gen_nn_bitshift.u_accel/gen_hl2[10].membrane_buf/p_0_out_i_5100_n_0.  Did not re-place instance u_accel/gen_nn_bitshift.u_accel/gen_hl2[10].membrane_buf/p_0_out_i_5100
INFO: [Physopt 32-662] Processed net u_accel/gen_nn_bitshift.u_accel/q_accum/membrane_in[16].  Did not re-place instance u_accel/gen_nn_bitshift.u_accel/q_accum/p_0_out_i_9
INFO: [Physopt 32-662] Processed net u_accel/gen_nn_bitshift.u_accel/gen_hl2[10].membrane_buf/membrane_storage_reg[11]_766[16].  Did not re-place instance u_accel/gen_nn_bitshift.u_accel/gen_hl2[10].membrane_buf/membrane_storage_reg[11][16]
INFO: [Physopt 32-662] Processed net u_accel/gen_nn_bitshift.u_accel/gen_hl2[10].membrane_buf/membrane_to_q[10]_775[16].  Did not re-place instance u_accel/gen_nn_bitshift.u_accel/gen_hl2[10].membrane_buf/p_0_out_i_1873
INFO: [Physopt 32-662] Processed net u_accel/gen_nn_bitshift.u_accel/gen_hl2[10].membrane_buf/p_0_out_i_5564_n_0.  Did not re-place instance u_accel/gen_nn_bitshift.u_accel/gen_hl2[10].membrane_buf/p_0_out_i_5564
INFO: [Physopt 32-662] Processed net u_accel/gen_nn_bitshift.u_accel/gen_hl2[11].membrane_buf/batch_counter_reg[0]_6.  Did not re-place instance u_accel/gen_nn_bitshift.u_accel/gen_hl2[11].membrane_buf/p_0_out_i_711
INFO: [Physopt 32-662] Processed net u_accel/gen_nn_bitshift.u_accel/q_accum/p_0_out_i_57_n_0.  Did not re-place instance u_accel/gen_nn_bitshift.u_accel/q_accum/p_0_out_i_57
INFO: [Physopt 32-662] Processed net u_accel/gen_nn_bitshift.u_accel/q_accum/membrane_in[1].  Did not re-place instance u_accel/gen_nn_bitshift.u_accel/q_accum/p_0_out_i_24
INFO: [Physopt 32-662] Processed net u_accel/gen_nn_bitshift.u_accel/gen_hl2[10].membrane_buf/membrane_storage_reg[8]_763[1].  Did not re-place instance u_accel/gen_nn_bitshift.u_accel/gen_hl2[10].membrane_buf/membrane_storage_reg[8][1]
INFO: [Physopt 32-663] Processed net u_accel/gen_nn_bitshift.u_accel/gen_hl2[10].membrane_buf/membrane_to_q[10]_775[1].  Re-placed instance u_accel/gen_nn_bitshift.u_accel/gen_hl2[10].membrane_buf/p_0_out_i_2998
INFO: [Physopt 32-662] Processed net u_accel/gen_nn_bitshift.u_accel/gen_hl2[10].membrane_buf/p_0_out_i_6548_n_0.  Did not re-place instance u_accel/gen_nn_bitshift.u_accel/gen_hl2[10].membrane_buf/p_0_out_i_6548
INFO: [Physopt 32-662] Processed net u_accel/gen_nn_bitshift.u_accel/gen_hl2[11].membrane_buf/batch_counter_reg[0]_rep__0_5.  Did not re-place instance u_accel/gen_nn_bitshift.u_accel/gen_hl2[11].membrane_buf/p_0_out_i_1257
INFO: [Physopt 32-662] Processed net u_accel/gen_nn_bitshift.u_accel/q_accum/p_0_out_i_117_n_0.  Did not re-place instance u_accel/gen_nn_bitshift.u_accel/q_accum/p_0_out_i_117
INFO: [Physopt 32-662] Processed net u_accel/gen_nn_bitshift.u_accel/q_accum/timestep_counter_reg[1]_rep__0_0.  Did not re-place instance u_accel/gen_nn_bitshift.u_accel/q_accum/timestep_counter_reg[1]_rep__0
INFO: [Physopt 32-662] Processed net u_accel/gen_nn_bitshift.u_accel/q_accum/membrane_in[4].  Did not re-place instance u_accel/gen_nn_bitshift.u_accel/q_accum/p_0_out_i_21
INFO: [Physopt 32-663] Processed net u_accel/gen_nn_bitshift.u_accel/gen_hl2[16].membrane_buf/membrane_storage_reg[11]_928[9].  Re-placed instance u_accel/gen_nn_bitshift.u_accel/gen_hl2[16].membrane_buf/membrane_storage_reg[11][9]
INFO: [Common 17-14] Message 'Physopt 32-663' appears 100 times and further instances of the messages will be disabled. Use the Tcl command set_msg_config to change the current settings.
INFO: [Physopt 32-662] Processed net u_accel/gen_nn_bitshift.u_accel/gen_hl2[20].membrane_buf/p_0_out_i_4668_n_0.  Did not re-place instance u_accel/gen_nn_bitshift.u_accel/gen_hl2[20].membrane_buf/p_0_out_i_4668
INFO: [Physopt 32-662] Processed net u_accel/gen_nn_bitshift.u_accel/q_accum/p_0_out_i_366_n_0.  Did not re-place instance u_accel/gen_nn_bitshift.u_accel/q_accum/p_0_out_i_366
INFO: [Physopt 32-662] Processed net u_accel/gen_nn_bitshift.u_accel/q_accum/membrane_in[20].  Did not re-place instance u_accel/gen_nn_bitshift.u_accel/q_accum/p_0_out_i_5
INFO: [Physopt 32-662] Processed net u_accel/gen_nn_bitshift.u_accel/gen_hl2[10].membrane_buf/membrane_storage_reg[9]_764[14].  Did not re-place instance u_accel/gen_nn_bitshift.u_accel/gen_hl2[10].membrane_buf/membrane_storage_reg[9][14]
INFO: [Physopt 32-662] Processed net u_accel/gen_nn_bitshift.u_accel/gen_hl2[10].membrane_buf/p_0_out_i_5692_n_0.  Did not re-place instance u_accel/gen_nn_bitshift.u_accel/gen_hl2[10].membrane_buf/p_0_out_i_5692
INFO: [Physopt 32-662] Processed net u_accel/gen_nn_bitshift.u_accel/gen_hl2[11].membrane_buf/batch_counter_reg[0]_2.  Did not re-place instance u_accel/gen_nn_bitshift.u_accel/gen_hl2[11].membrane_buf/p_0_out_i_575
INFO: [Physopt 32-662] Processed net u_accel/gen_nn_bitshift.u_accel/gen_hl2[11].membrane_buf/batch_counter_reg[0]_8.  Did not re-place instance u_accel/gen_nn_bitshift.u_accel/gen_hl2[11].membrane_buf/p_0_out_i_787
INFO: [Physopt 32-662] Processed net u_accel/gen_nn_bitshift.u_accel/gen_hl2[11].membrane_buf/membrane_to_q[11]_748[20].  Did not re-place instance u_accel/gen_nn_bitshift.u_accel/gen_hl2[11].membrane_buf/p_0_out_i_1578
INFO: [Physopt 32-662] Processed net u_accel/gen_nn_bitshift.u_accel/gen_hl2[11].membrane_buf/p_0_out_i_5290_n_0.  Did not re-place instance u_accel/gen_nn_bitshift.u_accel/gen_hl2[11].membrane_buf/p_0_out_i_5290
INFO: [Physopt 32-662] Processed net u_accel/gen_nn_bitshift.u_accel/gen_hl2[7].membrane_buf/p_0_out_i_3960_n_0.  Did not re-place instance u_accel/gen_nn_bitshift.u_accel/gen_hl2[7].membrane_buf/p_0_out_i_3960
INFO: [Physopt 32-662] Processed net u_accel/gen_nn_bitshift.u_accel/q_accum/p_0_out_i_262_n_0.  Did not re-place instance u_accel/gen_nn_bitshift.u_accel/q_accum/p_0_out_i_262
INFO: [Physopt 32-662] Processed net u_accel/gen_nn_bitshift.u_accel/q_accum/p_0_out_i_41_n_0.  Did not re-place instance u_accel/gen_nn_bitshift.u_accel/q_accum/p_0_out_i_41
INFO: [Physopt 32-662] Processed net u_accel/gen_nn_bitshift.u_accel/gen_hl2[26].membrane_buf/membrane_storage_reg[8]_1200[21].  Did not re-place instance u_accel/gen_nn_bitshift.u_accel/gen_hl2[26].membrane_buf/membrane_storage_reg[8][21]
INFO: [Physopt 32-662] Processed net u_accel/gen_nn_bitshift.u_accel/gen_hl2[26].membrane_buf/p_0_out_i_1480_n_0.  Did not re-place instance u_accel/gen_nn_bitshift.u_accel/gen_hl2[26].membrane_buf/p_0_out_i_1480
INFO: [Physopt 32-662] Processed net u_accel/gen_nn_bitshift.u_accel/gen_hl2[10].membrane_buf/p_0_out_i_5565_n_0.  Did not re-place instance u_accel/gen_nn_bitshift.u_accel/gen_hl2[10].membrane_buf/p_0_out_i_5565
INFO: [Physopt 32-662] Processed net u_accel/gen_nn_bitshift.u_accel/q_accum/membrane_in[19].  Did not re-place instance u_accel/gen_nn_bitshift.u_accel/q_accum/p_0_out_i_6
INFO: [Physopt 32-662] Processed net u_accel/gen_nn_bitshift.u_accel/gen_hl2[10].membrane_buf/membrane_storage_reg[11]_766[19].  Did not re-place instance u_accel/gen_nn_bitshift.u_accel/gen_hl2[10].membrane_buf/membrane_storage_reg[11][19]
INFO: [Physopt 32-662] Processed net u_accel/gen_nn_bitshift.u_accel/gen_hl2[10].membrane_buf/p_0_out_i_5364_n_0.  Did not re-place instance u_accel/gen_nn_bitshift.u_accel/gen_hl2[10].membrane_buf/p_0_out_i_5364
INFO: [Physopt 32-662] Processed net u_accel/gen_nn_bitshift.u_accel/gen_hl2[11].membrane_buf/batch_counter_reg[0]_3.  Did not re-place instance u_accel/gen_nn_bitshift.u_accel/gen_hl2[11].membrane_buf/p_0_out_i_605
INFO: [Physopt 32-662] Processed net u_accel/gen_nn_bitshift.u_accel/q_accum/p_0_out_i_45_n_0.  Did not re-place instance u_accel/gen_nn_bitshift.u_accel/q_accum/p_0_out_i_45
INFO: [Physopt 32-662] Processed net u_accel/gen_nn_bitshift.u_accel/gen_hl2[30].hl2_lif/mul_scaled_result_reg[37]_i_1__80_n_0.  Did not re-place instance u_accel/gen_nn_bitshift.u_accel/gen_hl2[30].hl2_lif/mul_scaled_result_reg[37]_i_1__80
INFO: [Physopt 32-662] Processed net u_accel/gen_nn_bitshift.u_accel/gen_hl2[30].hl2_lif/mul_scaled_result_reg_reg_n_0_[37].  Did not re-place instance u_accel/gen_nn_bitshift.u_accel/gen_hl2[30].hl2_lif/mul_scaled_result_reg_reg[37]
INFO: [Physopt 32-662] Processed net u_accel/gen_nn_bitshift.u_accel/gen_hl2[9].membrane_buf/membrane_storage_reg[5]_787[13].  Did not re-place instance u_accel/gen_nn_bitshift.u_accel/gen_hl2[9].membrane_buf/membrane_storage_reg[5][13]
INFO: [Physopt 32-662] Processed net u_accel/gen_nn_bitshift.u_accel/gen_hl1_lif[22].hl1_lif/mul_scaled_result_reg[29]_i_1__26_n_0.  Did not re-place instance u_accel/gen_nn_bitshift.u_accel/gen_hl1_lif[22].hl1_lif/mul_scaled_result_reg[29]_i_1__26
INFO: [Physopt 32-662] Processed net u_accel/gen_nn_bitshift.u_accel/gen_hl1_lif[22].hl1_lif/mul_scaled_result_reg_reg_n_0_[29].  Did not re-place instance u_accel/gen_nn_bitshift.u_accel/gen_hl1_lif[22].hl1_lif/mul_scaled_result_reg_reg[29]
INFO: [Physopt 32-662] Processed net u_accel/gen_nn_bitshift.u_accel/gen_hl2[13].membrane_buf/p_0_out_i_5073_n_0.  Did not re-place instance u_accel/gen_nn_bitshift.u_accel/gen_hl2[13].membrane_buf/p_0_out_i_5073
INFO: [Physopt 32-662] Processed net u_accel/gen_nn_bitshift.u_accel/gen_hl2[7].membrane_buf/membrane_storage_reg[12]_848[13].  Did not re-place instance u_accel/gen_nn_bitshift.u_accel/gen_hl2[7].membrane_buf/membrane_storage_reg[12][13]
INFO: [Physopt 32-662] Processed net u_accel/gen_nn_bitshift.u_accel/gen_hl2[7].membrane_buf/p_0_out_i_3959_n_0.  Did not re-place instance u_accel/gen_nn_bitshift.u_accel/gen_hl2[7].membrane_buf/p_0_out_i_3959
INFO: [Physopt 32-662] Processed net u_accel/gen_nn_bitshift.u_accel/q_accum/timestep_counter_reg[1]_rep_0.  Did not re-place instance u_accel/gen_nn_bitshift.u_accel/q_accum/timestep_counter_reg[1]_rep
INFO: [Physopt 32-662] Processed net u_accel/gen_nn_bitshift.u_accel/gen_hl2[0].membrane_buf/membrane_storage_reg[8]_817[23].  Did not re-place instance u_accel/gen_nn_bitshift.u_accel/gen_hl2[0].membrane_buf/membrane_storage_reg[8][23]
INFO: [Physopt 32-662] Processed net u_accel/gen_nn_bitshift.u_accel/gen_hl2[9].membrane_buf/p_0_out_i_5744_n_0.  Did not re-place instance u_accel/gen_nn_bitshift.u_accel/gen_hl2[9].membrane_buf/p_0_out_i_5744
INFO: [Physopt 32-662] Processed net u_accel/gen_nn_bitshift.u_accel/gen_hl2[26].membrane_buf/membrane_storage_reg[2]_1194[13].  Did not re-place instance u_accel/gen_nn_bitshift.u_accel/gen_hl2[26].membrane_buf/membrane_storage_reg[2][13]
INFO: [Physopt 32-662] Processed net u_accel/gen_nn_bitshift.u_accel/gen_hl2[26].membrane_buf/p_0_out_i_2076_n_0.  Did not re-place instance u_accel/gen_nn_bitshift.u_accel/gen_hl2[26].membrane_buf/p_0_out_i_2076
INFO: [Physopt 32-662] Processed net u_accel/gen_nn_bitshift.u_accel/q_accum/p_0_out_i_256_n_0.  Did not re-place instance u_accel/gen_nn_bitshift.u_accel/q_accum/p_0_out_i_256
INFO: [Physopt 32-662] Processed net u_accel/gen_nn_bitshift.u_accel/q_accum/p_0_out_i_67_n_0.  Did not re-place instance u_accel/gen_nn_bitshift.u_accel/q_accum/p_0_out_i_67
INFO: [Physopt 32-662] Processed net u_accel/gen_nn_bitshift.u_accel/gen_hl2[11].membrane_buf/membrane_storage_reg[13]_741[20].  Did not re-place instance u_accel/gen_nn_bitshift.u_accel/gen_hl2[11].membrane_buf/membrane_storage_reg[13][20]
INFO: [Physopt 32-662] Processed net u_accel/gen_nn_bitshift.u_accel/gen_hl2[11].membrane_buf/p_0_out_i_5289_n_0.  Did not re-place instance u_accel/gen_nn_bitshift.u_accel/gen_hl2[11].membrane_buf/p_0_out_i_5289
INFO: [Physopt 32-662] Processed net u_accel/gen_nn_bitshift.u_accel/gen_hl2[1].membrane_buf/membrane_storage_reg[13]_1112[23].  Did not re-place instance u_accel/gen_nn_bitshift.u_accel/gen_hl2[1].membrane_buf/membrane_storage_reg[13][23]
INFO: [Physopt 32-662] Processed net u_accel/gen_nn_bitshift.u_accel/gen_hl2[1].membrane_buf/p_0_out_i_5107_n_0.  Did not re-place instance u_accel/gen_nn_bitshift.u_accel/gen_hl2[1].membrane_buf/p_0_out_i_5107
INFO: [Physopt 32-662] Processed net u_accel/gen_nn_bitshift.u_accel/gen_hl1_lif[56].hl1_lif/mul_scaled_result_reg[37]_i_1__1_n_0.  Did not re-place instance u_accel/gen_nn_bitshift.u_accel/gen_hl1_lif[56].hl1_lif/mul_scaled_result_reg[37]_i_1__1
INFO: [Physopt 32-662] Processed net u_accel/gen_nn_bitshift.u_accel/gen_hl1_lif[56].hl1_lif/mul_scaled_result_reg_reg_n_0_[37].  Did not re-place instance u_accel/gen_nn_bitshift.u_accel/gen_hl1_lif[56].hl1_lif/mul_scaled_result_reg_reg[37]
INFO: [Physopt 32-662] Processed net u_accel/gen_nn_bitshift.u_accel/gen_hl2[6].membrane_buf/membrane_storage_reg[5]_862[23].  Did not re-place instance u_accel/gen_nn_bitshift.u_accel/gen_hl2[6].membrane_buf/membrane_storage_reg[5][23]
INFO: [Physopt 32-662] Processed net u_accel/gen_nn_bitshift.u_accel/q_accum/membrane_in[10].  Did not re-place instance u_accel/gen_nn_bitshift.u_accel/q_accum/p_0_out_i_15
INFO: [Physopt 32-662] Processed net u_accel/gen_nn_bitshift.u_accel/gen_hl2[4].membrane_buf/p_0_out_i_4210_n_0.  Did not re-place instance u_accel/gen_nn_bitshift.u_accel/gen_hl2[4].membrane_buf/p_0_out_i_4210
INFO: [Physopt 32-662] Processed net u_accel/gen_nn_bitshift.u_accel/q_accum/p_0_out_i_81_n_0.  Did not re-place instance u_accel/gen_nn_bitshift.u_accel/q_accum/p_0_out_i_81
INFO: [Physopt 32-662] Processed net u_accel/gen_nn_bitshift.u_accel/gen_hl2[20].membrane_buf/p_0_out_i_4751_n_0.  Did not re-place instance u_accel/gen_nn_bitshift.u_accel/gen_hl2[20].membrane_buf/p_0_out_i_4751
INFO: [Physopt 32-662] Processed net u_accel/gen_nn_bitshift.u_accel/q_accum/p_0_out_i_379_n_0.  Did not re-place instance u_accel/gen_nn_bitshift.u_accel/q_accum/p_0_out_i_379
INFO: [Physopt 32-662] Processed net u_accel/gen_nn_bitshift.u_accel/gen_hl2[10].membrane_buf/membrane_storage_reg[8]_763[3].  Did not re-place instance u_accel/gen_nn_bitshift.u_accel/gen_hl2[10].membrane_buf/membrane_storage_reg[8][3]
INFO: [Physopt 32-662] Processed net u_accel/gen_nn_bitshift.u_accel/gen_hl2[6].membrane_buf/membrane_storage_reg[9]_866[23].  Did not re-place instance u_accel/gen_nn_bitshift.u_accel/gen_hl2[6].membrane_buf/membrane_storage_reg[9][23]
INFO: [Physopt 32-662] Processed net u_accel/gen_nn_bitshift.u_accel/gen_hl2[6].membrane_buf/p_0_out_i_3146_n_0.  Did not re-place instance u_accel/gen_nn_bitshift.u_accel/gen_hl2[6].membrane_buf/p_0_out_i_3146
INFO: [Physopt 32-662] Processed net u_accel/gen_nn_bitshift.u_accel/gen_hl2[10].membrane_buf/membrane_storage_reg[9]_764[16].  Did not re-place instance u_accel/gen_nn_bitshift.u_accel/gen_hl2[10].membrane_buf/membrane_storage_reg[9][16]
INFO: [Physopt 32-662] Processed net u_accel/gen_nn_bitshift.u_accel/gen_hl2[13].membrane_buf/batch_counter_reg[0]_rep__0_3.  Did not re-place instance u_accel/gen_nn_bitshift.u_accel/gen_hl2[13].membrane_buf/p_0_out_i_1178
INFO: [Physopt 32-662] Processed net u_accel/gen_nn_bitshift.u_accel/gen_hl2[13].membrane_buf/membrane_to_q[13]_694[3].  Did not re-place instance u_accel/gen_nn_bitshift.u_accel/gen_hl2[13].membrane_buf/p_0_out_i_2837
INFO: [Physopt 32-662] Processed net u_accel/gen_nn_bitshift.u_accel/gen_hl2[13].membrane_buf/p_0_out_i_6394_n_0.  Did not re-place instance u_accel/gen_nn_bitshift.u_accel/gen_hl2[13].membrane_buf/p_0_out_i_6394
INFO: [Physopt 32-662] Processed net u_accel/gen_nn_bitshift.u_accel/gen_hl2[11].membrane_buf/membrane_to_q[11]_748[23].  Did not re-place instance u_accel/gen_nn_bitshift.u_accel/gen_hl2[11].membrane_buf/p_0_out_i_1350
INFO: [Physopt 32-662] Processed net u_accel/gen_nn_bitshift.u_accel/gen_hl2[11].membrane_buf/p_0_out_i_5098_n_0.  Did not re-place instance u_accel/gen_nn_bitshift.u_accel/gen_hl2[11].membrane_buf/p_0_out_i_5098
INFO: [Physopt 32-662] Processed net u_accel/gen_nn_bitshift.u_accel/gen_hl2[16].membrane_buf/membrane_storage_reg[13]_930[21].  Did not re-place instance u_accel/gen_nn_bitshift.u_accel/gen_hl2[16].membrane_buf/membrane_storage_reg[13][21]
INFO: [Physopt 32-662] Processed net u_accel/gen_nn_bitshift.u_accel/gen_hl2[16].membrane_buf/p_0_out_i_5191_n_0.  Did not re-place instance u_accel/gen_nn_bitshift.u_accel/gen_hl2[16].membrane_buf/p_0_out_i_5191
INFO: [Physopt 32-662] Processed net u_accel/gen_nn_bitshift.u_accel/gen_hl2[9].membrane_buf/p_0_out_i_5088_n_0.  Did not re-place instance u_accel/gen_nn_bitshift.u_accel/gen_hl2[9].membrane_buf/p_0_out_i_5088
INFO: [Physopt 32-662] Processed net u_accel/gen_nn_bitshift.u_accel/q_accum/membrane_in[6].  Did not re-place instance u_accel/gen_nn_bitshift.u_accel/q_accum/p_0_out_i_19
INFO: [Physopt 32-662] Processed net u_accel/gen_nn_bitshift.u_accel/gen_hl2[25].membrane_buf/p_0_out_i_4505_n_0.  Did not re-place instance u_accel/gen_nn_bitshift.u_accel/gen_hl2[25].membrane_buf/p_0_out_i_4505
INFO: [Physopt 32-662] Processed net u_accel/gen_nn_bitshift.u_accel/q_accum/p_0_out_i_1052_n_0.  Did not re-place instance u_accel/gen_nn_bitshift.u_accel/q_accum/p_0_out_i_1052
INFO: [Physopt 32-662] Processed net u_accel/gen_nn_bitshift.u_accel/gen_hl2[17].membrane_buf/p_0_out_i_5249_n_0.  Did not re-place instance u_accel/gen_nn_bitshift.u_accel/gen_hl2[17].membrane_buf/p_0_out_i_5249
INFO: [Physopt 32-662] Processed net u_accel/gen_nn_bitshift.u_accel/q_accum/p_0_out_i_161_n_0.  Did not re-place instance u_accel/gen_nn_bitshift.u_accel/q_accum/p_0_out_i_161
INFO: [Physopt 32-662] Processed net u_accel/gen_nn_bitshift.u_accel/gen_hl2[11].membrane_buf/p_0_out_i_5291_n_0.  Did not re-place instance u_accel/gen_nn_bitshift.u_accel/gen_hl2[11].membrane_buf/p_0_out_i_5291
INFO: [Physopt 32-662] Processed net u_accel/gen_nn_bitshift.u_accel/q_accum/membrane_in[7].  Did not re-place instance u_accel/gen_nn_bitshift.u_accel/q_accum/p_0_out_i_18
INFO: [Physopt 32-662] Processed net u_accel/gen_nn_bitshift.u_accel/gen_hl2[9].membrane_buf/p_0_out_i_6144_n_0.  Did not re-place instance u_accel/gen_nn_bitshift.u_accel/gen_hl2[9].membrane_buf/p_0_out_i_6144
INFO: [Physopt 32-662] Processed net u_accel/gen_nn_bitshift.u_accel/q_accum/p_0_out_i_1036_n_0.  Did not re-place instance u_accel/gen_nn_bitshift.u_accel/q_accum/p_0_out_i_1036
INFO: [Physopt 32-662] Processed net u_accel/gen_nn_bitshift.u_accel/q_accum/p_0_out_i_93_n_0.  Did not re-place instance u_accel/gen_nn_bitshift.u_accel/q_accum/p_0_out_i_93
INFO: [Physopt 32-662] Processed net u_accel/gen_nn_bitshift.u_accel/q_accum/membrane_in[11].  Did not re-place instance u_accel/gen_nn_bitshift.u_accel/q_accum/p_0_out_i_14
INFO: [Physopt 32-662] Processed net u_accel/gen_nn_bitshift.u_accel/gen_hl2[10].membrane_buf/membrane_to_q[10]_775[13].  Did not re-place instance u_accel/gen_nn_bitshift.u_accel/gen_hl2[10].membrane_buf/p_0_out_i_2101
INFO: [Physopt 32-662] Processed net u_accel/gen_nn_bitshift.u_accel/gen_hl2[10].membrane_buf/p_0_out_i_5758_n_0.  Did not re-place instance u_accel/gen_nn_bitshift.u_accel/gen_hl2[10].membrane_buf/p_0_out_i_5758
INFO: [Physopt 32-662] Processed net u_accel/gen_nn_bitshift.u_accel/gen_hl2[11].membrane_buf/batch_counter_reg[0]_9.  Did not re-place instance u_accel/gen_nn_bitshift.u_accel/gen_hl2[11].membrane_buf/p_0_out_i_825
INFO: [Physopt 32-662] Processed net u_accel/gen_nn_bitshift.u_accel/gen_hl2[19].membrane_buf/p_0_out_i_4064_n_0.  Did not re-place instance u_accel/gen_nn_bitshift.u_accel/gen_hl2[19].membrane_buf/p_0_out_i_4064
INFO: [Physopt 32-662] Processed net u_accel/gen_nn_bitshift.u_accel/q_accum/p_0_out_i_277_n_0.  Did not re-place instance u_accel/gen_nn_bitshift.u_accel/q_accum/p_0_out_i_277
INFO: [Physopt 32-662] Processed net u_accel/gen_nn_bitshift.u_accel/gen_hl2[4].membrane_buf/membrane_storage_reg[4]_1286[10].  Did not re-place instance u_accel/gen_nn_bitshift.u_accel/gen_hl2[4].membrane_buf/membrane_storage_reg[4][10]
INFO: [Physopt 32-661] Optimized 64 nets.  Re-placed 64 instances.
INFO: [Physopt 32-775] End 1 Pass. Optimized 64 nets or cells. Created 0 new cell, deleted 0 existing cell and moved 64 existing cells
INFO: [Physopt 32-619] Estimated Timing Summary | WNS=-0.622 | TNS=-52.914 |
Netlist sorting complete. Time (s): cpu = 00:00:00.02 ; elapsed = 00:00:00.01 . Memory (MB): peak = 3454.492 ; gain = 0.000 ; free physical = 5384 ; free virtual = 8215
Phase 9 Single Cell Placement Optimization | Checksum: 29a790142

Time (s): cpu = 00:02:42 ; elapsed = 00:01:10 . Memory (MB): peak = 3454.492 ; gain = 6.164 ; free physical = 5384 ; free virtual = 8215

Phase 10 Multi Cell Placement Optimization
INFO: [Physopt 32-660] Identified 100 candidate nets for placement-based optimization.
INFO: [Physopt 32-662] Processed net u_accel/gen_nn_bitshift.u_accel/q_accum/p_0_out_i_29_n_0.  Did not re-place instance u_accel/gen_nn_bitshift.u_accel/q_accum/p_0_out_i_29/O
INFO: [Physopt 32-662] Processed net u_accel/gen_nn_bitshift.u_accel/q_accum/p_0_out_i_153_n_0.  Did not re-place instance u_accel/gen_nn_bitshift.u_accel/q_accum/p_0_out_i_153/O
INFO: [Physopt 32-662] Processed net u_accel/gen_nn_bitshift.u_accel/q_accum/p_0_out_i_35_n_0.  Did not re-place instance u_accel/gen_nn_bitshift.u_accel/q_accum/p_0_out_i_35/O
INFO: [Physopt 32-662] Processed net u_accel/gen_nn_bitshift.u_accel/q_accum/p_0_out_i_127_n_0.  Did not re-place instance u_accel/gen_nn_bitshift.u_accel/q_accum/p_0_out_i_127/O
INFO: [Physopt 32-662] Processed net u_accel/gen_nn_bitshift.u_accel/q_accum/p_0_out_i_27_n_0.  Did not re-place instance u_accel/gen_nn_bitshift.u_accel/q_accum/p_0_out_i_27/O
INFO: [Physopt 32-662] Processed net u_accel/gen_nn_bitshift.u_accel/q_accum/p_0_out_i_69_n_0.  Did not re-place instance u_accel/gen_nn_bitshift.u_accel/q_accum/p_0_out_i_69/O
INFO: [Physopt 32-662] Processed net u_accel/gen_nn_bitshift.u_accel/gen_hl2[6].membrane_buf/membrane_to_q[6]_877[23].  Did not re-place instance u_accel/gen_nn_bitshift.u_accel/gen_hl2[6].membrane_buf/p_0_out_i_463/O
INFO: [Physopt 32-662] Processed net u_accel/gen_nn_bitshift.u_accel/gen_hl2[6].membrane_buf/p_0_out_i_1355_n_0.  Did not re-place instance u_accel/gen_nn_bitshift.u_accel/gen_hl2[6].membrane_buf/p_0_out_i_1355/O
INFO: [Physopt 32-662] Processed net u_accel/gen_nn_bitshift.u_accel/q_accum/p_0_out_i_133_n_0.  Did not re-place instance u_accel/gen_nn_bitshift.u_accel/q_accum/p_0_out_i_133/O
INFO: [Physopt 32-662] Processed net u_accel/gen_nn_bitshift.u_accel/q_accum/p_0_out_i_47_n_0.  Did not re-place instance u_accel/gen_nn_bitshift.u_accel/q_accum/p_0_out_i_47/O
INFO: [Physopt 32-662] Processed net u_accel/gen_nn_bitshift.u_accel/q_accum/p_0_out_i_57_n_0.  Did not re-place instance u_accel/gen_nn_bitshift.u_accel/q_accum/p_0_out_i_57/O
INFO: [Physopt 32-662] Processed net u_accel/gen_nn_bitshift.u_accel/q_accum/p_0_out_i_256_n_0.  Did not re-place instance u_accel/gen_nn_bitshift.u_accel/q_accum/p_0_out_i_256/O
INFO: [Physopt 32-662] Processed net u_accel/gen_nn_bitshift.u_accel/q_accum/p_0_out_i_67_n_0.  Did not re-place instance u_accel/gen_nn_bitshift.u_accel/q_accum/p_0_out_i_67/O
INFO: [Physopt 32-662] Processed net u_accel/gen_nn_bitshift.u_accel/q_accum/p_0_out_i_41_n_0.  Did not re-place instance u_accel/gen_nn_bitshift.u_accel/q_accum/p_0_out_i_41/O
INFO: [Physopt 32-662] Processed net u_accel/gen_nn_bitshift.u_accel/q_accum/p_0_out_i_117_n_0.  Did not re-place instance u_accel/gen_nn_bitshift.u_accel/q_accum/p_0_out_i_117/O
INFO: [Physopt 32-662] Processed net u_accel/gen_nn_bitshift.u_accel/gen_hl2[16].membrane_buf/membrane_storage_reg[19][18]_0.  Did not re-place instance u_accel/gen_nn_bitshift.u_accel/gen_hl2[16].membrane_buf/p_0_out_i_1677/O
INFO: [Physopt 32-662] Processed net u_accel/gen_nn_bitshift.u_accel/q_accum/p_0_out_i_65_n_0.  Did not re-place instance u_accel/gen_nn_bitshift.u_accel/q_accum/p_0_out_i_65/O
INFO: [Physopt 32-662] Processed net u_accel/gen_nn_bitshift.u_accel/q_accum/p_0_out_i_33_n_0.  Did not re-place instance u_accel/gen_nn_bitshift.u_accel/q_accum/p_0_out_i_33/O
INFO: [Physopt 32-662] Processed net u_accel/gen_nn_bitshift.u_accel/q_accum/timestep_counter_reg[0]_rep__23_0.  Did not re-place instance u_accel/gen_nn_bitshift.u_accel/q_accum/timestep_counter_reg[0]_rep__23/Q
INFO: [Physopt 32-662] Processed net u_accel/gen_nn_bitshift.u_accel/gen_hl2[29].membrane_buf/batch_counter_reg[0]_rep_10.  Did not re-place instance u_accel/gen_nn_bitshift.u_accel/gen_hl2[29].membrane_buf/p_0_out_i_309/O
INFO: [Physopt 32-662] Processed net u_accel/gen_nn_bitshift.u_accel/q_accum/p_0_out_i_84_n_0.  Did not re-place instance u_accel/gen_nn_bitshift.u_accel/q_accum/p_0_out_i_84/O
INFO: [Physopt 32-662] Processed net u_accel/gen_nn_bitshift.u_accel/q_accum/p_0_out_i_87_n_0.  Did not re-place instance u_accel/gen_nn_bitshift.u_accel/q_accum/p_0_out_i_87/O
INFO: [Physopt 32-662] Processed net u_accel/gen_nn_bitshift.u_accel/q_accum/p_0_out_i_89_n_0.  Did not re-place instance u_accel/gen_nn_bitshift.u_accel/q_accum/p_0_out_i_89/O
INFO: [Physopt 32-662] Processed net u_accel/gen_nn_bitshift.u_accel/q_accum/p_0_out_i_101_n_0.  Did not re-place instance u_accel/gen_nn_bitshift.u_accel/q_accum/p_0_out_i_101/O
INFO: [Physopt 32-661] Optimized 5 nets.  Re-placed 10 instances.
INFO: [Physopt 32-775] End 1 Pass. Optimized 5 nets or cells. Created 0 new cell, deleted 0 existing cell and moved 10 existing cells
INFO: [Physopt 32-619] Estimated Timing Summary | WNS=-0.622 | TNS=-52.812 |
Netlist sorting complete. Time (s): cpu = 00:00:00.01 ; elapsed = 00:00:00.01 . Memory (MB): peak = 3454.492 ; gain = 0.000 ; free physical = 5375 ; free virtual = 8206
Phase 10 Multi Cell Placement Optimization | Checksum: 2cdf9eb48

Time (s): cpu = 00:02:47 ; elapsed = 00:01:12 . Memory (MB): peak = 3454.492 ; gain = 6.164 ; free physical = 5375 ; free virtual = 8206

Phase 11 Rewire
INFO: [Physopt 32-246] Starting Signal Push optimization...
INFO: [Physopt 32-241] No nets found for rewiring () optimization.
INFO: [Physopt 32-232] Optimized 0 net. Created 0 new instance.
INFO: [Physopt 32-775] End 1 Pass. Optimized 0 net or cell. Created 0 new cell, deleted 0 existing cell and moved 0 existing cell
Netlist sorting complete. Time (s): cpu = 00:00:00.01 ; elapsed = 00:00:00.01 . Memory (MB): peak = 3454.492 ; gain = 0.000 ; free physical = 5375 ; free virtual = 8205
Phase 11 Rewire | Checksum: 2cdf9eb48

Time (s): cpu = 00:02:47 ; elapsed = 00:01:12 . Memory (MB): peak = 3454.492 ; gain = 6.164 ; free physical = 5375 ; free virtual = 8206

Phase 12 Critical Cell Optimization
INFO: [Physopt 32-46] Identified 30 candidate nets for critical-cell optimization.
INFO: [Physopt 32-572] Net u_accel/gen_nn_bitshift.u_accel/q_accum/membrane_in[21] was not replicated.
Resolution: phys_opt_design can be forced to replicate a net driver using the option -force_replication_on_nets <list of net objects>.
INFO: [Physopt 32-572] Net u_accel/gen_nn_bitshift.u_accel/q_accum/membrane_in[3] was not replicated.
Resolution: phys_opt_design can be forced to replicate a net driver using the option -force_replication_on_nets <list of net objects>.
INFO: [Physopt 32-572] Net u_accel/gen_nn_bitshift.u_accel/q_accum/membrane_in[18] was not replicated.
Resolution: phys_opt_design can be forced to replicate a net driver using the option -force_replication_on_nets <list of net objects>.
INFO: [Physopt 32-572] Net u_accel/gen_nn_bitshift.u_accel/q_accum/membrane_in[20] was not replicated.
Resolution: phys_opt_design can be forced to replicate a net driver using the option -force_replication_on_nets <list of net objects>.
INFO: [Physopt 32-572] Net u_accel/gen_nn_bitshift.u_accel/q_accum/membrane_in[1] was not replicated.
Resolution: phys_opt_design can be forced to replicate a net driver using the option -force_replication_on_nets <list of net objects>.
INFO: [Physopt 32-572] Net u_accel/gen_nn_bitshift.u_accel/q_accum/membrane_in[14] was not replicated.
Resolution: phys_opt_design can be forced to replicate a net driver using the option -force_replication_on_nets <list of net objects>.
INFO: [Physopt 32-601] Processed net u_accel/gen_nn_bitshift.u_accel/q_accum/membrane_in[22]. Net driver u_accel/gen_nn_bitshift.u_accel/q_accum/p_0_out_i_3 was replaced.
INFO: [Physopt 32-572] Net u_accel/gen_nn_bitshift.u_accel/q_accum/membrane_in[9] was not replicated.
Resolution: phys_opt_design can be forced to replicate a net driver using the option -force_replication_on_nets <list of net objects>.
INFO: [Physopt 32-572] Net u_accel/gen_nn_bitshift.u_accel/q_accum/membrane_in[8] was not replicated.
Resolution: phys_opt_design can be forced to replicate a net driver using the option -force_replication_on_nets <list of net objects>.
INFO: [Physopt 32-572] Net u_accel/gen_nn_bitshift.u_accel/q_accum/membrane_in[5] was not replicated.
Resolution: phys_opt_design can be forced to replicate a net driver using the option -force_replication_on_nets <list of net objects>.
INFO: [Physopt 32-572] Net u_accel/gen_nn_bitshift.u_accel/q_accum/membrane_in[7] was not replicated.
Resolution: phys_opt_design can be forced to replicate a net driver using the option -force_replication_on_nets <list of net objects>.
INFO: [Physopt 32-572] Net u_accel/gen_nn_bitshift.u_accel/q_accum/membrane_in[12] was not replicated.
Resolution: phys_opt_design can be forced to replicate a net driver using the option -force_replication_on_nets <list of net objects>.
INFO: [Physopt 32-572] Net u_accel/gen_nn_bitshift.u_accel/q_accum/membrane_in[6] was not replicated.
Resolution: phys_opt_design can be forced to replicate a net driver using the option -force_replication_on_nets <list of net objects>.
INFO: [Physopt 32-572] Net u_accel/gen_nn_bitshift.u_accel/q_accum/membrane_in[19] was not replicated.
Resolution: phys_opt_design can be forced to replicate a net driver using the option -force_replication_on_nets <list of net objects>.
INFO: [Physopt 32-572] Net u_accel/gen_nn_bitshift.u_accel/q_accum/membrane_in[4] was not replicated.
Resolution: phys_opt_design can be forced to replicate a net driver using the option -force_replication_on_nets <list of net objects>.
INFO: [Physopt 32-572] Net u_accel/gen_nn_bitshift.u_accel/q_accum/membrane_in[17] was not replicated.
Resolution: phys_opt_design can be forced to replicate a net driver using the option -force_replication_on_nets <list of net objects>.
INFO: [Physopt 32-571] Net u_accel/gen_nn_bitshift.u_accel/q_accum/timestep_counter_reg[1]_rep__14_0_repN_3 was not replicated.
INFO: [Physopt 32-81] Processed net u_accel/gen_nn_bitshift.u_accel/q_accum/timestep_counter_reg[0]_rep__26_0_repN. Replicated 2 times.
INFO: [Physopt 32-572] Net u_accel/gen_nn_bitshift.u_accel/q_accum/membrane_in[11] was not replicated.
Resolution: phys_opt_design can be forced to replicate a net driver using the option -force_replication_on_nets <list of net objects>.
INFO: [Physopt 32-572] Net u_accel/gen_nn_bitshift.u_accel/q_accum/timestep_counter_reg[0]_rep_0_repN was not replicated.
Resolution: phys_opt_design can be forced to replicate a net driver using the option -force_replication_on_nets <list of net objects>.
INFO: [Physopt 32-572] Net u_accel/gen_nn_bitshift.u_accel/q_accum/membrane_in[10] was not replicated.
Resolution: phys_opt_design can be forced to replicate a net driver using the option -force_replication_on_nets <list of net objects>.
INFO: [Physopt 32-572] Net u_accel/gen_nn_bitshift.u_accel/q_accum/timestep_counter_reg[1]_rep__6_0_repN was not replicated.
Resolution: phys_opt_design can be forced to replicate a net driver using the option -force_replication_on_nets <list of net objects>.
INFO: [Physopt 32-81] Processed net u_accel/gen_nn_bitshift.u_accel/q_accum/timestep_counter_reg[4]_0[2]_repN_21. Replicated 1 times.
INFO: [Physopt 32-81] Processed net u_accel/gen_nn_bitshift.u_accel/gen_hl2[12].hl2_lif/history_sum_acc[25]_i_9__65_n_0. Replicated 1 times.
INFO: [Physopt 32-572] Net u_accel/gen_nn_bitshift.u_accel/q_accum/membrane_in[2] was not replicated.
Resolution: phys_opt_design can be forced to replicate a net driver using the option -force_replication_on_nets <list of net objects>.
INFO: [Physopt 32-572] Net u_accel/gen_nn_bitshift.u_accel/q_accum/timestep_counter_reg[0]_rep__2_0_repN was not replicated.
Resolution: phys_opt_design can be forced to replicate a net driver using the option -force_replication_on_nets <list of net objects>.
INFO: [Physopt 32-81] Processed net u_accel/gen_nn_bitshift.u_accel/q_accum/timestep_counter_reg[1]_rep__10_0_repN_1. Replicated 1 times.
INFO: [Physopt 32-572] Net u_accel/gen_nn_bitshift.u_accel/q_accum/timestep_counter_reg[0]_rep_0_repN_1 was not replicated.
Resolution: phys_opt_design can be forced to replicate a net driver using the option -force_replication_on_nets <list of net objects>.
INFO: [Physopt 32-572] Net u_accel/gen_nn_bitshift.u_accel/q_accum/timestep_counter_reg[0]_rep__0_0_repN was not replicated.
Resolution: phys_opt_design can be forced to replicate a net driver using the option -force_replication_on_nets <list of net objects>.
INFO: [Physopt 32-232] Optimized 5 nets. Created 5 new instances.
INFO: [Physopt 32-775] End 1 Pass. Optimized 5 nets or cells. Created 5 new cells, deleted 0 existing cell and moved 0 existing cell
INFO: [Physopt 32-619] Estimated Timing Summary | WNS=-0.622 | TNS=-51.847 |
Netlist sorting complete. Time (s): cpu = 00:00:00.03 ; elapsed = 00:00:00.03 . Memory (MB): peak = 3454.492 ; gain = 0.000 ; free physical = 5394 ; free virtual = 8225
Phase 12 Critical Cell Optimization | Checksum: 1dec757af

Time (s): cpu = 00:02:56 ; elapsed = 00:01:16 . Memory (MB): peak = 3454.492 ; gain = 6.164 ; free physical = 5394 ; free virtual = 8225

Phase 13 SLR Crossing Optimization
Phase 13 SLR Crossing Optimization | Checksum: 1dec757af

Time (s): cpu = 00:02:56 ; elapsed = 00:01:16 . Memory (MB): peak = 3454.492 ; gain = 6.164 ; free physical = 5394 ; free virtual = 8225

Phase 14 Fanout Optimization
INFO: [Physopt 32-76] Pass 1. Identified 12 candidate nets for fanout optimization.
INFO: [Physopt 32-572] Net u_accel/gen_nn_bitshift.u_accel/q_accum/timestep_counter_reg[0]_rep_0 was not replicated.
Resolution: phys_opt_design can be forced to replicate a net driver using the option -force_replication_on_nets <list of net objects>.
INFO: [Physopt 32-572] Net u_accel/gen_nn_bitshift.u_accel/q_accum/timestep_counter_reg[0]_rep__25_0_repN_1 was not replicated.
Resolution: phys_opt_design can be forced to replicate a net driver using the option -force_replication_on_nets <list of net objects>.
INFO: [Physopt 32-572] Net u_accel/gen_nn_bitshift.u_accel/q_accum/timestep_counter_reg[1]_rep_0 was not replicated.
Resolution: phys_opt_design can be forced to replicate a net driver using the option -force_replication_on_nets <list of net objects>.
INFO: [Physopt 32-572] Net u_accel/gen_nn_bitshift.u_accel/q_accum/timestep_counter_reg[0]_rep__0_0 was not replicated.
Resolution: phys_opt_design can be forced to replicate a net driver using the option -force_replication_on_nets <list of net objects>.
INFO: [Physopt 32-81] Processed net u_accel/gen_nn_bitshift.u_accel/q_accum/timestep_counter_reg[0]_rep__23_0. Replicated 4 times.
INFO: [Physopt 32-81] Processed net u_accel/gen_nn_bitshift.u_accel/q_accum/timestep_counter_reg[1]_rep__10_0. Replicated 1 times.
INFO: [Physopt 32-81] Processed net u_accel/gen_nn_bitshift.u_accel/q_accum/timestep_counter_reg[0]_rep__4_0. Replicated 2 times.
INFO: [Physopt 32-81] Processed net u_accel/gen_nn_bitshift.u_accel/q_accum/timestep_counter_reg[1]_rep__24_0. Replicated 1 times.
INFO: [Physopt 32-572] Net u_accel/gen_nn_bitshift.u_accel/q_accum/timestep_counter_reg[0]_rep__2_0 was not replicated.
Resolution: phys_opt_design can be forced to replicate a net driver using the option -force_replication_on_nets <list of net objects>.
INFO: [Physopt 32-572] Net u_accel/gen_nn_bitshift.u_accel/q_accum/timestep_counter_reg[0]_rep__1_0 was not replicated.
Resolution: phys_opt_design can be forced to replicate a net driver using the option -force_replication_on_nets <list of net objects>.
INFO: [Physopt 32-572] Net u_accel/gen_nn_bitshift.u_accel/q_accum/timestep_counter_reg[1]_rep__9_0 was not replicated.
Resolution: phys_opt_design can be forced to replicate a net driver using the option -force_replication_on_nets <list of net objects>.
INFO: [Physopt 32-81] Processed net u_accel/gen_nn_bitshift.u_accel/q_accum/timestep_counter_reg[4]_0[2]_repN_4. Replicated 6 times.
INFO: [Physopt 32-232] Optimized 5 nets. Created 14 new instances.
INFO: [Physopt 32-775] End 1 Pass. Optimized 5 nets or cells. Created 14 new cells, deleted 0 existing cell and moved 0 existing cell
INFO: [Physopt 32-619] Estimated Timing Summary | WNS=-0.622 | TNS=-51.823 |
Netlist sorting complete. Time (s): cpu = 00:00:00.03 ; elapsed = 00:00:00.04 . Memory (MB): peak = 3454.492 ; gain = 0.000 ; free physical = 5422 ; free virtual = 8254
Phase 14 Fanout Optimization | Checksum: 1ac2c73fc

Time (s): cpu = 00:03:13 ; elapsed = 00:01:24 . Memory (MB): peak = 3454.492 ; gain = 6.164 ; free physical = 5422 ; free virtual = 8254

Phase 15 Single Cell Placement Optimization
INFO: [Physopt 32-660] Identified 250 candidate nets for placement-based optimization.
INFO: [Physopt 32-662] Processed net u_accel/gen_nn_bitshift.u_accel/q_accum/membrane_in[23].  Did not re-place instance u_accel/gen_nn_bitshift.u_accel/q_accum/p_0_out_i_2
INFO: [Physopt 32-662] Processed net u_accel/gen_nn_bitshift.u_accel/gen_hl2[0].membrane_buf/membrane_storage_reg[13]_822[23].  Did not re-place instance u_accel/gen_nn_bitshift.u_accel/gen_hl2[0].membrane_buf/membrane_storage_reg[13][23]
INFO: [Physopt 32-662] Processed net u_accel/gen_nn_bitshift.u_accel/gen_hl2[0].membrane_buf/membrane_to_q[0]_829[23].  Did not re-place instance u_accel/gen_nn_bitshift.u_accel/gen_hl2[0].membrane_buf/p_0_out_i_1366
INFO: [Physopt 32-662] Processed net u_accel/gen_nn_bitshift.u_accel/gen_hl2[0].membrane_buf/p_0_out_i_5109_n_0.  Did not re-place instance u_accel/gen_nn_bitshift.u_accel/gen_hl2[0].membrane_buf/p_0_out_i_5109
INFO: [Physopt 32-662] Processed net u_accel/gen_nn_bitshift.u_accel/gen_hl2[1].membrane_buf/timestep_counter_reg[4].  Did not re-place instance u_accel/gen_nn_bitshift.u_accel/gen_hl2[1].membrane_buf/p_0_out_i_466
INFO: [Physopt 32-662] Processed net u_accel/gen_nn_bitshift.u_accel/q_accum/p_0_out_i_29_n_0.  Did not re-place instance u_accel/gen_nn_bitshift.u_accel/q_accum/p_0_out_i_29
INFO: [Physopt 32-662] Processed net u_accel/gen_nn_bitshift.u_accel/gen_hl2[0].membrane_buf/membrane_storage_reg[9]_818[23].  Did not re-place instance u_accel/gen_nn_bitshift.u_accel/gen_hl2[0].membrane_buf/membrane_storage_reg[9][23]
INFO: [Physopt 32-662] Processed net u_accel/gen_nn_bitshift.u_accel/gen_hl2[0].membrane_buf/p_0_out_i_5108_n_0.  Did not re-place instance u_accel/gen_nn_bitshift.u_accel/gen_hl2[0].membrane_buf/p_0_out_i_5108
INFO: [Physopt 32-662] Processed net u_accel/gen_nn_bitshift.u_accel/q_accum/membrane_in[21].  Did not re-place instance u_accel/gen_nn_bitshift.u_accel/q_accum/p_0_out_i_4
INFO: [Physopt 32-662] Processed net u_accel/gen_nn_bitshift.u_accel/gen_hl2[26].membrane_buf/membrane_storage_reg[12]_1204[21].  Did not re-place instance u_accel/gen_nn_bitshift.u_accel/gen_hl2[26].membrane_buf/membrane_storage_reg[12][21]
INFO: [Physopt 32-662] Processed net u_accel/gen_nn_bitshift.u_accel/gen_hl2[26].membrane_buf/p_0_out_i_1481_n_0.  Did not re-place instance u_accel/gen_nn_bitshift.u_accel/gen_hl2[26].membrane_buf/p_0_out_i_1481
INFO: [Physopt 32-662] Processed net u_accel/gen_nn_bitshift.u_accel/q_accum/p_0_out_i_153_n_0.  Did not re-place instance u_accel/gen_nn_bitshift.u_accel/q_accum/p_0_out_i_153
INFO: [Physopt 32-662] Processed net u_accel/gen_nn_bitshift.u_accel/q_accum/p_0_out_i_35_n_0.  Did not re-place instance u_accel/gen_nn_bitshift.u_accel/q_accum/p_0_out_i_35
INFO: [Physopt 32-662] Processed net u_accel/gen_nn_bitshift.u_accel/gen_hl2[26].membrane_buf/membrane_storage_reg[15]_1207[23].  Did not re-place instance u_accel/gen_nn_bitshift.u_accel/gen_hl2[26].membrane_buf/membrane_storage_reg[15][23]
INFO: [Physopt 32-662] Processed net u_accel/gen_nn_bitshift.u_accel/gen_hl2[26].membrane_buf/p_0_out_i_1329_n_0.  Did not re-place instance u_accel/gen_nn_bitshift.u_accel/gen_hl2[26].membrane_buf/p_0_out_i_1329
INFO: [Physopt 32-662] Processed net u_accel/gen_nn_bitshift.u_accel/q_accum/p_0_out_i_127_n_0.  Did not re-place instance u_accel/gen_nn_bitshift.u_accel/q_accum/p_0_out_i_127
INFO: [Physopt 32-662] Processed net u_accel/gen_nn_bitshift.u_accel/q_accum/p_0_out_i_27_n_0.  Did not re-place instance u_accel/gen_nn_bitshift.u_accel/q_accum/p_0_out_i_27
INFO: [Physopt 32-662] Processed net u_accel/gen_nn_bitshift.u_accel/q_accum/membrane_in[13].  Did not re-place instance u_accel/gen_nn_bitshift.u_accel/q_accum/p_0_out_i_12
INFO: [Physopt 32-662] Processed net u_accel/gen_nn_bitshift.u_accel/gen_hl2[0].membrane_buf/membrane_storage_reg[12]_821[13].  Did not re-place instance u_accel/gen_nn_bitshift.u_accel/gen_hl2[0].membrane_buf/membrane_storage_reg[12][13]
INFO: [Physopt 32-662] Processed net u_accel/gen_nn_bitshift.u_accel/gen_hl2[0].membrane_buf/membrane_to_q[0]_829[13].  Did not re-place instance u_accel/gen_nn_bitshift.u_accel/gen_hl2[0].membrane_buf/p_0_out_i_2116
INFO: [Physopt 32-662] Processed net u_accel/gen_nn_bitshift.u_accel/gen_hl2[0].membrane_buf/p_0_out_i_5765_n_0.  Did not re-place instance u_accel/gen_nn_bitshift.u_accel/gen_hl2[0].membrane_buf/p_0_out_i_5765
INFO: [Physopt 32-662] Processed net u_accel/gen_nn_bitshift.u_accel/gen_hl2[1].membrane_buf/timestep_counter_reg[4]_9.  Did not re-place instance u_accel/gen_nn_bitshift.u_accel/gen_hl2[1].membrane_buf/p_0_out_i_830
INFO: [Physopt 32-662] Processed net u_accel/gen_nn_bitshift.u_accel/q_accum/p_0_out_i_69_n_0.  Did not re-place instance u_accel/gen_nn_bitshift.u_accel/q_accum/p_0_out_i_69
INFO: [Physopt 32-662] Processed net u_accel/gen_nn_bitshift.u_accel/q_accum/timestep_counter_reg[0]_rep_0.  Did not re-place instance u_accel/gen_nn_bitshift.u_accel/q_accum/timestep_counter_reg[0]_rep
INFO: [Physopt 32-662] Processed net u_accel/gen_nn_bitshift.u_accel/q_accum/membrane_in[3].  Did not re-place instance u_accel/gen_nn_bitshift.u_accel/q_accum/p_0_out_i_22
INFO: [Physopt 32-662] Processed net u_accel/gen_nn_bitshift.u_accel/gen_hl2[10].membrane_buf/membrane_to_q[10]_775[23].  Did not re-place instance u_accel/gen_nn_bitshift.u_accel/gen_hl2[10].membrane_buf/p_0_out_i_1351
INFO: [Physopt 32-662] Processed net u_accel/gen_nn_bitshift.u_accel/gen_hl2[10].membrane_buf/p_0_out_i_5103_n_0.  Did not re-place instance u_accel/gen_nn_bitshift.u_accel/gen_hl2[10].membrane_buf/p_0_out_i_5103
INFO: [Physopt 32-662] Processed net u_accel/gen_nn_bitshift.u_accel/gen_hl2[11].membrane_buf/batch_counter_reg[0].  Did not re-place instance u_accel/gen_nn_bitshift.u_accel/gen_hl2[11].membrane_buf/p_0_out_i_461
INFO: [Physopt 32-662] Processed net u_accel/gen_nn_bitshift.u_accel/gen_hl2[18].membrane_buf/p_0_out_i_4734_n_0.  Did not re-place instance u_accel/gen_nn_bitshift.u_accel/gen_hl2[18].membrane_buf/p_0_out_i_4734
INFO: [Physopt 32-662] Processed net u_accel/gen_nn_bitshift.u_accel/q_accum/p_0_out_i_378_n_0.  Did not re-place instance u_accel/gen_nn_bitshift.u_accel/q_accum/p_0_out_i_378
INFO: [Physopt 32-662] Processed net u_accel/gen_nn_bitshift.u_accel/gen_hl2[0].membrane_buf/membrane_storage_reg[13]_822[13].  Did not re-place instance u_accel/gen_nn_bitshift.u_accel/gen_hl2[0].membrane_buf/membrane_storage_reg[13][13]
INFO: [Physopt 32-662] Processed net u_accel/gen_nn_bitshift.u_accel/gen_hl2[9].membrane_buf/membrane_storage_reg[13]_795[23].  Did not re-place instance u_accel/gen_nn_bitshift.u_accel/gen_hl2[9].membrane_buf/membrane_storage_reg[13][23]
INFO: [Physopt 32-662] Processed net u_accel/gen_nn_bitshift.u_accel/gen_hl2[9].membrane_buf/membrane_to_q[9]_802[23].  Did not re-place instance u_accel/gen_nn_bitshift.u_accel/gen_hl2[9].membrane_buf/p_0_out_i_1347
INFO: [Physopt 32-662] Processed net u_accel/gen_nn_bitshift.u_accel/gen_hl2[9].membrane_buf/p_0_out_i_5089_n_0.  Did not re-place instance u_accel/gen_nn_bitshift.u_accel/gen_hl2[9].membrane_buf/p_0_out_i_5089
INFO: [Physopt 32-662] Processed net u_accel/gen_nn_bitshift.u_accel/q_accum/p_0_out_i_460_n_0.  Did not re-place instance u_accel/gen_nn_bitshift.u_accel/q_accum/p_0_out_i_460
INFO: [Physopt 32-662] Processed net u_accel/gen_nn_bitshift.u_accel/gen_hl2[26].membrane_buf/membrane_storage_reg[13]_1205[21].  Did not re-place instance u_accel/gen_nn_bitshift.u_accel/gen_hl2[26].membrane_buf/membrane_storage_reg[13][21]
INFO: [Physopt 32-662] Processed net u_accel/gen_nn_bitshift.u_accel/q_accum/timestep_counter_reg[0]_rep__25_0_repN_1.  Did not re-place instance u_accel/gen_nn_bitshift.u_accel/q_accum/timestep_counter_reg[0]_rep__25_replica_1
INFO: [Physopt 32-662] Processed net u_accel/gen_nn_bitshift.u_accel/q_accum/membrane_in[18].  Did not re-place instance u_accel/gen_nn_bitshift.u_accel/q_accum/p_0_out_i_7
INFO: [Physopt 32-662] Processed net u_accel/gen_nn_bitshift.u_accel/gen_hl2[26].membrane_buf/p_0_out_i_5407_n_0.  Did not re-place instance u_accel/gen_nn_bitshift.u_accel/gen_hl2[26].membrane_buf/p_0_out_i_5407
INFO: [Physopt 32-662] Processed net u_accel/gen_nn_bitshift.u_accel/gen_hl2[27].membrane_buf/batch_counter_reg[0]_rep__0_0.  Did not re-place instance u_accel/gen_nn_bitshift.u_accel/gen_hl2[27].membrane_buf/p_0_out_i_621
INFO: [Physopt 32-662] Processed net u_accel/gen_nn_bitshift.u_accel/q_accum/p_0_out_i_47_n_0.  Did not re-place instance u_accel/gen_nn_bitshift.u_accel/q_accum/p_0_out_i_47
INFO: [Physopt 32-662] Processed net u_accel/gen_nn_bitshift.u_accel/gen_hl2[9].membrane_buf/membrane_storage_reg[0]_782[13].  Did not re-place instance u_accel/gen_nn_bitshift.u_accel/gen_hl2[9].membrane_buf/membrane_storage_reg[0][13]
INFO: [Physopt 32-662] Processed net u_accel/gen_nn_bitshift.u_accel/gen_hl2[9].membrane_buf/membrane_storage_reg[4]_786[13].  Did not re-place instance u_accel/gen_nn_bitshift.u_accel/gen_hl2[9].membrane_buf/membrane_storage_reg[4][13]
INFO: [Physopt 32-662] Processed net u_accel/gen_nn_bitshift.u_accel/gen_hl2[9].membrane_buf/membrane_to_q[9]_802[13].  Did not re-place instance u_accel/gen_nn_bitshift.u_accel/gen_hl2[9].membrane_buf/p_0_out_i_2097
INFO: [Physopt 32-662] Processed net u_accel/gen_nn_bitshift.u_accel/gen_hl2[9].membrane_buf/p_0_out_i_5746_n_0.  Did not re-place instance u_accel/gen_nn_bitshift.u_accel/gen_hl2[9].membrane_buf/p_0_out_i_5746
INFO: [Physopt 32-662] Processed net u_accel/gen_nn_bitshift.u_accel/gen_hl2[9].membrane_buf/p_0_out_i_5747_n_0.  Did not re-place instance u_accel/gen_nn_bitshift.u_accel/gen_hl2[9].membrane_buf/p_0_out_i_5747
INFO: [Physopt 32-662] Processed net u_accel/gen_nn_bitshift.u_accel/q_accum/p_0_out_i_824_n_0.  Did not re-place instance u_accel/gen_nn_bitshift.u_accel/q_accum/p_0_out_i_824
INFO: [Physopt 32-662] Processed net u_accel/gen_nn_bitshift.u_accel/gen_hl2[0].membrane_buf/membrane_storage_reg[12]_821[23].  Did not re-place instance u_accel/gen_nn_bitshift.u_accel/gen_hl2[0].membrane_buf/membrane_storage_reg[12][23]
INFO: [Physopt 32-662] Processed net u_accel/gen_nn_bitshift.u_accel/gen_hl2[10].membrane_buf/membrane_storage_reg[9]_764[23].  Did not re-place instance u_accel/gen_nn_bitshift.u_accel/gen_hl2[10].membrane_buf/membrane_storage_reg[9][23]
INFO: [Physopt 32-662] Processed net u_accel/gen_nn_bitshift.u_accel/gen_hl2[10].membrane_buf/p_0_out_i_5100_n_0.  Did not re-place instance u_accel/gen_nn_bitshift.u_accel/gen_hl2[10].membrane_buf/p_0_out_i_5100
INFO: [Physopt 32-662] Processed net u_accel/gen_nn_bitshift.u_accel/gen_hl2[10].membrane_buf/membrane_storage_reg[11]_766[16].  Did not re-place instance u_accel/gen_nn_bitshift.u_accel/gen_hl2[10].membrane_buf/membrane_storage_reg[11][16]
INFO: [Physopt 32-662] Processed net u_accel/gen_nn_bitshift.u_accel/gen_hl2[10].membrane_buf/membrane_to_q[10]_775[16].  Did not re-place instance u_accel/gen_nn_bitshift.u_accel/gen_hl2[10].membrane_buf/p_0_out_i_1873
INFO: [Physopt 32-662] Processed net u_accel/gen_nn_bitshift.u_accel/gen_hl2[10].membrane_buf/p_0_out_i_5564_n_0.  Did not re-place instance u_accel/gen_nn_bitshift.u_accel/gen_hl2[10].membrane_buf/p_0_out_i_5564
INFO: [Physopt 32-662] Processed net u_accel/gen_nn_bitshift.u_accel/gen_hl2[11].membrane_buf/batch_counter_reg[0]_6.  Did not re-place instance u_accel/gen_nn_bitshift.u_accel/gen_hl2[11].membrane_buf/p_0_out_i_711
INFO: [Physopt 32-662] Processed net u_accel/gen_nn_bitshift.u_accel/gen_hl2[26].membrane_buf/p_0_out_i_5406_n_0.  Did not re-place instance u_accel/gen_nn_bitshift.u_accel/gen_hl2[26].membrane_buf/p_0_out_i_5406
INFO: [Physopt 32-662] Processed net u_accel/gen_nn_bitshift.u_accel/q_accum/p_0_out_i_57_n_0.  Did not re-place instance u_accel/gen_nn_bitshift.u_accel/q_accum/p_0_out_i_57
INFO: [Physopt 32-662] Processed net u_accel/gen_nn_bitshift.u_accel/gen_hl2[26].membrane_buf/membrane_storage_reg[8]_1200[21].  Did not re-place instance u_accel/gen_nn_bitshift.u_accel/gen_hl2[26].membrane_buf/membrane_storage_reg[8][21]
INFO: [Physopt 32-662] Processed net u_accel/gen_nn_bitshift.u_accel/gen_hl2[26].membrane_buf/p_0_out_i_1480_n_0.  Did not re-place instance u_accel/gen_nn_bitshift.u_accel/gen_hl2[26].membrane_buf/p_0_out_i_1480
INFO: [Physopt 32-662] Processed net u_accel/gen_nn_bitshift.u_accel/gen_hl2[9].membrane_buf/membrane_storage_reg[5]_787[13].  Did not re-place instance u_accel/gen_nn_bitshift.u_accel/gen_hl2[9].membrane_buf/membrane_storage_reg[5][13]
INFO: [Physopt 32-662] Processed net u_accel/gen_nn_bitshift.u_accel/q_accum/timestep_counter_reg[1]_rep_0.  Did not re-place instance u_accel/gen_nn_bitshift.u_accel/q_accum/timestep_counter_reg[1]_rep
INFO: [Physopt 32-662] Processed net u_accel/gen_nn_bitshift.u_accel/gen_hl2[0].membrane_buf/membrane_storage_reg[8]_817[23].  Did not re-place instance u_accel/gen_nn_bitshift.u_accel/gen_hl2[0].membrane_buf/membrane_storage_reg[8][23]
INFO: [Physopt 32-662] Processed net u_accel/gen_nn_bitshift.u_accel/gen_hl2[9].membrane_buf/p_0_out_i_5744_n_0.  Did not re-place instance u_accel/gen_nn_bitshift.u_accel/gen_hl2[9].membrane_buf/p_0_out_i_5744
INFO: [Physopt 32-662] Processed net u_accel/gen_nn_bitshift.u_accel/gen_hl2[18].membrane_buf/membrane_storage_reg[2]_622[3].  Did not re-place instance u_accel/gen_nn_bitshift.u_accel/gen_hl2[18].membrane_buf/membrane_storage_reg[2][3]
INFO: [Physopt 32-662] Processed net u_accel/gen_nn_bitshift.u_accel/gen_hl2[26].membrane_buf/membrane_storage_reg[2]_1194[13].  Did not re-place instance u_accel/gen_nn_bitshift.u_accel/gen_hl2[26].membrane_buf/membrane_storage_reg[2][13]
INFO: [Physopt 32-662] Processed net u_accel/gen_nn_bitshift.u_accel/gen_hl2[26].membrane_buf/p_0_out_i_2076_n_0.  Did not re-place instance u_accel/gen_nn_bitshift.u_accel/gen_hl2[26].membrane_buf/p_0_out_i_2076
INFO: [Physopt 32-662] Processed net u_accel/gen_nn_bitshift.u_accel/q_accum/p_0_out_i_256_n_0.  Did not re-place instance u_accel/gen_nn_bitshift.u_accel/q_accum/p_0_out_i_256
INFO: [Physopt 32-662] Processed net u_accel/gen_nn_bitshift.u_accel/q_accum/p_0_out_i_67_n_0.  Did not re-place instance u_accel/gen_nn_bitshift.u_accel/q_accum/p_0_out_i_67
INFO: [Physopt 32-662] Processed net u_accel/gen_nn_bitshift.u_accel/q_accum/membrane_in[20].  Did not re-place instance u_accel/gen_nn_bitshift.u_accel/q_accum/p_0_out_i_5
INFO: [Physopt 32-662] Processed net u_accel/gen_nn_bitshift.u_accel/gen_hl2[11].membrane_buf/batch_counter_reg[0]_2.  Did not re-place instance u_accel/gen_nn_bitshift.u_accel/gen_hl2[11].membrane_buf/p_0_out_i_575
INFO: [Physopt 32-662] Processed net u_accel/gen_nn_bitshift.u_accel/gen_hl2[11].membrane_buf/membrane_storage_reg[13]_741[20].  Did not re-place instance u_accel/gen_nn_bitshift.u_accel/gen_hl2[11].membrane_buf/membrane_storage_reg[13][20]
INFO: [Physopt 32-662] Processed net u_accel/gen_nn_bitshift.u_accel/gen_hl2[11].membrane_buf/membrane_to_q[11]_748[20].  Did not re-place instance u_accel/gen_nn_bitshift.u_accel/gen_hl2[11].membrane_buf/p_0_out_i_1578
INFO: [Physopt 32-662] Processed net u_accel/gen_nn_bitshift.u_accel/gen_hl2[11].membrane_buf/p_0_out_i_5289_n_0.  Did not re-place instance u_accel/gen_nn_bitshift.u_accel/gen_hl2[11].membrane_buf/p_0_out_i_5289
INFO: [Physopt 32-662] Processed net u_accel/gen_nn_bitshift.u_accel/gen_hl2[1].membrane_buf/membrane_storage_reg[13]_1112[23].  Did not re-place instance u_accel/gen_nn_bitshift.u_accel/gen_hl2[1].membrane_buf/membrane_storage_reg[13][23]
INFO: [Physopt 32-662] Processed net u_accel/gen_nn_bitshift.u_accel/gen_hl2[1].membrane_buf/p_0_out_i_5107_n_0.  Did not re-place instance u_accel/gen_nn_bitshift.u_accel/gen_hl2[1].membrane_buf/p_0_out_i_5107
INFO: [Physopt 32-662] Processed net u_accel/gen_nn_bitshift.u_accel/q_accum/p_0_out_i_41_n_0.  Did not re-place instance u_accel/gen_nn_bitshift.u_accel/q_accum/p_0_out_i_41
INFO: [Physopt 32-662] Processed net u_accel/gen_nn_bitshift.u_accel/q_accum/membrane_in[1].  Did not re-place instance u_accel/gen_nn_bitshift.u_accel/q_accum/p_0_out_i_24
INFO: [Physopt 32-662] Processed net u_accel/gen_nn_bitshift.u_accel/gen_hl2[10].membrane_buf/membrane_storage_reg[8]_763[1].  Did not re-place instance u_accel/gen_nn_bitshift.u_accel/gen_hl2[10].membrane_buf/membrane_storage_reg[8][1]
INFO: [Physopt 32-662] Processed net u_accel/gen_nn_bitshift.u_accel/gen_hl2[10].membrane_buf/membrane_to_q[10]_775[1].  Did not re-place instance u_accel/gen_nn_bitshift.u_accel/gen_hl2[10].membrane_buf/p_0_out_i_2998
INFO: [Physopt 32-662] Processed net u_accel/gen_nn_bitshift.u_accel/gen_hl2[10].membrane_buf/p_0_out_i_6548_n_0.  Did not re-place instance u_accel/gen_nn_bitshift.u_accel/gen_hl2[10].membrane_buf/p_0_out_i_6548
INFO: [Physopt 32-662] Processed net u_accel/gen_nn_bitshift.u_accel/gen_hl2[11].membrane_buf/batch_counter_reg[0]_rep__0_5.  Did not re-place instance u_accel/gen_nn_bitshift.u_accel/gen_hl2[11].membrane_buf/p_0_out_i_1257
INFO: [Physopt 32-662] Processed net u_accel/gen_nn_bitshift.u_accel/q_accum/p_0_out_i_117_n_0.  Did not re-place instance u_accel/gen_nn_bitshift.u_accel/q_accum/p_0_out_i_117
INFO: [Physopt 32-662] Processed net u_accel/gen_nn_bitshift.u_accel/gen_hl2[10].membrane_buf/membrane_storage_reg[9]_764[16].  Did not re-place instance u_accel/gen_nn_bitshift.u_accel/gen_hl2[10].membrane_buf/membrane_storage_reg[9][16]
INFO: [Physopt 32-662] Processed net u_accel/gen_nn_bitshift.u_accel/q_accum/timestep_counter_reg[0]_rep__0_0.  Did not re-place instance u_accel/gen_nn_bitshift.u_accel/q_accum/timestep_counter_reg[0]_rep__0
INFO: [Physopt 32-662] Processed net u_accel/gen_nn_bitshift.u_accel/gen_hl2[11].membrane_buf/membrane_to_q[11]_748[23].  Did not re-place instance u_accel/gen_nn_bitshift.u_accel/gen_hl2[11].membrane_buf/p_0_out_i_1350
INFO: [Physopt 32-662] Processed net u_accel/gen_nn_bitshift.u_accel/gen_hl2[11].membrane_buf/p_0_out_i_5098_n_0.  Did not re-place instance u_accel/gen_nn_bitshift.u_accel/gen_hl2[11].membrane_buf/p_0_out_i_5098
INFO: [Physopt 32-662] Processed net u_accel/gen_nn_bitshift.u_accel/gen_hl2[16].membrane_buf/membrane_storage_reg[13]_930[21].  Did not re-place instance u_accel/gen_nn_bitshift.u_accel/gen_hl2[16].membrane_buf/membrane_storage_reg[13][21]
INFO: [Physopt 32-662] Processed net u_accel/gen_nn_bitshift.u_accel/gen_hl2[16].membrane_buf/p_0_out_i_5191_n_0.  Did not re-place instance u_accel/gen_nn_bitshift.u_accel/gen_hl2[16].membrane_buf/p_0_out_i_5191
INFO: [Physopt 32-662] Processed net u_accel/gen_nn_bitshift.u_accel/gen_hl2[17].membrane_buf/batch_counter_reg[0]_20.  Did not re-place instance u_accel/gen_nn_bitshift.u_accel/gen_hl2[17].membrane_buf/p_0_out_i_508
INFO: [Physopt 32-662] Processed net u_accel/gen_nn_bitshift.u_accel/q_accum/p_0_out_i_148_n_0.  Did not re-place instance u_accel/gen_nn_bitshift.u_accel/q_accum/p_0_out_i_148
INFO: [Physopt 32-662] Processed net u_accel/gen_nn_bitshift.u_accel/q_accum/membrane_in[14].  Did not re-place instance u_accel/gen_nn_bitshift.u_accel/q_accum/p_0_out_i_11
INFO: [Physopt 32-662] Processed net u_accel/gen_nn_bitshift.u_accel/gen_hl2[9].membrane_buf/membrane_storage_reg[1]_783[14].  Did not re-place instance u_accel/gen_nn_bitshift.u_accel/gen_hl2[9].membrane_buf/membrane_storage_reg[1][14]
INFO: [Physopt 32-662] Processed net u_accel/gen_nn_bitshift.u_accel/gen_hl2[9].membrane_buf/membrane_to_q[9]_802[14].  Did not re-place instance u_accel/gen_nn_bitshift.u_accel/gen_hl2[9].membrane_buf/p_0_out_i_2021
INFO: [Physopt 32-662] Processed net u_accel/gen_nn_bitshift.u_accel/gen_hl2[9].membrane_buf/p_0_out_i_5682_n_0.  Did not re-place instance u_accel/gen_nn_bitshift.u_accel/gen_hl2[9].membrane_buf/p_0_out_i_5682
INFO: [Physopt 32-662] Processed net u_accel/gen_nn_bitshift.u_accel/q_accum/p_0_out_i_65_n_0.  Did not re-place instance u_accel/gen_nn_bitshift.u_accel/q_accum/p_0_out_i_65
INFO: [Physopt 32-662] Processed net u_accel/gen_nn_bitshift.u_accel/q_accum/p_0_out_i_786_n_0.  Did not re-place instance u_accel/gen_nn_bitshift.u_accel/q_accum/p_0_out_i_786
INFO: [Physopt 32-662] Processed net u_accel/gen_nn_bitshift.u_accel/q_accum/membrane_in[8].  Did not re-place instance u_accel/gen_nn_bitshift.u_accel/q_accum/p_0_out_i_17
INFO: [Physopt 32-662] Processed net u_accel/gen_nn_bitshift.u_accel/gen_hl2[25].membrane_buf/p_0_out_i_4330_n_0.  Did not re-place instance u_accel/gen_nn_bitshift.u_accel/gen_hl2[25].membrane_buf/p_0_out_i_4330
INFO: [Physopt 32-662] Processed net u_accel/gen_nn_bitshift.u_accel/q_accum/p_0_out_i_87_n_0.  Did not re-place instance u_accel/gen_nn_bitshift.u_accel/q_accum/p_0_out_i_87
INFO: [Physopt 32-662] Processed net u_accel/gen_nn_bitshift.u_accel/q_accum/p_0_out_i_992_n_0.  Did not re-place instance u_accel/gen_nn_bitshift.u_accel/q_accum/p_0_out_i_992
INFO: [Physopt 32-662] Processed net u_accel/gen_nn_bitshift.u_accel/gen_hl2[9].membrane_buf/membrane_storage_reg[8]_790[23].  Did not re-place instance u_accel/gen_nn_bitshift.u_accel/gen_hl2[9].membrane_buf/membrane_storage_reg[8][23]
INFO: [Physopt 32-662] Processed net u_accel/gen_nn_bitshift.u_accel/gen_hl2[9].membrane_buf/p_0_out_i_5088_n_0.  Did not re-place instance u_accel/gen_nn_bitshift.u_accel/gen_hl2[9].membrane_buf/p_0_out_i_5088
INFO: [Physopt 32-662] Processed net u_accel/gen_nn_bitshift.u_accel/gen_hl2[26].membrane_buf/membrane_storage_reg[8]_1200[23].  Did not re-place instance u_accel/gen_nn_bitshift.u_accel/gen_hl2[26].membrane_buf/membrane_storage_reg[8][23]
INFO: [Physopt 32-662] Processed net u_accel/gen_nn_bitshift.u_accel/gen_hl2[26].membrane_buf/p_0_out_i_1328_n_0.  Did not re-place instance u_accel/gen_nn_bitshift.u_accel/gen_hl2[26].membrane_buf/p_0_out_i_1328
INFO: [Physopt 32-662] Processed net u_accel/gen_nn_bitshift.u_accel/q_accum/membrane_in[5].  Did not re-place instance u_accel/gen_nn_bitshift.u_accel/q_accum/p_0_out_i_20
INFO: [Physopt 32-662] Processed net u_accel/gen_nn_bitshift.u_accel/gen_hl2[10].membrane_buf/membrane_to_q[10]_775[5].  Did not re-place instance u_accel/gen_nn_bitshift.u_accel/gen_hl2[10].membrane_buf/p_0_out_i_2694
INFO: [Physopt 32-662] Processed net u_accel/gen_nn_bitshift.u_accel/gen_hl2[10].membrane_buf/p_0_out_i_6293_n_0.  Did not re-place instance u_accel/gen_nn_bitshift.u_accel/gen_hl2[10].membrane_buf/p_0_out_i_6293
INFO: [Physopt 32-662] Processed net u_accel/gen_nn_bitshift.u_accel/gen_hl2[11].membrane_buf/batch_counter_reg[0]_rep__0_1.  Did not re-place instance u_accel/gen_nn_bitshift.u_accel/gen_hl2[11].membrane_buf/p_0_out_i_1105
INFO: [Physopt 32-662] Processed net u_accel/gen_nn_bitshift.u_accel/q_accum/p_0_out_i_101_n_0.  Did not re-place instance u_accel/gen_nn_bitshift.u_accel/q_accum/p_0_out_i_101
INFO: [Physopt 32-662] Processed net u_accel/gen_nn_bitshift.u_accel/q_accum/membrane_in[9].  Did not re-place instance u_accel/gen_nn_bitshift.u_accel/q_accum/p_0_out_i_16
INFO: [Physopt 32-662] Processed net u_accel/gen_nn_bitshift.u_accel/gen_hl2[10].membrane_buf/p_0_out_i_5102_n_0.  Did not re-place instance u_accel/gen_nn_bitshift.u_accel/gen_hl2[10].membrane_buf/p_0_out_i_5102
INFO: [Physopt 32-662] Processed net u_accel/gen_nn_bitshift.u_accel/gen_hl2[25].membrane_buf/p_0_out_i_2376_n_0.  Did not re-place instance u_accel/gen_nn_bitshift.u_accel/gen_hl2[25].membrane_buf/p_0_out_i_2376
INFO: [Physopt 32-662] Processed net u_accel/gen_nn_bitshift.u_accel/q_accum/p_0_out_i_83_n_0.  Did not re-place instance u_accel/gen_nn_bitshift.u_accel/q_accum/p_0_out_i_83
INFO: [Physopt 32-662] Processed net u_accel/gen_nn_bitshift.u_accel/gen_hl2[0].membrane_buf/membrane_storage_reg[15]_824[23].  Did not re-place instance u_accel/gen_nn_bitshift.u_accel/gen_hl2[0].membrane_buf/membrane_storage_reg[15][23]
INFO: [Physopt 32-662] Processed net u_accel/gen_nn_bitshift.u_accel/gen_hl2[10].membrane_buf/membrane_storage_reg[5]_760[20].  Did not re-place instance u_accel/gen_nn_bitshift.u_accel/gen_hl2[10].membrane_buf/membrane_storage_reg[5][20]
INFO: [Physopt 32-662] Processed net u_accel/gen_nn_bitshift.u_accel/gen_hl2[10].membrane_buf/p_0_out_i_5295_n_0.  Did not re-place instance u_accel/gen_nn_bitshift.u_accel/gen_hl2[10].membrane_buf/p_0_out_i_5295
INFO: [Physopt 32-662] Processed net u_accel/gen_nn_bitshift.u_accel/q_accum/membrane_in[7].  Did not re-place instance u_accel/gen_nn_bitshift.u_accel/q_accum/p_0_out_i_18
INFO: [Physopt 32-662] Processed net u_accel/gen_nn_bitshift.u_accel/gen_hl2[11].membrane_buf/batch_counter_reg[0]_8.  Did not re-place instance u_accel/gen_nn_bitshift.u_accel/gen_hl2[11].membrane_buf/p_0_out_i_787
INFO: [Physopt 32-662] Processed net u_accel/gen_nn_bitshift.u_accel/gen_hl2[11].membrane_buf/membrane_to_q[11]_748[14].  Did not re-place instance u_accel/gen_nn_bitshift.u_accel/gen_hl2[11].membrane_buf/p_0_out_i_2024
INFO: [Physopt 32-662] Processed net u_accel/gen_nn_bitshift.u_accel/gen_hl2[11].membrane_buf/p_0_out_i_5688_n_0.  Did not re-place instance u_accel/gen_nn_bitshift.u_accel/gen_hl2[11].membrane_buf/p_0_out_i_5688
INFO: [Physopt 32-662] Processed net u_accel/gen_nn_bitshift.u_accel/gen_hl2[18].membrane_buf/p_0_out_i_4396_n_0.  Did not re-place instance u_accel/gen_nn_bitshift.u_accel/gen_hl2[18].membrane_buf/p_0_out_i_4396
INFO: [Physopt 32-662] Processed net u_accel/gen_nn_bitshift.u_accel/q_accum/p_0_out_i_328_n_0.  Did not re-place instance u_accel/gen_nn_bitshift.u_accel/q_accum/p_0_out_i_328
INFO: [Physopt 32-662] Processed net u_accel/gen_nn_bitshift.u_accel/gen_hl2[15].hl2_lif/mul_scaled_result_reg[37]_i_1__86_n_0.  Did not re-place instance u_accel/gen_nn_bitshift.u_accel/gen_hl2[15].hl2_lif/mul_scaled_result_reg[37]_i_1__86
INFO: [Physopt 32-662] Processed net u_accel/gen_nn_bitshift.u_accel/gen_hl2[15].hl2_lif/mul_scaled_result_reg_reg_n_0_[37].  Did not re-place instance u_accel/gen_nn_bitshift.u_accel/gen_hl2[15].hl2_lif/mul_scaled_result_reg_reg[37]
INFO: [Physopt 32-662] Processed net u_accel/gen_nn_bitshift.u_accel/gen_hl2[0].membrane_buf/membrane_storage_reg[11]_820[23].  Did not re-place instance u_accel/gen_nn_bitshift.u_accel/gen_hl2[0].membrane_buf/membrane_storage_reg[11][23]
INFO: [Physopt 32-662] Processed net u_accel/gen_nn_bitshift.u_accel/gen_hl2[13].membrane_buf/batch_counter_reg[0]_rep.  Did not re-place instance u_accel/gen_nn_bitshift.u_accel/gen_hl2[13].membrane_buf/p_0_out_i_458
INFO: [Physopt 32-662] Processed net u_accel/gen_nn_bitshift.u_accel/gen_hl2[13].membrane_buf/membrane_to_q[13]_694[23].  Did not re-place instance u_accel/gen_nn_bitshift.u_accel/gen_hl2[13].membrane_buf/p_0_out_i_1342
INFO: [Physopt 32-662] Processed net u_accel/gen_nn_bitshift.u_accel/gen_hl2[13].membrane_buf/p_0_out_i_5074_n_0.  Did not re-place instance u_accel/gen_nn_bitshift.u_accel/gen_hl2[13].membrane_buf/p_0_out_i_5074
INFO: [Physopt 32-662] Processed net u_accel/gen_nn_bitshift.u_accel/q_accum/membrane_in[12].  Did not re-place instance u_accel/gen_nn_bitshift.u_accel/q_accum/p_0_out_i_13
INFO: [Physopt 32-662] Processed net u_accel/gen_nn_bitshift.u_accel/q_accum/membrane_in[22].  Did not re-place instance u_accel/gen_nn_bitshift.u_accel/q_accum/p_0_out_i_3
INFO: [Physopt 32-662] Processed net u_accel/gen_nn_bitshift.u_accel/gen_hl2[10].membrane_buf/membrane_storage_reg[5]_760[7].  Did not re-place instance u_accel/gen_nn_bitshift.u_accel/gen_hl2[10].membrane_buf/membrane_storage_reg[5][7]
INFO: [Physopt 32-662] Processed net u_accel/gen_nn_bitshift.u_accel/gen_hl2[10].membrane_buf/membrane_to_q[10]_775[22].  Did not re-place instance u_accel/gen_nn_bitshift.u_accel/gen_hl2[10].membrane_buf/p_0_out_i_1427
INFO: [Physopt 32-662] Processed net u_accel/gen_nn_bitshift.u_accel/gen_hl2[10].membrane_buf/p_0_out_i_5165_n_0.  Did not re-place instance u_accel/gen_nn_bitshift.u_accel/gen_hl2[10].membrane_buf/p_0_out_i_5165
INFO: [Physopt 32-662] Processed net u_accel/gen_nn_bitshift.u_accel/gen_hl2[10].membrane_buf/p_0_out_i_6159_n_0.  Did not re-place instance u_accel/gen_nn_bitshift.u_accel/gen_hl2[10].membrane_buf/p_0_out_i_6159
INFO: [Physopt 32-662] Processed net u_accel/gen_nn_bitshift.u_accel/gen_hl2[11].membrane_buf/batch_counter_reg[0]_0.  Did not re-place instance u_accel/gen_nn_bitshift.u_accel/gen_hl2[11].membrane_buf/p_0_out_i_499
INFO: [Physopt 32-662] Processed net u_accel/gen_nn_bitshift.u_accel/gen_hl2[11].membrane_buf/batch_counter_reg[0]_10.  Did not re-place instance u_accel/gen_nn_bitshift.u_accel/gen_hl2[11].membrane_buf/p_0_out_i_863
INFO: [Physopt 32-662] Processed net u_accel/gen_nn_bitshift.u_accel/gen_hl2[11].membrane_buf/batch_counter_reg[0]_rep__0.  Did not re-place instance u_accel/gen_nn_bitshift.u_accel/gen_hl2[11].membrane_buf/p_0_out_i_1037
INFO: [Physopt 32-662] Processed net u_accel/gen_nn_bitshift.u_accel/gen_hl2[11].membrane_buf/p_0_out_i_5816_n_0.  Did not re-place instance u_accel/gen_nn_bitshift.u_accel/gen_hl2[11].membrane_buf/p_0_out_i_5816
INFO: [Physopt 32-662] Processed net u_accel/gen_nn_bitshift.u_accel/q_accum/p_0_out_i_33_n_0.  Did not re-place instance u_accel/gen_nn_bitshift.u_accel/q_accum/p_0_out_i_33
INFO: [Physopt 32-662] Processed net u_accel/gen_nn_bitshift.u_accel/q_accum/p_0_out_i_73_n_0.  Did not re-place instance u_accel/gen_nn_bitshift.u_accel/q_accum/p_0_out_i_73
INFO: [Physopt 32-662] Processed net u_accel/gen_nn_bitshift.u_accel/q_accum/p_0_out_i_93_n_0.  Did not re-place instance u_accel/gen_nn_bitshift.u_accel/q_accum/p_0_out_i_93
INFO: [Physopt 32-662] Processed net u_accel/gen_nn_bitshift.u_accel/gen_hl2[19].membrane_buf/p_0_out_i_4730_n_0.  Did not re-place instance u_accel/gen_nn_bitshift.u_accel/gen_hl2[19].membrane_buf/p_0_out_i_4730
INFO: [Physopt 32-662] Processed net u_accel/gen_nn_bitshift.u_accel/q_accum/membrane_in[6].  Did not re-place instance u_accel/gen_nn_bitshift.u_accel/q_accum/p_0_out_i_19
INFO: [Physopt 32-662] Processed net u_accel/gen_nn_bitshift.u_accel/gen_hl2[18].membrane_buf/membrane_storage_reg[7]_627[3].  Did not re-place instance u_accel/gen_nn_bitshift.u_accel/gen_hl2[18].membrane_buf/membrane_storage_reg[7][3]
INFO: [Physopt 32-662] Processed net u_accel/gen_nn_bitshift.u_accel/gen_hl2[18].membrane_buf/p_0_out_i_4735_n_0.  Did not re-place instance u_accel/gen_nn_bitshift.u_accel/gen_hl2[18].membrane_buf/p_0_out_i_4735
INFO: [Physopt 32-662] Processed net u_accel/gen_nn_bitshift.u_accel/gen_hl2[9].membrane_buf/membrane_to_q[9]_802[6].  Did not re-place instance u_accel/gen_nn_bitshift.u_accel/gen_hl2[9].membrane_buf/p_0_out_i_2614
INFO: [Physopt 32-662] Processed net u_accel/gen_nn_bitshift.u_accel/gen_hl2[9].membrane_buf/p_0_out_i_6219_n_0.  Did not re-place instance u_accel/gen_nn_bitshift.u_accel/gen_hl2[9].membrane_buf/p_0_out_i_6219
INFO: [Physopt 32-662] Processed net u_accel/gen_nn_bitshift.u_accel/q_accum/p_0_out_i_1066_n_0.  Did not re-place instance u_accel/gen_nn_bitshift.u_accel/q_accum/p_0_out_i_1066
INFO: [Physopt 32-662] Processed net u_accel/gen_nn_bitshift.u_accel/q_accum/p_0_out_i_97_n_0.  Did not re-place instance u_accel/gen_nn_bitshift.u_accel/q_accum/p_0_out_i_97
INFO: [Physopt 32-662] Processed net u_accel/gen_nn_bitshift.u_accel/gen_hl2[0].membrane_buf/membrane_to_q[0]_829[16].  Did not re-place instance u_accel/gen_nn_bitshift.u_accel/gen_hl2[0].membrane_buf/p_0_out_i_1888
INFO: [Physopt 32-662] Processed net u_accel/gen_nn_bitshift.u_accel/gen_hl2[0].membrane_buf/p_0_out_i_5573_n_0.  Did not re-place instance u_accel/gen_nn_bitshift.u_accel/gen_hl2[0].membrane_buf/p_0_out_i_5573
INFO: [Physopt 32-662] Processed net u_accel/gen_nn_bitshift.u_accel/gen_hl2[1].membrane_buf/timestep_counter_reg[4]_6.  Did not re-place instance u_accel/gen_nn_bitshift.u_accel/gen_hl2[1].membrane_buf/p_0_out_i_716
INFO: [Physopt 32-662] Processed net u_accel/gen_nn_bitshift.u_accel/q_accum/timestep_counter_reg[1]_rep__10_0.  Did not re-place instance u_accel/gen_nn_bitshift.u_accel/q_accum/timestep_counter_reg[1]_rep__10
INFO: [Physopt 32-662] Processed net u_accel/gen_nn_bitshift.u_accel/gen_hl2[30].membrane_buf/p_0_out_i_1489_n_0.  Did not re-place instance u_accel/gen_nn_bitshift.u_accel/gen_hl2[30].membrane_buf/p_0_out_i_1489
INFO: [Physopt 32-662] Processed net u_accel/gen_nn_bitshift.u_accel/q_accum/p_0_out_i_36_n_0.  Did not re-place instance u_accel/gen_nn_bitshift.u_accel/q_accum/p_0_out_i_36
INFO: [Physopt 32-662] Processed net u_accel/gen_nn_bitshift.u_accel/gen_hl2[10].membrane_buf/membrane_storage_reg[10]_765[22].  Did not re-place instance u_accel/gen_nn_bitshift.u_accel/gen_hl2[10].membrane_buf/membrane_storage_reg[10][22]
INFO: [Physopt 32-662] Processed net u_accel/gen_nn_bitshift.u_accel/gen_hl2[10].membrane_buf/p_0_out_i_5164_n_0.  Did not re-place instance u_accel/gen_nn_bitshift.u_accel/gen_hl2[10].membrane_buf/p_0_out_i_5164
INFO: [Physopt 32-662] Processed net u_accel/gen_nn_bitshift.u_accel/q_accum/timestep_counter_reg[0]_rep__4_0.  Did not re-place instance u_accel/gen_nn_bitshift.u_accel/q_accum/timestep_counter_reg[0]_rep__4
INFO: [Physopt 32-662] Processed net u_accel/gen_nn_bitshift.u_accel/gen_hl2[18].membrane_buf/p_0_out_i_4893_n_0.  Did not re-place instance u_accel/gen_nn_bitshift.u_accel/gen_hl2[18].membrane_buf/p_0_out_i_4893
INFO: [Physopt 32-662] Processed net u_accel/gen_nn_bitshift.u_accel/q_accum/p_0_out_i_404_n_0.  Did not re-place instance u_accel/gen_nn_bitshift.u_accel/q_accum/p_0_out_i_404
INFO: [Physopt 32-662] Processed net u_accel/gen_nn_bitshift.u_accel/q_accum/timestep_counter_reg[0]_rep__23_0_repN_2.  Did not re-place instance u_accel/gen_nn_bitshift.u_accel/q_accum/timestep_counter_reg[0]_rep__23_replica_2
INFO: [Physopt 32-662] Processed net u_accel/gen_nn_bitshift.u_accel/gen_hl2[6].membrane_buf/membrane_storage_reg[13]_870[12].  Did not re-place instance u_accel/gen_nn_bitshift.u_accel/gen_hl2[6].membrane_buf/membrane_storage_reg[13][12]
INFO: [Physopt 32-662] Processed net u_accel/gen_nn_bitshift.u_accel/gen_hl2[6].membrane_buf/p_0_out_i_4043_n_0.  Did not re-place instance u_accel/gen_nn_bitshift.u_accel/gen_hl2[6].membrane_buf/p_0_out_i_4043
INFO: [Physopt 32-662] Processed net u_accel/gen_nn_bitshift.u_accel/q_accum/timestep_counter_reg[1]_rep__24_0.  Did not re-place instance u_accel/gen_nn_bitshift.u_accel/q_accum/timestep_counter_reg[1]_rep__24
INFO: [Physopt 32-662] Processed net u_accel/gen_nn_bitshift.u_accel/q_accum/membrane_in[19].  Did not re-place instance u_accel/gen_nn_bitshift.u_accel/q_accum/p_0_out_i_6
INFO: [Physopt 32-662] Processed net u_accel/gen_nn_bitshift.u_accel/gen_hl2[23].membrane_buf/p_0_out_i_6385_n_0.  Did not re-place instance u_accel/gen_nn_bitshift.u_accel/gen_hl2[23].membrane_buf/p_0_out_i_6385
INFO: [Physopt 32-662] Processed net u_accel/gen_nn_bitshift.u_accel/gen_hl2[27].membrane_buf/batch_counter_reg[0]_rep__0.  Did not re-place instance u_accel/gen_nn_bitshift.u_accel/gen_hl2[27].membrane_buf/p_0_out_i_591
INFO: [Physopt 32-662] Processed net u_accel/gen_nn_bitshift.u_accel/gen_hl2[27].membrane_buf/p_0_out_i_5328_n_0.  Did not re-place instance u_accel/gen_nn_bitshift.u_accel/gen_hl2[27].membrane_buf/p_0_out_i_5328
INFO: [Physopt 32-662] Processed net u_accel/gen_nn_bitshift.u_accel/q_accum/p_0_out_i_379_n_0.  Did not re-place instance u_accel/gen_nn_bitshift.u_accel/q_accum/p_0_out_i_379
INFO: [Physopt 32-662] Processed net u_accel/gen_nn_bitshift.u_accel/gen_hl2[16].membrane_buf/p_0_out_i_6109_n_0.  Did not re-place instance u_accel/gen_nn_bitshift.u_accel/gen_hl2[16].membrane_buf/p_0_out_i_6109
INFO: [Physopt 32-662] Processed net u_accel/gen_nn_bitshift.u_accel/gen_hl2[17].membrane_buf/batch_counter_reg[0]_6.  Did not re-place instance u_accel/gen_nn_bitshift.u_accel/gen_hl2[17].membrane_buf/p_0_out_i_1016
INFO: [Physopt 32-662] Processed net u_accel/gen_nn_bitshift.u_accel/gen_hl2[17].membrane_buf/p_0_out_i_5971_n_0.  Did not re-place instance u_accel/gen_nn_bitshift.u_accel/gen_hl2[17].membrane_buf/p_0_out_i_5971
INFO: [Physopt 32-662] Processed net u_accel/gen_nn_bitshift.u_accel/q_accum/p_0_out_i_303_n_0.  Did not re-place instance u_accel/gen_nn_bitshift.u_accel/q_accum/p_0_out_i_303
INFO: [Physopt 32-662] Processed net u_accel/gen_nn_bitshift.u_accel/q_accum/membrane_in[4].  Did not re-place instance u_accel/gen_nn_bitshift.u_accel/q_accum/p_0_out_i_21
INFO: [Physopt 32-662] Processed net u_accel/gen_nn_bitshift.u_accel/gen_hl2[10].membrane_buf/membrane_storage_reg[8]_763[4].  Did not re-place instance u_accel/gen_nn_bitshift.u_accel/gen_hl2[10].membrane_buf/membrane_storage_reg[8][4]
INFO: [Physopt 32-662] Processed net u_accel/gen_nn_bitshift.u_accel/gen_hl2[10].membrane_buf/membrane_to_q[10]_775[4].  Did not re-place instance u_accel/gen_nn_bitshift.u_accel/gen_hl2[10].membrane_buf/p_0_out_i_2770
INFO: [Physopt 32-662] Processed net u_accel/gen_nn_bitshift.u_accel/gen_hl2[10].membrane_buf/p_0_out_i_6356_n_0.  Did not re-place instance u_accel/gen_nn_bitshift.u_accel/gen_hl2[10].membrane_buf/p_0_out_i_6356
INFO: [Physopt 32-662] Processed net u_accel/gen_nn_bitshift.u_accel/gen_hl2[11].membrane_buf/batch_counter_reg[0]_rep__0_2.  Did not re-place instance u_accel/gen_nn_bitshift.u_accel/gen_hl2[11].membrane_buf/p_0_out_i_1143
INFO: [Physopt 32-662] Processed net u_accel/gen_nn_bitshift.u_accel/q_accum/p_0_out_i_105_n_0.  Did not re-place instance u_accel/gen_nn_bitshift.u_accel/q_accum/p_0_out_i_105
INFO: [Physopt 32-662] Processed net u_accel/gen_nn_bitshift.u_accel/gen_hl2[10].membrane_buf/membrane_to_q[10]_775[9].  Did not re-place instance u_accel/gen_nn_bitshift.u_accel/gen_hl2[10].membrane_buf/p_0_out_i_2405
INFO: [Physopt 32-662] Processed net u_accel/gen_nn_bitshift.u_accel/gen_hl2[10].membrane_buf/p_0_out_i_6015_n_0.  Did not re-place instance u_accel/gen_nn_bitshift.u_accel/gen_hl2[10].membrane_buf/p_0_out_i_6015
INFO: [Physopt 32-662] Processed net u_accel/gen_nn_bitshift.u_accel/gen_hl2[11].membrane_buf/batch_counter_reg[0]_13.  Did not re-place instance u_accel/gen_nn_bitshift.u_accel/gen_hl2[11].membrane_buf/p_0_out_i_977
INFO: [Physopt 32-662] Processed net u_accel/gen_nn_bitshift.u_accel/gen_hl2[30].membrane_buf/p_0_out_i_1488_n_0.  Did not re-place instance u_accel/gen_nn_bitshift.u_accel/gen_hl2[30].membrane_buf/p_0_out_i_1488
INFO: [Physopt 32-662] Processed net u_accel/gen_nn_bitshift.u_accel/gen_hl2[9].membrane_buf/membrane_storage_reg[1]_783[13].  Did not re-place instance u_accel/gen_nn_bitshift.u_accel/gen_hl2[9].membrane_buf/membrane_storage_reg[1][13]
INFO: [Physopt 32-662] Processed net u_accel/gen_nn_bitshift.u_accel/q_accum/p_0_out_i_85_n_0.  Did not re-place instance u_accel/gen_nn_bitshift.u_accel/q_accum/p_0_out_i_85
INFO: [Physopt 32-662] Processed net u_accel/gen_nn_bitshift.u_accel/gen_hl2[10].membrane_buf/p_0_out_i_6158_n_0.  Did not re-place instance u_accel/gen_nn_bitshift.u_accel/gen_hl2[10].membrane_buf/p_0_out_i_6158
INFO: [Physopt 32-662] Processed net u_accel/gen_nn_bitshift.u_accel/q_accum/membrane_in[17].  Did not re-place instance u_accel/gen_nn_bitshift.u_accel/q_accum/p_0_out_i_8
INFO: [Physopt 32-662] Processed net u_accel/gen_nn_bitshift.u_accel/gen_hl2[27].membrane_buf/p_0_out_i_1765_n_0.  Did not re-place instance u_accel/gen_nn_bitshift.u_accel/gen_hl2[27].membrane_buf/p_0_out_i_1765
INFO: [Physopt 32-662] Processed net u_accel/gen_nn_bitshift.u_accel/gen_hl2[27].membrane_buf/timestep_counter_reg[3]_12.  Did not re-place instance u_accel/gen_nn_bitshift.u_accel/gen_hl2[27].membrane_buf/p_0_out_i_202
INFO: [Physopt 32-662] Processed net u_accel/gen_nn_bitshift.u_accel/q_accum/p_0_out_i_51_n_0.  Did not re-place instance u_accel/gen_nn_bitshift.u_accel/q_accum/p_0_out_i_51
INFO: [Physopt 32-662] Processed net u_accel/gen_nn_bitshift.u_accel/gen_hl2[10].membrane_buf/membrane_storage_reg[14]_769[22].  Did not re-place instance u_accel/gen_nn_bitshift.u_accel/gen_hl2[10].membrane_buf/membrane_storage_reg[14][22]
INFO: [Physopt 32-662] Processed net u_accel/gen_nn_bitshift.u_accel/gen_hl2[11].membrane_buf/p_0_out_i_5097_n_0.  Did not re-place instance u_accel/gen_nn_bitshift.u_accel/gen_hl2[11].membrane_buf/p_0_out_i_5097
INFO: [Physopt 32-662] Processed net u_accel/gen_nn_bitshift.u_accel/gen_hl2[23].membrane_buf/p_0_out_i_5466_n_0.  Did not re-place instance u_accel/gen_nn_bitshift.u_accel/gen_hl2[23].membrane_buf/p_0_out_i_5466
INFO: [Physopt 32-662] Processed net u_accel/gen_nn_bitshift.u_accel/q_accum/p_0_out_i_200_n_0.  Did not re-place instance u_accel/gen_nn_bitshift.u_accel/q_accum/p_0_out_i_200
INFO: [Physopt 32-662] Processed net u_accel/gen_nn_bitshift.u_accel/q_accum/timestep_counter_reg[0]_rep__2_0.  Did not re-place instance u_accel/gen_nn_bitshift.u_accel/q_accum/timestep_counter_reg[0]_rep__2
INFO: [Physopt 32-662] Processed net u_accel/gen_nn_bitshift.u_accel/gen_hl2[13].membrane_buf/batch_counter_reg[0]_3.  Did not re-place instance u_accel/gen_nn_bitshift.u_accel/gen_hl2[13].membrane_buf/p_0_out_i_822
INFO: [Physopt 32-662] Processed net u_accel/gen_nn_bitshift.u_accel/gen_hl2[13].membrane_buf/membrane_to_q[13]_694[13].  Did not re-place instance u_accel/gen_nn_bitshift.u_accel/gen_hl2[13].membrane_buf/p_0_out_i_2092
INFO: [Physopt 32-662] Processed net u_accel/gen_nn_bitshift.u_accel/gen_hl2[13].membrane_buf/p_0_out_i_5729_n_0.  Did not re-place instance u_accel/gen_nn_bitshift.u_accel/gen_hl2[13].membrane_buf/p_0_out_i_5729
INFO: [Physopt 32-662] Processed net u_accel/gen_nn_bitshift.u_accel/gen_hl2[26].membrane_buf/p_0_out_i_2976_n_0.  Did not re-place instance u_accel/gen_nn_bitshift.u_accel/gen_hl2[26].membrane_buf/p_0_out_i_2976
INFO: [Physopt 32-662] Processed net u_accel/gen_nn_bitshift.u_accel/gen_hl2[9].membrane_buf/p_0_out_i_5681_n_0.  Did not re-place instance u_accel/gen_nn_bitshift.u_accel/gen_hl2[9].membrane_buf/p_0_out_i_5681
INFO: [Physopt 32-662] Processed net u_accel/gen_nn_bitshift.u_accel/q_accum/p_0_out_i_115_n_0.  Did not re-place instance u_accel/gen_nn_bitshift.u_accel/q_accum/p_0_out_i_115
INFO: [Physopt 32-662] Processed net u_accel/gen_nn_bitshift.u_accel/q_accum/p_0_out_i_409_n_0.  Did not re-place instance u_accel/gen_nn_bitshift.u_accel/q_accum/p_0_out_i_409
INFO: [Physopt 32-662] Processed net u_accel/gen_nn_bitshift.u_accel/gen_hl2[0].membrane_buf/membrane_storage_reg[5]_814[23].  Did not re-place instance u_accel/gen_nn_bitshift.u_accel/gen_hl2[0].membrane_buf/membrane_storage_reg[5][23]
INFO: [Physopt 32-662] Processed net u_accel/gen_nn_bitshift.u_accel/gen_hl2[0].membrane_buf/p_0_out_i_5111_n_0.  Did not re-place instance u_accel/gen_nn_bitshift.u_accel/gen_hl2[0].membrane_buf/p_0_out_i_5111
INFO: [Physopt 32-662] Processed net u_accel/gen_nn_bitshift.u_accel/gen_hl2[26].membrane_buf/membrane_storage_reg[0]_1192[7].  Did not re-place instance u_accel/gen_nn_bitshift.u_accel/gen_hl2[26].membrane_buf/membrane_storage_reg[0][7]
INFO: [Physopt 32-662] Processed net u_accel/gen_nn_bitshift.u_accel/gen_hl2[26].membrane_buf/p_0_out_i_6124_n_0.  Did not re-place instance u_accel/gen_nn_bitshift.u_accel/gen_hl2[26].membrane_buf/p_0_out_i_6124
INFO: [Physopt 32-662] Processed net u_accel/gen_nn_bitshift.u_accel/gen_hl2[27].membrane_buf/batch_counter_reg[0]_rep__0_2.  Did not re-place instance u_accel/gen_nn_bitshift.u_accel/gen_hl2[27].membrane_buf/p_0_out_i_1023
INFO: [Physopt 32-662] Processed net u_accel/gen_nn_bitshift.u_accel/q_accum/p_0_out_i_91_n_0.  Did not re-place instance u_accel/gen_nn_bitshift.u_accel/q_accum/p_0_out_i_91
INFO: [Physopt 32-661] Optimized 43 nets.  Re-placed 43 instances.
INFO: [Physopt 32-775] End 1 Pass. Optimized 43 nets or cells. Created 0 new cell, deleted 0 existing cell and moved 43 existing cells
INFO: [Physopt 32-619] Estimated Timing Summary | WNS=-0.622 | TNS=-50.308 |
Netlist sorting complete. Time (s): cpu = 00:00:00.01 ; elapsed = 00:00:00.02 . Memory (MB): peak = 3454.492 ; gain = 0.000 ; free physical = 5415 ; free virtual = 8246
Phase 15 Single Cell Placement Optimization | Checksum: 25f72b97f

Time (s): cpu = 00:03:30 ; elapsed = 00:01:28 . Memory (MB): peak = 3454.492 ; gain = 6.164 ; free physical = 5415 ; free virtual = 8246

Phase 16 Multi Cell Placement Optimization
INFO: [Physopt 32-660] Identified 100 candidate nets for placement-based optimization.
INFO: [Physopt 32-662] Processed net u_accel/gen_nn_bitshift.u_accel/q_accum/p_0_out_i_29_n_0.  Did not re-place instance u_accel/gen_nn_bitshift.u_accel/q_accum/p_0_out_i_29/O
INFO: [Physopt 32-662] Processed net u_accel/gen_nn_bitshift.u_accel/q_accum/p_0_out_i_153_n_0.  Did not re-place instance u_accel/gen_nn_bitshift.u_accel/q_accum/p_0_out_i_153/O
INFO: [Physopt 32-662] Processed net u_accel/gen_nn_bitshift.u_accel/q_accum/p_0_out_i_35_n_0.  Did not re-place instance u_accel/gen_nn_bitshift.u_accel/q_accum/p_0_out_i_35/O
INFO: [Physopt 32-662] Processed net u_accel/gen_nn_bitshift.u_accel/q_accum/p_0_out_i_127_n_0.  Did not re-place instance u_accel/gen_nn_bitshift.u_accel/q_accum/p_0_out_i_127/O
INFO: [Physopt 32-662] Processed net u_accel/gen_nn_bitshift.u_accel/q_accum/p_0_out_i_27_n_0.  Did not re-place instance u_accel/gen_nn_bitshift.u_accel/q_accum/p_0_out_i_27/O
INFO: [Physopt 32-662] Processed net u_accel/gen_nn_bitshift.u_accel/q_accum/p_0_out_i_69_n_0.  Did not re-place instance u_accel/gen_nn_bitshift.u_accel/q_accum/p_0_out_i_69/O
INFO: [Physopt 32-662] Processed net u_accel/gen_nn_bitshift.u_accel/q_accum/p_0_out_i_47_n_0.  Did not re-place instance u_accel/gen_nn_bitshift.u_accel/q_accum/p_0_out_i_47/O
INFO: [Physopt 32-662] Processed net u_accel/gen_nn_bitshift.u_accel/q_accum/p_0_out_i_57_n_0.  Did not re-place instance u_accel/gen_nn_bitshift.u_accel/q_accum/p_0_out_i_57/O
INFO: [Physopt 32-662] Processed net u_accel/gen_nn_bitshift.u_accel/q_accum/p_0_out_i_256_n_0.  Did not re-place instance u_accel/gen_nn_bitshift.u_accel/q_accum/p_0_out_i_256/O
INFO: [Physopt 32-662] Processed net u_accel/gen_nn_bitshift.u_accel/q_accum/p_0_out_i_67_n_0.  Did not re-place instance u_accel/gen_nn_bitshift.u_accel/q_accum/p_0_out_i_67/O
INFO: [Physopt 32-662] Processed net u_accel/gen_nn_bitshift.u_accel/q_accum/p_0_out_i_41_n_0.  Did not re-place instance u_accel/gen_nn_bitshift.u_accel/q_accum/p_0_out_i_41/O
INFO: [Physopt 32-662] Processed net u_accel/gen_nn_bitshift.u_accel/q_accum/p_0_out_i_117_n_0.  Did not re-place instance u_accel/gen_nn_bitshift.u_accel/q_accum/p_0_out_i_117/O
INFO: [Physopt 32-662] Processed net u_accel/gen_nn_bitshift.u_accel/q_accum/p_0_out_i_65_n_0.  Did not re-place instance u_accel/gen_nn_bitshift.u_accel/q_accum/p_0_out_i_65/O
INFO: [Physopt 32-662] Processed net u_accel/gen_nn_bitshift.u_accel/gen_hl2[24].membrane_buf/timestep_counter_reg[3]_4.  Did not re-place instance u_accel/gen_nn_bitshift.u_accel/gen_hl2[24].membrane_buf/p_0_out_i_214/O
INFO: [Physopt 32-662] Processed net u_accel/gen_nn_bitshift.u_accel/q_accum/p_0_out_i_55_n_0.  Did not re-place instance u_accel/gen_nn_bitshift.u_accel/q_accum/p_0_out_i_55/O
INFO: [Physopt 32-662] Processed net u_accel/gen_nn_bitshift.u_accel/q_accum/p_0_out_i_33_n_0.  Did not re-place instance u_accel/gen_nn_bitshift.u_accel/q_accum/p_0_out_i_33/O
INFO: [Physopt 32-662] Processed net u_accel/gen_nn_bitshift.u_accel/q_accum/p_0_out_i_93_n_0.  Did not re-place instance u_accel/gen_nn_bitshift.u_accel/q_accum/p_0_out_i_93/O
INFO: [Physopt 32-662] Processed net u_accel/gen_nn_bitshift.u_accel/q_accum/p_0_out_i_217_n_0.  Did not re-place instance u_accel/gen_nn_bitshift.u_accel/q_accum/p_0_out_i_217/O
INFO: [Physopt 32-662] Processed net u_accel/gen_nn_bitshift.u_accel/q_accum/p_0_out_i_105_n_0.  Did not re-place instance u_accel/gen_nn_bitshift.u_accel/q_accum/p_0_out_i_105/O
INFO: [Physopt 32-662] Processed net u_accel/gen_nn_bitshift.u_accel/q_accum/p_0_out_i_91_n_0.  Did not re-place instance u_accel/gen_nn_bitshift.u_accel/q_accum/p_0_out_i_91/O
INFO: [Physopt 32-662] Processed net u_accel/gen_nn_bitshift.u_accel/gen_hl2[27].membrane_buf/timestep_counter_reg[3]_12.  Did not re-place instance u_accel/gen_nn_bitshift.u_accel/gen_hl2[27].membrane_buf/p_0_out_i_202/O
INFO: [Physopt 32-662] Processed net u_accel/gen_nn_bitshift.u_accel/q_accum/p_0_out_i_51_n_0.  Did not re-place instance u_accel/gen_nn_bitshift.u_accel/q_accum/p_0_out_i_51/O
INFO: [Physopt 32-661] Optimized 0 net.  Re-placed 0 instance.
INFO: [Physopt 32-775] End 1 Pass. Optimized 0 net or cell. Created 0 new cell, deleted 0 existing cell and moved 0 existing cell
Netlist sorting complete. Time (s): cpu = 00:00:00.01 ; elapsed = 00:00:00.01 . Memory (MB): peak = 3454.492 ; gain = 0.000 ; free physical = 5416 ; free virtual = 8247
Phase 16 Multi Cell Placement Optimization | Checksum: 1dbaf1e94

Time (s): cpu = 00:03:33 ; elapsed = 00:01:29 . Memory (MB): peak = 3454.492 ; gain = 6.164 ; free physical = 5416 ; free virtual = 8247

Phase 17 Rewire
INFO: [Physopt 32-246] Starting Signal Push optimization...
INFO: [Physopt 32-241] No nets found for rewiring () optimization.
INFO: [Physopt 32-232] Optimized 0 net. Created 0 new instance.
INFO: [Physopt 32-775] End 1 Pass. Optimized 0 net or cell. Created 0 new cell, deleted 0 existing cell and moved 0 existing cell
Netlist sorting complete. Time (s): cpu = 00:00:00.01 ; elapsed = 00:00:00.01 . Memory (MB): peak = 3454.492 ; gain = 0.000 ; free physical = 5415 ; free virtual = 8247
Phase 17 Rewire | Checksum: 1dbaf1e94

Time (s): cpu = 00:03:33 ; elapsed = 00:01:29 . Memory (MB): peak = 3454.492 ; gain = 6.164 ; free physical = 5415 ; free virtual = 8247

Phase 18 Critical Cell Optimization
INFO: [Physopt 32-46] Identified 30 candidate nets for critical-cell optimization.
INFO: [Physopt 32-572] Net u_accel/gen_nn_bitshift.u_accel/q_accum/membrane_in[21] was not replicated.
Resolution: phys_opt_design can be forced to replicate a net driver using the option -force_replication_on_nets <list of net objects>.
INFO: [Physopt 32-572] Net u_accel/gen_nn_bitshift.u_accel/q_accum/membrane_in[13] was not replicated.
Resolution: phys_opt_design can be forced to replicate a net driver using the option -force_replication_on_nets <list of net objects>.
INFO: [Physopt 32-572] Net u_accel/gen_nn_bitshift.u_accel/q_accum/membrane_in[16] was not replicated.
Resolution: phys_opt_design can be forced to replicate a net driver using the option -force_replication_on_nets <list of net objects>.
INFO: [Physopt 32-572] Net u_accel/gen_nn_bitshift.u_accel/q_accum/membrane_in[1] was not replicated.
Resolution: phys_opt_design can be forced to replicate a net driver using the option -force_replication_on_nets <list of net objects>.
INFO: [Physopt 32-572] Net u_accel/gen_nn_bitshift.u_accel/q_accum/membrane_in[7] was not replicated.
Resolution: phys_opt_design can be forced to replicate a net driver using the option -force_replication_on_nets <list of net objects>.
INFO: [Physopt 32-572] Net u_accel/gen_nn_bitshift.u_accel/q_accum/timestep_counter_reg[0]_rep__23_0_repN_2 was not replicated.
Resolution: phys_opt_design can be forced to replicate a net driver using the option -force_replication_on_nets <list of net objects>.
INFO: [Physopt 32-572] Net u_accel/gen_nn_bitshift.u_accel/q_accum/membrane_in[17] was not replicated.
Resolution: phys_opt_design can be forced to replicate a net driver using the option -force_replication_on_nets <list of net objects>.
INFO: [Physopt 32-572] Net u_accel/gen_nn_bitshift.u_accel/q_accum/membrane_in[12] was not replicated.
Resolution: phys_opt_design can be forced to replicate a net driver using the option -force_replication_on_nets <list of net objects>.
INFO: [Physopt 32-572] Net u_accel/gen_nn_bitshift.u_accel/q_accum/membrane_in[6] was not replicated.
Resolution: phys_opt_design can be forced to replicate a net driver using the option -force_replication_on_nets <list of net objects>.
INFO: [Physopt 32-572] Net u_accel/gen_nn_bitshift.u_accel/q_accum/membrane_in[3] was not replicated.
Resolution: phys_opt_design can be forced to replicate a net driver using the option -force_replication_on_nets <list of net objects>.
INFO: [Physopt 32-572] Net u_accel/gen_nn_bitshift.u_accel/q_accum/membrane_in[9] was not replicated.
Resolution: phys_opt_design can be forced to replicate a net driver using the option -force_replication_on_nets <list of net objects>.
INFO: [Physopt 32-572] Net u_accel/gen_nn_bitshift.u_accel/q_accum/membrane_in[19] was not replicated.
Resolution: phys_opt_design can be forced to replicate a net driver using the option -force_replication_on_nets <list of net objects>.
INFO: [Physopt 32-572] Net u_accel/gen_nn_bitshift.u_accel/q_accum/timestep_counter_reg[0]_rep_0_repN was not replicated.
Resolution: phys_opt_design can be forced to replicate a net driver using the option -force_replication_on_nets <list of net objects>.
INFO: [Physopt 32-572] Net u_accel/gen_nn_bitshift.u_accel/q_accum/membrane_in[11] was not replicated.
Resolution: phys_opt_design can be forced to replicate a net driver using the option -force_replication_on_nets <list of net objects>.
INFO: [Physopt 32-572] Net u_accel/gen_nn_bitshift.u_accel/q_accum/membrane_in[5] was not replicated.
Resolution: phys_opt_design can be forced to replicate a net driver using the option -force_replication_on_nets <list of net objects>.
INFO: [Physopt 32-572] Net u_accel/gen_nn_bitshift.u_accel/q_accum/membrane_in[8] was not replicated.
Resolution: phys_opt_design can be forced to replicate a net driver using the option -force_replication_on_nets <list of net objects>.
INFO: [Physopt 32-572] Net u_accel/gen_nn_bitshift.u_accel/q_accum/timestep_counter_reg[1]_rep__6_0_repN was not replicated.
Resolution: phys_opt_design can be forced to replicate a net driver using the option -force_replication_on_nets <list of net objects>.
INFO: [Physopt 32-601] Processed net u_accel/gen_nn_bitshift.u_accel/q_accum/timestep_counter_reg[4]_0[2]_repN_29. Net driver u_accel/gen_nn_bitshift.u_accel/q_accum/timestep_counter_reg[2]_replica_29 was replaced.
INFO: [Physopt 32-572] Net u_accel/gen_nn_bitshift.u_accel/q_accum/timestep_counter_reg[0]_rep__26_0_repN_5 was not replicated.
Resolution: phys_opt_design can be forced to replicate a net driver using the option -force_replication_on_nets <list of net objects>.
INFO: [Physopt 32-572] Net u_accel/gen_nn_bitshift.u_accel/q_accum/timestep_counter_reg[0]_rep__2_0_repN was not replicated.
Resolution: phys_opt_design can be forced to replicate a net driver using the option -force_replication_on_nets <list of net objects>.
INFO: [Physopt 32-81] Processed net u_accel/gen_nn_bitshift.u_accel/q_accum/timestep_counter_reg[1]_rep__20_0_repN_2. Replicated 1 times.
INFO: [Physopt 32-572] Net u_accel/gen_nn_bitshift.u_accel/q_accum/timestep_counter_reg[0]_rep_0_repN_1 was not replicated.
Resolution: phys_opt_design can be forced to replicate a net driver using the option -force_replication_on_nets <list of net objects>.
INFO: [Physopt 32-572] Net u_accel/gen_nn_bitshift.u_accel/q_accum/timestep_counter_reg[0]_rep__0_0_repN was not replicated.
Resolution: phys_opt_design can be forced to replicate a net driver using the option -force_replication_on_nets <list of net objects>.
INFO: [Physopt 32-81] Processed net u_accel/gen_nn_bitshift.u_accel/q_accum/timestep_counter_reg[1]_rep__8_0_repN. Replicated 1 times.
INFO: [Physopt 32-572] Net u_accel/gen_nn_bitshift.u_accel/q_accum/timestep_counter_reg[1]_rep__0_0_repN was not replicated.
Resolution: phys_opt_design can be forced to replicate a net driver using the option -force_replication_on_nets <list of net objects>.
INFO: [Physopt 32-81] Processed net u_accel/gen_nn_bitshift.u_accel/q_accum/timestep_counter_reg[1]_rep__11_0_repN_1. Replicated 1 times.
INFO: [Physopt 32-572] Net u_accel/gen_nn_bitshift.u_accel/q_accum/timestep_counter_reg[1]_rep__27_0_repN_1 was not replicated.
Resolution: phys_opt_design can be forced to replicate a net driver using the option -force_replication_on_nets <list of net objects>.
INFO: [Physopt 32-572] Net u_accel/gen_nn_bitshift.u_accel/q_accum/timestep_counter_reg[0]_rep_0_repN_2 was not replicated.
Resolution: phys_opt_design can be forced to replicate a net driver using the option -force_replication_on_nets <list of net objects>.
INFO: [Physopt 32-572] Net u_accel/gen_nn_bitshift.u_accel/q_accum/timestep_counter_reg[1]_rep__25_0_repN_1 was not replicated.
Resolution: phys_opt_design can be forced to replicate a net driver using the option -force_replication_on_nets <list of net objects>.
INFO: [Physopt 32-572] Net u_accel/gen_nn_bitshift.u_accel/q_accum/timestep_counter_reg[1]_rep__2_0_repN_3 was not replicated.
Resolution: phys_opt_design can be forced to replicate a net driver using the option -force_replication_on_nets <list of net objects>.
INFO: [Physopt 32-232] Optimized 4 nets. Created 3 new instances.
INFO: [Physopt 32-775] End 1 Pass. Optimized 4 nets or cells. Created 3 new cells, deleted 0 existing cell and moved 0 existing cell
INFO: [Physopt 32-619] Estimated Timing Summary | WNS=-0.622 | TNS=-50.308 |
Netlist sorting complete. Time (s): cpu = 00:00:00.02 ; elapsed = 00:00:00.03 . Memory (MB): peak = 3454.492 ; gain = 0.000 ; free physical = 5387 ; free virtual = 8219
Phase 18 Critical Cell Optimization | Checksum: 26610b04b

Time (s): cpu = 00:03:44 ; elapsed = 00:01:33 . Memory (MB): peak = 3454.492 ; gain = 6.164 ; free physical = 5387 ; free virtual = 8219

Phase 19 DSP Register Optimization
INFO: [Physopt 32-456] No candidate cells for DSP register optimization found in the design.
INFO: [Physopt 32-775] End 1 Pass. Optimized 0 net or cell. Created 0 new cell, deleted 0 existing cell and moved 0 existing cell
Phase 19 DSP Register Optimization | Checksum: 26610b04b

Time (s): cpu = 00:03:44 ; elapsed = 00:01:33 . Memory (MB): peak = 3454.492 ; gain = 6.164 ; free physical = 5373 ; free virtual = 8205

Phase 20 BRAM Register Optimization
INFO: [Physopt 32-526] No candidate cells for BRAM register optimization found in the design
INFO: [Physopt 32-775] End 1 Pass. Optimized 0 net or cell. Created 0 new cell, deleted 0 existing cell and moved 0 existing cell
Phase 20 BRAM Register Optimization | Checksum: 26610b04b

Time (s): cpu = 00:03:44 ; elapsed = 00:01:33 . Memory (MB): peak = 3454.492 ; gain = 6.164 ; free physical = 5354 ; free virtual = 8186

Phase 21 URAM Register Optimization
INFO: [Physopt 32-846] No candidate cells for URAM register optimization found in the design
INFO: [Physopt 32-775] End 1 Pass. Optimized 0 net or cell. Created 0 new cell, deleted 0 existing cell and moved 0 existing cell
INFO: [Physopt 32-846] No candidate cells for URAM register optimization found in the design
INFO: [Physopt 32-775] End 1 Pass. Optimized 0 net or cell. Created 0 new cell, deleted 0 existing cell and moved 0 existing cell
Phase 21 URAM Register Optimization | Checksum: 26610b04b

Time (s): cpu = 00:03:44 ; elapsed = 00:01:34 . Memory (MB): peak = 3454.492 ; gain = 6.164 ; free physical = 5342 ; free virtual = 8182

Phase 22 Shift Register Optimization
INFO: [Physopt 32-1401] No candidate cells found for Shift Register optimization.
INFO: [Physopt 32-677] No candidate cells for Shift Register optimization found in the design
INFO: [Physopt 32-775] End 1 Pass. Optimized 0 net or cell. Created 0 new cell, deleted 0 existing cell and moved 0 existing cell
Phase 22 Shift Register Optimization | Checksum: 26610b04b

Time (s): cpu = 00:03:44 ; elapsed = 00:01:34 . Memory (MB): peak = 3454.492 ; gain = 6.164 ; free physical = 5338 ; free virtual = 8170

Phase 23 DSP Register Optimization
INFO: [Physopt 32-456] No candidate cells for DSP register optimization found in the design.
INFO: [Physopt 32-775] End 1 Pass. Optimized 0 net or cell. Created 0 new cell, deleted 0 existing cell and moved 0 existing cell
Phase 23 DSP Register Optimization | Checksum: 26610b04b

Time (s): cpu = 00:03:44 ; elapsed = 00:01:34 . Memory (MB): peak = 3454.492 ; gain = 6.164 ; free physical = 5330 ; free virtual = 8161

Phase 24 BRAM Register Optimization
INFO: [Physopt 32-526] No candidate cells for BRAM register optimization found in the design
INFO: [Physopt 32-775] End 1 Pass. Optimized 0 net or cell. Created 0 new cell, deleted 0 existing cell and moved 0 existing cell
Phase 24 BRAM Register Optimization | Checksum: 26610b04b

Time (s): cpu = 00:03:44 ; elapsed = 00:01:34 . Memory (MB): peak = 3454.492 ; gain = 6.164 ; free physical = 5330 ; free virtual = 8161

Phase 25 URAM Register Optimization
INFO: [Physopt 32-846] No candidate cells for URAM register optimization found in the design
INFO: [Physopt 32-775] End 1 Pass. Optimized 0 net or cell. Created 0 new cell, deleted 0 existing cell and moved 0 existing cell
INFO: [Physopt 32-846] No candidate cells for URAM register optimization found in the design
INFO: [Physopt 32-775] End 1 Pass. Optimized 0 net or cell. Created 0 new cell, deleted 0 existing cell and moved 0 existing cell
Phase 25 URAM Register Optimization | Checksum: 26610b04b

Time (s): cpu = 00:03:44 ; elapsed = 00:01:34 . Memory (MB): peak = 3454.492 ; gain = 6.164 ; free physical = 5345 ; free virtual = 8177

Phase 26 Shift Register Optimization
INFO: [Physopt 32-1401] No candidate cells found for Shift Register optimization.
INFO: [Physopt 32-677] No candidate cells for Shift Register optimization found in the design
INFO: [Physopt 32-775] End 1 Pass. Optimized 0 net or cell. Created 0 new cell, deleted 0 existing cell and moved 0 existing cell
Phase 26 Shift Register Optimization | Checksum: 26610b04b

Time (s): cpu = 00:03:44 ; elapsed = 00:01:34 . Memory (MB): peak = 3454.492 ; gain = 6.164 ; free physical = 5345 ; free virtual = 8177

Phase 27 Critical Pin Optimization
INFO: [Physopt 32-606] Identified 100 candidate nets for critical-pin optimization.
INFO: [Physopt 32-608] Optimized 55 nets.  Swapped 1019 pins.
INFO: [Physopt 32-775] End 1 Pass. Optimized 55 nets or cells. Created 0 new cell, deleted 0 existing cell and moved 1019 existing cells
INFO: [Physopt 32-619] Estimated Timing Summary | WNS=-0.538 | TNS=-47.214 |
Netlist sorting complete. Time (s): cpu = 00:00:00.01 ; elapsed = 00:00:00.01 . Memory (MB): peak = 3454.492 ; gain = 0.000 ; free physical = 5347 ; free virtual = 8179
Phase 27 Critical Pin Optimization | Checksum: 26610b04b

Time (s): cpu = 00:03:44 ; elapsed = 00:01:34 . Memory (MB): peak = 3454.492 ; gain = 6.164 ; free physical = 5347 ; free virtual = 8179

Phase 28 Very High Fanout Optimization
INFO: [Physopt 32-1408] Pass 1. Identified 6 candidate nets for high-fanout optimization.
INFO: [Physopt 32-572] Net u_accel/gen_nn_bitshift.u_accel/q_accum/timestep_counter_reg[4]_0[4] was not replicated.
Resolution: phys_opt_design can be forced to replicate a net driver using the option -force_replication_on_nets <list of net objects>.
INFO: [Physopt 32-572] Net u_accel/gen_nn_bitshift.u_accel/q_accum/timestep_counter_reg[4]_0[3] was not replicated.
Resolution: phys_opt_design can be forced to replicate a net driver using the option -force_replication_on_nets <list of net objects>.
INFO: [Physopt 32-232] Optimized 0 net. Created 0 new instance.
INFO: [Physopt 32-775] End 1 Pass. Optimized 0 net or cell. Created 0 new cell, deleted 0 existing cell and moved 0 existing cell
Netlist sorting complete. Time (s): cpu = 00:00:00.03 ; elapsed = 00:00:00.03 . Memory (MB): peak = 3454.492 ; gain = 0.000 ; free physical = 5356 ; free virtual = 8188
Phase 28 Very High Fanout Optimization | Checksum: 20a8c6a3b

Time (s): cpu = 00:03:47 ; elapsed = 00:01:35 . Memory (MB): peak = 3454.492 ; gain = 6.164 ; free physical = 5356 ; free virtual = 8188

Phase 29 Single Cell Placement Optimization
INFO: [Physopt 32-660] Identified 250 candidate nets for placement-based optimization.
INFO: [Physopt 32-662] Processed net u_accel/gen_nn_bitshift.u_accel/q_accum/membrane_in[23].  Did not re-place instance u_accel/gen_nn_bitshift.u_accel/q_accum/p_0_out_i_2
INFO: [Physopt 32-662] Processed net u_accel/gen_nn_bitshift.u_accel/gen_hl2[0].membrane_buf/membrane_to_q[0]_829[23].  Did not re-place instance u_accel/gen_nn_bitshift.u_accel/gen_hl2[0].membrane_buf/p_0_out_i_1366
INFO: [Physopt 32-662] Processed net u_accel/gen_nn_bitshift.u_accel/gen_hl2[1].membrane_buf/timestep_counter_reg[4].  Did not re-place instance u_accel/gen_nn_bitshift.u_accel/gen_hl2[1].membrane_buf/p_0_out_i_466
INFO: [Physopt 32-662] Processed net u_accel/gen_nn_bitshift.u_accel/q_accum/p_0_out_i_29_n_0.  Did not re-place instance u_accel/gen_nn_bitshift.u_accel/q_accum/p_0_out_i_29
INFO: [Physopt 32-662] Processed net u_accel/gen_nn_bitshift.u_accel/gen_hl2[10].membrane_buf/membrane_to_q[10]_775[23].  Did not re-place instance u_accel/gen_nn_bitshift.u_accel/gen_hl2[10].membrane_buf/p_0_out_i_1351
INFO: [Physopt 32-662] Processed net u_accel/gen_nn_bitshift.u_accel/gen_hl2[10].membrane_buf/p_0_out_i_5100_n_0.  Did not re-place instance u_accel/gen_nn_bitshift.u_accel/gen_hl2[10].membrane_buf/p_0_out_i_5100
INFO: [Physopt 32-662] Processed net u_accel/gen_nn_bitshift.u_accel/gen_hl2[11].membrane_buf/batch_counter_reg[0].  Did not re-place instance u_accel/gen_nn_bitshift.u_accel/gen_hl2[11].membrane_buf/p_0_out_i_461
INFO: [Physopt 32-662] Processed net u_accel/gen_nn_bitshift.u_accel/gen_hl2[0].membrane_buf/membrane_storage_reg[1]_810[23].  Did not re-place instance u_accel/gen_nn_bitshift.u_accel/gen_hl2[0].membrane_buf/membrane_storage_reg[1][23]
INFO: [Physopt 32-662] Processed net u_accel/gen_nn_bitshift.u_accel/gen_hl2[0].membrane_buf/p_0_out_i_5110_n_0.  Did not re-place instance u_accel/gen_nn_bitshift.u_accel/gen_hl2[0].membrane_buf/p_0_out_i_5110
INFO: [Physopt 32-662] Processed net u_accel/gen_nn_bitshift.u_accel/gen_hl2[10].membrane_buf/membrane_storage_reg[8]_763[23].  Did not re-place instance u_accel/gen_nn_bitshift.u_accel/gen_hl2[10].membrane_buf/membrane_storage_reg[8][23]
INFO: [Physopt 32-662] Processed net u_accel/gen_nn_bitshift.u_accel/q_accum/membrane_in[16].  Did not re-place instance u_accel/gen_nn_bitshift.u_accel/q_accum/p_0_out_i_9
INFO: [Physopt 32-662] Processed net u_accel/gen_nn_bitshift.u_accel/gen_hl2[25].membrane_buf/membrane_storage_reg[8]_1029[16].  Did not re-place instance u_accel/gen_nn_bitshift.u_accel/gen_hl2[25].membrane_buf/membrane_storage_reg[8][16]
INFO: [Physopt 32-662] Processed net u_accel/gen_nn_bitshift.u_accel/gen_hl2[25].membrane_buf/p_0_out_i_1846_n_0.  Did not re-place instance u_accel/gen_nn_bitshift.u_accel/gen_hl2[25].membrane_buf/p_0_out_i_1846
INFO: [Physopt 32-662] Processed net u_accel/gen_nn_bitshift.u_accel/q_accum/p_0_out_i_216_n_0.  Did not re-place instance u_accel/gen_nn_bitshift.u_accel/q_accum/p_0_out_i_216
INFO: [Physopt 32-662] Processed net u_accel/gen_nn_bitshift.u_accel/q_accum/p_0_out_i_55_n_0.  Did not re-place instance u_accel/gen_nn_bitshift.u_accel/q_accum/p_0_out_i_55
INFO: [Physopt 32-662] Processed net u_accel/gen_nn_bitshift.u_accel/q_accum/membrane_in[12].  Did not re-place instance u_accel/gen_nn_bitshift.u_accel/q_accum/p_0_out_i_13
INFO: [Physopt 32-662] Processed net u_accel/gen_nn_bitshift.u_accel/gen_hl2[24].membrane_buf/p_0_out_i_2140_n_0.  Did not re-place instance u_accel/gen_nn_bitshift.u_accel/gen_hl2[24].membrane_buf/p_0_out_i_2140
INFO: [Physopt 32-662] Processed net u_accel/gen_nn_bitshift.u_accel/q_accum/p_0_out_i_71_n_0.  Did not re-place instance u_accel/gen_nn_bitshift.u_accel/q_accum/p_0_out_i_71
INFO: [Physopt 32-662] Processed net u_accel/gen_nn_bitshift.u_accel/gen_hl1_lif[13].hl1_lif/mul_scaled_result_reg[37]_i_1__62_n_0.  Did not re-place instance u_accel/gen_nn_bitshift.u_accel/gen_hl1_lif[13].hl1_lif/mul_scaled_result_reg[37]_i_1__62
INFO: [Physopt 32-662] Processed net u_accel/gen_nn_bitshift.u_accel/gen_hl1_lif[13].hl1_lif/mul_scaled_result_reg_reg_n_0_[37].  Did not re-place instance u_accel/gen_nn_bitshift.u_accel/gen_hl1_lif[13].hl1_lif/mul_scaled_result_reg_reg[37]
INFO: [Physopt 32-662] Processed net u_accel/gen_nn_bitshift.u_accel/q_accum/timestep_counter_reg[0]_rep__1_0.  Did not re-place instance u_accel/gen_nn_bitshift.u_accel/q_accum/timestep_counter_reg[0]_rep__1
INFO: [Physopt 32-662] Processed net u_accel/gen_nn_bitshift.u_accel/q_accum/membrane_in[0].  Did not re-place instance u_accel/gen_nn_bitshift.u_accel/q_accum/p_0_out_i_25
INFO: [Physopt 32-662] Processed net u_accel/gen_nn_bitshift.u_accel/gen_hl2[11].membrane_buf/batch_counter_reg[0]_rep__0_6.  Did not re-place instance u_accel/gen_nn_bitshift.u_accel/gen_hl2[11].membrane_buf/p_0_out_i_1287
INFO: [Physopt 32-662] Processed net u_accel/gen_nn_bitshift.u_accel/gen_hl2[11].membrane_buf/membrane_to_q[11]_748[0].  Did not re-place instance u_accel/gen_nn_bitshift.u_accel/gen_hl2[11].membrane_buf/p_0_out_i_3068
INFO: [Physopt 32-662] Processed net u_accel/gen_nn_bitshift.u_accel/gen_hl2[11].membrane_buf/p_0_out_i_6617_n_0.  Did not re-place instance u_accel/gen_nn_bitshift.u_accel/gen_hl2[11].membrane_buf/p_0_out_i_6617
INFO: [Physopt 32-662] Processed net u_accel/gen_nn_bitshift.u_accel/q_accum/p_0_out_i_121_n_0.  Did not re-place instance u_accel/gen_nn_bitshift.u_accel/q_accum/p_0_out_i_121
INFO: [Physopt 32-662] Processed net u_accel/gen_nn_bitshift.u_accel/q_accum/membrane_in[13].  Did not re-place instance u_accel/gen_nn_bitshift.u_accel/q_accum/p_0_out_i_12
INFO: [Physopt 32-662] Processed net u_accel/gen_nn_bitshift.u_accel/gen_hl2[20].membrane_buf/p_0_out_i_3924_n_0.  Did not re-place instance u_accel/gen_nn_bitshift.u_accel/gen_hl2[20].membrane_buf/p_0_out_i_3924
INFO: [Physopt 32-662] Processed net u_accel/gen_nn_bitshift.u_accel/gen_hl2[5].membrane_buf/membrane_storage_reg[0]_878[23].  Did not re-place instance u_accel/gen_nn_bitshift.u_accel/gen_hl2[5].membrane_buf/membrane_storage_reg[0][23]
INFO: [Physopt 32-662] Processed net u_accel/gen_nn_bitshift.u_accel/gen_hl2[5].membrane_buf/membrane_to_q[5]_898[23].  Did not re-place instance u_accel/gen_nn_bitshift.u_accel/gen_hl2[5].membrane_buf/p_0_out_i_464
INFO: [Physopt 32-662] Processed net u_accel/gen_nn_bitshift.u_accel/gen_hl2[5].membrane_buf/p_0_out_i_3152_n_0.  Did not re-place instance u_accel/gen_nn_bitshift.u_accel/gen_hl2[5].membrane_buf/p_0_out_i_3152
INFO: [Physopt 32-662] Processed net u_accel/gen_nn_bitshift.u_accel/q_accum/p_0_out_i_133_n_0.  Did not re-place instance u_accel/gen_nn_bitshift.u_accel/q_accum/p_0_out_i_133
INFO: [Physopt 32-662] Processed net u_accel/gen_nn_bitshift.u_accel/q_accum/p_0_out_i_252_n_0.  Did not re-place instance u_accel/gen_nn_bitshift.u_accel/q_accum/p_0_out_i_252
INFO: [Physopt 32-662] Processed net u_accel/gen_nn_bitshift.u_accel/gen_hl2[11].membrane_buf/p_0_out_i_6616_n_0.  Did not re-place instance u_accel/gen_nn_bitshift.u_accel/gen_hl2[11].membrane_buf/p_0_out_i_6616
INFO: [Physopt 32-662] Processed net u_accel/gen_nn_bitshift.u_accel/gen_hl2[6].membrane_buf/membrane_to_q[6]_877[23].  Did not re-place instance u_accel/gen_nn_bitshift.u_accel/gen_hl2[6].membrane_buf/p_0_out_i_463
INFO: [Physopt 32-662] Processed net u_accel/gen_nn_bitshift.u_accel/gen_hl2[10].membrane_buf/membrane_storage_reg[5]_760[13].  Did not re-place instance u_accel/gen_nn_bitshift.u_accel/gen_hl2[10].membrane_buf/membrane_storage_reg[5][13]
INFO: [Physopt 32-662] Processed net u_accel/gen_nn_bitshift.u_accel/gen_hl2[10].membrane_buf/membrane_to_q[10]_775[13].  Did not re-place instance u_accel/gen_nn_bitshift.u_accel/gen_hl2[10].membrane_buf/p_0_out_i_2101
INFO: [Physopt 32-662] Processed net u_accel/gen_nn_bitshift.u_accel/gen_hl2[10].membrane_buf/p_0_out_i_5759_n_0.  Did not re-place instance u_accel/gen_nn_bitshift.u_accel/gen_hl2[10].membrane_buf/p_0_out_i_5759
INFO: [Physopt 32-662] Processed net u_accel/gen_nn_bitshift.u_accel/gen_hl2[11].membrane_buf/batch_counter_reg[0]_9.  Did not re-place instance u_accel/gen_nn_bitshift.u_accel/gen_hl2[11].membrane_buf/p_0_out_i_825
INFO: [Physopt 32-662] Processed net u_accel/gen_nn_bitshift.u_accel/q_accum/p_0_out_i_69_n_0.  Did not re-place instance u_accel/gen_nn_bitshift.u_accel/q_accum/p_0_out_i_69
INFO: [Physopt 32-662] Processed net u_accel/gen_nn_bitshift.u_accel/gen_hl2[15].hl2_lif/mul_scaled_result_reg[37]_i_1__86_n_0.  Did not re-place instance u_accel/gen_nn_bitshift.u_accel/gen_hl2[15].hl2_lif/mul_scaled_result_reg[37]_i_1__86
INFO: [Physopt 32-662] Processed net u_accel/gen_nn_bitshift.u_accel/gen_hl2[15].hl2_lif/mul_scaled_result_reg_reg_n_0_[37].  Did not re-place instance u_accel/gen_nn_bitshift.u_accel/gen_hl2[15].hl2_lif/mul_scaled_result_reg_reg[37]
INFO: [Physopt 32-662] Processed net u_accel/gen_nn_bitshift.u_accel/q_accum/timestep_counter_reg[0]_rep__0_0.  Did not re-place instance u_accel/gen_nn_bitshift.u_accel/q_accum/timestep_counter_reg[0]_rep__0
INFO: [Physopt 32-662] Processed net u_accel/gen_nn_bitshift.u_accel/gen_hl2[10].membrane_buf/p_0_out_i_5822_n_0.  Did not re-place instance u_accel/gen_nn_bitshift.u_accel/gen_hl2[10].membrane_buf/p_0_out_i_5822
INFO: [Physopt 32-662] Processed net u_accel/gen_nn_bitshift.u_accel/gen_hl2[11].membrane_buf/batch_counter_reg[0]_10.  Did not re-place instance u_accel/gen_nn_bitshift.u_accel/gen_hl2[11].membrane_buf/p_0_out_i_863
INFO: [Physopt 32-662] Processed net u_accel/gen_nn_bitshift.u_accel/gen_hl2[1].membrane_buf/p_0_out_i_5107_n_0.  Did not re-place instance u_accel/gen_nn_bitshift.u_accel/gen_hl2[1].membrane_buf/p_0_out_i_5107
INFO: [Physopt 32-662] Processed net u_accel/gen_nn_bitshift.u_accel/q_accum/p_0_out_i_73_n_0.  Did not re-place instance u_accel/gen_nn_bitshift.u_accel/q_accum/p_0_out_i_73
INFO: [Physopt 32-662] Processed net u_accel/gen_nn_bitshift.u_accel/q_accum/membrane_in[6].  Did not re-place instance u_accel/gen_nn_bitshift.u_accel/q_accum/p_0_out_i_19
INFO: [Physopt 32-662] Processed net u_accel/gen_nn_bitshift.u_accel/gen_hl2[10].membrane_buf/membrane_storage_reg[5]_760[12].  Did not re-place instance u_accel/gen_nn_bitshift.u_accel/gen_hl2[10].membrane_buf/membrane_storage_reg[5][12]
INFO: [Physopt 32-662] Processed net u_accel/gen_nn_bitshift.u_accel/gen_hl2[10].membrane_buf/membrane_storage_reg[9]_764[6].  Did not re-place instance u_accel/gen_nn_bitshift.u_accel/gen_hl2[10].membrane_buf/membrane_storage_reg[9][6]
INFO: [Physopt 32-662] Processed net u_accel/gen_nn_bitshift.u_accel/gen_hl2[10].membrane_buf/membrane_to_q[10]_775[6].  Did not re-place instance u_accel/gen_nn_bitshift.u_accel/gen_hl2[10].membrane_buf/p_0_out_i_2618
INFO: [Physopt 32-662] Processed net u_accel/gen_nn_bitshift.u_accel/gen_hl2[10].membrane_buf/p_0_out_i_5823_n_0.  Did not re-place instance u_accel/gen_nn_bitshift.u_accel/gen_hl2[10].membrane_buf/p_0_out_i_5823
INFO: [Physopt 32-662] Processed net u_accel/gen_nn_bitshift.u_accel/gen_hl2[10].membrane_buf/p_0_out_i_6228_n_0.  Did not re-place instance u_accel/gen_nn_bitshift.u_accel/gen_hl2[10].membrane_buf/p_0_out_i_6228
INFO: [Physopt 32-662] Processed net u_accel/gen_nn_bitshift.u_accel/gen_hl2[11].membrane_buf/batch_counter_reg[0]_rep__0_0.  Did not re-place instance u_accel/gen_nn_bitshift.u_accel/gen_hl2[11].membrane_buf/p_0_out_i_1067
INFO: [Physopt 32-662] Processed net u_accel/gen_nn_bitshift.u_accel/q_accum/p_0_out_i_97_n_0.  Did not re-place instance u_accel/gen_nn_bitshift.u_accel/q_accum/p_0_out_i_97
INFO: [Physopt 32-662] Processed net u_accel/gen_nn_bitshift.u_accel/gen_hl1_lif[13].hl1_lif/mul_scaled_result_reg[19]_i_1__62_n_0.  Did not re-place instance u_accel/gen_nn_bitshift.u_accel/gen_hl1_lif[13].hl1_lif/mul_scaled_result_reg[19]_i_1__62
INFO: [Physopt 32-662] Processed net u_accel/gen_nn_bitshift.u_accel/gen_hl1_lif[13].hl1_lif/mul_scaled_result_reg_reg_n_0_[19].  Did not re-place instance u_accel/gen_nn_bitshift.u_accel/gen_hl1_lif[13].hl1_lif/mul_scaled_result_reg_reg[19]
INFO: [Physopt 32-662] Processed net u_accel/gen_nn_bitshift.u_accel/q_accum/membrane_in[17].  Did not re-place instance u_accel/gen_nn_bitshift.u_accel/q_accum/p_0_out_i_8
INFO: [Physopt 32-662] Processed net u_accel/gen_nn_bitshift.u_accel/q_accum/membrane_in[3].  Did not re-place instance u_accel/gen_nn_bitshift.u_accel/q_accum/p_0_out_i_22
INFO: [Physopt 32-662] Processed net u_accel/gen_nn_bitshift.u_accel/q_accum/membrane_in[7].  Did not re-place instance u_accel/gen_nn_bitshift.u_accel/q_accum/p_0_out_i_18
INFO: [Physopt 32-662] Processed net u_accel/gen_nn_bitshift.u_accel/gen_hl2[10].membrane_buf/membrane_storage_reg[1]_756[17].  Did not re-place instance u_accel/gen_nn_bitshift.u_accel/gen_hl2[10].membrane_buf/membrane_storage_reg[1][17]
INFO: [Physopt 32-662] Processed net u_accel/gen_nn_bitshift.u_accel/gen_hl2[10].membrane_buf/membrane_to_q[10]_775[17].  Did not re-place instance u_accel/gen_nn_bitshift.u_accel/gen_hl2[10].membrane_buf/p_0_out_i_1797
INFO: [Physopt 32-662] Processed net u_accel/gen_nn_bitshift.u_accel/gen_hl2[10].membrane_buf/p_0_out_i_5502_n_0.  Did not re-place instance u_accel/gen_nn_bitshift.u_accel/gen_hl2[10].membrane_buf/p_0_out_i_5502
INFO: [Physopt 32-662] Processed net u_accel/gen_nn_bitshift.u_accel/gen_hl2[11].membrane_buf/batch_counter_reg[0]_5.  Did not re-place instance u_accel/gen_nn_bitshift.u_accel/gen_hl2[11].membrane_buf/p_0_out_i_673
INFO: [Physopt 32-662] Processed net u_accel/gen_nn_bitshift.u_accel/gen_hl2[23].membrane_buf/batch_counter_reg[0]_rep__1_15.  Did not re-place instance u_accel/gen_nn_bitshift.u_accel/gen_hl2[23].membrane_buf/p_0_out_i_1017
INFO: [Physopt 32-662] Processed net u_accel/gen_nn_bitshift.u_accel/gen_hl2[23].membrane_buf/membrane_storage_reg[3]_1044[7].  Did not re-place instance u_accel/gen_nn_bitshift.u_accel/gen_hl2[23].membrane_buf/membrane_storage_reg[3][7]
INFO: [Physopt 32-662] Processed net u_accel/gen_nn_bitshift.u_accel/gen_hl2[23].membrane_buf/p_0_out_i_6112_n_0.  Did not re-place instance u_accel/gen_nn_bitshift.u_accel/gen_hl2[23].membrane_buf/p_0_out_i_6112
INFO: [Physopt 32-662] Processed net u_accel/gen_nn_bitshift.u_accel/gen_hl2[25].membrane_buf/p_0_out_i_2820_n_0.  Did not re-place instance u_accel/gen_nn_bitshift.u_accel/gen_hl2[25].membrane_buf/p_0_out_i_2820
INFO: [Physopt 32-662] Processed net u_accel/gen_nn_bitshift.u_accel/q_accum/p_0_out_i_107_n_0.  Did not re-place instance u_accel/gen_nn_bitshift.u_accel/q_accum/p_0_out_i_107
INFO: [Physopt 32-662] Processed net u_accel/gen_nn_bitshift.u_accel/q_accum/p_0_out_i_329_n_0.  Did not re-place instance u_accel/gen_nn_bitshift.u_accel/q_accum/p_0_out_i_329
INFO: [Physopt 32-662] Processed net u_accel/gen_nn_bitshift.u_accel/q_accum/p_0_out_i_382_n_0.  Did not re-place instance u_accel/gen_nn_bitshift.u_accel/q_accum/p_0_out_i_382
INFO: [Physopt 32-662] Processed net u_accel/gen_nn_bitshift.u_accel/q_accum/p_0_out_i_53_n_0.  Did not re-place instance u_accel/gen_nn_bitshift.u_accel/q_accum/p_0_out_i_53
INFO: [Physopt 32-662] Processed net u_accel/gen_nn_bitshift.u_accel/q_accum/timestep_counter_reg[0]_rep__27_0.  Did not re-place instance u_accel/gen_nn_bitshift.u_accel/q_accum/timestep_counter_reg[0]_rep__27
INFO: [Physopt 32-662] Processed net u_accel/gen_nn_bitshift.u_accel/gen_hl2[14].membrane_buf/membrane_to_q[14]_667[23].  Did not re-place instance u_accel/gen_nn_bitshift.u_accel/gen_hl2[14].membrane_buf/p_0_out_i_1346
INFO: [Physopt 32-662] Processed net u_accel/gen_nn_bitshift.u_accel/gen_hl2[15].membrane_buf/timestep_counter_reg[4]_22.  Did not re-place instance u_accel/gen_nn_bitshift.u_accel/gen_hl2[15].membrane_buf/p_0_out_i_459
INFO: [Physopt 32-662] Processed net u_accel/gen_nn_bitshift.u_accel/gen_hl2[7].membrane_buf/membrane_storage_reg[12]_848[13].  Did not re-place instance u_accel/gen_nn_bitshift.u_accel/gen_hl2[7].membrane_buf/membrane_storage_reg[12][13]
INFO: [Physopt 32-662] Processed net u_accel/gen_nn_bitshift.u_accel/gen_hl2[7].membrane_buf/membrane_to_q[7]_856[13].  Did not re-place instance u_accel/gen_nn_bitshift.u_accel/gen_hl2[7].membrane_buf/p_0_out_i_826
INFO: [Physopt 32-662] Processed net u_accel/gen_nn_bitshift.u_accel/gen_hl2[7].membrane_buf/p_0_out_i_3959_n_0.  Did not re-place instance u_accel/gen_nn_bitshift.u_accel/gen_hl2[7].membrane_buf/p_0_out_i_3959
INFO: [Physopt 32-662] Processed net u_accel/gen_nn_bitshift.u_accel/q_accum/p_0_out_i_262_n_0.  Did not re-place instance u_accel/gen_nn_bitshift.u_accel/q_accum/p_0_out_i_262
INFO: [Physopt 32-662] Processed net u_accel/gen_nn_bitshift.u_accel/q_accum/timestep_counter_reg[1]_rep__9_0.  Did not re-place instance u_accel/gen_nn_bitshift.u_accel/q_accum/timestep_counter_reg[1]_rep__9
INFO: [Physopt 32-662] Processed net u_accel/gen_nn_bitshift.u_accel/q_accum/membrane_in[22].  Did not re-place instance u_accel/gen_nn_bitshift.u_accel/q_accum/p_0_out_i_3
INFO: [Physopt 32-662] Processed net u_accel/gen_nn_bitshift.u_accel/gen_hl2[26].membrane_buf/p_0_out_i_1403_n_0.  Did not re-place instance u_accel/gen_nn_bitshift.u_accel/gen_hl2[26].membrane_buf/p_0_out_i_1403
INFO: [Physopt 32-662] Processed net u_accel/gen_nn_bitshift.u_accel/gen_hl2[27].membrane_buf/p_0_out_i_1394_n_0.  Did not re-place instance u_accel/gen_nn_bitshift.u_accel/gen_hl2[27].membrane_buf/p_0_out_i_1394
INFO: [Physopt 32-662] Processed net u_accel/gen_nn_bitshift.u_accel/gen_hl2[27].membrane_buf/timestep_counter_reg[3]_15.  Did not re-place instance u_accel/gen_nn_bitshift.u_accel/gen_hl2[27].membrane_buf/p_0_out_i_138
INFO: [Physopt 32-662] Processed net u_accel/gen_nn_bitshift.u_accel/q_accum/p_0_out_i_31_n_0.  Did not re-place instance u_accel/gen_nn_bitshift.u_accel/q_accum/p_0_out_i_31
INFO: [Physopt 32-662] Processed net u_accel/gen_nn_bitshift.u_accel/gen_hl2[0].membrane_buf/p_0_out_i_5111_n_0.  Did not re-place instance u_accel/gen_nn_bitshift.u_accel/gen_hl2[0].membrane_buf/p_0_out_i_5111
INFO: [Physopt 32-662] Processed net u_accel/gen_nn_bitshift.u_accel/gen_hl2[22].membrane_buf/membrane_storage_reg[6]_1079[7].  Did not re-place instance u_accel/gen_nn_bitshift.u_accel/gen_hl2[22].membrane_buf/membrane_storage_reg[6][7]
INFO: [Physopt 32-662] Processed net u_accel/gen_nn_bitshift.u_accel/gen_hl2[22].membrane_buf/p_0_out_i_6117_n_0.  Did not re-place instance u_accel/gen_nn_bitshift.u_accel/gen_hl2[22].membrane_buf/p_0_out_i_6117
INFO: [Physopt 32-662] Processed net u_accel/gen_nn_bitshift.u_accel/q_accum/membrane_in[1].  Did not re-place instance u_accel/gen_nn_bitshift.u_accel/q_accum/p_0_out_i_24
INFO: [Physopt 32-662] Processed net u_accel/gen_nn_bitshift.u_accel/gen_hl2[17].membrane_buf/batch_counter_reg[0]_5.  Did not re-place instance u_accel/gen_nn_bitshift.u_accel/gen_hl2[17].membrane_buf/p_0_out_i_1046
INFO: [Physopt 32-662] Processed net u_accel/gen_nn_bitshift.u_accel/gen_hl2[17].membrane_buf/p_0_out_i_6176_n_0.  Did not re-place instance u_accel/gen_nn_bitshift.u_accel/gen_hl2[17].membrane_buf/p_0_out_i_6176
INFO: [Physopt 32-662] Processed net u_accel/gen_nn_bitshift.u_accel/gen_hl2[25].membrane_buf/p_0_out_i_2970_n_0.  Did not re-place instance u_accel/gen_nn_bitshift.u_accel/gen_hl2[25].membrane_buf/p_0_out_i_2970
INFO: [Physopt 32-662] Processed net u_accel/gen_nn_bitshift.u_accel/gen_hl2[9].membrane_buf/membrane_storage_reg[3]_785[17].  Did not re-place instance u_accel/gen_nn_bitshift.u_accel/gen_hl2[9].membrane_buf/membrane_storage_reg[3][17]
INFO: [Physopt 32-662] Processed net u_accel/gen_nn_bitshift.u_accel/gen_hl2[9].membrane_buf/membrane_to_q[9]_802[17].  Did not re-place instance u_accel/gen_nn_bitshift.u_accel/gen_hl2[9].membrane_buf/p_0_out_i_1793
INFO: [Physopt 32-662] Processed net u_accel/gen_nn_bitshift.u_accel/gen_hl2[9].membrane_buf/p_0_out_i_5490_n_0.  Did not re-place instance u_accel/gen_nn_bitshift.u_accel/gen_hl2[9].membrane_buf/p_0_out_i_5490
INFO: [Physopt 32-662] Processed net u_accel/gen_nn_bitshift.u_accel/q_accum/p_0_out_i_115_n_0.  Did not re-place instance u_accel/gen_nn_bitshift.u_accel/q_accum/p_0_out_i_115
INFO: [Physopt 32-662] Processed net u_accel/gen_nn_bitshift.u_accel/q_accum/p_0_out_i_340_n_0.  Did not re-place instance u_accel/gen_nn_bitshift.u_accel/q_accum/p_0_out_i_340
INFO: [Physopt 32-662] Processed net u_accel/gen_nn_bitshift.u_accel/q_accum/p_0_out_i_408_n_0.  Did not re-place instance u_accel/gen_nn_bitshift.u_accel/q_accum/p_0_out_i_408
INFO: [Physopt 32-662] Processed net u_accel/gen_nn_bitshift.u_accel/q_accum/p_0_out_i_672_n_0.  Did not re-place instance u_accel/gen_nn_bitshift.u_accel/q_accum/p_0_out_i_672
INFO: [Physopt 32-662] Processed net u_accel/gen_nn_bitshift.u_accel/q_accum/membrane_in[9].  Did not re-place instance u_accel/gen_nn_bitshift.u_accel/q_accum/p_0_out_i_16
INFO: [Physopt 32-662] Processed net u_accel/gen_nn_bitshift.u_accel/gen_hl2[25].membrane_buf/p_0_out_i_2819_n_0.  Did not re-place instance u_accel/gen_nn_bitshift.u_accel/gen_hl2[25].membrane_buf/p_0_out_i_2819
INFO: [Physopt 32-662] Processed net u_accel/gen_nn_bitshift.u_accel/gen_hl2[28].membrane_buf/p_0_out_i_4252_n_0.  Did not re-place instance u_accel/gen_nn_bitshift.u_accel/gen_hl2[28].membrane_buf/p_0_out_i_4252
INFO: [Physopt 32-662] Processed net u_accel/gen_nn_bitshift.u_accel/gen_hl2[29].membrane_buf/batch_counter_reg[0]_rep_10.  Did not re-place instance u_accel/gen_nn_bitshift.u_accel/gen_hl2[29].membrane_buf/p_0_out_i_309
INFO: [Physopt 32-662] Processed net u_accel/gen_nn_bitshift.u_accel/q_accum/p_0_out_i_84_n_0.  Did not re-place instance u_accel/gen_nn_bitshift.u_accel/q_accum/p_0_out_i_84
INFO: [Physopt 32-662] Processed net u_accel/gen_nn_bitshift.u_accel/q_accum/timestep_counter_reg[0]_rep__22_0.  Did not re-place instance u_accel/gen_nn_bitshift.u_accel/q_accum/timestep_counter_reg[0]_rep__22
INFO: [Physopt 32-662] Processed net u_accel/gen_nn_bitshift.u_accel/gen_hl2[11].membrane_buf/membrane_to_q[11]_748[23].  Did not re-place instance u_accel/gen_nn_bitshift.u_accel/gen_hl2[11].membrane_buf/p_0_out_i_1350
INFO: [Physopt 32-662] Processed net u_accel/gen_nn_bitshift.u_accel/gen_hl2[11].membrane_buf/p_0_out_i_5098_n_0.  Did not re-place instance u_accel/gen_nn_bitshift.u_accel/gen_hl2[11].membrane_buf/p_0_out_i_5098
INFO: [Physopt 32-662] Processed net u_accel/gen_nn_bitshift.u_accel/gen_hl2[1].membrane_buf/p_0_out_i_5106_n_0.  Did not re-place instance u_accel/gen_nn_bitshift.u_accel/gen_hl2[1].membrane_buf/p_0_out_i_5106
INFO: [Physopt 32-662] Processed net u_accel/gen_nn_bitshift.u_accel/gen_hl2[22].membrane_buf/p_0_out_i_5068_n_0.  Did not re-place instance u_accel/gen_nn_bitshift.u_accel/gen_hl2[22].membrane_buf/p_0_out_i_5068
INFO: [Physopt 32-662] Processed net u_accel/gen_nn_bitshift.u_accel/gen_hl2[23].membrane_buf/p_0_out_i_6114_n_0.  Did not re-place instance u_accel/gen_nn_bitshift.u_accel/gen_hl2[23].membrane_buf/p_0_out_i_6114
INFO: [Physopt 32-662] Processed net u_accel/gen_nn_bitshift.u_accel/gen_hl2[9].membrane_buf/membrane_storage_reg[0]_782[17].  Did not re-place instance u_accel/gen_nn_bitshift.u_accel/gen_hl2[9].membrane_buf/membrane_storage_reg[0][17]
INFO: [Physopt 32-662] Processed net u_accel/gen_nn_bitshift.u_accel/q_accum/p_0_out_i_123_n_0.  Did not re-place instance u_accel/gen_nn_bitshift.u_accel/q_accum/p_0_out_i_123
INFO: [Physopt 32-662] Processed net u_accel/gen_nn_bitshift.u_accel/gen_hl2[10].membrane_buf/membrane_storage_reg[5]_760[16].  Did not re-place instance u_accel/gen_nn_bitshift.u_accel/gen_hl2[10].membrane_buf/membrane_storage_reg[5][16]
INFO: [Physopt 32-662] Processed net u_accel/gen_nn_bitshift.u_accel/gen_hl2[10].membrane_buf/membrane_to_q[10]_775[16].  Did not re-place instance u_accel/gen_nn_bitshift.u_accel/gen_hl2[10].membrane_buf/p_0_out_i_1873
INFO: [Physopt 32-662] Processed net u_accel/gen_nn_bitshift.u_accel/gen_hl2[10].membrane_buf/p_0_out_i_5567_n_0.  Did not re-place instance u_accel/gen_nn_bitshift.u_accel/gen_hl2[10].membrane_buf/p_0_out_i_5567
INFO: [Physopt 32-662] Processed net u_accel/gen_nn_bitshift.u_accel/gen_hl2[11].membrane_buf/batch_counter_reg[0]_6.  Did not re-place instance u_accel/gen_nn_bitshift.u_accel/gen_hl2[11].membrane_buf/p_0_out_i_711
INFO: [Physopt 32-662] Processed net u_accel/gen_nn_bitshift.u_accel/gen_hl2[25].membrane_buf/p_0_out_i_2969_n_0.  Did not re-place instance u_accel/gen_nn_bitshift.u_accel/gen_hl2[25].membrane_buf/p_0_out_i_2969
INFO: [Physopt 32-662] Processed net u_accel/gen_nn_bitshift.u_accel/q_accum/p_0_out_i_57_n_0.  Did not re-place instance u_accel/gen_nn_bitshift.u_accel/q_accum/p_0_out_i_57
INFO: [Physopt 32-662] Processed net u_accel/gen_nn_bitshift.u_accel/q_accum/timestep_counter_reg[1]_rep_0.  Did not re-place instance u_accel/gen_nn_bitshift.u_accel/q_accum/timestep_counter_reg[1]_rep
INFO: [Physopt 32-662] Processed net u_accel/gen_nn_bitshift.u_accel/gen_hl2[9].membrane_buf/membrane_to_q[9]_802[12].  Did not re-place instance u_accel/gen_nn_bitshift.u_accel/gen_hl2[9].membrane_buf/p_0_out_i_2173
INFO: [Physopt 32-662] Processed net u_accel/gen_nn_bitshift.u_accel/gen_hl2[9].membrane_buf/p_0_out_i_5809_n_0.  Did not re-place instance u_accel/gen_nn_bitshift.u_accel/gen_hl2[9].membrane_buf/p_0_out_i_5809
INFO: [Physopt 32-662] Processed net u_accel/gen_nn_bitshift.u_accel/q_accum/p_0_out_i_862_n_0.  Did not re-place instance u_accel/gen_nn_bitshift.u_accel/q_accum/p_0_out_i_862
INFO: [Physopt 32-662] Processed net u_accel/gen_nn_bitshift.u_accel/gen_hl2[19].membrane_buf/p_0_out_i_3171_n_0.  Did not re-place instance u_accel/gen_nn_bitshift.u_accel/gen_hl2[19].membrane_buf/p_0_out_i_3171
INFO: [Physopt 32-662] Processed net u_accel/gen_nn_bitshift.u_accel/q_accum/p_0_out_i_135_n_0.  Did not re-place instance u_accel/gen_nn_bitshift.u_accel/q_accum/p_0_out_i_135
INFO: [Physopt 32-662] Processed net u_accel/gen_nn_bitshift.u_accel/q_accum/timestep_counter_reg[1]_rep__24_0.  Did not re-place instance u_accel/gen_nn_bitshift.u_accel/q_accum/timestep_counter_reg[1]_rep__24
INFO: [Physopt 32-662] Processed net u_accel/gen_nn_bitshift.u_accel/q_accum/membrane_in[19].  Did not re-place instance u_accel/gen_nn_bitshift.u_accel/q_accum/p_0_out_i_6
INFO: [Physopt 32-662] Processed net u_accel/gen_nn_bitshift.u_accel/gen_hl2[27].membrane_buf/batch_counter_reg[0]_rep__0.  Did not re-place instance u_accel/gen_nn_bitshift.u_accel/gen_hl2[27].membrane_buf/p_0_out_i_591
INFO: [Physopt 32-662] Processed net u_accel/gen_nn_bitshift.u_accel/gen_hl2[27].membrane_buf/p_0_out_i_5328_n_0.  Did not re-place instance u_accel/gen_nn_bitshift.u_accel/gen_hl2[27].membrane_buf/p_0_out_i_5328
INFO: [Physopt 32-662] Processed net u_accel/gen_nn_bitshift.u_accel/q_accum/p_0_out_i_43_n_0.  Did not re-place instance u_accel/gen_nn_bitshift.u_accel/q_accum/p_0_out_i_43
INFO: [Physopt 32-662] Processed net u_accel/gen_nn_bitshift.u_accel/q_accum/timestep_counter_reg[1]_rep__13_0.  Did not re-place instance u_accel/gen_nn_bitshift.u_accel/q_accum/timestep_counter_reg[1]_rep__13
INFO: [Physopt 32-662] Processed net u_accel/gen_nn_bitshift.u_accel/gen_hl2[3].membrane_buf/p_0_out_i_6561_n_0.  Did not re-place instance u_accel/gen_nn_bitshift.u_accel/gen_hl2[3].membrane_buf/p_0_out_i_6561
INFO: [Physopt 32-662] Processed net u_accel/gen_nn_bitshift.u_accel/q_accum/p_0_out_i_117_n_0.  Did not re-place instance u_accel/gen_nn_bitshift.u_accel/q_accum/p_0_out_i_117
INFO: [Physopt 32-662] Processed net u_accel/gen_nn_bitshift.u_accel/q_accum/p_0_out_i_1263_n_0.  Did not re-place instance u_accel/gen_nn_bitshift.u_accel/q_accum/p_0_out_i_1263
INFO: [Physopt 32-662] Processed net u_accel/gen_nn_bitshift.u_accel/gen_hl2[13].membrane_buf/batch_counter_reg[0]_rep.  Did not re-place instance u_accel/gen_nn_bitshift.u_accel/gen_hl2[13].membrane_buf/p_0_out_i_458
INFO: [Physopt 32-662] Processed net u_accel/gen_nn_bitshift.u_accel/gen_hl2[13].membrane_buf/membrane_storage_reg[0]_674[23].  Did not re-place instance u_accel/gen_nn_bitshift.u_accel/gen_hl2[13].membrane_buf/membrane_storage_reg[0][23]
INFO: [Physopt 32-662] Processed net u_accel/gen_nn_bitshift.u_accel/gen_hl2[13].membrane_buf/membrane_to_q[13]_694[23].  Did not re-place instance u_accel/gen_nn_bitshift.u_accel/gen_hl2[13].membrane_buf/p_0_out_i_1342
INFO: [Physopt 32-662] Processed net u_accel/gen_nn_bitshift.u_accel/gen_hl2[13].membrane_buf/p_0_out_i_5074_n_0.  Did not re-place instance u_accel/gen_nn_bitshift.u_accel/gen_hl2[13].membrane_buf/p_0_out_i_5074
INFO: [Physopt 32-662] Processed net u_accel/gen_nn_bitshift.u_accel/gen_hl2[20].membrane_buf/membrane_storage_reg[13]_579[16].  Did not re-place instance u_accel/gen_nn_bitshift.u_accel/gen_hl2[20].membrane_buf/membrane_storage_reg[13][16]
INFO: [Physopt 32-662] Processed net u_accel/gen_nn_bitshift.u_accel/gen_hl2[20].membrane_buf/p_0_out_i_3685_n_0.  Did not re-place instance u_accel/gen_nn_bitshift.u_accel/gen_hl2[20].membrane_buf/p_0_out_i_3685
INFO: [Physopt 32-662] Processed net u_accel/gen_nn_bitshift.u_accel/q_accum/p_0_out_i_213_n_0.  Did not re-place instance u_accel/gen_nn_bitshift.u_accel/q_accum/p_0_out_i_213
INFO: [Physopt 32-662] Processed net u_accel/gen_nn_bitshift.u_accel/q_accum/membrane_in[4].  Did not re-place instance u_accel/gen_nn_bitshift.u_accel/q_accum/p_0_out_i_21
INFO: [Physopt 32-662] Processed net u_accel/gen_nn_bitshift.u_accel/gen_hl2[25].membrane_buf/membrane_storage_reg[7]_1028[1].  Did not re-place instance u_accel/gen_nn_bitshift.u_accel/gen_hl2[25].membrane_buf/membrane_storage_reg[7][1]
INFO: [Physopt 32-662] Processed net u_accel/gen_nn_bitshift.u_accel/gen_hl2[27].membrane_buf/membrane_storage_reg[0]_1230[4].  Did not re-place instance u_accel/gen_nn_bitshift.u_accel/gen_hl2[27].membrane_buf/membrane_storage_reg[0][4]
INFO: [Physopt 32-662] Processed net u_accel/gen_nn_bitshift.u_accel/gen_hl2[27].membrane_buf/p_0_out_i_2737_n_0.  Did not re-place instance u_accel/gen_nn_bitshift.u_accel/gen_hl2[27].membrane_buf/p_0_out_i_2737
INFO: [Physopt 32-662] Processed net u_accel/gen_nn_bitshift.u_accel/gen_hl2[27].membrane_buf/timestep_counter_reg[3]_2.  Did not re-place instance u_accel/gen_nn_bitshift.u_accel/gen_hl2[27].membrane_buf/p_0_out_i_368
INFO: [Physopt 32-662] Processed net u_accel/gen_nn_bitshift.u_accel/q_accum/p_0_out_i_103_n_0.  Did not re-place instance u_accel/gen_nn_bitshift.u_accel/q_accum/p_0_out_i_103
INFO: [Physopt 32-662] Processed net u_accel/gen_nn_bitshift.u_accel/q_accum/timestep_counter_reg[0]_rep__4_0.  Did not re-place instance u_accel/gen_nn_bitshift.u_accel/q_accum/timestep_counter_reg[0]_rep__4
INFO: [Physopt 32-662] Processed net u_accel/gen_nn_bitshift.u_accel/q_accum/timestep_counter_reg[0]_rep_0_repN.  Did not re-place instance u_accel/gen_nn_bitshift.u_accel/q_accum/timestep_counter_reg[0]_rep_replica
INFO: [Physopt 32-662] Processed net u_accel/gen_nn_bitshift.u_accel/gen_hl2[19].membrane_buf/p_0_out_i_4393_n_0.  Did not re-place instance u_accel/gen_nn_bitshift.u_accel/gen_hl2[19].membrane_buf/p_0_out_i_4393
INFO: [Physopt 32-662] Processed net u_accel/gen_nn_bitshift.u_accel/gen_hl2[25].membrane_buf/p_0_out_i_2818_n_0.  Did not re-place instance u_accel/gen_nn_bitshift.u_accel/gen_hl2[25].membrane_buf/p_0_out_i_2818
INFO: [Physopt 32-662] Processed net u_accel/gen_nn_bitshift.u_accel/gen_hl2[9].membrane_buf/p_0_out_i_5808_n_0.  Did not re-place instance u_accel/gen_nn_bitshift.u_accel/gen_hl2[9].membrane_buf/p_0_out_i_5808
INFO: [Physopt 32-662] Processed net u_accel/gen_nn_bitshift.u_accel/q_accum/p_0_out_i_328_n_0.  Did not re-place instance u_accel/gen_nn_bitshift.u_accel/q_accum/p_0_out_i_328
INFO: [Physopt 32-662] Processed net u_accel/gen_nn_bitshift.u_accel/q_accum/membrane_in[11].  Did not re-place instance u_accel/gen_nn_bitshift.u_accel/q_accum/p_0_out_i_14
INFO: [Physopt 32-662] Processed net u_accel/gen_nn_bitshift.u_accel/gen_hl2[28].membrane_buf/p_0_out_i_4092_n_0.  Did not re-place instance u_accel/gen_nn_bitshift.u_accel/gen_hl2[28].membrane_buf/p_0_out_i_4092
INFO: [Physopt 32-662] Processed net u_accel/gen_nn_bitshift.u_accel/q_accum/p_0_out_i_76_n_0.  Did not re-place instance u_accel/gen_nn_bitshift.u_accel/q_accum/p_0_out_i_76
INFO: [Physopt 32-662] Processed net u_accel/gen_nn_bitshift.u_accel/q_accum/membrane_in[14].  Did not re-place instance u_accel/gen_nn_bitshift.u_accel/q_accum/p_0_out_i_11
INFO: [Physopt 32-662] Processed net u_accel/gen_nn_bitshift.u_accel/gen_hl2[11].membrane_buf/membrane_storage_reg[7]_735[23].  Did not re-place instance u_accel/gen_nn_bitshift.u_accel/gen_hl2[11].membrane_buf/membrane_storage_reg[7][23]
INFO: [Physopt 32-662] Processed net u_accel/gen_nn_bitshift.u_accel/gen_hl2[11].membrane_buf/p_0_out_i_5099_n_0.  Did not re-place instance u_accel/gen_nn_bitshift.u_accel/gen_hl2[11].membrane_buf/p_0_out_i_5099
INFO: [Physopt 32-662] Processed net u_accel/gen_nn_bitshift.u_accel/gen_hl2[1].membrane_buf/membrane_storage_reg[1]_1100[23].  Did not re-place instance u_accel/gen_nn_bitshift.u_accel/gen_hl2[1].membrane_buf/membrane_storage_reg[1][23]
INFO: [Physopt 32-662] Processed net u_accel/gen_nn_bitshift.u_accel/gen_hl2[1].membrane_buf/membrane_storage_reg[6]_1105[23].  Did not re-place instance u_accel/gen_nn_bitshift.u_accel/gen_hl2[1].membrane_buf/membrane_storage_reg[6][23]
INFO: [Physopt 32-662] Processed net u_accel/gen_nn_bitshift.u_accel/gen_hl2[1].membrane_buf/p_0_out_i_5104_n_0.  Did not re-place instance u_accel/gen_nn_bitshift.u_accel/gen_hl2[1].membrane_buf/p_0_out_i_5104
INFO: [Physopt 32-662] Processed net u_accel/gen_nn_bitshift.u_accel/gen_hl2[1].membrane_buf/p_0_out_i_5105_n_0.  Did not re-place instance u_accel/gen_nn_bitshift.u_accel/gen_hl2[1].membrane_buf/p_0_out_i_5105
INFO: [Physopt 32-662] Processed net u_accel/gen_nn_bitshift.u_accel/gen_hl2[25].membrane_buf/p_0_out_i_1999_n_0.  Did not re-place instance u_accel/gen_nn_bitshift.u_accel/gen_hl2[25].membrane_buf/p_0_out_i_1999
INFO: [Physopt 32-662] Processed net u_accel/gen_nn_bitshift.u_accel/q_accum/timestep_counter_reg[0]_rep__13_0.  Did not re-place instance u_accel/gen_nn_bitshift.u_accel/q_accum/timestep_counter_reg[0]_rep__13
INFO: [Physopt 32-662] Processed net u_accel/gen_nn_bitshift.u_accel/gen_hl2[24].membrane_buf/p_0_out_i_1391_n_0.  Did not re-place instance u_accel/gen_nn_bitshift.u_accel/gen_hl2[24].membrane_buf/p_0_out_i_1391
INFO: [Physopt 32-662] Processed net u_accel/gen_nn_bitshift.u_accel/gen_hl2[3].membrane_buf/p_0_out_i_6560_n_0.  Did not re-place instance u_accel/gen_nn_bitshift.u_accel/gen_hl2[3].membrane_buf/p_0_out_i_6560
INFO: [Physopt 32-662] Processed net u_accel/gen_nn_bitshift.u_accel/gen_hl2[6].membrane_buf/p_0_out_i_4459_n_0.  Did not re-place instance u_accel/gen_nn_bitshift.u_accel/gen_hl2[6].membrane_buf/p_0_out_i_4459
INFO: [Physopt 32-662] Processed net u_accel/gen_nn_bitshift.u_accel/q_accum/p_0_out_i_338_n_0.  Did not re-place instance u_accel/gen_nn_bitshift.u_accel/q_accum/p_0_out_i_338
INFO: [Physopt 32-662] Processed net u_accel/gen_nn_bitshift.u_accel/q_accum/p_0_out_i_93_n_0.  Did not re-place instance u_accel/gen_nn_bitshift.u_accel/q_accum/p_0_out_i_93
INFO: [Physopt 32-662] Processed net u_accel/gen_nn_bitshift.u_accel/q_accum/timestep_counter_reg[0]_rep__6_0_repN.  Did not re-place instance u_accel/gen_nn_bitshift.u_accel/q_accum/timestep_counter_reg[0]_rep__6_replica
INFO: [Physopt 32-662] Processed net u_accel/gen_nn_bitshift.u_accel/gen_hl2[21].membrane_buf/p_0_out_i_4497_n_0.  Did not re-place instance u_accel/gen_nn_bitshift.u_accel/gen_hl2[21].membrane_buf/p_0_out_i_4497
INFO: [Physopt 32-662] Processed net u_accel/gen_nn_bitshift.u_accel/q_accum/p_0_out_i_341_n_0.  Did not re-place instance u_accel/gen_nn_bitshift.u_accel/q_accum/p_0_out_i_341
INFO: [Physopt 32-662] Processed net u_accel/gen_nn_bitshift.u_accel/gen_hl2[27].membrane_buf/p_0_out_i_1320_n_0.  Did not re-place instance u_accel/gen_nn_bitshift.u_accel/gen_hl2[27].membrane_buf/p_0_out_i_1320
INFO: [Physopt 32-662] Processed net u_accel/gen_nn_bitshift.u_accel/gen_hl2[27].membrane_buf/timestep_counter_reg[3]_16.  Did not re-place instance u_accel/gen_nn_bitshift.u_accel/gen_hl2[27].membrane_buf/p_0_out_i_125
INFO: [Physopt 32-662] Processed net u_accel/gen_nn_bitshift.u_accel/gen_hl2[28].membrane_buf/p_0_out_i_4093_n_0.  Did not re-place instance u_accel/gen_nn_bitshift.u_accel/gen_hl2[28].membrane_buf/p_0_out_i_4093
INFO: [Physopt 32-662] Processed net u_accel/gen_nn_bitshift.u_accel/q_accum/p_0_out_i_27_n_0.  Did not re-place instance u_accel/gen_nn_bitshift.u_accel/q_accum/p_0_out_i_27
INFO: [Physopt 32-662] Processed net u_accel/gen_nn_bitshift.u_accel/gen_hl2[10].membrane_buf/p_0_out_i_5758_n_0.  Did not re-place instance u_accel/gen_nn_bitshift.u_accel/gen_hl2[10].membrane_buf/p_0_out_i_5758
INFO: [Physopt 32-662] Processed net u_accel/gen_nn_bitshift.u_accel/gen_hl2[1].membrane_buf/membrane_storage_reg[0]_1099[23].  Did not re-place instance u_accel/gen_nn_bitshift.u_accel/gen_hl2[1].membrane_buf/membrane_storage_reg[0][23]
INFO: [Physopt 32-662] Processed net u_accel/gen_nn_bitshift.u_accel/q_accum/timestep_counter_reg[0]_rep_0.  Did not re-place instance u_accel/gen_nn_bitshift.u_accel/q_accum/timestep_counter_reg[0]_rep
INFO: [Physopt 32-662] Processed net u_accel/gen_nn_bitshift.u_accel/gen_hl2[10].membrane_buf/p_0_out_i_5101_n_0.  Did not re-place instance u_accel/gen_nn_bitshift.u_accel/gen_hl2[10].membrane_buf/p_0_out_i_5101
INFO: [Physopt 32-662] Processed net u_accel/gen_nn_bitshift.u_accel/q_accum/timestep_counter_reg[0]_rep__2_0.  Did not re-place instance u_accel/gen_nn_bitshift.u_accel/q_accum/timestep_counter_reg[0]_rep__2
INFO: [Physopt 32-662] Processed net u_accel/gen_nn_bitshift.u_accel/gen_hl2[13].membrane_buf/batch_counter_reg[0]_0.  Did not re-place instance u_accel/gen_nn_bitshift.u_accel/gen_hl2[13].membrane_buf/p_0_out_i_708
INFO: [Physopt 32-662] Processed net u_accel/gen_nn_bitshift.u_accel/gen_hl2[13].membrane_buf/p_0_out_i_5539_n_0.  Did not re-place instance u_accel/gen_nn_bitshift.u_accel/gen_hl2[13].membrane_buf/p_0_out_i_5539
INFO: [Physopt 32-662] Processed net u_accel/gen_nn_bitshift.u_accel/q_accum/p_0_out_i_45_n_0.  Did not re-place instance u_accel/gen_nn_bitshift.u_accel/q_accum/p_0_out_i_45
INFO: [Physopt 32-661] Optimized 66 nets.  Re-placed 66 instances.
INFO: [Physopt 32-775] End 1 Pass. Optimized 66 nets or cells. Created 0 new cell, deleted 0 existing cell and moved 66 existing cells
INFO: [Physopt 32-619] Estimated Timing Summary | WNS=-0.467 | TNS=-42.727 |
Netlist sorting complete. Time (s): cpu = 00:00:00.02 ; elapsed = 00:00:00.01 . Memory (MB): peak = 3454.492 ; gain = 0.000 ; free physical = 5343 ; free virtual = 8176
Phase 29 Single Cell Placement Optimization | Checksum: 1b08ec29b

Time (s): cpu = 00:04:05 ; elapsed = 00:01:39 . Memory (MB): peak = 3454.492 ; gain = 6.164 ; free physical = 5343 ; free virtual = 8176

Phase 30 Multi Cell Placement Optimization
INFO: [Physopt 32-660] Identified 100 candidate nets for placement-based optimization.
INFO: [Physopt 32-662] Processed net u_accel/gen_nn_bitshift.u_accel/q_accum/p_0_out_i_29_n_0.  Did not re-place instance u_accel/gen_nn_bitshift.u_accel/q_accum/p_0_out_i_29/O
INFO: [Physopt 32-662] Processed net u_accel/gen_nn_bitshift.u_accel/q_accum/p_0_out_i_216_n_0.  Did not re-place instance u_accel/gen_nn_bitshift.u_accel/q_accum/p_0_out_i_216/O
INFO: [Physopt 32-662] Processed net u_accel/gen_nn_bitshift.u_accel/q_accum/p_0_out_i_55_n_0.  Did not re-place instance u_accel/gen_nn_bitshift.u_accel/q_accum/p_0_out_i_55/O
INFO: [Physopt 32-662] Processed net u_accel/gen_nn_bitshift.u_accel/q_accum/p_0_out_i_121_n_0.  Did not re-place instance u_accel/gen_nn_bitshift.u_accel/q_accum/p_0_out_i_121/O
INFO: [Physopt 32-662] Processed net u_accel/gen_nn_bitshift.u_accel/q_accum/p_0_out_i_69_n_0.  Did not re-place instance u_accel/gen_nn_bitshift.u_accel/q_accum/p_0_out_i_69/O
INFO: [Physopt 32-662] Processed net u_accel/gen_nn_bitshift.u_accel/q_accum/p_0_out_i_97_n_0.  Did not re-place instance u_accel/gen_nn_bitshift.u_accel/q_accum/p_0_out_i_97/O
INFO: [Physopt 32-662] Processed net u_accel/gen_nn_bitshift.u_accel/q_accum/p_0_out_i_53_n_0.  Did not re-place instance u_accel/gen_nn_bitshift.u_accel/q_accum/p_0_out_i_53/O
INFO: [Physopt 32-662] Processed net u_accel/gen_nn_bitshift.u_accel/gen_hl2[7].membrane_buf/membrane_to_q[7]_856[13].  Did not re-place instance u_accel/gen_nn_bitshift.u_accel/gen_hl2[7].membrane_buf/p_0_out_i_826/O
INFO: [Physopt 32-662] Processed net u_accel/gen_nn_bitshift.u_accel/q_accum/p_0_out_i_262_n_0.  Did not re-place instance u_accel/gen_nn_bitshift.u_accel/q_accum/p_0_out_i_262/O
INFO: [Physopt 32-662] Processed net u_accel/gen_nn_bitshift.u_accel/gen_hl2[27].membrane_buf/timestep_counter_reg[3]_15.  Did not re-place instance u_accel/gen_nn_bitshift.u_accel/gen_hl2[27].membrane_buf/p_0_out_i_138/O
INFO: [Physopt 32-662] Processed net u_accel/gen_nn_bitshift.u_accel/q_accum/p_0_out_i_31_n_0.  Did not re-place instance u_accel/gen_nn_bitshift.u_accel/q_accum/p_0_out_i_31/O
INFO: [Physopt 32-662] Processed net u_accel/gen_nn_bitshift.u_accel/q_accum/p_0_out_i_57_n_0.  Did not re-place instance u_accel/gen_nn_bitshift.u_accel/q_accum/p_0_out_i_57/O
INFO: [Physopt 32-662] Processed net u_accel/gen_nn_bitshift.u_accel/q_accum/p_0_out_i_73_n_0.  Did not re-place instance u_accel/gen_nn_bitshift.u_accel/q_accum/p_0_out_i_73/O
INFO: [Physopt 32-662] Processed net u_accel/gen_nn_bitshift.u_accel/q_accum/p_0_out_i_268_n_0.  Did not re-place instance u_accel/gen_nn_bitshift.u_accel/q_accum/p_0_out_i_268/O
INFO: [Physopt 32-662] Processed net u_accel/gen_nn_bitshift.u_accel/q_accum/p_0_out_i_71_n_0.  Did not re-place instance u_accel/gen_nn_bitshift.u_accel/q_accum/p_0_out_i_71/O
INFO: [Physopt 32-662] Processed net u_accel/gen_nn_bitshift.u_accel/q_accum/p_0_out_i_43_n_0.  Did not re-place instance u_accel/gen_nn_bitshift.u_accel/q_accum/p_0_out_i_43/O
INFO: [Physopt 32-662] Processed net u_accel/gen_nn_bitshift.u_accel/gen_hl2[27].membrane_buf/timestep_counter_reg[3]_2.  Did not re-place instance u_accel/gen_nn_bitshift.u_accel/gen_hl2[27].membrane_buf/p_0_out_i_368/O
INFO: [Physopt 32-662] Processed net u_accel/gen_nn_bitshift.u_accel/q_accum/p_0_out_i_103_n_0.  Did not re-place instance u_accel/gen_nn_bitshift.u_accel/q_accum/p_0_out_i_103/O
INFO: [Physopt 32-662] Processed net u_accel/gen_nn_bitshift.u_accel/q_accum/p_0_out_i_115_n_0.  Did not re-place instance u_accel/gen_nn_bitshift.u_accel/q_accum/p_0_out_i_115/O
INFO: [Physopt 32-662] Processed net u_accel/gen_nn_bitshift.u_accel/q_accum/p_0_out_i_408_n_0.  Did not re-place instance u_accel/gen_nn_bitshift.u_accel/q_accum/p_0_out_i_408/O
INFO: [Physopt 32-662] Processed net u_accel/gen_nn_bitshift.u_accel/gen_hl1_lif[22].hl1_lif/mul_scaled_result_reg[29]_i_1__26_n_0.  Did not re-place instance u_accel/gen_nn_bitshift.u_accel/gen_hl1_lif[22].hl1_lif/mul_scaled_result_reg[29]_i_1__26/O
INFO: [Physopt 32-662] Processed net u_accel/gen_nn_bitshift.u_accel/gen_hl2[27].membrane_buf/timestep_counter_reg[3]_13.  Did not re-place instance u_accel/gen_nn_bitshift.u_accel/gen_hl2[27].membrane_buf/p_0_out_i_164/O
INFO: [Physopt 32-662] Processed net u_accel/gen_nn_bitshift.u_accel/q_accum/p_0_out_i_39_n_0.  Did not re-place instance u_accel/gen_nn_bitshift.u_accel/q_accum/p_0_out_i_39/O
INFO: [Physopt 32-662] Processed net u_accel/gen_nn_bitshift.u_accel/gen_hl2[29].membrane_buf/batch_counter_reg[0]_rep_0.  Did not re-place instance u_accel/gen_nn_bitshift.u_accel/gen_hl2[29].membrane_buf/p_0_out_i_154/O
INFO: [Physopt 32-662] Processed net u_accel/gen_nn_bitshift.u_accel/q_accum/p_0_out_i_36_n_0.  Did not re-place instance u_accel/gen_nn_bitshift.u_accel/q_accum/p_0_out_i_36/O
INFO: [Physopt 32-662] Processed net u_accel/gen_nn_bitshift.u_accel/q_accum/p_0_out_i_101_n_0.  Did not re-place instance u_accel/gen_nn_bitshift.u_accel/q_accum/p_0_out_i_101/O
INFO: [Physopt 32-662] Processed net u_accel/gen_nn_bitshift.u_accel/q_accum/p_0_out_i_185_n_0.  Did not re-place instance u_accel/gen_nn_bitshift.u_accel/q_accum/p_0_out_i_185/O
INFO: [Physopt 32-661] Optimized 1 net.  Re-placed 2 instances.
INFO: [Physopt 32-775] End 1 Pass. Optimized 1 net or cell. Created 0 new cell, deleted 0 existing cell and moved 2 existing cells
INFO: [Physopt 32-619] Estimated Timing Summary | WNS=-0.467 | TNS=-42.727 |
Netlist sorting complete. Time (s): cpu = 00:00:00.01 ; elapsed = 00:00:00.01 . Memory (MB): peak = 3454.492 ; gain = 0.000 ; free physical = 5341 ; free virtual = 8174
Phase 30 Multi Cell Placement Optimization | Checksum: 2243b575c

Time (s): cpu = 00:04:09 ; elapsed = 00:01:40 . Memory (MB): peak = 3454.492 ; gain = 6.164 ; free physical = 5341 ; free virtual = 8174

Phase 31 SLR Crossing Optimization
Phase 31 SLR Crossing Optimization | Checksum: 2243b575c

Time (s): cpu = 00:04:09 ; elapsed = 00:01:40 . Memory (MB): peak = 3454.492 ; gain = 6.164 ; free physical = 5341 ; free virtual = 8174

Phase 32 Critical Path Optimization
INFO: [Physopt 32-619] Estimated Timing Summary | WNS=-0.467 | TNS=-42.727 |
INFO: [Physopt 32-702] Processed net u_accel/gen_nn_bitshift.u_accel/q_accum/p_0_out_n_92. Optimizations did not improve timing on the net.
INFO: [Physopt 32-702] Processed net u_accel/gen_nn_bitshift.u_accel/gen_hl2[0].membrane_buf/membrane_storage_reg[1]_810[23]. Optimizations did not improve timing on the net.
INFO: [Physopt 32-702] Processed net u_accel/gen_nn_bitshift.u_accel/q_accum/p_0_out_i_29_n_0. Optimizations did not improve timing on the net.
INFO: [Physopt 32-702] Processed net u_accel/gen_nn_bitshift.u_accel/q_accum/p_0_out_i_134_n_0. Optimizations did not improve timing on the net.
INFO: [Physopt 32-702] Processed net u_accel/gen_nn_bitshift.u_accel/gen_hl2[1].membrane_buf/timestep_counter_reg[4]. Optimizations did not improve timing on the net.
INFO: [Physopt 32-702] Processed net u_accel/gen_nn_bitshift.u_accel/gen_hl2[0].membrane_buf/membrane_to_q[0]_829[23]. Optimizations did not improve timing on the net.
INFO: [Physopt 32-702] Processed net u_accel/gen_nn_bitshift.u_accel/gen_hl2[0].membrane_buf/p_0_out_i_3162_n_0. Optimizations did not improve timing on the net.
INFO: [Physopt 32-608] Optimized 1 net.  Swapped 12 pins.
INFO: [Physopt 32-735] Processed net u_accel/gen_nn_bitshift.u_accel/gen_hl2[0].membrane_buf/p_0_out_i_5110_n_0. Optimization improves timing on the net.
INFO: [Physopt 32-619] Estimated Timing Summary | WNS=-0.438 | TNS=-42.321 |
INFO: [Physopt 32-702] Processed net u_accel/gen_nn_bitshift.u_accel/gen_hl2[10].membrane_buf/membrane_storage_reg[8]_763[23]. Optimizations did not improve timing on the net.
INFO: [Physopt 32-702] Processed net u_accel/gen_nn_bitshift.u_accel/q_accum/p_0_out_i_132_n_0. Optimizations did not improve timing on the net.
INFO: [Physopt 32-702] Processed net u_accel/gen_nn_bitshift.u_accel/gen_hl2[11].membrane_buf/batch_counter_reg[0]. Optimizations did not improve timing on the net.
INFO: [Physopt 32-702] Processed net u_accel/gen_nn_bitshift.u_accel/gen_hl2[10].membrane_buf/membrane_to_q[10]_775[23]. Optimizations did not improve timing on the net.
INFO: [Physopt 32-702] Processed net u_accel/gen_nn_bitshift.u_accel/gen_hl2[10].membrane_buf/p_0_out_i_3140_n_0. Optimizations did not improve timing on the net.
INFO: [Physopt 32-702] Processed net u_accel/gen_nn_bitshift.u_accel/gen_hl2[10].membrane_buf/p_0_out_i_5100_n_0. Optimizations did not improve timing on the net.
INFO: [Physopt 32-702] Processed net u_accel/gen_nn_bitshift.u_accel/q_accum/membrane_in[23]. Optimizations did not improve timing on the net.
INFO: [Physopt 32-702] Processed net CLK100MHZ_IBUF. Optimizations did not improve timing on the net.
INFO: [Physopt 32-702] Processed net u_accel/gen_nn_bitshift.u_accel/q_accum/p_0_out_n_92. Optimizations did not improve timing on the net.
INFO: [Physopt 32-702] Processed net u_accel/gen_nn_bitshift.u_accel/gen_hl2[10].membrane_buf/membrane_storage_reg[11]_766[23]. Optimizations did not improve timing on the net.
INFO: [Physopt 32-702] Processed net u_accel/gen_nn_bitshift.u_accel/q_accum/p_0_out_i_29_n_0. Optimizations did not improve timing on the net.
INFO: [Physopt 32-702] Processed net u_accel/gen_nn_bitshift.u_accel/q_accum/p_0_out_i_132_n_0. Optimizations did not improve timing on the net.
INFO: [Physopt 32-702] Processed net u_accel/gen_nn_bitshift.u_accel/gen_hl2[11].membrane_buf/batch_counter_reg[0]. Optimizations did not improve timing on the net.
INFO: [Physopt 32-702] Processed net u_accel/gen_nn_bitshift.u_accel/gen_hl2[10].membrane_buf/membrane_to_q[10]_775[23]. Optimizations did not improve timing on the net.
INFO: [Physopt 32-702] Processed net u_accel/gen_nn_bitshift.u_accel/gen_hl2[10].membrane_buf/p_0_out_i_3140_n_0. Optimizations did not improve timing on the net.
INFO: [Physopt 32-702] Processed net u_accel/gen_nn_bitshift.u_accel/gen_hl2[10].membrane_buf/p_0_out_i_5100_n_0. Optimizations did not improve timing on the net.
INFO: [Physopt 32-702] Processed net u_accel/gen_nn_bitshift.u_accel/q_accum/membrane_in[23]. Optimizations did not improve timing on the net.
INFO: [Physopt 32-702] Processed net CLK100MHZ_IBUF. Optimizations did not improve timing on the net.
INFO: [Physopt 32-619] Estimated Timing Summary | WNS=-0.438 | TNS=-42.321 |
Netlist sorting complete. Time (s): cpu = 00:00:00.01 ; elapsed = 00:00:00.01 . Memory (MB): peak = 3454.492 ; gain = 0.000 ; free physical = 5386 ; free virtual = 8219
Phase 32 Critical Path Optimization | Checksum: 2243b575c

Time (s): cpu = 00:04:12 ; elapsed = 00:01:41 . Memory (MB): peak = 3454.492 ; gain = 6.164 ; free physical = 5386 ; free virtual = 8219

Phase 33 Critical Path Optimization
INFO: [Physopt 32-619] Estimated Timing Summary | WNS=-0.438 | TNS=-42.321 |
INFO: [Physopt 32-702] Processed net u_accel/gen_nn_bitshift.u_accel/q_accum/p_0_out_n_92. Optimizations did not improve timing on the net.
INFO: [Physopt 32-702] Processed net u_accel/gen_nn_bitshift.u_accel/gen_hl2[10].membrane_buf/membrane_storage_reg[11]_766[23]. Optimizations did not improve timing on the net.
INFO: [Physopt 32-702] Processed net u_accel/gen_nn_bitshift.u_accel/q_accum/p_0_out_i_29_n_0. Optimizations did not improve timing on the net.
INFO: [Physopt 32-702] Processed net u_accel/gen_nn_bitshift.u_accel/q_accum/p_0_out_i_132_n_0. Optimizations did not improve timing on the net.
INFO: [Physopt 32-702] Processed net u_accel/gen_nn_bitshift.u_accel/gen_hl2[11].membrane_buf/batch_counter_reg[0]. Optimizations did not improve timing on the net.
INFO: [Physopt 32-702] Processed net u_accel/gen_nn_bitshift.u_accel/gen_hl2[10].membrane_buf/membrane_to_q[10]_775[23]. Optimizations did not improve timing on the net.
INFO: [Physopt 32-702] Processed net u_accel/gen_nn_bitshift.u_accel/gen_hl2[10].membrane_buf/p_0_out_i_3140_n_0. Optimizations did not improve timing on the net.
INFO: [Physopt 32-702] Processed net u_accel/gen_nn_bitshift.u_accel/gen_hl2[10].membrane_buf/p_0_out_i_5100_n_0. Optimizations did not improve timing on the net.
INFO: [Physopt 32-702] Processed net u_accel/gen_nn_bitshift.u_accel/q_accum/membrane_in[23]. Optimizations did not improve timing on the net.
INFO: [Physopt 32-702] Processed net CLK100MHZ_IBUF. Optimizations did not improve timing on the net.
INFO: [Physopt 32-702] Processed net u_accel/gen_nn_bitshift.u_accel/q_accum/p_0_out_n_92. Optimizations did not improve timing on the net.
INFO: [Physopt 32-702] Processed net u_accel/gen_nn_bitshift.u_accel/gen_hl2[10].membrane_buf/membrane_storage_reg[11]_766[23]. Optimizations did not improve timing on the net.
INFO: [Physopt 32-702] Processed net u_accel/gen_nn_bitshift.u_accel/q_accum/p_0_out_i_29_n_0. Optimizations did not improve timing on the net.
INFO: [Physopt 32-702] Processed net u_accel/gen_nn_bitshift.u_accel/q_accum/p_0_out_i_132_n_0. Optimizations did not improve timing on the net.
INFO: [Physopt 32-702] Processed net u_accel/gen_nn_bitshift.u_accel/gen_hl2[11].membrane_buf/batch_counter_reg[0]. Optimizations did not improve timing on the net.
INFO: [Physopt 32-702] Processed net u_accel/gen_nn_bitshift.u_accel/gen_hl2[10].membrane_buf/membrane_to_q[10]_775[23]. Optimizations did not improve timing on the net.
INFO: [Physopt 32-702] Processed net u_accel/gen_nn_bitshift.u_accel/gen_hl2[10].membrane_buf/p_0_out_i_3140_n_0. Optimizations did not improve timing on the net.
INFO: [Physopt 32-702] Processed net u_accel/gen_nn_bitshift.u_accel/gen_hl2[10].membrane_buf/p_0_out_i_5100_n_0. Optimizations did not improve timing on the net.
INFO: [Physopt 32-702] Processed net u_accel/gen_nn_bitshift.u_accel/q_accum/membrane_in[23]. Optimizations did not improve timing on the net.
INFO: [Physopt 32-702] Processed net CLK100MHZ_IBUF. Optimizations did not improve timing on the net.
INFO: [Physopt 32-619] Estimated Timing Summary | WNS=-0.438 | TNS=-42.321 |
Netlist sorting complete. Time (s): cpu = 00:00:00.01 ; elapsed = 00:00:00.01 . Memory (MB): peak = 3454.492 ; gain = 0.000 ; free physical = 5384 ; free virtual = 8217
Phase 33 Critical Path Optimization | Checksum: 2243b575c

Time (s): cpu = 00:04:14 ; elapsed = 00:01:41 . Memory (MB): peak = 3454.492 ; gain = 6.164 ; free physical = 5384 ; free virtual = 8217

Phase 34 BRAM Enable Optimization
Phase 34 BRAM Enable Optimization | Checksum: 2243b575c

Time (s): cpu = 00:04:14 ; elapsed = 00:01:41 . Memory (MB): peak = 3454.492 ; gain = 6.164 ; free physical = 5384 ; free virtual = 8217
INFO: [Physopt 32-960] Skip hold-fix as initial WHS does not violate hold threshold 250 ps
Netlist sorting complete. Time (s): cpu = 00:00:00.01 ; elapsed = 00:00:00.01 . Memory (MB): peak = 3454.492 ; gain = 0.000 ; free physical = 5384 ; free virtual = 8217
INFO: [Physopt 32-603] Post Physical Optimization Timing Summary | WNS=-0.438 | TNS=-42.321 |

Summary of Physical Synthesis Optimizations
============================================


----------------------------------------------------------------------------------------------------------------------------------------------------------------------
|  Optimization            |  WNS Gain (ns)  |  TNS Gain (ns)  |  Added Cells  |  Removed Cells  |  Optimized Cells/Nets  |  Dont Touch  |  Iterations  |  Elapsed   |
----------------------------------------------------------------------------------------------------------------------------------------------------------------------
|  Fanout                  |          0.070  |          2.142  |          196  |              0  |                    53  |           0  |           3  |  00:01:01  |
|  Single Cell Placement   |          0.071  |         13.108  |            0  |              0  |                   251  |           0  |           4  |  00:00:14  |
|  Multi Cell Placement    |          0.000  |          0.156  |            0  |              0  |                     8  |           0  |           4  |  00:00:05  |
|  Rewire                  |          0.000  |          5.630  |            1  |              0  |                     3  |           0  |           3  |  00:00:01  |
|  Critical Cell           |          0.000  |          7.021  |           16  |              0  |                    15  |           0  |           3  |  00:00:13  |
|  SLR Crossing            |          0.000  |          0.000  |            0  |              0  |                     0  |           0  |           3  |  00:00:00  |
|  DSP Register            |          0.000  |          0.000  |            0  |              0  |                     0  |           0  |           2  |  00:00:00  |
|  BRAM Register           |          0.000  |          0.000  |            0  |              0  |                     0  |           0  |           2  |  00:00:00  |
|  URAM Register           |          0.000  |          0.000  |            0  |              0  |                     0  |           0  |           2  |  00:00:00  |
|  Shift Register          |          0.000  |          0.000  |            0  |              0  |                     0  |           0  |           2  |  00:00:00  |
|  Critical Pin            |          0.084  |          3.094  |            0  |              0  |                    55  |           0  |           1  |  00:00:00  |
|  Very High Fanout        |          0.000  |          0.000  |            0  |              0  |                     0  |           0  |           1  |  00:00:01  |
|  BRAM Enable             |          0.000  |          0.000  |            0  |              0  |                     0  |           0  |           1  |  00:00:00  |
|  Critical Path           |          0.029  |          0.406  |            0  |              0  |                     1  |           0  |           2  |  00:00:01  |
|  Total                   |          0.254  |         31.557  |          213  |              0  |                   386  |           0  |          33  |  00:01:36  |
----------------------------------------------------------------------------------------------------------------------------------------------------------------------


Netlist sorting complete. Time (s): cpu = 00:00:00.01 ; elapsed = 00:00:00.01 . Memory (MB): peak = 3454.492 ; gain = 0.000 ; free physical = 5384 ; free virtual = 8218
Ending Physical Synthesis Task | Checksum: 2542a2745

Time (s): cpu = 00:04:14 ; elapsed = 00:01:42 . Memory (MB): peak = 3454.492 ; gain = 6.164 ; free physical = 5384 ; free virtual = 8218
INFO: [Common 17-83] Releasing license: Implementation
1357 Infos, 0 Warnings, 0 Critical Warnings and 0 Errors encountered.
phys_opt_design completed successfully
phys_opt_design: Time (s): cpu = 00:04:24 ; elapsed = 00:01:44 . Memory (MB): peak = 3454.492 ; gain = 6.164 ; free physical = 5384 ; free virtual = 8218
INFO: [Timing 38-480] Writing timing data to binary archive.
Write ShapeDB Complete: Time (s): cpu = 00:00:00.42 ; elapsed = 00:00:00.09 . Memory (MB): peak = 3473.203 ; gain = 0.000 ; free physical = 5384 ; free virtual = 8230
Wrote PlaceDB: Time (s): cpu = 00:00:04 ; elapsed = 00:00:02 . Memory (MB): peak = 3473.203 ; gain = 0.000 ; free physical = 5342 ; free virtual = 8266
Wrote PulsedLatchDB: Time (s): cpu = 00:00:00 ; elapsed = 00:00:00 . Memory (MB): peak = 3473.203 ; gain = 0.000 ; free physical = 5342 ; free virtual = 8266
Writing XDEF routing.
Writing XDEF routing logical nets.
Writing XDEF routing special nets.
Wrote RouteStorage: Time (s): cpu = 00:00:00.08 ; elapsed = 00:00:00.08 . Memory (MB): peak = 3473.203 ; gain = 0.000 ; free physical = 5342 ; free virtual = 8266
Wrote Netlist Cache: Time (s): cpu = 00:00:00.07 ; elapsed = 00:00:00.09 . Memory (MB): peak = 3473.203 ; gain = 0.000 ; free physical = 5342 ; free virtual = 8274
Wrote Device Cache: Time (s): cpu = 00:00:00.01 ; elapsed = 00:00:00 . Memory (MB): peak = 3473.203 ; gain = 0.000 ; free physical = 5342 ; free virtual = 8275
Write Physdb Complete: Time (s): cpu = 00:00:04 ; elapsed = 00:00:02 . Memory (MB): peak = 3473.203 ; gain = 0.000 ; free physical = 5342 ; free virtual = 8275
INFO: [Common 17-1381] The checkpoint '/home/stonepine/intrinsic-memory-SNNs/3_benchmarking_on_FPGA/results/bitshift-64-32-4/vivado_project/board_top_bitshift-64-32-4.runs/impl_1/board_top_bitshift_64_32_4_physopt.dcp' has been generated.
Command: route_design
Attempting to get a license for feature 'Implementation' and/or device 'xc7a100t'
INFO: [Common 17-349] Got license for feature 'Implementation' and/or device 'xc7a100t'
INFO: [DRC 23-27] Running DRC with 8 threads
INFO: [Vivado_Tcl 4-198] DRC finished with 0 Errors
INFO: [Vivado_Tcl 4-199] Please refer to the DRC report (report_drc) for more information.


Starting Routing Task
INFO: [Route 35-254] Multithreading enabled for route_design using a maximum of 8 CPUs

Phase 1 Build RT Design
Checksum: PlaceDB: 67377f7f ConstDB: 0 ShapeSum: 8177bc80 RouteDB: b1d25f96
Post Restoration Checksum: NetGraph: 5c6517a0 | NumContArr: 407a745a | Constraints: c2a8fa9d | Timing: c2a8fa9d
Phase 1 Build RT Design | Checksum: 222318134

Time (s): cpu = 00:00:27 ; elapsed = 00:00:14 . Memory (MB): peak = 3518.453 ; gain = 0.000 ; free physical = 5360 ; free virtual = 8234

Phase 2 Router Initialization

Phase 2.1 Fix Topology Constraints
Phase 2.1 Fix Topology Constraints | Checksum: 222318134

Time (s): cpu = 00:00:28 ; elapsed = 00:00:14 . Memory (MB): peak = 3518.453 ; gain = 0.000 ; free physical = 5362 ; free virtual = 8237

Phase 2.2 Pre Route Cleanup
Phase 2.2 Pre Route Cleanup | Checksum: 222318134

Time (s): cpu = 00:00:28 ; elapsed = 00:00:14 . Memory (MB): peak = 3518.453 ; gain = 0.000 ; free physical = 5362 ; free virtual = 8237
 Number of Nodes with overlaps = 0

Phase 2.3 Update Timing
Phase 2.3 Update Timing | Checksum: 249bc0e64

Time (s): cpu = 00:00:46 ; elapsed = 00:00:19 . Memory (MB): peak = 3518.453 ; gain = 0.000 ; free physical = 5358 ; free virtual = 8234
INFO: [Route 35-416] Intermediate Timing Summary | WNS=-0.467 | TNS=-48.586| WHS=-0.149 | THS=-105.464|


Phase 2.4 Soft Constraint Pins - Fast Budgeting
Phase 2.4 Soft Constraint Pins - Fast Budgeting | Checksum: 1e3c505fd

Time (s): cpu = 00:00:54 ; elapsed = 00:00:21 . Memory (MB): peak = 3531.484 ; gain = 13.031 ; free physical = 5347 ; free virtual = 8223

Router Utilization Summary
  Global Vertical Routing Utilization    = 0 %
  Global Horizontal Routing Utilization  = 0 %
  Routable Net Status*
  *Does not include unroutable nets such as driverless and loadless.
  Run report_route_status for detailed report.
  Number of Failed Nets               = 79073
    (Failed Nets is the sum of unrouted and partially routed nets)
  Number of Unrouted Nets             = 79072
  Number of Partially Routed Nets     = 1
  Number of Node Overlaps             = 0

Phase 2 Router Initialization | Checksum: 27b9d6a33

Time (s): cpu = 00:00:55 ; elapsed = 00:00:22 . Memory (MB): peak = 3531.484 ; gain = 13.031 ; free physical = 5338 ; free virtual = 8214

Phase 3 Global Routing
Phase 3 Global Routing | Checksum: 27b9d6a33

Time (s): cpu = 00:00:55 ; elapsed = 00:00:22 . Memory (MB): peak = 3531.484 ; gain = 13.031 ; free physical = 5338 ; free virtual = 8214

Phase 4 Initial Routing

Phase 4.1 Initial Net Routing Pass
Phase 4.1 Initial Net Routing Pass | Checksum: 2cb256356

Time (s): cpu = 00:01:05 ; elapsed = 00:00:24 . Memory (MB): peak = 3531.484 ; gain = 13.031 ; free physical = 5308 ; free virtual = 8187
Phase 4 Initial Routing | Checksum: 2cb256356

Time (s): cpu = 00:01:05 ; elapsed = 00:00:24 . Memory (MB): peak = 3531.484 ; gain = 13.031 ; free physical = 5308 ; free virtual = 8187
INFO: [Route 35-580] Design has 9 pins with tight setup and hold constraints.

The top 5 pins with tight setup and hold constraints:

+====================+===================+=========================================================================================+
| Launch Setup Clock | Launch Hold Clock | Pin                                                                                     |
+====================+===================+=========================================================================================+
| sys_clk_pin        | sys_clk_pin       | u_accel/gen_nn_bitshift.u_accel/gen_hl1_lif[26].hl1_lif/mul_scaled_result_reg_reg[21]/D |
| sys_clk_pin        | sys_clk_pin       | u_accel/gen_nn_bitshift.u_accel/gen_hl1_lif[26].hl1_lif/mul_scaled_result_reg_reg[20]/D |
| sys_clk_pin        | sys_clk_pin       | u_accel/gen_nn_bitshift.u_accel/ts_state_reg[2]/D                                       |
| sys_clk_pin        | sys_clk_pin       | u_accel/gen_nn_bitshift.u_accel/gen_hl1_lif[0].hl1_lif/mul_scaled_result_reg_reg[21]/D  |
| sys_clk_pin        | sys_clk_pin       | u_accel/gen_nn_bitshift.u_accel/gen_hl1_lif[0].hl1_lif/mul_scaled_result_reg_reg[27]/D  |
+--------------------+-------------------+-----------------------------------------------------------------------------------------+

File with complete list of pins: tight_setup_hold_pins.txt


Phase 5 Rip-up And Reroute

Phase 5.1 Global Iteration 0
 Number of Nodes with overlaps = 14461
 Number of Nodes with overlaps = 5430
 Number of Nodes with overlaps = 2512
 Number of Nodes with overlaps = 1174
 Number of Nodes with overlaps = 413
 Number of Nodes with overlaps = 133
 Number of Nodes with overlaps = 28
 Number of Nodes with overlaps = 7
 Number of Nodes with overlaps = 2
 Number of Nodes with overlaps = 0
INFO: [Route 35-416] Intermediate Timing Summary | WNS=-1.194 | TNS=-47.766| WHS=N/A    | THS=N/A    |

Phase 5.1 Global Iteration 0 | Checksum: 145c7ff54

Time (s): cpu = 00:02:51 ; elapsed = 00:01:30 . Memory (MB): peak = 3571.516 ; gain = 53.062 ; free physical = 5305 ; free virtual = 8193

Phase 5.2 Global Iteration 1
 Number of Nodes with overlaps = 1535
 Number of Nodes with overlaps = 590
 Number of Nodes with overlaps = 285
 Number of Nodes with overlaps = 208
 Number of Nodes with overlaps = 118
 Number of Nodes with overlaps = 49
 Number of Nodes with overlaps = 26
 Number of Nodes with overlaps = 6
 Number of Nodes with overlaps = 5
 Number of Nodes with overlaps = 7
 Number of Nodes with overlaps = 4
 Number of Nodes with overlaps = 0
INFO: [Route 35-416] Intermediate Timing Summary | WNS=-1.233 | TNS=-49.403| WHS=N/A    | THS=N/A    |

Phase 5.2 Global Iteration 1 | Checksum: 1d10899b5

Time (s): cpu = 00:03:31 ; elapsed = 00:01:47 . Memory (MB): peak = 3571.516 ; gain = 53.062 ; free physical = 5256 ; free virtual = 8145
Phase 5 Rip-up And Reroute | Checksum: 1d10899b5

Time (s): cpu = 00:03:31 ; elapsed = 00:01:47 . Memory (MB): peak = 3571.516 ; gain = 53.062 ; free physical = 5256 ; free virtual = 8145

Phase 6 Delay and Skew Optimization

Phase 6.1 Delay CleanUp

Phase 6.1.1 Update Timing
Phase 6.1.1 Update Timing | Checksum: 22e75c228

Time (s): cpu = 00:03:34 ; elapsed = 00:01:47 . Memory (MB): peak = 3571.516 ; gain = 53.062 ; free physical = 5255 ; free virtual = 8144
INFO: [Route 35-416] Intermediate Timing Summary | WNS=-1.187 | TNS=-46.342| WHS=N/A    | THS=N/A    |

 Number of Nodes with overlaps = 0
Phase 6.1 Delay CleanUp | Checksum: 2633d7bf0

Time (s): cpu = 00:03:35 ; elapsed = 00:01:48 . Memory (MB): peak = 3571.516 ; gain = 53.062 ; free physical = 5252 ; free virtual = 8139

Phase 6.2 Clock Skew Optimization
Phase 6.2 Clock Skew Optimization | Checksum: 2633d7bf0

Time (s): cpu = 00:03:35 ; elapsed = 00:01:48 . Memory (MB): peak = 3571.516 ; gain = 53.062 ; free physical = 5252 ; free virtual = 8138
Phase 6 Delay and Skew Optimization | Checksum: 2633d7bf0

Time (s): cpu = 00:03:35 ; elapsed = 00:01:48 . Memory (MB): peak = 3571.516 ; gain = 53.062 ; free physical = 5252 ; free virtual = 8138

Phase 7 Post Hold Fix

Phase 7.1 Hold Fix Iter
INFO: [Route 35-416] Intermediate Timing Summary | WNS=-1.125 | TNS=-45.128| WHS=0.021  | THS=0.000  |

Phase 7.1 Hold Fix Iter | Checksum: 245f8fcf0

Time (s): cpu = 00:03:39 ; elapsed = 00:01:48 . Memory (MB): peak = 3571.516 ; gain = 53.062 ; free physical = 5252 ; free virtual = 8138
Phase 7 Post Hold Fix | Checksum: 245f8fcf0

Time (s): cpu = 00:03:39 ; elapsed = 00:01:48 . Memory (MB): peak = 3571.516 ; gain = 53.062 ; free physical = 5251 ; free virtual = 8138

Phase 8 Route finalize

Router Utilization Summary
  Global Vertical Routing Utilization    = 18.1578 %
  Global Horizontal Routing Utilization  = 16.5532 %
  Routable Net Status*
  *Does not include unroutable nets such as driverless and loadless.
  Run report_route_status for detailed report.
  Number of Failed Nets               = 0
    (Failed Nets is the sum of unrouted and partially routed nets)
  Number of Unrouted Nets             = 0
  Number of Partially Routed Nets     = 0
  Number of Node Overlaps             = 0


--GLOBAL Congestion:
Utilization threshold used for congestion level computation: 0.85
Congestion Report
North Dir 1x1 Area, Max Cong = 86.4865%, Congestion bounded by tiles (Lower Left Tile -> Upper Right Tile):
   INT_L_X34Y94 -> INT_L_X34Y94
South Dir 1x1 Area, Max Cong = 90.991%, Congestion bounded by tiles (Lower Left Tile -> Upper Right Tile):
   INT_L_X20Y48 -> INT_L_X20Y48
   INT_L_X28Y46 -> INT_L_X28Y46
   INT_R_X23Y45 -> INT_R_X23Y45
   INT_L_X24Y41 -> INT_L_X24Y41
East Dir 1x1 Area, Max Cong = 85.2941%, Congestion bounded by tiles (Lower Left Tile -> Upper Right Tile):
   INT_R_X21Y51 -> INT_R_X21Y51
West Dir 1x1 Area, Max Cong = 75%, No Congested Regions.

------------------------------
Reporting congestion hotspots
------------------------------
Direction: North
----------------
Congested clusters found at Level 0
Effective congestion level: 0 Aspect Ratio: 1 Sparse Ratio: 1
Direction: South
----------------
Congested clusters found at Level 0
Effective congestion level: 0 Aspect Ratio: 1 Sparse Ratio: 1
Direction: East
----------------
Congested clusters found at Level 0
Effective congestion level: 0 Aspect Ratio: 1 Sparse Ratio: 1
Direction: West
----------------
Congested clusters found at Level 0
Effective congestion level: 0 Aspect Ratio: 1 Sparse Ratio: 0

Phase 8 Route finalize | Checksum: 245f8fcf0

Time (s): cpu = 00:03:40 ; elapsed = 00:01:48 . Memory (MB): peak = 3571.516 ; gain = 53.062 ; free physical = 5251 ; free virtual = 8138

Phase 9 Verifying routed nets

 Verification completed successfully
Phase 9 Verifying routed nets | Checksum: 245f8fcf0

Time (s): cpu = 00:03:40 ; elapsed = 00:01:48 . Memory (MB): peak = 3571.516 ; gain = 53.062 ; free physical = 5250 ; free virtual = 8137

Phase 10 Depositing Routes
Phase 10 Depositing Routes | Checksum: 29959ce9e

Time (s): cpu = 00:03:44 ; elapsed = 00:01:51 . Memory (MB): peak = 3571.516 ; gain = 53.062 ; free physical = 5226 ; free virtual = 8116

Phase 11 Post Process Routing
Phase 11 Post Process Routing | Checksum: 29959ce9e

Time (s): cpu = 00:03:44 ; elapsed = 00:01:51 . Memory (MB): peak = 3571.516 ; gain = 53.062 ; free physical = 5226 ; free virtual = 8116

Phase 12 Post Router Timing
INFO: [Route 35-57] Estimated Timing Summary | WNS=-1.125 | TNS=-45.128| WHS=0.021  | THS=0.000  |

WARNING: [Route 35-328] Router estimated timing not met.
Resolution: For a complete and accurate timing signoff, report_timing_summary must be run after route_design. Alternatively, route_design can be run with the -timing_summary option to enable a complete timing signoff at the end of route_design.
Phase 12 Post Router Timing | Checksum: 29959ce9e

Time (s): cpu = 00:03:45 ; elapsed = 00:01:51 . Memory (MB): peak = 3571.516 ; gain = 53.062 ; free physical = 5226 ; free virtual = 8116
Total Elapsed time in route_design: 110.73 secs

Phase 13 Post-Route Event Processing
Phase 13 Post-Route Event Processing | Checksum: f266b1b4

Time (s): cpu = 00:03:45 ; elapsed = 00:01:51 . Memory (MB): peak = 3571.516 ; gain = 53.062 ; free physical = 5224 ; free virtual = 8115
INFO: [Route 35-16] Router Completed Successfully
Ending Routing Task | Checksum: f266b1b4

Time (s): cpu = 00:03:46 ; elapsed = 00:01:51 . Memory (MB): peak = 3571.516 ; gain = 53.062 ; free physical = 5224 ; free virtual = 8115

Routing Is Done.
INFO: [Common 17-83] Releasing license: Implementation
1373 Infos, 1 Warnings, 0 Critical Warnings and 0 Errors encountered.
route_design completed successfully
route_design: Time (s): cpu = 00:03:48 ; elapsed = 00:01:52 . Memory (MB): peak = 3571.516 ; gain = 98.312 ; free physical = 5225 ; free virtual = 8115
INFO: [Vivado 12-24828] Executing command : report_drc -file board_top_bitshift_64_32_4_drc_routed.rpt -pb board_top_bitshift_64_32_4_drc_routed.pb -rpx board_top_bitshift_64_32_4_drc_routed.rpx
Command: report_drc -file board_top_bitshift_64_32_4_drc_routed.rpt -pb board_top_bitshift_64_32_4_drc_routed.pb -rpx board_top_bitshift_64_32_4_drc_routed.rpx
INFO: [IP_Flow 19-1839] IP Catalog is up to date.
INFO: [DRC 23-27] Running DRC with 8 threads
INFO: [Vivado_Tcl 2-168] The results of DRC are in file /home/stonepine/intrinsic-memory-SNNs/3_benchmarking_on_FPGA/results/bitshift-64-32-4/vivado_project/board_top_bitshift-64-32-4.runs/impl_1/board_top_bitshift_64_32_4_drc_routed.rpt.
report_drc completed successfully
INFO: [Vivado 12-24828] Executing command : report_methodology -file board_top_bitshift_64_32_4_methodology_drc_routed.rpt -pb board_top_bitshift_64_32_4_methodology_drc_routed.pb -rpx board_top_bitshift_64_32_4_methodology_drc_routed.rpx
Command: report_methodology -file board_top_bitshift_64_32_4_methodology_drc_routed.rpt -pb board_top_bitshift_64_32_4_methodology_drc_routed.pb -rpx board_top_bitshift_64_32_4_methodology_drc_routed.rpx
INFO: [Timing 38-35] Done setting XDC timing constraints.
INFO: [DRC 23-133] Running Methodology with 8 threads
INFO: [Vivado_Tcl 2-1520] The results of Report Methodology are in file /home/stonepine/intrinsic-memory-SNNs/3_benchmarking_on_FPGA/results/bitshift-64-32-4/vivado_project/board_top_bitshift-64-32-4.runs/impl_1/board_top_bitshift_64_32_4_methodology_drc_routed.rpt.
report_methodology completed successfully
report_methodology: Time (s): cpu = 00:00:27 ; elapsed = 00:00:06 . Memory (MB): peak = 3599.234 ; gain = 27.719 ; free physical = 5197 ; free virtual = 8096
INFO: [Vivado 12-24828] Executing command : report_timing_summary -max_paths 10 -routable_nets -report_unconstrained -file board_top_bitshift_64_32_4_timing_summary_routed.rpt -pb board_top_bitshift_64_32_4_timing_summary_routed.pb -rpx board_top_bitshift_64_32_4_timing_summary_routed.rpx -warn_on_violation 
INFO: [Timing 38-35] Done setting XDC timing constraints.
INFO: [Timing 38-91] UpdateTimingParams: Speed grade: -1, Delay Type: min_max.
INFO: [Timing 38-191] Multithreading enabled for timing update using a maximum of 8 CPUs
CRITICAL WARNING: [Timing 38-282] The design failed to meet the timing requirements. Please see the timing summary report for details on the timing violations.
INFO: [Vivado 12-24838] Running report commands "report_bus_skew, report_incremental_reuse, report_route_status" in parallel.
Running report generation with 3 threads.
INFO: [Vivado 12-24828] Executing command : report_incremental_reuse -file board_top_bitshift_64_32_4_incremental_reuse_routed.rpt
INFO: [Vivado_Tcl 4-1062] Incremental flow is disabled. No incremental reuse Info to report.
INFO: [Vivado 12-24828] Executing command : report_bus_skew -warn_on_violation -file board_top_bitshift_64_32_4_bus_skew_routed.rpt -pb board_top_bitshift_64_32_4_bus_skew_routed.pb -rpx board_top_bitshift_64_32_4_bus_skew_routed.rpx
INFO: [Timing 38-91] UpdateTimingParams: Speed grade: -1, Delay Type: min_max.
INFO: [Timing 38-191] Multithreading enabled for timing update using a maximum of 8 CPUs
INFO: [Vivado 12-24828] Executing command : report_route_status -file board_top_bitshift_64_32_4_route_status.rpt -pb board_top_bitshift_64_32_4_route_status.pb
INFO: [Vivado 12-24828] Executing command : report_power -file board_top_bitshift_64_32_4_power_routed.rpt -pb board_top_bitshift_64_32_4_power_summary_routed.pb -rpx board_top_bitshift_64_32_4_power_routed.rpx
Command: report_power -file board_top_bitshift_64_32_4_power_routed.rpt -pb board_top_bitshift_64_32_4_power_summary_routed.pb -rpx board_top_bitshift_64_32_4_power_routed.rpx
Running Vector-less Activity Propagation...

Finished Running Vector-less Activity Propagation
1393 Infos, 1 Warnings, 1 Critical Warnings and 0 Errors encountered.
report_power completed successfully
INFO: [Vivado 12-24828] Executing command : report_clock_utilization -file board_top_bitshift_64_32_4_clock_utilization_routed.rpt
generate_parallel_reports: Time (s): cpu = 00:01:02 ; elapsed = 00:00:19 . Memory (MB): peak = 3766.387 ; gain = 194.871 ; free physical = 5091 ; free virtual = 8005
INFO: [Timing 38-480] Writing timing data to binary archive.
Write ShapeDB Complete: Time (s): cpu = 00:00:00.38 ; elapsed = 00:00:00.08 . Memory (MB): peak = 3766.387 ; gain = 0.000 ; free physical = 5087 ; free virtual = 8015
Wrote PlaceDB: Time (s): cpu = 00:00:04 ; elapsed = 00:00:02 . Memory (MB): peak = 3766.387 ; gain = 0.000 ; free physical = 5019 ; free virtual = 8022
Wrote PulsedLatchDB: Time (s): cpu = 00:00:00 ; elapsed = 00:00:00 . Memory (MB): peak = 3766.387 ; gain = 0.000 ; free physical = 5019 ; free virtual = 8022
Writing XDEF routing.
Writing XDEF routing logical nets.
Writing XDEF routing special nets.
Wrote RouteStorage: Time (s): cpu = 00:00:00.57 ; elapsed = 00:00:00.31 . Memory (MB): peak = 3766.387 ; gain = 0.000 ; free physical = 4995 ; free virtual = 8009
Wrote Netlist Cache: Time (s): cpu = 00:00:00.07 ; elapsed = 00:00:00.07 . Memory (MB): peak = 3766.387 ; gain = 0.000 ; free physical = 4988 ; free virtual = 8009
Wrote Device Cache: Time (s): cpu = 00:00:00 ; elapsed = 00:00:00 . Memory (MB): peak = 3766.387 ; gain = 0.000 ; free physical = 4982 ; free virtual = 8004
Write Physdb Complete: Time (s): cpu = 00:00:04 ; elapsed = 00:00:02 . Memory (MB): peak = 3766.387 ; gain = 0.000 ; free physical = 4988 ; free virtual = 8010
INFO: [Common 17-1381] The checkpoint '/home/stonepine/intrinsic-memory-SNNs/3_benchmarking_on_FPGA/results/bitshift-64-32-4/vivado_project/board_top_bitshift-64-32-4.runs/impl_1/board_top_bitshift_64_32_4_routed.dcp' has been generated.
Command: write_bitstream -force board_top_bitshift_64_32_4.bit
Attempting to get a license for feature 'Implementation' and/or device 'xc7a100t'
INFO: [Common 17-349] Got license for feature 'Implementation' and/or device 'xc7a100t'
Running DRC as a precondition to command write_bitstream
INFO: [IP_Flow 19-1839] IP Catalog is up to date.
INFO: [DRC 23-27] Running DRC with 8 threads
INFO: [Vivado 12-3199] DRC finished with 0 Errors
INFO: [Vivado 12-3200] Please refer to the DRC report (report_drc) for more information.
INFO: [Designutils 20-2272] Running write_bitstream with 8 threads.
Loading data files...
Loading site data...
Loading route data...
Processing options...
Creating bitmap...
Creating bitstream...
Writing bitstream ./board_top_bitshift_64_32_4.bit...
INFO: [Vivado 12-1842] Bitgen Completed Successfully.
INFO: [Project 1-1876] WebTalk data collection is mandatory when using a ULT device. To see the specific WebTalk data collected for your design, open the usage_statistics_webtalk.html or usage_statistics_webtalk.xml file in the implementation directory.
INFO: [Common 17-83] Releasing license: Implementation
1405 Infos, 1 Warnings, 1 Critical Warnings and 0 Errors encountered.
write_bitstream completed successfully
write_bitstream: Time (s): cpu = 00:00:40 ; elapsed = 00:00:15 . Memory (MB): peak = 4208.500 ; gain = 442.113 ; free physical = 4602 ; free virtual = 7551
INFO: [Common 17-206] Exiting Vivado at Sat May 23 14:58:29 2026...
