Copyright 1986-2022 Xilinx, Inc. All Rights Reserved. Copyright 2022-2025 Advanced Micro Devices, Inc. All Rights Reserved.
---------------------------------------------------------------------------------------------------------------------------------------------------------------------------------------------------------------------------------------------------------------------
| Tool Version : Vivado v.2025.1 (lin64) Build 6140274 Wed May 21 22:58:25 MDT 2025
| Date         : Fri May 29 07:10:05 2026
| Host         : niklas.ece.pdx.edu running 64-bit Pop!_OS 22.04 LTS
| Command      : report_timing_summary -max_paths 10 -routable_nets -report_unconstrained -file board_top_lif_32_32_timing_summary_routed.rpt -pb board_top_lif_32_32_timing_summary_routed.pb -rpx board_top_lif_32_32_timing_summary_routed.rpx -warn_on_violation
| Design       : board_top_lif_32_32
| Device       : 7a100t-csg324
| Speed File   : -1  PRODUCTION 1.23 2018-06-13
| Design State : Routed
---------------------------------------------------------------------------------------------------------------------------------------------------------------------------------------------------------------------------------------------------------------------

Timing Summary Report

------------------------------------------------------------------------------------------------
| Timer Settings
| --------------
------------------------------------------------------------------------------------------------

  Enable Multi Corner Analysis               :  Yes
  Enable Pessimism Removal                   :  Yes
  Pessimism Removal Resolution               :  Nearest Common Node
  Enable Input Delay Default Clock           :  No
  Enable Preset / Clear Arcs                 :  No
  Disable Flight Delays                      :  No
  Ignore I/O Paths                           :  No
  Timing Early Launch at Borrowing Latches   :  No
  Borrow Time for Max Delay Exceptions       :  Yes
  Merge Timing Exceptions                    :  Yes
  Inter-SLR Compensation                     :  Conservative

  Corner  Analyze    Analyze    
  Name    Max Paths  Min Paths  
  ------  ---------  ---------  
  Slow    Yes        Yes        
  Fast    Yes        Yes        


------------------------------------------------------------------------------------------------
| Report Methodology
| ------------------
------------------------------------------------------------------------------------------------

Rule       Severity  Description                    Violations  
---------  --------  -----------------------------  ----------  
DPIR-1     Warning   Asynchronous driver check      3555        
TIMING-18  Warning   Missing input or output delay  19          

Note: This report is based on the most recent report_methodology run and may not be up-to-date. Run report_methodology on the current design for the latest report.



check_timing report

Table of Contents
-----------------
1. checking no_clock (0)
2. checking constant_clock (0)
3. checking pulse_width_clock (0)
4. checking unconstrained_internal_endpoints (0)
5. checking no_input_delay (2)
6. checking no_output_delay (4)
7. checking multiple_clock (0)
8. checking generated_clocks (0)
9. checking loops (0)
10. checking partial_input_delay (0)
11. checking partial_output_delay (0)
12. checking latch_loops (0)

1. checking no_clock (0)
------------------------
 There are 0 register/latch pins with no clock.


2. checking constant_clock (0)
------------------------------
 There are 0 register/latch pins with constant_clock.


3. checking pulse_width_clock (0)
---------------------------------
 There are 0 register/latch pins which need pulse_width check


4. checking unconstrained_internal_endpoints (0)
------------------------------------------------
 There are 0 pins that are not constrained for maximum delay.

 There are 0 pins that are not constrained for maximum delay due to constant clock.


5. checking no_input_delay (2)
------------------------------
 There are 2 input ports with no input delay specified. (HIGH)

 There are 0 input ports with no input delay but user has a false path constraint.


6. checking no_output_delay (4)
-------------------------------
 There are 4 ports with no output delay specified. (HIGH)

 There are 0 ports with no output delay but user has a false path constraint

 There are 0 ports with no output delay but with a timing clock defined on it or propagating through it


7. checking multiple_clock (0)
------------------------------
 There are 0 register/latch pins with multiple clocks.


8. checking generated_clocks (0)
--------------------------------
 There are 0 generated clocks that are not connected to a clock source.


9. checking loops (0)
---------------------
 There are 0 combinational loops in the design.


10. checking partial_input_delay (0)
------------------------------------
 There are 0 input ports with partial input delay specified.


11. checking partial_output_delay (0)
-------------------------------------
 There are 0 ports with partial output delay specified.


12. checking latch_loops (0)
----------------------------
 There are 0 combinational latch loops in the design through latch input



------------------------------------------------------------------------------------------------
| Design Timing Summary
| ---------------------
------------------------------------------------------------------------------------------------

    WNS(ns)      TNS(ns)  TNS Failing Endpoints  TNS Total Endpoints      WHS(ns)      THS(ns)  THS Failing Endpoints  THS Total Endpoints     WPWS(ns)     TPWS(ns)  TPWS Failing Endpoints  TPWS Total Endpoints  
    -------      -------  ---------------------  -------------------      -------      -------  ---------------------  -------------------     --------     --------  ----------------------  --------------------  
     -0.071       -0.121                      3                41622        0.039        0.000                      0                41622        4.500        0.000                       0                 21194  


Timing constraints are not met.


------------------------------------------------------------------------------------------------
| Clock Summary
| -------------
------------------------------------------------------------------------------------------------

Clock        Waveform(ns)       Period(ns)      Frequency(MHz)
-----        ------------       ----------      --------------
sys_clk_pin  {0.000 5.000}      10.000          100.000         


------------------------------------------------------------------------------------------------
| Intra Clock Table
| -----------------
------------------------------------------------------------------------------------------------

Clock             WNS(ns)      TNS(ns)  TNS Failing Endpoints  TNS Total Endpoints      WHS(ns)      THS(ns)  THS Failing Endpoints  THS Total Endpoints     WPWS(ns)     TPWS(ns)  TPWS Failing Endpoints  TPWS Total Endpoints  
-----             -------      -------  ---------------------  -------------------      -------      -------  ---------------------  -------------------     --------     --------  ----------------------  --------------------  
sys_clk_pin        -0.071       -0.121                      3                41622        0.039        0.000                      0                41622        4.500        0.000                       0                 21194  


------------------------------------------------------------------------------------------------
| Inter Clock Table
| -----------------
------------------------------------------------------------------------------------------------

From Clock    To Clock          WNS(ns)      TNS(ns)  TNS Failing Endpoints  TNS Total Endpoints      WHS(ns)      THS(ns)  THS Failing Endpoints  THS Total Endpoints  
----------    --------          -------      -------  ---------------------  -------------------      -------      -------  ---------------------  -------------------  


------------------------------------------------------------------------------------------------
| Other Path Groups Table
| -----------------------
------------------------------------------------------------------------------------------------

Path Group    From Clock    To Clock          WNS(ns)      TNS(ns)  TNS Failing Endpoints  TNS Total Endpoints      WHS(ns)      THS(ns)  THS Failing Endpoints  THS Total Endpoints  
----------    ----------    --------          -------      -------  ---------------------  -------------------      -------      -------  ---------------------  -------------------  


------------------------------------------------------------------------------------------------
| User Ignored Path Table
| -----------------------
------------------------------------------------------------------------------------------------

Path Group    From Clock    To Clock    
----------    ----------    --------    


------------------------------------------------------------------------------------------------
| Unconstrained Path Table
| ------------------------
------------------------------------------------------------------------------------------------

Path Group    From Clock    To Clock    
----------    ----------    --------    
(none)        sys_clk_pin                 
(none)                      sys_clk_pin   


------------------------------------------------------------------------------------------------
| Timing Details
| --------------
------------------------------------------------------------------------------------------------


---------------------------------------------------------------------------------------------------
From Clock:  sys_clk_pin
  To Clock:  sys_clk_pin

Setup :            3  Failing Endpoints,  Worst Slack       -0.071ns,  Total Violation       -0.121ns
Hold  :            0  Failing Endpoints,  Worst Slack        0.039ns,  Total Violation        0.000ns
PW    :            0  Failing Endpoints,  Worst Slack        4.500ns,  Total Violation        0.000ns
---------------------------------------------------------------------------------------------------


Max Delay Paths
--------------------------------------------------------------------------------------
Slack (VIOLATED) :        -0.071ns  (required time - arrival time)
  Source:                 u_accel/gen_nn_standard.u_accel/fc2/input_idx_reg[2]/C
                            (rising edge-triggered cell FDCE clocked by sys_clk_pin  {rise@0.000ns fall@5.000ns period=10.000ns})
  Destination:            u_accel/gen_nn_standard.u_accel/fc2/accums_reg[4][37]/D
                            (rising edge-triggered cell FDCE clocked by sys_clk_pin  {rise@0.000ns fall@5.000ns period=10.000ns})
  Path Group:             sys_clk_pin
  Path Type:              Setup (Max at Slow Process Corner)
  Requirement:            10.000ns  (sys_clk_pin rise@10.000ns - sys_clk_pin rise@0.000ns)
  Data Path Delay:        10.000ns  (logic 5.015ns (50.150%)  route 4.985ns (49.850%))
  Logic Levels:           4  (DSP48E1=1 LUT2=1 LUT3=1 LUT5=1)
  Clock Path Skew:        -0.065ns (DCD - SCD + CPR)
    Destination Clock Delay (DCD):    5.134ns = ( 15.134 - 10.000 ) 
    Source Clock Delay      (SCD):    5.395ns
    Clock Pessimism Removal (CPR):    0.195ns
  Clock Uncertainty:      0.035ns  ((TSJ^2 + TIJ^2)^1/2 + DJ) / 2 + PE
    Total System Jitter     (TSJ):    0.071ns
    Total Input Jitter      (TIJ):    0.000ns
    Discrete Jitter          (DJ):    0.000ns
    Phase Error              (PE):    0.000ns

    Location             Delay type                Incr(ns)  Path(ns)    Netlist Resource(s)
  -------------------------------------------------------------------    -------------------
                         (clock sys_clk_pin rise edge)
                                                      0.000     0.000 r  
    E3                                                0.000     0.000 r  CLK100MHZ (IN)
                         net (fo=0)                   0.000     0.000    CLK100MHZ
    E3                   IBUF (Prop_ibuf_I_O)         1.482     1.482 r  CLK100MHZ_IBUF_inst/O
                         net (fo=1, routed)           2.025     3.506    CLK100MHZ_IBUF
    BUFGCTRL_X0Y16       BUFG (Prop_bufg_I_O)         0.096     3.602 r  CLK100MHZ_IBUF_BUFG_inst/O
                         net (fo=21193, routed)       1.792     5.395    u_accel/gen_nn_standard.u_accel/fc2/CLK100MHZ_IBUF_BUFG
    SLICE_X50Y29         FDCE                                         r  u_accel/gen_nn_standard.u_accel/fc2/input_idx_reg[2]/C
  -------------------------------------------------------------------    -------------------
    SLICE_X50Y29         FDCE (Prop_fdce_C_Q)         0.518     5.913 r  u_accel/gen_nn_standard.u_accel/fc2/input_idx_reg[2]/Q
                         net (fo=443, routed)         1.740     7.653    u_accel/gen_nn_standard.u_accel/p_1_out[2]
    SLICE_X59Y24         LUT5 (Prop_lut5_I2_O)        0.152     7.805 r  u_accel/gen_nn_standard.u_accel/g2_b2/O
                         net (fo=1, routed)           0.849     8.654    u_accel/gen_nn_standard.u_accel/fc2/accums_reg[4]1_4
    SLICE_X59Y24         LUT3 (Prop_lut3_I0_O)        0.362     9.016 r  u_accel/gen_nn_standard.u_accel/fc2/p_0_out_inferred__9/accums_reg[4]1_i_12/O
                         net (fo=1, routed)           0.906     9.922    u_accel/gen_nn_standard.u_accel/fc2/p_0_out_inferred__9/accums_reg[4]1_i_12_n_0
    DSP48_X1Y7           DSP48E1 (Prop_dsp48e1_B[2]_P[37])
                                                      3.859    13.781 r  u_accel/gen_nn_standard.u_accel/fc2/accums_reg[4]1/P[37]
                         net (fo=1, routed)           1.490    15.271    u_accel/gen_nn_standard.u_accel/fc2/accums_reg[4]1_n_68
    SLICE_X73Y26         LUT2 (Prop_lut2_I1_O)        0.124    15.395 r  u_accel/gen_nn_standard.u_accel/fc2/accums[4][37]_i_1/O
                         net (fo=1, routed)           0.000    15.395    u_accel/gen_nn_standard.u_accel/fc2/accums[4][37]_i_1_n_0
    SLICE_X73Y26         FDCE                                         r  u_accel/gen_nn_standard.u_accel/fc2/accums_reg[4][37]/D
  -------------------------------------------------------------------    -------------------

                         (clock sys_clk_pin rise edge)
                                                     10.000    10.000 r  
    E3                                                0.000    10.000 r  CLK100MHZ (IN)
                         net (fo=0)                   0.000    10.000    CLK100MHZ
    E3                   IBUF (Prop_ibuf_I_O)         1.411    11.411 r  CLK100MHZ_IBUF_inst/O
                         net (fo=1, routed)           1.920    13.331    CLK100MHZ_IBUF
    BUFGCTRL_X0Y16       BUFG (Prop_bufg_I_O)         0.091    13.422 r  CLK100MHZ_IBUF_BUFG_inst/O
                         net (fo=21193, routed)       1.712    15.134    u_accel/gen_nn_standard.u_accel/fc2/CLK100MHZ_IBUF_BUFG
    SLICE_X73Y26         FDCE                                         r  u_accel/gen_nn_standard.u_accel/fc2/accums_reg[4][37]/C
                         clock pessimism              0.195    15.330    
                         clock uncertainty           -0.035    15.294    
    SLICE_X73Y26         FDCE (Setup_fdce_C_D)        0.029    15.323    u_accel/gen_nn_standard.u_accel/fc2/accums_reg[4][37]
  -------------------------------------------------------------------
                         required time                         15.323    
                         arrival time                         -15.395    
  -------------------------------------------------------------------
                         slack                                 -0.071    

Slack (VIOLATED) :        -0.030ns  (required time - arrival time)
  Source:                 u_accel/gen_nn_standard.u_accel/fc2/input_idx_reg[4]/C
                            (rising edge-triggered cell FDCE clocked by sys_clk_pin  {rise@0.000ns fall@5.000ns period=10.000ns})
  Destination:            u_accel/gen_nn_standard.u_accel/fc2/accums_reg[12][0]/D
                            (rising edge-triggered cell FDCE clocked by sys_clk_pin  {rise@0.000ns fall@5.000ns period=10.000ns})
  Path Group:             sys_clk_pin
  Path Type:              Setup (Max at Slow Process Corner)
  Requirement:            10.000ns  (sys_clk_pin rise@10.000ns - sys_clk_pin rise@0.000ns)
  Data Path Delay:        10.084ns  (logic 4.970ns (49.286%)  route 5.114ns (50.714%))
  Logic Levels:           4  (DSP48E1=1 LUT2=1 LUT3=1 LUT5=1)
  Clock Path Skew:        -0.029ns (DCD - SCD + CPR)
    Destination Clock Delay (DCD):    5.102ns = ( 15.102 - 10.000 ) 
    Source Clock Delay      (SCD):    5.399ns
    Clock Pessimism Removal (CPR):    0.267ns
  Clock Uncertainty:      0.035ns  ((TSJ^2 + TIJ^2)^1/2 + DJ) / 2 + PE
    Total System Jitter     (TSJ):    0.071ns
    Total Input Jitter      (TIJ):    0.000ns
    Discrete Jitter          (DJ):    0.000ns
    Phase Error              (PE):    0.000ns

    Location             Delay type                Incr(ns)  Path(ns)    Netlist Resource(s)
  -------------------------------------------------------------------    -------------------
                         (clock sys_clk_pin rise edge)
                                                      0.000     0.000 r  
    E3                                                0.000     0.000 r  CLK100MHZ (IN)
                         net (fo=0)                   0.000     0.000    CLK100MHZ
    E3                   IBUF (Prop_ibuf_I_O)         1.482     1.482 r  CLK100MHZ_IBUF_inst/O
                         net (fo=1, routed)           2.025     3.506    CLK100MHZ_IBUF
    BUFGCTRL_X0Y16       BUFG (Prop_bufg_I_O)         0.096     3.602 r  CLK100MHZ_IBUF_BUFG_inst/O
                         net (fo=21193, routed)       1.796     5.399    u_accel/gen_nn_standard.u_accel/fc2/CLK100MHZ_IBUF_BUFG
    SLICE_X48Y31         FDCE                                         r  u_accel/gen_nn_standard.u_accel/fc2/input_idx_reg[4]/C
  -------------------------------------------------------------------    -------------------
    SLICE_X48Y31         FDCE (Prop_fdce_C_Q)         0.456     5.855 r  u_accel/gen_nn_standard.u_accel/fc2/input_idx_reg[4]/Q
                         net (fo=438, routed)         1.824     7.679    u_accel/gen_nn_standard.u_accel/p_1_out[4]
    SLICE_X31Y37         LUT5 (Prop_lut5_I4_O)        0.152     7.831 r  u_accel/gen_nn_standard.u_accel/g6_b11/O
                         net (fo=1, routed)           0.834     8.665    u_accel/gen_nn_standard.u_accel/fc2/accums_reg[12]1_22
    SLICE_X30Y36         LUT3 (Prop_lut3_I0_O)        0.352     9.017 r  u_accel/gen_nn_standard.u_accel/fc2/p_0_out_inferred__25/accums_reg[12]1_i_3/O
                         net (fo=1, routed)           1.066    10.083    u_accel/gen_nn_standard.u_accel/fc2/p_0_out_inferred__25/accums_reg[12]1_i_3_n_0
    DSP48_X1Y14          DSP48E1 (Prop_dsp48e1_B[11]_P[0])
                                                      3.860    13.943 r  u_accel/gen_nn_standard.u_accel/fc2/accums_reg[12]1/P[0]
                         net (fo=1, routed)           1.390    15.333    u_accel/gen_nn_standard.u_accel/fc2/accums_reg[12]1_n_105
    SLICE_X34Y36         LUT2 (Prop_lut2_I1_O)        0.150    15.483 r  u_accel/gen_nn_standard.u_accel/fc2/accums[12][0]_i_1/O
                         net (fo=1, routed)           0.000    15.483    u_accel/gen_nn_standard.u_accel/fc2/accums[12][0]_i_1_n_0
    SLICE_X34Y36         FDCE                                         r  u_accel/gen_nn_standard.u_accel/fc2/accums_reg[12][0]/D
  -------------------------------------------------------------------    -------------------

                         (clock sys_clk_pin rise edge)
                                                     10.000    10.000 r  
    E3                                                0.000    10.000 r  CLK100MHZ (IN)
                         net (fo=0)                   0.000    10.000    CLK100MHZ
    E3                   IBUF (Prop_ibuf_I_O)         1.411    11.411 r  CLK100MHZ_IBUF_inst/O
                         net (fo=1, routed)           1.920    13.331    CLK100MHZ_IBUF
    BUFGCTRL_X0Y16       BUFG (Prop_bufg_I_O)         0.091    13.422 r  CLK100MHZ_IBUF_BUFG_inst/O
                         net (fo=21193, routed)       1.680    15.102    u_accel/gen_nn_standard.u_accel/fc2/CLK100MHZ_IBUF_BUFG
    SLICE_X34Y36         FDCE                                         r  u_accel/gen_nn_standard.u_accel/fc2/accums_reg[12][0]/C
                         clock pessimism              0.267    15.370    
                         clock uncertainty           -0.035    15.334    
    SLICE_X34Y36         FDCE (Setup_fdce_C_D)        0.118    15.452    u_accel/gen_nn_standard.u_accel/fc2/accums_reg[12][0]
  -------------------------------------------------------------------
                         required time                         15.452    
                         arrival time                         -15.483    
  -------------------------------------------------------------------
                         slack                                 -0.030    

Slack (VIOLATED) :        -0.019ns  (required time - arrival time)
  Source:                 u_accel/gen_nn_standard.u_accel/fc2/input_idx_reg[2]/C
                            (rising edge-triggered cell FDCE clocked by sys_clk_pin  {rise@0.000ns fall@5.000ns period=10.000ns})
  Destination:            u_accel/gen_nn_standard.u_accel/fc2/accums_reg[4][0]/D
                            (rising edge-triggered cell FDCE clocked by sys_clk_pin  {rise@0.000ns fall@5.000ns period=10.000ns})
  Path Group:             sys_clk_pin
  Path Type:              Setup (Max at Slow Process Corner)
  Requirement:            10.000ns  (sys_clk_pin rise@10.000ns - sys_clk_pin rise@0.000ns)
  Data Path Delay:        10.002ns  (logic 5.044ns (50.431%)  route 4.958ns (49.569%))
  Logic Levels:           4  (DSP48E1=1 LUT2=1 LUT3=1 LUT5=1)
  Clock Path Skew:        -0.057ns (DCD - SCD + CPR)
    Destination Clock Delay (DCD):    5.142ns = ( 15.142 - 10.000 ) 
    Source Clock Delay      (SCD):    5.395ns
    Clock Pessimism Removal (CPR):    0.195ns
  Clock Uncertainty:      0.035ns  ((TSJ^2 + TIJ^2)^1/2 + DJ) / 2 + PE
    Total System Jitter     (TSJ):    0.071ns
    Total Input Jitter      (TIJ):    0.000ns
    Discrete Jitter          (DJ):    0.000ns
    Phase Error              (PE):    0.000ns

    Location             Delay type                Incr(ns)  Path(ns)    Netlist Resource(s)
  -------------------------------------------------------------------    -------------------
                         (clock sys_clk_pin rise edge)
                                                      0.000     0.000 r  
    E3                                                0.000     0.000 r  CLK100MHZ (IN)
                         net (fo=0)                   0.000     0.000    CLK100MHZ
    E3                   IBUF (Prop_ibuf_I_O)         1.482     1.482 r  CLK100MHZ_IBUF_inst/O
                         net (fo=1, routed)           2.025     3.506    CLK100MHZ_IBUF
    BUFGCTRL_X0Y16       BUFG (Prop_bufg_I_O)         0.096     3.602 r  CLK100MHZ_IBUF_BUFG_inst/O
                         net (fo=21193, routed)       1.792     5.395    u_accel/gen_nn_standard.u_accel/fc2/CLK100MHZ_IBUF_BUFG
    SLICE_X50Y29         FDCE                                         r  u_accel/gen_nn_standard.u_accel/fc2/input_idx_reg[2]/C
  -------------------------------------------------------------------    -------------------
    SLICE_X50Y29         FDCE (Prop_fdce_C_Q)         0.518     5.913 r  u_accel/gen_nn_standard.u_accel/fc2/input_idx_reg[2]/Q
                         net (fo=443, routed)         1.740     7.653    u_accel/gen_nn_standard.u_accel/p_1_out[2]
    SLICE_X59Y24         LUT5 (Prop_lut5_I2_O)        0.152     7.805 r  u_accel/gen_nn_standard.u_accel/g2_b2/O
                         net (fo=1, routed)           0.849     8.654    u_accel/gen_nn_standard.u_accel/fc2/accums_reg[4]1_4
    SLICE_X59Y24         LUT3 (Prop_lut3_I0_O)        0.362     9.016 r  u_accel/gen_nn_standard.u_accel/fc2/p_0_out_inferred__9/accums_reg[4]1_i_12/O
                         net (fo=1, routed)           0.906     9.922    u_accel/gen_nn_standard.u_accel/fc2/p_0_out_inferred__9/accums_reg[4]1_i_12_n_0
    DSP48_X1Y7           DSP48E1 (Prop_dsp48e1_B[2]_P[0])
                                                      3.859    13.781 r  u_accel/gen_nn_standard.u_accel/fc2/accums_reg[4]1/P[0]
                         net (fo=1, routed)           1.463    15.243    u_accel/gen_nn_standard.u_accel/fc2/accums_reg[4]1_n_105
    SLICE_X72Y16         LUT2 (Prop_lut2_I1_O)        0.153    15.396 r  u_accel/gen_nn_standard.u_accel/fc2/accums[4][0]_i_1/O
                         net (fo=1, routed)           0.000    15.396    u_accel/gen_nn_standard.u_accel/fc2/accums[4][0]_i_1_n_0
    SLICE_X72Y16         FDCE                                         r  u_accel/gen_nn_standard.u_accel/fc2/accums_reg[4][0]/D
  -------------------------------------------------------------------    -------------------

                         (clock sys_clk_pin rise edge)
                                                     10.000    10.000 r  
    E3                                                0.000    10.000 r  CLK100MHZ (IN)
                         net (fo=0)                   0.000    10.000    CLK100MHZ
    E3                   IBUF (Prop_ibuf_I_O)         1.411    11.411 r  CLK100MHZ_IBUF_inst/O
                         net (fo=1, routed)           1.920    13.331    CLK100MHZ_IBUF
    BUFGCTRL_X0Y16       BUFG (Prop_bufg_I_O)         0.091    13.422 r  CLK100MHZ_IBUF_BUFG_inst/O
                         net (fo=21193, routed)       1.720    15.142    u_accel/gen_nn_standard.u_accel/fc2/CLK100MHZ_IBUF_BUFG
    SLICE_X72Y16         FDCE                                         r  u_accel/gen_nn_standard.u_accel/fc2/accums_reg[4][0]/C
                         clock pessimism              0.195    15.338    
                         clock uncertainty           -0.035    15.302    
    SLICE_X72Y16         FDCE (Setup_fdce_C_D)        0.075    15.377    u_accel/gen_nn_standard.u_accel/fc2/accums_reg[4][0]
  -------------------------------------------------------------------
                         required time                         15.377    
                         arrival time                         -15.396    
  -------------------------------------------------------------------
                         slack                                 -0.019    

Slack (MET) :             0.038ns  (required time - arrival time)
  Source:                 u_accel/gen_nn_standard.u_accel/fc2/input_idx_reg[2]/C
                            (rising edge-triggered cell FDCE clocked by sys_clk_pin  {rise@0.000ns fall@5.000ns period=10.000ns})
  Destination:            u_accel/gen_nn_standard.u_accel/fc2/accums_reg[5][0]/D
                            (rising edge-triggered cell FDCE clocked by sys_clk_pin  {rise@0.000ns fall@5.000ns period=10.000ns})
  Path Group:             sys_clk_pin
  Path Type:              Setup (Max at Slow Process Corner)
  Requirement:            10.000ns  (sys_clk_pin rise@10.000ns - sys_clk_pin rise@0.000ns)
  Data Path Delay:        9.936ns  (logic 4.808ns (48.388%)  route 5.128ns (51.612%))
  Logic Levels:           4  (DSP48E1=1 LUT2=1 LUT3=1 LUT5=1)
  Clock Path Skew:        -0.065ns (DCD - SCD + CPR)
    Destination Clock Delay (DCD):    5.134ns = ( 15.134 - 10.000 ) 
    Source Clock Delay      (SCD):    5.395ns
    Clock Pessimism Removal (CPR):    0.195ns
  Clock Uncertainty:      0.035ns  ((TSJ^2 + TIJ^2)^1/2 + DJ) / 2 + PE
    Total System Jitter     (TSJ):    0.071ns
    Total Input Jitter      (TIJ):    0.000ns
    Discrete Jitter          (DJ):    0.000ns
    Phase Error              (PE):    0.000ns

    Location             Delay type                Incr(ns)  Path(ns)    Netlist Resource(s)
  -------------------------------------------------------------------    -------------------
                         (clock sys_clk_pin rise edge)
                                                      0.000     0.000 r  
    E3                                                0.000     0.000 r  CLK100MHZ (IN)
                         net (fo=0)                   0.000     0.000    CLK100MHZ
    E3                   IBUF (Prop_ibuf_I_O)         1.482     1.482 r  CLK100MHZ_IBUF_inst/O
                         net (fo=1, routed)           2.025     3.506    CLK100MHZ_IBUF
    BUFGCTRL_X0Y16       BUFG (Prop_bufg_I_O)         0.096     3.602 r  CLK100MHZ_IBUF_BUFG_inst/O
                         net (fo=21193, routed)       1.792     5.395    u_accel/gen_nn_standard.u_accel/fc2/CLK100MHZ_IBUF_BUFG
    SLICE_X50Y29         FDCE                                         r  u_accel/gen_nn_standard.u_accel/fc2/input_idx_reg[2]/C
  -------------------------------------------------------------------    -------------------
    SLICE_X50Y29         FDCE (Prop_fdce_C_Q)         0.518     5.913 r  u_accel/gen_nn_standard.u_accel/fc2/input_idx_reg[2]/Q
                         net (fo=443, routed)         1.947     7.860    u_accel/gen_nn_standard.u_accel/p_1_out[2]
    SLICE_X64Y35         LUT5 (Prop_lut5_I2_O)        0.124     7.984 r  u_accel/gen_nn_standard.u_accel/g10_b10__0/O
                         net (fo=1, routed)           0.948     8.932    u_accel/gen_nn_standard.u_accel/fc2/accums_reg[5]1_21
    SLICE_X71Y36         LUT3 (Prop_lut3_I1_O)        0.152     9.084 r  u_accel/gen_nn_standard.u_accel/fc2/p_0_out_inferred__11/accums_reg[5]1_i_4/O
                         net (fo=1, routed)           0.915    10.000    u_accel/gen_nn_standard.u_accel/fc2/p_0_out_inferred__11/accums_reg[5]1_i_4_n_0
    DSP48_X2Y15          DSP48E1 (Prop_dsp48e1_B[10]_P[0])
                                                      3.864    13.864 r  u_accel/gen_nn_standard.u_accel/fc2/accums_reg[5]1/P[0]
                         net (fo=1, routed)           1.318    15.181    u_accel/gen_nn_standard.u_accel/fc2/accums_reg[5]1_n_105
    SLICE_X73Y26         LUT2 (Prop_lut2_I1_O)        0.150    15.331 r  u_accel/gen_nn_standard.u_accel/fc2/accums[5][0]_i_1/O
                         net (fo=1, routed)           0.000    15.331    u_accel/gen_nn_standard.u_accel/fc2/accums[5][0]_i_1_n_0
    SLICE_X73Y26         FDCE                                         r  u_accel/gen_nn_standard.u_accel/fc2/accums_reg[5][0]/D
  -------------------------------------------------------------------    -------------------

                         (clock sys_clk_pin rise edge)
                                                     10.000    10.000 r  
    E3                                                0.000    10.000 r  CLK100MHZ (IN)
                         net (fo=0)                   0.000    10.000    CLK100MHZ
    E3                   IBUF (Prop_ibuf_I_O)         1.411    11.411 r  CLK100MHZ_IBUF_inst/O
                         net (fo=1, routed)           1.920    13.331    CLK100MHZ_IBUF
    BUFGCTRL_X0Y16       BUFG (Prop_bufg_I_O)         0.091    13.422 r  CLK100MHZ_IBUF_BUFG_inst/O
                         net (fo=21193, routed)       1.712    15.134    u_accel/gen_nn_standard.u_accel/fc2/CLK100MHZ_IBUF_BUFG
    SLICE_X73Y26         FDCE                                         r  u_accel/gen_nn_standard.u_accel/fc2/accums_reg[5][0]/C
                         clock pessimism              0.195    15.330    
                         clock uncertainty           -0.035    15.294    
    SLICE_X73Y26         FDCE (Setup_fdce_C_D)        0.075    15.369    u_accel/gen_nn_standard.u_accel/fc2/accums_reg[5][0]
  -------------------------------------------------------------------
                         required time                         15.369    
                         arrival time                         -15.331    
  -------------------------------------------------------------------
                         slack                                  0.038    

Slack (MET) :             0.052ns  (required time - arrival time)
  Source:                 u_accel/gen_nn_standard.u_accel/gen_hl1_lif[0].hl1_lif/membrane_potential_reg[18]/C
                            (rising edge-triggered cell FDCE clocked by sys_clk_pin  {rise@0.000ns fall@5.000ns period=10.000ns})
  Destination:            u_accel/gen_nn_standard.u_accel/gen_hl1_lif[0].hl1_lif/spike_prev_reg/D
                            (rising edge-triggered cell FDCE clocked by sys_clk_pin  {rise@0.000ns fall@5.000ns period=10.000ns})
  Path Group:             sys_clk_pin
  Path Type:              Setup (Max at Slow Process Corner)
  Requirement:            10.000ns  (sys_clk_pin rise@10.000ns - sys_clk_pin rise@0.000ns)
  Data Path Delay:        9.919ns  (logic 6.768ns (68.231%)  route 3.151ns (31.769%))
  Logic Levels:           11  (CARRY4=7 DSP48E1=1 LUT2=3)
  Clock Path Skew:        -0.022ns (DCD - SCD + CPR)
    Destination Clock Delay (DCD):    5.009ns = ( 15.009 - 10.000 ) 
    Source Clock Delay      (SCD):    5.307ns
    Clock Pessimism Removal (CPR):    0.276ns
  Clock Uncertainty:      0.035ns  ((TSJ^2 + TIJ^2)^1/2 + DJ) / 2 + PE
    Total System Jitter     (TSJ):    0.071ns
    Total Input Jitter      (TIJ):    0.000ns
    Discrete Jitter          (DJ):    0.000ns
    Phase Error              (PE):    0.000ns

    Location             Delay type                Incr(ns)  Path(ns)    Netlist Resource(s)
  -------------------------------------------------------------------    -------------------
                         (clock sys_clk_pin rise edge)
                                                      0.000     0.000 r  
    E3                                                0.000     0.000 r  CLK100MHZ (IN)
                         net (fo=0)                   0.000     0.000    CLK100MHZ
    E3                   IBUF (Prop_ibuf_I_O)         1.482     1.482 r  CLK100MHZ_IBUF_inst/O
                         net (fo=1, routed)           2.025     3.506    CLK100MHZ_IBUF
    BUFGCTRL_X0Y16       BUFG (Prop_bufg_I_O)         0.096     3.602 r  CLK100MHZ_IBUF_BUFG_inst/O
                         net (fo=21193, routed)       1.704     5.307    u_accel/gen_nn_standard.u_accel/gen_hl1_lif[0].hl1_lif/CLK100MHZ_IBUF_BUFG
    SLICE_X80Y74         FDCE                                         r  u_accel/gen_nn_standard.u_accel/gen_hl1_lif[0].hl1_lif/membrane_potential_reg[18]/C
  -------------------------------------------------------------------    -------------------
    SLICE_X80Y74         FDCE (Prop_fdce_C_Q)         0.478     5.785 r  u_accel/gen_nn_standard.u_accel/gen_hl1_lif[0].hl1_lif/membrane_potential_reg[18]/Q
                         net (fo=1, routed)           0.719     6.504    u_accel/gen_nn_standard.u_accel/gen_hl1_lif[0].hl1_lif/membrane_potential_reg_n_0_[18]
    DSP48_X2Y28          DSP48E1 (Prop_dsp48e1_A[18]_P[8])
                                                      4.018    10.522 r  u_accel/gen_nn_standard.u_accel/gen_hl1_lif[0].hl1_lif/membrane_potential3/P[8]
                         net (fo=2, routed)           0.911    11.433    u_accel/gen_nn_standard.u_accel/gen_hl1_lif[0].hl1_lif/membrane_potential2[1]
    SLICE_X78Y70         LUT2 (Prop_lut2_I0_O)        0.124    11.557 r  u_accel/gen_nn_standard.u_accel/gen_hl1_lif[0].hl1_lif/membrane_potential[3]_i_5__57/O
                         net (fo=1, routed)           0.000    11.557    u_accel/gen_nn_standard.u_accel/gen_hl1_lif[0].hl1_lif/membrane_potential[3]_i_5__57_n_0
    SLICE_X78Y70         CARRY4 (Prop_carry4_S[1]_CO[3])
                                                      0.533    12.090 r  u_accel/gen_nn_standard.u_accel/gen_hl1_lif[0].hl1_lif/membrane_potential_reg[3]_i_2__57/CO[3]
                         net (fo=1, routed)           0.000    12.090    u_accel/gen_nn_standard.u_accel/gen_hl1_lif[0].hl1_lif/membrane_potential_reg[3]_i_2__57_n_0
    SLICE_X78Y71         CARRY4 (Prop_carry4_CI_CO[3])
                                                      0.117    12.207 r  u_accel/gen_nn_standard.u_accel/gen_hl1_lif[0].hl1_lif/membrane_potential_reg[7]_i_2__57/CO[3]
                         net (fo=1, routed)           0.000    12.207    u_accel/gen_nn_standard.u_accel/gen_hl1_lif[0].hl1_lif/membrane_potential_reg[7]_i_2__57_n_0
    SLICE_X78Y72         CARRY4 (Prop_carry4_CI_CO[3])
                                                      0.117    12.324 r  u_accel/gen_nn_standard.u_accel/gen_hl1_lif[0].hl1_lif/membrane_potential_reg[11]_i_2__57/CO[3]
                         net (fo=1, routed)           0.000    12.324    u_accel/gen_nn_standard.u_accel/gen_hl1_lif[0].hl1_lif/membrane_potential_reg[11]_i_2__57_n_0
    SLICE_X78Y73         CARRY4 (Prop_carry4_CI_CO[3])
                                                      0.117    12.441 r  u_accel/gen_nn_standard.u_accel/gen_hl1_lif[0].hl1_lif/membrane_potential_reg[15]_i_2__57/CO[3]
                         net (fo=1, routed)           0.000    12.441    u_accel/gen_nn_standard.u_accel/gen_hl1_lif[0].hl1_lif/membrane_potential_reg[15]_i_2__57_n_0
    SLICE_X78Y74         CARRY4 (Prop_carry4_CI_CO[3])
                                                      0.117    12.558 r  u_accel/gen_nn_standard.u_accel/gen_hl1_lif[0].hl1_lif/membrane_potential_reg[19]_i_2__57/CO[3]
                         net (fo=1, routed)           0.009    12.567    u_accel/gen_nn_standard.u_accel/gen_hl1_lif[0].hl1_lif/membrane_potential_reg[19]_i_2__57_n_0
    SLICE_X78Y75         CARRY4 (Prop_carry4_CI_O[3])
                                                      0.315    12.882 f  u_accel/gen_nn_standard.u_accel/gen_hl1_lif[0].hl1_lif/membrane_potential_reg[23]_i_2__55/O[3]
                         net (fo=3, routed)           0.769    13.650    u_accel/gen_nn_standard.u_accel/gen_hl1_lif[0].hl1_lif/membrane_potential0[23]
    SLICE_X81Y73         LUT2 (Prop_lut2_I1_O)        0.307    13.957 r  u_accel/gen_nn_standard.u_accel/gen_hl1_lif[0].hl1_lif/spike_prev_i_8__57/O
                         net (fo=1, routed)           0.000    13.957    u_accel/gen_nn_standard.u_accel/gen_hl1_lif[0].hl1_lif/spike_prev_i_8__57_n_0
    SLICE_X81Y73         CARRY4 (Prop_carry4_S[3]_CO[3])
                                                      0.401    14.358 r  u_accel/gen_nn_standard.u_accel/gen_hl1_lif[0].hl1_lif/spike_prev_reg_i_2__57/CO[3]
                         net (fo=1, routed)           0.743    15.102    u_accel/gen_nn_standard.u_accel/gen_hl1_lif[0].hl1_lif/next_spike
    SLICE_X81Y74         LUT2 (Prop_lut2_I0_O)        0.124    15.226 r  u_accel/gen_nn_standard.u_accel/gen_hl1_lif[0].hl1_lif/spike_prev_i_1__62/O
                         net (fo=1, routed)           0.000    15.226    u_accel/gen_nn_standard.u_accel/gen_hl1_lif[0].hl1_lif/spike_prev_i_1__62_n_0
    SLICE_X81Y74         FDCE                                         r  u_accel/gen_nn_standard.u_accel/gen_hl1_lif[0].hl1_lif/spike_prev_reg/D
  -------------------------------------------------------------------    -------------------

                         (clock sys_clk_pin rise edge)
                                                     10.000    10.000 r  
    E3                                                0.000    10.000 r  CLK100MHZ (IN)
                         net (fo=0)                   0.000    10.000    CLK100MHZ
    E3                   IBUF (Prop_ibuf_I_O)         1.411    11.411 r  CLK100MHZ_IBUF_inst/O
                         net (fo=1, routed)           1.920    13.331    CLK100MHZ_IBUF
    BUFGCTRL_X0Y16       BUFG (Prop_bufg_I_O)         0.091    13.422 r  CLK100MHZ_IBUF_BUFG_inst/O
                         net (fo=21193, routed)       1.586    15.009    u_accel/gen_nn_standard.u_accel/gen_hl1_lif[0].hl1_lif/CLK100MHZ_IBUF_BUFG
    SLICE_X81Y74         FDCE                                         r  u_accel/gen_nn_standard.u_accel/gen_hl1_lif[0].hl1_lif/spike_prev_reg/C
                         clock pessimism              0.276    15.285    
                         clock uncertainty           -0.035    15.249    
    SLICE_X81Y74         FDCE (Setup_fdce_C_D)        0.029    15.278    u_accel/gen_nn_standard.u_accel/gen_hl1_lif[0].hl1_lif/spike_prev_reg
  -------------------------------------------------------------------
                         required time                         15.278    
                         arrival time                         -15.226    
  -------------------------------------------------------------------
                         slack                                  0.052    

Slack (MET) :             0.082ns  (required time - arrival time)
  Source:                 u_accel/gen_nn_standard.u_accel/gen_hl1_lif[15].hl1_lif/membrane_potential_reg[23]/C
                            (rising edge-triggered cell FDCE clocked by sys_clk_pin  {rise@0.000ns fall@5.000ns period=10.000ns})
  Destination:            u_accel/gen_nn_standard.u_accel/gen_hl1_lif[15].hl1_lif/spike_prev_reg/D
                            (rising edge-triggered cell FDCE clocked by sys_clk_pin  {rise@0.000ns fall@5.000ns period=10.000ns})
  Path Group:             sys_clk_pin
  Path Type:              Setup (Max at Slow Process Corner)
  Requirement:            10.000ns  (sys_clk_pin rise@10.000ns - sys_clk_pin rise@0.000ns)
  Data Path Delay:        9.880ns  (logic 6.680ns (67.610%)  route 3.200ns (32.390%))
  Logic Levels:           11  (CARRY4=7 DSP48E1=1 LUT2=3)
  Clock Path Skew:        -0.034ns (DCD - SCD + CPR)
    Destination Clock Delay (DCD):    5.019ns = ( 15.019 - 10.000 ) 
    Source Clock Delay      (SCD):    5.312ns
    Clock Pessimism Removal (CPR):    0.259ns
  Clock Uncertainty:      0.035ns  ((TSJ^2 + TIJ^2)^1/2 + DJ) / 2 + PE
    Total System Jitter     (TSJ):    0.071ns
    Total Input Jitter      (TIJ):    0.000ns
    Discrete Jitter          (DJ):    0.000ns
    Phase Error              (PE):    0.000ns

    Location             Delay type                Incr(ns)  Path(ns)    Netlist Resource(s)
  -------------------------------------------------------------------    -------------------
                         (clock sys_clk_pin rise edge)
                                                      0.000     0.000 r  
    E3                                                0.000     0.000 r  CLK100MHZ (IN)
                         net (fo=0)                   0.000     0.000    CLK100MHZ
    E3                   IBUF (Prop_ibuf_I_O)         1.482     1.482 r  CLK100MHZ_IBUF_inst/O
                         net (fo=1, routed)           2.025     3.506    CLK100MHZ_IBUF
    BUFGCTRL_X0Y16       BUFG (Prop_bufg_I_O)         0.096     3.602 r  CLK100MHZ_IBUF_BUFG_inst/O
                         net (fo=21193, routed)       1.709     5.312    u_accel/gen_nn_standard.u_accel/gen_hl1_lif[15].hl1_lif/CLK100MHZ_IBUF_BUFG
    SLICE_X76Y66         FDCE                                         r  u_accel/gen_nn_standard.u_accel/gen_hl1_lif[15].hl1_lif/membrane_potential_reg[23]/C
  -------------------------------------------------------------------    -------------------
    SLICE_X76Y66         FDCE (Prop_fdce_C_Q)         0.478     5.790 r  u_accel/gen_nn_standard.u_accel/gen_hl1_lif[15].hl1_lif/membrane_potential_reg[23]/Q
                         net (fo=7, routed)           0.610     6.399    u_accel/gen_nn_standard.u_accel/gen_hl1_lif[15].hl1_lif/membrane_potential_reg_n_0_[23]
    DSP48_X2Y26          DSP48E1 (Prop_dsp48e1_A[29]_P[8])
                                                      4.012    10.411 r  u_accel/gen_nn_standard.u_accel/gen_hl1_lif[15].hl1_lif/membrane_potential3/P[8]
                         net (fo=2, routed)           1.051    11.462    u_accel/gen_nn_standard.u_accel/gen_hl1_lif[15].hl1_lif/membrane_potential2[1]
    SLICE_X78Y63         LUT2 (Prop_lut2_I0_O)        0.124    11.586 r  u_accel/gen_nn_standard.u_accel/gen_hl1_lif[15].hl1_lif/membrane_potential[3]_i_5__42/O
                         net (fo=1, routed)           0.000    11.586    u_accel/gen_nn_standard.u_accel/gen_hl1_lif[15].hl1_lif/membrane_potential[3]_i_5__42_n_0
    SLICE_X78Y63         CARRY4 (Prop_carry4_S[1]_CO[3])
                                                      0.533    12.119 r  u_accel/gen_nn_standard.u_accel/gen_hl1_lif[15].hl1_lif/membrane_potential_reg[3]_i_2__42/CO[3]
                         net (fo=1, routed)           0.000    12.119    u_accel/gen_nn_standard.u_accel/gen_hl1_lif[15].hl1_lif/membrane_potential_reg[3]_i_2__42_n_0
    SLICE_X78Y64         CARRY4 (Prop_carry4_CI_CO[3])
                                                      0.117    12.236 r  u_accel/gen_nn_standard.u_accel/gen_hl1_lif[15].hl1_lif/membrane_potential_reg[7]_i_2__42/CO[3]
                         net (fo=1, routed)           0.000    12.236    u_accel/gen_nn_standard.u_accel/gen_hl1_lif[15].hl1_lif/membrane_potential_reg[7]_i_2__42_n_0
    SLICE_X78Y65         CARRY4 (Prop_carry4_CI_CO[3])
                                                      0.117    12.353 r  u_accel/gen_nn_standard.u_accel/gen_hl1_lif[15].hl1_lif/membrane_potential_reg[11]_i_2__42/CO[3]
                         net (fo=1, routed)           0.000    12.353    u_accel/gen_nn_standard.u_accel/gen_hl1_lif[15].hl1_lif/membrane_potential_reg[11]_i_2__42_n_0
    SLICE_X78Y66         CARRY4 (Prop_carry4_CI_CO[3])
                                                      0.117    12.470 r  u_accel/gen_nn_standard.u_accel/gen_hl1_lif[15].hl1_lif/membrane_potential_reg[15]_i_2__42/CO[3]
                         net (fo=1, routed)           0.000    12.470    u_accel/gen_nn_standard.u_accel/gen_hl1_lif[15].hl1_lif/membrane_potential_reg[15]_i_2__42_n_0
    SLICE_X78Y67         CARRY4 (Prop_carry4_CI_CO[3])
                                                      0.117    12.587 r  u_accel/gen_nn_standard.u_accel/gen_hl1_lif[15].hl1_lif/membrane_potential_reg[19]_i_2__42/CO[3]
                         net (fo=1, routed)           0.000    12.587    u_accel/gen_nn_standard.u_accel/gen_hl1_lif[15].hl1_lif/membrane_potential_reg[19]_i_2__42_n_0
    SLICE_X78Y68         CARRY4 (Prop_carry4_CI_O[2])
                                                      0.239    12.826 f  u_accel/gen_nn_standard.u_accel/gen_hl1_lif[15].hl1_lif/membrane_potential_reg[23]_i_2__40/O[2]
                         net (fo=3, routed)           0.777    13.603    u_accel/gen_nn_standard.u_accel/gen_hl1_lif[15].hl1_lif/membrane_potential0[22]
    SLICE_X79Y66         LUT2 (Prop_lut2_I0_O)        0.301    13.904 r  u_accel/gen_nn_standard.u_accel/gen_hl1_lif[15].hl1_lif/spike_prev_i_8__42/O
                         net (fo=1, routed)           0.000    13.904    u_accel/gen_nn_standard.u_accel/gen_hl1_lif[15].hl1_lif/spike_prev_i_8__42_n_0
    SLICE_X79Y66         CARRY4 (Prop_carry4_S[3]_CO[3])
                                                      0.401    14.305 r  u_accel/gen_nn_standard.u_accel/gen_hl1_lif[15].hl1_lif/spike_prev_reg_i_2__42/CO[3]
                         net (fo=1, routed)           0.763    15.068    u_accel/gen_nn_standard.u_accel/gen_hl1_lif[15].hl1_lif/next_spike
    SLICE_X81Y66         LUT2 (Prop_lut2_I0_O)        0.124    15.192 r  u_accel/gen_nn_standard.u_accel/gen_hl1_lif[15].hl1_lif/spike_prev_i_1__50/O
                         net (fo=1, routed)           0.000    15.192    u_accel/gen_nn_standard.u_accel/gen_hl1_lif[15].hl1_lif/spike_prev_i_1__50_n_0
    SLICE_X81Y66         FDCE                                         r  u_accel/gen_nn_standard.u_accel/gen_hl1_lif[15].hl1_lif/spike_prev_reg/D
  -------------------------------------------------------------------    -------------------

                         (clock sys_clk_pin rise edge)
                                                     10.000    10.000 r  
    E3                                                0.000    10.000 r  CLK100MHZ (IN)
                         net (fo=0)                   0.000    10.000    CLK100MHZ
    E3                   IBUF (Prop_ibuf_I_O)         1.411    11.411 r  CLK100MHZ_IBUF_inst/O
                         net (fo=1, routed)           1.920    13.331    CLK100MHZ_IBUF
    BUFGCTRL_X0Y16       BUFG (Prop_bufg_I_O)         0.091    13.422 r  CLK100MHZ_IBUF_BUFG_inst/O
                         net (fo=21193, routed)       1.596    15.019    u_accel/gen_nn_standard.u_accel/gen_hl1_lif[15].hl1_lif/CLK100MHZ_IBUF_BUFG
    SLICE_X81Y66         FDCE                                         r  u_accel/gen_nn_standard.u_accel/gen_hl1_lif[15].hl1_lif/spike_prev_reg/C
                         clock pessimism              0.259    15.278    
                         clock uncertainty           -0.035    15.242    
    SLICE_X81Y66         FDCE (Setup_fdce_C_D)        0.032    15.274    u_accel/gen_nn_standard.u_accel/gen_hl1_lif[15].hl1_lif/spike_prev_reg
  -------------------------------------------------------------------
                         required time                         15.274    
                         arrival time                         -15.192    
  -------------------------------------------------------------------
                         slack                                  0.082    

Slack (MET) :             0.106ns  (required time - arrival time)
  Source:                 u_accel/gen_nn_standard.u_accel/gen_hl2[1].hl2_lif/membrane_potential_reg[23]/C
                            (rising edge-triggered cell FDCE clocked by sys_clk_pin  {rise@0.000ns fall@5.000ns period=10.000ns})
  Destination:            u_accel/gen_nn_standard.u_accel/gen_hl2[1].hl2_lif/spike_prev_reg/D
                            (rising edge-triggered cell FDCE clocked by sys_clk_pin  {rise@0.000ns fall@5.000ns period=10.000ns})
  Path Group:             sys_clk_pin
  Path Type:              Setup (Max at Slow Process Corner)
  Requirement:            10.000ns  (sys_clk_pin rise@10.000ns - sys_clk_pin rise@0.000ns)
  Data Path Delay:        9.849ns  (logic 6.667ns (67.690%)  route 3.182ns (32.310%))
  Logic Levels:           11  (CARRY4=7 DSP48E1=1 LUT2=3)
  Clock Path Skew:        -0.040ns (DCD - SCD + CPR)
    Destination Clock Delay (DCD):    5.145ns = ( 15.145 - 10.000 ) 
    Source Clock Delay      (SCD):    5.453ns
    Clock Pessimism Removal (CPR):    0.267ns
  Clock Uncertainty:      0.035ns  ((TSJ^2 + TIJ^2)^1/2 + DJ) / 2 + PE
    Total System Jitter     (TSJ):    0.071ns
    Total Input Jitter      (TIJ):    0.000ns
    Discrete Jitter          (DJ):    0.000ns
    Phase Error              (PE):    0.000ns

    Location             Delay type                Incr(ns)  Path(ns)    Netlist Resource(s)
  -------------------------------------------------------------------    -------------------
                         (clock sys_clk_pin rise edge)
                                                      0.000     0.000 r  
    E3                                                0.000     0.000 r  CLK100MHZ (IN)
                         net (fo=0)                   0.000     0.000    CLK100MHZ
    E3                   IBUF (Prop_ibuf_I_O)         1.482     1.482 r  CLK100MHZ_IBUF_inst/O
                         net (fo=1, routed)           2.025     3.506    CLK100MHZ_IBUF
    BUFGCTRL_X0Y16       BUFG (Prop_bufg_I_O)         0.096     3.602 r  CLK100MHZ_IBUF_BUFG_inst/O
                         net (fo=21193, routed)       1.850     5.453    u_accel/gen_nn_standard.u_accel/gen_hl2[1].hl2_lif/CLK100MHZ_IBUF_BUFG
    SLICE_X78Y36         FDCE                                         r  u_accel/gen_nn_standard.u_accel/gen_hl2[1].hl2_lif/membrane_potential_reg[23]/C
  -------------------------------------------------------------------    -------------------
    SLICE_X78Y36         FDCE (Prop_fdce_C_Q)         0.478     5.931 r  u_accel/gen_nn_standard.u_accel/gen_hl2[1].hl2_lif/membrane_potential_reg[23]/Q
                         net (fo=27, routed)          0.683     6.614    u_accel/gen_nn_standard.u_accel/gen_hl2[1].hl2_lif/membrane_out[23]
    DSP48_X2Y14          DSP48E1 (Prop_dsp48e1_A[28]_P[8])
                                                      4.018    10.632 r  u_accel/gen_nn_standard.u_accel/gen_hl2[1].hl2_lif/membrane_potential3/P[8]
                         net (fo=2, routed)           0.925    11.556    u_accel/gen_nn_standard.u_accel/gen_hl2[1].hl2_lif/membrane_potential2[1]
    SLICE_X77Y35         LUT2 (Prop_lut2_I0_O)        0.124    11.680 r  u_accel/gen_nn_standard.u_accel/gen_hl2[1].hl2_lif/membrane_potential[3]_i_5__23/O
                         net (fo=1, routed)           0.000    11.680    u_accel/gen_nn_standard.u_accel/gen_hl2[1].hl2_lif/membrane_potential[3]_i_5__23_n_0
    SLICE_X77Y35         CARRY4 (Prop_carry4_S[1]_CO[3])
                                                      0.550    12.230 r  u_accel/gen_nn_standard.u_accel/gen_hl2[1].hl2_lif/membrane_potential_reg[3]_i_2__23/CO[3]
                         net (fo=1, routed)           0.000    12.230    u_accel/gen_nn_standard.u_accel/gen_hl2[1].hl2_lif/membrane_potential_reg[3]_i_2__23_n_0
    SLICE_X77Y36         CARRY4 (Prop_carry4_CI_CO[3])
                                                      0.114    12.344 r  u_accel/gen_nn_standard.u_accel/gen_hl2[1].hl2_lif/membrane_potential_reg[7]_i_2__23/CO[3]
                         net (fo=1, routed)           0.000    12.344    u_accel/gen_nn_standard.u_accel/gen_hl2[1].hl2_lif/membrane_potential_reg[7]_i_2__23_n_0
    SLICE_X77Y37         CARRY4 (Prop_carry4_CI_CO[3])
                                                      0.114    12.458 r  u_accel/gen_nn_standard.u_accel/gen_hl2[1].hl2_lif/membrane_potential_reg[11]_i_2__23/CO[3]
                         net (fo=1, routed)           0.000    12.458    u_accel/gen_nn_standard.u_accel/gen_hl2[1].hl2_lif/membrane_potential_reg[11]_i_2__23_n_0
    SLICE_X77Y38         CARRY4 (Prop_carry4_CI_CO[3])
                                                      0.114    12.572 r  u_accel/gen_nn_standard.u_accel/gen_hl2[1].hl2_lif/membrane_potential_reg[15]_i_2__23/CO[3]
                         net (fo=1, routed)           0.000    12.572    u_accel/gen_nn_standard.u_accel/gen_hl2[1].hl2_lif/membrane_potential_reg[15]_i_2__23_n_0
    SLICE_X77Y39         CARRY4 (Prop_carry4_CI_CO[3])
                                                      0.114    12.686 r  u_accel/gen_nn_standard.u_accel/gen_hl2[1].hl2_lif/membrane_potential_reg[19]_i_2__23/CO[3]
                         net (fo=1, routed)           0.000    12.686    u_accel/gen_nn_standard.u_accel/gen_hl2[1].hl2_lif/membrane_potential_reg[19]_i_2__23_n_0
    SLICE_X77Y40         CARRY4 (Prop_carry4_CI_O[2])
                                                      0.239    12.925 f  u_accel/gen_nn_standard.u_accel/gen_hl2[1].hl2_lif/membrane_potential_reg[23]_i_2__22/O[2]
                         net (fo=3, routed)           0.840    13.765    u_accel/gen_nn_standard.u_accel/gen_hl2[1].hl2_lif/membrane_potential0[22]
    SLICE_X76Y38         LUT2 (Prop_lut2_I0_O)        0.302    14.067 r  u_accel/gen_nn_standard.u_accel/gen_hl2[1].hl2_lif/spike_prev_i_8__23/O
                         net (fo=1, routed)           0.000    14.067    u_accel/gen_nn_standard.u_accel/gen_hl2[1].hl2_lif/spike_prev_i_8__23_n_0
    SLICE_X76Y38         CARRY4 (Prop_carry4_S[3]_CO[3])
                                                      0.376    14.443 r  u_accel/gen_nn_standard.u_accel/gen_hl2[1].hl2_lif/spike_prev_reg_i_2__23/CO[3]
                         net (fo=1, routed)           0.735    15.178    u_accel/gen_nn_standard.u_accel/gen_hl2[1].hl2_lif/next_spike
    SLICE_X75Y38         LUT2 (Prop_lut2_I0_O)        0.124    15.302 r  u_accel/gen_nn_standard.u_accel/gen_hl2[1].hl2_lif/spike_prev_i_1__20/O
                         net (fo=1, routed)           0.000    15.302    u_accel/gen_nn_standard.u_accel/gen_hl2[1].hl2_lif/spike_prev_i_1__20_n_0
    SLICE_X75Y38         FDCE                                         r  u_accel/gen_nn_standard.u_accel/gen_hl2[1].hl2_lif/spike_prev_reg/D
  -------------------------------------------------------------------    -------------------

                         (clock sys_clk_pin rise edge)
                                                     10.000    10.000 r  
    E3                                                0.000    10.000 r  CLK100MHZ (IN)
                         net (fo=0)                   0.000    10.000    CLK100MHZ
    E3                   IBUF (Prop_ibuf_I_O)         1.411    11.411 r  CLK100MHZ_IBUF_inst/O
                         net (fo=1, routed)           1.920    13.331    CLK100MHZ_IBUF
    BUFGCTRL_X0Y16       BUFG (Prop_bufg_I_O)         0.091    13.422 r  CLK100MHZ_IBUF_BUFG_inst/O
                         net (fo=21193, routed)       1.723    15.145    u_accel/gen_nn_standard.u_accel/gen_hl2[1].hl2_lif/CLK100MHZ_IBUF_BUFG
    SLICE_X75Y38         FDCE                                         r  u_accel/gen_nn_standard.u_accel/gen_hl2[1].hl2_lif/spike_prev_reg/C
                         clock pessimism              0.267    15.413    
                         clock uncertainty           -0.035    15.377    
    SLICE_X75Y38         FDCE (Setup_fdce_C_D)        0.031    15.408    u_accel/gen_nn_standard.u_accel/gen_hl2[1].hl2_lif/spike_prev_reg
  -------------------------------------------------------------------
                         required time                         15.408    
                         arrival time                         -15.302    
  -------------------------------------------------------------------
                         slack                                  0.106    

Slack (MET) :             0.109ns  (required time - arrival time)
  Source:                 u_accel/gen_nn_standard.u_accel/gen_hl2[23].hl2_lif/membrane_potential_reg[23]/C
                            (rising edge-triggered cell FDCE clocked by sys_clk_pin  {rise@0.000ns fall@5.000ns period=10.000ns})
  Destination:            u_accel/gen_nn_standard.u_accel/gen_hl2[23].hl2_lif/spike_prev_reg/D
                            (rising edge-triggered cell FDCE clocked by sys_clk_pin  {rise@0.000ns fall@5.000ns period=10.000ns})
  Path Group:             sys_clk_pin
  Path Type:              Setup (Max at Slow Process Corner)
  Requirement:            10.000ns  (sys_clk_pin rise@10.000ns - sys_clk_pin rise@0.000ns)
  Data Path Delay:        9.860ns  (logic 6.681ns (67.756%)  route 3.179ns (32.244%))
  Logic Levels:           11  (CARRY4=7 DSP48E1=1 LUT2=3)
  Clock Path Skew:        -0.026ns (DCD - SCD + CPR)
    Destination Clock Delay (DCD):    5.148ns = ( 15.148 - 10.000 ) 
    Source Clock Delay      (SCD):    5.459ns
    Clock Pessimism Removal (CPR):    0.284ns
  Clock Uncertainty:      0.035ns  ((TSJ^2 + TIJ^2)^1/2 + DJ) / 2 + PE
    Total System Jitter     (TSJ):    0.071ns
    Total Input Jitter      (TIJ):    0.000ns
    Discrete Jitter          (DJ):    0.000ns
    Phase Error              (PE):    0.000ns

    Location             Delay type                Incr(ns)  Path(ns)    Netlist Resource(s)
  -------------------------------------------------------------------    -------------------
                         (clock sys_clk_pin rise edge)
                                                      0.000     0.000 r  
    E3                                                0.000     0.000 r  CLK100MHZ (IN)
                         net (fo=0)                   0.000     0.000    CLK100MHZ
    E3                   IBUF (Prop_ibuf_I_O)         1.482     1.482 r  CLK100MHZ_IBUF_inst/O
                         net (fo=1, routed)           2.025     3.506    CLK100MHZ_IBUF
    BUFGCTRL_X0Y16       BUFG (Prop_bufg_I_O)         0.096     3.602 r  CLK100MHZ_IBUF_BUFG_inst/O
                         net (fo=21193, routed)       1.856     5.459    u_accel/gen_nn_standard.u_accel/gen_hl2[23].hl2_lif/CLK100MHZ_IBUF_BUFG
    SLICE_X77Y1          FDCE                                         r  u_accel/gen_nn_standard.u_accel/gen_hl2[23].hl2_lif/membrane_potential_reg[23]/C
  -------------------------------------------------------------------    -------------------
    SLICE_X77Y1          FDCE (Prop_fdce_C_Q)         0.419     5.878 r  u_accel/gen_nn_standard.u_accel/gen_hl2[23].hl2_lif/membrane_potential_reg[23]/Q
                         net (fo=27, routed)          0.742     6.619    u_accel/gen_nn_standard.u_accel/gen_hl2[23].hl2_lif/membrane_out[23]
    DSP48_X2Y1           DSP48E1 (Prop_dsp48e1_A[24]_P[8])
                                                      4.013    10.632 r  u_accel/gen_nn_standard.u_accel/gen_hl2[23].hl2_lif/membrane_potential3/P[8]
                         net (fo=2, routed)           0.780    11.413    u_accel/gen_nn_standard.u_accel/gen_hl2[23].hl2_lif/membrane_potential2[1]
    SLICE_X75Y2          LUT2 (Prop_lut2_I0_O)        0.124    11.537 r  u_accel/gen_nn_standard.u_accel/gen_hl2[23].hl2_lif/membrane_potential[3]_i_5__8/O
                         net (fo=1, routed)           0.000    11.537    u_accel/gen_nn_standard.u_accel/gen_hl2[23].hl2_lif/membrane_potential[3]_i_5__8_n_0
    SLICE_X75Y2          CARRY4 (Prop_carry4_S[1]_CO[3])
                                                      0.550    12.087 r  u_accel/gen_nn_standard.u_accel/gen_hl2[23].hl2_lif/membrane_potential_reg[3]_i_2__8/CO[3]
                         net (fo=1, routed)           0.000    12.087    u_accel/gen_nn_standard.u_accel/gen_hl2[23].hl2_lif/membrane_potential_reg[3]_i_2__8_n_0
    SLICE_X75Y3          CARRY4 (Prop_carry4_CI_CO[3])
                                                      0.114    12.201 r  u_accel/gen_nn_standard.u_accel/gen_hl2[23].hl2_lif/membrane_potential_reg[7]_i_2__8/CO[3]
                         net (fo=1, routed)           0.000    12.201    u_accel/gen_nn_standard.u_accel/gen_hl2[23].hl2_lif/membrane_potential_reg[7]_i_2__8_n_0
    SLICE_X75Y4          CARRY4 (Prop_carry4_CI_CO[3])
                                                      0.114    12.315 r  u_accel/gen_nn_standard.u_accel/gen_hl2[23].hl2_lif/membrane_potential_reg[11]_i_2__8/CO[3]
                         net (fo=1, routed)           0.000    12.315    u_accel/gen_nn_standard.u_accel/gen_hl2[23].hl2_lif/membrane_potential_reg[11]_i_2__8_n_0
    SLICE_X75Y5          CARRY4 (Prop_carry4_CI_CO[3])
                                                      0.114    12.429 r  u_accel/gen_nn_standard.u_accel/gen_hl2[23].hl2_lif/membrane_potential_reg[15]_i_2__8/CO[3]
                         net (fo=1, routed)           0.000    12.429    u_accel/gen_nn_standard.u_accel/gen_hl2[23].hl2_lif/membrane_potential_reg[15]_i_2__8_n_0
    SLICE_X75Y6          CARRY4 (Prop_carry4_CI_CO[3])
                                                      0.114    12.543 r  u_accel/gen_nn_standard.u_accel/gen_hl2[23].hl2_lif/membrane_potential_reg[19]_i_2__8/CO[3]
                         net (fo=1, routed)           0.000    12.543    u_accel/gen_nn_standard.u_accel/gen_hl2[23].hl2_lif/membrane_potential_reg[19]_i_2__8_n_0
    SLICE_X75Y7          CARRY4 (Prop_carry4_CI_O[3])
                                                      0.313    12.856 f  u_accel/gen_nn_standard.u_accel/gen_hl2[23].hl2_lif/membrane_potential_reg[23]_i_2__7/O[3]
                         net (fo=3, routed)           0.761    13.617    u_accel/gen_nn_standard.u_accel/gen_hl2[23].hl2_lif/membrane_potential0[23]
    SLICE_X76Y5          LUT2 (Prop_lut2_I1_O)        0.306    13.923 r  u_accel/gen_nn_standard.u_accel/gen_hl2[23].hl2_lif/spike_prev_i_8__8/O
                         net (fo=1, routed)           0.000    13.923    u_accel/gen_nn_standard.u_accel/gen_hl2[23].hl2_lif/spike_prev_i_8__8_n_0
    SLICE_X76Y5          CARRY4 (Prop_carry4_S[3]_CO[3])
                                                      0.376    14.299 r  u_accel/gen_nn_standard.u_accel/gen_hl2[23].hl2_lif/spike_prev_reg_i_2__8/CO[3]
                         net (fo=1, routed)           0.896    15.195    u_accel/gen_nn_standard.u_accel/gen_hl2[23].hl2_lif/next_spike
    SLICE_X77Y5          LUT2 (Prop_lut2_I0_O)        0.124    15.319 r  u_accel/gen_nn_standard.u_accel/gen_hl2[23].hl2_lif/spike_prev_i_1__15/O
                         net (fo=1, routed)           0.000    15.319    u_accel/gen_nn_standard.u_accel/gen_hl2[23].hl2_lif/spike_prev_i_1__15_n_0
    SLICE_X77Y5          FDCE                                         r  u_accel/gen_nn_standard.u_accel/gen_hl2[23].hl2_lif/spike_prev_reg/D
  -------------------------------------------------------------------    -------------------

                         (clock sys_clk_pin rise edge)
                                                     10.000    10.000 r  
    E3                                                0.000    10.000 r  CLK100MHZ (IN)
                         net (fo=0)                   0.000    10.000    CLK100MHZ
    E3                   IBUF (Prop_ibuf_I_O)         1.411    11.411 r  CLK100MHZ_IBUF_inst/O
                         net (fo=1, routed)           1.920    13.331    CLK100MHZ_IBUF
    BUFGCTRL_X0Y16       BUFG (Prop_bufg_I_O)         0.091    13.422 r  CLK100MHZ_IBUF_BUFG_inst/O
                         net (fo=21193, routed)       1.726    15.148    u_accel/gen_nn_standard.u_accel/gen_hl2[23].hl2_lif/CLK100MHZ_IBUF_BUFG
    SLICE_X77Y5          FDCE                                         r  u_accel/gen_nn_standard.u_accel/gen_hl2[23].hl2_lif/spike_prev_reg/C
                         clock pessimism              0.284    15.433    
                         clock uncertainty           -0.035    15.397    
    SLICE_X77Y5          FDCE (Setup_fdce_C_D)        0.031    15.428    u_accel/gen_nn_standard.u_accel/gen_hl2[23].hl2_lif/spike_prev_reg
  -------------------------------------------------------------------
                         required time                         15.428    
                         arrival time                         -15.319    
  -------------------------------------------------------------------
                         slack                                  0.109    

Slack (MET) :             0.110ns  (required time - arrival time)
  Source:                 u_accel/gen_nn_standard.u_accel/fc2/input_idx_reg[2]/C
                            (rising edge-triggered cell FDCE clocked by sys_clk_pin  {rise@0.000ns fall@5.000ns period=10.000ns})
  Destination:            u_accel/gen_nn_standard.u_accel/fc2/accums_reg[5][37]/D
                            (rising edge-triggered cell FDCE clocked by sys_clk_pin  {rise@0.000ns fall@5.000ns period=10.000ns})
  Path Group:             sys_clk_pin
  Path Type:              Setup (Max at Slow Process Corner)
  Requirement:            10.000ns  (sys_clk_pin rise@10.000ns - sys_clk_pin rise@0.000ns)
  Data Path Delay:        9.785ns  (logic 4.782ns (48.871%)  route 5.003ns (51.129%))
  Logic Levels:           4  (DSP48E1=1 LUT2=1 LUT3=1 LUT5=1)
  Clock Path Skew:        -0.102ns (DCD - SCD + CPR)
    Destination Clock Delay (DCD):    5.097ns = ( 15.097 - 10.000 ) 
    Source Clock Delay      (SCD):    5.395ns
    Clock Pessimism Removal (CPR):    0.195ns
  Clock Uncertainty:      0.035ns  ((TSJ^2 + TIJ^2)^1/2 + DJ) / 2 + PE
    Total System Jitter     (TSJ):    0.071ns
    Total Input Jitter      (TIJ):    0.000ns
    Discrete Jitter          (DJ):    0.000ns
    Phase Error              (PE):    0.000ns

    Location             Delay type                Incr(ns)  Path(ns)    Netlist Resource(s)
  -------------------------------------------------------------------    -------------------
                         (clock sys_clk_pin rise edge)
                                                      0.000     0.000 r  
    E3                                                0.000     0.000 r  CLK100MHZ (IN)
                         net (fo=0)                   0.000     0.000    CLK100MHZ
    E3                   IBUF (Prop_ibuf_I_O)         1.482     1.482 r  CLK100MHZ_IBUF_inst/O
                         net (fo=1, routed)           2.025     3.506    CLK100MHZ_IBUF
    BUFGCTRL_X0Y16       BUFG (Prop_bufg_I_O)         0.096     3.602 r  CLK100MHZ_IBUF_BUFG_inst/O
                         net (fo=21193, routed)       1.792     5.395    u_accel/gen_nn_standard.u_accel/fc2/CLK100MHZ_IBUF_BUFG
    SLICE_X50Y29         FDCE                                         r  u_accel/gen_nn_standard.u_accel/fc2/input_idx_reg[2]/C
  -------------------------------------------------------------------    -------------------
    SLICE_X50Y29         FDCE (Prop_fdce_C_Q)         0.518     5.913 r  u_accel/gen_nn_standard.u_accel/fc2/input_idx_reg[2]/Q
                         net (fo=443, routed)         1.947     7.860    u_accel/gen_nn_standard.u_accel/p_1_out[2]
    SLICE_X64Y35         LUT5 (Prop_lut5_I2_O)        0.124     7.984 r  u_accel/gen_nn_standard.u_accel/g10_b10__0/O
                         net (fo=1, routed)           0.948     8.932    u_accel/gen_nn_standard.u_accel/fc2/accums_reg[5]1_21
    SLICE_X71Y36         LUT3 (Prop_lut3_I1_O)        0.152     9.084 r  u_accel/gen_nn_standard.u_accel/fc2/p_0_out_inferred__11/accums_reg[5]1_i_4/O
                         net (fo=1, routed)           0.915    10.000    u_accel/gen_nn_standard.u_accel/fc2/p_0_out_inferred__11/accums_reg[5]1_i_4_n_0
    DSP48_X2Y15          DSP48E1 (Prop_dsp48e1_B[10]_P[37])
                                                      3.864    13.864 r  u_accel/gen_nn_standard.u_accel/fc2/accums_reg[5]1/P[37]
                         net (fo=1, routed)           1.192    15.056    u_accel/gen_nn_standard.u_accel/fc2/accums_reg[5]1_n_68
    SLICE_X68Y39         LUT2 (Prop_lut2_I1_O)        0.124    15.180 r  u_accel/gen_nn_standard.u_accel/fc2/accums[5][37]_i_1/O
                         net (fo=1, routed)           0.000    15.180    u_accel/gen_nn_standard.u_accel/fc2/accums[5][37]_i_1_n_0
    SLICE_X68Y39         FDCE                                         r  u_accel/gen_nn_standard.u_accel/fc2/accums_reg[5][37]/D
  -------------------------------------------------------------------    -------------------

                         (clock sys_clk_pin rise edge)
                                                     10.000    10.000 r  
    E3                                                0.000    10.000 r  CLK100MHZ (IN)
                         net (fo=0)                   0.000    10.000    CLK100MHZ
    E3                   IBUF (Prop_ibuf_I_O)         1.411    11.411 r  CLK100MHZ_IBUF_inst/O
                         net (fo=1, routed)           1.920    13.331    CLK100MHZ_IBUF
    BUFGCTRL_X0Y16       BUFG (Prop_bufg_I_O)         0.091    13.422 r  CLK100MHZ_IBUF_BUFG_inst/O
                         net (fo=21193, routed)       1.675    15.097    u_accel/gen_nn_standard.u_accel/fc2/CLK100MHZ_IBUF_BUFG
    SLICE_X68Y39         FDCE                                         r  u_accel/gen_nn_standard.u_accel/fc2/accums_reg[5][37]/C
                         clock pessimism              0.195    15.293    
                         clock uncertainty           -0.035    15.257    
    SLICE_X68Y39         FDCE (Setup_fdce_C_D)        0.032    15.289    u_accel/gen_nn_standard.u_accel/fc2/accums_reg[5][37]
  -------------------------------------------------------------------
                         required time                         15.289    
                         arrival time                         -15.180    
  -------------------------------------------------------------------
                         slack                                  0.110    

Slack (MET) :             0.114ns  (required time - arrival time)
  Source:                 u_accel/gen_nn_standard.u_accel/gen_hl2[2].hl2_lif/membrane_potential_reg[23]/C
                            (rising edge-triggered cell FDCE clocked by sys_clk_pin  {rise@0.000ns fall@5.000ns period=10.000ns})
  Destination:            u_accel/gen_nn_standard.u_accel/gen_hl2[2].hl2_lif/spike_prev_reg/D
                            (rising edge-triggered cell FDCE clocked by sys_clk_pin  {rise@0.000ns fall@5.000ns period=10.000ns})
  Path Group:             sys_clk_pin
  Path Type:              Setup (Max at Slow Process Corner)
  Requirement:            10.000ns  (sys_clk_pin rise@10.000ns - sys_clk_pin rise@0.000ns)
  Data Path Delay:        9.833ns  (logic 6.728ns (68.425%)  route 3.105ns (31.575%))
  Logic Levels:           10  (CARRY4=6 DSP48E1=1 LUT2=3)
  Clock Path Skew:        -0.049ns (DCD - SCD + CPR)
    Destination Clock Delay (DCD):    5.080ns = ( 15.080 - 10.000 ) 
    Source Clock Delay      (SCD):    5.397ns
    Clock Pessimism Removal (CPR):    0.267ns
  Clock Uncertainty:      0.035ns  ((TSJ^2 + TIJ^2)^1/2 + DJ) / 2 + PE
    Total System Jitter     (TSJ):    0.071ns
    Total Input Jitter      (TIJ):    0.000ns
    Discrete Jitter          (DJ):    0.000ns
    Phase Error              (PE):    0.000ns

    Location             Delay type                Incr(ns)  Path(ns)    Netlist Resource(s)
  -------------------------------------------------------------------    -------------------
                         (clock sys_clk_pin rise edge)
                                                      0.000     0.000 r  
    E3                                                0.000     0.000 r  CLK100MHZ (IN)
                         net (fo=0)                   0.000     0.000    CLK100MHZ
    E3                   IBUF (Prop_ibuf_I_O)         1.482     1.482 r  CLK100MHZ_IBUF_inst/O
                         net (fo=1, routed)           2.025     3.506    CLK100MHZ_IBUF
    BUFGCTRL_X0Y16       BUFG (Prop_bufg_I_O)         0.096     3.602 r  CLK100MHZ_IBUF_BUFG_inst/O
                         net (fo=21193, routed)       1.794     5.397    u_accel/gen_nn_standard.u_accel/gen_hl2[2].hl2_lif/CLK100MHZ_IBUF_BUFG
    SLICE_X59Y17         FDCE                                         r  u_accel/gen_nn_standard.u_accel/gen_hl2[2].hl2_lif/membrane_potential_reg[23]/C
  -------------------------------------------------------------------    -------------------
    SLICE_X59Y17         FDCE (Prop_fdce_C_Q)         0.419     5.816 r  u_accel/gen_nn_standard.u_accel/gen_hl2[2].hl2_lif/membrane_potential_reg[23]/Q
                         net (fo=27, routed)          0.636     6.452    u_accel/gen_nn_standard.u_accel/gen_hl2[2].hl2_lif/membrane_out[23]
    DSP48_X1Y6           DSP48E1 (Prop_dsp48e1_A[28]_P[8])
                                                      4.016    10.468 r  u_accel/gen_nn_standard.u_accel/gen_hl2[2].hl2_lif/membrane_potential3/P[8]
                         net (fo=2, routed)           0.791    11.259    u_accel/gen_nn_standard.u_accel/gen_hl2[2].hl2_lif/membrane_potential2[1]
    SLICE_X58Y16         LUT2 (Prop_lut2_I0_O)        0.124    11.383 r  u_accel/gen_nn_standard.u_accel/gen_hl2[2].hl2_lif/membrane_potential[3]_i_5__22/O
                         net (fo=1, routed)           0.000    11.383    u_accel/gen_nn_standard.u_accel/gen_hl2[2].hl2_lif/membrane_potential[3]_i_5__22_n_0
    SLICE_X58Y16         CARRY4 (Prop_carry4_S[1]_CO[3])
                                                      0.533    11.916 r  u_accel/gen_nn_standard.u_accel/gen_hl2[2].hl2_lif/membrane_potential_reg[3]_i_2__22/CO[3]
                         net (fo=1, routed)           0.000    11.916    u_accel/gen_nn_standard.u_accel/gen_hl2[2].hl2_lif/membrane_potential_reg[3]_i_2__22_n_0
    SLICE_X58Y17         CARRY4 (Prop_carry4_CI_CO[3])
                                                      0.117    12.033 r  u_accel/gen_nn_standard.u_accel/gen_hl2[2].hl2_lif/membrane_potential_reg[7]_i_2__22/CO[3]
                         net (fo=1, routed)           0.000    12.033    u_accel/gen_nn_standard.u_accel/gen_hl2[2].hl2_lif/membrane_potential_reg[7]_i_2__22_n_0
    SLICE_X58Y18         CARRY4 (Prop_carry4_CI_CO[3])
                                                      0.117    12.150 r  u_accel/gen_nn_standard.u_accel/gen_hl2[2].hl2_lif/membrane_potential_reg[11]_i_2__22/CO[3]
                         net (fo=1, routed)           0.000    12.150    u_accel/gen_nn_standard.u_accel/gen_hl2[2].hl2_lif/membrane_potential_reg[11]_i_2__22_n_0
    SLICE_X58Y19         CARRY4 (Prop_carry4_CI_CO[3])
                                                      0.117    12.267 r  u_accel/gen_nn_standard.u_accel/gen_hl2[2].hl2_lif/membrane_potential_reg[15]_i_2__22/CO[3]
                         net (fo=1, routed)           0.000    12.267    u_accel/gen_nn_standard.u_accel/gen_hl2[2].hl2_lif/membrane_potential_reg[15]_i_2__22_n_0
    SLICE_X58Y20         CARRY4 (Prop_carry4_CI_O[1])
                                                      0.323    12.590 f  u_accel/gen_nn_standard.u_accel/gen_hl2[2].hl2_lif/membrane_potential_reg[19]_i_2__22/O[1]
                         net (fo=3, routed)           0.824    13.414    u_accel/gen_nn_standard.u_accel/gen_hl2[2].hl2_lif/membrane_potential0[17]
    SLICE_X57Y19         LUT2 (Prop_lut2_I1_O)        0.306    13.720 r  u_accel/gen_nn_standard.u_accel/gen_hl2[2].hl2_lif/spike_prev_i_11__22/O
                         net (fo=1, routed)           0.000    13.720    u_accel/gen_nn_standard.u_accel/gen_hl2[2].hl2_lif/spike_prev_i_11__22_n_0
    SLICE_X57Y19         CARRY4 (Prop_carry4_S[0]_CO[3])
                                                      0.532    14.252 r  u_accel/gen_nn_standard.u_accel/gen_hl2[2].hl2_lif/spike_prev_reg_i_2__22/CO[3]
                         net (fo=1, routed)           0.853    15.105    u_accel/gen_nn_standard.u_accel/gen_hl2[2].hl2_lif/next_spike
    SLICE_X53Y19         LUT2 (Prop_lut2_I0_O)        0.124    15.229 r  u_accel/gen_nn_standard.u_accel/gen_hl2[2].hl2_lif/spike_prev_i_1__28/O
                         net (fo=1, routed)           0.000    15.229    u_accel/gen_nn_standard.u_accel/gen_hl2[2].hl2_lif/spike_prev_i_1__28_n_0
    SLICE_X53Y19         FDCE                                         r  u_accel/gen_nn_standard.u_accel/gen_hl2[2].hl2_lif/spike_prev_reg/D
  -------------------------------------------------------------------    -------------------

                         (clock sys_clk_pin rise edge)
                                                     10.000    10.000 r  
    E3                                                0.000    10.000 r  CLK100MHZ (IN)
                         net (fo=0)                   0.000    10.000    CLK100MHZ
    E3                   IBUF (Prop_ibuf_I_O)         1.411    11.411 r  CLK100MHZ_IBUF_inst/O
                         net (fo=1, routed)           1.920    13.331    CLK100MHZ_IBUF
    BUFGCTRL_X0Y16       BUFG (Prop_bufg_I_O)         0.091    13.422 r  CLK100MHZ_IBUF_BUFG_inst/O
                         net (fo=21193, routed)       1.658    15.080    u_accel/gen_nn_standard.u_accel/gen_hl2[2].hl2_lif/CLK100MHZ_IBUF_BUFG
    SLICE_X53Y19         FDCE                                         r  u_accel/gen_nn_standard.u_accel/gen_hl2[2].hl2_lif/spike_prev_reg/C
                         clock pessimism              0.267    15.348    
                         clock uncertainty           -0.035    15.312    
    SLICE_X53Y19         FDCE (Setup_fdce_C_D)        0.031    15.343    u_accel/gen_nn_standard.u_accel/gen_hl2[2].hl2_lif/spike_prev_reg
  -------------------------------------------------------------------
                         required time                         15.343    
                         arrival time                         -15.229    
  -------------------------------------------------------------------
                         slack                                  0.114    





Min Delay Paths
--------------------------------------------------------------------------------------
Slack (MET) :             0.039ns  (arrival time - required time)
  Source:                 u_accel/u_ctrl/observations_reg[1][9]/C
                            (rising edge-triggered cell FDCE clocked by sys_clk_pin  {rise@0.000ns fall@5.000ns period=10.000ns})
  Destination:            u_accel/gen_nn_standard.u_accel/observations_registered_reg[1][9]/D
                            (rising edge-triggered cell FDCE clocked by sys_clk_pin  {rise@0.000ns fall@5.000ns period=10.000ns})
  Path Group:             sys_clk_pin
  Path Type:              Hold (Min at Fast Process Corner)
  Requirement:            0.000ns  (sys_clk_pin rise@0.000ns - sys_clk_pin rise@0.000ns)
  Data Path Delay:        0.377ns  (logic 0.141ns (37.424%)  route 0.236ns (62.576%))
  Logic Levels:           0  
  Clock Path Skew:        0.268ns (DCD - SCD - CPR)
    Destination Clock Delay (DCD):    1.996ns
    Source Clock Delay      (SCD):    1.477ns
    Clock Pessimism Removal (CPR):    0.250ns

    Location             Delay type                Incr(ns)  Path(ns)    Netlist Resource(s)
  -------------------------------------------------------------------    -------------------
                         (clock sys_clk_pin rise edge)
                                                      0.000     0.000 r  
    E3                                                0.000     0.000 r  CLK100MHZ (IN)
                         net (fo=0)                   0.000     0.000    CLK100MHZ
    E3                   IBUF (Prop_ibuf_I_O)         0.250     0.250 r  CLK100MHZ_IBUF_inst/O
                         net (fo=1, routed)           0.644     0.894    CLK100MHZ_IBUF
    BUFGCTRL_X0Y16       BUFG (Prop_bufg_I_O)         0.026     0.920 r  CLK100MHZ_IBUF_BUFG_inst/O
                         net (fo=21193, routed)       0.558     1.477    u_accel/u_ctrl/CLK100MHZ_IBUF_BUFG
    SLICE_X55Y105        FDCE                                         r  u_accel/u_ctrl/observations_reg[1][9]/C
  -------------------------------------------------------------------    -------------------
    SLICE_X55Y105        FDCE (Prop_fdce_C_Q)         0.141     1.618 r  u_accel/u_ctrl/observations_reg[1][9]/Q
                         net (fo=8, routed)           0.236     1.854    u_accel/gen_nn_standard.u_accel/observations[1][9]
    SLICE_X49Y103        FDCE                                         r  u_accel/gen_nn_standard.u_accel/observations_registered_reg[1][9]/D
  -------------------------------------------------------------------    -------------------

                         (clock sys_clk_pin rise edge)
                                                      0.000     0.000 r  
    E3                                                0.000     0.000 r  CLK100MHZ (IN)
                         net (fo=0)                   0.000     0.000    CLK100MHZ
    E3                   IBUF (Prop_ibuf_I_O)         0.438     0.438 r  CLK100MHZ_IBUF_inst/O
                         net (fo=1, routed)           0.699     1.136    CLK100MHZ_IBUF
    BUFGCTRL_X0Y16       BUFG (Prop_bufg_I_O)         0.029     1.165 r  CLK100MHZ_IBUF_BUFG_inst/O
                         net (fo=21193, routed)       0.831     1.996    u_accel/gen_nn_standard.u_accel/CLK100MHZ_IBUF_BUFG
    SLICE_X49Y103        FDCE                                         r  u_accel/gen_nn_standard.u_accel/observations_registered_reg[1][9]/C
                         clock pessimism             -0.250     1.745    
    SLICE_X49Y103        FDCE (Hold_fdce_C_D)         0.070     1.815    u_accel/gen_nn_standard.u_accel/observations_registered_reg[1][9]
  -------------------------------------------------------------------
                         required time                         -1.815    
                         arrival time                           1.854    
  -------------------------------------------------------------------
                         slack                                  0.039    

Slack (MET) :             0.049ns  (arrival time - required time)
  Source:                 u_accel/u_ctrl/observations_reg[2][3]/C
                            (rising edge-triggered cell FDCE clocked by sys_clk_pin  {rise@0.000ns fall@5.000ns period=10.000ns})
  Destination:            u_accel/gen_nn_standard.u_accel/observations_registered_reg[2][3]/D
                            (rising edge-triggered cell FDCE clocked by sys_clk_pin  {rise@0.000ns fall@5.000ns period=10.000ns})
  Path Group:             sys_clk_pin
  Path Type:              Hold (Min at Fast Process Corner)
  Requirement:            0.000ns  (sys_clk_pin rise@0.000ns - sys_clk_pin rise@0.000ns)
  Data Path Delay:        0.388ns  (logic 0.141ns (36.364%)  route 0.247ns (63.636%))
  Logic Levels:           0  
  Clock Path Skew:        0.269ns (DCD - SCD - CPR)
    Destination Clock Delay (DCD):    1.997ns
    Source Clock Delay      (SCD):    1.477ns
    Clock Pessimism Removal (CPR):    0.250ns

    Location             Delay type                Incr(ns)  Path(ns)    Netlist Resource(s)
  -------------------------------------------------------------------    -------------------
                         (clock sys_clk_pin rise edge)
                                                      0.000     0.000 r  
    E3                                                0.000     0.000 r  CLK100MHZ (IN)
                         net (fo=0)                   0.000     0.000    CLK100MHZ
    E3                   IBUF (Prop_ibuf_I_O)         0.250     0.250 r  CLK100MHZ_IBUF_inst/O
                         net (fo=1, routed)           0.644     0.894    CLK100MHZ_IBUF
    BUFGCTRL_X0Y16       BUFG (Prop_bufg_I_O)         0.026     0.920 r  CLK100MHZ_IBUF_BUFG_inst/O
                         net (fo=21193, routed)       0.558     1.477    u_accel/u_ctrl/CLK100MHZ_IBUF_BUFG
    SLICE_X55Y103        FDCE                                         r  u_accel/u_ctrl/observations_reg[2][3]/C
  -------------------------------------------------------------------    -------------------
    SLICE_X55Y103        FDCE (Prop_fdce_C_Q)         0.141     1.618 r  u_accel/u_ctrl/observations_reg[2][3]/Q
                         net (fo=9, routed)           0.247     1.865    u_accel/gen_nn_standard.u_accel/observations[2][3]
    SLICE_X47Y101        FDCE                                         r  u_accel/gen_nn_standard.u_accel/observations_registered_reg[2][3]/D
  -------------------------------------------------------------------    -------------------

                         (clock sys_clk_pin rise edge)
                                                      0.000     0.000 r  
    E3                                                0.000     0.000 r  CLK100MHZ (IN)
                         net (fo=0)                   0.000     0.000    CLK100MHZ
    E3                   IBUF (Prop_ibuf_I_O)         0.438     0.438 r  CLK100MHZ_IBUF_inst/O
                         net (fo=1, routed)           0.699     1.136    CLK100MHZ_IBUF
    BUFGCTRL_X0Y16       BUFG (Prop_bufg_I_O)         0.029     1.165 r  CLK100MHZ_IBUF_BUFG_inst/O
                         net (fo=21193, routed)       0.832     1.997    u_accel/gen_nn_standard.u_accel/CLK100MHZ_IBUF_BUFG
    SLICE_X47Y101        FDCE                                         r  u_accel/gen_nn_standard.u_accel/observations_registered_reg[2][3]/C
                         clock pessimism             -0.250     1.746    
    SLICE_X47Y101        FDCE (Hold_fdce_C_D)         0.070     1.816    u_accel/gen_nn_standard.u_accel/observations_registered_reg[2][3]
  -------------------------------------------------------------------
                         required time                         -1.816    
                         arrival time                           1.865    
  -------------------------------------------------------------------
                         slack                                  0.049    

Slack (MET) :             0.057ns  (arrival time - required time)
  Source:                 u_accel/u_ctrl/observations_reg[0][11]/C
                            (rising edge-triggered cell FDCE clocked by sys_clk_pin  {rise@0.000ns fall@5.000ns period=10.000ns})
  Destination:            u_accel/gen_nn_standard.u_accel/observations_registered_reg[0][11]/D
                            (rising edge-triggered cell FDCE clocked by sys_clk_pin  {rise@0.000ns fall@5.000ns period=10.000ns})
  Path Group:             sys_clk_pin
  Path Type:              Hold (Min at Fast Process Corner)
  Requirement:            0.000ns  (sys_clk_pin rise@0.000ns - sys_clk_pin rise@0.000ns)
  Data Path Delay:        0.392ns  (logic 0.141ns (36.002%)  route 0.251ns (63.998%))
  Logic Levels:           0  
  Clock Path Skew:        0.269ns (DCD - SCD - CPR)
    Destination Clock Delay (DCD):    1.997ns
    Source Clock Delay      (SCD):    1.477ns
    Clock Pessimism Removal (CPR):    0.250ns

    Location             Delay type                Incr(ns)  Path(ns)    Netlist Resource(s)
  -------------------------------------------------------------------    -------------------
                         (clock sys_clk_pin rise edge)
                                                      0.000     0.000 r  
    E3                                                0.000     0.000 r  CLK100MHZ (IN)
                         net (fo=0)                   0.000     0.000    CLK100MHZ
    E3                   IBUF (Prop_ibuf_I_O)         0.250     0.250 r  CLK100MHZ_IBUF_inst/O
                         net (fo=1, routed)           0.644     0.894    CLK100MHZ_IBUF
    BUFGCTRL_X0Y16       BUFG (Prop_bufg_I_O)         0.026     0.920 r  CLK100MHZ_IBUF_BUFG_inst/O
                         net (fo=21193, routed)       0.558     1.477    u_accel/u_ctrl/CLK100MHZ_IBUF_BUFG
    SLICE_X53Y104        FDCE                                         r  u_accel/u_ctrl/observations_reg[0][11]/C
  -------------------------------------------------------------------    -------------------
    SLICE_X53Y104        FDCE (Prop_fdce_C_Q)         0.141     1.618 r  u_accel/u_ctrl/observations_reg[0][11]/Q
                         net (fo=8, routed)           0.251     1.869    u_accel/gen_nn_standard.u_accel/observations[0][11]
    SLICE_X47Y100        FDCE                                         r  u_accel/gen_nn_standard.u_accel/observations_registered_reg[0][11]/D
  -------------------------------------------------------------------    -------------------

                         (clock sys_clk_pin rise edge)
                                                      0.000     0.000 r  
    E3                                                0.000     0.000 r  CLK100MHZ (IN)
                         net (fo=0)                   0.000     0.000    CLK100MHZ
    E3                   IBUF (Prop_ibuf_I_O)         0.438     0.438 r  CLK100MHZ_IBUF_inst/O
                         net (fo=1, routed)           0.699     1.136    CLK100MHZ_IBUF
    BUFGCTRL_X0Y16       BUFG (Prop_bufg_I_O)         0.029     1.165 r  CLK100MHZ_IBUF_BUFG_inst/O
                         net (fo=21193, routed)       0.832     1.997    u_accel/gen_nn_standard.u_accel/CLK100MHZ_IBUF_BUFG
    SLICE_X47Y100        FDCE                                         r  u_accel/gen_nn_standard.u_accel/observations_registered_reg[0][11]/C
                         clock pessimism             -0.250     1.746    
    SLICE_X47Y100        FDCE (Hold_fdce_C_D)         0.066     1.812    u_accel/gen_nn_standard.u_accel/observations_registered_reg[0][11]
  -------------------------------------------------------------------
                         required time                         -1.812    
                         arrival time                           1.869    
  -------------------------------------------------------------------
                         slack                                  0.057    

Slack (MET) :             0.064ns  (arrival time - required time)
  Source:                 u_accel/gen_nn_standard.u_accel/gen_hl2[22].hl2_lif/membrane_potential_reg[8]/C
                            (rising edge-triggered cell FDCE clocked by sys_clk_pin  {rise@0.000ns fall@5.000ns period=10.000ns})
  Destination:            u_accel/gen_nn_standard.u_accel/gen_hl2[22].membrane_buf/membrane_storage_reg[4][8]/D
                            (rising edge-triggered cell FDCE clocked by sys_clk_pin  {rise@0.000ns fall@5.000ns period=10.000ns})
  Path Group:             sys_clk_pin
  Path Type:              Hold (Min at Fast Process Corner)
  Requirement:            0.000ns  (sys_clk_pin rise@0.000ns - sys_clk_pin rise@0.000ns)
  Data Path Delay:        0.346ns  (logic 0.128ns (37.002%)  route 0.218ns (62.998%))
  Logic Levels:           0  
  Clock Path Skew:        0.266ns (DCD - SCD - CPR)
    Destination Clock Delay (DCD):    2.068ns
    Source Clock Delay      (SCD):    1.548ns
    Clock Pessimism Removal (CPR):    0.254ns

    Location             Delay type                Incr(ns)  Path(ns)    Netlist Resource(s)
  -------------------------------------------------------------------    -------------------
                         (clock sys_clk_pin rise edge)
                                                      0.000     0.000 r  
    E3                                                0.000     0.000 r  CLK100MHZ (IN)
                         net (fo=0)                   0.000     0.000    CLK100MHZ
    E3                   IBUF (Prop_ibuf_I_O)         0.250     0.250 r  CLK100MHZ_IBUF_inst/O
                         net (fo=1, routed)           0.644     0.894    CLK100MHZ_IBUF
    BUFGCTRL_X0Y16       BUFG (Prop_bufg_I_O)         0.026     0.920 r  CLK100MHZ_IBUF_BUFG_inst/O
                         net (fo=21193, routed)       0.628     1.548    u_accel/gen_nn_standard.u_accel/gen_hl2[22].hl2_lif/CLK100MHZ_IBUF_BUFG
    SLICE_X55Y38         FDCE                                         r  u_accel/gen_nn_standard.u_accel/gen_hl2[22].hl2_lif/membrane_potential_reg[8]/C
  -------------------------------------------------------------------    -------------------
    SLICE_X55Y38         FDCE (Prop_fdce_C_Q)         0.128     1.676 r  u_accel/gen_nn_standard.u_accel/gen_hl2[22].hl2_lif/membrane_potential_reg[8]/Q
                         net (fo=21, routed)          0.218     1.894    u_accel/gen_nn_standard.u_accel/gen_hl2[22].membrane_buf/D[8]
    SLICE_X48Y37         FDCE                                         r  u_accel/gen_nn_standard.u_accel/gen_hl2[22].membrane_buf/membrane_storage_reg[4][8]/D
  -------------------------------------------------------------------    -------------------

                         (clock sys_clk_pin rise edge)
                                                      0.000     0.000 r  
    E3                                                0.000     0.000 r  CLK100MHZ (IN)
                         net (fo=0)                   0.000     0.000    CLK100MHZ
    E3                   IBUF (Prop_ibuf_I_O)         0.438     0.438 r  CLK100MHZ_IBUF_inst/O
                         net (fo=1, routed)           0.699     1.136    CLK100MHZ_IBUF
    BUFGCTRL_X0Y16       BUFG (Prop_bufg_I_O)         0.029     1.165 r  CLK100MHZ_IBUF_BUFG_inst/O
                         net (fo=21193, routed)       0.903     2.068    u_accel/gen_nn_standard.u_accel/gen_hl2[22].membrane_buf/CLK100MHZ_IBUF_BUFG
    SLICE_X48Y37         FDCE                                         r  u_accel/gen_nn_standard.u_accel/gen_hl2[22].membrane_buf/membrane_storage_reg[4][8]/C
                         clock pessimism             -0.254     1.814    
    SLICE_X48Y37         FDCE (Hold_fdce_C_D)         0.016     1.830    u_accel/gen_nn_standard.u_accel/gen_hl2[22].membrane_buf/membrane_storage_reg[4][8]
  -------------------------------------------------------------------
                         required time                         -1.830    
                         arrival time                           1.894    
  -------------------------------------------------------------------
                         slack                                  0.064    

Slack (MET) :             0.083ns  (arrival time - required time)
  Source:                 u_accel/u_ctrl/observations_reg[1][13]/C
                            (rising edge-triggered cell FDCE clocked by sys_clk_pin  {rise@0.000ns fall@5.000ns period=10.000ns})
  Destination:            u_accel/gen_nn_standard.u_accel/observations_registered_reg[1][13]/D
                            (rising edge-triggered cell FDCE clocked by sys_clk_pin  {rise@0.000ns fall@5.000ns period=10.000ns})
  Path Group:             sys_clk_pin
  Path Type:              Hold (Min at Fast Process Corner)
  Requirement:            0.000ns  (sys_clk_pin rise@0.000ns - sys_clk_pin rise@0.000ns)
  Data Path Delay:        0.426ns  (logic 0.141ns (33.130%)  route 0.285ns (66.870%))
  Logic Levels:           0  
  Clock Path Skew:        0.277ns (DCD - SCD - CPR)
    Destination Clock Delay (DCD):    2.000ns
    Source Clock Delay      (SCD):    1.477ns
    Clock Pessimism Removal (CPR):    0.245ns

    Location             Delay type                Incr(ns)  Path(ns)    Netlist Resource(s)
  -------------------------------------------------------------------    -------------------
                         (clock sys_clk_pin rise edge)
                                                      0.000     0.000 r  
    E3                                                0.000     0.000 r  CLK100MHZ (IN)
                         net (fo=0)                   0.000     0.000    CLK100MHZ
    E3                   IBUF (Prop_ibuf_I_O)         0.250     0.250 r  CLK100MHZ_IBUF_inst/O
                         net (fo=1, routed)           0.644     0.894    CLK100MHZ_IBUF
    BUFGCTRL_X0Y16       BUFG (Prop_bufg_I_O)         0.026     0.920 r  CLK100MHZ_IBUF_BUFG_inst/O
                         net (fo=21193, routed)       0.558     1.477    u_accel/u_ctrl/CLK100MHZ_IBUF_BUFG
    SLICE_X52Y103        FDCE                                         r  u_accel/u_ctrl/observations_reg[1][13]/C
  -------------------------------------------------------------------    -------------------
    SLICE_X52Y103        FDCE (Prop_fdce_C_Q)         0.141     1.618 r  u_accel/u_ctrl/observations_reg[1][13]/Q
                         net (fo=7, routed)           0.285     1.903    u_accel/gen_nn_standard.u_accel/observations[1][13]
    SLICE_X53Y99         FDCE                                         r  u_accel/gen_nn_standard.u_accel/observations_registered_reg[1][13]/D
  -------------------------------------------------------------------    -------------------

                         (clock sys_clk_pin rise edge)
                                                      0.000     0.000 r  
    E3                                                0.000     0.000 r  CLK100MHZ (IN)
                         net (fo=0)                   0.000     0.000    CLK100MHZ
    E3                   IBUF (Prop_ibuf_I_O)         0.438     0.438 r  CLK100MHZ_IBUF_inst/O
                         net (fo=1, routed)           0.699     1.136    CLK100MHZ_IBUF
    BUFGCTRL_X0Y16       BUFG (Prop_bufg_I_O)         0.029     1.165 r  CLK100MHZ_IBUF_BUFG_inst/O
                         net (fo=21193, routed)       0.835     2.000    u_accel/gen_nn_standard.u_accel/CLK100MHZ_IBUF_BUFG
    SLICE_X53Y99         FDCE                                         r  u_accel/gen_nn_standard.u_accel/observations_registered_reg[1][13]/C
                         clock pessimism             -0.245     1.754    
    SLICE_X53Y99         FDCE (Hold_fdce_C_D)         0.066     1.820    u_accel/gen_nn_standard.u_accel/observations_registered_reg[1][13]
  -------------------------------------------------------------------
                         required time                         -1.820    
                         arrival time                           1.903    
  -------------------------------------------------------------------
                         slack                                  0.083    

Slack (MET) :             0.083ns  (arrival time - required time)
  Source:                 u_accel/u_ctrl/observations_reg[2][13]/C
                            (rising edge-triggered cell FDCE clocked by sys_clk_pin  {rise@0.000ns fall@5.000ns period=10.000ns})
  Destination:            u_accel/gen_nn_standard.u_accel/observations_registered_reg[2][13]/D
                            (rising edge-triggered cell FDCE clocked by sys_clk_pin  {rise@0.000ns fall@5.000ns period=10.000ns})
  Path Group:             sys_clk_pin
  Path Type:              Hold (Min at Fast Process Corner)
  Requirement:            0.000ns  (sys_clk_pin rise@0.000ns - sys_clk_pin rise@0.000ns)
  Data Path Delay:        0.429ns  (logic 0.164ns (38.211%)  route 0.265ns (61.789%))
  Logic Levels:           0  
  Clock Path Skew:        0.276ns (DCD - SCD - CPR)
    Destination Clock Delay (DCD):    2.000ns
    Source Clock Delay      (SCD):    1.478ns
    Clock Pessimism Removal (CPR):    0.245ns

    Location             Delay type                Incr(ns)  Path(ns)    Netlist Resource(s)
  -------------------------------------------------------------------    -------------------
                         (clock sys_clk_pin rise edge)
                                                      0.000     0.000 r  
    E3                                                0.000     0.000 r  CLK100MHZ (IN)
                         net (fo=0)                   0.000     0.000    CLK100MHZ
    E3                   IBUF (Prop_ibuf_I_O)         0.250     0.250 r  CLK100MHZ_IBUF_inst/O
                         net (fo=1, routed)           0.644     0.894    CLK100MHZ_IBUF
    BUFGCTRL_X0Y16       BUFG (Prop_bufg_I_O)         0.026     0.920 r  CLK100MHZ_IBUF_BUFG_inst/O
                         net (fo=21193, routed)       0.559     1.478    u_accel/u_ctrl/CLK100MHZ_IBUF_BUFG
    SLICE_X56Y103        FDCE                                         r  u_accel/u_ctrl/observations_reg[2][13]/C
  -------------------------------------------------------------------    -------------------
    SLICE_X56Y103        FDCE (Prop_fdce_C_Q)         0.164     1.642 r  u_accel/u_ctrl/observations_reg[2][13]/Q
                         net (fo=8, routed)           0.265     1.908    u_accel/gen_nn_standard.u_accel/observations[2][13]
    SLICE_X53Y99         FDCE                                         r  u_accel/gen_nn_standard.u_accel/observations_registered_reg[2][13]/D
  -------------------------------------------------------------------    -------------------

                         (clock sys_clk_pin rise edge)
                                                      0.000     0.000 r  
    E3                                                0.000     0.000 r  CLK100MHZ (IN)
                         net (fo=0)                   0.000     0.000    CLK100MHZ
    E3                   IBUF (Prop_ibuf_I_O)         0.438     0.438 r  CLK100MHZ_IBUF_inst/O
                         net (fo=1, routed)           0.699     1.136    CLK100MHZ_IBUF
    BUFGCTRL_X0Y16       BUFG (Prop_bufg_I_O)         0.029     1.165 r  CLK100MHZ_IBUF_BUFG_inst/O
                         net (fo=21193, routed)       0.835     2.000    u_accel/gen_nn_standard.u_accel/CLK100MHZ_IBUF_BUFG
    SLICE_X53Y99         FDCE                                         r  u_accel/gen_nn_standard.u_accel/observations_registered_reg[2][13]/C
                         clock pessimism             -0.245     1.754    
    SLICE_X53Y99         FDCE (Hold_fdce_C_D)         0.070     1.824    u_accel/gen_nn_standard.u_accel/observations_registered_reg[2][13]
  -------------------------------------------------------------------
                         required time                         -1.824    
                         arrival time                           1.908    
  -------------------------------------------------------------------
                         slack                                  0.083    

Slack (MET) :             0.092ns  (arrival time - required time)
  Source:                 u_accel/gen_nn_standard.u_accel/gen_hl2[18].hl2_lif/membrane_potential_reg[5]/C
                            (rising edge-triggered cell FDCE clocked by sys_clk_pin  {rise@0.000ns fall@5.000ns period=10.000ns})
  Destination:            u_accel/gen_nn_standard.u_accel/gen_hl2[18].membrane_buf/membrane_storage_reg[19][5]/D
                            (rising edge-triggered cell FDCE clocked by sys_clk_pin  {rise@0.000ns fall@5.000ns period=10.000ns})
  Path Group:             sys_clk_pin
  Path Type:              Hold (Min at Fast Process Corner)
  Requirement:            0.000ns  (sys_clk_pin rise@0.000ns - sys_clk_pin rise@0.000ns)
  Data Path Delay:        0.425ns  (logic 0.141ns (33.178%)  route 0.284ns (66.822%))
  Logic Levels:           0  
  Clock Path Skew:        0.267ns (DCD - SCD - CPR)
    Destination Clock Delay (DCD):    2.060ns
    Source Clock Delay      (SCD):    1.539ns
    Clock Pessimism Removal (CPR):    0.254ns

    Location             Delay type                Incr(ns)  Path(ns)    Netlist Resource(s)
  -------------------------------------------------------------------    -------------------
                         (clock sys_clk_pin rise edge)
                                                      0.000     0.000 r  
    E3                                                0.000     0.000 r  CLK100MHZ (IN)
                         net (fo=0)                   0.000     0.000    CLK100MHZ
    E3                   IBUF (Prop_ibuf_I_O)         0.250     0.250 r  CLK100MHZ_IBUF_inst/O
                         net (fo=1, routed)           0.644     0.894    CLK100MHZ_IBUF
    BUFGCTRL_X0Y16       BUFG (Prop_bufg_I_O)         0.026     0.920 r  CLK100MHZ_IBUF_BUFG_inst/O
                         net (fo=21193, routed)       0.619     1.539    u_accel/gen_nn_standard.u_accel/gen_hl2[18].hl2_lif/CLK100MHZ_IBUF_BUFG
    SLICE_X57Y26         FDCE                                         r  u_accel/gen_nn_standard.u_accel/gen_hl2[18].hl2_lif/membrane_potential_reg[5]/C
  -------------------------------------------------------------------    -------------------
    SLICE_X57Y26         FDCE (Prop_fdce_C_Q)         0.141     1.680 r  u_accel/gen_nn_standard.u_accel/gen_hl2[18].hl2_lif/membrane_potential_reg[5]/Q
                         net (fo=21, routed)          0.284     1.964    u_accel/gen_nn_standard.u_accel/gen_hl2[18].membrane_buf/D[5]
    SLICE_X41Y26         FDCE                                         r  u_accel/gen_nn_standard.u_accel/gen_hl2[18].membrane_buf/membrane_storage_reg[19][5]/D
  -------------------------------------------------------------------    -------------------

                         (clock sys_clk_pin rise edge)
                                                      0.000     0.000 r  
    E3                                                0.000     0.000 r  CLK100MHZ (IN)
                         net (fo=0)                   0.000     0.000    CLK100MHZ
    E3                   IBUF (Prop_ibuf_I_O)         0.438     0.438 r  CLK100MHZ_IBUF_inst/O
                         net (fo=1, routed)           0.699     1.136    CLK100MHZ_IBUF
    BUFGCTRL_X0Y16       BUFG (Prop_bufg_I_O)         0.029     1.165 r  CLK100MHZ_IBUF_BUFG_inst/O
                         net (fo=21193, routed)       0.895     2.060    u_accel/gen_nn_standard.u_accel/gen_hl2[18].membrane_buf/CLK100MHZ_IBUF_BUFG
    SLICE_X41Y26         FDCE                                         r  u_accel/gen_nn_standard.u_accel/gen_hl2[18].membrane_buf/membrane_storage_reg[19][5]/C
                         clock pessimism             -0.254     1.806    
    SLICE_X41Y26         FDCE (Hold_fdce_C_D)         0.066     1.872    u_accel/gen_nn_standard.u_accel/gen_hl2[18].membrane_buf/membrane_storage_reg[19][5]
  -------------------------------------------------------------------
                         required time                         -1.872    
                         arrival time                           1.964    
  -------------------------------------------------------------------
                         slack                                  0.092    

Slack (MET) :             0.093ns  (arrival time - required time)
  Source:                 u_accel/u_ctrl/observations_reg[3][14]/C
                            (rising edge-triggered cell FDCE clocked by sys_clk_pin  {rise@0.000ns fall@5.000ns period=10.000ns})
  Destination:            u_accel/gen_nn_standard.u_accel/observations_registered_reg[3][14]/D
                            (rising edge-triggered cell FDCE clocked by sys_clk_pin  {rise@0.000ns fall@5.000ns period=10.000ns})
  Path Group:             sys_clk_pin
  Path Type:              Hold (Min at Fast Process Corner)
  Requirement:            0.000ns  (sys_clk_pin rise@0.000ns - sys_clk_pin rise@0.000ns)
  Data Path Delay:        0.433ns  (logic 0.164ns (37.866%)  route 0.269ns (62.134%))
  Logic Levels:           0  
  Clock Path Skew:        0.277ns (DCD - SCD - CPR)
    Destination Clock Delay (DCD):    2.002ns
    Source Clock Delay      (SCD):    1.479ns
    Clock Pessimism Removal (CPR):    0.245ns

    Location             Delay type                Incr(ns)  Path(ns)    Netlist Resource(s)
  -------------------------------------------------------------------    -------------------
                         (clock sys_clk_pin rise edge)
                                                      0.000     0.000 r  
    E3                                                0.000     0.000 r  CLK100MHZ (IN)
                         net (fo=0)                   0.000     0.000    CLK100MHZ
    E3                   IBUF (Prop_ibuf_I_O)         0.250     0.250 r  CLK100MHZ_IBUF_inst/O
                         net (fo=1, routed)           0.644     0.894    CLK100MHZ_IBUF
    BUFGCTRL_X0Y16       BUFG (Prop_bufg_I_O)         0.026     0.920 r  CLK100MHZ_IBUF_BUFG_inst/O
                         net (fo=21193, routed)       0.560     1.479    u_accel/u_ctrl/CLK100MHZ_IBUF_BUFG
    SLICE_X46Y105        FDCE                                         r  u_accel/u_ctrl/observations_reg[3][14]/C
  -------------------------------------------------------------------    -------------------
    SLICE_X46Y105        FDCE (Prop_fdce_C_Q)         0.164     1.643 r  u_accel/u_ctrl/observations_reg[3][14]/Q
                         net (fo=7, routed)           0.269     1.913    u_accel/gen_nn_standard.u_accel/observations[3][14]
    SLICE_X46Y96         FDCE                                         r  u_accel/gen_nn_standard.u_accel/observations_registered_reg[3][14]/D
  -------------------------------------------------------------------    -------------------

                         (clock sys_clk_pin rise edge)
                                                      0.000     0.000 r  
    E3                                                0.000     0.000 r  CLK100MHZ (IN)
                         net (fo=0)                   0.000     0.000    CLK100MHZ
    E3                   IBUF (Prop_ibuf_I_O)         0.438     0.438 r  CLK100MHZ_IBUF_inst/O
                         net (fo=1, routed)           0.699     1.136    CLK100MHZ_IBUF
    BUFGCTRL_X0Y16       BUFG (Prop_bufg_I_O)         0.029     1.165 r  CLK100MHZ_IBUF_BUFG_inst/O
                         net (fo=21193, routed)       0.837     2.002    u_accel/gen_nn_standard.u_accel/CLK100MHZ_IBUF_BUFG
    SLICE_X46Y96         FDCE                                         r  u_accel/gen_nn_standard.u_accel/observations_registered_reg[3][14]/C
                         clock pessimism             -0.245     1.756    
    SLICE_X46Y96         FDCE (Hold_fdce_C_D)         0.063     1.819    u_accel/gen_nn_standard.u_accel/observations_registered_reg[3][14]
  -------------------------------------------------------------------
                         required time                         -1.819    
                         arrival time                           1.913    
  -------------------------------------------------------------------
                         slack                                  0.093    

Slack (MET) :             0.096ns  (arrival time - required time)
  Source:                 u_accel/u_ctrl/observations_reg[1][8]/C
                            (rising edge-triggered cell FDCE clocked by sys_clk_pin  {rise@0.000ns fall@5.000ns period=10.000ns})
  Destination:            u_accel/gen_nn_standard.u_accel/observations_registered_reg[1][8]/D
                            (rising edge-triggered cell FDCE clocked by sys_clk_pin  {rise@0.000ns fall@5.000ns period=10.000ns})
  Path Group:             sys_clk_pin
  Path Type:              Hold (Min at Fast Process Corner)
  Requirement:            0.000ns  (sys_clk_pin rise@0.000ns - sys_clk_pin rise@0.000ns)
  Data Path Delay:        0.411ns  (logic 0.141ns (34.297%)  route 0.270ns (65.703%))
  Logic Levels:           0  
  Clock Path Skew:        0.268ns (DCD - SCD - CPR)
    Destination Clock Delay (DCD):    1.996ns
    Source Clock Delay      (SCD):    1.477ns
    Clock Pessimism Removal (CPR):    0.250ns

    Location             Delay type                Incr(ns)  Path(ns)    Netlist Resource(s)
  -------------------------------------------------------------------    -------------------
                         (clock sys_clk_pin rise edge)
                                                      0.000     0.000 r  
    E3                                                0.000     0.000 r  CLK100MHZ (IN)
                         net (fo=0)                   0.000     0.000    CLK100MHZ
    E3                   IBUF (Prop_ibuf_I_O)         0.250     0.250 r  CLK100MHZ_IBUF_inst/O
                         net (fo=1, routed)           0.644     0.894    CLK100MHZ_IBUF
    BUFGCTRL_X0Y16       BUFG (Prop_bufg_I_O)         0.026     0.920 r  CLK100MHZ_IBUF_BUFG_inst/O
                         net (fo=21193, routed)       0.558     1.477    u_accel/u_ctrl/CLK100MHZ_IBUF_BUFG
    SLICE_X55Y106        FDCE                                         r  u_accel/u_ctrl/observations_reg[1][8]/C
  -------------------------------------------------------------------    -------------------
    SLICE_X55Y106        FDCE (Prop_fdce_C_Q)         0.141     1.618 r  u_accel/u_ctrl/observations_reg[1][8]/Q
                         net (fo=7, routed)           0.270     1.889    u_accel/gen_nn_standard.u_accel/observations[1][8]
    SLICE_X48Y103        FDCE                                         r  u_accel/gen_nn_standard.u_accel/observations_registered_reg[1][8]/D
  -------------------------------------------------------------------    -------------------

                         (clock sys_clk_pin rise edge)
                                                      0.000     0.000 r  
    E3                                                0.000     0.000 r  CLK100MHZ (IN)
                         net (fo=0)                   0.000     0.000    CLK100MHZ
    E3                   IBUF (Prop_ibuf_I_O)         0.438     0.438 r  CLK100MHZ_IBUF_inst/O
                         net (fo=1, routed)           0.699     1.136    CLK100MHZ_IBUF
    BUFGCTRL_X0Y16       BUFG (Prop_bufg_I_O)         0.029     1.165 r  CLK100MHZ_IBUF_BUFG_inst/O
                         net (fo=21193, routed)       0.831     1.996    u_accel/gen_nn_standard.u_accel/CLK100MHZ_IBUF_BUFG
    SLICE_X48Y103        FDCE                                         r  u_accel/gen_nn_standard.u_accel/observations_registered_reg[1][8]/C
                         clock pessimism             -0.250     1.745    
    SLICE_X48Y103        FDCE (Hold_fdce_C_D)         0.047     1.792    u_accel/gen_nn_standard.u_accel/observations_registered_reg[1][8]
  -------------------------------------------------------------------
                         required time                         -1.792    
                         arrival time                           1.889    
  -------------------------------------------------------------------
                         slack                                  0.096    

Slack (MET) :             0.101ns  (arrival time - required time)
  Source:                 u_accel/gen_nn_standard.u_accel/gen_hl2[5].hl2_lif/membrane_potential_reg[13]/C
                            (rising edge-triggered cell FDCE clocked by sys_clk_pin  {rise@0.000ns fall@5.000ns period=10.000ns})
  Destination:            u_accel/gen_nn_standard.u_accel/gen_hl2[5].membrane_buf/membrane_storage_reg[4][13]/D
                            (rising edge-triggered cell FDCE clocked by sys_clk_pin  {rise@0.000ns fall@5.000ns period=10.000ns})
  Path Group:             sys_clk_pin
  Path Type:              Hold (Min at Fast Process Corner)
  Requirement:            0.000ns  (sys_clk_pin rise@0.000ns - sys_clk_pin rise@0.000ns)
  Data Path Delay:        0.376ns  (logic 0.141ns (37.481%)  route 0.235ns (62.519%))
  Logic Levels:           0  
  Clock Path Skew:        0.212ns (DCD - SCD - CPR)
    Destination Clock Delay (DCD):    2.038ns
    Source Clock Delay      (SCD):    1.575ns
    Clock Pessimism Removal (CPR):    0.250ns

    Location             Delay type                Incr(ns)  Path(ns)    Netlist Resource(s)
  -------------------------------------------------------------------    -------------------
                         (clock sys_clk_pin rise edge)
                                                      0.000     0.000 r  
    E3                                                0.000     0.000 r  CLK100MHZ (IN)
                         net (fo=0)                   0.000     0.000    CLK100MHZ
    E3                   IBUF (Prop_ibuf_I_O)         0.250     0.250 r  CLK100MHZ_IBUF_inst/O
                         net (fo=1, routed)           0.644     0.894    CLK100MHZ_IBUF
    BUFGCTRL_X0Y16       BUFG (Prop_bufg_I_O)         0.026     0.920 r  CLK100MHZ_IBUF_BUFG_inst/O
                         net (fo=21193, routed)       0.655     1.575    u_accel/gen_nn_standard.u_accel/gen_hl2[5].hl2_lif/CLK100MHZ_IBUF_BUFG
    SLICE_X79Y44         FDCE                                         r  u_accel/gen_nn_standard.u_accel/gen_hl2[5].hl2_lif/membrane_potential_reg[13]/C
  -------------------------------------------------------------------    -------------------
    SLICE_X79Y44         FDCE (Prop_fdce_C_Q)         0.141     1.716 r  u_accel/gen_nn_standard.u_accel/gen_hl2[5].hl2_lif/membrane_potential_reg[13]/Q
                         net (fo=21, routed)          0.235     1.951    u_accel/gen_nn_standard.u_accel/gen_hl2[5].membrane_buf/D[13]
    SLICE_X78Y50         FDCE                                         r  u_accel/gen_nn_standard.u_accel/gen_hl2[5].membrane_buf/membrane_storage_reg[4][13]/D
  -------------------------------------------------------------------    -------------------

                         (clock sys_clk_pin rise edge)
                                                      0.000     0.000 r  
    E3                                                0.000     0.000 r  CLK100MHZ (IN)
                         net (fo=0)                   0.000     0.000    CLK100MHZ
    E3                   IBUF (Prop_ibuf_I_O)         0.438     0.438 r  CLK100MHZ_IBUF_inst/O
                         net (fo=1, routed)           0.699     1.136    CLK100MHZ_IBUF
    BUFGCTRL_X0Y16       BUFG (Prop_bufg_I_O)         0.029     1.165 r  CLK100MHZ_IBUF_BUFG_inst/O
                         net (fo=21193, routed)       0.873     2.038    u_accel/gen_nn_standard.u_accel/gen_hl2[5].membrane_buf/CLK100MHZ_IBUF_BUFG
    SLICE_X78Y50         FDCE                                         r  u_accel/gen_nn_standard.u_accel/gen_hl2[5].membrane_buf/membrane_storage_reg[4][13]/C
                         clock pessimism             -0.250     1.787    
    SLICE_X78Y50         FDCE (Hold_fdce_C_D)         0.063     1.850    u_accel/gen_nn_standard.u_accel/gen_hl2[5].membrane_buf/membrane_storage_reg[4][13]
  -------------------------------------------------------------------
                         required time                         -1.850    
                         arrival time                           1.951    
  -------------------------------------------------------------------
                         slack                                  0.101    





Pulse Width Checks
--------------------------------------------------------------------------------------
Clock Name:         sys_clk_pin
Waveform(ns):       { 0.000 5.000 }
Period(ns):         10.000
Sources:            { CLK100MHZ }

Check Type        Corner  Lib Pin      Reference Pin  Required(ns)  Actual(ns)  Slack(ns)  Location        Pin
Min Period        n/a     BUFG/I       n/a            2.155         10.000      7.845      BUFGCTRL_X0Y16  CLK100MHZ_IBUF_BUFG_inst/I
Min Period        n/a     DSP48E1/CLK  n/a            2.154         10.000      7.846      DSP48_X1Y18     u_accel/gen_nn_standard.u_accel/q_accum/p_0_out/CLK
Min Period        n/a     DSP48E1/CLK  n/a            2.154         10.000      7.846      DSP48_X1Y16     u_accel/gen_nn_standard.u_accel/q_accum/p_0_out__0/CLK
Min Period        n/a     FDCE/C       n/a            1.000         10.000      9.000      SLICE_X31Y101   action_q_reg/C
Min Period        n/a     FDRE/C       n/a            1.000         10.000      9.000      SLICE_X0Y51     heartbeat_count_reg[0]/C
Min Period        n/a     FDRE/C       n/a            1.000         10.000      9.000      SLICE_X0Y53     heartbeat_count_reg[10]/C
Min Period        n/a     FDRE/C       n/a            1.000         10.000      9.000      SLICE_X0Y53     heartbeat_count_reg[11]/C
Min Period        n/a     FDRE/C       n/a            1.000         10.000      9.000      SLICE_X0Y54     heartbeat_count_reg[12]/C
Min Period        n/a     FDRE/C       n/a            1.000         10.000      9.000      SLICE_X0Y54     heartbeat_count_reg[13]/C
Min Period        n/a     FDRE/C       n/a            1.000         10.000      9.000      SLICE_X0Y54     heartbeat_count_reg[14]/C
Low Pulse Width   Slow    FDCE/C       n/a            0.500         5.000       4.500      SLICE_X31Y101   action_q_reg/C
Low Pulse Width   Fast    FDCE/C       n/a            0.500         5.000       4.500      SLICE_X31Y101   action_q_reg/C
Low Pulse Width   Slow    FDRE/C       n/a            0.500         5.000       4.500      SLICE_X0Y51     heartbeat_count_reg[0]/C
Low Pulse Width   Fast    FDRE/C       n/a            0.500         5.000       4.500      SLICE_X0Y51     heartbeat_count_reg[0]/C
Low Pulse Width   Slow    FDRE/C       n/a            0.500         5.000       4.500      SLICE_X0Y53     heartbeat_count_reg[10]/C
Low Pulse Width   Fast    FDRE/C       n/a            0.500         5.000       4.500      SLICE_X0Y53     heartbeat_count_reg[10]/C
Low Pulse Width   Slow    FDRE/C       n/a            0.500         5.000       4.500      SLICE_X0Y53     heartbeat_count_reg[11]/C
Low Pulse Width   Fast    FDRE/C       n/a            0.500         5.000       4.500      SLICE_X0Y53     heartbeat_count_reg[11]/C
Low Pulse Width   Slow    FDRE/C       n/a            0.500         5.000       4.500      SLICE_X0Y54     heartbeat_count_reg[12]/C
Low Pulse Width   Fast    FDRE/C       n/a            0.500         5.000       4.500      SLICE_X0Y54     heartbeat_count_reg[12]/C
High Pulse Width  Slow    FDCE/C       n/a            0.500         5.000       4.500      SLICE_X31Y101   action_q_reg/C
High Pulse Width  Fast    FDCE/C       n/a            0.500         5.000       4.500      SLICE_X31Y101   action_q_reg/C
High Pulse Width  Slow    FDRE/C       n/a            0.500         5.000       4.500      SLICE_X0Y51     heartbeat_count_reg[0]/C
High Pulse Width  Fast    FDRE/C       n/a            0.500         5.000       4.500      SLICE_X0Y51     heartbeat_count_reg[0]/C
High Pulse Width  Slow    FDRE/C       n/a            0.500         5.000       4.500      SLICE_X0Y53     heartbeat_count_reg[10]/C
High Pulse Width  Fast    FDRE/C       n/a            0.500         5.000       4.500      SLICE_X0Y53     heartbeat_count_reg[10]/C
High Pulse Width  Slow    FDRE/C       n/a            0.500         5.000       4.500      SLICE_X0Y53     heartbeat_count_reg[11]/C
High Pulse Width  Fast    FDRE/C       n/a            0.500         5.000       4.500      SLICE_X0Y53     heartbeat_count_reg[11]/C
High Pulse Width  Slow    FDRE/C       n/a            0.500         5.000       4.500      SLICE_X0Y54     heartbeat_count_reg[12]/C
High Pulse Width  Fast    FDRE/C       n/a            0.500         5.000       4.500      SLICE_X0Y54     heartbeat_count_reg[12]/C



--------------------------------------------------------------------------------------
Path Group:  (none)
From Clock:  sys_clk_pin
  To Clock:  

Max Delay             4 Endpoints
Min Delay             4 Endpoints
--------------------------------------------------------------------------------------


Max Delay Paths
--------------------------------------------------------------------------------------
Slack:                    inf
  Source:                 u_accel/u_uart_tx/tx_reg/C
                            (rising edge-triggered cell FDPE clocked by sys_clk_pin  {rise@0.000ns fall@5.000ns period=10.000ns})
  Destination:            UART_RXD_OUT
                            (output port)
  Path Group:             (none)
  Path Type:              Max at Slow Process Corner
  Data Path Delay:        8.238ns  (logic 4.011ns (48.693%)  route 4.227ns (51.307%))
  Logic Levels:           1  (OBUF=1)
  Clock Uncertainty:      0.025ns  ((TSJ^2 + TIJ^2)^1/2 + DJ) / 2 + PE
    Total System Jitter     (TSJ):    0.050ns
    Total Input Jitter      (TIJ):    0.000ns
    Discrete Jitter          (DJ):    0.000ns
    Phase Error              (PE):    0.000ns

    Location             Delay type                Incr(ns)  Path(ns)    Netlist Resource(s)
  -------------------------------------------------------------------    -------------------
                         (clock sys_clk_pin rise edge)
                                                      0.000     0.000 r  
    E3                                                0.000     0.000 r  CLK100MHZ (IN)
                         net (fo=0)                   0.000     0.000    CLK100MHZ
    E3                   IBUF (Prop_ibuf_I_O)         1.482     1.482 r  CLK100MHZ_IBUF_inst/O
                         net (fo=1, routed)           2.025     3.506    CLK100MHZ_IBUF
    BUFGCTRL_X0Y16       BUFG (Prop_bufg_I_O)         0.096     3.602 r  CLK100MHZ_IBUF_BUFG_inst/O
                         net (fo=21193, routed)       1.642     5.245    u_accel/u_uart_tx/CLK100MHZ_IBUF_BUFG
    SLICE_X33Y99         FDPE                                         r  u_accel/u_uart_tx/tx_reg/C
  -------------------------------------------------------------------    -------------------
    SLICE_X33Y99         FDPE (Prop_fdpe_C_Q)         0.456     5.701 r  u_accel/u_uart_tx/tx_reg/Q
                         net (fo=1, routed)           4.227     9.927    UART_RXD_OUT_OBUF
    D4                   OBUF (Prop_obuf_I_O)         3.555    13.483 r  UART_RXD_OUT_OBUF_inst/O
                         net (fo=0)                   0.000    13.483    UART_RXD_OUT
    D4                                                                r  UART_RXD_OUT (OUT)
  -------------------------------------------------------------------    -------------------

Slack:                    inf
  Source:                 u_accel/accel_busy_reg/C
                            (rising edge-triggered cell FDCE clocked by sys_clk_pin  {rise@0.000ns fall@5.000ns period=10.000ns})
  Destination:            LED[0]
                            (output port)
  Path Group:             (none)
  Path Type:              Max at Slow Process Corner
  Data Path Delay:        7.651ns  (logic 3.976ns (51.969%)  route 3.675ns (48.031%))
  Logic Levels:           1  (OBUF=1)
  Clock Uncertainty:      0.025ns  ((TSJ^2 + TIJ^2)^1/2 + DJ) / 2 + PE
    Total System Jitter     (TSJ):    0.050ns
    Total Input Jitter      (TIJ):    0.000ns
    Discrete Jitter          (DJ):    0.000ns
    Phase Error              (PE):    0.000ns

    Location             Delay type                Incr(ns)  Path(ns)    Netlist Resource(s)
  -------------------------------------------------------------------    -------------------
                         (clock sys_clk_pin rise edge)
                                                      0.000     0.000 r  
    E3                                                0.000     0.000 r  CLK100MHZ (IN)
                         net (fo=0)                   0.000     0.000    CLK100MHZ
    E3                   IBUF (Prop_ibuf_I_O)         1.482     1.482 r  CLK100MHZ_IBUF_inst/O
                         net (fo=1, routed)           2.025     3.506    CLK100MHZ_IBUF
    BUFGCTRL_X0Y16       BUFG (Prop_bufg_I_O)         0.096     3.602 r  CLK100MHZ_IBUF_BUFG_inst/O
                         net (fo=21193, routed)       1.625     5.227    u_accel/CLK100MHZ_IBUF_BUFG
    SLICE_X32Y104        FDCE                                         r  u_accel/accel_busy_reg/C
  -------------------------------------------------------------------    -------------------
    SLICE_X32Y104        FDCE (Prop_fdce_C_Q)         0.456     5.683 r  u_accel/accel_busy_reg/Q
                         net (fo=18, routed)          3.675     9.358    LED_OBUF[0]
    H17                  OBUF (Prop_obuf_I_O)         3.520    12.879 r  LED_OBUF[0]_inst/O
                         net (fo=0)                   0.000    12.879    LED[0]
    H17                                                               r  LED[0] (OUT)
  -------------------------------------------------------------------    -------------------

Slack:                    inf
  Source:                 action_q_reg/C
                            (rising edge-triggered cell FDCE clocked by sys_clk_pin  {rise@0.000ns fall@5.000ns period=10.000ns})
  Destination:            LED[1]
                            (output port)
  Path Group:             (none)
  Path Type:              Max at Slow Process Corner
  Data Path Delay:        6.305ns  (logic 3.991ns (63.302%)  route 2.314ns (36.698%))
  Logic Levels:           1  (OBUF=1)
  Clock Uncertainty:      0.025ns  ((TSJ^2 + TIJ^2)^1/2 + DJ) / 2 + PE
    Total System Jitter     (TSJ):    0.050ns
    Total Input Jitter      (TIJ):    0.000ns
    Discrete Jitter          (DJ):    0.000ns
    Phase Error              (PE):    0.000ns

    Location             Delay type                Incr(ns)  Path(ns)    Netlist Resource(s)
  -------------------------------------------------------------------    -------------------
                         (clock sys_clk_pin rise edge)
                                                      0.000     0.000 r  
    E3                                                0.000     0.000 r  CLK100MHZ (IN)
                         net (fo=0)                   0.000     0.000    CLK100MHZ
    E3                   IBUF (Prop_ibuf_I_O)         1.482     1.482 r  CLK100MHZ_IBUF_inst/O
                         net (fo=1, routed)           2.025     3.506    CLK100MHZ_IBUF
    BUFGCTRL_X0Y16       BUFG (Prop_bufg_I_O)         0.096     3.602 r  CLK100MHZ_IBUF_BUFG_inst/O
                         net (fo=21193, routed)       1.626     5.228    CLK100MHZ_IBUF_BUFG
    SLICE_X31Y101        FDCE                                         r  action_q_reg/C
  -------------------------------------------------------------------    -------------------
    SLICE_X31Y101        FDCE (Prop_fdce_C_Q)         0.456     5.684 r  action_q_reg/Q
                         net (fo=1, routed)           2.314     7.998    LED_OBUF[1]
    K15                  OBUF (Prop_obuf_I_O)         3.535    11.533 r  LED_OBUF[1]_inst/O
                         net (fo=0)                   0.000    11.533    LED[1]
    K15                                                               r  LED[1] (OUT)
  -------------------------------------------------------------------    -------------------

Slack:                    inf
  Source:                 heartbeat_count_reg[24]/C
                            (rising edge-triggered cell FDRE clocked by sys_clk_pin  {rise@0.000ns fall@5.000ns period=10.000ns})
  Destination:            LED[15]
                            (output port)
  Path Group:             (none)
  Path Type:              Max at Slow Process Corner
  Data Path Delay:        5.572ns  (logic 4.025ns (72.236%)  route 1.547ns (27.764%))
  Logic Levels:           1  (OBUF=1)
  Clock Uncertainty:      0.025ns  ((TSJ^2 + TIJ^2)^1/2 + DJ) / 2 + PE
    Total System Jitter     (TSJ):    0.050ns
    Total Input Jitter      (TIJ):    0.000ns
    Discrete Jitter          (DJ):    0.000ns
    Phase Error              (PE):    0.000ns

    Location             Delay type                Incr(ns)  Path(ns)    Netlist Resource(s)
  -------------------------------------------------------------------    -------------------
                         (clock sys_clk_pin rise edge)
                                                      0.000     0.000 r  
    E3                                                0.000     0.000 r  CLK100MHZ (IN)
                         net (fo=0)                   0.000     0.000    CLK100MHZ
    E3                   IBUF (Prop_ibuf_I_O)         1.482     1.482 r  CLK100MHZ_IBUF_inst/O
                         net (fo=1, routed)           2.025     3.506    CLK100MHZ_IBUF
    BUFGCTRL_X0Y16       BUFG (Prop_bufg_I_O)         0.096     3.602 r  CLK100MHZ_IBUF_BUFG_inst/O
                         net (fo=21193, routed)       1.724     5.327    CLK100MHZ_IBUF_BUFG
    SLICE_X0Y57          FDRE                                         r  heartbeat_count_reg[24]/C
  -------------------------------------------------------------------    -------------------
    SLICE_X0Y57          FDRE (Prop_fdre_C_Q)         0.456     5.783 r  heartbeat_count_reg[24]/Q
                         net (fo=2, routed)           1.547     7.330    LED_OBUF[15]
    V11                  OBUF (Prop_obuf_I_O)         3.569    10.899 r  LED_OBUF[15]_inst/O
                         net (fo=0)                   0.000    10.899    LED[15]
    V11                                                               r  LED[15] (OUT)
  -------------------------------------------------------------------    -------------------





Min Delay Paths
--------------------------------------------------------------------------------------
Slack:                    inf
  Source:                 heartbeat_count_reg[24]/C
                            (rising edge-triggered cell FDRE clocked by sys_clk_pin  {rise@0.000ns fall@5.000ns period=10.000ns})
  Destination:            LED[15]
                            (output port)
  Path Group:             (none)
  Path Type:              Min at Fast Process Corner
  Data Path Delay:        1.710ns  (logic 1.410ns (82.462%)  route 0.300ns (17.538%))
  Logic Levels:           1  (OBUF=1)
  Clock Uncertainty:      0.025ns  ((TSJ^2 + TIJ^2)^1/2 + DJ) / 2 + PE
    Total System Jitter     (TSJ):    0.050ns
    Total Input Jitter      (TIJ):    0.000ns
    Discrete Jitter          (DJ):    0.000ns
    Phase Error              (PE):    0.000ns

    Location             Delay type                Incr(ns)  Path(ns)    Netlist Resource(s)
  -------------------------------------------------------------------    -------------------
                         (clock sys_clk_pin rise edge)
                                                      0.000     0.000 r  
    E3                                                0.000     0.000 r  CLK100MHZ (IN)
                         net (fo=0)                   0.000     0.000    CLK100MHZ
    E3                   IBUF (Prop_ibuf_I_O)         0.250     0.250 r  CLK100MHZ_IBUF_inst/O
                         net (fo=1, routed)           0.644     0.894    CLK100MHZ_IBUF
    BUFGCTRL_X0Y16       BUFG (Prop_bufg_I_O)         0.026     0.920 r  CLK100MHZ_IBUF_BUFG_inst/O
                         net (fo=21193, routed)       0.603     1.522    CLK100MHZ_IBUF_BUFG
    SLICE_X0Y57          FDRE                                         r  heartbeat_count_reg[24]/C
  -------------------------------------------------------------------    -------------------
    SLICE_X0Y57          FDRE (Prop_fdre_C_Q)         0.141     1.663 r  heartbeat_count_reg[24]/Q
                         net (fo=2, routed)           0.300     1.963    LED_OBUF[15]
    V11                  OBUF (Prop_obuf_I_O)         1.269     3.233 r  LED_OBUF[15]_inst/O
                         net (fo=0)                   0.000     3.233    LED[15]
    V11                                                               r  LED[15] (OUT)
  -------------------------------------------------------------------    -------------------

Slack:                    inf
  Source:                 action_q_reg/C
                            (rising edge-triggered cell FDCE clocked by sys_clk_pin  {rise@0.000ns fall@5.000ns period=10.000ns})
  Destination:            LED[1]
                            (output port)
  Path Group:             (none)
  Path Type:              Min at Fast Process Corner
  Data Path Delay:        2.015ns  (logic 1.377ns (68.343%)  route 0.638ns (31.657%))
  Logic Levels:           1  (OBUF=1)
  Clock Uncertainty:      0.025ns  ((TSJ^2 + TIJ^2)^1/2 + DJ) / 2 + PE
    Total System Jitter     (TSJ):    0.050ns
    Total Input Jitter      (TIJ):    0.000ns
    Discrete Jitter          (DJ):    0.000ns
    Phase Error              (PE):    0.000ns

    Location             Delay type                Incr(ns)  Path(ns)    Netlist Resource(s)
  -------------------------------------------------------------------    -------------------
                         (clock sys_clk_pin rise edge)
                                                      0.000     0.000 r  
    E3                                                0.000     0.000 r  CLK100MHZ (IN)
                         net (fo=0)                   0.000     0.000    CLK100MHZ
    E3                   IBUF (Prop_ibuf_I_O)         0.250     0.250 r  CLK100MHZ_IBUF_inst/O
                         net (fo=1, routed)           0.644     0.894    CLK100MHZ_IBUF
    BUFGCTRL_X0Y16       BUFG (Prop_bufg_I_O)         0.026     0.920 r  CLK100MHZ_IBUF_BUFG_inst/O
                         net (fo=21193, routed)       0.566     1.485    CLK100MHZ_IBUF_BUFG
    SLICE_X31Y101        FDCE                                         r  action_q_reg/C
  -------------------------------------------------------------------    -------------------
    SLICE_X31Y101        FDCE (Prop_fdce_C_Q)         0.141     1.626 r  action_q_reg/Q
                         net (fo=1, routed)           0.638     2.264    LED_OBUF[1]
    K15                  OBUF (Prop_obuf_I_O)         1.236     3.500 r  LED_OBUF[1]_inst/O
                         net (fo=0)                   0.000     3.500    LED[1]
    K15                                                               r  LED[1] (OUT)
  -------------------------------------------------------------------    -------------------

Slack:                    inf
  Source:                 u_accel/accel_busy_reg/C
                            (rising edge-triggered cell FDCE clocked by sys_clk_pin  {rise@0.000ns fall@5.000ns period=10.000ns})
  Destination:            LED[0]
                            (output port)
  Path Group:             (none)
  Path Type:              Min at Fast Process Corner
  Data Path Delay:        2.577ns  (logic 1.362ns (52.858%)  route 1.215ns (47.142%))
  Logic Levels:           1  (OBUF=1)
  Clock Uncertainty:      0.025ns  ((TSJ^2 + TIJ^2)^1/2 + DJ) / 2 + PE
    Total System Jitter     (TSJ):    0.050ns
    Total Input Jitter      (TIJ):    0.000ns
    Discrete Jitter          (DJ):    0.000ns
    Phase Error              (PE):    0.000ns

    Location             Delay type                Incr(ns)  Path(ns)    Netlist Resource(s)
  -------------------------------------------------------------------    -------------------
                         (clock sys_clk_pin rise edge)
                                                      0.000     0.000 r  
    E3                                                0.000     0.000 r  CLK100MHZ (IN)
                         net (fo=0)                   0.000     0.000    CLK100MHZ
    E3                   IBUF (Prop_ibuf_I_O)         0.250     0.250 r  CLK100MHZ_IBUF_inst/O
                         net (fo=1, routed)           0.644     0.894    CLK100MHZ_IBUF
    BUFGCTRL_X0Y16       BUFG (Prop_bufg_I_O)         0.026     0.920 r  CLK100MHZ_IBUF_BUFG_inst/O
                         net (fo=21193, routed)       0.565     1.484    u_accel/CLK100MHZ_IBUF_BUFG
    SLICE_X32Y104        FDCE                                         r  u_accel/accel_busy_reg/C
  -------------------------------------------------------------------    -------------------
    SLICE_X32Y104        FDCE (Prop_fdce_C_Q)         0.141     1.625 r  u_accel/accel_busy_reg/Q
                         net (fo=18, routed)          1.215     2.840    LED_OBUF[0]
    H17                  OBUF (Prop_obuf_I_O)         1.221     4.062 r  LED_OBUF[0]_inst/O
                         net (fo=0)                   0.000     4.062    LED[0]
    H17                                                               r  LED[0] (OUT)
  -------------------------------------------------------------------    -------------------

Slack:                    inf
  Source:                 u_accel/u_uart_tx/tx_reg/C
                            (rising edge-triggered cell FDPE clocked by sys_clk_pin  {rise@0.000ns fall@5.000ns period=10.000ns})
  Destination:            UART_RXD_OUT
                            (output port)
  Path Group:             (none)
  Path Type:              Min at Fast Process Corner
  Data Path Delay:        2.952ns  (logic 1.397ns (47.314%)  route 1.556ns (52.686%))
  Logic Levels:           1  (OBUF=1)
  Clock Uncertainty:      0.025ns  ((TSJ^2 + TIJ^2)^1/2 + DJ) / 2 + PE
    Total System Jitter     (TSJ):    0.050ns
    Total Input Jitter      (TIJ):    0.000ns
    Discrete Jitter          (DJ):    0.000ns
    Phase Error              (PE):    0.000ns

    Location             Delay type                Incr(ns)  Path(ns)    Netlist Resource(s)
  -------------------------------------------------------------------    -------------------
                         (clock sys_clk_pin rise edge)
                                                      0.000     0.000 r  
    E3                                                0.000     0.000 r  CLK100MHZ (IN)
                         net (fo=0)                   0.000     0.000    CLK100MHZ
    E3                   IBUF (Prop_ibuf_I_O)         0.250     0.250 r  CLK100MHZ_IBUF_inst/O
                         net (fo=1, routed)           0.644     0.894    CLK100MHZ_IBUF
    BUFGCTRL_X0Y16       BUFG (Prop_bufg_I_O)         0.026     0.920 r  CLK100MHZ_IBUF_BUFG_inst/O
                         net (fo=21193, routed)       0.572     1.491    u_accel/u_uart_tx/CLK100MHZ_IBUF_BUFG
    SLICE_X33Y99         FDPE                                         r  u_accel/u_uart_tx/tx_reg/C
  -------------------------------------------------------------------    -------------------
    SLICE_X33Y99         FDPE (Prop_fdpe_C_Q)         0.141     1.632 r  u_accel/u_uart_tx/tx_reg/Q
                         net (fo=1, routed)           1.556     3.188    UART_RXD_OUT_OBUF
    D4                   OBUF (Prop_obuf_I_O)         1.256     4.444 r  UART_RXD_OUT_OBUF_inst/O
                         net (fo=0)                   0.000     4.444    UART_RXD_OUT
    D4                                                                r  UART_RXD_OUT (OUT)
  -------------------------------------------------------------------    -------------------





--------------------------------------------------------------------------------------
Path Group:  (none)
From Clock:  
  To Clock:  sys_clk_pin

Max Delay         21241 Endpoints
Min Delay         21241 Endpoints
--------------------------------------------------------------------------------------


Max Delay Paths
--------------------------------------------------------------------------------------
Slack:                    inf
  Source:                 CPU_RESETN
                            (input port)
  Destination:            u_accel/gen_nn_standard.u_accel/gen_hl2[16].membrane_buf/membrane_storage_reg[5][20]/CLR
                            (recovery check against rising-edge clock sys_clk_pin  {rise@0.000ns fall@5.000ns period=10.000ns})
  Path Group:             (none)
  Path Type:              Recovery (Max at Slow Process Corner)
  Data Path Delay:        12.103ns  (logic 1.631ns (13.477%)  route 10.472ns (86.523%))
  Logic Levels:           2  (IBUF=1 LUT1=1)
  Clock Path Skew:        5.100ns (DCD - SCD + CPR)
    Destination Clock Delay (DCD):    5.100ns
    Source Clock Delay      (SCD):    0.000ns
    Clock Pessimism Removal (CPR):    0.000ns
  Clock Uncertainty:      0.025ns  ((TSJ^2 + TIJ^2)^1/2 + DJ) / 2 + PE
    Total System Jitter     (TSJ):    0.050ns
    Total Input Jitter      (TIJ):    0.000ns
    Discrete Jitter          (DJ):    0.000ns
    Phase Error              (PE):    0.000ns

    Location             Delay type                Incr(ns)  Path(ns)    Netlist Resource(s)
  -------------------------------------------------------------------    -------------------
    C12                                               0.000     0.000 r  CPU_RESETN (IN)
                         net (fo=0)                   0.000     0.000    CPU_RESETN
    C12                  IBUF (Prop_ibuf_I_O)         1.507     1.507 r  CPU_RESETN_IBUF_inst/O
                         net (fo=24, routed)          2.263     3.770    u_accel/gen_nn_standard.u_accel/fc2/CPU_RESETN_IBUF
    SLICE_X4Y115         LUT1 (Prop_lut1_I0_O)        0.124     3.894 f  u_accel/gen_nn_standard.u_accel/fc2/FSM_onehot_state[2]_i_2/O
                         net (fo=21031, routed)       8.209    12.103    u_accel/gen_nn_standard.u_accel/gen_hl2[16].membrane_buf/membrane_out_reg[0]_0
    SLICE_X70Y0          FDCE                                         f  u_accel/gen_nn_standard.u_accel/gen_hl2[16].membrane_buf/membrane_storage_reg[5][20]/CLR
  -------------------------------------------------------------------    -------------------

                         (clock sys_clk_pin rise edge)
                                                      0.000     0.000 r  
    E3                                                0.000     0.000 r  CLK100MHZ (IN)
                         net (fo=0)                   0.000     0.000    CLK100MHZ
    E3                   IBUF (Prop_ibuf_I_O)         1.411     1.411 r  CLK100MHZ_IBUF_inst/O
                         net (fo=1, routed)           1.920     3.331    CLK100MHZ_IBUF
    BUFGCTRL_X0Y16       BUFG (Prop_bufg_I_O)         0.091     3.422 r  CLK100MHZ_IBUF_BUFG_inst/O
                         net (fo=21193, routed)       1.678     5.100    u_accel/gen_nn_standard.u_accel/gen_hl2[16].membrane_buf/CLK100MHZ_IBUF_BUFG
    SLICE_X70Y0          FDCE                                         r  u_accel/gen_nn_standard.u_accel/gen_hl2[16].membrane_buf/membrane_storage_reg[5][20]/C

Slack:                    inf
  Source:                 CPU_RESETN
                            (input port)
  Destination:            u_accel/gen_nn_standard.u_accel/gen_hl2[16].membrane_buf/membrane_storage_reg[6][20]/CLR
                            (recovery check against rising-edge clock sys_clk_pin  {rise@0.000ns fall@5.000ns period=10.000ns})
  Path Group:             (none)
  Path Type:              Recovery (Max at Slow Process Corner)
  Data Path Delay:        12.103ns  (logic 1.631ns (13.477%)  route 10.472ns (86.523%))
  Logic Levels:           2  (IBUF=1 LUT1=1)
  Clock Path Skew:        5.100ns (DCD - SCD + CPR)
    Destination Clock Delay (DCD):    5.100ns
    Source Clock Delay      (SCD):    0.000ns
    Clock Pessimism Removal (CPR):    0.000ns
  Clock Uncertainty:      0.025ns  ((TSJ^2 + TIJ^2)^1/2 + DJ) / 2 + PE
    Total System Jitter     (TSJ):    0.050ns
    Total Input Jitter      (TIJ):    0.000ns
    Discrete Jitter          (DJ):    0.000ns
    Phase Error              (PE):    0.000ns

    Location             Delay type                Incr(ns)  Path(ns)    Netlist Resource(s)
  -------------------------------------------------------------------    -------------------
    C12                                               0.000     0.000 r  CPU_RESETN (IN)
                         net (fo=0)                   0.000     0.000    CPU_RESETN
    C12                  IBUF (Prop_ibuf_I_O)         1.507     1.507 r  CPU_RESETN_IBUF_inst/O
                         net (fo=24, routed)          2.263     3.770    u_accel/gen_nn_standard.u_accel/fc2/CPU_RESETN_IBUF
    SLICE_X4Y115         LUT1 (Prop_lut1_I0_O)        0.124     3.894 f  u_accel/gen_nn_standard.u_accel/fc2/FSM_onehot_state[2]_i_2/O
                         net (fo=21031, routed)       8.209    12.103    u_accel/gen_nn_standard.u_accel/gen_hl2[16].membrane_buf/membrane_out_reg[0]_0
    SLICE_X71Y0          FDCE                                         f  u_accel/gen_nn_standard.u_accel/gen_hl2[16].membrane_buf/membrane_storage_reg[6][20]/CLR
  -------------------------------------------------------------------    -------------------

                         (clock sys_clk_pin rise edge)
                                                      0.000     0.000 r  
    E3                                                0.000     0.000 r  CLK100MHZ (IN)
                         net (fo=0)                   0.000     0.000    CLK100MHZ
    E3                   IBUF (Prop_ibuf_I_O)         1.411     1.411 r  CLK100MHZ_IBUF_inst/O
                         net (fo=1, routed)           1.920     3.331    CLK100MHZ_IBUF
    BUFGCTRL_X0Y16       BUFG (Prop_bufg_I_O)         0.091     3.422 r  CLK100MHZ_IBUF_BUFG_inst/O
                         net (fo=21193, routed)       1.678     5.100    u_accel/gen_nn_standard.u_accel/gen_hl2[16].membrane_buf/CLK100MHZ_IBUF_BUFG
    SLICE_X71Y0          FDCE                                         r  u_accel/gen_nn_standard.u_accel/gen_hl2[16].membrane_buf/membrane_storage_reg[6][20]/C

Slack:                    inf
  Source:                 CPU_RESETN
                            (input port)
  Destination:            u_accel/gen_nn_standard.u_accel/gen_hl2[17].membrane_buf/membrane_storage_reg[5][20]/CLR
                            (recovery check against rising-edge clock sys_clk_pin  {rise@0.000ns fall@5.000ns period=10.000ns})
  Path Group:             (none)
  Path Type:              Recovery (Max at Slow Process Corner)
  Data Path Delay:        12.103ns  (logic 1.631ns (13.477%)  route 10.472ns (86.523%))
  Logic Levels:           2  (IBUF=1 LUT1=1)
  Clock Path Skew:        5.100ns (DCD - SCD + CPR)
    Destination Clock Delay (DCD):    5.100ns
    Source Clock Delay      (SCD):    0.000ns
    Clock Pessimism Removal (CPR):    0.000ns
  Clock Uncertainty:      0.025ns  ((TSJ^2 + TIJ^2)^1/2 + DJ) / 2 + PE
    Total System Jitter     (TSJ):    0.050ns
    Total Input Jitter      (TIJ):    0.000ns
    Discrete Jitter          (DJ):    0.000ns
    Phase Error              (PE):    0.000ns

    Location             Delay type                Incr(ns)  Path(ns)    Netlist Resource(s)
  -------------------------------------------------------------------    -------------------
    C12                                               0.000     0.000 r  CPU_RESETN (IN)
                         net (fo=0)                   0.000     0.000    CPU_RESETN
    C12                  IBUF (Prop_ibuf_I_O)         1.507     1.507 r  CPU_RESETN_IBUF_inst/O
                         net (fo=24, routed)          2.263     3.770    u_accel/gen_nn_standard.u_accel/fc2/CPU_RESETN_IBUF
    SLICE_X4Y115         LUT1 (Prop_lut1_I0_O)        0.124     3.894 f  u_accel/gen_nn_standard.u_accel/fc2/FSM_onehot_state[2]_i_2/O
                         net (fo=21031, routed)       8.209    12.103    u_accel/gen_nn_standard.u_accel/gen_hl2[17].membrane_buf/membrane_storage_reg[19][0]_0
    SLICE_X70Y0          FDCE                                         f  u_accel/gen_nn_standard.u_accel/gen_hl2[17].membrane_buf/membrane_storage_reg[5][20]/CLR
  -------------------------------------------------------------------    -------------------

                         (clock sys_clk_pin rise edge)
                                                      0.000     0.000 r  
    E3                                                0.000     0.000 r  CLK100MHZ (IN)
                         net (fo=0)                   0.000     0.000    CLK100MHZ
    E3                   IBUF (Prop_ibuf_I_O)         1.411     1.411 r  CLK100MHZ_IBUF_inst/O
                         net (fo=1, routed)           1.920     3.331    CLK100MHZ_IBUF
    BUFGCTRL_X0Y16       BUFG (Prop_bufg_I_O)         0.091     3.422 r  CLK100MHZ_IBUF_BUFG_inst/O
                         net (fo=21193, routed)       1.678     5.100    u_accel/gen_nn_standard.u_accel/gen_hl2[17].membrane_buf/CLK100MHZ_IBUF_BUFG
    SLICE_X70Y0          FDCE                                         r  u_accel/gen_nn_standard.u_accel/gen_hl2[17].membrane_buf/membrane_storage_reg[5][20]/C

Slack:                    inf
  Source:                 CPU_RESETN
                            (input port)
  Destination:            u_accel/gen_nn_standard.u_accel/gen_hl2[17].membrane_buf/membrane_storage_reg[6][20]/CLR
                            (recovery check against rising-edge clock sys_clk_pin  {rise@0.000ns fall@5.000ns period=10.000ns})
  Path Group:             (none)
  Path Type:              Recovery (Max at Slow Process Corner)
  Data Path Delay:        12.103ns  (logic 1.631ns (13.477%)  route 10.472ns (86.523%))
  Logic Levels:           2  (IBUF=1 LUT1=1)
  Clock Path Skew:        5.100ns (DCD - SCD + CPR)
    Destination Clock Delay (DCD):    5.100ns
    Source Clock Delay      (SCD):    0.000ns
    Clock Pessimism Removal (CPR):    0.000ns
  Clock Uncertainty:      0.025ns  ((TSJ^2 + TIJ^2)^1/2 + DJ) / 2 + PE
    Total System Jitter     (TSJ):    0.050ns
    Total Input Jitter      (TIJ):    0.000ns
    Discrete Jitter          (DJ):    0.000ns
    Phase Error              (PE):    0.000ns

    Location             Delay type                Incr(ns)  Path(ns)    Netlist Resource(s)
  -------------------------------------------------------------------    -------------------
    C12                                               0.000     0.000 r  CPU_RESETN (IN)
                         net (fo=0)                   0.000     0.000    CPU_RESETN
    C12                  IBUF (Prop_ibuf_I_O)         1.507     1.507 r  CPU_RESETN_IBUF_inst/O
                         net (fo=24, routed)          2.263     3.770    u_accel/gen_nn_standard.u_accel/fc2/CPU_RESETN_IBUF
    SLICE_X4Y115         LUT1 (Prop_lut1_I0_O)        0.124     3.894 f  u_accel/gen_nn_standard.u_accel/fc2/FSM_onehot_state[2]_i_2/O
                         net (fo=21031, routed)       8.209    12.103    u_accel/gen_nn_standard.u_accel/gen_hl2[17].membrane_buf/membrane_storage_reg[19][0]_0
    SLICE_X71Y0          FDCE                                         f  u_accel/gen_nn_standard.u_accel/gen_hl2[17].membrane_buf/membrane_storage_reg[6][20]/CLR
  -------------------------------------------------------------------    -------------------

                         (clock sys_clk_pin rise edge)
                                                      0.000     0.000 r  
    E3                                                0.000     0.000 r  CLK100MHZ (IN)
                         net (fo=0)                   0.000     0.000    CLK100MHZ
    E3                   IBUF (Prop_ibuf_I_O)         1.411     1.411 r  CLK100MHZ_IBUF_inst/O
                         net (fo=1, routed)           1.920     3.331    CLK100MHZ_IBUF
    BUFGCTRL_X0Y16       BUFG (Prop_bufg_I_O)         0.091     3.422 r  CLK100MHZ_IBUF_BUFG_inst/O
                         net (fo=21193, routed)       1.678     5.100    u_accel/gen_nn_standard.u_accel/gen_hl2[17].membrane_buf/CLK100MHZ_IBUF_BUFG
    SLICE_X71Y0          FDCE                                         r  u_accel/gen_nn_standard.u_accel/gen_hl2[17].membrane_buf/membrane_storage_reg[6][20]/C

Slack:                    inf
  Source:                 CPU_RESETN
                            (input port)
  Destination:            u_accel/gen_nn_standard.u_accel/gen_hl2[23].membrane_buf/membrane_storage_reg[5][22]/CLR
                            (recovery check against rising-edge clock sys_clk_pin  {rise@0.000ns fall@5.000ns period=10.000ns})
  Path Group:             (none)
  Path Type:              Recovery (Max at Slow Process Corner)
  Data Path Delay:        12.103ns  (logic 1.631ns (13.477%)  route 10.472ns (86.523%))
  Logic Levels:           2  (IBUF=1 LUT1=1)
  Clock Path Skew:        5.100ns (DCD - SCD + CPR)
    Destination Clock Delay (DCD):    5.100ns
    Source Clock Delay      (SCD):    0.000ns
    Clock Pessimism Removal (CPR):    0.000ns
  Clock Uncertainty:      0.025ns  ((TSJ^2 + TIJ^2)^1/2 + DJ) / 2 + PE
    Total System Jitter     (TSJ):    0.050ns
    Total Input Jitter      (TIJ):    0.000ns
    Discrete Jitter          (DJ):    0.000ns
    Phase Error              (PE):    0.000ns

    Location             Delay type                Incr(ns)  Path(ns)    Netlist Resource(s)
  -------------------------------------------------------------------    -------------------
    C12                                               0.000     0.000 r  CPU_RESETN (IN)
                         net (fo=0)                   0.000     0.000    CPU_RESETN
    C12                  IBUF (Prop_ibuf_I_O)         1.507     1.507 r  CPU_RESETN_IBUF_inst/O
                         net (fo=24, routed)          2.263     3.770    u_accel/gen_nn_standard.u_accel/fc2/CPU_RESETN_IBUF
    SLICE_X4Y115         LUT1 (Prop_lut1_I0_O)        0.124     3.894 f  u_accel/gen_nn_standard.u_accel/fc2/FSM_onehot_state[2]_i_2/O
                         net (fo=21031, routed)       8.209    12.103    u_accel/gen_nn_standard.u_accel/gen_hl2[23].membrane_buf/membrane_out_reg[0]_0
    SLICE_X70Y0          FDCE                                         f  u_accel/gen_nn_standard.u_accel/gen_hl2[23].membrane_buf/membrane_storage_reg[5][22]/CLR
  -------------------------------------------------------------------    -------------------

                         (clock sys_clk_pin rise edge)
                                                      0.000     0.000 r  
    E3                                                0.000     0.000 r  CLK100MHZ (IN)
                         net (fo=0)                   0.000     0.000    CLK100MHZ
    E3                   IBUF (Prop_ibuf_I_O)         1.411     1.411 r  CLK100MHZ_IBUF_inst/O
                         net (fo=1, routed)           1.920     3.331    CLK100MHZ_IBUF
    BUFGCTRL_X0Y16       BUFG (Prop_bufg_I_O)         0.091     3.422 r  CLK100MHZ_IBUF_BUFG_inst/O
                         net (fo=21193, routed)       1.678     5.100    u_accel/gen_nn_standard.u_accel/gen_hl2[23].membrane_buf/CLK100MHZ_IBUF_BUFG
    SLICE_X70Y0          FDCE                                         r  u_accel/gen_nn_standard.u_accel/gen_hl2[23].membrane_buf/membrane_storage_reg[5][22]/C

Slack:                    inf
  Source:                 CPU_RESETN
                            (input port)
  Destination:            u_accel/gen_nn_standard.u_accel/gen_hl2[23].membrane_buf/membrane_storage_reg[6][22]/CLR
                            (recovery check against rising-edge clock sys_clk_pin  {rise@0.000ns fall@5.000ns period=10.000ns})
  Path Group:             (none)
  Path Type:              Recovery (Max at Slow Process Corner)
  Data Path Delay:        12.103ns  (logic 1.631ns (13.477%)  route 10.472ns (86.523%))
  Logic Levels:           2  (IBUF=1 LUT1=1)
  Clock Path Skew:        5.100ns (DCD - SCD + CPR)
    Destination Clock Delay (DCD):    5.100ns
    Source Clock Delay      (SCD):    0.000ns
    Clock Pessimism Removal (CPR):    0.000ns
  Clock Uncertainty:      0.025ns  ((TSJ^2 + TIJ^2)^1/2 + DJ) / 2 + PE
    Total System Jitter     (TSJ):    0.050ns
    Total Input Jitter      (TIJ):    0.000ns
    Discrete Jitter          (DJ):    0.000ns
    Phase Error              (PE):    0.000ns

    Location             Delay type                Incr(ns)  Path(ns)    Netlist Resource(s)
  -------------------------------------------------------------------    -------------------
    C12                                               0.000     0.000 r  CPU_RESETN (IN)
                         net (fo=0)                   0.000     0.000    CPU_RESETN
    C12                  IBUF (Prop_ibuf_I_O)         1.507     1.507 r  CPU_RESETN_IBUF_inst/O
                         net (fo=24, routed)          2.263     3.770    u_accel/gen_nn_standard.u_accel/fc2/CPU_RESETN_IBUF
    SLICE_X4Y115         LUT1 (Prop_lut1_I0_O)        0.124     3.894 f  u_accel/gen_nn_standard.u_accel/fc2/FSM_onehot_state[2]_i_2/O
                         net (fo=21031, routed)       8.209    12.103    u_accel/gen_nn_standard.u_accel/gen_hl2[23].membrane_buf/membrane_out_reg[0]_0
    SLICE_X71Y0          FDCE                                         f  u_accel/gen_nn_standard.u_accel/gen_hl2[23].membrane_buf/membrane_storage_reg[6][22]/CLR
  -------------------------------------------------------------------    -------------------

                         (clock sys_clk_pin rise edge)
                                                      0.000     0.000 r  
    E3                                                0.000     0.000 r  CLK100MHZ (IN)
                         net (fo=0)                   0.000     0.000    CLK100MHZ
    E3                   IBUF (Prop_ibuf_I_O)         1.411     1.411 r  CLK100MHZ_IBUF_inst/O
                         net (fo=1, routed)           1.920     3.331    CLK100MHZ_IBUF
    BUFGCTRL_X0Y16       BUFG (Prop_bufg_I_O)         0.091     3.422 r  CLK100MHZ_IBUF_BUFG_inst/O
                         net (fo=21193, routed)       1.678     5.100    u_accel/gen_nn_standard.u_accel/gen_hl2[23].membrane_buf/CLK100MHZ_IBUF_BUFG
    SLICE_X71Y0          FDCE                                         r  u_accel/gen_nn_standard.u_accel/gen_hl2[23].membrane_buf/membrane_storage_reg[6][22]/C

Slack:                    inf
  Source:                 CPU_RESETN
                            (input port)
  Destination:            u_accel/gen_nn_standard.u_accel/gen_hl2[17].membrane_buf/membrane_storage_reg[5][0]/CLR
                            (recovery check against rising-edge clock sys_clk_pin  {rise@0.000ns fall@5.000ns period=10.000ns})
  Path Group:             (none)
  Path Type:              Recovery (Max at Slow Process Corner)
  Data Path Delay:        11.903ns  (logic 1.631ns (13.702%)  route 10.272ns (86.298%))
  Logic Levels:           2  (IBUF=1 LUT1=1)
  Clock Path Skew:        5.099ns (DCD - SCD + CPR)
    Destination Clock Delay (DCD):    5.099ns
    Source Clock Delay      (SCD):    0.000ns
    Clock Pessimism Removal (CPR):    0.000ns
  Clock Uncertainty:      0.025ns  ((TSJ^2 + TIJ^2)^1/2 + DJ) / 2 + PE
    Total System Jitter     (TSJ):    0.050ns
    Total Input Jitter      (TIJ):    0.000ns
    Discrete Jitter          (DJ):    0.000ns
    Phase Error              (PE):    0.000ns

    Location             Delay type                Incr(ns)  Path(ns)    Netlist Resource(s)
  -------------------------------------------------------------------    -------------------
    C12                                               0.000     0.000 r  CPU_RESETN (IN)
                         net (fo=0)                   0.000     0.000    CPU_RESETN
    C12                  IBUF (Prop_ibuf_I_O)         1.507     1.507 r  CPU_RESETN_IBUF_inst/O
                         net (fo=24, routed)          2.263     3.770    u_accel/gen_nn_standard.u_accel/fc2/CPU_RESETN_IBUF
    SLICE_X4Y115         LUT1 (Prop_lut1_I0_O)        0.124     3.894 f  u_accel/gen_nn_standard.u_accel/fc2/FSM_onehot_state[2]_i_2/O
                         net (fo=21031, routed)       8.010    11.903    u_accel/gen_nn_standard.u_accel/gen_hl2[17].membrane_buf/membrane_storage_reg[19][0]_0
    SLICE_X66Y4          FDCE                                         f  u_accel/gen_nn_standard.u_accel/gen_hl2[17].membrane_buf/membrane_storage_reg[5][0]/CLR
  -------------------------------------------------------------------    -------------------

                         (clock sys_clk_pin rise edge)
                                                      0.000     0.000 r  
    E3                                                0.000     0.000 r  CLK100MHZ (IN)
                         net (fo=0)                   0.000     0.000    CLK100MHZ
    E3                   IBUF (Prop_ibuf_I_O)         1.411     1.411 r  CLK100MHZ_IBUF_inst/O
                         net (fo=1, routed)           1.920     3.331    CLK100MHZ_IBUF
    BUFGCTRL_X0Y16       BUFG (Prop_bufg_I_O)         0.091     3.422 r  CLK100MHZ_IBUF_BUFG_inst/O
                         net (fo=21193, routed)       1.677     5.099    u_accel/gen_nn_standard.u_accel/gen_hl2[17].membrane_buf/CLK100MHZ_IBUF_BUFG
    SLICE_X66Y4          FDCE                                         r  u_accel/gen_nn_standard.u_accel/gen_hl2[17].membrane_buf/membrane_storage_reg[5][0]/C

Slack:                    inf
  Source:                 CPU_RESETN
                            (input port)
  Destination:            u_accel/gen_nn_standard.u_accel/gen_hl2[20].membrane_buf/membrane_storage_reg[5][2]/CLR
                            (recovery check against rising-edge clock sys_clk_pin  {rise@0.000ns fall@5.000ns period=10.000ns})
  Path Group:             (none)
  Path Type:              Recovery (Max at Slow Process Corner)
  Data Path Delay:        11.903ns  (logic 1.631ns (13.702%)  route 10.272ns (86.298%))
  Logic Levels:           2  (IBUF=1 LUT1=1)
  Clock Path Skew:        5.099ns (DCD - SCD + CPR)
    Destination Clock Delay (DCD):    5.099ns
    Source Clock Delay      (SCD):    0.000ns
    Clock Pessimism Removal (CPR):    0.000ns
  Clock Uncertainty:      0.025ns  ((TSJ^2 + TIJ^2)^1/2 + DJ) / 2 + PE
    Total System Jitter     (TSJ):    0.050ns
    Total Input Jitter      (TIJ):    0.000ns
    Discrete Jitter          (DJ):    0.000ns
    Phase Error              (PE):    0.000ns

    Location             Delay type                Incr(ns)  Path(ns)    Netlist Resource(s)
  -------------------------------------------------------------------    -------------------
    C12                                               0.000     0.000 r  CPU_RESETN (IN)
                         net (fo=0)                   0.000     0.000    CPU_RESETN
    C12                  IBUF (Prop_ibuf_I_O)         1.507     1.507 r  CPU_RESETN_IBUF_inst/O
                         net (fo=24, routed)          2.263     3.770    u_accel/gen_nn_standard.u_accel/fc2/CPU_RESETN_IBUF
    SLICE_X4Y115         LUT1 (Prop_lut1_I0_O)        0.124     3.894 f  u_accel/gen_nn_standard.u_accel/fc2/FSM_onehot_state[2]_i_2/O
                         net (fo=21031, routed)       8.010    11.903    u_accel/gen_nn_standard.u_accel/gen_hl2[20].membrane_buf/membrane_out_reg[0]_0
    SLICE_X66Y4          FDCE                                         f  u_accel/gen_nn_standard.u_accel/gen_hl2[20].membrane_buf/membrane_storage_reg[5][2]/CLR
  -------------------------------------------------------------------    -------------------

                         (clock sys_clk_pin rise edge)
                                                      0.000     0.000 r  
    E3                                                0.000     0.000 r  CLK100MHZ (IN)
                         net (fo=0)                   0.000     0.000    CLK100MHZ
    E3                   IBUF (Prop_ibuf_I_O)         1.411     1.411 r  CLK100MHZ_IBUF_inst/O
                         net (fo=1, routed)           1.920     3.331    CLK100MHZ_IBUF
    BUFGCTRL_X0Y16       BUFG (Prop_bufg_I_O)         0.091     3.422 r  CLK100MHZ_IBUF_BUFG_inst/O
                         net (fo=21193, routed)       1.677     5.099    u_accel/gen_nn_standard.u_accel/gen_hl2[20].membrane_buf/CLK100MHZ_IBUF_BUFG
    SLICE_X66Y4          FDCE                                         r  u_accel/gen_nn_standard.u_accel/gen_hl2[20].membrane_buf/membrane_storage_reg[5][2]/C

Slack:                    inf
  Source:                 CPU_RESETN
                            (input port)
  Destination:            u_accel/gen_nn_standard.u_accel/gen_hl2[20].membrane_buf/membrane_storage_reg[7][2]/CLR
                            (recovery check against rising-edge clock sys_clk_pin  {rise@0.000ns fall@5.000ns period=10.000ns})
  Path Group:             (none)
  Path Type:              Recovery (Max at Slow Process Corner)
  Data Path Delay:        11.903ns  (logic 1.631ns (13.702%)  route 10.272ns (86.298%))
  Logic Levels:           2  (IBUF=1 LUT1=1)
  Clock Path Skew:        5.099ns (DCD - SCD + CPR)
    Destination Clock Delay (DCD):    5.099ns
    Source Clock Delay      (SCD):    0.000ns
    Clock Pessimism Removal (CPR):    0.000ns
  Clock Uncertainty:      0.025ns  ((TSJ^2 + TIJ^2)^1/2 + DJ) / 2 + PE
    Total System Jitter     (TSJ):    0.050ns
    Total Input Jitter      (TIJ):    0.000ns
    Discrete Jitter          (DJ):    0.000ns
    Phase Error              (PE):    0.000ns

    Location             Delay type                Incr(ns)  Path(ns)    Netlist Resource(s)
  -------------------------------------------------------------------    -------------------
    C12                                               0.000     0.000 r  CPU_RESETN (IN)
                         net (fo=0)                   0.000     0.000    CPU_RESETN
    C12                  IBUF (Prop_ibuf_I_O)         1.507     1.507 r  CPU_RESETN_IBUF_inst/O
                         net (fo=24, routed)          2.263     3.770    u_accel/gen_nn_standard.u_accel/fc2/CPU_RESETN_IBUF
    SLICE_X4Y115         LUT1 (Prop_lut1_I0_O)        0.124     3.894 f  u_accel/gen_nn_standard.u_accel/fc2/FSM_onehot_state[2]_i_2/O
                         net (fo=21031, routed)       8.010    11.903    u_accel/gen_nn_standard.u_accel/gen_hl2[20].membrane_buf/membrane_out_reg[0]_0
    SLICE_X67Y4          FDCE                                         f  u_accel/gen_nn_standard.u_accel/gen_hl2[20].membrane_buf/membrane_storage_reg[7][2]/CLR
  -------------------------------------------------------------------    -------------------

                         (clock sys_clk_pin rise edge)
                                                      0.000     0.000 r  
    E3                                                0.000     0.000 r  CLK100MHZ (IN)
                         net (fo=0)                   0.000     0.000    CLK100MHZ
    E3                   IBUF (Prop_ibuf_I_O)         1.411     1.411 r  CLK100MHZ_IBUF_inst/O
                         net (fo=1, routed)           1.920     3.331    CLK100MHZ_IBUF
    BUFGCTRL_X0Y16       BUFG (Prop_bufg_I_O)         0.091     3.422 r  CLK100MHZ_IBUF_BUFG_inst/O
                         net (fo=21193, routed)       1.677     5.099    u_accel/gen_nn_standard.u_accel/gen_hl2[20].membrane_buf/CLK100MHZ_IBUF_BUFG
    SLICE_X67Y4          FDCE                                         r  u_accel/gen_nn_standard.u_accel/gen_hl2[20].membrane_buf/membrane_storage_reg[7][2]/C

Slack:                    inf
  Source:                 CPU_RESETN
                            (input port)
  Destination:            u_accel/gen_nn_standard.u_accel/gen_hl2[21].membrane_buf/membrane_storage_reg[5][2]/CLR
                            (recovery check against rising-edge clock sys_clk_pin  {rise@0.000ns fall@5.000ns period=10.000ns})
  Path Group:             (none)
  Path Type:              Recovery (Max at Slow Process Corner)
  Data Path Delay:        11.903ns  (logic 1.631ns (13.702%)  route 10.272ns (86.298%))
  Logic Levels:           2  (IBUF=1 LUT1=1)
  Clock Path Skew:        5.099ns (DCD - SCD + CPR)
    Destination Clock Delay (DCD):    5.099ns
    Source Clock Delay      (SCD):    0.000ns
    Clock Pessimism Removal (CPR):    0.000ns
  Clock Uncertainty:      0.025ns  ((TSJ^2 + TIJ^2)^1/2 + DJ) / 2 + PE
    Total System Jitter     (TSJ):    0.050ns
    Total Input Jitter      (TIJ):    0.000ns
    Discrete Jitter          (DJ):    0.000ns
    Phase Error              (PE):    0.000ns

    Location             Delay type                Incr(ns)  Path(ns)    Netlist Resource(s)
  -------------------------------------------------------------------    -------------------
    C12                                               0.000     0.000 r  CPU_RESETN (IN)
                         net (fo=0)                   0.000     0.000    CPU_RESETN
    C12                  IBUF (Prop_ibuf_I_O)         1.507     1.507 r  CPU_RESETN_IBUF_inst/O
                         net (fo=24, routed)          2.263     3.770    u_accel/gen_nn_standard.u_accel/fc2/CPU_RESETN_IBUF
    SLICE_X4Y115         LUT1 (Prop_lut1_I0_O)        0.124     3.894 f  u_accel/gen_nn_standard.u_accel/fc2/FSM_onehot_state[2]_i_2/O
                         net (fo=21031, routed)       8.010    11.903    u_accel/gen_nn_standard.u_accel/gen_hl2[21].membrane_buf/membrane_out_reg[0]_0
    SLICE_X66Y4          FDCE                                         f  u_accel/gen_nn_standard.u_accel/gen_hl2[21].membrane_buf/membrane_storage_reg[5][2]/CLR
  -------------------------------------------------------------------    -------------------

                         (clock sys_clk_pin rise edge)
                                                      0.000     0.000 r  
    E3                                                0.000     0.000 r  CLK100MHZ (IN)
                         net (fo=0)                   0.000     0.000    CLK100MHZ
    E3                   IBUF (Prop_ibuf_I_O)         1.411     1.411 r  CLK100MHZ_IBUF_inst/O
                         net (fo=1, routed)           1.920     3.331    CLK100MHZ_IBUF
    BUFGCTRL_X0Y16       BUFG (Prop_bufg_I_O)         0.091     3.422 r  CLK100MHZ_IBUF_BUFG_inst/O
                         net (fo=21193, routed)       1.677     5.099    u_accel/gen_nn_standard.u_accel/gen_hl2[21].membrane_buf/CLK100MHZ_IBUF_BUFG
    SLICE_X66Y4          FDCE                                         r  u_accel/gen_nn_standard.u_accel/gen_hl2[21].membrane_buf/membrane_storage_reg[5][2]/C





Min Delay Paths
--------------------------------------------------------------------------------------
Slack:                    inf
  Source:                 CPU_RESETN
                            (input port)
  Destination:            u_accel/gen_nn_standard.u_accel/fc1/outputs_reg[25][4]/CLR
                            (removal check against rising-edge clock sys_clk_pin  {rise@0.000ns fall@5.000ns period=10.000ns})
  Path Group:             (none)
  Path Type:              Removal (Min at Fast Process Corner)
  Data Path Delay:        1.698ns  (logic 0.320ns (18.819%)  route 1.379ns (81.181%))
  Logic Levels:           2  (IBUF=1 LUT1=1)
  Clock Path Skew:        2.001ns (DCD - SCD - CPR)
    Destination Clock Delay (DCD):    2.001ns
    Source Clock Delay      (SCD):    0.000ns
    Clock Pessimism Removal (CPR):    -0.000ns

    Location             Delay type                Incr(ns)  Path(ns)    Netlist Resource(s)
  -------------------------------------------------------------------    -------------------
    C12                                               0.000     0.000 r  CPU_RESETN (IN)
                         net (fo=0)                   0.000     0.000    CPU_RESETN
    C12                  IBUF (Prop_ibuf_I_O)         0.275     0.275 r  CPU_RESETN_IBUF_inst/O
                         net (fo=24, routed)          0.923     1.197    u_accel/gen_nn_standard.u_accel/fc2/CPU_RESETN_IBUF
    SLICE_X4Y115         LUT1 (Prop_lut1_I0_O)        0.045     1.242 f  u_accel/gen_nn_standard.u_accel/fc2/FSM_onehot_state[2]_i_2/O
                         net (fo=21031, routed)       0.456     1.698    u_accel/gen_nn_standard.u_accel/fc1/done_reg_1
    SLICE_X11Y112        FDCE                                         f  u_accel/gen_nn_standard.u_accel/fc1/outputs_reg[25][4]/CLR
  -------------------------------------------------------------------    -------------------

                         (clock sys_clk_pin rise edge)
                                                      0.000     0.000 r  
    E3                                                0.000     0.000 r  CLK100MHZ (IN)
                         net (fo=0)                   0.000     0.000    CLK100MHZ
    E3                   IBUF (Prop_ibuf_I_O)         0.438     0.438 r  CLK100MHZ_IBUF_inst/O
                         net (fo=1, routed)           0.699     1.136    CLK100MHZ_IBUF
    BUFGCTRL_X0Y16       BUFG (Prop_bufg_I_O)         0.029     1.165 r  CLK100MHZ_IBUF_BUFG_inst/O
                         net (fo=21193, routed)       0.836     2.001    u_accel/gen_nn_standard.u_accel/fc1/CLK100MHZ_IBUF_BUFG
    SLICE_X11Y112        FDCE                                         r  u_accel/gen_nn_standard.u_accel/fc1/outputs_reg[25][4]/C

Slack:                    inf
  Source:                 CPU_RESETN
                            (input port)
  Destination:            u_accel/gen_nn_standard.u_accel/gen_hl1_lif[7].hl1_lif/membrane_potential_reg[0]/CLR
                            (removal check against rising-edge clock sys_clk_pin  {rise@0.000ns fall@5.000ns period=10.000ns})
  Path Group:             (none)
  Path Type:              Removal (Min at Fast Process Corner)
  Data Path Delay:        1.712ns  (logic 0.320ns (18.672%)  route 1.392ns (81.328%))
  Logic Levels:           2  (IBUF=1 LUT1=1)
  Clock Path Skew:        2.003ns (DCD - SCD - CPR)
    Destination Clock Delay (DCD):    2.003ns
    Source Clock Delay      (SCD):    0.000ns
    Clock Pessimism Removal (CPR):    -0.000ns

    Location             Delay type                Incr(ns)  Path(ns)    Netlist Resource(s)
  -------------------------------------------------------------------    -------------------
    C12                                               0.000     0.000 r  CPU_RESETN (IN)
                         net (fo=0)                   0.000     0.000    CPU_RESETN
    C12                  IBUF (Prop_ibuf_I_O)         0.275     0.275 r  CPU_RESETN_IBUF_inst/O
                         net (fo=24, routed)          0.923     1.197    u_accel/gen_nn_standard.u_accel/fc2/CPU_RESETN_IBUF
    SLICE_X4Y115         LUT1 (Prop_lut1_I0_O)        0.045     1.242 f  u_accel/gen_nn_standard.u_accel/fc2/FSM_onehot_state[2]_i_2/O
                         net (fo=21031, routed)       0.469     1.712    u_accel/gen_nn_standard.u_accel/gen_hl1_lif[7].hl1_lif/spike_prev_reg_1
    SLICE_X10Y110        FDCE                                         f  u_accel/gen_nn_standard.u_accel/gen_hl1_lif[7].hl1_lif/membrane_potential_reg[0]/CLR
  -------------------------------------------------------------------    -------------------

                         (clock sys_clk_pin rise edge)
                                                      0.000     0.000 r  
    E3                                                0.000     0.000 r  CLK100MHZ (IN)
                         net (fo=0)                   0.000     0.000    CLK100MHZ
    E3                   IBUF (Prop_ibuf_I_O)         0.438     0.438 r  CLK100MHZ_IBUF_inst/O
                         net (fo=1, routed)           0.699     1.136    CLK100MHZ_IBUF
    BUFGCTRL_X0Y16       BUFG (Prop_bufg_I_O)         0.029     1.165 r  CLK100MHZ_IBUF_BUFG_inst/O
                         net (fo=21193, routed)       0.838     2.003    u_accel/gen_nn_standard.u_accel/gen_hl1_lif[7].hl1_lif/CLK100MHZ_IBUF_BUFG
    SLICE_X10Y110        FDCE                                         r  u_accel/gen_nn_standard.u_accel/gen_hl1_lif[7].hl1_lif/membrane_potential_reg[0]/C

Slack:                    inf
  Source:                 CPU_RESETN
                            (input port)
  Destination:            u_accel/gen_nn_standard.u_accel/gen_hl1_lif[7].hl1_lif/membrane_potential_reg[1]/CLR
                            (removal check against rising-edge clock sys_clk_pin  {rise@0.000ns fall@5.000ns period=10.000ns})
  Path Group:             (none)
  Path Type:              Removal (Min at Fast Process Corner)
  Data Path Delay:        1.712ns  (logic 0.320ns (18.672%)  route 1.392ns (81.328%))
  Logic Levels:           2  (IBUF=1 LUT1=1)
  Clock Path Skew:        2.003ns (DCD - SCD - CPR)
    Destination Clock Delay (DCD):    2.003ns
    Source Clock Delay      (SCD):    0.000ns
    Clock Pessimism Removal (CPR):    -0.000ns

    Location             Delay type                Incr(ns)  Path(ns)    Netlist Resource(s)
  -------------------------------------------------------------------    -------------------
    C12                                               0.000     0.000 r  CPU_RESETN (IN)
                         net (fo=0)                   0.000     0.000    CPU_RESETN
    C12                  IBUF (Prop_ibuf_I_O)         0.275     0.275 r  CPU_RESETN_IBUF_inst/O
                         net (fo=24, routed)          0.923     1.197    u_accel/gen_nn_standard.u_accel/fc2/CPU_RESETN_IBUF
    SLICE_X4Y115         LUT1 (Prop_lut1_I0_O)        0.045     1.242 f  u_accel/gen_nn_standard.u_accel/fc2/FSM_onehot_state[2]_i_2/O
                         net (fo=21031, routed)       0.469     1.712    u_accel/gen_nn_standard.u_accel/gen_hl1_lif[7].hl1_lif/spike_prev_reg_1
    SLICE_X10Y110        FDCE                                         f  u_accel/gen_nn_standard.u_accel/gen_hl1_lif[7].hl1_lif/membrane_potential_reg[1]/CLR
  -------------------------------------------------------------------    -------------------

                         (clock sys_clk_pin rise edge)
                                                      0.000     0.000 r  
    E3                                                0.000     0.000 r  CLK100MHZ (IN)
                         net (fo=0)                   0.000     0.000    CLK100MHZ
    E3                   IBUF (Prop_ibuf_I_O)         0.438     0.438 r  CLK100MHZ_IBUF_inst/O
                         net (fo=1, routed)           0.699     1.136    CLK100MHZ_IBUF
    BUFGCTRL_X0Y16       BUFG (Prop_bufg_I_O)         0.029     1.165 r  CLK100MHZ_IBUF_BUFG_inst/O
                         net (fo=21193, routed)       0.838     2.003    u_accel/gen_nn_standard.u_accel/gen_hl1_lif[7].hl1_lif/CLK100MHZ_IBUF_BUFG
    SLICE_X10Y110        FDCE                                         r  u_accel/gen_nn_standard.u_accel/gen_hl1_lif[7].hl1_lif/membrane_potential_reg[1]/C

Slack:                    inf
  Source:                 CPU_RESETN
                            (input port)
  Destination:            u_accel/gen_nn_standard.u_accel/gen_hl1_lif[7].hl1_lif/membrane_potential_reg[2]/CLR
                            (removal check against rising-edge clock sys_clk_pin  {rise@0.000ns fall@5.000ns period=10.000ns})
  Path Group:             (none)
  Path Type:              Removal (Min at Fast Process Corner)
  Data Path Delay:        1.712ns  (logic 0.320ns (18.672%)  route 1.392ns (81.328%))
  Logic Levels:           2  (IBUF=1 LUT1=1)
  Clock Path Skew:        2.003ns (DCD - SCD - CPR)
    Destination Clock Delay (DCD):    2.003ns
    Source Clock Delay      (SCD):    0.000ns
    Clock Pessimism Removal (CPR):    -0.000ns

    Location             Delay type                Incr(ns)  Path(ns)    Netlist Resource(s)
  -------------------------------------------------------------------    -------------------
    C12                                               0.000     0.000 r  CPU_RESETN (IN)
                         net (fo=0)                   0.000     0.000    CPU_RESETN
    C12                  IBUF (Prop_ibuf_I_O)         0.275     0.275 r  CPU_RESETN_IBUF_inst/O
                         net (fo=24, routed)          0.923     1.197    u_accel/gen_nn_standard.u_accel/fc2/CPU_RESETN_IBUF
    SLICE_X4Y115         LUT1 (Prop_lut1_I0_O)        0.045     1.242 f  u_accel/gen_nn_standard.u_accel/fc2/FSM_onehot_state[2]_i_2/O
                         net (fo=21031, routed)       0.469     1.712    u_accel/gen_nn_standard.u_accel/gen_hl1_lif[7].hl1_lif/spike_prev_reg_1
    SLICE_X10Y110        FDCE                                         f  u_accel/gen_nn_standard.u_accel/gen_hl1_lif[7].hl1_lif/membrane_potential_reg[2]/CLR
  -------------------------------------------------------------------    -------------------

                         (clock sys_clk_pin rise edge)
                                                      0.000     0.000 r  
    E3                                                0.000     0.000 r  CLK100MHZ (IN)
                         net (fo=0)                   0.000     0.000    CLK100MHZ
    E3                   IBUF (Prop_ibuf_I_O)         0.438     0.438 r  CLK100MHZ_IBUF_inst/O
                         net (fo=1, routed)           0.699     1.136    CLK100MHZ_IBUF
    BUFGCTRL_X0Y16       BUFG (Prop_bufg_I_O)         0.029     1.165 r  CLK100MHZ_IBUF_BUFG_inst/O
                         net (fo=21193, routed)       0.838     2.003    u_accel/gen_nn_standard.u_accel/gen_hl1_lif[7].hl1_lif/CLK100MHZ_IBUF_BUFG
    SLICE_X10Y110        FDCE                                         r  u_accel/gen_nn_standard.u_accel/gen_hl1_lif[7].hl1_lif/membrane_potential_reg[2]/C

Slack:                    inf
  Source:                 CPU_RESETN
                            (input port)
  Destination:            u_accel/gen_nn_standard.u_accel/gen_hl1_lif[7].hl1_lif/membrane_potential_reg[3]/CLR
                            (removal check against rising-edge clock sys_clk_pin  {rise@0.000ns fall@5.000ns period=10.000ns})
  Path Group:             (none)
  Path Type:              Removal (Min at Fast Process Corner)
  Data Path Delay:        1.712ns  (logic 0.320ns (18.672%)  route 1.392ns (81.328%))
  Logic Levels:           2  (IBUF=1 LUT1=1)
  Clock Path Skew:        2.003ns (DCD - SCD - CPR)
    Destination Clock Delay (DCD):    2.003ns
    Source Clock Delay      (SCD):    0.000ns
    Clock Pessimism Removal (CPR):    -0.000ns

    Location             Delay type                Incr(ns)  Path(ns)    Netlist Resource(s)
  -------------------------------------------------------------------    -------------------
    C12                                               0.000     0.000 r  CPU_RESETN (IN)
                         net (fo=0)                   0.000     0.000    CPU_RESETN
    C12                  IBUF (Prop_ibuf_I_O)         0.275     0.275 r  CPU_RESETN_IBUF_inst/O
                         net (fo=24, routed)          0.923     1.197    u_accel/gen_nn_standard.u_accel/fc2/CPU_RESETN_IBUF
    SLICE_X4Y115         LUT1 (Prop_lut1_I0_O)        0.045     1.242 f  u_accel/gen_nn_standard.u_accel/fc2/FSM_onehot_state[2]_i_2/O
                         net (fo=21031, routed)       0.469     1.712    u_accel/gen_nn_standard.u_accel/gen_hl1_lif[7].hl1_lif/spike_prev_reg_1
    SLICE_X10Y110        FDCE                                         f  u_accel/gen_nn_standard.u_accel/gen_hl1_lif[7].hl1_lif/membrane_potential_reg[3]/CLR
  -------------------------------------------------------------------    -------------------

                         (clock sys_clk_pin rise edge)
                                                      0.000     0.000 r  
    E3                                                0.000     0.000 r  CLK100MHZ (IN)
                         net (fo=0)                   0.000     0.000    CLK100MHZ
    E3                   IBUF (Prop_ibuf_I_O)         0.438     0.438 r  CLK100MHZ_IBUF_inst/O
                         net (fo=1, routed)           0.699     1.136    CLK100MHZ_IBUF
    BUFGCTRL_X0Y16       BUFG (Prop_bufg_I_O)         0.029     1.165 r  CLK100MHZ_IBUF_BUFG_inst/O
                         net (fo=21193, routed)       0.838     2.003    u_accel/gen_nn_standard.u_accel/gen_hl1_lif[7].hl1_lif/CLK100MHZ_IBUF_BUFG
    SLICE_X10Y110        FDCE                                         r  u_accel/gen_nn_standard.u_accel/gen_hl1_lif[7].hl1_lif/membrane_potential_reg[3]/C

Slack:                    inf
  Source:                 CPU_RESETN
                            (input port)
  Destination:            u_accel/gen_nn_standard.u_accel/fc1/outputs_reg[9][0]/CLR
                            (removal check against rising-edge clock sys_clk_pin  {rise@0.000ns fall@5.000ns period=10.000ns})
  Path Group:             (none)
  Path Type:              Removal (Min at Fast Process Corner)
  Data Path Delay:        1.726ns  (logic 0.320ns (18.518%)  route 1.406ns (81.482%))
  Logic Levels:           2  (IBUF=1 LUT1=1)
  Clock Path Skew:        2.000ns (DCD - SCD - CPR)
    Destination Clock Delay (DCD):    2.000ns
    Source Clock Delay      (SCD):    0.000ns
    Clock Pessimism Removal (CPR):    -0.000ns

    Location             Delay type                Incr(ns)  Path(ns)    Netlist Resource(s)
  -------------------------------------------------------------------    -------------------
    C12                                               0.000     0.000 r  CPU_RESETN (IN)
                         net (fo=0)                   0.000     0.000    CPU_RESETN
    C12                  IBUF (Prop_ibuf_I_O)         0.275     0.275 r  CPU_RESETN_IBUF_inst/O
                         net (fo=24, routed)          0.923     1.197    u_accel/gen_nn_standard.u_accel/fc2/CPU_RESETN_IBUF
    SLICE_X4Y115         LUT1 (Prop_lut1_I0_O)        0.045     1.242 f  u_accel/gen_nn_standard.u_accel/fc2/FSM_onehot_state[2]_i_2/O
                         net (fo=21031, routed)       0.484     1.726    u_accel/gen_nn_standard.u_accel/fc1/done_reg_1
    SLICE_X13Y114        FDCE                                         f  u_accel/gen_nn_standard.u_accel/fc1/outputs_reg[9][0]/CLR
  -------------------------------------------------------------------    -------------------

                         (clock sys_clk_pin rise edge)
                                                      0.000     0.000 r  
    E3                                                0.000     0.000 r  CLK100MHZ (IN)
                         net (fo=0)                   0.000     0.000    CLK100MHZ
    E3                   IBUF (Prop_ibuf_I_O)         0.438     0.438 r  CLK100MHZ_IBUF_inst/O
                         net (fo=1, routed)           0.699     1.136    CLK100MHZ_IBUF
    BUFGCTRL_X0Y16       BUFG (Prop_bufg_I_O)         0.029     1.165 r  CLK100MHZ_IBUF_BUFG_inst/O
                         net (fo=21193, routed)       0.835     2.000    u_accel/gen_nn_standard.u_accel/fc1/CLK100MHZ_IBUF_BUFG
    SLICE_X13Y114        FDCE                                         r  u_accel/gen_nn_standard.u_accel/fc1/outputs_reg[9][0]/C

Slack:                    inf
  Source:                 CPU_RESETN
                            (input port)
  Destination:            u_accel/gen_nn_standard.u_accel/fc1/outputs_reg[9][2]/CLR
                            (removal check against rising-edge clock sys_clk_pin  {rise@0.000ns fall@5.000ns period=10.000ns})
  Path Group:             (none)
  Path Type:              Removal (Min at Fast Process Corner)
  Data Path Delay:        1.726ns  (logic 0.320ns (18.518%)  route 1.406ns (81.482%))
  Logic Levels:           2  (IBUF=1 LUT1=1)
  Clock Path Skew:        2.000ns (DCD - SCD - CPR)
    Destination Clock Delay (DCD):    2.000ns
    Source Clock Delay      (SCD):    0.000ns
    Clock Pessimism Removal (CPR):    -0.000ns

    Location             Delay type                Incr(ns)  Path(ns)    Netlist Resource(s)
  -------------------------------------------------------------------    -------------------
    C12                                               0.000     0.000 r  CPU_RESETN (IN)
                         net (fo=0)                   0.000     0.000    CPU_RESETN
    C12                  IBUF (Prop_ibuf_I_O)         0.275     0.275 r  CPU_RESETN_IBUF_inst/O
                         net (fo=24, routed)          0.923     1.197    u_accel/gen_nn_standard.u_accel/fc2/CPU_RESETN_IBUF
    SLICE_X4Y115         LUT1 (Prop_lut1_I0_O)        0.045     1.242 f  u_accel/gen_nn_standard.u_accel/fc2/FSM_onehot_state[2]_i_2/O
                         net (fo=21031, routed)       0.484     1.726    u_accel/gen_nn_standard.u_accel/fc1/done_reg_1
    SLICE_X13Y114        FDCE                                         f  u_accel/gen_nn_standard.u_accel/fc1/outputs_reg[9][2]/CLR
  -------------------------------------------------------------------    -------------------

                         (clock sys_clk_pin rise edge)
                                                      0.000     0.000 r  
    E3                                                0.000     0.000 r  CLK100MHZ (IN)
                         net (fo=0)                   0.000     0.000    CLK100MHZ
    E3                   IBUF (Prop_ibuf_I_O)         0.438     0.438 r  CLK100MHZ_IBUF_inst/O
                         net (fo=1, routed)           0.699     1.136    CLK100MHZ_IBUF
    BUFGCTRL_X0Y16       BUFG (Prop_bufg_I_O)         0.029     1.165 r  CLK100MHZ_IBUF_BUFG_inst/O
                         net (fo=21193, routed)       0.835     2.000    u_accel/gen_nn_standard.u_accel/fc1/CLK100MHZ_IBUF_BUFG
    SLICE_X13Y114        FDCE                                         r  u_accel/gen_nn_standard.u_accel/fc1/outputs_reg[9][2]/C

Slack:                    inf
  Source:                 CPU_RESETN
                            (input port)
  Destination:            u_accel/gen_nn_standard.u_accel/fc1/outputs_reg[9][3]/CLR
                            (removal check against rising-edge clock sys_clk_pin  {rise@0.000ns fall@5.000ns period=10.000ns})
  Path Group:             (none)
  Path Type:              Removal (Min at Fast Process Corner)
  Data Path Delay:        1.726ns  (logic 0.320ns (18.518%)  route 1.406ns (81.482%))
  Logic Levels:           2  (IBUF=1 LUT1=1)
  Clock Path Skew:        2.000ns (DCD - SCD - CPR)
    Destination Clock Delay (DCD):    2.000ns
    Source Clock Delay      (SCD):    0.000ns
    Clock Pessimism Removal (CPR):    -0.000ns

    Location             Delay type                Incr(ns)  Path(ns)    Netlist Resource(s)
  -------------------------------------------------------------------    -------------------
    C12                                               0.000     0.000 r  CPU_RESETN (IN)
                         net (fo=0)                   0.000     0.000    CPU_RESETN
    C12                  IBUF (Prop_ibuf_I_O)         0.275     0.275 r  CPU_RESETN_IBUF_inst/O
                         net (fo=24, routed)          0.923     1.197    u_accel/gen_nn_standard.u_accel/fc2/CPU_RESETN_IBUF
    SLICE_X4Y115         LUT1 (Prop_lut1_I0_O)        0.045     1.242 f  u_accel/gen_nn_standard.u_accel/fc2/FSM_onehot_state[2]_i_2/O
                         net (fo=21031, routed)       0.484     1.726    u_accel/gen_nn_standard.u_accel/fc1/done_reg_1
    SLICE_X12Y114        FDCE                                         f  u_accel/gen_nn_standard.u_accel/fc1/outputs_reg[9][3]/CLR
  -------------------------------------------------------------------    -------------------

                         (clock sys_clk_pin rise edge)
                                                      0.000     0.000 r  
    E3                                                0.000     0.000 r  CLK100MHZ (IN)
                         net (fo=0)                   0.000     0.000    CLK100MHZ
    E3                   IBUF (Prop_ibuf_I_O)         0.438     0.438 r  CLK100MHZ_IBUF_inst/O
                         net (fo=1, routed)           0.699     1.136    CLK100MHZ_IBUF
    BUFGCTRL_X0Y16       BUFG (Prop_bufg_I_O)         0.029     1.165 r  CLK100MHZ_IBUF_BUFG_inst/O
                         net (fo=21193, routed)       0.835     2.000    u_accel/gen_nn_standard.u_accel/fc1/CLK100MHZ_IBUF_BUFG
    SLICE_X12Y114        FDCE                                         r  u_accel/gen_nn_standard.u_accel/fc1/outputs_reg[9][3]/C

Slack:                    inf
  Source:                 CPU_RESETN
                            (input port)
  Destination:            u_accel/gen_nn_standard.u_accel/fc1/outputs_reg[25][0]/CLR
                            (removal check against rising-edge clock sys_clk_pin  {rise@0.000ns fall@5.000ns period=10.000ns})
  Path Group:             (none)
  Path Type:              Removal (Min at Fast Process Corner)
  Data Path Delay:        1.746ns  (logic 0.320ns (18.301%)  route 1.427ns (81.699%))
  Logic Levels:           2  (IBUF=1 LUT1=1)
  Clock Path Skew:        1.998ns (DCD - SCD - CPR)
    Destination Clock Delay (DCD):    1.998ns
    Source Clock Delay      (SCD):    0.000ns
    Clock Pessimism Removal (CPR):    -0.000ns

    Location             Delay type                Incr(ns)  Path(ns)    Netlist Resource(s)
  -------------------------------------------------------------------    -------------------
    C12                                               0.000     0.000 r  CPU_RESETN (IN)
                         net (fo=0)                   0.000     0.000    CPU_RESETN
    C12                  IBUF (Prop_ibuf_I_O)         0.275     0.275 r  CPU_RESETN_IBUF_inst/O
                         net (fo=24, routed)          0.923     1.197    u_accel/gen_nn_standard.u_accel/fc2/CPU_RESETN_IBUF
    SLICE_X4Y115         LUT1 (Prop_lut1_I0_O)        0.045     1.242 f  u_accel/gen_nn_standard.u_accel/fc2/FSM_onehot_state[2]_i_2/O
                         net (fo=21031, routed)       0.504     1.746    u_accel/gen_nn_standard.u_accel/fc1/done_reg_1
    SLICE_X13Y116        FDCE                                         f  u_accel/gen_nn_standard.u_accel/fc1/outputs_reg[25][0]/CLR
  -------------------------------------------------------------------    -------------------

                         (clock sys_clk_pin rise edge)
                                                      0.000     0.000 r  
    E3                                                0.000     0.000 r  CLK100MHZ (IN)
                         net (fo=0)                   0.000     0.000    CLK100MHZ
    E3                   IBUF (Prop_ibuf_I_O)         0.438     0.438 r  CLK100MHZ_IBUF_inst/O
                         net (fo=1, routed)           0.699     1.136    CLK100MHZ_IBUF
    BUFGCTRL_X0Y16       BUFG (Prop_bufg_I_O)         0.029     1.165 r  CLK100MHZ_IBUF_BUFG_inst/O
                         net (fo=21193, routed)       0.833     1.998    u_accel/gen_nn_standard.u_accel/fc1/CLK100MHZ_IBUF_BUFG
    SLICE_X13Y116        FDCE                                         r  u_accel/gen_nn_standard.u_accel/fc1/outputs_reg[25][0]/C

Slack:                    inf
  Source:                 CPU_RESETN
                            (input port)
  Destination:            u_accel/gen_nn_standard.u_accel/fc1/outputs_reg[25][12]/CLR
                            (removal check against rising-edge clock sys_clk_pin  {rise@0.000ns fall@5.000ns period=10.000ns})
  Path Group:             (none)
  Path Type:              Removal (Min at Fast Process Corner)
  Data Path Delay:        1.746ns  (logic 0.320ns (18.301%)  route 1.427ns (81.699%))
  Logic Levels:           2  (IBUF=1 LUT1=1)
  Clock Path Skew:        1.998ns (DCD - SCD - CPR)
    Destination Clock Delay (DCD):    1.998ns
    Source Clock Delay      (SCD):    0.000ns
    Clock Pessimism Removal (CPR):    -0.000ns

    Location             Delay type                Incr(ns)  Path(ns)    Netlist Resource(s)
  -------------------------------------------------------------------    -------------------
    C12                                               0.000     0.000 r  CPU_RESETN (IN)
                         net (fo=0)                   0.000     0.000    CPU_RESETN
    C12                  IBUF (Prop_ibuf_I_O)         0.275     0.275 r  CPU_RESETN_IBUF_inst/O
                         net (fo=24, routed)          0.923     1.197    u_accel/gen_nn_standard.u_accel/fc2/CPU_RESETN_IBUF
    SLICE_X4Y115         LUT1 (Prop_lut1_I0_O)        0.045     1.242 f  u_accel/gen_nn_standard.u_accel/fc2/FSM_onehot_state[2]_i_2/O
                         net (fo=21031, routed)       0.504     1.746    u_accel/gen_nn_standard.u_accel/fc1/done_reg_1
    SLICE_X13Y116        FDCE                                         f  u_accel/gen_nn_standard.u_accel/fc1/outputs_reg[25][12]/CLR
  -------------------------------------------------------------------    -------------------

                         (clock sys_clk_pin rise edge)
                                                      0.000     0.000 r  
    E3                                                0.000     0.000 r  CLK100MHZ (IN)
                         net (fo=0)                   0.000     0.000    CLK100MHZ
    E3                   IBUF (Prop_ibuf_I_O)         0.438     0.438 r  CLK100MHZ_IBUF_inst/O
                         net (fo=1, routed)           0.699     1.136    CLK100MHZ_IBUF
    BUFGCTRL_X0Y16       BUFG (Prop_bufg_I_O)         0.029     1.165 r  CLK100MHZ_IBUF_BUFG_inst/O
                         net (fo=21193, routed)       0.833     1.998    u_accel/gen_nn_standard.u_accel/fc1/CLK100MHZ_IBUF_BUFG
    SLICE_X13Y116        FDCE                                         r  u_accel/gen_nn_standard.u_accel/fc1/outputs_reg[25][12]/C





