Copyright 1986-2022 Xilinx, Inc. All Rights Reserved. Copyright 2022-2025 Advanced Micro Devices, Inc. All Rights Reserved.
------------------------------------------------------------------------------------------------------------------------------------------------------------------------------------------------------------------------------------------------------------------------------------------
| Tool Version : Vivado v.2025.1 (lin64) Build 6140274 Wed May 21 22:58:25 MDT 2025
| Date         : Sat May 23 16:34:38 2026
| Host         : niklas.ece.pdx.edu running 64-bit Pop!_OS 22.04 LTS
| Command      : report_timing_summary -max_paths 10 -routable_nets -report_unconstrained -file board_top_bitshift_64_32_4_timing_summary_routed.rpt -pb board_top_bitshift_64_32_4_timing_summary_routed.pb -rpx board_top_bitshift_64_32_4_timing_summary_routed.rpx -warn_on_violation
| Design       : board_top_bitshift_64_32_4
| Device       : 7a100t-csg324
| Speed File   : -1  PRODUCTION 1.23 2018-06-13
| Design State : Routed
------------------------------------------------------------------------------------------------------------------------------------------------------------------------------------------------------------------------------------------------------------------------------------------

Timing Summary Report

------------------------------------------------------------------------------------------------
| Timer Settings
| --------------
------------------------------------------------------------------------------------------------

  Enable Multi Corner Analysis               :  Yes
  Enable Pessimism Removal                   :  Yes
  Pessimism Removal Resolution               :  Nearest Common Node
  Enable Input Delay Default Clock           :  No
  Enable Preset / Clear Arcs                 :  No
  Disable Flight Delays                      :  No
  Ignore I/O Paths                           :  No
  Timing Early Launch at Borrowing Latches   :  No
  Borrow Time for Max Delay Exceptions       :  Yes
  Merge Timing Exceptions                    :  Yes
  Inter-SLR Compensation                     :  Conservative

  Corner  Analyze    Analyze    
  Name    Max Paths  Min Paths  
  ------  ---------  ---------  
  Slow    Yes        Yes        
  Fast    Yes        Yes        


------------------------------------------------------------------------------------------------
| Report Methodology
| ------------------
------------------------------------------------------------------------------------------------

Rule       Severity  Description                                  Violations  
---------  --------  -------------------------------------------  ----------  
DPIR-1     Warning   Asynchronous driver check                    5581        
TIMING-16  Warning   Large setup violation                        63          
TIMING-18  Warning   Missing input or output delay                19          
ULMTCS-1   Warning   Control Sets use limits recommend reduction  1           

Note: This report is based on the most recent report_methodology run and may not be up-to-date. Run report_methodology on the current design for the latest report.



check_timing report

Table of Contents
-----------------
1. checking no_clock (0)
2. checking constant_clock (0)
3. checking pulse_width_clock (0)
4. checking unconstrained_internal_endpoints (0)
5. checking no_input_delay (2)
6. checking no_output_delay (4)
7. checking multiple_clock (0)
8. checking generated_clocks (0)
9. checking loops (0)
10. checking partial_input_delay (0)
11. checking partial_output_delay (0)
12. checking latch_loops (0)

1. checking no_clock (0)
------------------------
 There are 0 register/latch pins with no clock.


2. checking constant_clock (0)
------------------------------
 There are 0 register/latch pins with constant_clock.


3. checking pulse_width_clock (0)
---------------------------------
 There are 0 register/latch pins which need pulse_width check


4. checking unconstrained_internal_endpoints (0)
------------------------------------------------
 There are 0 pins that are not constrained for maximum delay.

 There are 0 pins that are not constrained for maximum delay due to constant clock.


5. checking no_input_delay (2)
------------------------------
 There are 2 input ports with no input delay specified. (HIGH)

 There are 0 input ports with no input delay but user has a false path constraint.


6. checking no_output_delay (4)
-------------------------------
 There are 4 ports with no output delay specified. (HIGH)

 There are 0 ports with no output delay but user has a false path constraint

 There are 0 ports with no output delay but with a timing clock defined on it or propagating through it


7. checking multiple_clock (0)
------------------------------
 There are 0 register/latch pins with multiple clocks.


8. checking generated_clocks (0)
--------------------------------
 There are 0 generated clocks that are not connected to a clock source.


9. checking loops (0)
---------------------
 There are 0 combinational loops in the design.


10. checking partial_input_delay (0)
------------------------------------
 There are 0 input ports with partial input delay specified.


11. checking partial_output_delay (0)
-------------------------------------
 There are 0 ports with partial output delay specified.


12. checking latch_loops (0)
----------------------------
 There are 0 combinational latch loops in the design through latch input



------------------------------------------------------------------------------------------------
| Design Timing Summary
| ---------------------
------------------------------------------------------------------------------------------------

    WNS(ns)      TNS(ns)  TNS Failing Endpoints  TNS Total Endpoints      WHS(ns)      THS(ns)  THS Failing Endpoints  THS Total Endpoints     WPWS(ns)     TPWS(ns)  TPWS Failing Endpoints  TPWS Total Endpoints  
    -------      -------  ---------------------  -------------------      -------      -------  ---------------------  -------------------     --------     --------  ----------------------  --------------------  
     -1.606     -159.378                    514                90182        0.025        0.000                      0                90182        4.500        0.000                       0                 45694  


Timing constraints are not met.


------------------------------------------------------------------------------------------------
| Clock Summary
| -------------
------------------------------------------------------------------------------------------------

Clock        Waveform(ns)       Period(ns)      Frequency(MHz)
-----        ------------       ----------      --------------
sys_clk_pin  {0.000 5.000}      10.000          100.000         


------------------------------------------------------------------------------------------------
| Intra Clock Table
| -----------------
------------------------------------------------------------------------------------------------

Clock             WNS(ns)      TNS(ns)  TNS Failing Endpoints  TNS Total Endpoints      WHS(ns)      THS(ns)  THS Failing Endpoints  THS Total Endpoints     WPWS(ns)     TPWS(ns)  TPWS Failing Endpoints  TPWS Total Endpoints  
-----             -------      -------  ---------------------  -------------------      -------      -------  ---------------------  -------------------     --------     --------  ----------------------  --------------------  
sys_clk_pin        -1.606     -159.378                    514                90182        0.025        0.000                      0                90182        4.500        0.000                       0                 45694  


------------------------------------------------------------------------------------------------
| Inter Clock Table
| -----------------
------------------------------------------------------------------------------------------------

From Clock    To Clock          WNS(ns)      TNS(ns)  TNS Failing Endpoints  TNS Total Endpoints      WHS(ns)      THS(ns)  THS Failing Endpoints  THS Total Endpoints  
----------    --------          -------      -------  ---------------------  -------------------      -------      -------  ---------------------  -------------------  


------------------------------------------------------------------------------------------------
| Other Path Groups Table
| -----------------------
------------------------------------------------------------------------------------------------

Path Group    From Clock    To Clock          WNS(ns)      TNS(ns)  TNS Failing Endpoints  TNS Total Endpoints      WHS(ns)      THS(ns)  THS Failing Endpoints  THS Total Endpoints  
----------    ----------    --------          -------      -------  ---------------------  -------------------      -------      -------  ---------------------  -------------------  


------------------------------------------------------------------------------------------------
| User Ignored Path Table
| -----------------------
------------------------------------------------------------------------------------------------

Path Group    From Clock    To Clock    
----------    ----------    --------    


------------------------------------------------------------------------------------------------
| Unconstrained Path Table
| ------------------------
------------------------------------------------------------------------------------------------

Path Group    From Clock    To Clock    
----------    ----------    --------    
(none)        sys_clk_pin                 
(none)                      sys_clk_pin   


------------------------------------------------------------------------------------------------
| Timing Details
| --------------
------------------------------------------------------------------------------------------------


---------------------------------------------------------------------------------------------------
From Clock:  sys_clk_pin
  To Clock:  sys_clk_pin

Setup :          514  Failing Endpoints,  Worst Slack       -1.606ns,  Total Violation     -159.378ns
Hold  :            0  Failing Endpoints,  Worst Slack        0.025ns,  Total Violation        0.000ns
PW    :            0  Failing Endpoints,  Worst Slack        4.500ns,  Total Violation        0.000ns
---------------------------------------------------------------------------------------------------


Max Delay Paths
--------------------------------------------------------------------------------------
Slack (VIOLATED) :        -1.606ns  (required time - arrival time)
  Source:                 u_accel/gen_nn_bitshift.u_accel/fc2/input_idx_reg[1]_rep_replica/C
                            (rising edge-triggered cell FDCE clocked by sys_clk_pin  {rise@0.000ns fall@5.000ns period=10.000ns})
  Destination:            u_accel/gen_nn_bitshift.u_accel/fc2/accums_reg[8][37]/D
                            (rising edge-triggered cell FDCE clocked by sys_clk_pin  {rise@0.000ns fall@5.000ns period=10.000ns})
  Path Group:             sys_clk_pin
  Path Type:              Setup (Max at Slow Process Corner)
  Requirement:            10.000ns  (sys_clk_pin rise@10.000ns - sys_clk_pin rise@0.000ns)
  Data Path Delay:        11.317ns  (logic 5.584ns (49.342%)  route 5.733ns (50.658%))
  Logic Levels:           18  (CARRY4=9 LUT2=3 LUT3=2 LUT6=3 MUXF7=1)
  Clock Path Skew:        -0.286ns (DCD - SCD + CPR)
    Destination Clock Delay (DCD):    4.942ns = ( 14.942 - 10.000 ) 
    Source Clock Delay      (SCD):    5.415ns
    Clock Pessimism Removal (CPR):    0.187ns
  Clock Uncertainty:      0.035ns  ((TSJ^2 + TIJ^2)^1/2 + DJ) / 2 + PE
    Total System Jitter     (TSJ):    0.071ns
    Total Input Jitter      (TIJ):    0.000ns
    Discrete Jitter          (DJ):    0.000ns
    Phase Error              (PE):    0.000ns

    Location             Delay type                Incr(ns)  Path(ns)    Netlist Resource(s)
  -------------------------------------------------------------------    -------------------
                         (clock sys_clk_pin rise edge)
                                                      0.000     0.000 r  
    E3                                                0.000     0.000 r  CLK100MHZ (IN)
                         net (fo=0)                   0.000     0.000    CLK100MHZ
    E3                   IBUF (Prop_ibuf_I_O)         1.482     1.482 r  CLK100MHZ_IBUF_inst/O
                         net (fo=1, routed)           2.025     3.506    CLK100MHZ_IBUF
    BUFGCTRL_X0Y16       BUFG (Prop_bufg_I_O)         0.096     3.602 r  CLK100MHZ_IBUF_BUFG_inst/O
                         net (fo=45693, routed)       1.812     5.415    u_accel/gen_nn_bitshift.u_accel/fc2/CLK100MHZ_IBUF_BUFG
    SLICE_X39Y46         FDCE                                         r  u_accel/gen_nn_bitshift.u_accel/fc2/input_idx_reg[1]_rep_replica/C
  -------------------------------------------------------------------    -------------------
    SLICE_X39Y46         FDCE (Prop_fdce_C_Q)         0.456     5.871 r  u_accel/gen_nn_bitshift.u_accel/fc2/input_idx_reg[1]_rep_replica/Q
                         net (fo=8, routed)           1.006     6.877    u_accel/gen_nn_bitshift.u_accel/fc2/input_idx_reg[1]_rep_n_0_repN
    SLICE_X40Y47         LUT6 (Prop_lut6_I2_O)        0.124     7.001 r  u_accel/gen_nn_bitshift.u_accel/fc2/i__i_14/O
                         net (fo=1, routed)           0.000     7.001    u_accel/gen_nn_bitshift.u_accel/fc2/i__i_14_n_0
    SLICE_X40Y47         MUXF7 (Prop_muxf7_I1_O)      0.217     7.218 r  u_accel/gen_nn_bitshift.u_accel/fc2/i__i_5/O
                         net (fo=2, routed)           0.589     7.807    u_accel/gen_nn_bitshift.u_accel/fc2/i__i_5_n_0
    SLICE_X38Y47         LUT6 (Prop_lut6_I0_O)        0.299     8.106 r  u_accel/gen_nn_bitshift.u_accel/fc2/i__i_1/O
                         net (fo=46, routed)          0.699     8.804    u_accel/gen_nn_bitshift.u_accel/fc2/i__i_1_n_0
    SLICE_X39Y47         LUT6 (Prop_lut6_I5_O)        0.124     8.928 r  u_accel/gen_nn_bitshift.u_accel/fc2/i___94_i_89/O
                         net (fo=1, routed)           0.489     9.417    u_accel/gen_nn_bitshift.u_accel/fc2/i___94_i_89_n_0
    SLICE_X35Y50         CARRY4 (Prop_carry4_DI[0]_O[2])
                                                      0.556     9.973 r  u_accel/gen_nn_bitshift.u_accel/fc2/i___94_i_79/O[2]
                         net (fo=2, routed)           0.369    10.342    u_accel/gen_nn_bitshift.u_accel/fc2/i___94_i_79_n_5
    SLICE_X34Y50         LUT2 (Prop_lut2_I1_O)        0.302    10.644 r  u_accel/gen_nn_bitshift.u_accel/fc2/i___94_i_69/O
                         net (fo=2, routed)           0.509    11.153    u_accel/gen_nn_bitshift.u_accel/fc2/i___94_i_69_n_0
    SLICE_X32Y50         LUT3 (Prop_lut3_I2_O)        0.124    11.277 r  u_accel/gen_nn_bitshift.u_accel/fc2/i___94_i_73/O
                         net (fo=1, routed)           0.000    11.277    u_accel/gen_nn_bitshift.u_accel/fc2/i___94_i_73_n_0
    SLICE_X32Y50         CARRY4 (Prop_carry4_S[3]_CO[3])
                                                      0.401    11.678 r  u_accel/gen_nn_bitshift.u_accel/fc2/i___94_i_48/CO[3]
                         net (fo=1, routed)           0.000    11.678    u_accel/gen_nn_bitshift.u_accel/fc2/i___94_i_48_n_0
    SLICE_X32Y51         CARRY4 (Prop_carry4_CI_CO[3])
                                                      0.114    11.792 r  u_accel/gen_nn_bitshift.u_accel/fc2/i___94_i_29/CO[3]
                         net (fo=1, routed)           0.000    11.792    u_accel/gen_nn_bitshift.u_accel/fc2/i___94_i_29_n_0
    SLICE_X32Y52         CARRY4 (Prop_carry4_CI_O[2])
                                                      0.239    12.031 r  u_accel/gen_nn_bitshift.u_accel/fc2/i___94_i_15/O[2]
                         net (fo=2, routed)           0.422    12.453    u_accel/gen_nn_bitshift.u_accel/fc2/i___94_i_15_n_5
    SLICE_X33Y52         LUT3 (Prop_lut3_I0_O)        0.302    12.755 r  u_accel/gen_nn_bitshift.u_accel/fc2/i___94_i_7/O
                         net (fo=2, routed)           0.648    13.403    u_accel/gen_nn_bitshift.u_accel/fc2/i___94_i_7_n_0
    SLICE_X34Y54         CARRY4 (Prop_carry4_DI[3]_CO[3])
                                                      0.396    13.799 r  u_accel/gen_nn_bitshift.u_accel/fc2/i___94_i_2/CO[3]
                         net (fo=1, routed)           0.000    13.799    u_accel/gen_nn_bitshift.u_accel/fc2/i___94_i_2_n_0
    SLICE_X34Y55         CARRY4 (Prop_carry4_CI_O[1])
                                                      0.323    14.122 r  u_accel/gen_nn_bitshift.u_accel/fc2/i___94_i_1/O[1]
                         net (fo=4, routed)           0.591    14.713    u_accel/gen_nn_bitshift.u_accel/fc2/i___94_i_1_n_6
    SLICE_X36Y55         LUT2 (Prop_lut2_I0_O)        0.306    15.019 r  u_accel/gen_nn_bitshift.u_accel/fc2/accums[8][31]_i_4/O
                         net (fo=1, routed)           0.000    15.019    u_accel/gen_nn_bitshift.u_accel/fc2/accums[8][31]_i_4_n_0
    SLICE_X36Y55         CARRY4 (Prop_carry4_S[1]_CO[3])
                                                      0.550    15.569 r  u_accel/gen_nn_bitshift.u_accel/fc2/accums_reg[8][31]_i_2/CO[3]
                         net (fo=1, routed)           0.000    15.569    u_accel/gen_nn_bitshift.u_accel/fc2/accums_reg[8][31]_i_2_n_0
    SLICE_X36Y56         CARRY4 (Prop_carry4_CI_CO[3])
                                                      0.114    15.683 r  u_accel/gen_nn_bitshift.u_accel/fc2/accums_reg[8][35]_i_2/CO[3]
                         net (fo=1, routed)           0.000    15.683    u_accel/gen_nn_bitshift.u_accel/fc2/accums_reg[8][35]_i_2_n_0
    SLICE_X36Y57         CARRY4 (Prop_carry4_CI_O[1])
                                                      0.334    16.017 r  u_accel/gen_nn_bitshift.u_accel/fc2/accums_reg[8][38]_i_2/O[1]
                         net (fo=1, routed)           0.411    16.429    u_accel/gen_nn_bitshift.u_accel/fc2/accums_reg[8][38]_i_2_n_6
    SLICE_X37Y56         LUT2 (Prop_lut2_I1_O)        0.303    16.732 r  u_accel/gen_nn_bitshift.u_accel/fc2/accums[8][37]_i_1/O
                         net (fo=1, routed)           0.000    16.732    u_accel/gen_nn_bitshift.u_accel/fc2/accums[8][37]_i_1_n_0
    SLICE_X37Y56         FDCE                                         r  u_accel/gen_nn_bitshift.u_accel/fc2/accums_reg[8][37]/D
  -------------------------------------------------------------------    -------------------

                         (clock sys_clk_pin rise edge)
                                                     10.000    10.000 r  
    E3                                                0.000    10.000 r  CLK100MHZ (IN)
                         net (fo=0)                   0.000    10.000    CLK100MHZ
    E3                   IBUF (Prop_ibuf_I_O)         1.411    11.411 r  CLK100MHZ_IBUF_inst/O
                         net (fo=1, routed)           1.920    13.331    CLK100MHZ_IBUF
    BUFGCTRL_X0Y16       BUFG (Prop_bufg_I_O)         0.091    13.422 r  CLK100MHZ_IBUF_BUFG_inst/O
                         net (fo=45693, routed)       1.519    14.942    u_accel/gen_nn_bitshift.u_accel/fc2/CLK100MHZ_IBUF_BUFG
    SLICE_X37Y56         FDCE                                         r  u_accel/gen_nn_bitshift.u_accel/fc2/accums_reg[8][37]/C
                         clock pessimism              0.187    15.129    
                         clock uncertainty           -0.035    15.093    
    SLICE_X37Y56         FDCE (Setup_fdce_C_D)        0.032    15.125    u_accel/gen_nn_bitshift.u_accel/fc2/accums_reg[8][37]
  -------------------------------------------------------------------
                         required time                         15.125    
                         arrival time                         -16.732    
  -------------------------------------------------------------------
                         slack                                 -1.606    

Slack (VIOLATED) :        -1.575ns  (required time - arrival time)
  Source:                 u_accel/gen_nn_bitshift.u_accel/fc2/input_idx_reg[1]_rep_replica/C
                            (rising edge-triggered cell FDCE clocked by sys_clk_pin  {rise@0.000ns fall@5.000ns period=10.000ns})
  Destination:            u_accel/gen_nn_bitshift.u_accel/fc2/accums_reg[9][37]/D
                            (rising edge-triggered cell FDCE clocked by sys_clk_pin  {rise@0.000ns fall@5.000ns period=10.000ns})
  Path Group:             sys_clk_pin
  Path Type:              Setup (Max at Slow Process Corner)
  Requirement:            10.000ns  (sys_clk_pin rise@10.000ns - sys_clk_pin rise@0.000ns)
  Data Path Delay:        11.283ns  (logic 5.601ns (49.643%)  route 5.682ns (50.357%))
  Logic Levels:           18  (CARRY4=9 LUT2=4 LUT3=1 LUT6=3 MUXF7=1)
  Clock Path Skew:        -0.288ns (DCD - SCD + CPR)
    Destination Clock Delay (DCD):    4.940ns = ( 14.940 - 10.000 ) 
    Source Clock Delay      (SCD):    5.415ns
    Clock Pessimism Removal (CPR):    0.187ns
  Clock Uncertainty:      0.035ns  ((TSJ^2 + TIJ^2)^1/2 + DJ) / 2 + PE
    Total System Jitter     (TSJ):    0.071ns
    Total Input Jitter      (TIJ):    0.000ns
    Discrete Jitter          (DJ):    0.000ns
    Phase Error              (PE):    0.000ns

    Location             Delay type                Incr(ns)  Path(ns)    Netlist Resource(s)
  -------------------------------------------------------------------    -------------------
                         (clock sys_clk_pin rise edge)
                                                      0.000     0.000 r  
    E3                                                0.000     0.000 r  CLK100MHZ (IN)
                         net (fo=0)                   0.000     0.000    CLK100MHZ
    E3                   IBUF (Prop_ibuf_I_O)         1.482     1.482 r  CLK100MHZ_IBUF_inst/O
                         net (fo=1, routed)           2.025     3.506    CLK100MHZ_IBUF
    BUFGCTRL_X0Y16       BUFG (Prop_bufg_I_O)         0.096     3.602 r  CLK100MHZ_IBUF_BUFG_inst/O
                         net (fo=45693, routed)       1.812     5.415    u_accel/gen_nn_bitshift.u_accel/fc2/CLK100MHZ_IBUF_BUFG
    SLICE_X39Y46         FDCE                                         r  u_accel/gen_nn_bitshift.u_accel/fc2/input_idx_reg[1]_rep_replica/C
  -------------------------------------------------------------------    -------------------
    SLICE_X39Y46         FDCE (Prop_fdce_C_Q)         0.456     5.871 r  u_accel/gen_nn_bitshift.u_accel/fc2/input_idx_reg[1]_rep_replica/Q
                         net (fo=8, routed)           1.006     6.877    u_accel/gen_nn_bitshift.u_accel/fc2/input_idx_reg[1]_rep_n_0_repN
    SLICE_X40Y47         LUT6 (Prop_lut6_I2_O)        0.124     7.001 f  u_accel/gen_nn_bitshift.u_accel/fc2/i__i_14/O
                         net (fo=1, routed)           0.000     7.001    u_accel/gen_nn_bitshift.u_accel/fc2/i__i_14_n_0
    SLICE_X40Y47         MUXF7 (Prop_muxf7_I1_O)      0.217     7.218 f  u_accel/gen_nn_bitshift.u_accel/fc2/i__i_5/O
                         net (fo=2, routed)           0.589     7.807    u_accel/gen_nn_bitshift.u_accel/fc2/i__i_5_n_0
    SLICE_X38Y47         LUT6 (Prop_lut6_I0_O)        0.299     8.106 f  u_accel/gen_nn_bitshift.u_accel/fc2/i__i_1/O
                         net (fo=46, routed)          1.009     9.115    u_accel/gen_nn_bitshift.u_accel/fc2/i__i_1_n_0
    SLICE_X41Y49         LUT6 (Prop_lut6_I0_O)        0.124     9.239 r  u_accel/gen_nn_bitshift.u_accel/fc2/i___96_i_87/O
                         net (fo=1, routed)           0.000     9.239    u_accel/gen_nn_bitshift.u_accel/fc2/i___96_i_87_n_0
    SLICE_X41Y49         CARRY4 (Prop_carry4_S[3]_CO[3])
                                                      0.401     9.640 r  u_accel/gen_nn_bitshift.u_accel/fc2/i___96_i_78/CO[3]
                         net (fo=1, routed)           0.001     9.640    u_accel/gen_nn_bitshift.u_accel/fc2/i___96_i_78_n_0
    SLICE_X41Y50         CARRY4 (Prop_carry4_CI_O[1])
                                                      0.334     9.974 r  u_accel/gen_nn_bitshift.u_accel/fc2/i___96_i_63/O[1]
                         net (fo=2, routed)           0.424    10.398    u_accel/gen_nn_bitshift.u_accel/fc2/i___96_i_63_n_6
    SLICE_X41Y51         LUT2 (Prop_lut2_I1_O)        0.303    10.701 r  u_accel/gen_nn_bitshift.u_accel/fc2/i___96_i_52/O
                         net (fo=2, routed)           0.632    11.333    u_accel/gen_nn_bitshift.u_accel/fc2/i___96_i_52_n_0
    SLICE_X41Y54         LUT2 (Prop_lut2_I1_O)        0.124    11.457 r  u_accel/gen_nn_bitshift.u_accel/fc2/i___96_i_56/O
                         net (fo=1, routed)           0.000    11.457    u_accel/gen_nn_bitshift.u_accel/fc2/i___96_i_56_n_0
    SLICE_X41Y54         CARRY4 (Prop_carry4_S[2]_CO[3])
                                                      0.398    11.855 r  u_accel/gen_nn_bitshift.u_accel/fc2/i___96_i_29/CO[3]
                         net (fo=1, routed)           0.000    11.855    u_accel/gen_nn_bitshift.u_accel/fc2/i___96_i_29_n_0
    SLICE_X41Y55         CARRY4 (Prop_carry4_CI_O[1])
                                                      0.334    12.189 r  u_accel/gen_nn_bitshift.u_accel/fc2/i___96_i_15/O[1]
                         net (fo=2, routed)           0.321    12.510    u_accel/gen_nn_bitshift.u_accel/fc2/i___96_i_15_n_6
    SLICE_X39Y56         LUT3 (Prop_lut3_I0_O)        0.303    12.813 r  u_accel/gen_nn_bitshift.u_accel/fc2/i___96_i_8/O
                         net (fo=2, routed)           0.634    13.447    u_accel/gen_nn_bitshift.u_accel/fc2/i___96_i_8_n_0
    SLICE_X39Y54         CARRY4 (Prop_carry4_DI[2]_CO[3])
                                                      0.398    13.845 r  u_accel/gen_nn_bitshift.u_accel/fc2/i___96_i_2/CO[3]
                         net (fo=1, routed)           0.000    13.845    u_accel/gen_nn_bitshift.u_accel/fc2/i___96_i_2_n_0
    SLICE_X39Y55         CARRY4 (Prop_carry4_CI_O[1])
                                                      0.334    14.179 r  u_accel/gen_nn_bitshift.u_accel/fc2/i___96_i_1/O[1]
                         net (fo=4, routed)           0.654    14.833    u_accel/gen_nn_bitshift.u_accel/fc2/i___96_i_1_n_6
    SLICE_X40Y56         LUT2 (Prop_lut2_I0_O)        0.303    15.136 r  u_accel/gen_nn_bitshift.u_accel/fc2/i___96/O
                         net (fo=1, routed)           0.000    15.136    u_accel/gen_nn_bitshift.u_accel/fc2/i___96_n_0
    SLICE_X40Y56         CARRY4 (Prop_carry4_S[2]_CO[3])
                                                      0.398    15.534 r  u_accel/gen_nn_bitshift.u_accel/fc2/accums_reg[9][31]_i_2/CO[3]
                         net (fo=1, routed)           0.000    15.534    u_accel/gen_nn_bitshift.u_accel/fc2/accums_reg[9][31]_i_2_n_0
    SLICE_X40Y57         CARRY4 (Prop_carry4_CI_CO[3])
                                                      0.114    15.648 r  u_accel/gen_nn_bitshift.u_accel/fc2/accums_reg[9][35]_i_2/CO[3]
                         net (fo=1, routed)           0.000    15.648    u_accel/gen_nn_bitshift.u_accel/fc2/accums_reg[9][35]_i_2_n_0
    SLICE_X40Y58         CARRY4 (Prop_carry4_CI_O[1])
                                                      0.334    15.982 r  u_accel/gen_nn_bitshift.u_accel/fc2/accums_reg[9][38]_i_2/O[1]
                         net (fo=1, routed)           0.412    16.394    u_accel/gen_nn_bitshift.u_accel/fc2/accums_reg[9][38]_i_2_n_6
    SLICE_X41Y57         LUT2 (Prop_lut2_I1_O)        0.303    16.697 r  u_accel/gen_nn_bitshift.u_accel/fc2/accums[9][37]_i_1/O
                         net (fo=1, routed)           0.000    16.697    u_accel/gen_nn_bitshift.u_accel/fc2/accums[9][37]_i_1_n_0
    SLICE_X41Y57         FDCE                                         r  u_accel/gen_nn_bitshift.u_accel/fc2/accums_reg[9][37]/D
  -------------------------------------------------------------------    -------------------

                         (clock sys_clk_pin rise edge)
                                                     10.000    10.000 r  
    E3                                                0.000    10.000 r  CLK100MHZ (IN)
                         net (fo=0)                   0.000    10.000    CLK100MHZ
    E3                   IBUF (Prop_ibuf_I_O)         1.411    11.411 r  CLK100MHZ_IBUF_inst/O
                         net (fo=1, routed)           1.920    13.331    CLK100MHZ_IBUF
    BUFGCTRL_X0Y16       BUFG (Prop_bufg_I_O)         0.091    13.422 r  CLK100MHZ_IBUF_BUFG_inst/O
                         net (fo=45693, routed)       1.517    14.940    u_accel/gen_nn_bitshift.u_accel/fc2/CLK100MHZ_IBUF_BUFG
    SLICE_X41Y57         FDCE                                         r  u_accel/gen_nn_bitshift.u_accel/fc2/accums_reg[9][37]/C
                         clock pessimism              0.187    15.127    
                         clock uncertainty           -0.035    15.091    
    SLICE_X41Y57         FDCE (Setup_fdce_C_D)        0.031    15.122    u_accel/gen_nn_bitshift.u_accel/fc2/accums_reg[9][37]
  -------------------------------------------------------------------
                         required time                         15.122    
                         arrival time                         -16.697    
  -------------------------------------------------------------------
                         slack                                 -1.575    

Slack (VIOLATED) :        -1.569ns  (required time - arrival time)
  Source:                 u_accel/gen_nn_bitshift.u_accel/q_accum/timestep_counter_reg[0]_rep__6/C
                            (rising edge-triggered cell FDCE clocked by sys_clk_pin  {rise@0.000ns fall@5.000ns period=10.000ns})
  Destination:            u_accel/gen_nn_bitshift.u_accel/q_accum/p_0_out/A[1]
                            (rising edge-triggered cell DSP48E1 clocked by sys_clk_pin  {rise@0.000ns fall@5.000ns period=10.000ns})
  Path Group:             sys_clk_pin
  Path Type:              Setup (Max at Slow Process Corner)
  Requirement:            10.000ns  (sys_clk_pin rise@10.000ns - sys_clk_pin rise@0.000ns)
  Data Path Delay:        7.778ns  (logic 1.468ns (18.874%)  route 6.310ns (81.126%))
  Logic Levels:           6  (LUT5=1 LUT6=4 MUXF7=1)
  Clock Path Skew:        -0.033ns (DCD - SCD + CPR)
    Destination Clock Delay (DCD):    5.017ns = ( 15.017 - 10.000 ) 
    Source Clock Delay      (SCD):    5.238ns
    Clock Pessimism Removal (CPR):    0.187ns
  Clock Uncertainty:      0.035ns  ((TSJ^2 + TIJ^2)^1/2 + DJ) / 2 + PE
    Total System Jitter     (TSJ):    0.071ns
    Total Input Jitter      (TIJ):    0.000ns
    Discrete Jitter          (DJ):    0.000ns
    Phase Error              (PE):    0.000ns

    Location             Delay type                Incr(ns)  Path(ns)    Netlist Resource(s)
  -------------------------------------------------------------------    -------------------
                         (clock sys_clk_pin rise edge)
                                                      0.000     0.000 r  
    E3                                                0.000     0.000 r  CLK100MHZ (IN)
                         net (fo=0)                   0.000     0.000    CLK100MHZ
    E3                   IBUF (Prop_ibuf_I_O)         1.482     1.482 r  CLK100MHZ_IBUF_inst/O
                         net (fo=1, routed)           2.025     3.506    CLK100MHZ_IBUF
    BUFGCTRL_X0Y16       BUFG (Prop_bufg_I_O)         0.096     3.602 r  CLK100MHZ_IBUF_BUFG_inst/O
                         net (fo=45693, routed)       1.635     5.238    u_accel/gen_nn_bitshift.u_accel/q_accum/CLK100MHZ_IBUF_BUFG
    SLICE_X35Y64         FDCE                                         r  u_accel/gen_nn_bitshift.u_accel/q_accum/timestep_counter_reg[0]_rep__6/C
  -------------------------------------------------------------------    -------------------
    SLICE_X35Y64         FDCE (Prop_fdce_C_Q)         0.456     5.694 r  u_accel/gen_nn_bitshift.u_accel/q_accum/timestep_counter_reg[0]_rep__6/Q
                         net (fo=123, routed)         1.689     7.383    u_accel/gen_nn_bitshift.u_accel/gen_hl2[12].membrane_buf/p_0_out_i_3347_0
    SLICE_X65Y83         LUT6 (Prop_lut6_I4_O)        0.124     7.507 r  u_accel/gen_nn_bitshift.u_accel/gen_hl2[12].membrane_buf/p_0_out_i_6285/O
                         net (fo=1, routed)           0.000     7.507    u_accel/gen_nn_bitshift.u_accel/gen_hl2[12].membrane_buf/p_0_out_i_6285_n_0
    SLICE_X65Y83         MUXF7 (Prop_muxf7_I1_O)      0.217     7.724 r  u_accel/gen_nn_bitshift.u_accel/gen_hl2[12].membrane_buf/p_0_out_i_3348/O
                         net (fo=1, routed)           1.017     8.741    u_accel/gen_nn_bitshift.u_accel/gen_hl2[12].membrane_buf/p_0_out_i_3348_n_0
    SLICE_X60Y75         LUT5 (Prop_lut5_I4_O)        0.299     9.040 r  u_accel/gen_nn_bitshift.u_accel/gen_hl2[12].membrane_buf/p_0_out_i_1108/O
                         net (fo=1, routed)           1.062    10.102    u_accel/gen_nn_bitshift.u_accel/q_accum/membrane_to_q[12]_782[1]
    SLICE_X55Y67         LUT6 (Prop_lut6_I5_O)        0.124    10.226 r  u_accel/gen_nn_bitshift.u_accel/q_accum/p_0_out_i_348/O
                         net (fo=1, routed)           1.191    11.417    u_accel/gen_nn_bitshift.u_accel/q_accum/p_0_out_i_348_n_0
    SLICE_X55Y52         LUT6 (Prop_lut6_I0_O)        0.124    11.541 f  u_accel/gen_nn_bitshift.u_accel/q_accum/p_0_out_i_117/O
                         net (fo=1, routed)           0.807    12.348    u_accel/gen_nn_bitshift.u_accel/q_accum/p_0_out_i_117_n_0
    SLICE_X56Y52         LUT6 (Prop_lut6_I5_O)        0.124    12.472 r  u_accel/gen_nn_bitshift.u_accel/q_accum/p_0_out_i_24/O
                         net (fo=2, routed)           0.543    13.016    u_accel/gen_nn_bitshift.u_accel/q_accum/membrane_in[1]
    DSP48_X1Y21          DSP48E1                                      r  u_accel/gen_nn_bitshift.u_accel/q_accum/p_0_out/A[1]
  -------------------------------------------------------------------    -------------------

                         (clock sys_clk_pin rise edge)
                                                     10.000    10.000 r  
    E3                                                0.000    10.000 r  CLK100MHZ (IN)
                         net (fo=0)                   0.000    10.000    CLK100MHZ
    E3                   IBUF (Prop_ibuf_I_O)         1.411    11.411 r  CLK100MHZ_IBUF_inst/O
                         net (fo=1, routed)           1.920    13.331    CLK100MHZ_IBUF
    BUFGCTRL_X0Y16       BUFG (Prop_bufg_I_O)         0.091    13.422 r  CLK100MHZ_IBUF_BUFG_inst/O
                         net (fo=45693, routed)       1.595    15.017    u_accel/gen_nn_bitshift.u_accel/q_accum/CLK100MHZ_IBUF_BUFG
    DSP48_X1Y21          DSP48E1                                      r  u_accel/gen_nn_bitshift.u_accel/q_accum/p_0_out/CLK
                         clock pessimism              0.187    15.204    
                         clock uncertainty           -0.035    15.169    
    DSP48_X1Y21          DSP48E1 (Setup_dsp48e1_CLK_A[1])
                                                     -3.722    11.447    u_accel/gen_nn_bitshift.u_accel/q_accum/p_0_out
  -------------------------------------------------------------------
                         required time                         11.447    
                         arrival time                         -13.016    
  -------------------------------------------------------------------
                         slack                                 -1.569    

Slack (VIOLATED) :        -1.568ns  (required time - arrival time)
  Source:                 u_accel/gen_nn_bitshift.u_accel/q_accum/timestep_counter_reg[0]_rep__6/C
                            (rising edge-triggered cell FDCE clocked by sys_clk_pin  {rise@0.000ns fall@5.000ns period=10.000ns})
  Destination:            u_accel/gen_nn_bitshift.u_accel/q_accum/p_0_out__0/A[1]
                            (rising edge-triggered cell DSP48E1 clocked by sys_clk_pin  {rise@0.000ns fall@5.000ns period=10.000ns})
  Path Group:             sys_clk_pin
  Path Type:              Setup (Max at Slow Process Corner)
  Requirement:            10.000ns  (sys_clk_pin rise@10.000ns - sys_clk_pin rise@0.000ns)
  Data Path Delay:        7.778ns  (logic 1.468ns (18.874%)  route 6.310ns (81.126%))
  Logic Levels:           6  (LUT5=1 LUT6=4 MUXF7=1)
  Clock Path Skew:        -0.032ns (DCD - SCD + CPR)
    Destination Clock Delay (DCD):    5.018ns = ( 15.018 - 10.000 ) 
    Source Clock Delay      (SCD):    5.238ns
    Clock Pessimism Removal (CPR):    0.187ns
  Clock Uncertainty:      0.035ns  ((TSJ^2 + TIJ^2)^1/2 + DJ) / 2 + PE
    Total System Jitter     (TSJ):    0.071ns
    Total Input Jitter      (TIJ):    0.000ns
    Discrete Jitter          (DJ):    0.000ns
    Phase Error              (PE):    0.000ns

    Location             Delay type                Incr(ns)  Path(ns)    Netlist Resource(s)
  -------------------------------------------------------------------    -------------------
                         (clock sys_clk_pin rise edge)
                                                      0.000     0.000 r  
    E3                                                0.000     0.000 r  CLK100MHZ (IN)
                         net (fo=0)                   0.000     0.000    CLK100MHZ
    E3                   IBUF (Prop_ibuf_I_O)         1.482     1.482 r  CLK100MHZ_IBUF_inst/O
                         net (fo=1, routed)           2.025     3.506    CLK100MHZ_IBUF
    BUFGCTRL_X0Y16       BUFG (Prop_bufg_I_O)         0.096     3.602 r  CLK100MHZ_IBUF_BUFG_inst/O
                         net (fo=45693, routed)       1.635     5.238    u_accel/gen_nn_bitshift.u_accel/q_accum/CLK100MHZ_IBUF_BUFG
    SLICE_X35Y64         FDCE                                         r  u_accel/gen_nn_bitshift.u_accel/q_accum/timestep_counter_reg[0]_rep__6/C
  -------------------------------------------------------------------    -------------------
    SLICE_X35Y64         FDCE (Prop_fdce_C_Q)         0.456     5.694 r  u_accel/gen_nn_bitshift.u_accel/q_accum/timestep_counter_reg[0]_rep__6/Q
                         net (fo=123, routed)         1.689     7.383    u_accel/gen_nn_bitshift.u_accel/gen_hl2[12].membrane_buf/p_0_out_i_3347_0
    SLICE_X65Y83         LUT6 (Prop_lut6_I4_O)        0.124     7.507 r  u_accel/gen_nn_bitshift.u_accel/gen_hl2[12].membrane_buf/p_0_out_i_6285/O
                         net (fo=1, routed)           0.000     7.507    u_accel/gen_nn_bitshift.u_accel/gen_hl2[12].membrane_buf/p_0_out_i_6285_n_0
    SLICE_X65Y83         MUXF7 (Prop_muxf7_I1_O)      0.217     7.724 r  u_accel/gen_nn_bitshift.u_accel/gen_hl2[12].membrane_buf/p_0_out_i_3348/O
                         net (fo=1, routed)           1.017     8.741    u_accel/gen_nn_bitshift.u_accel/gen_hl2[12].membrane_buf/p_0_out_i_3348_n_0
    SLICE_X60Y75         LUT5 (Prop_lut5_I4_O)        0.299     9.040 r  u_accel/gen_nn_bitshift.u_accel/gen_hl2[12].membrane_buf/p_0_out_i_1108/O
                         net (fo=1, routed)           1.062    10.102    u_accel/gen_nn_bitshift.u_accel/q_accum/membrane_to_q[12]_782[1]
    SLICE_X55Y67         LUT6 (Prop_lut6_I5_O)        0.124    10.226 r  u_accel/gen_nn_bitshift.u_accel/q_accum/p_0_out_i_348/O
                         net (fo=1, routed)           1.191    11.417    u_accel/gen_nn_bitshift.u_accel/q_accum/p_0_out_i_348_n_0
    SLICE_X55Y52         LUT6 (Prop_lut6_I0_O)        0.124    11.541 f  u_accel/gen_nn_bitshift.u_accel/q_accum/p_0_out_i_117/O
                         net (fo=1, routed)           0.807    12.348    u_accel/gen_nn_bitshift.u_accel/q_accum/p_0_out_i_117_n_0
    SLICE_X56Y52         LUT6 (Prop_lut6_I5_O)        0.124    12.472 r  u_accel/gen_nn_bitshift.u_accel/q_accum/p_0_out_i_24/O
                         net (fo=2, routed)           0.543    13.016    u_accel/gen_nn_bitshift.u_accel/q_accum/membrane_in[1]
    DSP48_X1Y20          DSP48E1                                      r  u_accel/gen_nn_bitshift.u_accel/q_accum/p_0_out__0/A[1]
  -------------------------------------------------------------------    -------------------

                         (clock sys_clk_pin rise edge)
                                                     10.000    10.000 r  
    E3                                                0.000    10.000 r  CLK100MHZ (IN)
                         net (fo=0)                   0.000    10.000    CLK100MHZ
    E3                   IBUF (Prop_ibuf_I_O)         1.411    11.411 r  CLK100MHZ_IBUF_inst/O
                         net (fo=1, routed)           1.920    13.331    CLK100MHZ_IBUF
    BUFGCTRL_X0Y16       BUFG (Prop_bufg_I_O)         0.091    13.422 r  CLK100MHZ_IBUF_BUFG_inst/O
                         net (fo=45693, routed)       1.596    15.018    u_accel/gen_nn_bitshift.u_accel/q_accum/CLK100MHZ_IBUF_BUFG
    DSP48_X1Y20          DSP48E1                                      r  u_accel/gen_nn_bitshift.u_accel/q_accum/p_0_out__0/CLK
                         clock pessimism              0.187    15.205    
                         clock uncertainty           -0.035    15.170    
    DSP48_X1Y20          DSP48E1 (Setup_dsp48e1_CLK_A[1])
                                                     -3.722    11.448    u_accel/gen_nn_bitshift.u_accel/q_accum/p_0_out__0
  -------------------------------------------------------------------
                         required time                         11.448    
                         arrival time                         -13.016    
  -------------------------------------------------------------------
                         slack                                 -1.568    

Slack (VIOLATED) :        -1.534ns  (required time - arrival time)
  Source:                 u_accel/gen_nn_bitshift.u_accel/fc2/input_idx_reg[1]_rep_replica/C
                            (rising edge-triggered cell FDCE clocked by sys_clk_pin  {rise@0.000ns fall@5.000ns period=10.000ns})
  Destination:            u_accel/gen_nn_bitshift.u_accel/fc2/accums_reg[8][38]/D
                            (rising edge-triggered cell FDCE clocked by sys_clk_pin  {rise@0.000ns fall@5.000ns period=10.000ns})
  Path Group:             sys_clk_pin
  Path Type:              Setup (Max at Slow Process Corner)
  Requirement:            10.000ns  (sys_clk_pin rise@10.000ns - sys_clk_pin rise@0.000ns)
  Data Path Delay:        11.243ns  (logic 5.488ns (48.812%)  route 5.755ns (51.188%))
  Logic Levels:           18  (CARRY4=9 LUT2=3 LUT3=2 LUT6=3 MUXF7=1)
  Clock Path Skew:        -0.286ns (DCD - SCD + CPR)
    Destination Clock Delay (DCD):    4.942ns = ( 14.942 - 10.000 ) 
    Source Clock Delay      (SCD):    5.415ns
    Clock Pessimism Removal (CPR):    0.187ns
  Clock Uncertainty:      0.035ns  ((TSJ^2 + TIJ^2)^1/2 + DJ) / 2 + PE
    Total System Jitter     (TSJ):    0.071ns
    Total Input Jitter      (TIJ):    0.000ns
    Discrete Jitter          (DJ):    0.000ns
    Phase Error              (PE):    0.000ns

    Location             Delay type                Incr(ns)  Path(ns)    Netlist Resource(s)
  -------------------------------------------------------------------    -------------------
                         (clock sys_clk_pin rise edge)
                                                      0.000     0.000 r  
    E3                                                0.000     0.000 r  CLK100MHZ (IN)
                         net (fo=0)                   0.000     0.000    CLK100MHZ
    E3                   IBUF (Prop_ibuf_I_O)         1.482     1.482 r  CLK100MHZ_IBUF_inst/O
                         net (fo=1, routed)           2.025     3.506    CLK100MHZ_IBUF
    BUFGCTRL_X0Y16       BUFG (Prop_bufg_I_O)         0.096     3.602 r  CLK100MHZ_IBUF_BUFG_inst/O
                         net (fo=45693, routed)       1.812     5.415    u_accel/gen_nn_bitshift.u_accel/fc2/CLK100MHZ_IBUF_BUFG
    SLICE_X39Y46         FDCE                                         r  u_accel/gen_nn_bitshift.u_accel/fc2/input_idx_reg[1]_rep_replica/C
  -------------------------------------------------------------------    -------------------
    SLICE_X39Y46         FDCE (Prop_fdce_C_Q)         0.456     5.871 r  u_accel/gen_nn_bitshift.u_accel/fc2/input_idx_reg[1]_rep_replica/Q
                         net (fo=8, routed)           1.006     6.877    u_accel/gen_nn_bitshift.u_accel/fc2/input_idx_reg[1]_rep_n_0_repN
    SLICE_X40Y47         LUT6 (Prop_lut6_I2_O)        0.124     7.001 r  u_accel/gen_nn_bitshift.u_accel/fc2/i__i_14/O
                         net (fo=1, routed)           0.000     7.001    u_accel/gen_nn_bitshift.u_accel/fc2/i__i_14_n_0
    SLICE_X40Y47         MUXF7 (Prop_muxf7_I1_O)      0.217     7.218 r  u_accel/gen_nn_bitshift.u_accel/fc2/i__i_5/O
                         net (fo=2, routed)           0.589     7.807    u_accel/gen_nn_bitshift.u_accel/fc2/i__i_5_n_0
    SLICE_X38Y47         LUT6 (Prop_lut6_I0_O)        0.299     8.106 r  u_accel/gen_nn_bitshift.u_accel/fc2/i__i_1/O
                         net (fo=46, routed)          0.699     8.804    u_accel/gen_nn_bitshift.u_accel/fc2/i__i_1_n_0
    SLICE_X39Y47         LUT6 (Prop_lut6_I5_O)        0.124     8.928 r  u_accel/gen_nn_bitshift.u_accel/fc2/i___94_i_89/O
                         net (fo=1, routed)           0.489     9.417    u_accel/gen_nn_bitshift.u_accel/fc2/i___94_i_89_n_0
    SLICE_X35Y50         CARRY4 (Prop_carry4_DI[0]_O[2])
                                                      0.556     9.973 r  u_accel/gen_nn_bitshift.u_accel/fc2/i___94_i_79/O[2]
                         net (fo=2, routed)           0.369    10.342    u_accel/gen_nn_bitshift.u_accel/fc2/i___94_i_79_n_5
    SLICE_X34Y50         LUT2 (Prop_lut2_I1_O)        0.302    10.644 r  u_accel/gen_nn_bitshift.u_accel/fc2/i___94_i_69/O
                         net (fo=2, routed)           0.509    11.153    u_accel/gen_nn_bitshift.u_accel/fc2/i___94_i_69_n_0
    SLICE_X32Y50         LUT3 (Prop_lut3_I2_O)        0.124    11.277 r  u_accel/gen_nn_bitshift.u_accel/fc2/i___94_i_73/O
                         net (fo=1, routed)           0.000    11.277    u_accel/gen_nn_bitshift.u_accel/fc2/i___94_i_73_n_0
    SLICE_X32Y50         CARRY4 (Prop_carry4_S[3]_CO[3])
                                                      0.401    11.678 r  u_accel/gen_nn_bitshift.u_accel/fc2/i___94_i_48/CO[3]
                         net (fo=1, routed)           0.000    11.678    u_accel/gen_nn_bitshift.u_accel/fc2/i___94_i_48_n_0
    SLICE_X32Y51         CARRY4 (Prop_carry4_CI_CO[3])
                                                      0.114    11.792 r  u_accel/gen_nn_bitshift.u_accel/fc2/i___94_i_29/CO[3]
                         net (fo=1, routed)           0.000    11.792    u_accel/gen_nn_bitshift.u_accel/fc2/i___94_i_29_n_0
    SLICE_X32Y52         CARRY4 (Prop_carry4_CI_O[2])
                                                      0.239    12.031 r  u_accel/gen_nn_bitshift.u_accel/fc2/i___94_i_15/O[2]
                         net (fo=2, routed)           0.422    12.453    u_accel/gen_nn_bitshift.u_accel/fc2/i___94_i_15_n_5
    SLICE_X33Y52         LUT3 (Prop_lut3_I0_O)        0.302    12.755 r  u_accel/gen_nn_bitshift.u_accel/fc2/i___94_i_7/O
                         net (fo=2, routed)           0.648    13.403    u_accel/gen_nn_bitshift.u_accel/fc2/i___94_i_7_n_0
    SLICE_X34Y54         CARRY4 (Prop_carry4_DI[3]_CO[3])
                                                      0.396    13.799 r  u_accel/gen_nn_bitshift.u_accel/fc2/i___94_i_2/CO[3]
                         net (fo=1, routed)           0.000    13.799    u_accel/gen_nn_bitshift.u_accel/fc2/i___94_i_2_n_0
    SLICE_X34Y55         CARRY4 (Prop_carry4_CI_O[1])
                                                      0.323    14.122 r  u_accel/gen_nn_bitshift.u_accel/fc2/i___94_i_1/O[1]
                         net (fo=4, routed)           0.591    14.713    u_accel/gen_nn_bitshift.u_accel/fc2/i___94_i_1_n_6
    SLICE_X36Y55         LUT2 (Prop_lut2_I0_O)        0.306    15.019 r  u_accel/gen_nn_bitshift.u_accel/fc2/accums[8][31]_i_4/O
                         net (fo=1, routed)           0.000    15.019    u_accel/gen_nn_bitshift.u_accel/fc2/accums[8][31]_i_4_n_0
    SLICE_X36Y55         CARRY4 (Prop_carry4_S[1]_CO[3])
                                                      0.550    15.569 r  u_accel/gen_nn_bitshift.u_accel/fc2/accums_reg[8][31]_i_2/CO[3]
                         net (fo=1, routed)           0.000    15.569    u_accel/gen_nn_bitshift.u_accel/fc2/accums_reg[8][31]_i_2_n_0
    SLICE_X36Y56         CARRY4 (Prop_carry4_CI_CO[3])
                                                      0.114    15.683 r  u_accel/gen_nn_bitshift.u_accel/fc2/accums_reg[8][35]_i_2/CO[3]
                         net (fo=1, routed)           0.000    15.683    u_accel/gen_nn_bitshift.u_accel/fc2/accums_reg[8][35]_i_2_n_0
    SLICE_X36Y57         CARRY4 (Prop_carry4_CI_O[2])
                                                      0.239    15.922 r  u_accel/gen_nn_bitshift.u_accel/fc2/accums_reg[8][38]_i_2/O[2]
                         net (fo=1, routed)           0.434    16.356    u_accel/gen_nn_bitshift.u_accel/fc2/accums_reg[8][38]_i_2_n_5
    SLICE_X37Y56         LUT2 (Prop_lut2_I1_O)        0.302    16.658 r  u_accel/gen_nn_bitshift.u_accel/fc2/accums[8][38]_i_1/O
                         net (fo=1, routed)           0.000    16.658    u_accel/gen_nn_bitshift.u_accel/fc2/accums[8][38]_i_1_n_0
    SLICE_X37Y56         FDCE                                         r  u_accel/gen_nn_bitshift.u_accel/fc2/accums_reg[8][38]/D
  -------------------------------------------------------------------    -------------------

                         (clock sys_clk_pin rise edge)
                                                     10.000    10.000 r  
    E3                                                0.000    10.000 r  CLK100MHZ (IN)
                         net (fo=0)                   0.000    10.000    CLK100MHZ
    E3                   IBUF (Prop_ibuf_I_O)         1.411    11.411 r  CLK100MHZ_IBUF_inst/O
                         net (fo=1, routed)           1.920    13.331    CLK100MHZ_IBUF
    BUFGCTRL_X0Y16       BUFG (Prop_bufg_I_O)         0.091    13.422 r  CLK100MHZ_IBUF_BUFG_inst/O
                         net (fo=45693, routed)       1.519    14.942    u_accel/gen_nn_bitshift.u_accel/fc2/CLK100MHZ_IBUF_BUFG
    SLICE_X37Y56         FDCE                                         r  u_accel/gen_nn_bitshift.u_accel/fc2/accums_reg[8][38]/C
                         clock pessimism              0.187    15.129    
                         clock uncertainty           -0.035    15.093    
    SLICE_X37Y56         FDCE (Setup_fdce_C_D)        0.031    15.124    u_accel/gen_nn_bitshift.u_accel/fc2/accums_reg[8][38]
  -------------------------------------------------------------------
                         required time                         15.124    
                         arrival time                         -16.658    
  -------------------------------------------------------------------
                         slack                                 -1.534    

Slack (VIOLATED) :        -1.504ns  (required time - arrival time)
  Source:                 u_accel/gen_nn_bitshift.u_accel/fc2/input_idx_reg[1]_rep_replica/C
                            (rising edge-triggered cell FDCE clocked by sys_clk_pin  {rise@0.000ns fall@5.000ns period=10.000ns})
  Destination:            u_accel/gen_nn_bitshift.u_accel/fc2/accums_reg[9][38]/D
                            (rising edge-triggered cell FDCE clocked by sys_clk_pin  {rise@0.000ns fall@5.000ns period=10.000ns})
  Path Group:             sys_clk_pin
  Path Type:              Setup (Max at Slow Process Corner)
  Requirement:            10.000ns  (sys_clk_pin rise@10.000ns - sys_clk_pin rise@0.000ns)
  Data Path Delay:        11.213ns  (logic 5.505ns (49.096%)  route 5.708ns (50.904%))
  Logic Levels:           18  (CARRY4=9 LUT2=4 LUT3=1 LUT6=3 MUXF7=1)
  Clock Path Skew:        -0.288ns (DCD - SCD + CPR)
    Destination Clock Delay (DCD):    4.940ns = ( 14.940 - 10.000 ) 
    Source Clock Delay      (SCD):    5.415ns
    Clock Pessimism Removal (CPR):    0.187ns
  Clock Uncertainty:      0.035ns  ((TSJ^2 + TIJ^2)^1/2 + DJ) / 2 + PE
    Total System Jitter     (TSJ):    0.071ns
    Total Input Jitter      (TIJ):    0.000ns
    Discrete Jitter          (DJ):    0.000ns
    Phase Error              (PE):    0.000ns

    Location             Delay type                Incr(ns)  Path(ns)    Netlist Resource(s)
  -------------------------------------------------------------------    -------------------
                         (clock sys_clk_pin rise edge)
                                                      0.000     0.000 r  
    E3                                                0.000     0.000 r  CLK100MHZ (IN)
                         net (fo=0)                   0.000     0.000    CLK100MHZ
    E3                   IBUF (Prop_ibuf_I_O)         1.482     1.482 r  CLK100MHZ_IBUF_inst/O
                         net (fo=1, routed)           2.025     3.506    CLK100MHZ_IBUF
    BUFGCTRL_X0Y16       BUFG (Prop_bufg_I_O)         0.096     3.602 r  CLK100MHZ_IBUF_BUFG_inst/O
                         net (fo=45693, routed)       1.812     5.415    u_accel/gen_nn_bitshift.u_accel/fc2/CLK100MHZ_IBUF_BUFG
    SLICE_X39Y46         FDCE                                         r  u_accel/gen_nn_bitshift.u_accel/fc2/input_idx_reg[1]_rep_replica/C
  -------------------------------------------------------------------    -------------------
    SLICE_X39Y46         FDCE (Prop_fdce_C_Q)         0.456     5.871 r  u_accel/gen_nn_bitshift.u_accel/fc2/input_idx_reg[1]_rep_replica/Q
                         net (fo=8, routed)           1.006     6.877    u_accel/gen_nn_bitshift.u_accel/fc2/input_idx_reg[1]_rep_n_0_repN
    SLICE_X40Y47         LUT6 (Prop_lut6_I2_O)        0.124     7.001 f  u_accel/gen_nn_bitshift.u_accel/fc2/i__i_14/O
                         net (fo=1, routed)           0.000     7.001    u_accel/gen_nn_bitshift.u_accel/fc2/i__i_14_n_0
    SLICE_X40Y47         MUXF7 (Prop_muxf7_I1_O)      0.217     7.218 f  u_accel/gen_nn_bitshift.u_accel/fc2/i__i_5/O
                         net (fo=2, routed)           0.589     7.807    u_accel/gen_nn_bitshift.u_accel/fc2/i__i_5_n_0
    SLICE_X38Y47         LUT6 (Prop_lut6_I0_O)        0.299     8.106 f  u_accel/gen_nn_bitshift.u_accel/fc2/i__i_1/O
                         net (fo=46, routed)          1.009     9.115    u_accel/gen_nn_bitshift.u_accel/fc2/i__i_1_n_0
    SLICE_X41Y49         LUT6 (Prop_lut6_I0_O)        0.124     9.239 r  u_accel/gen_nn_bitshift.u_accel/fc2/i___96_i_87/O
                         net (fo=1, routed)           0.000     9.239    u_accel/gen_nn_bitshift.u_accel/fc2/i___96_i_87_n_0
    SLICE_X41Y49         CARRY4 (Prop_carry4_S[3]_CO[3])
                                                      0.401     9.640 r  u_accel/gen_nn_bitshift.u_accel/fc2/i___96_i_78/CO[3]
                         net (fo=1, routed)           0.001     9.640    u_accel/gen_nn_bitshift.u_accel/fc2/i___96_i_78_n_0
    SLICE_X41Y50         CARRY4 (Prop_carry4_CI_O[1])
                                                      0.334     9.974 r  u_accel/gen_nn_bitshift.u_accel/fc2/i___96_i_63/O[1]
                         net (fo=2, routed)           0.424    10.398    u_accel/gen_nn_bitshift.u_accel/fc2/i___96_i_63_n_6
    SLICE_X41Y51         LUT2 (Prop_lut2_I1_O)        0.303    10.701 r  u_accel/gen_nn_bitshift.u_accel/fc2/i___96_i_52/O
                         net (fo=2, routed)           0.632    11.333    u_accel/gen_nn_bitshift.u_accel/fc2/i___96_i_52_n_0
    SLICE_X41Y54         LUT2 (Prop_lut2_I1_O)        0.124    11.457 r  u_accel/gen_nn_bitshift.u_accel/fc2/i___96_i_56/O
                         net (fo=1, routed)           0.000    11.457    u_accel/gen_nn_bitshift.u_accel/fc2/i___96_i_56_n_0
    SLICE_X41Y54         CARRY4 (Prop_carry4_S[2]_CO[3])
                                                      0.398    11.855 r  u_accel/gen_nn_bitshift.u_accel/fc2/i___96_i_29/CO[3]
                         net (fo=1, routed)           0.000    11.855    u_accel/gen_nn_bitshift.u_accel/fc2/i___96_i_29_n_0
    SLICE_X41Y55         CARRY4 (Prop_carry4_CI_O[1])
                                                      0.334    12.189 r  u_accel/gen_nn_bitshift.u_accel/fc2/i___96_i_15/O[1]
                         net (fo=2, routed)           0.321    12.510    u_accel/gen_nn_bitshift.u_accel/fc2/i___96_i_15_n_6
    SLICE_X39Y56         LUT3 (Prop_lut3_I0_O)        0.303    12.813 r  u_accel/gen_nn_bitshift.u_accel/fc2/i___96_i_8/O
                         net (fo=2, routed)           0.634    13.447    u_accel/gen_nn_bitshift.u_accel/fc2/i___96_i_8_n_0
    SLICE_X39Y54         CARRY4 (Prop_carry4_DI[2]_CO[3])
                                                      0.398    13.845 r  u_accel/gen_nn_bitshift.u_accel/fc2/i___96_i_2/CO[3]
                         net (fo=1, routed)           0.000    13.845    u_accel/gen_nn_bitshift.u_accel/fc2/i___96_i_2_n_0
    SLICE_X39Y55         CARRY4 (Prop_carry4_CI_O[1])
                                                      0.334    14.179 r  u_accel/gen_nn_bitshift.u_accel/fc2/i___96_i_1/O[1]
                         net (fo=4, routed)           0.654    14.833    u_accel/gen_nn_bitshift.u_accel/fc2/i___96_i_1_n_6
    SLICE_X40Y56         LUT2 (Prop_lut2_I0_O)        0.303    15.136 r  u_accel/gen_nn_bitshift.u_accel/fc2/i___96/O
                         net (fo=1, routed)           0.000    15.136    u_accel/gen_nn_bitshift.u_accel/fc2/i___96_n_0
    SLICE_X40Y56         CARRY4 (Prop_carry4_S[2]_CO[3])
                                                      0.398    15.534 r  u_accel/gen_nn_bitshift.u_accel/fc2/accums_reg[9][31]_i_2/CO[3]
                         net (fo=1, routed)           0.000    15.534    u_accel/gen_nn_bitshift.u_accel/fc2/accums_reg[9][31]_i_2_n_0
    SLICE_X40Y57         CARRY4 (Prop_carry4_CI_CO[3])
                                                      0.114    15.648 r  u_accel/gen_nn_bitshift.u_accel/fc2/accums_reg[9][35]_i_2/CO[3]
                         net (fo=1, routed)           0.000    15.648    u_accel/gen_nn_bitshift.u_accel/fc2/accums_reg[9][35]_i_2_n_0
    SLICE_X40Y58         CARRY4 (Prop_carry4_CI_O[2])
                                                      0.239    15.887 r  u_accel/gen_nn_bitshift.u_accel/fc2/accums_reg[9][38]_i_2/O[2]
                         net (fo=1, routed)           0.439    16.325    u_accel/gen_nn_bitshift.u_accel/fc2/accums_reg[9][38]_i_2_n_5
    SLICE_X41Y57         LUT2 (Prop_lut2_I1_O)        0.302    16.627 r  u_accel/gen_nn_bitshift.u_accel/fc2/accums[9][38]_i_1/O
                         net (fo=1, routed)           0.000    16.627    u_accel/gen_nn_bitshift.u_accel/fc2/accums[9][38]_i_1_n_0
    SLICE_X41Y57         FDCE                                         r  u_accel/gen_nn_bitshift.u_accel/fc2/accums_reg[9][38]/D
  -------------------------------------------------------------------    -------------------

                         (clock sys_clk_pin rise edge)
                                                     10.000    10.000 r  
    E3                                                0.000    10.000 r  CLK100MHZ (IN)
                         net (fo=0)                   0.000    10.000    CLK100MHZ
    E3                   IBUF (Prop_ibuf_I_O)         1.411    11.411 r  CLK100MHZ_IBUF_inst/O
                         net (fo=1, routed)           1.920    13.331    CLK100MHZ_IBUF
    BUFGCTRL_X0Y16       BUFG (Prop_bufg_I_O)         0.091    13.422 r  CLK100MHZ_IBUF_BUFG_inst/O
                         net (fo=45693, routed)       1.517    14.940    u_accel/gen_nn_bitshift.u_accel/fc2/CLK100MHZ_IBUF_BUFG
    SLICE_X41Y57         FDCE                                         r  u_accel/gen_nn_bitshift.u_accel/fc2/accums_reg[9][38]/C
                         clock pessimism              0.187    15.127    
                         clock uncertainty           -0.035    15.091    
    SLICE_X41Y57         FDCE (Setup_fdce_C_D)        0.032    15.123    u_accel/gen_nn_bitshift.u_accel/fc2/accums_reg[9][38]
  -------------------------------------------------------------------
                         required time                         15.123    
                         arrival time                         -16.627    
  -------------------------------------------------------------------
                         slack                                 -1.504    

Slack (VIOLATED) :        -1.468ns  (required time - arrival time)
  Source:                 u_accel/gen_nn_bitshift.u_accel/fc2/input_idx_reg[1]_rep_replica/C
                            (rising edge-triggered cell FDCE clocked by sys_clk_pin  {rise@0.000ns fall@5.000ns period=10.000ns})
  Destination:            u_accel/gen_nn_bitshift.u_accel/fc2/accums_reg[8][31]/D
                            (rising edge-triggered cell FDCE clocked by sys_clk_pin  {rise@0.000ns fall@5.000ns period=10.000ns})
  Path Group:             sys_clk_pin
  Path Type:              Setup (Max at Slow Process Corner)
  Requirement:            10.000ns  (sys_clk_pin rise@10.000ns - sys_clk_pin rise@0.000ns)
  Data Path Delay:        11.178ns  (logic 5.229ns (46.777%)  route 5.949ns (53.222%))
  Logic Levels:           16  (CARRY4=7 LUT2=3 LUT3=2 LUT6=3 MUXF7=1)
  Clock Path Skew:        -0.286ns (DCD - SCD + CPR)
    Destination Clock Delay (DCD):    4.942ns = ( 14.942 - 10.000 ) 
    Source Clock Delay      (SCD):    5.415ns
    Clock Pessimism Removal (CPR):    0.187ns
  Clock Uncertainty:      0.035ns  ((TSJ^2 + TIJ^2)^1/2 + DJ) / 2 + PE
    Total System Jitter     (TSJ):    0.071ns
    Total Input Jitter      (TIJ):    0.000ns
    Discrete Jitter          (DJ):    0.000ns
    Phase Error              (PE):    0.000ns

    Location             Delay type                Incr(ns)  Path(ns)    Netlist Resource(s)
  -------------------------------------------------------------------    -------------------
                         (clock sys_clk_pin rise edge)
                                                      0.000     0.000 r  
    E3                                                0.000     0.000 r  CLK100MHZ (IN)
                         net (fo=0)                   0.000     0.000    CLK100MHZ
    E3                   IBUF (Prop_ibuf_I_O)         1.482     1.482 r  CLK100MHZ_IBUF_inst/O
                         net (fo=1, routed)           2.025     3.506    CLK100MHZ_IBUF
    BUFGCTRL_X0Y16       BUFG (Prop_bufg_I_O)         0.096     3.602 r  CLK100MHZ_IBUF_BUFG_inst/O
                         net (fo=45693, routed)       1.812     5.415    u_accel/gen_nn_bitshift.u_accel/fc2/CLK100MHZ_IBUF_BUFG
    SLICE_X39Y46         FDCE                                         r  u_accel/gen_nn_bitshift.u_accel/fc2/input_idx_reg[1]_rep_replica/C
  -------------------------------------------------------------------    -------------------
    SLICE_X39Y46         FDCE (Prop_fdce_C_Q)         0.456     5.871 r  u_accel/gen_nn_bitshift.u_accel/fc2/input_idx_reg[1]_rep_replica/Q
                         net (fo=8, routed)           1.006     6.877    u_accel/gen_nn_bitshift.u_accel/fc2/input_idx_reg[1]_rep_n_0_repN
    SLICE_X40Y47         LUT6 (Prop_lut6_I2_O)        0.124     7.001 r  u_accel/gen_nn_bitshift.u_accel/fc2/i__i_14/O
                         net (fo=1, routed)           0.000     7.001    u_accel/gen_nn_bitshift.u_accel/fc2/i__i_14_n_0
    SLICE_X40Y47         MUXF7 (Prop_muxf7_I1_O)      0.217     7.218 r  u_accel/gen_nn_bitshift.u_accel/fc2/i__i_5/O
                         net (fo=2, routed)           0.589     7.807    u_accel/gen_nn_bitshift.u_accel/fc2/i__i_5_n_0
    SLICE_X38Y47         LUT6 (Prop_lut6_I0_O)        0.299     8.106 r  u_accel/gen_nn_bitshift.u_accel/fc2/i__i_1/O
                         net (fo=46, routed)          0.699     8.804    u_accel/gen_nn_bitshift.u_accel/fc2/i__i_1_n_0
    SLICE_X39Y47         LUT6 (Prop_lut6_I5_O)        0.124     8.928 r  u_accel/gen_nn_bitshift.u_accel/fc2/i___94_i_89/O
                         net (fo=1, routed)           0.489     9.417    u_accel/gen_nn_bitshift.u_accel/fc2/i___94_i_89_n_0
    SLICE_X35Y50         CARRY4 (Prop_carry4_DI[0]_O[2])
                                                      0.556     9.973 r  u_accel/gen_nn_bitshift.u_accel/fc2/i___94_i_79/O[2]
                         net (fo=2, routed)           0.369    10.342    u_accel/gen_nn_bitshift.u_accel/fc2/i___94_i_79_n_5
    SLICE_X34Y50         LUT2 (Prop_lut2_I1_O)        0.302    10.644 r  u_accel/gen_nn_bitshift.u_accel/fc2/i___94_i_69/O
                         net (fo=2, routed)           0.509    11.153    u_accel/gen_nn_bitshift.u_accel/fc2/i___94_i_69_n_0
    SLICE_X32Y50         LUT3 (Prop_lut3_I2_O)        0.124    11.277 r  u_accel/gen_nn_bitshift.u_accel/fc2/i___94_i_73/O
                         net (fo=1, routed)           0.000    11.277    u_accel/gen_nn_bitshift.u_accel/fc2/i___94_i_73_n_0
    SLICE_X32Y50         CARRY4 (Prop_carry4_S[3]_CO[3])
                                                      0.401    11.678 r  u_accel/gen_nn_bitshift.u_accel/fc2/i___94_i_48/CO[3]
                         net (fo=1, routed)           0.000    11.678    u_accel/gen_nn_bitshift.u_accel/fc2/i___94_i_48_n_0
    SLICE_X32Y51         CARRY4 (Prop_carry4_CI_CO[3])
                                                      0.114    11.792 r  u_accel/gen_nn_bitshift.u_accel/fc2/i___94_i_29/CO[3]
                         net (fo=1, routed)           0.000    11.792    u_accel/gen_nn_bitshift.u_accel/fc2/i___94_i_29_n_0
    SLICE_X32Y52         CARRY4 (Prop_carry4_CI_O[2])
                                                      0.239    12.031 r  u_accel/gen_nn_bitshift.u_accel/fc2/i___94_i_15/O[2]
                         net (fo=2, routed)           0.422    12.453    u_accel/gen_nn_bitshift.u_accel/fc2/i___94_i_15_n_5
    SLICE_X33Y52         LUT3 (Prop_lut3_I0_O)        0.302    12.755 r  u_accel/gen_nn_bitshift.u_accel/fc2/i___94_i_7/O
                         net (fo=2, routed)           0.648    13.403    u_accel/gen_nn_bitshift.u_accel/fc2/i___94_i_7_n_0
    SLICE_X34Y54         CARRY4 (Prop_carry4_DI[3]_CO[3])
                                                      0.396    13.799 r  u_accel/gen_nn_bitshift.u_accel/fc2/i___94_i_2/CO[3]
                         net (fo=1, routed)           0.000    13.799    u_accel/gen_nn_bitshift.u_accel/fc2/i___94_i_2_n_0
    SLICE_X34Y55         CARRY4 (Prop_carry4_CI_O[1])
                                                      0.323    14.122 r  u_accel/gen_nn_bitshift.u_accel/fc2/i___94_i_1/O[1]
                         net (fo=4, routed)           0.591    14.713    u_accel/gen_nn_bitshift.u_accel/fc2/i___94_i_1_n_6
    SLICE_X36Y55         LUT2 (Prop_lut2_I0_O)        0.306    15.019 r  u_accel/gen_nn_bitshift.u_accel/fc2/accums[8][31]_i_4/O
                         net (fo=1, routed)           0.000    15.019    u_accel/gen_nn_bitshift.u_accel/fc2/accums[8][31]_i_4_n_0
    SLICE_X36Y55         CARRY4 (Prop_carry4_S[1]_O[3])
                                                      0.640    15.659 r  u_accel/gen_nn_bitshift.u_accel/fc2/accums_reg[8][31]_i_2/O[3]
                         net (fo=1, routed)           0.628    16.287    u_accel/gen_nn_bitshift.u_accel/fc2/accums_reg[8][31]_i_2_n_4
    SLICE_X37Y55         LUT2 (Prop_lut2_I1_O)        0.306    16.593 r  u_accel/gen_nn_bitshift.u_accel/fc2/accums[8][31]_i_1/O
                         net (fo=1, routed)           0.000    16.593    u_accel/gen_nn_bitshift.u_accel/fc2/accums[8][31]_i_1_n_0
    SLICE_X37Y55         FDCE                                         r  u_accel/gen_nn_bitshift.u_accel/fc2/accums_reg[8][31]/D
  -------------------------------------------------------------------    -------------------

                         (clock sys_clk_pin rise edge)
                                                     10.000    10.000 r  
    E3                                                0.000    10.000 r  CLK100MHZ (IN)
                         net (fo=0)                   0.000    10.000    CLK100MHZ
    E3                   IBUF (Prop_ibuf_I_O)         1.411    11.411 r  CLK100MHZ_IBUF_inst/O
                         net (fo=1, routed)           1.920    13.331    CLK100MHZ_IBUF
    BUFGCTRL_X0Y16       BUFG (Prop_bufg_I_O)         0.091    13.422 r  CLK100MHZ_IBUF_BUFG_inst/O
                         net (fo=45693, routed)       1.519    14.942    u_accel/gen_nn_bitshift.u_accel/fc2/CLK100MHZ_IBUF_BUFG
    SLICE_X37Y55         FDCE                                         r  u_accel/gen_nn_bitshift.u_accel/fc2/accums_reg[8][31]/C
                         clock pessimism              0.187    15.129    
                         clock uncertainty           -0.035    15.093    
    SLICE_X37Y55         FDCE (Setup_fdce_C_D)        0.032    15.125    u_accel/gen_nn_bitshift.u_accel/fc2/accums_reg[8][31]
  -------------------------------------------------------------------
                         required time                         15.125    
                         arrival time                         -16.593    
  -------------------------------------------------------------------
                         slack                                 -1.468    

Slack (VIOLATED) :        -1.381ns  (required time - arrival time)
  Source:                 u_accel/gen_nn_bitshift.u_accel/fc2/input_idx_reg[1]_rep_replica/C
                            (rising edge-triggered cell FDCE clocked by sys_clk_pin  {rise@0.000ns fall@5.000ns period=10.000ns})
  Destination:            u_accel/gen_nn_bitshift.u_accel/fc2/accums_reg[9][35]/D
                            (rising edge-triggered cell FDCE clocked by sys_clk_pin  {rise@0.000ns fall@5.000ns period=10.000ns})
  Path Group:             sys_clk_pin
  Path Type:              Setup (Max at Slow Process Corner)
  Requirement:            10.000ns  (sys_clk_pin rise@10.000ns - sys_clk_pin rise@0.000ns)
  Data Path Delay:        11.087ns  (logic 5.469ns (49.328%)  route 5.618ns (50.672%))
  Logic Levels:           17  (CARRY4=8 LUT2=4 LUT3=1 LUT6=3 MUXF7=1)
  Clock Path Skew:        -0.288ns (DCD - SCD + CPR)
    Destination Clock Delay (DCD):    4.940ns = ( 14.940 - 10.000 ) 
    Source Clock Delay      (SCD):    5.415ns
    Clock Pessimism Removal (CPR):    0.187ns
  Clock Uncertainty:      0.035ns  ((TSJ^2 + TIJ^2)^1/2 + DJ) / 2 + PE
    Total System Jitter     (TSJ):    0.071ns
    Total Input Jitter      (TIJ):    0.000ns
    Discrete Jitter          (DJ):    0.000ns
    Phase Error              (PE):    0.000ns

    Location             Delay type                Incr(ns)  Path(ns)    Netlist Resource(s)
  -------------------------------------------------------------------    -------------------
                         (clock sys_clk_pin rise edge)
                                                      0.000     0.000 r  
    E3                                                0.000     0.000 r  CLK100MHZ (IN)
                         net (fo=0)                   0.000     0.000    CLK100MHZ
    E3                   IBUF (Prop_ibuf_I_O)         1.482     1.482 r  CLK100MHZ_IBUF_inst/O
                         net (fo=1, routed)           2.025     3.506    CLK100MHZ_IBUF
    BUFGCTRL_X0Y16       BUFG (Prop_bufg_I_O)         0.096     3.602 r  CLK100MHZ_IBUF_BUFG_inst/O
                         net (fo=45693, routed)       1.812     5.415    u_accel/gen_nn_bitshift.u_accel/fc2/CLK100MHZ_IBUF_BUFG
    SLICE_X39Y46         FDCE                                         r  u_accel/gen_nn_bitshift.u_accel/fc2/input_idx_reg[1]_rep_replica/C
  -------------------------------------------------------------------    -------------------
    SLICE_X39Y46         FDCE (Prop_fdce_C_Q)         0.456     5.871 r  u_accel/gen_nn_bitshift.u_accel/fc2/input_idx_reg[1]_rep_replica/Q
                         net (fo=8, routed)           1.006     6.877    u_accel/gen_nn_bitshift.u_accel/fc2/input_idx_reg[1]_rep_n_0_repN
    SLICE_X40Y47         LUT6 (Prop_lut6_I2_O)        0.124     7.001 f  u_accel/gen_nn_bitshift.u_accel/fc2/i__i_14/O
                         net (fo=1, routed)           0.000     7.001    u_accel/gen_nn_bitshift.u_accel/fc2/i__i_14_n_0
    SLICE_X40Y47         MUXF7 (Prop_muxf7_I1_O)      0.217     7.218 f  u_accel/gen_nn_bitshift.u_accel/fc2/i__i_5/O
                         net (fo=2, routed)           0.589     7.807    u_accel/gen_nn_bitshift.u_accel/fc2/i__i_5_n_0
    SLICE_X38Y47         LUT6 (Prop_lut6_I0_O)        0.299     8.106 f  u_accel/gen_nn_bitshift.u_accel/fc2/i__i_1/O
                         net (fo=46, routed)          1.009     9.115    u_accel/gen_nn_bitshift.u_accel/fc2/i__i_1_n_0
    SLICE_X41Y49         LUT6 (Prop_lut6_I0_O)        0.124     9.239 r  u_accel/gen_nn_bitshift.u_accel/fc2/i___96_i_87/O
                         net (fo=1, routed)           0.000     9.239    u_accel/gen_nn_bitshift.u_accel/fc2/i___96_i_87_n_0
    SLICE_X41Y49         CARRY4 (Prop_carry4_S[3]_CO[3])
                                                      0.401     9.640 r  u_accel/gen_nn_bitshift.u_accel/fc2/i___96_i_78/CO[3]
                         net (fo=1, routed)           0.001     9.640    u_accel/gen_nn_bitshift.u_accel/fc2/i___96_i_78_n_0
    SLICE_X41Y50         CARRY4 (Prop_carry4_CI_O[1])
                                                      0.334     9.974 r  u_accel/gen_nn_bitshift.u_accel/fc2/i___96_i_63/O[1]
                         net (fo=2, routed)           0.424    10.398    u_accel/gen_nn_bitshift.u_accel/fc2/i___96_i_63_n_6
    SLICE_X41Y51         LUT2 (Prop_lut2_I1_O)        0.303    10.701 r  u_accel/gen_nn_bitshift.u_accel/fc2/i___96_i_52/O
                         net (fo=2, routed)           0.632    11.333    u_accel/gen_nn_bitshift.u_accel/fc2/i___96_i_52_n_0
    SLICE_X41Y54         LUT2 (Prop_lut2_I1_O)        0.124    11.457 r  u_accel/gen_nn_bitshift.u_accel/fc2/i___96_i_56/O
                         net (fo=1, routed)           0.000    11.457    u_accel/gen_nn_bitshift.u_accel/fc2/i___96_i_56_n_0
    SLICE_X41Y54         CARRY4 (Prop_carry4_S[2]_CO[3])
                                                      0.398    11.855 r  u_accel/gen_nn_bitshift.u_accel/fc2/i___96_i_29/CO[3]
                         net (fo=1, routed)           0.000    11.855    u_accel/gen_nn_bitshift.u_accel/fc2/i___96_i_29_n_0
    SLICE_X41Y55         CARRY4 (Prop_carry4_CI_O[1])
                                                      0.334    12.189 r  u_accel/gen_nn_bitshift.u_accel/fc2/i___96_i_15/O[1]
                         net (fo=2, routed)           0.321    12.510    u_accel/gen_nn_bitshift.u_accel/fc2/i___96_i_15_n_6
    SLICE_X39Y56         LUT3 (Prop_lut3_I0_O)        0.303    12.813 r  u_accel/gen_nn_bitshift.u_accel/fc2/i___96_i_8/O
                         net (fo=2, routed)           0.634    13.447    u_accel/gen_nn_bitshift.u_accel/fc2/i___96_i_8_n_0
    SLICE_X39Y54         CARRY4 (Prop_carry4_DI[2]_CO[3])
                                                      0.398    13.845 r  u_accel/gen_nn_bitshift.u_accel/fc2/i___96_i_2/CO[3]
                         net (fo=1, routed)           0.000    13.845    u_accel/gen_nn_bitshift.u_accel/fc2/i___96_i_2_n_0
    SLICE_X39Y55         CARRY4 (Prop_carry4_CI_O[1])
                                                      0.334    14.179 r  u_accel/gen_nn_bitshift.u_accel/fc2/i___96_i_1/O[1]
                         net (fo=4, routed)           0.654    14.833    u_accel/gen_nn_bitshift.u_accel/fc2/i___96_i_1_n_6
    SLICE_X40Y56         LUT2 (Prop_lut2_I0_O)        0.303    15.136 r  u_accel/gen_nn_bitshift.u_accel/fc2/i___96/O
                         net (fo=1, routed)           0.000    15.136    u_accel/gen_nn_bitshift.u_accel/fc2/i___96_n_0
    SLICE_X40Y56         CARRY4 (Prop_carry4_S[2]_CO[3])
                                                      0.398    15.534 r  u_accel/gen_nn_bitshift.u_accel/fc2/accums_reg[9][31]_i_2/CO[3]
                         net (fo=1, routed)           0.000    15.534    u_accel/gen_nn_bitshift.u_accel/fc2/accums_reg[9][31]_i_2_n_0
    SLICE_X40Y57         CARRY4 (Prop_carry4_CI_O[3])
                                                      0.313    15.847 r  u_accel/gen_nn_bitshift.u_accel/fc2/accums_reg[9][35]_i_2/O[3]
                         net (fo=1, routed)           0.349    16.196    u_accel/gen_nn_bitshift.u_accel/fc2/accums_reg[9][35]_i_2_n_4
    SLICE_X41Y57         LUT2 (Prop_lut2_I1_O)        0.306    16.502 r  u_accel/gen_nn_bitshift.u_accel/fc2/accums[9][35]_i_1/O
                         net (fo=1, routed)           0.000    16.502    u_accel/gen_nn_bitshift.u_accel/fc2/accums[9][35]_i_1_n_0
    SLICE_X41Y57         FDCE                                         r  u_accel/gen_nn_bitshift.u_accel/fc2/accums_reg[9][35]/D
  -------------------------------------------------------------------    -------------------

                         (clock sys_clk_pin rise edge)
                                                     10.000    10.000 r  
    E3                                                0.000    10.000 r  CLK100MHZ (IN)
                         net (fo=0)                   0.000    10.000    CLK100MHZ
    E3                   IBUF (Prop_ibuf_I_O)         1.411    11.411 r  CLK100MHZ_IBUF_inst/O
                         net (fo=1, routed)           1.920    13.331    CLK100MHZ_IBUF
    BUFGCTRL_X0Y16       BUFG (Prop_bufg_I_O)         0.091    13.422 r  CLK100MHZ_IBUF_BUFG_inst/O
                         net (fo=45693, routed)       1.517    14.940    u_accel/gen_nn_bitshift.u_accel/fc2/CLK100MHZ_IBUF_BUFG
    SLICE_X41Y57         FDCE                                         r  u_accel/gen_nn_bitshift.u_accel/fc2/accums_reg[9][35]/C
                         clock pessimism              0.187    15.127    
                         clock uncertainty           -0.035    15.091    
    SLICE_X41Y57         FDCE (Setup_fdce_C_D)        0.029    15.120    u_accel/gen_nn_bitshift.u_accel/fc2/accums_reg[9][35]
  -------------------------------------------------------------------
                         required time                         15.120    
                         arrival time                         -16.502    
  -------------------------------------------------------------------
                         slack                                 -1.381    

Slack (VIOLATED) :        -1.375ns  (required time - arrival time)
  Source:                 u_accel/gen_nn_bitshift.u_accel/q_accum/timestep_counter_reg[0]_rep__20/C
                            (rising edge-triggered cell FDCE clocked by sys_clk_pin  {rise@0.000ns fall@5.000ns period=10.000ns})
  Destination:            u_accel/gen_nn_bitshift.u_accel/q_accum/p_0_out/A[19]
                            (rising edge-triggered cell DSP48E1 clocked by sys_clk_pin  {rise@0.000ns fall@5.000ns period=10.000ns})
  Path Group:             sys_clk_pin
  Path Type:              Setup (Max at Slow Process Corner)
  Requirement:            10.000ns  (sys_clk_pin rise@10.000ns - sys_clk_pin rise@0.000ns)
  Data Path Delay:        7.581ns  (logic 1.726ns (22.767%)  route 5.855ns (77.233%))
  Logic Levels:           6  (LUT5=1 LUT6=3 MUXF7=2)
  Clock Path Skew:        -0.036ns (DCD - SCD + CPR)
    Destination Clock Delay (DCD):    5.017ns = ( 15.017 - 10.000 ) 
    Source Clock Delay      (SCD):    5.241ns
    Clock Pessimism Removal (CPR):    0.187ns
  Clock Uncertainty:      0.035ns  ((TSJ^2 + TIJ^2)^1/2 + DJ) / 2 + PE
    Total System Jitter     (TSJ):    0.071ns
    Total Input Jitter      (TIJ):    0.000ns
    Discrete Jitter          (DJ):    0.000ns
    Phase Error              (PE):    0.000ns

    Location             Delay type                Incr(ns)  Path(ns)    Netlist Resource(s)
  -------------------------------------------------------------------    -------------------
                         (clock sys_clk_pin rise edge)
                                                      0.000     0.000 r  
    E3                                                0.000     0.000 r  CLK100MHZ (IN)
                         net (fo=0)                   0.000     0.000    CLK100MHZ
    E3                   IBUF (Prop_ibuf_I_O)         1.482     1.482 r  CLK100MHZ_IBUF_inst/O
                         net (fo=1, routed)           2.025     3.506    CLK100MHZ_IBUF
    BUFGCTRL_X0Y16       BUFG (Prop_bufg_I_O)         0.096     3.602 r  CLK100MHZ_IBUF_BUFG_inst/O
                         net (fo=45693, routed)       1.638     5.241    u_accel/gen_nn_bitshift.u_accel/q_accum/CLK100MHZ_IBUF_BUFG
    SLICE_X37Y59         FDCE                                         r  u_accel/gen_nn_bitshift.u_accel/q_accum/timestep_counter_reg[0]_rep__20/C
  -------------------------------------------------------------------    -------------------
    SLICE_X37Y59         FDCE (Prop_fdce_C_Q)         0.456     5.697 r  u_accel/gen_nn_bitshift.u_accel/q_accum/timestep_counter_reg[0]_rep__20/Q
                         net (fo=67, routed)          1.727     7.424    u_accel/gen_nn_bitshift.u_accel/gen_hl2[19].membrane_buf/p_0_out_i_1543_0
    SLICE_X35Y30         LUT6 (Prop_lut6_I4_O)        0.124     7.548 r  u_accel/gen_nn_bitshift.u_accel/gen_hl2[19].membrane_buf/p_0_out_i_3980/O
                         net (fo=1, routed)           0.000     7.548    u_accel/gen_nn_bitshift.u_accel/gen_hl2[19].membrane_buf/p_0_out_i_3980_n_0
    SLICE_X35Y30         MUXF7 (Prop_muxf7_I0_O)      0.212     7.760 r  u_accel/gen_nn_bitshift.u_accel/gen_hl2[19].membrane_buf/p_0_out_i_1544/O
                         net (fo=1, routed)           0.695     8.455    u_accel/gen_nn_bitshift.u_accel/gen_hl2[19].membrane_buf/p_0_out_i_1544_n_0
    SLICE_X36Y32         LUT5 (Prop_lut5_I4_O)        0.299     8.754 r  u_accel/gen_nn_bitshift.u_accel/gen_hl2[19].membrane_buf/p_0_out_i_494/O
                         net (fo=1, routed)           1.436    10.190    u_accel/gen_nn_bitshift.u_accel/q_accum/membrane_to_q[19]_674[19]
    SLICE_X47Y53         LUT6 (Prop_lut6_I0_O)        0.124    10.314 r  u_accel/gen_nn_bitshift.u_accel/q_accum/p_0_out_i_162/O
                         net (fo=1, routed)           0.000    10.314    u_accel/gen_nn_bitshift.u_accel/q_accum/p_0_out_i_162_n_0
    SLICE_X47Y53         MUXF7 (Prop_muxf7_I0_O)      0.212    10.526 r  u_accel/gen_nn_bitshift.u_accel/q_accum/p_0_out_i_42/O
                         net (fo=1, routed)           1.404    11.930    u_accel/gen_nn_bitshift.u_accel/q_accum/p_0_out_i_42_n_0
    SLICE_X57Y55         LUT6 (Prop_lut6_I1_O)        0.299    12.229 r  u_accel/gen_nn_bitshift.u_accel/q_accum/p_0_out_i_6/O
                         net (fo=2, routed)           0.593    12.822    u_accel/gen_nn_bitshift.u_accel/q_accum/membrane_in[19]
    DSP48_X1Y21          DSP48E1                                      r  u_accel/gen_nn_bitshift.u_accel/q_accum/p_0_out/A[19]
  -------------------------------------------------------------------    -------------------

                         (clock sys_clk_pin rise edge)
                                                     10.000    10.000 r  
    E3                                                0.000    10.000 r  CLK100MHZ (IN)
                         net (fo=0)                   0.000    10.000    CLK100MHZ
    E3                   IBUF (Prop_ibuf_I_O)         1.411    11.411 r  CLK100MHZ_IBUF_inst/O
                         net (fo=1, routed)           1.920    13.331    CLK100MHZ_IBUF
    BUFGCTRL_X0Y16       BUFG (Prop_bufg_I_O)         0.091    13.422 r  CLK100MHZ_IBUF_BUFG_inst/O
                         net (fo=45693, routed)       1.595    15.017    u_accel/gen_nn_bitshift.u_accel/q_accum/CLK100MHZ_IBUF_BUFG
    DSP48_X1Y21          DSP48E1                                      r  u_accel/gen_nn_bitshift.u_accel/q_accum/p_0_out/CLK
                         clock pessimism              0.187    15.204    
                         clock uncertainty           -0.035    15.169    
    DSP48_X1Y21          DSP48E1 (Setup_dsp48e1_CLK_A[19])
                                                     -3.722    11.447    u_accel/gen_nn_bitshift.u_accel/q_accum/p_0_out
  -------------------------------------------------------------------
                         required time                         11.447    
                         arrival time                         -12.822    
  -------------------------------------------------------------------
                         slack                                 -1.375    

Slack (VIOLATED) :        -1.374ns  (required time - arrival time)
  Source:                 u_accel/gen_nn_bitshift.u_accel/q_accum/timestep_counter_reg[0]_rep__20/C
                            (rising edge-triggered cell FDCE clocked by sys_clk_pin  {rise@0.000ns fall@5.000ns period=10.000ns})
  Destination:            u_accel/gen_nn_bitshift.u_accel/q_accum/p_0_out__0/A[19]
                            (rising edge-triggered cell DSP48E1 clocked by sys_clk_pin  {rise@0.000ns fall@5.000ns period=10.000ns})
  Path Group:             sys_clk_pin
  Path Type:              Setup (Max at Slow Process Corner)
  Requirement:            10.000ns  (sys_clk_pin rise@10.000ns - sys_clk_pin rise@0.000ns)
  Data Path Delay:        7.581ns  (logic 1.726ns (22.767%)  route 5.855ns (77.233%))
  Logic Levels:           6  (LUT5=1 LUT6=3 MUXF7=2)
  Clock Path Skew:        -0.035ns (DCD - SCD + CPR)
    Destination Clock Delay (DCD):    5.018ns = ( 15.018 - 10.000 ) 
    Source Clock Delay      (SCD):    5.241ns
    Clock Pessimism Removal (CPR):    0.187ns
  Clock Uncertainty:      0.035ns  ((TSJ^2 + TIJ^2)^1/2 + DJ) / 2 + PE
    Total System Jitter     (TSJ):    0.071ns
    Total Input Jitter      (TIJ):    0.000ns
    Discrete Jitter          (DJ):    0.000ns
    Phase Error              (PE):    0.000ns

    Location             Delay type                Incr(ns)  Path(ns)    Netlist Resource(s)
  -------------------------------------------------------------------    -------------------
                         (clock sys_clk_pin rise edge)
                                                      0.000     0.000 r  
    E3                                                0.000     0.000 r  CLK100MHZ (IN)
                         net (fo=0)                   0.000     0.000    CLK100MHZ
    E3                   IBUF (Prop_ibuf_I_O)         1.482     1.482 r  CLK100MHZ_IBUF_inst/O
                         net (fo=1, routed)           2.025     3.506    CLK100MHZ_IBUF
    BUFGCTRL_X0Y16       BUFG (Prop_bufg_I_O)         0.096     3.602 r  CLK100MHZ_IBUF_BUFG_inst/O
                         net (fo=45693, routed)       1.638     5.241    u_accel/gen_nn_bitshift.u_accel/q_accum/CLK100MHZ_IBUF_BUFG
    SLICE_X37Y59         FDCE                                         r  u_accel/gen_nn_bitshift.u_accel/q_accum/timestep_counter_reg[0]_rep__20/C
  -------------------------------------------------------------------    -------------------
    SLICE_X37Y59         FDCE (Prop_fdce_C_Q)         0.456     5.697 r  u_accel/gen_nn_bitshift.u_accel/q_accum/timestep_counter_reg[0]_rep__20/Q
                         net (fo=67, routed)          1.727     7.424    u_accel/gen_nn_bitshift.u_accel/gen_hl2[19].membrane_buf/p_0_out_i_1543_0
    SLICE_X35Y30         LUT6 (Prop_lut6_I4_O)        0.124     7.548 r  u_accel/gen_nn_bitshift.u_accel/gen_hl2[19].membrane_buf/p_0_out_i_3980/O
                         net (fo=1, routed)           0.000     7.548    u_accel/gen_nn_bitshift.u_accel/gen_hl2[19].membrane_buf/p_0_out_i_3980_n_0
    SLICE_X35Y30         MUXF7 (Prop_muxf7_I0_O)      0.212     7.760 r  u_accel/gen_nn_bitshift.u_accel/gen_hl2[19].membrane_buf/p_0_out_i_1544/O
                         net (fo=1, routed)           0.695     8.455    u_accel/gen_nn_bitshift.u_accel/gen_hl2[19].membrane_buf/p_0_out_i_1544_n_0
    SLICE_X36Y32         LUT5 (Prop_lut5_I4_O)        0.299     8.754 r  u_accel/gen_nn_bitshift.u_accel/gen_hl2[19].membrane_buf/p_0_out_i_494/O
                         net (fo=1, routed)           1.436    10.190    u_accel/gen_nn_bitshift.u_accel/q_accum/membrane_to_q[19]_674[19]
    SLICE_X47Y53         LUT6 (Prop_lut6_I0_O)        0.124    10.314 r  u_accel/gen_nn_bitshift.u_accel/q_accum/p_0_out_i_162/O
                         net (fo=1, routed)           0.000    10.314    u_accel/gen_nn_bitshift.u_accel/q_accum/p_0_out_i_162_n_0
    SLICE_X47Y53         MUXF7 (Prop_muxf7_I0_O)      0.212    10.526 r  u_accel/gen_nn_bitshift.u_accel/q_accum/p_0_out_i_42/O
                         net (fo=1, routed)           1.404    11.930    u_accel/gen_nn_bitshift.u_accel/q_accum/p_0_out_i_42_n_0
    SLICE_X57Y55         LUT6 (Prop_lut6_I1_O)        0.299    12.229 r  u_accel/gen_nn_bitshift.u_accel/q_accum/p_0_out_i_6/O
                         net (fo=2, routed)           0.593    12.822    u_accel/gen_nn_bitshift.u_accel/q_accum/membrane_in[19]
    DSP48_X1Y20          DSP48E1                                      r  u_accel/gen_nn_bitshift.u_accel/q_accum/p_0_out__0/A[19]
  -------------------------------------------------------------------    -------------------

                         (clock sys_clk_pin rise edge)
                                                     10.000    10.000 r  
    E3                                                0.000    10.000 r  CLK100MHZ (IN)
                         net (fo=0)                   0.000    10.000    CLK100MHZ
    E3                   IBUF (Prop_ibuf_I_O)         1.411    11.411 r  CLK100MHZ_IBUF_inst/O
                         net (fo=1, routed)           1.920    13.331    CLK100MHZ_IBUF
    BUFGCTRL_X0Y16       BUFG (Prop_bufg_I_O)         0.091    13.422 r  CLK100MHZ_IBUF_BUFG_inst/O
                         net (fo=45693, routed)       1.596    15.018    u_accel/gen_nn_bitshift.u_accel/q_accum/CLK100MHZ_IBUF_BUFG
    DSP48_X1Y20          DSP48E1                                      r  u_accel/gen_nn_bitshift.u_accel/q_accum/p_0_out__0/CLK
                         clock pessimism              0.187    15.205    
                         clock uncertainty           -0.035    15.170    
    DSP48_X1Y20          DSP48E1 (Setup_dsp48e1_CLK_A[19])
                                                     -3.722    11.448    u_accel/gen_nn_bitshift.u_accel/q_accum/p_0_out__0
  -------------------------------------------------------------------
                         required time                         11.448    
                         arrival time                         -12.822    
  -------------------------------------------------------------------
                         slack                                 -1.374    





Min Delay Paths
--------------------------------------------------------------------------------------
Slack (MET) :             0.025ns  (arrival time - required time)
  Source:                 u_accel/gen_nn_bitshift.u_accel/fc2/outputs_reg[15][13]/C
                            (rising edge-triggered cell FDCE clocked by sys_clk_pin  {rise@0.000ns fall@5.000ns period=10.000ns})
  Destination:            u_accel/gen_nn_bitshift.u_accel/gen_hl2[15].hl2_lif/current_latched_reg[13]/D
                            (rising edge-triggered cell FDCE clocked by sys_clk_pin  {rise@0.000ns fall@5.000ns period=10.000ns})
  Path Group:             sys_clk_pin
  Path Type:              Hold (Min at Fast Process Corner)
  Requirement:            0.000ns  (sys_clk_pin rise@0.000ns - sys_clk_pin rise@0.000ns)
  Data Path Delay:        0.395ns  (logic 0.187ns (47.283%)  route 0.208ns (52.717%))
  Logic Levels:           1  (LUT2=1)
  Clock Path Skew:        0.264ns (DCD - SCD - CPR)
    Destination Clock Delay (DCD):    1.993ns
    Source Clock Delay      (SCD):    1.478ns
    Clock Pessimism Removal (CPR):    0.250ns

    Location             Delay type                Incr(ns)  Path(ns)    Netlist Resource(s)
  -------------------------------------------------------------------    -------------------
                         (clock sys_clk_pin rise edge)
                                                      0.000     0.000 r  
    E3                                                0.000     0.000 r  CLK100MHZ (IN)
                         net (fo=0)                   0.000     0.000    CLK100MHZ
    E3                   IBUF (Prop_ibuf_I_O)         0.250     0.250 r  CLK100MHZ_IBUF_inst/O
                         net (fo=1, routed)           0.644     0.894    CLK100MHZ_IBUF
    BUFGCTRL_X0Y16       BUFG (Prop_bufg_I_O)         0.026     0.920 r  CLK100MHZ_IBUF_BUFG_inst/O
                         net (fo=45693, routed)       0.559     1.478    u_accel/gen_nn_bitshift.u_accel/fc2/CLK100MHZ_IBUF_BUFG
    SLICE_X51Y106        FDCE                                         r  u_accel/gen_nn_bitshift.u_accel/fc2/outputs_reg[15][13]/C
  -------------------------------------------------------------------    -------------------
    SLICE_X51Y106        FDCE (Prop_fdce_C_Q)         0.141     1.619 r  u_accel/gen_nn_bitshift.u_accel/fc2/outputs_reg[15][13]/Q
                         net (fo=1, routed)           0.208     1.828    u_accel/gen_nn_bitshift.u_accel/fc2/fc2_outputs[15]_102[13]
    SLICE_X52Y106        LUT2 (Prop_lut2_I0_O)        0.046     1.874 r  u_accel/gen_nn_bitshift.u_accel/fc2/current_latched[13]_i_1__69/O
                         net (fo=1, routed)           0.000     1.874    u_accel/gen_nn_bitshift.u_accel/gen_hl2[15].hl2_lif/D[13]
    SLICE_X52Y106        FDCE                                         r  u_accel/gen_nn_bitshift.u_accel/gen_hl2[15].hl2_lif/current_latched_reg[13]/D
  -------------------------------------------------------------------    -------------------

                         (clock sys_clk_pin rise edge)
                                                      0.000     0.000 r  
    E3                                                0.000     0.000 r  CLK100MHZ (IN)
                         net (fo=0)                   0.000     0.000    CLK100MHZ
    E3                   IBUF (Prop_ibuf_I_O)         0.438     0.438 r  CLK100MHZ_IBUF_inst/O
                         net (fo=1, routed)           0.699     1.136    CLK100MHZ_IBUF
    BUFGCTRL_X0Y16       BUFG (Prop_bufg_I_O)         0.029     1.165 r  CLK100MHZ_IBUF_BUFG_inst/O
                         net (fo=45693, routed)       0.827     1.993    u_accel/gen_nn_bitshift.u_accel/gen_hl2[15].hl2_lif/CLK100MHZ_IBUF_BUFG
    SLICE_X52Y106        FDCE                                         r  u_accel/gen_nn_bitshift.u_accel/gen_hl2[15].hl2_lif/current_latched_reg[13]/C
                         clock pessimism             -0.250     1.742    
    SLICE_X52Y106        FDCE (Hold_fdce_C_D)         0.107     1.849    u_accel/gen_nn_bitshift.u_accel/gen_hl2[15].hl2_lif/current_latched_reg[13]
  -------------------------------------------------------------------
                         required time                         -1.849    
                         arrival time                           1.874    
  -------------------------------------------------------------------
                         slack                                  0.025    

Slack (MET) :             0.026ns  (arrival time - required time)
  Source:                 u_accel/gen_nn_bitshift.u_accel/fc2/outputs_reg[15][20]/C
                            (rising edge-triggered cell FDCE clocked by sys_clk_pin  {rise@0.000ns fall@5.000ns period=10.000ns})
  Destination:            u_accel/gen_nn_bitshift.u_accel/gen_hl2[15].hl2_lif/current_latched_reg[20]/D
                            (rising edge-triggered cell FDCE clocked by sys_clk_pin  {rise@0.000ns fall@5.000ns period=10.000ns})
  Path Group:             sys_clk_pin
  Path Type:              Hold (Min at Fast Process Corner)
  Requirement:            0.000ns  (sys_clk_pin rise@0.000ns - sys_clk_pin rise@0.000ns)
  Data Path Delay:        0.382ns  (logic 0.186ns (48.734%)  route 0.196ns (51.266%))
  Logic Levels:           1  (LUT2=1)
  Clock Path Skew:        0.264ns (DCD - SCD - CPR)
    Destination Clock Delay (DCD):    1.993ns
    Source Clock Delay      (SCD):    1.478ns
    Clock Pessimism Removal (CPR):    0.250ns

    Location             Delay type                Incr(ns)  Path(ns)    Netlist Resource(s)
  -------------------------------------------------------------------    -------------------
                         (clock sys_clk_pin rise edge)
                                                      0.000     0.000 r  
    E3                                                0.000     0.000 r  CLK100MHZ (IN)
                         net (fo=0)                   0.000     0.000    CLK100MHZ
    E3                   IBUF (Prop_ibuf_I_O)         0.250     0.250 r  CLK100MHZ_IBUF_inst/O
                         net (fo=1, routed)           0.644     0.894    CLK100MHZ_IBUF
    BUFGCTRL_X0Y16       BUFG (Prop_bufg_I_O)         0.026     0.920 r  CLK100MHZ_IBUF_BUFG_inst/O
                         net (fo=45693, routed)       0.559     1.478    u_accel/gen_nn_bitshift.u_accel/fc2/CLK100MHZ_IBUF_BUFG
    SLICE_X51Y106        FDCE                                         r  u_accel/gen_nn_bitshift.u_accel/fc2/outputs_reg[15][20]/C
  -------------------------------------------------------------------    -------------------
    SLICE_X51Y106        FDCE (Prop_fdce_C_Q)         0.141     1.619 r  u_accel/gen_nn_bitshift.u_accel/fc2/outputs_reg[15][20]/Q
                         net (fo=1, routed)           0.196     1.815    u_accel/gen_nn_bitshift.u_accel/fc2/fc2_outputs[15]_102[20]
    SLICE_X52Y106        LUT2 (Prop_lut2_I0_O)        0.045     1.860 r  u_accel/gen_nn_bitshift.u_accel/fc2/current_latched[20]_i_1__5/O
                         net (fo=1, routed)           0.000     1.860    u_accel/gen_nn_bitshift.u_accel/gen_hl2[15].hl2_lif/D[20]
    SLICE_X52Y106        FDCE                                         r  u_accel/gen_nn_bitshift.u_accel/gen_hl2[15].hl2_lif/current_latched_reg[20]/D
  -------------------------------------------------------------------    -------------------

                         (clock sys_clk_pin rise edge)
                                                      0.000     0.000 r  
    E3                                                0.000     0.000 r  CLK100MHZ (IN)
                         net (fo=0)                   0.000     0.000    CLK100MHZ
    E3                   IBUF (Prop_ibuf_I_O)         0.438     0.438 r  CLK100MHZ_IBUF_inst/O
                         net (fo=1, routed)           0.699     1.136    CLK100MHZ_IBUF
    BUFGCTRL_X0Y16       BUFG (Prop_bufg_I_O)         0.029     1.165 r  CLK100MHZ_IBUF_BUFG_inst/O
                         net (fo=45693, routed)       0.827     1.993    u_accel/gen_nn_bitshift.u_accel/gen_hl2[15].hl2_lif/CLK100MHZ_IBUF_BUFG
    SLICE_X52Y106        FDCE                                         r  u_accel/gen_nn_bitshift.u_accel/gen_hl2[15].hl2_lif/current_latched_reg[20]/C
                         clock pessimism             -0.250     1.742    
    SLICE_X52Y106        FDCE (Hold_fdce_C_D)         0.092     1.834    u_accel/gen_nn_bitshift.u_accel/gen_hl2[15].hl2_lif/current_latched_reg[20]
  -------------------------------------------------------------------
                         required time                         -1.834    
                         arrival time                           1.860    
  -------------------------------------------------------------------
                         slack                                  0.026    

Slack (MET) :             0.043ns  (arrival time - required time)
  Source:                 u_accel/gen_nn_bitshift.u_accel/gen_hl1_lif[59].hl1_lif/current_latched_reg[3]/C
                            (rising edge-triggered cell FDCE clocked by sys_clk_pin  {rise@0.000ns fall@5.000ns period=10.000ns})
  Destination:            u_accel/gen_nn_bitshift.u_accel/gen_hl1_lif[59].hl1_lif/numerator_reg_reg[4]/D
                            (rising edge-triggered cell FDCE clocked by sys_clk_pin  {rise@0.000ns fall@5.000ns period=10.000ns})
  Path Group:             sys_clk_pin
  Path Type:              Hold (Min at Fast Process Corner)
  Requirement:            0.000ns  (sys_clk_pin rise@0.000ns - sys_clk_pin rise@0.000ns)
  Data Path Delay:        0.529ns  (logic 0.388ns (73.314%)  route 0.141ns (26.686%))
  Logic Levels:           3  (CARRY4=2 LUT3=1)
  Clock Path Skew:        0.352ns (DCD - SCD - CPR)
    Destination Clock Delay (DCD):    2.092ns
    Source Clock Delay      (SCD):    1.489ns
    Clock Pessimism Removal (CPR):    0.250ns

    Location             Delay type                Incr(ns)  Path(ns)    Netlist Resource(s)
  -------------------------------------------------------------------    -------------------
                         (clock sys_clk_pin rise edge)
                                                      0.000     0.000 r  
    E3                                                0.000     0.000 r  CLK100MHZ (IN)
                         net (fo=0)                   0.000     0.000    CLK100MHZ
    E3                   IBUF (Prop_ibuf_I_O)         0.250     0.250 r  CLK100MHZ_IBUF_inst/O
                         net (fo=1, routed)           0.644     0.894    CLK100MHZ_IBUF
    BUFGCTRL_X0Y16       BUFG (Prop_bufg_I_O)         0.026     0.920 r  CLK100MHZ_IBUF_BUFG_inst/O
                         net (fo=45693, routed)       0.570     1.489    u_accel/gen_nn_bitshift.u_accel/gen_hl1_lif[59].hl1_lif/CLK100MHZ_IBUF_BUFG
    SLICE_X9Y149         FDCE                                         r  u_accel/gen_nn_bitshift.u_accel/gen_hl1_lif[59].hl1_lif/current_latched_reg[3]/C
  -------------------------------------------------------------------    -------------------
    SLICE_X9Y149         FDCE (Prop_fdce_C_Q)         0.128     1.617 r  u_accel/gen_nn_bitshift.u_accel/gen_hl1_lif[59].hl1_lif/current_latched_reg[3]/Q
                         net (fo=1, routed)           0.141     1.758    u_accel/gen_nn_bitshift.u_accel/gen_hl1_lif[59].hl1_lif/current_latched_reg_n_0_[3]
    SLICE_X8Y149         LUT3 (Prop_lut3_I2_O)        0.098     1.856 r  u_accel/gen_nn_bitshift.u_accel/gen_hl1_lif[59].hl1_lif/numerator_reg[3]_i_6__3/O
                         net (fo=1, routed)           0.000     1.856    u_accel/gen_nn_bitshift.u_accel/gen_hl1_lif[59].hl1_lif/numerator_reg[3]_i_6__3_n_0
    SLICE_X8Y149         CARRY4 (Prop_carry4_S[3]_CO[3])
                                                      0.109     1.965 r  u_accel/gen_nn_bitshift.u_accel/gen_hl1_lif[59].hl1_lif/numerator_reg_reg[3]_i_1__3/CO[3]
                         net (fo=1, routed)           0.001     1.966    u_accel/gen_nn_bitshift.u_accel/gen_hl1_lif[59].hl1_lif/numerator_reg_reg[3]_i_1__3_n_0
    SLICE_X8Y150         CARRY4 (Prop_carry4_CI_O[0])
                                                      0.053     2.019 r  u_accel/gen_nn_bitshift.u_accel/gen_hl1_lif[59].hl1_lif/numerator_reg_reg[7]_i_1__3/O[0]
                         net (fo=1, routed)           0.000     2.019    u_accel/gen_nn_bitshift.u_accel/gen_hl1_lif[59].hl1_lif/numerator_reg_reg[7]_i_1__3_n_7
    SLICE_X8Y150         FDCE                                         r  u_accel/gen_nn_bitshift.u_accel/gen_hl1_lif[59].hl1_lif/numerator_reg_reg[4]/D
  -------------------------------------------------------------------    -------------------

                         (clock sys_clk_pin rise edge)
                                                      0.000     0.000 r  
    E3                                                0.000     0.000 r  CLK100MHZ (IN)
                         net (fo=0)                   0.000     0.000    CLK100MHZ
    E3                   IBUF (Prop_ibuf_I_O)         0.438     0.438 r  CLK100MHZ_IBUF_inst/O
                         net (fo=1, routed)           0.699     1.136    CLK100MHZ_IBUF
    BUFGCTRL_X0Y16       BUFG (Prop_bufg_I_O)         0.029     1.165 r  CLK100MHZ_IBUF_BUFG_inst/O
                         net (fo=45693, routed)       0.927     2.092    u_accel/gen_nn_bitshift.u_accel/gen_hl1_lif[59].hl1_lif/CLK100MHZ_IBUF_BUFG
    SLICE_X8Y150         FDCE                                         r  u_accel/gen_nn_bitshift.u_accel/gen_hl1_lif[59].hl1_lif/numerator_reg_reg[4]/C
                         clock pessimism             -0.250     1.842    
    SLICE_X8Y150         FDCE (Hold_fdce_C_D)         0.134     1.976    u_accel/gen_nn_bitshift.u_accel/gen_hl1_lif[59].hl1_lif/numerator_reg_reg[4]
  -------------------------------------------------------------------
                         required time                         -1.976    
                         arrival time                           2.019    
  -------------------------------------------------------------------
                         slack                                  0.043    

Slack (MET) :             0.044ns  (arrival time - required time)
  Source:                 u_accel/u_ctrl/observations_reg[1][12]/C
                            (rising edge-triggered cell FDCE clocked by sys_clk_pin  {rise@0.000ns fall@5.000ns period=10.000ns})
  Destination:            u_accel/gen_nn_bitshift.u_accel/observations_registered_reg[1][12]/D
                            (rising edge-triggered cell FDCE clocked by sys_clk_pin  {rise@0.000ns fall@5.000ns period=10.000ns})
  Path Group:             sys_clk_pin
  Path Type:              Hold (Min at Fast Process Corner)
  Requirement:            0.000ns  (sys_clk_pin rise@0.000ns - sys_clk_pin rise@0.000ns)
  Data Path Delay:        0.379ns  (logic 0.141ns (37.216%)  route 0.238ns (62.784%))
  Logic Levels:           0  
  Clock Path Skew:        0.265ns (DCD - SCD - CPR)
    Destination Clock Delay (DCD):    1.993ns
    Source Clock Delay      (SCD):    1.477ns
    Clock Pessimism Removal (CPR):    0.250ns

    Location             Delay type                Incr(ns)  Path(ns)    Netlist Resource(s)
  -------------------------------------------------------------------    -------------------
                         (clock sys_clk_pin rise edge)
                                                      0.000     0.000 r  
    E3                                                0.000     0.000 r  CLK100MHZ (IN)
                         net (fo=0)                   0.000     0.000    CLK100MHZ
    E3                   IBUF (Prop_ibuf_I_O)         0.250     0.250 r  CLK100MHZ_IBUF_inst/O
                         net (fo=1, routed)           0.644     0.894    CLK100MHZ_IBUF
    BUFGCTRL_X0Y16       BUFG (Prop_bufg_I_O)         0.026     0.920 r  CLK100MHZ_IBUF_BUFG_inst/O
                         net (fo=45693, routed)       0.558     1.477    u_accel/u_ctrl/CLK100MHZ_IBUF_BUFG
    SLICE_X55Y144        FDCE                                         r  u_accel/u_ctrl/observations_reg[1][12]/C
  -------------------------------------------------------------------    -------------------
    SLICE_X55Y144        FDCE (Prop_fdce_C_Q)         0.141     1.618 r  u_accel/u_ctrl/observations_reg[1][12]/Q
                         net (fo=9, routed)           0.238     1.856    u_accel/gen_nn_bitshift.u_accel/observations[1][12]
    SLICE_X51Y141        FDCE                                         r  u_accel/gen_nn_bitshift.u_accel/observations_registered_reg[1][12]/D
  -------------------------------------------------------------------    -------------------

                         (clock sys_clk_pin rise edge)
                                                      0.000     0.000 r  
    E3                                                0.000     0.000 r  CLK100MHZ (IN)
                         net (fo=0)                   0.000     0.000    CLK100MHZ
    E3                   IBUF (Prop_ibuf_I_O)         0.438     0.438 r  CLK100MHZ_IBUF_inst/O
                         net (fo=1, routed)           0.699     1.136    CLK100MHZ_IBUF
    BUFGCTRL_X0Y16       BUFG (Prop_bufg_I_O)         0.029     1.165 r  CLK100MHZ_IBUF_BUFG_inst/O
                         net (fo=45693, routed)       0.828     1.993    u_accel/gen_nn_bitshift.u_accel/CLK100MHZ_IBUF_BUFG
    SLICE_X51Y141        FDCE                                         r  u_accel/gen_nn_bitshift.u_accel/observations_registered_reg[1][12]/C
                         clock pessimism             -0.250     1.742    
    SLICE_X51Y141        FDCE (Hold_fdce_C_D)         0.070     1.812    u_accel/gen_nn_bitshift.u_accel/observations_registered_reg[1][12]
  -------------------------------------------------------------------
                         required time                         -1.812    
                         arrival time                           1.856    
  -------------------------------------------------------------------
                         slack                                  0.044    

Slack (MET) :             0.047ns  (arrival time - required time)
  Source:                 u_accel/u_ctrl/observations_reg[1][15]/C
                            (rising edge-triggered cell FDCE clocked by sys_clk_pin  {rise@0.000ns fall@5.000ns period=10.000ns})
  Destination:            u_accel/gen_nn_bitshift.u_accel/observations_registered_reg[1][15]/D
                            (rising edge-triggered cell FDCE clocked by sys_clk_pin  {rise@0.000ns fall@5.000ns period=10.000ns})
  Path Group:             sys_clk_pin
  Path Type:              Hold (Min at Fast Process Corner)
  Requirement:            0.000ns  (sys_clk_pin rise@0.000ns - sys_clk_pin rise@0.000ns)
  Data Path Delay:        0.380ns  (logic 0.141ns (37.134%)  route 0.239ns (62.866%))
  Logic Levels:           0  
  Clock Path Skew:        0.263ns (DCD - SCD - CPR)
    Destination Clock Delay (DCD):    1.993ns
    Source Clock Delay      (SCD):    1.479ns
    Clock Pessimism Removal (CPR):    0.250ns

    Location             Delay type                Incr(ns)  Path(ns)    Netlist Resource(s)
  -------------------------------------------------------------------    -------------------
                         (clock sys_clk_pin rise edge)
                                                      0.000     0.000 r  
    E3                                                0.000     0.000 r  CLK100MHZ (IN)
                         net (fo=0)                   0.000     0.000    CLK100MHZ
    E3                   IBUF (Prop_ibuf_I_O)         0.250     0.250 r  CLK100MHZ_IBUF_inst/O
                         net (fo=1, routed)           0.644     0.894    CLK100MHZ_IBUF
    BUFGCTRL_X0Y16       BUFG (Prop_bufg_I_O)         0.026     0.920 r  CLK100MHZ_IBUF_BUFG_inst/O
                         net (fo=45693, routed)       0.560     1.479    u_accel/u_ctrl/CLK100MHZ_IBUF_BUFG
    SLICE_X49Y145        FDCE                                         r  u_accel/u_ctrl/observations_reg[1][15]/C
  -------------------------------------------------------------------    -------------------
    SLICE_X49Y145        FDCE (Prop_fdce_C_Q)         0.141     1.620 r  u_accel/u_ctrl/observations_reg[1][15]/Q
                         net (fo=7, routed)           0.239     1.859    u_accel/gen_nn_bitshift.u_accel/observations[1][15]
    SLICE_X53Y145        FDCE                                         r  u_accel/gen_nn_bitshift.u_accel/observations_registered_reg[1][15]/D
  -------------------------------------------------------------------    -------------------

                         (clock sys_clk_pin rise edge)
                                                      0.000     0.000 r  
    E3                                                0.000     0.000 r  CLK100MHZ (IN)
                         net (fo=0)                   0.000     0.000    CLK100MHZ
    E3                   IBUF (Prop_ibuf_I_O)         0.438     0.438 r  CLK100MHZ_IBUF_inst/O
                         net (fo=1, routed)           0.699     1.136    CLK100MHZ_IBUF
    BUFGCTRL_X0Y16       BUFG (Prop_bufg_I_O)         0.029     1.165 r  CLK100MHZ_IBUF_BUFG_inst/O
                         net (fo=45693, routed)       0.827     1.993    u_accel/gen_nn_bitshift.u_accel/CLK100MHZ_IBUF_BUFG
    SLICE_X53Y145        FDCE                                         r  u_accel/gen_nn_bitshift.u_accel/observations_registered_reg[1][15]/C
                         clock pessimism             -0.250     1.742    
    SLICE_X53Y145        FDCE (Hold_fdce_C_D)         0.070     1.812    u_accel/gen_nn_bitshift.u_accel/observations_registered_reg[1][15]
  -------------------------------------------------------------------
                         required time                         -1.812    
                         arrival time                           1.859    
  -------------------------------------------------------------------
                         slack                                  0.047    

Slack (MET) :             0.048ns  (arrival time - required time)
  Source:                 u_accel/gen_nn_bitshift.u_accel/gen_hl2[14].hl2_lif/membrane_out_reg[3]/C
                            (rising edge-triggered cell FDCE clocked by sys_clk_pin  {rise@0.000ns fall@5.000ns period=10.000ns})
  Destination:            u_accel/gen_nn_bitshift.u_accel/gen_hl2[14].membrane_buf/membrane_storage_reg[7][3]/D
                            (rising edge-triggered cell FDCE clocked by sys_clk_pin  {rise@0.000ns fall@5.000ns period=10.000ns})
  Path Group:             sys_clk_pin
  Path Type:              Hold (Min at Fast Process Corner)
  Requirement:            0.000ns  (sys_clk_pin rise@0.000ns - sys_clk_pin rise@0.000ns)
  Data Path Delay:        0.393ns  (logic 0.141ns (35.870%)  route 0.252ns (64.130%))
  Logic Levels:           0  
  Clock Path Skew:        0.275ns (DCD - SCD - CPR)
    Destination Clock Delay (DCD):    2.005ns
    Source Clock Delay      (SCD):    1.484ns
    Clock Pessimism Removal (CPR):    0.245ns

    Location             Delay type                Incr(ns)  Path(ns)    Netlist Resource(s)
  -------------------------------------------------------------------    -------------------
                         (clock sys_clk_pin rise edge)
                                                      0.000     0.000 r  
    E3                                                0.000     0.000 r  CLK100MHZ (IN)
                         net (fo=0)                   0.000     0.000    CLK100MHZ
    E3                   IBUF (Prop_ibuf_I_O)         0.250     0.250 r  CLK100MHZ_IBUF_inst/O
                         net (fo=1, routed)           0.644     0.894    CLK100MHZ_IBUF
    BUFGCTRL_X0Y16       BUFG (Prop_bufg_I_O)         0.026     0.920 r  CLK100MHZ_IBUF_BUFG_inst/O
                         net (fo=45693, routed)       0.565     1.484    u_accel/gen_nn_bitshift.u_accel/gen_hl2[14].hl2_lif/CLK100MHZ_IBUF_BUFG
    SLICE_X36Y100        FDCE                                         r  u_accel/gen_nn_bitshift.u_accel/gen_hl2[14].hl2_lif/membrane_out_reg[3]/C
  -------------------------------------------------------------------    -------------------
    SLICE_X36Y100        FDCE (Prop_fdce_C_Q)         0.141     1.625 r  u_accel/gen_nn_bitshift.u_accel/gen_hl2[14].hl2_lif/membrane_out_reg[3]/Q
                         net (fo=20, routed)          0.252     1.878    u_accel/gen_nn_bitshift.u_accel/gen_hl2[14].membrane_buf/D[3]
    SLICE_X40Y95         FDCE                                         r  u_accel/gen_nn_bitshift.u_accel/gen_hl2[14].membrane_buf/membrane_storage_reg[7][3]/D
  -------------------------------------------------------------------    -------------------

                         (clock sys_clk_pin rise edge)
                                                      0.000     0.000 r  
    E3                                                0.000     0.000 r  CLK100MHZ (IN)
                         net (fo=0)                   0.000     0.000    CLK100MHZ
    E3                   IBUF (Prop_ibuf_I_O)         0.438     0.438 r  CLK100MHZ_IBUF_inst/O
                         net (fo=1, routed)           0.699     1.136    CLK100MHZ_IBUF
    BUFGCTRL_X0Y16       BUFG (Prop_bufg_I_O)         0.029     1.165 r  CLK100MHZ_IBUF_BUFG_inst/O
                         net (fo=45693, routed)       0.840     2.005    u_accel/gen_nn_bitshift.u_accel/gen_hl2[14].membrane_buf/CLK100MHZ_IBUF_BUFG
    SLICE_X40Y95         FDCE                                         r  u_accel/gen_nn_bitshift.u_accel/gen_hl2[14].membrane_buf/membrane_storage_reg[7][3]/C
                         clock pessimism             -0.245     1.759    
    SLICE_X40Y95         FDCE (Hold_fdce_C_D)         0.070     1.829    u_accel/gen_nn_bitshift.u_accel/gen_hl2[14].membrane_buf/membrane_storage_reg[7][3]
  -------------------------------------------------------------------
                         required time                         -1.829    
                         arrival time                           1.878    
  -------------------------------------------------------------------
                         slack                                  0.048    

Slack (MET) :             0.049ns  (arrival time - required time)
  Source:                 u_accel/gen_nn_bitshift.u_accel/gen_hl1_lif[59].hl1_lif/current_latched_reg[7]/C
                            (rising edge-triggered cell FDCE clocked by sys_clk_pin  {rise@0.000ns fall@5.000ns period=10.000ns})
  Destination:            u_accel/gen_nn_bitshift.u_accel/gen_hl1_lif[59].hl1_lif/numerator_reg_reg[7]/D
                            (rising edge-triggered cell FDCE clocked by sys_clk_pin  {rise@0.000ns fall@5.000ns period=10.000ns})
  Path Group:             sys_clk_pin
  Path Type:              Hold (Min at Fast Process Corner)
  Requirement:            0.000ns  (sys_clk_pin rise@0.000ns - sys_clk_pin rise@0.000ns)
  Data Path Delay:        0.536ns  (logic 0.290ns (54.136%)  route 0.246ns (45.864%))
  Logic Levels:           2  (CARRY4=1 LUT3=1)
  Clock Path Skew:        0.352ns (DCD - SCD - CPR)
    Destination Clock Delay (DCD):    2.092ns
    Source Clock Delay      (SCD):    1.489ns
    Clock Pessimism Removal (CPR):    0.250ns

    Location             Delay type                Incr(ns)  Path(ns)    Netlist Resource(s)
  -------------------------------------------------------------------    -------------------
                         (clock sys_clk_pin rise edge)
                                                      0.000     0.000 r  
    E3                                                0.000     0.000 r  CLK100MHZ (IN)
                         net (fo=0)                   0.000     0.000    CLK100MHZ
    E3                   IBUF (Prop_ibuf_I_O)         0.250     0.250 r  CLK100MHZ_IBUF_inst/O
                         net (fo=1, routed)           0.644     0.894    CLK100MHZ_IBUF
    BUFGCTRL_X0Y16       BUFG (Prop_bufg_I_O)         0.026     0.920 r  CLK100MHZ_IBUF_BUFG_inst/O
                         net (fo=45693, routed)       0.570     1.489    u_accel/gen_nn_bitshift.u_accel/gen_hl1_lif[59].hl1_lif/CLK100MHZ_IBUF_BUFG
    SLICE_X9Y149         FDCE                                         r  u_accel/gen_nn_bitshift.u_accel/gen_hl1_lif[59].hl1_lif/current_latched_reg[7]/C
  -------------------------------------------------------------------    -------------------
    SLICE_X9Y149         FDCE (Prop_fdce_C_Q)         0.128     1.617 r  u_accel/gen_nn_bitshift.u_accel/gen_hl1_lif[59].hl1_lif/current_latched_reg[7]/Q
                         net (fo=1, routed)           0.246     1.863    u_accel/gen_nn_bitshift.u_accel/gen_hl1_lif[59].hl1_lif/current_latched_reg_n_0_[7]
    SLICE_X8Y150         LUT3 (Prop_lut3_I2_O)        0.098     1.961 r  u_accel/gen_nn_bitshift.u_accel/gen_hl1_lif[59].hl1_lif/numerator_reg[7]_i_6__3/O
                         net (fo=1, routed)           0.000     1.961    u_accel/gen_nn_bitshift.u_accel/gen_hl1_lif[59].hl1_lif/numerator_reg[7]_i_6__3_n_0
    SLICE_X8Y150         CARRY4 (Prop_carry4_S[3]_O[3])
                                                      0.064     2.025 r  u_accel/gen_nn_bitshift.u_accel/gen_hl1_lif[59].hl1_lif/numerator_reg_reg[7]_i_1__3/O[3]
                         net (fo=1, routed)           0.000     2.025    u_accel/gen_nn_bitshift.u_accel/gen_hl1_lif[59].hl1_lif/numerator_reg_reg[7]_i_1__3_n_4
    SLICE_X8Y150         FDCE                                         r  u_accel/gen_nn_bitshift.u_accel/gen_hl1_lif[59].hl1_lif/numerator_reg_reg[7]/D
  -------------------------------------------------------------------    -------------------

                         (clock sys_clk_pin rise edge)
                                                      0.000     0.000 r  
    E3                                                0.000     0.000 r  CLK100MHZ (IN)
                         net (fo=0)                   0.000     0.000    CLK100MHZ
    E3                   IBUF (Prop_ibuf_I_O)         0.438     0.438 r  CLK100MHZ_IBUF_inst/O
                         net (fo=1, routed)           0.699     1.136    CLK100MHZ_IBUF
    BUFGCTRL_X0Y16       BUFG (Prop_bufg_I_O)         0.029     1.165 r  CLK100MHZ_IBUF_BUFG_inst/O
                         net (fo=45693, routed)       0.927     2.092    u_accel/gen_nn_bitshift.u_accel/gen_hl1_lif[59].hl1_lif/CLK100MHZ_IBUF_BUFG
    SLICE_X8Y150         FDCE                                         r  u_accel/gen_nn_bitshift.u_accel/gen_hl1_lif[59].hl1_lif/numerator_reg_reg[7]/C
                         clock pessimism             -0.250     1.842    
    SLICE_X8Y150         FDCE (Hold_fdce_C_D)         0.134     1.976    u_accel/gen_nn_bitshift.u_accel/gen_hl1_lif[59].hl1_lif/numerator_reg_reg[7]
  -------------------------------------------------------------------
                         required time                         -1.976    
                         arrival time                           2.025    
  -------------------------------------------------------------------
                         slack                                  0.049    

Slack (MET) :             0.050ns  (arrival time - required time)
  Source:                 u_accel/gen_nn_bitshift.u_accel/gen_hl1_lif[6].hl1_lif/current_latched_reg[4]/C
                            (rising edge-triggered cell FDCE clocked by sys_clk_pin  {rise@0.000ns fall@5.000ns period=10.000ns})
  Destination:            u_accel/gen_nn_bitshift.u_accel/gen_hl1_lif[6].hl1_lif/numerator_reg_reg[8]/D
                            (rising edge-triggered cell FDCE clocked by sys_clk_pin  {rise@0.000ns fall@5.000ns period=10.000ns})
  Path Group:             sys_clk_pin
  Path Type:              Hold (Min at Fast Process Corner)
  Requirement:            0.000ns  (sys_clk_pin rise@0.000ns - sys_clk_pin rise@0.000ns)
  Data Path Delay:        0.529ns  (logic 0.384ns (72.608%)  route 0.145ns (27.392%))
  Logic Levels:           3  (CARRY4=2 LUT3=1)
  Clock Path Skew:        0.344ns (DCD - SCD - CPR)
    Destination Clock Delay (DCD):    2.106ns
    Source Clock Delay      (SCD):    1.511ns
    Clock Pessimism Removal (CPR):    0.250ns

    Location             Delay type                Incr(ns)  Path(ns)    Netlist Resource(s)
  -------------------------------------------------------------------    -------------------
                         (clock sys_clk_pin rise edge)
                                                      0.000     0.000 r  
    E3                                                0.000     0.000 r  CLK100MHZ (IN)
                         net (fo=0)                   0.000     0.000    CLK100MHZ
    E3                   IBUF (Prop_ibuf_I_O)         0.250     0.250 r  CLK100MHZ_IBUF_inst/O
                         net (fo=1, routed)           0.644     0.894    CLK100MHZ_IBUF
    BUFGCTRL_X0Y16       BUFG (Prop_bufg_I_O)         0.026     0.920 r  CLK100MHZ_IBUF_BUFG_inst/O
                         net (fo=45693, routed)       0.592     1.511    u_accel/gen_nn_bitshift.u_accel/gen_hl1_lif[6].hl1_lif/CLK100MHZ_IBUF_BUFG
    SLICE_X77Y149        FDCE                                         r  u_accel/gen_nn_bitshift.u_accel/gen_hl1_lif[6].hl1_lif/current_latched_reg[4]/C
  -------------------------------------------------------------------    -------------------
    SLICE_X77Y149        FDCE (Prop_fdce_C_Q)         0.141     1.652 r  u_accel/gen_nn_bitshift.u_accel/gen_hl1_lif[6].hl1_lif/current_latched_reg[4]/Q
                         net (fo=1, routed)           0.144     1.797    u_accel/gen_nn_bitshift.u_accel/gen_hl1_lif[6].hl1_lif/current_latched_reg_n_0_[4]
    SLICE_X76Y149        LUT3 (Prop_lut3_I2_O)        0.045     1.842 r  u_accel/gen_nn_bitshift.u_accel/gen_hl1_lif[6].hl1_lif/numerator_reg[7]_i_9__55/O
                         net (fo=1, routed)           0.000     1.842    u_accel/gen_nn_bitshift.u_accel/gen_hl1_lif[6].hl1_lif/numerator_reg[7]_i_9__55_n_0
    SLICE_X76Y149        CARRY4 (Prop_carry4_S[0]_CO[3])
                                                      0.145     1.987 r  u_accel/gen_nn_bitshift.u_accel/gen_hl1_lif[6].hl1_lif/numerator_reg_reg[7]_i_1__55/CO[3]
                         net (fo=1, routed)           0.001     1.987    u_accel/gen_nn_bitshift.u_accel/gen_hl1_lif[6].hl1_lif/numerator_reg_reg[7]_i_1__55_n_0
    SLICE_X76Y150        CARRY4 (Prop_carry4_CI_O[0])
                                                      0.053     2.040 r  u_accel/gen_nn_bitshift.u_accel/gen_hl1_lif[6].hl1_lif/numerator_reg_reg[11]_i_1__55/O[0]
                         net (fo=1, routed)           0.000     2.040    u_accel/gen_nn_bitshift.u_accel/gen_hl1_lif[6].hl1_lif/numerator_reg_reg[11]_i_1__55_n_7
    SLICE_X76Y150        FDCE                                         r  u_accel/gen_nn_bitshift.u_accel/gen_hl1_lif[6].hl1_lif/numerator_reg_reg[8]/D
  -------------------------------------------------------------------    -------------------

                         (clock sys_clk_pin rise edge)
                                                      0.000     0.000 r  
    E3                                                0.000     0.000 r  CLK100MHZ (IN)
                         net (fo=0)                   0.000     0.000    CLK100MHZ
    E3                   IBUF (Prop_ibuf_I_O)         0.438     0.438 r  CLK100MHZ_IBUF_inst/O
                         net (fo=1, routed)           0.699     1.136    CLK100MHZ_IBUF
    BUFGCTRL_X0Y16       BUFG (Prop_bufg_I_O)         0.029     1.165 r  CLK100MHZ_IBUF_BUFG_inst/O
                         net (fo=45693, routed)       0.941     2.106    u_accel/gen_nn_bitshift.u_accel/gen_hl1_lif[6].hl1_lif/CLK100MHZ_IBUF_BUFG
    SLICE_X76Y150        FDCE                                         r  u_accel/gen_nn_bitshift.u_accel/gen_hl1_lif[6].hl1_lif/numerator_reg_reg[8]/C
                         clock pessimism             -0.250     1.856    
    SLICE_X76Y150        FDCE (Hold_fdce_C_D)         0.134     1.990    u_accel/gen_nn_bitshift.u_accel/gen_hl1_lif[6].hl1_lif/numerator_reg_reg[8]
  -------------------------------------------------------------------
                         required time                         -1.990    
                         arrival time                           2.040    
  -------------------------------------------------------------------
                         slack                                  0.050    

Slack (MET) :             0.052ns  (arrival time - required time)
  Source:                 u_accel/gen_nn_bitshift.u_accel/gen_hl2[14].hl2_lif/membrane_out_reg[12]/C
                            (rising edge-triggered cell FDCE clocked by sys_clk_pin  {rise@0.000ns fall@5.000ns period=10.000ns})
  Destination:            u_accel/gen_nn_bitshift.u_accel/gen_hl2[14].membrane_buf/membrane_storage_reg[17][12]/D
                            (rising edge-triggered cell FDCE clocked by sys_clk_pin  {rise@0.000ns fall@5.000ns period=10.000ns})
  Path Group:             sys_clk_pin
  Path Type:              Hold (Min at Fast Process Corner)
  Requirement:            0.000ns  (sys_clk_pin rise@0.000ns - sys_clk_pin rise@0.000ns)
  Data Path Delay:        0.396ns  (logic 0.141ns (35.580%)  route 0.255ns (64.420%))
  Logic Levels:           0  
  Clock Path Skew:        0.274ns (DCD - SCD - CPR)
    Destination Clock Delay (DCD):    2.004ns
    Source Clock Delay      (SCD):    1.484ns
    Clock Pessimism Removal (CPR):    0.245ns

    Location             Delay type                Incr(ns)  Path(ns)    Netlist Resource(s)
  -------------------------------------------------------------------    -------------------
                         (clock sys_clk_pin rise edge)
                                                      0.000     0.000 r  
    E3                                                0.000     0.000 r  CLK100MHZ (IN)
                         net (fo=0)                   0.000     0.000    CLK100MHZ
    E3                   IBUF (Prop_ibuf_I_O)         0.250     0.250 r  CLK100MHZ_IBUF_inst/O
                         net (fo=1, routed)           0.644     0.894    CLK100MHZ_IBUF
    BUFGCTRL_X0Y16       BUFG (Prop_bufg_I_O)         0.026     0.920 r  CLK100MHZ_IBUF_BUFG_inst/O
                         net (fo=45693, routed)       0.565     1.484    u_accel/gen_nn_bitshift.u_accel/gen_hl2[14].hl2_lif/CLK100MHZ_IBUF_BUFG
    SLICE_X37Y100        FDCE                                         r  u_accel/gen_nn_bitshift.u_accel/gen_hl2[14].hl2_lif/membrane_out_reg[12]/C
  -------------------------------------------------------------------    -------------------
    SLICE_X37Y100        FDCE (Prop_fdce_C_Q)         0.141     1.625 r  u_accel/gen_nn_bitshift.u_accel/gen_hl2[14].hl2_lif/membrane_out_reg[12]/Q
                         net (fo=20, routed)          0.255     1.881    u_accel/gen_nn_bitshift.u_accel/gen_hl2[14].membrane_buf/D[12]
    SLICE_X41Y92         FDCE                                         r  u_accel/gen_nn_bitshift.u_accel/gen_hl2[14].membrane_buf/membrane_storage_reg[17][12]/D
  -------------------------------------------------------------------    -------------------

                         (clock sys_clk_pin rise edge)
                                                      0.000     0.000 r  
    E3                                                0.000     0.000 r  CLK100MHZ (IN)
                         net (fo=0)                   0.000     0.000    CLK100MHZ
    E3                   IBUF (Prop_ibuf_I_O)         0.438     0.438 r  CLK100MHZ_IBUF_inst/O
                         net (fo=1, routed)           0.699     1.136    CLK100MHZ_IBUF
    BUFGCTRL_X0Y16       BUFG (Prop_bufg_I_O)         0.029     1.165 r  CLK100MHZ_IBUF_BUFG_inst/O
                         net (fo=45693, routed)       0.839     2.004    u_accel/gen_nn_bitshift.u_accel/gen_hl2[14].membrane_buf/CLK100MHZ_IBUF_BUFG
    SLICE_X41Y92         FDCE                                         r  u_accel/gen_nn_bitshift.u_accel/gen_hl2[14].membrane_buf/membrane_storage_reg[17][12]/C
                         clock pessimism             -0.245     1.758    
    SLICE_X41Y92         FDCE (Hold_fdce_C_D)         0.070     1.828    u_accel/gen_nn_bitshift.u_accel/gen_hl2[14].membrane_buf/membrane_storage_reg[17][12]
  -------------------------------------------------------------------
                         required time                         -1.828    
                         arrival time                           1.881    
  -------------------------------------------------------------------
                         slack                                  0.052    

Slack (MET) :             0.053ns  (arrival time - required time)
  Source:                 u_accel/gen_nn_bitshift.u_accel/fc1/outputs_reg[48][9]/C
                            (rising edge-triggered cell FDCE clocked by sys_clk_pin  {rise@0.000ns fall@5.000ns period=10.000ns})
  Destination:            u_accel/gen_nn_bitshift.u_accel/gen_hl1_lif[48].hl1_lif/current_latched_reg[9]/D
                            (rising edge-triggered cell FDCE clocked by sys_clk_pin  {rise@0.000ns fall@5.000ns period=10.000ns})
  Path Group:             sys_clk_pin
  Path Type:              Hold (Min at Fast Process Corner)
  Requirement:            0.000ns  (sys_clk_pin rise@0.000ns - sys_clk_pin rise@0.000ns)
  Data Path Delay:        0.423ns  (logic 0.185ns (43.717%)  route 0.238ns (56.283%))
  Logic Levels:           1  (LUT2=1)
  Clock Path Skew:        0.263ns (DCD - SCD - CPR)
    Destination Clock Delay (DCD):    1.981ns
    Source Clock Delay      (SCD):    1.467ns
    Clock Pessimism Removal (CPR):    0.250ns

    Location             Delay type                Incr(ns)  Path(ns)    Netlist Resource(s)
  -------------------------------------------------------------------    -------------------
                         (clock sys_clk_pin rise edge)
                                                      0.000     0.000 r  
    E3                                                0.000     0.000 r  CLK100MHZ (IN)
                         net (fo=0)                   0.000     0.000    CLK100MHZ
    E3                   IBUF (Prop_ibuf_I_O)         0.250     0.250 r  CLK100MHZ_IBUF_inst/O
                         net (fo=1, routed)           0.644     0.894    CLK100MHZ_IBUF
    BUFGCTRL_X0Y16       BUFG (Prop_bufg_I_O)         0.026     0.920 r  CLK100MHZ_IBUF_BUFG_inst/O
                         net (fo=45693, routed)       0.548     1.467    u_accel/gen_nn_bitshift.u_accel/fc1/CLK100MHZ_IBUF_BUFG
    SLICE_X52Y127        FDCE                                         r  u_accel/gen_nn_bitshift.u_accel/fc1/outputs_reg[48][9]/C
  -------------------------------------------------------------------    -------------------
    SLICE_X52Y127        FDCE (Prop_fdce_C_Q)         0.141     1.608 r  u_accel/gen_nn_bitshift.u_accel/fc1/outputs_reg[48][9]/Q
                         net (fo=1, routed)           0.238     1.847    u_accel/gen_nn_bitshift.u_accel/fc1/fc1_outputs[48]_259[9]
    SLICE_X51Y127        LUT2 (Prop_lut2_I0_O)        0.044     1.891 r  u_accel/gen_nn_bitshift.u_accel/fc1/current_latched[9]_i_1__12/O
                         net (fo=1, routed)           0.000     1.891    u_accel/gen_nn_bitshift.u_accel/gen_hl1_lif[48].hl1_lif/D[9]
    SLICE_X51Y127        FDCE                                         r  u_accel/gen_nn_bitshift.u_accel/gen_hl1_lif[48].hl1_lif/current_latched_reg[9]/D
  -------------------------------------------------------------------    -------------------

                         (clock sys_clk_pin rise edge)
                                                      0.000     0.000 r  
    E3                                                0.000     0.000 r  CLK100MHZ (IN)
                         net (fo=0)                   0.000     0.000    CLK100MHZ
    E3                   IBUF (Prop_ibuf_I_O)         0.438     0.438 r  CLK100MHZ_IBUF_inst/O
                         net (fo=1, routed)           0.699     1.136    CLK100MHZ_IBUF
    BUFGCTRL_X0Y16       BUFG (Prop_bufg_I_O)         0.029     1.165 r  CLK100MHZ_IBUF_BUFG_inst/O
                         net (fo=45693, routed)       0.816     1.981    u_accel/gen_nn_bitshift.u_accel/gen_hl1_lif[48].hl1_lif/CLK100MHZ_IBUF_BUFG
    SLICE_X51Y127        FDCE                                         r  u_accel/gen_nn_bitshift.u_accel/gen_hl1_lif[48].hl1_lif/current_latched_reg[9]/C
                         clock pessimism             -0.250     1.730    
    SLICE_X51Y127        FDCE (Hold_fdce_C_D)         0.107     1.837    u_accel/gen_nn_bitshift.u_accel/gen_hl1_lif[48].hl1_lif/current_latched_reg[9]
  -------------------------------------------------------------------
                         required time                         -1.837    
                         arrival time                           1.891    
  -------------------------------------------------------------------
                         slack                                  0.053    





Pulse Width Checks
--------------------------------------------------------------------------------------
Clock Name:         sys_clk_pin
Waveform(ns):       { 0.000 5.000 }
Period(ns):         10.000
Sources:            { CLK100MHZ }

Check Type        Corner  Lib Pin      Reference Pin  Required(ns)  Actual(ns)  Slack(ns)  Location        Pin
Min Period        n/a     BUFG/I       n/a            2.155         10.000      7.845      BUFGCTRL_X0Y16  CLK100MHZ_IBUF_BUFG_inst/I
Min Period        n/a     DSP48E1/CLK  n/a            2.154         10.000      7.846      DSP48_X1Y21     u_accel/gen_nn_bitshift.u_accel/q_accum/p_0_out/CLK
Min Period        n/a     DSP48E1/CLK  n/a            2.154         10.000      7.846      DSP48_X1Y20     u_accel/gen_nn_bitshift.u_accel/q_accum/p_0_out__0/CLK
Min Period        n/a     FDCE/C       n/a            1.000         10.000      9.000      SLICE_X50Y118   action_q_reg/C
Min Period        n/a     FDRE/C       n/a            1.000         10.000      9.000      SLICE_X0Y51     heartbeat_count_reg[0]/C
Min Period        n/a     FDRE/C       n/a            1.000         10.000      9.000      SLICE_X0Y53     heartbeat_count_reg[10]/C
Min Period        n/a     FDRE/C       n/a            1.000         10.000      9.000      SLICE_X0Y53     heartbeat_count_reg[11]/C
Min Period        n/a     FDRE/C       n/a            1.000         10.000      9.000      SLICE_X0Y54     heartbeat_count_reg[12]/C
Min Period        n/a     FDRE/C       n/a            1.000         10.000      9.000      SLICE_X0Y54     heartbeat_count_reg[13]/C
Min Period        n/a     FDRE/C       n/a            1.000         10.000      9.000      SLICE_X0Y54     heartbeat_count_reg[14]/C
Low Pulse Width   Slow    FDCE/C       n/a            0.500         5.000       4.500      SLICE_X50Y118   action_q_reg/C
Low Pulse Width   Fast    FDCE/C       n/a            0.500         5.000       4.500      SLICE_X50Y118   action_q_reg/C
Low Pulse Width   Slow    FDRE/C       n/a            0.500         5.000       4.500      SLICE_X0Y51     heartbeat_count_reg[0]/C
Low Pulse Width   Fast    FDRE/C       n/a            0.500         5.000       4.500      SLICE_X0Y51     heartbeat_count_reg[0]/C
Low Pulse Width   Slow    FDRE/C       n/a            0.500         5.000       4.500      SLICE_X0Y53     heartbeat_count_reg[10]/C
Low Pulse Width   Fast    FDRE/C       n/a            0.500         5.000       4.500      SLICE_X0Y53     heartbeat_count_reg[10]/C
Low Pulse Width   Slow    FDRE/C       n/a            0.500         5.000       4.500      SLICE_X0Y53     heartbeat_count_reg[11]/C
Low Pulse Width   Fast    FDRE/C       n/a            0.500         5.000       4.500      SLICE_X0Y53     heartbeat_count_reg[11]/C
Low Pulse Width   Slow    FDRE/C       n/a            0.500         5.000       4.500      SLICE_X0Y54     heartbeat_count_reg[12]/C
Low Pulse Width   Fast    FDRE/C       n/a            0.500         5.000       4.500      SLICE_X0Y54     heartbeat_count_reg[12]/C
High Pulse Width  Slow    FDCE/C       n/a            0.500         5.000       4.500      SLICE_X50Y118   action_q_reg/C
High Pulse Width  Fast    FDCE/C       n/a            0.500         5.000       4.500      SLICE_X50Y118   action_q_reg/C
High Pulse Width  Slow    FDRE/C       n/a            0.500         5.000       4.500      SLICE_X0Y51     heartbeat_count_reg[0]/C
High Pulse Width  Fast    FDRE/C       n/a            0.500         5.000       4.500      SLICE_X0Y51     heartbeat_count_reg[0]/C
High Pulse Width  Slow    FDRE/C       n/a            0.500         5.000       4.500      SLICE_X0Y53     heartbeat_count_reg[10]/C
High Pulse Width  Fast    FDRE/C       n/a            0.500         5.000       4.500      SLICE_X0Y53     heartbeat_count_reg[10]/C
High Pulse Width  Slow    FDRE/C       n/a            0.500         5.000       4.500      SLICE_X0Y53     heartbeat_count_reg[11]/C
High Pulse Width  Fast    FDRE/C       n/a            0.500         5.000       4.500      SLICE_X0Y53     heartbeat_count_reg[11]/C
High Pulse Width  Slow    FDRE/C       n/a            0.500         5.000       4.500      SLICE_X0Y54     heartbeat_count_reg[12]/C
High Pulse Width  Fast    FDRE/C       n/a            0.500         5.000       4.500      SLICE_X0Y54     heartbeat_count_reg[12]/C



--------------------------------------------------------------------------------------
Path Group:  (none)
From Clock:  sys_clk_pin
  To Clock:  

Max Delay             4 Endpoints
Min Delay             4 Endpoints
--------------------------------------------------------------------------------------


Max Delay Paths
--------------------------------------------------------------------------------------
Slack:                    inf
  Source:                 u_accel/accel_busy_reg/C
                            (rising edge-triggered cell FDCE clocked by sys_clk_pin  {rise@0.000ns fall@5.000ns period=10.000ns})
  Destination:            LED[0]
                            (output port)
  Path Group:             (none)
  Path Type:              Max at Slow Process Corner
  Data Path Delay:        8.214ns  (logic 3.976ns (48.410%)  route 4.238ns (51.590%))
  Logic Levels:           1  (OBUF=1)
  Clock Uncertainty:      0.025ns  ((TSJ^2 + TIJ^2)^1/2 + DJ) / 2 + PE
    Total System Jitter     (TSJ):    0.050ns
    Total Input Jitter      (TIJ):    0.000ns
    Discrete Jitter          (DJ):    0.000ns
    Phase Error              (PE):    0.000ns

    Location             Delay type                Incr(ns)  Path(ns)    Netlist Resource(s)
  -------------------------------------------------------------------    -------------------
                         (clock sys_clk_pin rise edge)
                                                      0.000     0.000 r  
    E3                                                0.000     0.000 r  CLK100MHZ (IN)
                         net (fo=0)                   0.000     0.000    CLK100MHZ
    E3                   IBUF (Prop_ibuf_I_O)         1.482     1.482 r  CLK100MHZ_IBUF_inst/O
                         net (fo=1, routed)           2.025     3.506    CLK100MHZ_IBUF
    BUFGCTRL_X0Y16       BUFG (Prop_bufg_I_O)         0.096     3.602 r  CLK100MHZ_IBUF_BUFG_inst/O
                         net (fo=45693, routed)       1.609     5.211    u_accel/CLK100MHZ_IBUF_BUFG
    SLICE_X52Y146        FDCE                                         r  u_accel/accel_busy_reg/C
  -------------------------------------------------------------------    -------------------
    SLICE_X52Y146        FDCE (Prop_fdce_C_Q)         0.456     5.667 r  u_accel/accel_busy_reg/Q
                         net (fo=18, routed)          4.238     9.905    LED_OBUF[0]
    H17                  OBUF (Prop_obuf_I_O)         3.520    13.425 r  LED_OBUF[0]_inst/O
                         net (fo=0)                   0.000    13.425    LED[0]
    H17                                                               r  LED[0] (OUT)
  -------------------------------------------------------------------    -------------------

Slack:                    inf
  Source:                 u_accel/u_uart_tx/tx_reg/C
                            (rising edge-triggered cell FDPE clocked by sys_clk_pin  {rise@0.000ns fall@5.000ns period=10.000ns})
  Destination:            UART_RXD_OUT
                            (output port)
  Path Group:             (none)
  Path Type:              Max at Slow Process Corner
  Data Path Delay:        7.647ns  (logic 4.011ns (52.456%)  route 3.636ns (47.544%))
  Logic Levels:           1  (OBUF=1)
  Clock Uncertainty:      0.025ns  ((TSJ^2 + TIJ^2)^1/2 + DJ) / 2 + PE
    Total System Jitter     (TSJ):    0.050ns
    Total Input Jitter      (TIJ):    0.000ns
    Discrete Jitter          (DJ):    0.000ns
    Phase Error              (PE):    0.000ns

    Location             Delay type                Incr(ns)  Path(ns)    Netlist Resource(s)
  -------------------------------------------------------------------    -------------------
                         (clock sys_clk_pin rise edge)
                                                      0.000     0.000 r  
    E3                                                0.000     0.000 r  CLK100MHZ (IN)
                         net (fo=0)                   0.000     0.000    CLK100MHZ
    E3                   IBUF (Prop_ibuf_I_O)         1.482     1.482 r  CLK100MHZ_IBUF_inst/O
                         net (fo=1, routed)           2.025     3.506    CLK100MHZ_IBUF
    BUFGCTRL_X0Y16       BUFG (Prop_bufg_I_O)         0.096     3.602 r  CLK100MHZ_IBUF_BUFG_inst/O
                         net (fo=45693, routed)       1.794     5.397    u_accel/u_uart_tx/CLK100MHZ_IBUF_BUFG
    SLICE_X63Y163        FDPE                                         r  u_accel/u_uart_tx/tx_reg/C
  -------------------------------------------------------------------    -------------------
    SLICE_X63Y163        FDPE (Prop_fdpe_C_Q)         0.456     5.853 r  u_accel/u_uart_tx/tx_reg/Q
                         net (fo=1, routed)           3.636     9.488    UART_RXD_OUT_OBUF
    D4                   OBUF (Prop_obuf_I_O)         3.555    13.044 r  UART_RXD_OUT_OBUF_inst/O
                         net (fo=0)                   0.000    13.044    UART_RXD_OUT
    D4                                                                r  UART_RXD_OUT (OUT)
  -------------------------------------------------------------------    -------------------

Slack:                    inf
  Source:                 action_q_reg/C
                            (rising edge-triggered cell FDCE clocked by sys_clk_pin  {rise@0.000ns fall@5.000ns period=10.000ns})
  Destination:            LED[1]
                            (output port)
  Path Group:             (none)
  Path Type:              Max at Slow Process Corner
  Data Path Delay:        7.177ns  (logic 4.053ns (56.474%)  route 3.124ns (43.526%))
  Logic Levels:           1  (OBUF=1)
  Clock Uncertainty:      0.025ns  ((TSJ^2 + TIJ^2)^1/2 + DJ) / 2 + PE
    Total System Jitter     (TSJ):    0.050ns
    Total Input Jitter      (TIJ):    0.000ns
    Discrete Jitter          (DJ):    0.000ns
    Phase Error              (PE):    0.000ns

    Location             Delay type                Incr(ns)  Path(ns)    Netlist Resource(s)
  -------------------------------------------------------------------    -------------------
                         (clock sys_clk_pin rise edge)
                                                      0.000     0.000 r  
    E3                                                0.000     0.000 r  CLK100MHZ (IN)
                         net (fo=0)                   0.000     0.000    CLK100MHZ
    E3                   IBUF (Prop_ibuf_I_O)         1.482     1.482 r  CLK100MHZ_IBUF_inst/O
                         net (fo=1, routed)           2.025     3.506    CLK100MHZ_IBUF
    BUFGCTRL_X0Y16       BUFG (Prop_bufg_I_O)         0.096     3.602 r  CLK100MHZ_IBUF_BUFG_inst/O
                         net (fo=45693, routed)       1.605     5.207    CLK100MHZ_IBUF_BUFG
    SLICE_X50Y118        FDCE                                         r  action_q_reg/C
  -------------------------------------------------------------------    -------------------
    SLICE_X50Y118        FDCE (Prop_fdce_C_Q)         0.518     5.725 r  action_q_reg/Q
                         net (fo=1, routed)           3.124     8.849    LED_OBUF[1]
    K15                  OBUF (Prop_obuf_I_O)         3.535    12.385 r  LED_OBUF[1]_inst/O
                         net (fo=0)                   0.000    12.385    LED[1]
    K15                                                               r  LED[1] (OUT)
  -------------------------------------------------------------------    -------------------

Slack:                    inf
  Source:                 heartbeat_count_reg[24]/C
                            (rising edge-triggered cell FDRE clocked by sys_clk_pin  {rise@0.000ns fall@5.000ns period=10.000ns})
  Destination:            LED[15]
                            (output port)
  Path Group:             (none)
  Path Type:              Max at Slow Process Corner
  Data Path Delay:        5.572ns  (logic 4.025ns (72.236%)  route 1.547ns (27.764%))
  Logic Levels:           1  (OBUF=1)
  Clock Uncertainty:      0.025ns  ((TSJ^2 + TIJ^2)^1/2 + DJ) / 2 + PE
    Total System Jitter     (TSJ):    0.050ns
    Total Input Jitter      (TIJ):    0.000ns
    Discrete Jitter          (DJ):    0.000ns
    Phase Error              (PE):    0.000ns

    Location             Delay type                Incr(ns)  Path(ns)    Netlist Resource(s)
  -------------------------------------------------------------------    -------------------
                         (clock sys_clk_pin rise edge)
                                                      0.000     0.000 r  
    E3                                                0.000     0.000 r  CLK100MHZ (IN)
                         net (fo=0)                   0.000     0.000    CLK100MHZ
    E3                   IBUF (Prop_ibuf_I_O)         1.482     1.482 r  CLK100MHZ_IBUF_inst/O
                         net (fo=1, routed)           2.025     3.506    CLK100MHZ_IBUF
    BUFGCTRL_X0Y16       BUFG (Prop_bufg_I_O)         0.096     3.602 r  CLK100MHZ_IBUF_BUFG_inst/O
                         net (fo=45693, routed)       1.724     5.327    CLK100MHZ_IBUF_BUFG
    SLICE_X0Y57          FDRE                                         r  heartbeat_count_reg[24]/C
  -------------------------------------------------------------------    -------------------
    SLICE_X0Y57          FDRE (Prop_fdre_C_Q)         0.456     5.783 r  heartbeat_count_reg[24]/Q
                         net (fo=2, routed)           1.547     7.330    LED_OBUF[15]
    V11                  OBUF (Prop_obuf_I_O)         3.569    10.899 r  LED_OBUF[15]_inst/O
                         net (fo=0)                   0.000    10.899    LED[15]
    V11                                                               r  LED[15] (OUT)
  -------------------------------------------------------------------    -------------------





Min Delay Paths
--------------------------------------------------------------------------------------
Slack:                    inf
  Source:                 heartbeat_count_reg[24]/C
                            (rising edge-triggered cell FDRE clocked by sys_clk_pin  {rise@0.000ns fall@5.000ns period=10.000ns})
  Destination:            LED[15]
                            (output port)
  Path Group:             (none)
  Path Type:              Min at Fast Process Corner
  Data Path Delay:        1.710ns  (logic 1.410ns (82.462%)  route 0.300ns (17.538%))
  Logic Levels:           1  (OBUF=1)
  Clock Uncertainty:      0.025ns  ((TSJ^2 + TIJ^2)^1/2 + DJ) / 2 + PE
    Total System Jitter     (TSJ):    0.050ns
    Total Input Jitter      (TIJ):    0.000ns
    Discrete Jitter          (DJ):    0.000ns
    Phase Error              (PE):    0.000ns

    Location             Delay type                Incr(ns)  Path(ns)    Netlist Resource(s)
  -------------------------------------------------------------------    -------------------
                         (clock sys_clk_pin rise edge)
                                                      0.000     0.000 r  
    E3                                                0.000     0.000 r  CLK100MHZ (IN)
                         net (fo=0)                   0.000     0.000    CLK100MHZ
    E3                   IBUF (Prop_ibuf_I_O)         0.250     0.250 r  CLK100MHZ_IBUF_inst/O
                         net (fo=1, routed)           0.644     0.894    CLK100MHZ_IBUF
    BUFGCTRL_X0Y16       BUFG (Prop_bufg_I_O)         0.026     0.920 r  CLK100MHZ_IBUF_BUFG_inst/O
                         net (fo=45693, routed)       0.603     1.522    CLK100MHZ_IBUF_BUFG
    SLICE_X0Y57          FDRE                                         r  heartbeat_count_reg[24]/C
  -------------------------------------------------------------------    -------------------
    SLICE_X0Y57          FDRE (Prop_fdre_C_Q)         0.141     1.663 r  heartbeat_count_reg[24]/Q
                         net (fo=2, routed)           0.300     1.963    LED_OBUF[15]
    V11                  OBUF (Prop_obuf_I_O)         1.269     3.233 r  LED_OBUF[15]_inst/O
                         net (fo=0)                   0.000     3.233    LED[15]
    V11                                                               r  LED[15] (OUT)
  -------------------------------------------------------------------    -------------------

Slack:                    inf
  Source:                 action_q_reg/C
                            (rising edge-triggered cell FDCE clocked by sys_clk_pin  {rise@0.000ns fall@5.000ns period=10.000ns})
  Destination:            LED[1]
                            (output port)
  Path Group:             (none)
  Path Type:              Min at Fast Process Corner
  Data Path Delay:        2.407ns  (logic 1.400ns (58.167%)  route 1.007ns (41.833%))
  Logic Levels:           1  (OBUF=1)
  Clock Uncertainty:      0.025ns  ((TSJ^2 + TIJ^2)^1/2 + DJ) / 2 + PE
    Total System Jitter     (TSJ):    0.050ns
    Total Input Jitter      (TIJ):    0.000ns
    Discrete Jitter          (DJ):    0.000ns
    Phase Error              (PE):    0.000ns

    Location             Delay type                Incr(ns)  Path(ns)    Netlist Resource(s)
  -------------------------------------------------------------------    -------------------
                         (clock sys_clk_pin rise edge)
                                                      0.000     0.000 r  
    E3                                                0.000     0.000 r  CLK100MHZ (IN)
                         net (fo=0)                   0.000     0.000    CLK100MHZ
    E3                   IBUF (Prop_ibuf_I_O)         0.250     0.250 r  CLK100MHZ_IBUF_inst/O
                         net (fo=1, routed)           0.644     0.894    CLK100MHZ_IBUF
    BUFGCTRL_X0Y16       BUFG (Prop_bufg_I_O)         0.026     0.920 r  CLK100MHZ_IBUF_BUFG_inst/O
                         net (fo=45693, routed)       0.552     1.471    CLK100MHZ_IBUF_BUFG
    SLICE_X50Y118        FDCE                                         r  action_q_reg/C
  -------------------------------------------------------------------    -------------------
    SLICE_X50Y118        FDCE (Prop_fdce_C_Q)         0.164     1.635 r  action_q_reg/Q
                         net (fo=1, routed)           1.007     2.642    LED_OBUF[1]
    K15                  OBUF (Prop_obuf_I_O)         1.236     3.878 r  LED_OBUF[1]_inst/O
                         net (fo=0)                   0.000     3.878    LED[1]
    K15                                                               r  LED[1] (OUT)
  -------------------------------------------------------------------    -------------------

Slack:                    inf
  Source:                 u_accel/u_uart_tx/tx_reg/C
                            (rising edge-triggered cell FDPE clocked by sys_clk_pin  {rise@0.000ns fall@5.000ns period=10.000ns})
  Destination:            UART_RXD_OUT
                            (output port)
  Path Group:             (none)
  Path Type:              Min at Fast Process Corner
  Data Path Delay:        2.671ns  (logic 1.397ns (52.307%)  route 1.274ns (47.693%))
  Logic Levels:           1  (OBUF=1)
  Clock Uncertainty:      0.025ns  ((TSJ^2 + TIJ^2)^1/2 + DJ) / 2 + PE
    Total System Jitter     (TSJ):    0.050ns
    Total Input Jitter      (TIJ):    0.000ns
    Discrete Jitter          (DJ):    0.000ns
    Phase Error              (PE):    0.000ns

    Location             Delay type                Incr(ns)  Path(ns)    Netlist Resource(s)
  -------------------------------------------------------------------    -------------------
                         (clock sys_clk_pin rise edge)
                                                      0.000     0.000 r  
    E3                                                0.000     0.000 r  CLK100MHZ (IN)
                         net (fo=0)                   0.000     0.000    CLK100MHZ
    E3                   IBUF (Prop_ibuf_I_O)         0.250     0.250 r  CLK100MHZ_IBUF_inst/O
                         net (fo=1, routed)           0.644     0.894    CLK100MHZ_IBUF
    BUFGCTRL_X0Y16       BUFG (Prop_bufg_I_O)         0.026     0.920 r  CLK100MHZ_IBUF_BUFG_inst/O
                         net (fo=45693, routed)       0.640     1.560    u_accel/u_uart_tx/CLK100MHZ_IBUF_BUFG
    SLICE_X63Y163        FDPE                                         r  u_accel/u_uart_tx/tx_reg/C
  -------------------------------------------------------------------    -------------------
    SLICE_X63Y163        FDPE (Prop_fdpe_C_Q)         0.141     1.701 r  u_accel/u_uart_tx/tx_reg/Q
                         net (fo=1, routed)           1.274     2.975    UART_RXD_OUT_OBUF
    D4                   OBUF (Prop_obuf_I_O)         1.256     4.230 r  UART_RXD_OUT_OBUF_inst/O
                         net (fo=0)                   0.000     4.230    UART_RXD_OUT
    D4                                                                r  UART_RXD_OUT (OUT)
  -------------------------------------------------------------------    -------------------

Slack:                    inf
  Source:                 u_accel/accel_busy_reg/C
                            (rising edge-triggered cell FDCE clocked by sys_clk_pin  {rise@0.000ns fall@5.000ns period=10.000ns})
  Destination:            LED[0]
                            (output port)
  Path Group:             (none)
  Path Type:              Min at Fast Process Corner
  Data Path Delay:        2.835ns  (logic 1.362ns (48.055%)  route 1.473ns (51.945%))
  Logic Levels:           1  (OBUF=1)
  Clock Uncertainty:      0.025ns  ((TSJ^2 + TIJ^2)^1/2 + DJ) / 2 + PE
    Total System Jitter     (TSJ):    0.050ns
    Total Input Jitter      (TIJ):    0.000ns
    Discrete Jitter          (DJ):    0.000ns
    Phase Error              (PE):    0.000ns

    Location             Delay type                Incr(ns)  Path(ns)    Netlist Resource(s)
  -------------------------------------------------------------------    -------------------
                         (clock sys_clk_pin rise edge)
                                                      0.000     0.000 r  
    E3                                                0.000     0.000 r  CLK100MHZ (IN)
                         net (fo=0)                   0.000     0.000    CLK100MHZ
    E3                   IBUF (Prop_ibuf_I_O)         0.250     0.250 r  CLK100MHZ_IBUF_inst/O
                         net (fo=1, routed)           0.644     0.894    CLK100MHZ_IBUF
    BUFGCTRL_X0Y16       BUFG (Prop_bufg_I_O)         0.026     0.920 r  CLK100MHZ_IBUF_BUFG_inst/O
                         net (fo=45693, routed)       0.558     1.477    u_accel/CLK100MHZ_IBUF_BUFG
    SLICE_X52Y146        FDCE                                         r  u_accel/accel_busy_reg/C
  -------------------------------------------------------------------    -------------------
    SLICE_X52Y146        FDCE (Prop_fdce_C_Q)         0.141     1.618 r  u_accel/accel_busy_reg/Q
                         net (fo=18, routed)          1.473     3.091    LED_OBUF[0]
    H17                  OBUF (Prop_obuf_I_O)         1.221     4.312 r  LED_OBUF[0]_inst/O
                         net (fo=0)                   0.000     4.312    LED[0]
    H17                                                               r  LED[0] (OUT)
  -------------------------------------------------------------------    -------------------





--------------------------------------------------------------------------------------
Path Group:  (none)
From Clock:  
  To Clock:  sys_clk_pin

Max Delay         45741 Endpoints
Min Delay         45741 Endpoints
--------------------------------------------------------------------------------------


Max Delay Paths
--------------------------------------------------------------------------------------
Slack:                    inf
  Source:                 CPU_RESETN
                            (input port)
  Destination:            u_accel/gen_nn_bitshift.u_accel/gen_hl2[17].hl2_lif/history_buffer_reg[1][16]/CLR
                            (recovery check against rising-edge clock sys_clk_pin  {rise@0.000ns fall@5.000ns period=10.000ns})
  Path Group:             (none)
  Path Type:              Recovery (Max at Slow Process Corner)
  Data Path Delay:        8.911ns  (logic 1.727ns (19.382%)  route 7.184ns (80.618%))
  Logic Levels:           3  (BUFG=1 IBUF=1 LUT1=1)
  Clock Path Skew:        5.192ns (DCD - SCD + CPR)
    Destination Clock Delay (DCD):    5.192ns
    Source Clock Delay      (SCD):    0.000ns
    Clock Pessimism Removal (CPR):    0.000ns
  Clock Uncertainty:      0.025ns  ((TSJ^2 + TIJ^2)^1/2 + DJ) / 2 + PE
    Total System Jitter     (TSJ):    0.050ns
    Total Input Jitter      (TIJ):    0.000ns
    Discrete Jitter          (DJ):    0.000ns
    Phase Error              (PE):    0.000ns

    Location             Delay type                Incr(ns)  Path(ns)    Netlist Resource(s)
  -------------------------------------------------------------------    -------------------
    C12                                               0.000     0.000 r  CPU_RESETN (IN)
                         net (fo=0)                   0.000     0.000    CPU_RESETN
    C12                  IBUF (Prop_ibuf_I_O)         1.507     1.507 r  CPU_RESETN_IBUF_inst/O
                         net (fo=24, routed)          2.552     4.059    u_accel/gen_nn_bitshift.u_accel/fc1/CPU_RESETN_IBUF
    SLICE_X51Y137        LUT1 (Prop_lut1_I0_O)        0.124     4.183 f  u_accel/gen_nn_bitshift.u_accel/fc1/FSM_onehot_state[2]_i_2/O
                         net (fo=1, routed)           2.162     6.345    u_accel/gen_nn_bitshift.u_accel/fc1/CPU_RESETN
    BUFGCTRL_X0Y0        BUFG (Prop_bufg_I_O)         0.096     6.441 f  u_accel/gen_nn_bitshift.u_accel/fc1/CPU_RESETN_BUFG_inst/O
                         net (fo=45531, routed)       2.470     8.911    u_accel/gen_nn_bitshift.u_accel/gen_hl2[17].hl2_lif/finalize_spike_reg_reg_0
    SLICE_X6Y4           FDCE                                         f  u_accel/gen_nn_bitshift.u_accel/gen_hl2[17].hl2_lif/history_buffer_reg[1][16]/CLR
  -------------------------------------------------------------------    -------------------

                         (clock sys_clk_pin rise edge)
                                                      0.000     0.000 r  
    E3                                                0.000     0.000 r  CLK100MHZ (IN)
                         net (fo=0)                   0.000     0.000    CLK100MHZ
    E3                   IBUF (Prop_ibuf_I_O)         1.411     1.411 r  CLK100MHZ_IBUF_inst/O
                         net (fo=1, routed)           1.920     3.331    CLK100MHZ_IBUF
    BUFGCTRL_X0Y16       BUFG (Prop_bufg_I_O)         0.091     3.422 r  CLK100MHZ_IBUF_BUFG_inst/O
                         net (fo=45693, routed)       1.770     5.192    u_accel/gen_nn_bitshift.u_accel/gen_hl2[17].hl2_lif/CLK100MHZ_IBUF_BUFG
    SLICE_X6Y4           FDCE                                         r  u_accel/gen_nn_bitshift.u_accel/gen_hl2[17].hl2_lif/history_buffer_reg[1][16]/C

Slack:                    inf
  Source:                 CPU_RESETN
                            (input port)
  Destination:            u_accel/gen_nn_bitshift.u_accel/gen_hl2[0].hl2_lif/history_buffer_reg[0][1]/CLR
                            (recovery check against rising-edge clock sys_clk_pin  {rise@0.000ns fall@5.000ns period=10.000ns})
  Path Group:             (none)
  Path Type:              Recovery (Max at Slow Process Corner)
  Data Path Delay:        8.898ns  (logic 1.727ns (19.409%)  route 7.171ns (80.591%))
  Logic Levels:           3  (BUFG=1 IBUF=1 LUT1=1)
  Clock Path Skew:        5.149ns (DCD - SCD + CPR)
    Destination Clock Delay (DCD):    5.149ns
    Source Clock Delay      (SCD):    0.000ns
    Clock Pessimism Removal (CPR):    0.000ns
  Clock Uncertainty:      0.025ns  ((TSJ^2 + TIJ^2)^1/2 + DJ) / 2 + PE
    Total System Jitter     (TSJ):    0.050ns
    Total Input Jitter      (TIJ):    0.000ns
    Discrete Jitter          (DJ):    0.000ns
    Phase Error              (PE):    0.000ns

    Location             Delay type                Incr(ns)  Path(ns)    Netlist Resource(s)
  -------------------------------------------------------------------    -------------------
    C12                                               0.000     0.000 r  CPU_RESETN (IN)
                         net (fo=0)                   0.000     0.000    CPU_RESETN
    C12                  IBUF (Prop_ibuf_I_O)         1.507     1.507 r  CPU_RESETN_IBUF_inst/O
                         net (fo=24, routed)          2.552     4.059    u_accel/gen_nn_bitshift.u_accel/fc1/CPU_RESETN_IBUF
    SLICE_X51Y137        LUT1 (Prop_lut1_I0_O)        0.124     4.183 f  u_accel/gen_nn_bitshift.u_accel/fc1/FSM_onehot_state[2]_i_2/O
                         net (fo=1, routed)           2.162     6.345    u_accel/gen_nn_bitshift.u_accel/fc1/CPU_RESETN
    BUFGCTRL_X0Y0        BUFG (Prop_bufg_I_O)         0.096     6.441 f  u_accel/gen_nn_bitshift.u_accel/fc1/CPU_RESETN_BUFG_inst/O
                         net (fo=45531, routed)       2.457     8.898    u_accel/gen_nn_bitshift.u_accel/gen_hl2[0].hl2_lif/finalize_spike_reg_reg_0
    SLICE_X77Y2          FDCE                                         f  u_accel/gen_nn_bitshift.u_accel/gen_hl2[0].hl2_lif/history_buffer_reg[0][1]/CLR
  -------------------------------------------------------------------    -------------------

                         (clock sys_clk_pin rise edge)
                                                      0.000     0.000 r  
    E3                                                0.000     0.000 r  CLK100MHZ (IN)
                         net (fo=0)                   0.000     0.000    CLK100MHZ
    E3                   IBUF (Prop_ibuf_I_O)         1.411     1.411 r  CLK100MHZ_IBUF_inst/O
                         net (fo=1, routed)           1.920     3.331    CLK100MHZ_IBUF
    BUFGCTRL_X0Y16       BUFG (Prop_bufg_I_O)         0.091     3.422 r  CLK100MHZ_IBUF_BUFG_inst/O
                         net (fo=45693, routed)       1.727     5.149    u_accel/gen_nn_bitshift.u_accel/gen_hl2[0].hl2_lif/CLK100MHZ_IBUF_BUFG
    SLICE_X77Y2          FDCE                                         r  u_accel/gen_nn_bitshift.u_accel/gen_hl2[0].hl2_lif/history_buffer_reg[0][1]/C

Slack:                    inf
  Source:                 CPU_RESETN
                            (input port)
  Destination:            u_accel/gen_nn_bitshift.u_accel/gen_hl2[0].hl2_lif/history_buffer_reg[0][8]/CLR
                            (recovery check against rising-edge clock sys_clk_pin  {rise@0.000ns fall@5.000ns period=10.000ns})
  Path Group:             (none)
  Path Type:              Recovery (Max at Slow Process Corner)
  Data Path Delay:        8.898ns  (logic 1.727ns (19.409%)  route 7.171ns (80.591%))
  Logic Levels:           3  (BUFG=1 IBUF=1 LUT1=1)
  Clock Path Skew:        5.149ns (DCD - SCD + CPR)
    Destination Clock Delay (DCD):    5.149ns
    Source Clock Delay      (SCD):    0.000ns
    Clock Pessimism Removal (CPR):    0.000ns
  Clock Uncertainty:      0.025ns  ((TSJ^2 + TIJ^2)^1/2 + DJ) / 2 + PE
    Total System Jitter     (TSJ):    0.050ns
    Total Input Jitter      (TIJ):    0.000ns
    Discrete Jitter          (DJ):    0.000ns
    Phase Error              (PE):    0.000ns

    Location             Delay type                Incr(ns)  Path(ns)    Netlist Resource(s)
  -------------------------------------------------------------------    -------------------
    C12                                               0.000     0.000 r  CPU_RESETN (IN)
                         net (fo=0)                   0.000     0.000    CPU_RESETN
    C12                  IBUF (Prop_ibuf_I_O)         1.507     1.507 r  CPU_RESETN_IBUF_inst/O
                         net (fo=24, routed)          2.552     4.059    u_accel/gen_nn_bitshift.u_accel/fc1/CPU_RESETN_IBUF
    SLICE_X51Y137        LUT1 (Prop_lut1_I0_O)        0.124     4.183 f  u_accel/gen_nn_bitshift.u_accel/fc1/FSM_onehot_state[2]_i_2/O
                         net (fo=1, routed)           2.162     6.345    u_accel/gen_nn_bitshift.u_accel/fc1/CPU_RESETN
    BUFGCTRL_X0Y0        BUFG (Prop_bufg_I_O)         0.096     6.441 f  u_accel/gen_nn_bitshift.u_accel/fc1/CPU_RESETN_BUFG_inst/O
                         net (fo=45531, routed)       2.457     8.898    u_accel/gen_nn_bitshift.u_accel/gen_hl2[0].hl2_lif/finalize_spike_reg_reg_0
    SLICE_X77Y2          FDCE                                         f  u_accel/gen_nn_bitshift.u_accel/gen_hl2[0].hl2_lif/history_buffer_reg[0][8]/CLR
  -------------------------------------------------------------------    -------------------

                         (clock sys_clk_pin rise edge)
                                                      0.000     0.000 r  
    E3                                                0.000     0.000 r  CLK100MHZ (IN)
                         net (fo=0)                   0.000     0.000    CLK100MHZ
    E3                   IBUF (Prop_ibuf_I_O)         1.411     1.411 r  CLK100MHZ_IBUF_inst/O
                         net (fo=1, routed)           1.920     3.331    CLK100MHZ_IBUF
    BUFGCTRL_X0Y16       BUFG (Prop_bufg_I_O)         0.091     3.422 r  CLK100MHZ_IBUF_BUFG_inst/O
                         net (fo=45693, routed)       1.727     5.149    u_accel/gen_nn_bitshift.u_accel/gen_hl2[0].hl2_lif/CLK100MHZ_IBUF_BUFG
    SLICE_X77Y2          FDCE                                         r  u_accel/gen_nn_bitshift.u_accel/gen_hl2[0].hl2_lif/history_buffer_reg[0][8]/C

Slack:                    inf
  Source:                 CPU_RESETN
                            (input port)
  Destination:            u_accel/gen_nn_bitshift.u_accel/gen_hl2[0].hl2_lif/membrane_pre_reset_reg_reg[2]/CLR
                            (recovery check against rising-edge clock sys_clk_pin  {rise@0.000ns fall@5.000ns period=10.000ns})
  Path Group:             (none)
  Path Type:              Recovery (Max at Slow Process Corner)
  Data Path Delay:        8.898ns  (logic 1.727ns (19.409%)  route 7.171ns (80.591%))
  Logic Levels:           3  (BUFG=1 IBUF=1 LUT1=1)
  Clock Path Skew:        5.149ns (DCD - SCD + CPR)
    Destination Clock Delay (DCD):    5.149ns
    Source Clock Delay      (SCD):    0.000ns
    Clock Pessimism Removal (CPR):    0.000ns
  Clock Uncertainty:      0.025ns  ((TSJ^2 + TIJ^2)^1/2 + DJ) / 2 + PE
    Total System Jitter     (TSJ):    0.050ns
    Total Input Jitter      (TIJ):    0.000ns
    Discrete Jitter          (DJ):    0.000ns
    Phase Error              (PE):    0.000ns

    Location             Delay type                Incr(ns)  Path(ns)    Netlist Resource(s)
  -------------------------------------------------------------------    -------------------
    C12                                               0.000     0.000 r  CPU_RESETN (IN)
                         net (fo=0)                   0.000     0.000    CPU_RESETN
    C12                  IBUF (Prop_ibuf_I_O)         1.507     1.507 r  CPU_RESETN_IBUF_inst/O
                         net (fo=24, routed)          2.552     4.059    u_accel/gen_nn_bitshift.u_accel/fc1/CPU_RESETN_IBUF
    SLICE_X51Y137        LUT1 (Prop_lut1_I0_O)        0.124     4.183 f  u_accel/gen_nn_bitshift.u_accel/fc1/FSM_onehot_state[2]_i_2/O
                         net (fo=1, routed)           2.162     6.345    u_accel/gen_nn_bitshift.u_accel/fc1/CPU_RESETN
    BUFGCTRL_X0Y0        BUFG (Prop_bufg_I_O)         0.096     6.441 f  u_accel/gen_nn_bitshift.u_accel/fc1/CPU_RESETN_BUFG_inst/O
                         net (fo=45531, routed)       2.457     8.898    u_accel/gen_nn_bitshift.u_accel/gen_hl2[0].hl2_lif/finalize_spike_reg_reg_0
    SLICE_X76Y2          FDCE                                         f  u_accel/gen_nn_bitshift.u_accel/gen_hl2[0].hl2_lif/membrane_pre_reset_reg_reg[2]/CLR
  -------------------------------------------------------------------    -------------------

                         (clock sys_clk_pin rise edge)
                                                      0.000     0.000 r  
    E3                                                0.000     0.000 r  CLK100MHZ (IN)
                         net (fo=0)                   0.000     0.000    CLK100MHZ
    E3                   IBUF (Prop_ibuf_I_O)         1.411     1.411 r  CLK100MHZ_IBUF_inst/O
                         net (fo=1, routed)           1.920     3.331    CLK100MHZ_IBUF
    BUFGCTRL_X0Y16       BUFG (Prop_bufg_I_O)         0.091     3.422 r  CLK100MHZ_IBUF_BUFG_inst/O
                         net (fo=45693, routed)       1.727     5.149    u_accel/gen_nn_bitshift.u_accel/gen_hl2[0].hl2_lif/CLK100MHZ_IBUF_BUFG
    SLICE_X76Y2          FDCE                                         r  u_accel/gen_nn_bitshift.u_accel/gen_hl2[0].hl2_lif/membrane_pre_reset_reg_reg[2]/C

Slack:                    inf
  Source:                 CPU_RESETN
                            (input port)
  Destination:            u_accel/gen_nn_bitshift.u_accel/gen_hl2[0].hl2_lif/membrane_pre_reset_reg_reg[3]/CLR
                            (recovery check against rising-edge clock sys_clk_pin  {rise@0.000ns fall@5.000ns period=10.000ns})
  Path Group:             (none)
  Path Type:              Recovery (Max at Slow Process Corner)
  Data Path Delay:        8.898ns  (logic 1.727ns (19.409%)  route 7.171ns (80.591%))
  Logic Levels:           3  (BUFG=1 IBUF=1 LUT1=1)
  Clock Path Skew:        5.149ns (DCD - SCD + CPR)
    Destination Clock Delay (DCD):    5.149ns
    Source Clock Delay      (SCD):    0.000ns
    Clock Pessimism Removal (CPR):    0.000ns
  Clock Uncertainty:      0.025ns  ((TSJ^2 + TIJ^2)^1/2 + DJ) / 2 + PE
    Total System Jitter     (TSJ):    0.050ns
    Total Input Jitter      (TIJ):    0.000ns
    Discrete Jitter          (DJ):    0.000ns
    Phase Error              (PE):    0.000ns

    Location             Delay type                Incr(ns)  Path(ns)    Netlist Resource(s)
  -------------------------------------------------------------------    -------------------
    C12                                               0.000     0.000 r  CPU_RESETN (IN)
                         net (fo=0)                   0.000     0.000    CPU_RESETN
    C12                  IBUF (Prop_ibuf_I_O)         1.507     1.507 r  CPU_RESETN_IBUF_inst/O
                         net (fo=24, routed)          2.552     4.059    u_accel/gen_nn_bitshift.u_accel/fc1/CPU_RESETN_IBUF
    SLICE_X51Y137        LUT1 (Prop_lut1_I0_O)        0.124     4.183 f  u_accel/gen_nn_bitshift.u_accel/fc1/FSM_onehot_state[2]_i_2/O
                         net (fo=1, routed)           2.162     6.345    u_accel/gen_nn_bitshift.u_accel/fc1/CPU_RESETN
    BUFGCTRL_X0Y0        BUFG (Prop_bufg_I_O)         0.096     6.441 f  u_accel/gen_nn_bitshift.u_accel/fc1/CPU_RESETN_BUFG_inst/O
                         net (fo=45531, routed)       2.457     8.898    u_accel/gen_nn_bitshift.u_accel/gen_hl2[0].hl2_lif/finalize_spike_reg_reg_0
    SLICE_X76Y2          FDCE                                         f  u_accel/gen_nn_bitshift.u_accel/gen_hl2[0].hl2_lif/membrane_pre_reset_reg_reg[3]/CLR
  -------------------------------------------------------------------    -------------------

                         (clock sys_clk_pin rise edge)
                                                      0.000     0.000 r  
    E3                                                0.000     0.000 r  CLK100MHZ (IN)
                         net (fo=0)                   0.000     0.000    CLK100MHZ
    E3                   IBUF (Prop_ibuf_I_O)         1.411     1.411 r  CLK100MHZ_IBUF_inst/O
                         net (fo=1, routed)           1.920     3.331    CLK100MHZ_IBUF
    BUFGCTRL_X0Y16       BUFG (Prop_bufg_I_O)         0.091     3.422 r  CLK100MHZ_IBUF_BUFG_inst/O
                         net (fo=45693, routed)       1.727     5.149    u_accel/gen_nn_bitshift.u_accel/gen_hl2[0].hl2_lif/CLK100MHZ_IBUF_BUFG
    SLICE_X76Y2          FDCE                                         r  u_accel/gen_nn_bitshift.u_accel/gen_hl2[0].hl2_lif/membrane_pre_reset_reg_reg[3]/C

Slack:                    inf
  Source:                 CPU_RESETN
                            (input port)
  Destination:            u_accel/gen_nn_bitshift.u_accel/gen_hl2[0].hl2_lif/membrane_pre_reset_reg_reg[4]/CLR
                            (recovery check against rising-edge clock sys_clk_pin  {rise@0.000ns fall@5.000ns period=10.000ns})
  Path Group:             (none)
  Path Type:              Recovery (Max at Slow Process Corner)
  Data Path Delay:        8.898ns  (logic 1.727ns (19.409%)  route 7.171ns (80.591%))
  Logic Levels:           3  (BUFG=1 IBUF=1 LUT1=1)
  Clock Path Skew:        5.149ns (DCD - SCD + CPR)
    Destination Clock Delay (DCD):    5.149ns
    Source Clock Delay      (SCD):    0.000ns
    Clock Pessimism Removal (CPR):    0.000ns
  Clock Uncertainty:      0.025ns  ((TSJ^2 + TIJ^2)^1/2 + DJ) / 2 + PE
    Total System Jitter     (TSJ):    0.050ns
    Total Input Jitter      (TIJ):    0.000ns
    Discrete Jitter          (DJ):    0.000ns
    Phase Error              (PE):    0.000ns

    Location             Delay type                Incr(ns)  Path(ns)    Netlist Resource(s)
  -------------------------------------------------------------------    -------------------
    C12                                               0.000     0.000 r  CPU_RESETN (IN)
                         net (fo=0)                   0.000     0.000    CPU_RESETN
    C12                  IBUF (Prop_ibuf_I_O)         1.507     1.507 r  CPU_RESETN_IBUF_inst/O
                         net (fo=24, routed)          2.552     4.059    u_accel/gen_nn_bitshift.u_accel/fc1/CPU_RESETN_IBUF
    SLICE_X51Y137        LUT1 (Prop_lut1_I0_O)        0.124     4.183 f  u_accel/gen_nn_bitshift.u_accel/fc1/FSM_onehot_state[2]_i_2/O
                         net (fo=1, routed)           2.162     6.345    u_accel/gen_nn_bitshift.u_accel/fc1/CPU_RESETN
    BUFGCTRL_X0Y0        BUFG (Prop_bufg_I_O)         0.096     6.441 f  u_accel/gen_nn_bitshift.u_accel/fc1/CPU_RESETN_BUFG_inst/O
                         net (fo=45531, routed)       2.457     8.898    u_accel/gen_nn_bitshift.u_accel/gen_hl2[0].hl2_lif/finalize_spike_reg_reg_0
    SLICE_X76Y2          FDCE                                         f  u_accel/gen_nn_bitshift.u_accel/gen_hl2[0].hl2_lif/membrane_pre_reset_reg_reg[4]/CLR
  -------------------------------------------------------------------    -------------------

                         (clock sys_clk_pin rise edge)
                                                      0.000     0.000 r  
    E3                                                0.000     0.000 r  CLK100MHZ (IN)
                         net (fo=0)                   0.000     0.000    CLK100MHZ
    E3                   IBUF (Prop_ibuf_I_O)         1.411     1.411 r  CLK100MHZ_IBUF_inst/O
                         net (fo=1, routed)           1.920     3.331    CLK100MHZ_IBUF
    BUFGCTRL_X0Y16       BUFG (Prop_bufg_I_O)         0.091     3.422 r  CLK100MHZ_IBUF_BUFG_inst/O
                         net (fo=45693, routed)       1.727     5.149    u_accel/gen_nn_bitshift.u_accel/gen_hl2[0].hl2_lif/CLK100MHZ_IBUF_BUFG
    SLICE_X76Y2          FDCE                                         r  u_accel/gen_nn_bitshift.u_accel/gen_hl2[0].hl2_lif/membrane_pre_reset_reg_reg[4]/C

Slack:                    inf
  Source:                 CPU_RESETN
                            (input port)
  Destination:            u_accel/gen_nn_bitshift.u_accel/gen_hl2[0].hl2_lif/membrane_pre_reset_reg_reg[5]/CLR
                            (recovery check against rising-edge clock sys_clk_pin  {rise@0.000ns fall@5.000ns period=10.000ns})
  Path Group:             (none)
  Path Type:              Recovery (Max at Slow Process Corner)
  Data Path Delay:        8.898ns  (logic 1.727ns (19.409%)  route 7.171ns (80.591%))
  Logic Levels:           3  (BUFG=1 IBUF=1 LUT1=1)
  Clock Path Skew:        5.149ns (DCD - SCD + CPR)
    Destination Clock Delay (DCD):    5.149ns
    Source Clock Delay      (SCD):    0.000ns
    Clock Pessimism Removal (CPR):    0.000ns
  Clock Uncertainty:      0.025ns  ((TSJ^2 + TIJ^2)^1/2 + DJ) / 2 + PE
    Total System Jitter     (TSJ):    0.050ns
    Total Input Jitter      (TIJ):    0.000ns
    Discrete Jitter          (DJ):    0.000ns
    Phase Error              (PE):    0.000ns

    Location             Delay type                Incr(ns)  Path(ns)    Netlist Resource(s)
  -------------------------------------------------------------------    -------------------
    C12                                               0.000     0.000 r  CPU_RESETN (IN)
                         net (fo=0)                   0.000     0.000    CPU_RESETN
    C12                  IBUF (Prop_ibuf_I_O)         1.507     1.507 r  CPU_RESETN_IBUF_inst/O
                         net (fo=24, routed)          2.552     4.059    u_accel/gen_nn_bitshift.u_accel/fc1/CPU_RESETN_IBUF
    SLICE_X51Y137        LUT1 (Prop_lut1_I0_O)        0.124     4.183 f  u_accel/gen_nn_bitshift.u_accel/fc1/FSM_onehot_state[2]_i_2/O
                         net (fo=1, routed)           2.162     6.345    u_accel/gen_nn_bitshift.u_accel/fc1/CPU_RESETN
    BUFGCTRL_X0Y0        BUFG (Prop_bufg_I_O)         0.096     6.441 f  u_accel/gen_nn_bitshift.u_accel/fc1/CPU_RESETN_BUFG_inst/O
                         net (fo=45531, routed)       2.457     8.898    u_accel/gen_nn_bitshift.u_accel/gen_hl2[0].hl2_lif/finalize_spike_reg_reg_0
    SLICE_X76Y2          FDCE                                         f  u_accel/gen_nn_bitshift.u_accel/gen_hl2[0].hl2_lif/membrane_pre_reset_reg_reg[5]/CLR
  -------------------------------------------------------------------    -------------------

                         (clock sys_clk_pin rise edge)
                                                      0.000     0.000 r  
    E3                                                0.000     0.000 r  CLK100MHZ (IN)
                         net (fo=0)                   0.000     0.000    CLK100MHZ
    E3                   IBUF (Prop_ibuf_I_O)         1.411     1.411 r  CLK100MHZ_IBUF_inst/O
                         net (fo=1, routed)           1.920     3.331    CLK100MHZ_IBUF
    BUFGCTRL_X0Y16       BUFG (Prop_bufg_I_O)         0.091     3.422 r  CLK100MHZ_IBUF_BUFG_inst/O
                         net (fo=45693, routed)       1.727     5.149    u_accel/gen_nn_bitshift.u_accel/gen_hl2[0].hl2_lif/CLK100MHZ_IBUF_BUFG
    SLICE_X76Y2          FDCE                                         r  u_accel/gen_nn_bitshift.u_accel/gen_hl2[0].hl2_lif/membrane_pre_reset_reg_reg[5]/C

Slack:                    inf
  Source:                 CPU_RESETN
                            (input port)
  Destination:            u_accel/gen_nn_bitshift.u_accel/gen_hl2[5].membrane_buf/membrane_storage_reg[2][6]/CLR
                            (recovery check against rising-edge clock sys_clk_pin  {rise@0.000ns fall@5.000ns period=10.000ns})
  Path Group:             (none)
  Path Type:              Recovery (Max at Slow Process Corner)
  Data Path Delay:        8.898ns  (logic 1.727ns (19.409%)  route 7.171ns (80.591%))
  Logic Levels:           3  (BUFG=1 IBUF=1 LUT1=1)
  Clock Path Skew:        5.149ns (DCD - SCD + CPR)
    Destination Clock Delay (DCD):    5.149ns
    Source Clock Delay      (SCD):    0.000ns
    Clock Pessimism Removal (CPR):    0.000ns
  Clock Uncertainty:      0.025ns  ((TSJ^2 + TIJ^2)^1/2 + DJ) / 2 + PE
    Total System Jitter     (TSJ):    0.050ns
    Total Input Jitter      (TIJ):    0.000ns
    Discrete Jitter          (DJ):    0.000ns
    Phase Error              (PE):    0.000ns

    Location             Delay type                Incr(ns)  Path(ns)    Netlist Resource(s)
  -------------------------------------------------------------------    -------------------
    C12                                               0.000     0.000 r  CPU_RESETN (IN)
                         net (fo=0)                   0.000     0.000    CPU_RESETN
    C12                  IBUF (Prop_ibuf_I_O)         1.507     1.507 r  CPU_RESETN_IBUF_inst/O
                         net (fo=24, routed)          2.552     4.059    u_accel/gen_nn_bitshift.u_accel/fc1/CPU_RESETN_IBUF
    SLICE_X51Y137        LUT1 (Prop_lut1_I0_O)        0.124     4.183 f  u_accel/gen_nn_bitshift.u_accel/fc1/FSM_onehot_state[2]_i_2/O
                         net (fo=1, routed)           2.162     6.345    u_accel/gen_nn_bitshift.u_accel/fc1/CPU_RESETN
    BUFGCTRL_X0Y0        BUFG (Prop_bufg_I_O)         0.096     6.441 f  u_accel/gen_nn_bitshift.u_accel/fc1/CPU_RESETN_BUFG_inst/O
                         net (fo=45531, routed)       2.457     8.898    u_accel/gen_nn_bitshift.u_accel/gen_hl2[5].membrane_buf/membrane_storage_reg[18][0]_0
    SLICE_X79Y44         FDCE                                         f  u_accel/gen_nn_bitshift.u_accel/gen_hl2[5].membrane_buf/membrane_storage_reg[2][6]/CLR
  -------------------------------------------------------------------    -------------------

                         (clock sys_clk_pin rise edge)
                                                      0.000     0.000 r  
    E3                                                0.000     0.000 r  CLK100MHZ (IN)
                         net (fo=0)                   0.000     0.000    CLK100MHZ
    E3                   IBUF (Prop_ibuf_I_O)         1.411     1.411 r  CLK100MHZ_IBUF_inst/O
                         net (fo=1, routed)           1.920     3.331    CLK100MHZ_IBUF
    BUFGCTRL_X0Y16       BUFG (Prop_bufg_I_O)         0.091     3.422 r  CLK100MHZ_IBUF_BUFG_inst/O
                         net (fo=45693, routed)       1.727     5.149    u_accel/gen_nn_bitshift.u_accel/gen_hl2[5].membrane_buf/CLK100MHZ_IBUF_BUFG
    SLICE_X79Y44         FDCE                                         r  u_accel/gen_nn_bitshift.u_accel/gen_hl2[5].membrane_buf/membrane_storage_reg[2][6]/C

Slack:                    inf
  Source:                 CPU_RESETN
                            (input port)
  Destination:            u_accel/gen_nn_bitshift.u_accel/gen_hl2[5].membrane_buf/membrane_storage_reg[6][0]/CLR
                            (recovery check against rising-edge clock sys_clk_pin  {rise@0.000ns fall@5.000ns period=10.000ns})
  Path Group:             (none)
  Path Type:              Recovery (Max at Slow Process Corner)
  Data Path Delay:        8.898ns  (logic 1.727ns (19.409%)  route 7.171ns (80.591%))
  Logic Levels:           3  (BUFG=1 IBUF=1 LUT1=1)
  Clock Path Skew:        5.149ns (DCD - SCD + CPR)
    Destination Clock Delay (DCD):    5.149ns
    Source Clock Delay      (SCD):    0.000ns
    Clock Pessimism Removal (CPR):    0.000ns
  Clock Uncertainty:      0.025ns  ((TSJ^2 + TIJ^2)^1/2 + DJ) / 2 + PE
    Total System Jitter     (TSJ):    0.050ns
    Total Input Jitter      (TIJ):    0.000ns
    Discrete Jitter          (DJ):    0.000ns
    Phase Error              (PE):    0.000ns

    Location             Delay type                Incr(ns)  Path(ns)    Netlist Resource(s)
  -------------------------------------------------------------------    -------------------
    C12                                               0.000     0.000 r  CPU_RESETN (IN)
                         net (fo=0)                   0.000     0.000    CPU_RESETN
    C12                  IBUF (Prop_ibuf_I_O)         1.507     1.507 r  CPU_RESETN_IBUF_inst/O
                         net (fo=24, routed)          2.552     4.059    u_accel/gen_nn_bitshift.u_accel/fc1/CPU_RESETN_IBUF
    SLICE_X51Y137        LUT1 (Prop_lut1_I0_O)        0.124     4.183 f  u_accel/gen_nn_bitshift.u_accel/fc1/FSM_onehot_state[2]_i_2/O
                         net (fo=1, routed)           2.162     6.345    u_accel/gen_nn_bitshift.u_accel/fc1/CPU_RESETN
    BUFGCTRL_X0Y0        BUFG (Prop_bufg_I_O)         0.096     6.441 f  u_accel/gen_nn_bitshift.u_accel/fc1/CPU_RESETN_BUFG_inst/O
                         net (fo=45531, routed)       2.457     8.898    u_accel/gen_nn_bitshift.u_accel/gen_hl2[5].membrane_buf/membrane_storage_reg[18][0]_0
    SLICE_X78Y44         FDCE                                         f  u_accel/gen_nn_bitshift.u_accel/gen_hl2[5].membrane_buf/membrane_storage_reg[6][0]/CLR
  -------------------------------------------------------------------    -------------------

                         (clock sys_clk_pin rise edge)
                                                      0.000     0.000 r  
    E3                                                0.000     0.000 r  CLK100MHZ (IN)
                         net (fo=0)                   0.000     0.000    CLK100MHZ
    E3                   IBUF (Prop_ibuf_I_O)         1.411     1.411 r  CLK100MHZ_IBUF_inst/O
                         net (fo=1, routed)           1.920     3.331    CLK100MHZ_IBUF
    BUFGCTRL_X0Y16       BUFG (Prop_bufg_I_O)         0.091     3.422 r  CLK100MHZ_IBUF_BUFG_inst/O
                         net (fo=45693, routed)       1.727     5.149    u_accel/gen_nn_bitshift.u_accel/gen_hl2[5].membrane_buf/CLK100MHZ_IBUF_BUFG
    SLICE_X78Y44         FDCE                                         r  u_accel/gen_nn_bitshift.u_accel/gen_hl2[5].membrane_buf/membrane_storage_reg[6][0]/C

Slack:                    inf
  Source:                 CPU_RESETN
                            (input port)
  Destination:            u_accel/gen_nn_bitshift.u_accel/gen_hl2[5].membrane_buf/membrane_storage_reg[6][6]/CLR
                            (recovery check against rising-edge clock sys_clk_pin  {rise@0.000ns fall@5.000ns period=10.000ns})
  Path Group:             (none)
  Path Type:              Recovery (Max at Slow Process Corner)
  Data Path Delay:        8.898ns  (logic 1.727ns (19.409%)  route 7.171ns (80.591%))
  Logic Levels:           3  (BUFG=1 IBUF=1 LUT1=1)
  Clock Path Skew:        5.149ns (DCD - SCD + CPR)
    Destination Clock Delay (DCD):    5.149ns
    Source Clock Delay      (SCD):    0.000ns
    Clock Pessimism Removal (CPR):    0.000ns
  Clock Uncertainty:      0.025ns  ((TSJ^2 + TIJ^2)^1/2 + DJ) / 2 + PE
    Total System Jitter     (TSJ):    0.050ns
    Total Input Jitter      (TIJ):    0.000ns
    Discrete Jitter          (DJ):    0.000ns
    Phase Error              (PE):    0.000ns

    Location             Delay type                Incr(ns)  Path(ns)    Netlist Resource(s)
  -------------------------------------------------------------------    -------------------
    C12                                               0.000     0.000 r  CPU_RESETN (IN)
                         net (fo=0)                   0.000     0.000    CPU_RESETN
    C12                  IBUF (Prop_ibuf_I_O)         1.507     1.507 r  CPU_RESETN_IBUF_inst/O
                         net (fo=24, routed)          2.552     4.059    u_accel/gen_nn_bitshift.u_accel/fc1/CPU_RESETN_IBUF
    SLICE_X51Y137        LUT1 (Prop_lut1_I0_O)        0.124     4.183 f  u_accel/gen_nn_bitshift.u_accel/fc1/FSM_onehot_state[2]_i_2/O
                         net (fo=1, routed)           2.162     6.345    u_accel/gen_nn_bitshift.u_accel/fc1/CPU_RESETN
    BUFGCTRL_X0Y0        BUFG (Prop_bufg_I_O)         0.096     6.441 f  u_accel/gen_nn_bitshift.u_accel/fc1/CPU_RESETN_BUFG_inst/O
                         net (fo=45531, routed)       2.457     8.898    u_accel/gen_nn_bitshift.u_accel/gen_hl2[5].membrane_buf/membrane_storage_reg[18][0]_0
    SLICE_X78Y44         FDCE                                         f  u_accel/gen_nn_bitshift.u_accel/gen_hl2[5].membrane_buf/membrane_storage_reg[6][6]/CLR
  -------------------------------------------------------------------    -------------------

                         (clock sys_clk_pin rise edge)
                                                      0.000     0.000 r  
    E3                                                0.000     0.000 r  CLK100MHZ (IN)
                         net (fo=0)                   0.000     0.000    CLK100MHZ
    E3                   IBUF (Prop_ibuf_I_O)         1.411     1.411 r  CLK100MHZ_IBUF_inst/O
                         net (fo=1, routed)           1.920     3.331    CLK100MHZ_IBUF
    BUFGCTRL_X0Y16       BUFG (Prop_bufg_I_O)         0.091     3.422 r  CLK100MHZ_IBUF_BUFG_inst/O
                         net (fo=45693, routed)       1.727     5.149    u_accel/gen_nn_bitshift.u_accel/gen_hl2[5].membrane_buf/CLK100MHZ_IBUF_BUFG
    SLICE_X78Y44         FDCE                                         r  u_accel/gen_nn_bitshift.u_accel/gen_hl2[5].membrane_buf/membrane_storage_reg[6][6]/C





Min Delay Paths
--------------------------------------------------------------------------------------
Slack:                    inf
  Source:                 UART_TXD_IN
                            (input port)
  Destination:            u_accel/u_uart_rx/data_shift_reg[6]/D
                            (rising edge-triggered cell FDCE clocked by sys_clk_pin  {rise@0.000ns fall@5.000ns period=10.000ns})
  Path Group:             (none)
  Path Type:              Hold (Min at Fast Process Corner)
  Data Path Delay:        1.237ns  (logic 0.302ns (24.457%)  route 0.934ns (75.543%))
  Logic Levels:           2  (IBUF=1 LUT6=1)
  Clock Path Skew:        1.999ns (DCD - SCD - CPR)
    Destination Clock Delay (DCD):    1.999ns
    Source Clock Delay      (SCD):    0.000ns
    Clock Pessimism Removal (CPR):    -0.000ns

    Location             Delay type                Incr(ns)  Path(ns)    Netlist Resource(s)
  -------------------------------------------------------------------    -------------------
    C4                                                0.000     0.000 r  UART_TXD_IN (IN)
                         net (fo=0)                   0.000     0.000    UART_TXD_IN
    C4                   IBUF (Prop_ibuf_I_O)         0.257     0.257 r  UART_TXD_IN_IBUF_inst/O
                         net (fo=11, routed)          0.934     1.192    u_accel/u_uart_rx/UART_TXD_IN_IBUF
    SLICE_X66Y145        LUT6 (Prop_lut6_I0_O)        0.045     1.237 r  u_accel/u_uart_rx/data_shift[6]_i_1/O
                         net (fo=1, routed)           0.000     1.237    u_accel/u_uart_rx/data_shift[6]_i_1_n_0
    SLICE_X66Y145        FDCE                                         r  u_accel/u_uart_rx/data_shift_reg[6]/D
  -------------------------------------------------------------------    -------------------

                         (clock sys_clk_pin rise edge)
                                                      0.000     0.000 r  
    E3                                                0.000     0.000 r  CLK100MHZ (IN)
                         net (fo=0)                   0.000     0.000    CLK100MHZ
    E3                   IBUF (Prop_ibuf_I_O)         0.438     0.438 r  CLK100MHZ_IBUF_inst/O
                         net (fo=1, routed)           0.699     1.136    CLK100MHZ_IBUF
    BUFGCTRL_X0Y16       BUFG (Prop_bufg_I_O)         0.029     1.165 r  CLK100MHZ_IBUF_BUFG_inst/O
                         net (fo=45693, routed)       0.834     1.999    u_accel/u_uart_rx/CLK100MHZ_IBUF_BUFG
    SLICE_X66Y145        FDCE                                         r  u_accel/u_uart_rx/data_shift_reg[6]/C

Slack:                    inf
  Source:                 UART_TXD_IN
                            (input port)
  Destination:            u_accel/u_uart_rx/data_shift_reg[0]/D
                            (rising edge-triggered cell FDCE clocked by sys_clk_pin  {rise@0.000ns fall@5.000ns period=10.000ns})
  Path Group:             (none)
  Path Type:              Hold (Min at Fast Process Corner)
  Data Path Delay:        1.251ns  (logic 0.302ns (24.182%)  route 0.948ns (75.818%))
  Logic Levels:           2  (IBUF=1 LUT6=1)
  Clock Path Skew:        1.999ns (DCD - SCD - CPR)
    Destination Clock Delay (DCD):    1.999ns
    Source Clock Delay      (SCD):    0.000ns
    Clock Pessimism Removal (CPR):    -0.000ns

    Location             Delay type                Incr(ns)  Path(ns)    Netlist Resource(s)
  -------------------------------------------------------------------    -------------------
    C4                                                0.000     0.000 r  UART_TXD_IN (IN)
                         net (fo=0)                   0.000     0.000    UART_TXD_IN
    C4                   IBUF (Prop_ibuf_I_O)         0.257     0.257 r  UART_TXD_IN_IBUF_inst/O
                         net (fo=11, routed)          0.948     1.206    u_accel/u_uart_rx/UART_TXD_IN_IBUF
    SLICE_X65Y145        LUT6 (Prop_lut6_I0_O)        0.045     1.251 r  u_accel/u_uart_rx/data_shift[0]_i_1/O
                         net (fo=1, routed)           0.000     1.251    u_accel/u_uart_rx/data_shift[0]_i_1_n_0
    SLICE_X65Y145        FDCE                                         r  u_accel/u_uart_rx/data_shift_reg[0]/D
  -------------------------------------------------------------------    -------------------

                         (clock sys_clk_pin rise edge)
                                                      0.000     0.000 r  
    E3                                                0.000     0.000 r  CLK100MHZ (IN)
                         net (fo=0)                   0.000     0.000    CLK100MHZ
    E3                   IBUF (Prop_ibuf_I_O)         0.438     0.438 r  CLK100MHZ_IBUF_inst/O
                         net (fo=1, routed)           0.699     1.136    CLK100MHZ_IBUF
    BUFGCTRL_X0Y16       BUFG (Prop_bufg_I_O)         0.029     1.165 r  CLK100MHZ_IBUF_BUFG_inst/O
                         net (fo=45693, routed)       0.834     1.999    u_accel/u_uart_rx/CLK100MHZ_IBUF_BUFG
    SLICE_X65Y145        FDCE                                         r  u_accel/u_uart_rx/data_shift_reg[0]/C

Slack:                    inf
  Source:                 UART_TXD_IN
                            (input port)
  Destination:            u_accel/u_uart_rx/FSM_sequential_state_reg[0]/D
                            (rising edge-triggered cell FDCE clocked by sys_clk_pin  {rise@0.000ns fall@5.000ns period=10.000ns})
  Path Group:             (none)
  Path Type:              Hold (Min at Fast Process Corner)
  Data Path Delay:        1.253ns  (logic 0.302ns (24.136%)  route 0.951ns (75.864%))
  Logic Levels:           2  (IBUF=1 LUT6=1)
  Clock Path Skew:        2.000ns (DCD - SCD - CPR)
    Destination Clock Delay (DCD):    2.000ns
    Source Clock Delay      (SCD):    0.000ns
    Clock Pessimism Removal (CPR):    -0.000ns

    Location             Delay type                Incr(ns)  Path(ns)    Netlist Resource(s)
  -------------------------------------------------------------------    -------------------
    C4                                                0.000     0.000 f  UART_TXD_IN (IN)
                         net (fo=0)                   0.000     0.000    UART_TXD_IN
    C4                   IBUF (Prop_ibuf_I_O)         0.257     0.257 f  UART_TXD_IN_IBUF_inst/O
                         net (fo=11, routed)          0.951     1.208    u_accel/u_uart_rx/UART_TXD_IN_IBUF
    SLICE_X71Y147        LUT6 (Prop_lut6_I5_O)        0.045     1.253 r  u_accel/u_uart_rx/FSM_sequential_state[0]_i_1__0/O
                         net (fo=1, routed)           0.000     1.253    u_accel/u_uart_rx/FSM_sequential_state[0]_i_1__0_n_0
    SLICE_X71Y147        FDCE                                         r  u_accel/u_uart_rx/FSM_sequential_state_reg[0]/D
  -------------------------------------------------------------------    -------------------

                         (clock sys_clk_pin rise edge)
                                                      0.000     0.000 r  
    E3                                                0.000     0.000 r  CLK100MHZ (IN)
                         net (fo=0)                   0.000     0.000    CLK100MHZ
    E3                   IBUF (Prop_ibuf_I_O)         0.438     0.438 r  CLK100MHZ_IBUF_inst/O
                         net (fo=1, routed)           0.699     1.136    CLK100MHZ_IBUF
    BUFGCTRL_X0Y16       BUFG (Prop_bufg_I_O)         0.029     1.165 r  CLK100MHZ_IBUF_BUFG_inst/O
                         net (fo=45693, routed)       0.835     2.000    u_accel/u_uart_rx/CLK100MHZ_IBUF_BUFG
    SLICE_X71Y147        FDCE                                         r  u_accel/u_uart_rx/FSM_sequential_state_reg[0]/C

Slack:                    inf
  Source:                 UART_TXD_IN
                            (input port)
  Destination:            u_accel/u_uart_rx/FSM_sequential_state_reg[1]/D
                            (rising edge-triggered cell FDCE clocked by sys_clk_pin  {rise@0.000ns fall@5.000ns period=10.000ns})
  Path Group:             (none)
  Path Type:              Hold (Min at Fast Process Corner)
  Data Path Delay:        1.254ns  (logic 0.302ns (24.117%)  route 0.952ns (75.883%))
  Logic Levels:           2  (IBUF=1 LUT6=1)
  Clock Path Skew:        2.000ns (DCD - SCD - CPR)
    Destination Clock Delay (DCD):    2.000ns
    Source Clock Delay      (SCD):    0.000ns
    Clock Pessimism Removal (CPR):    -0.000ns

    Location             Delay type                Incr(ns)  Path(ns)    Netlist Resource(s)
  -------------------------------------------------------------------    -------------------
    C4                                                0.000     0.000 f  UART_TXD_IN (IN)
                         net (fo=0)                   0.000     0.000    UART_TXD_IN
    C4                   IBUF (Prop_ibuf_I_O)         0.257     0.257 f  UART_TXD_IN_IBUF_inst/O
                         net (fo=11, routed)          0.952     1.209    u_accel/u_uart_rx/UART_TXD_IN_IBUF
    SLICE_X71Y147        LUT6 (Prop_lut6_I5_O)        0.045     1.254 r  u_accel/u_uart_rx/FSM_sequential_state[1]_i_1__0/O
                         net (fo=1, routed)           0.000     1.254    u_accel/u_uart_rx/FSM_sequential_state[1]_i_1__0_n_0
    SLICE_X71Y147        FDCE                                         r  u_accel/u_uart_rx/FSM_sequential_state_reg[1]/D
  -------------------------------------------------------------------    -------------------

                         (clock sys_clk_pin rise edge)
                                                      0.000     0.000 r  
    E3                                                0.000     0.000 r  CLK100MHZ (IN)
                         net (fo=0)                   0.000     0.000    CLK100MHZ
    E3                   IBUF (Prop_ibuf_I_O)         0.438     0.438 r  CLK100MHZ_IBUF_inst/O
                         net (fo=1, routed)           0.699     1.136    CLK100MHZ_IBUF
    BUFGCTRL_X0Y16       BUFG (Prop_bufg_I_O)         0.029     1.165 r  CLK100MHZ_IBUF_BUFG_inst/O
                         net (fo=45693, routed)       0.835     2.000    u_accel/u_uart_rx/CLK100MHZ_IBUF_BUFG
    SLICE_X71Y147        FDCE                                         r  u_accel/u_uart_rx/FSM_sequential_state_reg[1]/C

Slack:                    inf
  Source:                 UART_TXD_IN
                            (input port)
  Destination:            u_accel/u_uart_rx/data_shift_reg[7]/D
                            (rising edge-triggered cell FDCE clocked by sys_clk_pin  {rise@0.000ns fall@5.000ns period=10.000ns})
  Path Group:             (none)
  Path Type:              Hold (Min at Fast Process Corner)
  Data Path Delay:        1.335ns  (logic 0.302ns (22.659%)  route 1.032ns (77.341%))
  Logic Levels:           2  (IBUF=1 LUT5=1)
  Clock Path Skew:        1.999ns (DCD - SCD - CPR)
    Destination Clock Delay (DCD):    1.999ns
    Source Clock Delay      (SCD):    0.000ns
    Clock Pessimism Removal (CPR):    -0.000ns

    Location             Delay type                Incr(ns)  Path(ns)    Netlist Resource(s)
  -------------------------------------------------------------------    -------------------
    C4                                                0.000     0.000 r  UART_TXD_IN (IN)
                         net (fo=0)                   0.000     0.000    UART_TXD_IN
    C4                   IBUF (Prop_ibuf_I_O)         0.257     0.257 r  UART_TXD_IN_IBUF_inst/O
                         net (fo=11, routed)          1.032     1.290    u_accel/u_uart_rx/UART_TXD_IN_IBUF
    SLICE_X66Y145        LUT5 (Prop_lut5_I0_O)        0.045     1.335 r  u_accel/u_uart_rx/data_shift[7]_i_1/O
                         net (fo=1, routed)           0.000     1.335    u_accel/u_uart_rx/data_shift[7]_i_1_n_0
    SLICE_X66Y145        FDCE                                         r  u_accel/u_uart_rx/data_shift_reg[7]/D
  -------------------------------------------------------------------    -------------------

                         (clock sys_clk_pin rise edge)
                                                      0.000     0.000 r  
    E3                                                0.000     0.000 r  CLK100MHZ (IN)
                         net (fo=0)                   0.000     0.000    CLK100MHZ
    E3                   IBUF (Prop_ibuf_I_O)         0.438     0.438 r  CLK100MHZ_IBUF_inst/O
                         net (fo=1, routed)           0.699     1.136    CLK100MHZ_IBUF
    BUFGCTRL_X0Y16       BUFG (Prop_bufg_I_O)         0.029     1.165 r  CLK100MHZ_IBUF_BUFG_inst/O
                         net (fo=45693, routed)       0.834     1.999    u_accel/u_uart_rx/CLK100MHZ_IBUF_BUFG
    SLICE_X66Y145        FDCE                                         r  u_accel/u_uart_rx/data_shift_reg[7]/C

Slack:                    inf
  Source:                 UART_TXD_IN
                            (input port)
  Destination:            u_accel/u_uart_rx/data_shift_reg[2]/D
                            (rising edge-triggered cell FDCE clocked by sys_clk_pin  {rise@0.000ns fall@5.000ns period=10.000ns})
  Path Group:             (none)
  Path Type:              Hold (Min at Fast Process Corner)
  Data Path Delay:        1.367ns  (logic 0.302ns (22.122%)  route 1.065ns (77.878%))
  Logic Levels:           2  (IBUF=1 LUT6=1)
  Clock Path Skew:        1.999ns (DCD - SCD - CPR)
    Destination Clock Delay (DCD):    1.999ns
    Source Clock Delay      (SCD):    0.000ns
    Clock Pessimism Removal (CPR):    -0.000ns

    Location             Delay type                Incr(ns)  Path(ns)    Netlist Resource(s)
  -------------------------------------------------------------------    -------------------
    C4                                                0.000     0.000 r  UART_TXD_IN (IN)
                         net (fo=0)                   0.000     0.000    UART_TXD_IN
    C4                   IBUF (Prop_ibuf_I_O)         0.257     0.257 r  UART_TXD_IN_IBUF_inst/O
                         net (fo=11, routed)          1.065     1.322    u_accel/u_uart_rx/UART_TXD_IN_IBUF
    SLICE_X67Y144        LUT6 (Prop_lut6_I0_O)        0.045     1.367 r  u_accel/u_uart_rx/data_shift[2]_i_1/O
                         net (fo=1, routed)           0.000     1.367    u_accel/u_uart_rx/data_shift[2]_i_1_n_0
    SLICE_X67Y144        FDCE                                         r  u_accel/u_uart_rx/data_shift_reg[2]/D
  -------------------------------------------------------------------    -------------------

                         (clock sys_clk_pin rise edge)
                                                      0.000     0.000 r  
    E3                                                0.000     0.000 r  CLK100MHZ (IN)
                         net (fo=0)                   0.000     0.000    CLK100MHZ
    E3                   IBUF (Prop_ibuf_I_O)         0.438     0.438 r  CLK100MHZ_IBUF_inst/O
                         net (fo=1, routed)           0.699     1.136    CLK100MHZ_IBUF
    BUFGCTRL_X0Y16       BUFG (Prop_bufg_I_O)         0.029     1.165 r  CLK100MHZ_IBUF_BUFG_inst/O
                         net (fo=45693, routed)       0.834     1.999    u_accel/u_uart_rx/CLK100MHZ_IBUF_BUFG
    SLICE_X67Y144        FDCE                                         r  u_accel/u_uart_rx/data_shift_reg[2]/C

Slack:                    inf
  Source:                 UART_TXD_IN
                            (input port)
  Destination:            u_accel/u_uart_rx/data_shift_reg[4]/D
                            (rising edge-triggered cell FDCE clocked by sys_clk_pin  {rise@0.000ns fall@5.000ns period=10.000ns})
  Path Group:             (none)
  Path Type:              Hold (Min at Fast Process Corner)
  Data Path Delay:        1.377ns  (logic 0.302ns (21.970%)  route 1.074ns (78.030%))
  Logic Levels:           2  (IBUF=1 LUT6=1)
  Clock Path Skew:        1.999ns (DCD - SCD - CPR)
    Destination Clock Delay (DCD):    1.999ns
    Source Clock Delay      (SCD):    0.000ns
    Clock Pessimism Removal (CPR):    -0.000ns

    Location             Delay type                Incr(ns)  Path(ns)    Netlist Resource(s)
  -------------------------------------------------------------------    -------------------
    C4                                                0.000     0.000 r  UART_TXD_IN (IN)
                         net (fo=0)                   0.000     0.000    UART_TXD_IN
    C4                   IBUF (Prop_ibuf_I_O)         0.257     0.257 r  UART_TXD_IN_IBUF_inst/O
                         net (fo=11, routed)          1.074     1.332    u_accel/u_uart_rx/UART_TXD_IN_IBUF
    SLICE_X66Y145        LUT6 (Prop_lut6_I0_O)        0.045     1.377 r  u_accel/u_uart_rx/data_shift[4]_i_1/O
                         net (fo=1, routed)           0.000     1.377    u_accel/u_uart_rx/data_shift[4]_i_1_n_0
    SLICE_X66Y145        FDCE                                         r  u_accel/u_uart_rx/data_shift_reg[4]/D
  -------------------------------------------------------------------    -------------------

                         (clock sys_clk_pin rise edge)
                                                      0.000     0.000 r  
    E3                                                0.000     0.000 r  CLK100MHZ (IN)
                         net (fo=0)                   0.000     0.000    CLK100MHZ
    E3                   IBUF (Prop_ibuf_I_O)         0.438     0.438 r  CLK100MHZ_IBUF_inst/O
                         net (fo=1, routed)           0.699     1.136    CLK100MHZ_IBUF
    BUFGCTRL_X0Y16       BUFG (Prop_bufg_I_O)         0.029     1.165 r  CLK100MHZ_IBUF_BUFG_inst/O
                         net (fo=45693, routed)       0.834     1.999    u_accel/u_uart_rx/CLK100MHZ_IBUF_BUFG
    SLICE_X66Y145        FDCE                                         r  u_accel/u_uart_rx/data_shift_reg[4]/C

Slack:                    inf
  Source:                 UART_TXD_IN
                            (input port)
  Destination:            u_accel/u_uart_rx/data_shift_reg[5]/D
                            (rising edge-triggered cell FDCE clocked by sys_clk_pin  {rise@0.000ns fall@5.000ns period=10.000ns})
  Path Group:             (none)
  Path Type:              Hold (Min at Fast Process Corner)
  Data Path Delay:        1.397ns  (logic 0.302ns (21.655%)  route 1.094ns (78.345%))
  Logic Levels:           2  (IBUF=1 LUT6=1)
  Clock Path Skew:        1.999ns (DCD - SCD - CPR)
    Destination Clock Delay (DCD):    1.999ns
    Source Clock Delay      (SCD):    0.000ns
    Clock Pessimism Removal (CPR):    -0.000ns

    Location             Delay type                Incr(ns)  Path(ns)    Netlist Resource(s)
  -------------------------------------------------------------------    -------------------
    C4                                                0.000     0.000 r  UART_TXD_IN (IN)
                         net (fo=0)                   0.000     0.000    UART_TXD_IN
    C4                   IBUF (Prop_ibuf_I_O)         0.257     0.257 r  UART_TXD_IN_IBUF_inst/O
                         net (fo=11, routed)          1.094     1.352    u_accel/u_uart_rx/UART_TXD_IN_IBUF
    SLICE_X67Y144        LUT6 (Prop_lut6_I0_O)        0.045     1.397 r  u_accel/u_uart_rx/data_shift[5]_i_1/O
                         net (fo=1, routed)           0.000     1.397    u_accel/u_uart_rx/data_shift[5]_i_1_n_0
    SLICE_X67Y144        FDCE                                         r  u_accel/u_uart_rx/data_shift_reg[5]/D
  -------------------------------------------------------------------    -------------------

                         (clock sys_clk_pin rise edge)
                                                      0.000     0.000 r  
    E3                                                0.000     0.000 r  CLK100MHZ (IN)
                         net (fo=0)                   0.000     0.000    CLK100MHZ
    E3                   IBUF (Prop_ibuf_I_O)         0.438     0.438 r  CLK100MHZ_IBUF_inst/O
                         net (fo=1, routed)           0.699     1.136    CLK100MHZ_IBUF
    BUFGCTRL_X0Y16       BUFG (Prop_bufg_I_O)         0.029     1.165 r  CLK100MHZ_IBUF_BUFG_inst/O
                         net (fo=45693, routed)       0.834     1.999    u_accel/u_uart_rx/CLK100MHZ_IBUF_BUFG
    SLICE_X67Y144        FDCE                                         r  u_accel/u_uart_rx/data_shift_reg[5]/C

Slack:                    inf
  Source:                 UART_TXD_IN
                            (input port)
  Destination:            u_accel/u_uart_rx/data_shift_reg[3]/D
                            (rising edge-triggered cell FDCE clocked by sys_clk_pin  {rise@0.000ns fall@5.000ns period=10.000ns})
  Path Group:             (none)
  Path Type:              Hold (Min at Fast Process Corner)
  Data Path Delay:        1.421ns  (logic 0.302ns (21.288%)  route 1.118ns (78.712%))
  Logic Levels:           2  (IBUF=1 LUT6=1)
  Clock Path Skew:        1.999ns (DCD - SCD - CPR)
    Destination Clock Delay (DCD):    1.999ns
    Source Clock Delay      (SCD):    0.000ns
    Clock Pessimism Removal (CPR):    -0.000ns

    Location             Delay type                Incr(ns)  Path(ns)    Netlist Resource(s)
  -------------------------------------------------------------------    -------------------
    C4                                                0.000     0.000 r  UART_TXD_IN (IN)
                         net (fo=0)                   0.000     0.000    UART_TXD_IN
    C4                   IBUF (Prop_ibuf_I_O)         0.257     0.257 r  UART_TXD_IN_IBUF_inst/O
                         net (fo=11, routed)          1.118     1.376    u_accel/u_uart_rx/UART_TXD_IN_IBUF
    SLICE_X67Y144        LUT6 (Prop_lut6_I0_O)        0.045     1.421 r  u_accel/u_uart_rx/data_shift[3]_i_1/O
                         net (fo=1, routed)           0.000     1.421    u_accel/u_uart_rx/data_shift[3]_i_1_n_0
    SLICE_X67Y144        FDCE                                         r  u_accel/u_uart_rx/data_shift_reg[3]/D
  -------------------------------------------------------------------    -------------------

                         (clock sys_clk_pin rise edge)
                                                      0.000     0.000 r  
    E3                                                0.000     0.000 r  CLK100MHZ (IN)
                         net (fo=0)                   0.000     0.000    CLK100MHZ
    E3                   IBUF (Prop_ibuf_I_O)         0.438     0.438 r  CLK100MHZ_IBUF_inst/O
                         net (fo=1, routed)           0.699     1.136    CLK100MHZ_IBUF
    BUFGCTRL_X0Y16       BUFG (Prop_bufg_I_O)         0.029     1.165 r  CLK100MHZ_IBUF_BUFG_inst/O
                         net (fo=45693, routed)       0.834     1.999    u_accel/u_uart_rx/CLK100MHZ_IBUF_BUFG
    SLICE_X67Y144        FDCE                                         r  u_accel/u_uart_rx/data_shift_reg[3]/C

Slack:                    inf
  Source:                 UART_TXD_IN
                            (input port)
  Destination:            u_accel/u_uart_rx/data_shift_reg[1]/D
                            (rising edge-triggered cell FDCE clocked by sys_clk_pin  {rise@0.000ns fall@5.000ns period=10.000ns})
  Path Group:             (none)
  Path Type:              Hold (Min at Fast Process Corner)
  Data Path Delay:        1.423ns  (logic 0.302ns (21.250%)  route 1.121ns (78.750%))
  Logic Levels:           2  (IBUF=1 LUT6=1)
  Clock Path Skew:        1.999ns (DCD - SCD - CPR)
    Destination Clock Delay (DCD):    1.999ns
    Source Clock Delay      (SCD):    0.000ns
    Clock Pessimism Removal (CPR):    -0.000ns

    Location             Delay type                Incr(ns)  Path(ns)    Netlist Resource(s)
  -------------------------------------------------------------------    -------------------
    C4                                                0.000     0.000 r  UART_TXD_IN (IN)
                         net (fo=0)                   0.000     0.000    UART_TXD_IN
    C4                   IBUF (Prop_ibuf_I_O)         0.257     0.257 r  UART_TXD_IN_IBUF_inst/O
                         net (fo=11, routed)          1.121     1.378    u_accel/u_uart_rx/UART_TXD_IN_IBUF
    SLICE_X65Y145        LUT6 (Prop_lut6_I0_O)        0.045     1.423 r  u_accel/u_uart_rx/data_shift[1]_i_1/O
                         net (fo=1, routed)           0.000     1.423    u_accel/u_uart_rx/data_shift[1]_i_1_n_0
    SLICE_X65Y145        FDCE                                         r  u_accel/u_uart_rx/data_shift_reg[1]/D
  -------------------------------------------------------------------    -------------------

                         (clock sys_clk_pin rise edge)
                                                      0.000     0.000 r  
    E3                                                0.000     0.000 r  CLK100MHZ (IN)
                         net (fo=0)                   0.000     0.000    CLK100MHZ
    E3                   IBUF (Prop_ibuf_I_O)         0.438     0.438 r  CLK100MHZ_IBUF_inst/O
                         net (fo=1, routed)           0.699     1.136    CLK100MHZ_IBUF
    BUFGCTRL_X0Y16       BUFG (Prop_bufg_I_O)         0.029     1.165 r  CLK100MHZ_IBUF_BUFG_inst/O
                         net (fo=45693, routed)       0.834     1.999    u_accel/u_uart_rx/CLK100MHZ_IBUF_BUFG
    SLICE_X65Y145        FDCE                                         r  u_accel/u_uart_rx/data_shift_reg[1]/C





