Copyright 1986-2022 Xilinx, Inc. All Rights Reserved. Copyright 2022-2025 Advanced Micro Devices, Inc. All Rights Reserved.
---------------------------------------------------------------------------------------------------------------------------------------------------------------------------------------------------------------------------------------------------------------------
| Tool Version : Vivado v.2025.1 (lin64) Build 6140274 Wed May 21 22:58:25 MDT 2025
| Date         : Fri May 29 09:16:00 2026
| Host         : niklas.ece.pdx.edu running 64-bit Pop!_OS 22.04 LTS
| Command      : report_timing_summary -max_paths 10 -routable_nets -report_unconstrained -file board_top_lif_32_32_timing_summary_routed.rpt -pb board_top_lif_32_32_timing_summary_routed.pb -rpx board_top_lif_32_32_timing_summary_routed.rpx -warn_on_violation
| Design       : board_top_lif_32_32
| Device       : 7a100t-csg324
| Speed File   : -1  PRODUCTION 1.23 2018-06-13
| Design State : Routed
---------------------------------------------------------------------------------------------------------------------------------------------------------------------------------------------------------------------------------------------------------------------

Timing Summary Report

------------------------------------------------------------------------------------------------
| Timer Settings
| --------------
------------------------------------------------------------------------------------------------

  Enable Multi Corner Analysis               :  Yes
  Enable Pessimism Removal                   :  Yes
  Pessimism Removal Resolution               :  Nearest Common Node
  Enable Input Delay Default Clock           :  No
  Enable Preset / Clear Arcs                 :  No
  Disable Flight Delays                      :  No
  Ignore I/O Paths                           :  No
  Timing Early Launch at Borrowing Latches   :  No
  Borrow Time for Max Delay Exceptions       :  Yes
  Merge Timing Exceptions                    :  Yes
  Inter-SLR Compensation                     :  Conservative

  Corner  Analyze    Analyze    
  Name    Max Paths  Min Paths  
  ------  ---------  ---------  
  Slow    Yes        Yes        
  Fast    Yes        Yes        


------------------------------------------------------------------------------------------------
| Report Methodology
| ------------------
------------------------------------------------------------------------------------------------

Rule       Severity  Description                    Violations  
---------  --------  -----------------------------  ----------  
DPIR-1     Warning   Asynchronous driver check      3459        
TIMING-18  Warning   Missing input or output delay  19          

Note: This report is based on the most recent report_methodology run and may not be up-to-date. Run report_methodology on the current design for the latest report.



check_timing report

Table of Contents
-----------------
1. checking no_clock (0)
2. checking constant_clock (0)
3. checking pulse_width_clock (0)
4. checking unconstrained_internal_endpoints (0)
5. checking no_input_delay (2)
6. checking no_output_delay (4)
7. checking multiple_clock (0)
8. checking generated_clocks (0)
9. checking loops (0)
10. checking partial_input_delay (0)
11. checking partial_output_delay (0)
12. checking latch_loops (0)

1. checking no_clock (0)
------------------------
 There are 0 register/latch pins with no clock.


2. checking constant_clock (0)
------------------------------
 There are 0 register/latch pins with constant_clock.


3. checking pulse_width_clock (0)
---------------------------------
 There are 0 register/latch pins which need pulse_width check


4. checking unconstrained_internal_endpoints (0)
------------------------------------------------
 There are 0 pins that are not constrained for maximum delay.

 There are 0 pins that are not constrained for maximum delay due to constant clock.


5. checking no_input_delay (2)
------------------------------
 There are 2 input ports with no input delay specified. (HIGH)

 There are 0 input ports with no input delay but user has a false path constraint.


6. checking no_output_delay (4)
-------------------------------
 There are 4 ports with no output delay specified. (HIGH)

 There are 0 ports with no output delay but user has a false path constraint

 There are 0 ports with no output delay but with a timing clock defined on it or propagating through it


7. checking multiple_clock (0)
------------------------------
 There are 0 register/latch pins with multiple clocks.


8. checking generated_clocks (0)
--------------------------------
 There are 0 generated clocks that are not connected to a clock source.


9. checking loops (0)
---------------------
 There are 0 combinational loops in the design.


10. checking partial_input_delay (0)
------------------------------------
 There are 0 input ports with partial input delay specified.


11. checking partial_output_delay (0)
-------------------------------------
 There are 0 ports with partial output delay specified.


12. checking latch_loops (0)
----------------------------
 There are 0 combinational latch loops in the design through latch input



------------------------------------------------------------------------------------------------
| Design Timing Summary
| ---------------------
------------------------------------------------------------------------------------------------

    WNS(ns)      TNS(ns)  TNS Failing Endpoints  TNS Total Endpoints      WHS(ns)      THS(ns)  THS Failing Endpoints  THS Total Endpoints     WPWS(ns)     TPWS(ns)  TPWS Failing Endpoints  TPWS Total Endpoints  
    -------      -------  ---------------------  -------------------      -------      -------  ---------------------  -------------------     --------     --------  ----------------------  --------------------  
     -0.117       -0.117                      1                41655        0.046        0.000                      0                41655        4.500        0.000                       0                 21146  


Timing constraints are not met.


------------------------------------------------------------------------------------------------
| Clock Summary
| -------------
------------------------------------------------------------------------------------------------

Clock        Waveform(ns)       Period(ns)      Frequency(MHz)
-----        ------------       ----------      --------------
sys_clk_pin  {0.000 5.000}      10.000          100.000         


------------------------------------------------------------------------------------------------
| Intra Clock Table
| -----------------
------------------------------------------------------------------------------------------------

Clock             WNS(ns)      TNS(ns)  TNS Failing Endpoints  TNS Total Endpoints      WHS(ns)      THS(ns)  THS Failing Endpoints  THS Total Endpoints     WPWS(ns)     TPWS(ns)  TPWS Failing Endpoints  TPWS Total Endpoints  
-----             -------      -------  ---------------------  -------------------      -------      -------  ---------------------  -------------------     --------     --------  ----------------------  --------------------  
sys_clk_pin        -0.117       -0.117                      1                41655        0.046        0.000                      0                41655        4.500        0.000                       0                 21146  


------------------------------------------------------------------------------------------------
| Inter Clock Table
| -----------------
------------------------------------------------------------------------------------------------

From Clock    To Clock          WNS(ns)      TNS(ns)  TNS Failing Endpoints  TNS Total Endpoints      WHS(ns)      THS(ns)  THS Failing Endpoints  THS Total Endpoints  
----------    --------          -------      -------  ---------------------  -------------------      -------      -------  ---------------------  -------------------  


------------------------------------------------------------------------------------------------
| Other Path Groups Table
| -----------------------
------------------------------------------------------------------------------------------------

Path Group    From Clock    To Clock          WNS(ns)      TNS(ns)  TNS Failing Endpoints  TNS Total Endpoints      WHS(ns)      THS(ns)  THS Failing Endpoints  THS Total Endpoints  
----------    ----------    --------          -------      -------  ---------------------  -------------------      -------      -------  ---------------------  -------------------  


------------------------------------------------------------------------------------------------
| User Ignored Path Table
| -----------------------
------------------------------------------------------------------------------------------------

Path Group    From Clock    To Clock    
----------    ----------    --------    


------------------------------------------------------------------------------------------------
| Unconstrained Path Table
| ------------------------
------------------------------------------------------------------------------------------------

Path Group    From Clock    To Clock    
----------    ----------    --------    
(none)        sys_clk_pin                 
(none)                      sys_clk_pin   


------------------------------------------------------------------------------------------------
| Timing Details
| --------------
------------------------------------------------------------------------------------------------


---------------------------------------------------------------------------------------------------
From Clock:  sys_clk_pin
  To Clock:  sys_clk_pin

Setup :            1  Failing Endpoint ,  Worst Slack       -0.117ns,  Total Violation       -0.117ns
Hold  :            0  Failing Endpoints,  Worst Slack        0.046ns,  Total Violation        0.000ns
PW    :            0  Failing Endpoints,  Worst Slack        4.500ns,  Total Violation        0.000ns
---------------------------------------------------------------------------------------------------


Max Delay Paths
--------------------------------------------------------------------------------------
Slack (VIOLATED) :        -0.117ns  (required time - arrival time)
  Source:                 u_accel/gen_nn_standard.u_accel/gen_hl2[11].hl2_lif/membrane_potential_reg[23]/C
                            (rising edge-triggered cell FDCE clocked by sys_clk_pin  {rise@0.000ns fall@5.000ns period=10.000ns})
  Destination:            u_accel/gen_nn_standard.u_accel/gen_hl2[11].hl2_lif/spike_prev_reg/D
                            (rising edge-triggered cell FDCE clocked by sys_clk_pin  {rise@0.000ns fall@5.000ns period=10.000ns})
  Path Group:             sys_clk_pin
  Path Type:              Setup (Max at Slow Process Corner)
  Requirement:            10.000ns  (sys_clk_pin rise@10.000ns - sys_clk_pin rise@0.000ns)
  Data Path Delay:        9.860ns  (logic 6.553ns (66.459%)  route 3.307ns (33.541%))
  Logic Levels:           11  (CARRY4=7 DSP48E1=1 LUT2=3)
  Clock Path Skew:        -0.252ns (DCD - SCD + CPR)
    Destination Clock Delay (DCD):    5.021ns = ( 15.021 - 10.000 ) 
    Source Clock Delay      (SCD):    5.460ns
    Clock Pessimism Removal (CPR):    0.187ns
  Clock Uncertainty:      0.035ns  ((TSJ^2 + TIJ^2)^1/2 + DJ) / 2 + PE
    Total System Jitter     (TSJ):    0.071ns
    Total Input Jitter      (TIJ):    0.000ns
    Discrete Jitter          (DJ):    0.000ns
    Phase Error              (PE):    0.000ns

    Location             Delay type                Incr(ns)  Path(ns)    Netlist Resource(s)
  -------------------------------------------------------------------    -------------------
                         (clock sys_clk_pin rise edge)
                                                      0.000     0.000 r  
    E3                                                0.000     0.000 r  CLK100MHZ (IN)
                         net (fo=0)                   0.000     0.000    CLK100MHZ
    E3                   IBUF (Prop_ibuf_I_O)         1.482     1.482 r  CLK100MHZ_IBUF_inst/O
                         net (fo=1, routed)           2.025     3.506    CLK100MHZ_IBUF
    BUFGCTRL_X0Y16       BUFG (Prop_bufg_I_O)         0.096     3.602 r  CLK100MHZ_IBUF_BUFG_inst/O
                         net (fo=21148, routed)       1.857     5.460    u_accel/gen_nn_standard.u_accel/gen_hl2[11].hl2_lif/CLK100MHZ_IBUF_BUFG
    SLICE_X81Y47         FDCE                                         r  u_accel/gen_nn_standard.u_accel/gen_hl2[11].hl2_lif/membrane_potential_reg[23]/C
  -------------------------------------------------------------------    -------------------
    SLICE_X81Y47         FDCE (Prop_fdce_C_Q)         0.456     5.916 r  u_accel/gen_nn_standard.u_accel/gen_hl2[11].hl2_lif/membrane_potential_reg[23]/Q
                         net (fo=27, routed)          0.633     6.549    u_accel/gen_nn_standard.u_accel/gen_hl2[11].hl2_lif/membrane_out[23]
    DSP48_X2Y18          DSP48E1 (Prop_dsp48e1_A[29]_P[8])
                                                      3.841    10.390 r  u_accel/gen_nn_standard.u_accel/gen_hl2[11].hl2_lif/membrane_potential3/P[8]
                         net (fo=2, routed)           0.936    11.326    u_accel/gen_nn_standard.u_accel/gen_hl2[11].hl2_lif/membrane_potential2[1]
    SLICE_X76Y45         LUT2 (Prop_lut2_I0_O)        0.124    11.450 r  u_accel/gen_nn_standard.u_accel/gen_hl2[11].hl2_lif/membrane_potential[3]_i_5__13/O
                         net (fo=1, routed)           0.000    11.450    u_accel/gen_nn_standard.u_accel/gen_hl2[11].hl2_lif/membrane_potential[3]_i_5__13_n_0
    SLICE_X76Y45         CARRY4 (Prop_carry4_S[1]_CO[3])
                                                      0.533    11.983 r  u_accel/gen_nn_standard.u_accel/gen_hl2[11].hl2_lif/membrane_potential_reg[3]_i_2__13/CO[3]
                         net (fo=1, routed)           0.000    11.983    u_accel/gen_nn_standard.u_accel/gen_hl2[11].hl2_lif/membrane_potential_reg[3]_i_2__13_n_0
    SLICE_X76Y46         CARRY4 (Prop_carry4_CI_CO[3])
                                                      0.117    12.100 r  u_accel/gen_nn_standard.u_accel/gen_hl2[11].hl2_lif/membrane_potential_reg[7]_i_2__13/CO[3]
                         net (fo=1, routed)           0.000    12.100    u_accel/gen_nn_standard.u_accel/gen_hl2[11].hl2_lif/membrane_potential_reg[7]_i_2__13_n_0
    SLICE_X76Y47         CARRY4 (Prop_carry4_CI_CO[3])
                                                      0.117    12.217 r  u_accel/gen_nn_standard.u_accel/gen_hl2[11].hl2_lif/membrane_potential_reg[11]_i_2__13/CO[3]
                         net (fo=1, routed)           0.000    12.217    u_accel/gen_nn_standard.u_accel/gen_hl2[11].hl2_lif/membrane_potential_reg[11]_i_2__13_n_0
    SLICE_X76Y48         CARRY4 (Prop_carry4_CI_CO[3])
                                                      0.117    12.334 r  u_accel/gen_nn_standard.u_accel/gen_hl2[11].hl2_lif/membrane_potential_reg[15]_i_2__13/CO[3]
                         net (fo=1, routed)           0.000    12.334    u_accel/gen_nn_standard.u_accel/gen_hl2[11].hl2_lif/membrane_potential_reg[15]_i_2__13_n_0
    SLICE_X76Y49         CARRY4 (Prop_carry4_CI_CO[3])
                                                      0.117    12.451 r  u_accel/gen_nn_standard.u_accel/gen_hl2[11].hl2_lif/membrane_potential_reg[19]_i_2__13/CO[3]
                         net (fo=1, routed)           0.001    12.452    u_accel/gen_nn_standard.u_accel/gen_hl2[11].hl2_lif/membrane_potential_reg[19]_i_2__13_n_0
    SLICE_X76Y50         CARRY4 (Prop_carry4_CI_O[3])
                                                      0.315    12.767 f  u_accel/gen_nn_standard.u_accel/gen_hl2[11].hl2_lif/membrane_potential_reg[23]_i_2__12/O[3]
                         net (fo=3, routed)           0.516    13.283    u_accel/gen_nn_standard.u_accel/gen_hl2[11].hl2_lif/membrane_potential0[23]
    SLICE_X75Y49         LUT2 (Prop_lut2_I1_O)        0.307    13.590 r  u_accel/gen_nn_standard.u_accel/gen_hl2[11].hl2_lif/spike_prev_i_4__13/O
                         net (fo=1, routed)           0.336    13.926    u_accel/gen_nn_standard.u_accel/gen_hl2[11].hl2_lif/spike_prev_i_4__13_n_0
    SLICE_X77Y49         CARRY4 (Prop_carry4_DI[3]_CO[3])
                                                      0.385    14.311 r  u_accel/gen_nn_standard.u_accel/gen_hl2[11].hl2_lif/spike_prev_reg_i_2__13/CO[3]
                         net (fo=1, routed)           0.885    15.196    u_accel/gen_nn_standard.u_accel/gen_hl2[11].hl2_lif/next_spike
    SLICE_X77Y50         LUT2 (Prop_lut2_I0_O)        0.124    15.320 r  u_accel/gen_nn_standard.u_accel/gen_hl2[11].hl2_lif/spike_prev_i_1__20/O
                         net (fo=1, routed)           0.000    15.320    u_accel/gen_nn_standard.u_accel/gen_hl2[11].hl2_lif/spike_prev_i_1__20_n_0
    SLICE_X77Y50         FDCE                                         r  u_accel/gen_nn_standard.u_accel/gen_hl2[11].hl2_lif/spike_prev_reg/D
  -------------------------------------------------------------------    -------------------

                         (clock sys_clk_pin rise edge)
                                                     10.000    10.000 r  
    E3                                                0.000    10.000 r  CLK100MHZ (IN)
                         net (fo=0)                   0.000    10.000    CLK100MHZ
    E3                   IBUF (Prop_ibuf_I_O)         1.411    11.411 r  CLK100MHZ_IBUF_inst/O
                         net (fo=1, routed)           1.920    13.331    CLK100MHZ_IBUF
    BUFGCTRL_X0Y16       BUFG (Prop_bufg_I_O)         0.091    13.422 r  CLK100MHZ_IBUF_BUFG_inst/O
                         net (fo=21148, routed)       1.598    15.021    u_accel/gen_nn_standard.u_accel/gen_hl2[11].hl2_lif/CLK100MHZ_IBUF_BUFG
    SLICE_X77Y50         FDCE                                         r  u_accel/gen_nn_standard.u_accel/gen_hl2[11].hl2_lif/spike_prev_reg/C
                         clock pessimism              0.187    15.208    
                         clock uncertainty           -0.035    15.172    
    SLICE_X77Y50         FDCE (Setup_fdce_C_D)        0.031    15.203    u_accel/gen_nn_standard.u_accel/gen_hl2[11].hl2_lif/spike_prev_reg
  -------------------------------------------------------------------
                         required time                         15.203    
                         arrival time                         -15.320    
  -------------------------------------------------------------------
                         slack                                 -0.117    

Slack (MET) :             0.034ns  (required time - arrival time)
  Source:                 u_accel/gen_nn_standard.u_accel/gen_hl2[15].hl2_lif/membrane_potential_reg[23]/C
                            (rising edge-triggered cell FDCE clocked by sys_clk_pin  {rise@0.000ns fall@5.000ns period=10.000ns})
  Destination:            u_accel/gen_nn_standard.u_accel/gen_hl2[15].hl2_lif/spike_prev_reg/D
                            (rising edge-triggered cell FDCE clocked by sys_clk_pin  {rise@0.000ns fall@5.000ns period=10.000ns})
  Path Group:             sys_clk_pin
  Path Type:              Setup (Max at Slow Process Corner)
  Requirement:            10.000ns  (sys_clk_pin rise@10.000ns - sys_clk_pin rise@0.000ns)
  Data Path Delay:        9.915ns  (logic 6.684ns (67.414%)  route 3.231ns (32.586%))
  Logic Levels:           11  (CARRY4=7 DSP48E1=1 LUT2=3)
  Clock Path Skew:        -0.047ns (DCD - SCD + CPR)
    Destination Clock Delay (DCD):    5.092ns = ( 15.092 - 10.000 ) 
    Source Clock Delay      (SCD):    5.407ns
    Clock Pessimism Removal (CPR):    0.267ns
  Clock Uncertainty:      0.035ns  ((TSJ^2 + TIJ^2)^1/2 + DJ) / 2 + PE
    Total System Jitter     (TSJ):    0.071ns
    Total Input Jitter      (TIJ):    0.000ns
    Discrete Jitter          (DJ):    0.000ns
    Phase Error              (PE):    0.000ns

    Location             Delay type                Incr(ns)  Path(ns)    Netlist Resource(s)
  -------------------------------------------------------------------    -------------------
                         (clock sys_clk_pin rise edge)
                                                      0.000     0.000 r  
    E3                                                0.000     0.000 r  CLK100MHZ (IN)
                         net (fo=0)                   0.000     0.000    CLK100MHZ
    E3                   IBUF (Prop_ibuf_I_O)         1.482     1.482 r  CLK100MHZ_IBUF_inst/O
                         net (fo=1, routed)           2.025     3.506    CLK100MHZ_IBUF
    BUFGCTRL_X0Y16       BUFG (Prop_bufg_I_O)         0.096     3.602 r  CLK100MHZ_IBUF_BUFG_inst/O
                         net (fo=21148, routed)       1.804     5.407    u_accel/gen_nn_standard.u_accel/gen_hl2[15].hl2_lif/CLK100MHZ_IBUF_BUFG
    SLICE_X61Y48         FDCE                                         r  u_accel/gen_nn_standard.u_accel/gen_hl2[15].hl2_lif/membrane_potential_reg[23]/C
  -------------------------------------------------------------------    -------------------
    SLICE_X61Y48         FDCE (Prop_fdce_C_Q)         0.419     5.826 r  u_accel/gen_nn_standard.u_accel/gen_hl2[15].hl2_lif/membrane_potential_reg[23]/Q
                         net (fo=27, routed)          0.806     6.632    u_accel/gen_nn_standard.u_accel/gen_hl2[15].hl2_lif/Q[23]
    DSP48_X1Y19          DSP48E1 (Prop_dsp48e1_A[27]_P[8])
                                                      4.016    10.648 r  u_accel/gen_nn_standard.u_accel/gen_hl2[15].hl2_lif/membrane_potential3/P[8]
                         net (fo=2, routed)           0.898    11.547    u_accel/gen_nn_standard.u_accel/gen_hl2[15].hl2_lif/membrane_potential2[1]
    SLICE_X57Y45         LUT2 (Prop_lut2_I0_O)        0.124    11.671 r  u_accel/gen_nn_standard.u_accel/gen_hl2[15].hl2_lif/membrane_potential0_carry_i_3/O
                         net (fo=1, routed)           0.000    11.671    u_accel/gen_nn_standard.u_accel/gen_hl2[15].hl2_lif/membrane_potential0_carry_i_3_n_0
    SLICE_X57Y45         CARRY4 (Prop_carry4_S[1]_CO[3])
                                                      0.550    12.221 r  u_accel/gen_nn_standard.u_accel/gen_hl2[15].hl2_lif/membrane_potential0_carry/CO[3]
                         net (fo=1, routed)           0.000    12.221    u_accel/gen_nn_standard.u_accel/gen_hl2[15].hl2_lif/membrane_potential0_carry_n_0
    SLICE_X57Y46         CARRY4 (Prop_carry4_CI_CO[3])
                                                      0.114    12.335 r  u_accel/gen_nn_standard.u_accel/gen_hl2[15].hl2_lif/membrane_potential0_carry__0/CO[3]
                         net (fo=1, routed)           0.000    12.335    u_accel/gen_nn_standard.u_accel/gen_hl2[15].hl2_lif/membrane_potential0_carry__0_n_0
    SLICE_X57Y47         CARRY4 (Prop_carry4_CI_CO[3])
                                                      0.114    12.449 r  u_accel/gen_nn_standard.u_accel/gen_hl2[15].hl2_lif/membrane_potential0_carry__1/CO[3]
                         net (fo=1, routed)           0.000    12.449    u_accel/gen_nn_standard.u_accel/gen_hl2[15].hl2_lif/membrane_potential0_carry__1_n_0
    SLICE_X57Y48         CARRY4 (Prop_carry4_CI_CO[3])
                                                      0.114    12.563 r  u_accel/gen_nn_standard.u_accel/gen_hl2[15].hl2_lif/membrane_potential0_carry__2/CO[3]
                         net (fo=1, routed)           0.000    12.563    u_accel/gen_nn_standard.u_accel/gen_hl2[15].hl2_lif/membrane_potential0_carry__2_n_0
    SLICE_X57Y49         CARRY4 (Prop_carry4_CI_CO[3])
                                                      0.114    12.677 r  u_accel/gen_nn_standard.u_accel/gen_hl2[15].hl2_lif/membrane_potential0_carry__3/CO[3]
                         net (fo=1, routed)           0.001    12.677    u_accel/gen_nn_standard.u_accel/gen_hl2[15].hl2_lif/membrane_potential0_carry__3_n_0
    SLICE_X57Y50         CARRY4 (Prop_carry4_CI_O[3])
                                                      0.313    12.990 f  u_accel/gen_nn_standard.u_accel/gen_hl2[15].hl2_lif/membrane_potential0_carry__4/O[3]
                         net (fo=3, routed)           0.909    13.900    u_accel/gen_nn_standard.u_accel/gen_hl2[15].hl2_lif/membrane_potential0[23]
    SLICE_X56Y48         LUT2 (Prop_lut2_I0_O)        0.306    14.206 r  u_accel/gen_nn_standard.u_accel/gen_hl2[15].hl2_lif/spike_prev0_carry__1_i_5/O
                         net (fo=1, routed)           0.000    14.206    u_accel/gen_nn_standard.u_accel/gen_hl2[15].hl2_lif/spike_prev0_carry__1_i_5_n_0
    SLICE_X56Y48         CARRY4 (Prop_carry4_S[3]_CO[3])
                                                      0.376    14.582 r  u_accel/gen_nn_standard.u_accel/gen_hl2[15].hl2_lif/spike_prev0_carry__1/CO[3]
                         net (fo=1, routed)           0.616    15.198    u_accel/gen_nn_standard.u_accel/gen_hl2[15].hl2_lif/next_spike
    SLICE_X55Y49         LUT2 (Prop_lut2_I0_O)        0.124    15.322 r  u_accel/gen_nn_standard.u_accel/gen_hl2[15].hl2_lif/spike_prev_i_1__10/O
                         net (fo=1, routed)           0.000    15.322    u_accel/gen_nn_standard.u_accel/gen_hl2[15].hl2_lif/spike_prev
    SLICE_X55Y49         FDCE                                         r  u_accel/gen_nn_standard.u_accel/gen_hl2[15].hl2_lif/spike_prev_reg/D
  -------------------------------------------------------------------    -------------------

                         (clock sys_clk_pin rise edge)
                                                     10.000    10.000 r  
    E3                                                0.000    10.000 r  CLK100MHZ (IN)
                         net (fo=0)                   0.000    10.000    CLK100MHZ
    E3                   IBUF (Prop_ibuf_I_O)         1.411    11.411 r  CLK100MHZ_IBUF_inst/O
                         net (fo=1, routed)           1.920    13.331    CLK100MHZ_IBUF
    BUFGCTRL_X0Y16       BUFG (Prop_bufg_I_O)         0.091    13.422 r  CLK100MHZ_IBUF_BUFG_inst/O
                         net (fo=21148, routed)       1.670    15.092    u_accel/gen_nn_standard.u_accel/gen_hl2[15].hl2_lif/CLK100MHZ_IBUF_BUFG
    SLICE_X55Y49         FDCE                                         r  u_accel/gen_nn_standard.u_accel/gen_hl2[15].hl2_lif/spike_prev_reg/C
                         clock pessimism              0.267    15.360    
                         clock uncertainty           -0.035    15.324    
    SLICE_X55Y49         FDCE (Setup_fdce_C_D)        0.031    15.355    u_accel/gen_nn_standard.u_accel/gen_hl2[15].hl2_lif/spike_prev_reg
  -------------------------------------------------------------------
                         required time                         15.355    
                         arrival time                         -15.322    
  -------------------------------------------------------------------
                         slack                                  0.034    

Slack (MET) :             0.057ns  (required time - arrival time)
  Source:                 u_accel/gen_nn_standard.u_accel/gen_hl1_lif[21].hl1_lif/membrane_potential_reg[23]/C
                            (rising edge-triggered cell FDCE clocked by sys_clk_pin  {rise@0.000ns fall@5.000ns period=10.000ns})
  Destination:            u_accel/gen_nn_standard.u_accel/gen_hl1_lif[21].hl1_lif/spike_prev_reg/D
                            (rising edge-triggered cell FDCE clocked by sys_clk_pin  {rise@0.000ns fall@5.000ns period=10.000ns})
  Path Group:             sys_clk_pin
  Path Type:              Setup (Max at Slow Process Corner)
  Requirement:            10.000ns  (sys_clk_pin rise@10.000ns - sys_clk_pin rise@0.000ns)
  Data Path Delay:        9.893ns  (logic 6.736ns (68.086%)  route 3.157ns (31.914%))
  Logic Levels:           10  (CARRY4=6 DSP48E1=1 LUT2=3)
  Clock Path Skew:        -0.046ns (DCD - SCD + CPR)
    Destination Clock Delay (DCD):    5.019ns = ( 15.019 - 10.000 ) 
    Source Clock Delay      (SCD):    5.324ns
    Clock Pessimism Removal (CPR):    0.259ns
  Clock Uncertainty:      0.035ns  ((TSJ^2 + TIJ^2)^1/2 + DJ) / 2 + PE
    Total System Jitter     (TSJ):    0.071ns
    Total Input Jitter      (TIJ):    0.000ns
    Discrete Jitter          (DJ):    0.000ns
    Phase Error              (PE):    0.000ns

    Location             Delay type                Incr(ns)  Path(ns)    Netlist Resource(s)
  -------------------------------------------------------------------    -------------------
                         (clock sys_clk_pin rise edge)
                                                      0.000     0.000 r  
    E3                                                0.000     0.000 r  CLK100MHZ (IN)
                         net (fo=0)                   0.000     0.000    CLK100MHZ
    E3                   IBUF (Prop_ibuf_I_O)         1.482     1.482 r  CLK100MHZ_IBUF_inst/O
                         net (fo=1, routed)           2.025     3.506    CLK100MHZ_IBUF
    BUFGCTRL_X0Y16       BUFG (Prop_bufg_I_O)         0.096     3.602 r  CLK100MHZ_IBUF_BUFG_inst/O
                         net (fo=21148, routed)       1.721     5.324    u_accel/gen_nn_standard.u_accel/gen_hl1_lif[21].hl1_lif/CLK100MHZ_IBUF_BUFG
    SLICE_X79Y55         FDCE                                         r  u_accel/gen_nn_standard.u_accel/gen_hl1_lif[21].hl1_lif/membrane_potential_reg[23]/C
  -------------------------------------------------------------------    -------------------
    SLICE_X79Y55         FDCE (Prop_fdce_C_Q)         0.419     5.743 r  u_accel/gen_nn_standard.u_accel/gen_hl1_lif[21].hl1_lif/membrane_potential_reg[23]/Q
                         net (fo=7, routed)           0.727     6.470    u_accel/gen_nn_standard.u_accel/gen_hl1_lif[21].hl1_lif/membrane_potential_reg_n_0_[23]
    DSP48_X2Y22          DSP48E1 (Prop_dsp48e1_A[29]_P[8])
                                                      4.013    10.483 r  u_accel/gen_nn_standard.u_accel/gen_hl1_lif[21].hl1_lif/membrane_potential3/P[8]
                         net (fo=2, routed)           0.907    11.389    u_accel/gen_nn_standard.u_accel/gen_hl1_lif[21].hl1_lif/membrane_potential2[1]
    SLICE_X78Y54         LUT2 (Prop_lut2_I0_O)        0.124    11.513 r  u_accel/gen_nn_standard.u_accel/gen_hl1_lif[21].hl1_lif/membrane_potential[3]_i_5__36/O
                         net (fo=1, routed)           0.000    11.513    u_accel/gen_nn_standard.u_accel/gen_hl1_lif[21].hl1_lif/membrane_potential[3]_i_5__36_n_0
    SLICE_X78Y54         CARRY4 (Prop_carry4_S[1]_CO[3])
                                                      0.533    12.046 r  u_accel/gen_nn_standard.u_accel/gen_hl1_lif[21].hl1_lif/membrane_potential_reg[3]_i_2__36/CO[3]
                         net (fo=1, routed)           0.000    12.046    u_accel/gen_nn_standard.u_accel/gen_hl1_lif[21].hl1_lif/membrane_potential_reg[3]_i_2__36_n_0
    SLICE_X78Y55         CARRY4 (Prop_carry4_CI_CO[3])
                                                      0.117    12.163 r  u_accel/gen_nn_standard.u_accel/gen_hl1_lif[21].hl1_lif/membrane_potential_reg[7]_i_2__36/CO[3]
                         net (fo=1, routed)           0.000    12.163    u_accel/gen_nn_standard.u_accel/gen_hl1_lif[21].hl1_lif/membrane_potential_reg[7]_i_2__36_n_0
    SLICE_X78Y56         CARRY4 (Prop_carry4_CI_CO[3])
                                                      0.117    12.280 r  u_accel/gen_nn_standard.u_accel/gen_hl1_lif[21].hl1_lif/membrane_potential_reg[11]_i_2__36/CO[3]
                         net (fo=1, routed)           0.000    12.280    u_accel/gen_nn_standard.u_accel/gen_hl1_lif[21].hl1_lif/membrane_potential_reg[11]_i_2__36_n_0
    SLICE_X78Y57         CARRY4 (Prop_carry4_CI_CO[3])
                                                      0.117    12.397 r  u_accel/gen_nn_standard.u_accel/gen_hl1_lif[21].hl1_lif/membrane_potential_reg[15]_i_2__36/CO[3]
                         net (fo=1, routed)           0.000    12.397    u_accel/gen_nn_standard.u_accel/gen_hl1_lif[21].hl1_lif/membrane_potential_reg[15]_i_2__36_n_0
    SLICE_X78Y58         CARRY4 (Prop_carry4_CI_O[3])
                                                      0.315    12.712 f  u_accel/gen_nn_standard.u_accel/gen_hl1_lif[21].hl1_lif/membrane_potential_reg[19]_i_2__36/O[3]
                         net (fo=3, routed)           0.663    13.375    u_accel/gen_nn_standard.u_accel/gen_hl1_lif[21].hl1_lif/membrane_potential0[19]
    SLICE_X79Y58         LUT2 (Prop_lut2_I1_O)        0.307    13.682 r  u_accel/gen_nn_standard.u_accel/gen_hl1_lif[21].hl1_lif/spike_prev_i_10__36/O
                         net (fo=1, routed)           0.000    13.682    u_accel/gen_nn_standard.u_accel/gen_hl1_lif[21].hl1_lif/spike_prev_i_10__36_n_0
    SLICE_X79Y58         CARRY4 (Prop_carry4_S[1]_CO[3])
                                                      0.550    14.232 r  u_accel/gen_nn_standard.u_accel/gen_hl1_lif[21].hl1_lif/spike_prev_reg_i_2__36/CO[3]
                         net (fo=1, routed)           0.861    15.093    u_accel/gen_nn_standard.u_accel/gen_hl1_lif[21].hl1_lif/next_spike
    SLICE_X77Y58         LUT2 (Prop_lut2_I0_O)        0.124    15.217 r  u_accel/gen_nn_standard.u_accel/gen_hl1_lif[21].hl1_lif/spike_prev_i_1__40/O
                         net (fo=1, routed)           0.000    15.217    u_accel/gen_nn_standard.u_accel/gen_hl1_lif[21].hl1_lif/spike_prev_i_1__40_n_0
    SLICE_X77Y58         FDCE                                         r  u_accel/gen_nn_standard.u_accel/gen_hl1_lif[21].hl1_lif/spike_prev_reg/D
  -------------------------------------------------------------------    -------------------

                         (clock sys_clk_pin rise edge)
                                                     10.000    10.000 r  
    E3                                                0.000    10.000 r  CLK100MHZ (IN)
                         net (fo=0)                   0.000    10.000    CLK100MHZ
    E3                   IBUF (Prop_ibuf_I_O)         1.411    11.411 r  CLK100MHZ_IBUF_inst/O
                         net (fo=1, routed)           1.920    13.331    CLK100MHZ_IBUF
    BUFGCTRL_X0Y16       BUFG (Prop_bufg_I_O)         0.091    13.422 r  CLK100MHZ_IBUF_BUFG_inst/O
                         net (fo=21148, routed)       1.596    15.019    u_accel/gen_nn_standard.u_accel/gen_hl1_lif[21].hl1_lif/CLK100MHZ_IBUF_BUFG
    SLICE_X77Y58         FDCE                                         r  u_accel/gen_nn_standard.u_accel/gen_hl1_lif[21].hl1_lif/spike_prev_reg/C
                         clock pessimism              0.259    15.278    
                         clock uncertainty           -0.035    15.242    
    SLICE_X77Y58         FDCE (Setup_fdce_C_D)        0.032    15.274    u_accel/gen_nn_standard.u_accel/gen_hl1_lif[21].hl1_lif/spike_prev_reg
  -------------------------------------------------------------------
                         required time                         15.274    
                         arrival time                         -15.217    
  -------------------------------------------------------------------
                         slack                                  0.057    

Slack (MET) :             0.071ns  (required time - arrival time)
  Source:                 u_accel/gen_nn_standard.u_accel/gen_hl1_lif[5].hl1_lif/membrane_potential_reg[23]/C
                            (rising edge-triggered cell FDCE clocked by sys_clk_pin  {rise@0.000ns fall@5.000ns period=10.000ns})
  Destination:            u_accel/gen_nn_standard.u_accel/gen_hl1_lif[5].hl1_lif/spike_prev_reg/D
                            (rising edge-triggered cell FDCE clocked by sys_clk_pin  {rise@0.000ns fall@5.000ns period=10.000ns})
  Path Group:             sys_clk_pin
  Path Type:              Setup (Max at Slow Process Corner)
  Requirement:            10.000ns  (sys_clk_pin rise@10.000ns - sys_clk_pin rise@0.000ns)
  Data Path Delay:        9.899ns  (logic 6.706ns (67.748%)  route 3.193ns (32.252%))
  Logic Levels:           10  (CARRY4=6 DSP48E1=1 LUT2=3)
  Clock Path Skew:        -0.027ns (DCD - SCD + CPR)
    Destination Clock Delay (DCD):    5.018ns = ( 15.018 - 10.000 ) 
    Source Clock Delay      (SCD):    5.321ns
    Clock Pessimism Removal (CPR):    0.276ns
  Clock Uncertainty:      0.035ns  ((TSJ^2 + TIJ^2)^1/2 + DJ) / 2 + PE
    Total System Jitter     (TSJ):    0.071ns
    Total Input Jitter      (TIJ):    0.000ns
    Discrete Jitter          (DJ):    0.000ns
    Phase Error              (PE):    0.000ns

    Location             Delay type                Incr(ns)  Path(ns)    Netlist Resource(s)
  -------------------------------------------------------------------    -------------------
                         (clock sys_clk_pin rise edge)
                                                      0.000     0.000 r  
    E3                                                0.000     0.000 r  CLK100MHZ (IN)
                         net (fo=0)                   0.000     0.000    CLK100MHZ
    E3                   IBUF (Prop_ibuf_I_O)         1.482     1.482 r  CLK100MHZ_IBUF_inst/O
                         net (fo=1, routed)           2.025     3.506    CLK100MHZ_IBUF
    BUFGCTRL_X0Y16       BUFG (Prop_bufg_I_O)         0.096     3.602 r  CLK100MHZ_IBUF_BUFG_inst/O
                         net (fo=21148, routed)       1.718     5.321    u_accel/gen_nn_standard.u_accel/gen_hl1_lif[5].hl1_lif/CLK100MHZ_IBUF_BUFG
    SLICE_X79Y61         FDCE                                         r  u_accel/gen_nn_standard.u_accel/gen_hl1_lif[5].hl1_lif/membrane_potential_reg[23]/C
  -------------------------------------------------------------------    -------------------
    SLICE_X79Y61         FDCE (Prop_fdce_C_Q)         0.419     5.740 r  u_accel/gen_nn_standard.u_accel/gen_hl1_lif[5].hl1_lif/membrane_potential_reg[23]/Q
                         net (fo=7, routed)           0.697     6.437    u_accel/gen_nn_standard.u_accel/gen_hl1_lif[5].hl1_lif/membrane_potential_reg_n_0_[23]
    DSP48_X2Y25          DSP48E1 (Prop_dsp48e1_A[23]_P[8])
                                                      4.013    10.450 r  u_accel/gen_nn_standard.u_accel/gen_hl1_lif[5].hl1_lif/membrane_potential3/P[8]
                         net (fo=2, routed)           0.906    11.356    u_accel/gen_nn_standard.u_accel/gen_hl1_lif[5].hl1_lif/membrane_potential2[1]
    SLICE_X78Y60         LUT2 (Prop_lut2_I0_O)        0.124    11.480 r  u_accel/gen_nn_standard.u_accel/gen_hl1_lif[5].hl1_lif/membrane_potential[3]_i_5__52/O
                         net (fo=1, routed)           0.000    11.480    u_accel/gen_nn_standard.u_accel/gen_hl1_lif[5].hl1_lif/membrane_potential[3]_i_5__52_n_0
    SLICE_X78Y60         CARRY4 (Prop_carry4_S[1]_CO[3])
                                                      0.533    12.013 r  u_accel/gen_nn_standard.u_accel/gen_hl1_lif[5].hl1_lif/membrane_potential_reg[3]_i_2__52/CO[3]
                         net (fo=1, routed)           0.000    12.013    u_accel/gen_nn_standard.u_accel/gen_hl1_lif[5].hl1_lif/membrane_potential_reg[3]_i_2__52_n_0
    SLICE_X78Y61         CARRY4 (Prop_carry4_CI_CO[3])
                                                      0.117    12.130 r  u_accel/gen_nn_standard.u_accel/gen_hl1_lif[5].hl1_lif/membrane_potential_reg[7]_i_2__52/CO[3]
                         net (fo=1, routed)           0.000    12.130    u_accel/gen_nn_standard.u_accel/gen_hl1_lif[5].hl1_lif/membrane_potential_reg[7]_i_2__52_n_0
    SLICE_X78Y62         CARRY4 (Prop_carry4_CI_CO[3])
                                                      0.117    12.247 r  u_accel/gen_nn_standard.u_accel/gen_hl1_lif[5].hl1_lif/membrane_potential_reg[11]_i_2__52/CO[3]
                         net (fo=1, routed)           0.000    12.247    u_accel/gen_nn_standard.u_accel/gen_hl1_lif[5].hl1_lif/membrane_potential_reg[11]_i_2__52_n_0
    SLICE_X78Y63         CARRY4 (Prop_carry4_CI_CO[3])
                                                      0.117    12.364 r  u_accel/gen_nn_standard.u_accel/gen_hl1_lif[5].hl1_lif/membrane_potential_reg[15]_i_2__52/CO[3]
                         net (fo=1, routed)           0.000    12.364    u_accel/gen_nn_standard.u_accel/gen_hl1_lif[5].hl1_lif/membrane_potential_reg[15]_i_2__52_n_0
    SLICE_X78Y64         CARRY4 (Prop_carry4_CI_O[1])
                                                      0.323    12.687 f  u_accel/gen_nn_standard.u_accel/gen_hl1_lif[5].hl1_lif/membrane_potential_reg[19]_i_2__52/O[1]
                         net (fo=3, routed)           0.833    13.520    u_accel/gen_nn_standard.u_accel/gen_hl1_lif[5].hl1_lif/membrane_potential0[17]
    SLICE_X80Y63         LUT2 (Prop_lut2_I1_O)        0.306    13.826 r  u_accel/gen_nn_standard.u_accel/gen_hl1_lif[5].hl1_lif/spike_prev_i_11__52/O
                         net (fo=1, routed)           0.000    13.826    u_accel/gen_nn_standard.u_accel/gen_hl1_lif[5].hl1_lif/spike_prev_i_11__52_n_0
    SLICE_X80Y63         CARRY4 (Prop_carry4_S[0]_CO[3])
                                                      0.513    14.339 r  u_accel/gen_nn_standard.u_accel/gen_hl1_lif[5].hl1_lif/spike_prev_reg_i_2__52/CO[3]
                         net (fo=1, routed)           0.756    15.095    u_accel/gen_nn_standard.u_accel/gen_hl1_lif[5].hl1_lif/next_spike
    SLICE_X79Y63         LUT2 (Prop_lut2_I0_O)        0.124    15.219 r  u_accel/gen_nn_standard.u_accel/gen_hl1_lif[5].hl1_lif/spike_prev_i_1__44/O
                         net (fo=1, routed)           0.000    15.219    u_accel/gen_nn_standard.u_accel/gen_hl1_lif[5].hl1_lif/spike_prev_i_1__44_n_0
    SLICE_X79Y63         FDCE                                         r  u_accel/gen_nn_standard.u_accel/gen_hl1_lif[5].hl1_lif/spike_prev_reg/D
  -------------------------------------------------------------------    -------------------

                         (clock sys_clk_pin rise edge)
                                                     10.000    10.000 r  
    E3                                                0.000    10.000 r  CLK100MHZ (IN)
                         net (fo=0)                   0.000    10.000    CLK100MHZ
    E3                   IBUF (Prop_ibuf_I_O)         1.411    11.411 r  CLK100MHZ_IBUF_inst/O
                         net (fo=1, routed)           1.920    13.331    CLK100MHZ_IBUF
    BUFGCTRL_X0Y16       BUFG (Prop_bufg_I_O)         0.091    13.422 r  CLK100MHZ_IBUF_BUFG_inst/O
                         net (fo=21148, routed)       1.595    15.018    u_accel/gen_nn_standard.u_accel/gen_hl1_lif[5].hl1_lif/CLK100MHZ_IBUF_BUFG
    SLICE_X79Y63         FDCE                                         r  u_accel/gen_nn_standard.u_accel/gen_hl1_lif[5].hl1_lif/spike_prev_reg/C
                         clock pessimism              0.276    15.294    
                         clock uncertainty           -0.035    15.258    
    SLICE_X79Y63         FDCE (Setup_fdce_C_D)        0.032    15.290    u_accel/gen_nn_standard.u_accel/gen_hl1_lif[5].hl1_lif/spike_prev_reg
  -------------------------------------------------------------------
                         required time                         15.290    
                         arrival time                         -15.219    
  -------------------------------------------------------------------
                         slack                                  0.071    

Slack (MET) :             0.094ns  (required time - arrival time)
  Source:                 u_accel/gen_nn_standard.u_accel/gen_hl2[20].hl2_lif/membrane_potential_reg[23]/C
                            (rising edge-triggered cell FDCE clocked by sys_clk_pin  {rise@0.000ns fall@5.000ns period=10.000ns})
  Destination:            u_accel/gen_nn_standard.u_accel/gen_hl2[20].hl2_lif/spike_prev_reg/D
                            (rising edge-triggered cell FDCE clocked by sys_clk_pin  {rise@0.000ns fall@5.000ns period=10.000ns})
  Path Group:             sys_clk_pin
  Path Type:              Setup (Max at Slow Process Corner)
  Requirement:            10.000ns  (sys_clk_pin rise@10.000ns - sys_clk_pin rise@0.000ns)
  Data Path Delay:        9.899ns  (logic 6.684ns (67.520%)  route 3.215ns (32.479%))
  Logic Levels:           11  (CARRY4=7 DSP48E1=1 LUT2=3)
  Clock Path Skew:        -0.050ns (DCD - SCD + CPR)
    Destination Clock Delay (DCD):    5.081ns = ( 15.081 - 10.000 ) 
    Source Clock Delay      (SCD):    5.399ns
    Clock Pessimism Removal (CPR):    0.267ns
  Clock Uncertainty:      0.035ns  ((TSJ^2 + TIJ^2)^1/2 + DJ) / 2 + PE
    Total System Jitter     (TSJ):    0.071ns
    Total Input Jitter      (TIJ):    0.000ns
    Discrete Jitter          (DJ):    0.000ns
    Phase Error              (PE):    0.000ns

    Location             Delay type                Incr(ns)  Path(ns)    Netlist Resource(s)
  -------------------------------------------------------------------    -------------------
                         (clock sys_clk_pin rise edge)
                                                      0.000     0.000 r  
    E3                                                0.000     0.000 r  CLK100MHZ (IN)
                         net (fo=0)                   0.000     0.000    CLK100MHZ
    E3                   IBUF (Prop_ibuf_I_O)         1.482     1.482 r  CLK100MHZ_IBUF_inst/O
                         net (fo=1, routed)           2.025     3.506    CLK100MHZ_IBUF
    BUFGCTRL_X0Y16       BUFG (Prop_bufg_I_O)         0.096     3.602 r  CLK100MHZ_IBUF_BUFG_inst/O
                         net (fo=21148, routed)       1.796     5.399    u_accel/gen_nn_standard.u_accel/gen_hl2[20].hl2_lif/CLK100MHZ_IBUF_BUFG
    SLICE_X59Y15         FDCE                                         r  u_accel/gen_nn_standard.u_accel/gen_hl2[20].hl2_lif/membrane_potential_reg[23]/C
  -------------------------------------------------------------------    -------------------
    SLICE_X59Y15         FDCE (Prop_fdce_C_Q)         0.419     5.818 r  u_accel/gen_nn_standard.u_accel/gen_hl2[20].hl2_lif/membrane_potential_reg[23]/Q
                         net (fo=27, routed)          0.788     6.606    u_accel/gen_nn_standard.u_accel/gen_hl2[20].hl2_lif/membrane_out[23]
    DSP48_X1Y6           DSP48E1 (Prop_dsp48e1_A[28]_P[8])
                                                      4.016    10.622 r  u_accel/gen_nn_standard.u_accel/gen_hl2[20].hl2_lif/membrane_potential3/P[8]
                         net (fo=2, routed)           0.899    11.521    u_accel/gen_nn_standard.u_accel/gen_hl2[20].hl2_lif/membrane_potential2[1]
    SLICE_X57Y15         LUT2 (Prop_lut2_I0_O)        0.124    11.645 r  u_accel/gen_nn_standard.u_accel/gen_hl2[20].hl2_lif/membrane_potential[3]_i_5/O
                         net (fo=1, routed)           0.000    11.645    u_accel/gen_nn_standard.u_accel/gen_hl2[20].hl2_lif/membrane_potential[3]_i_5_n_0
    SLICE_X57Y15         CARRY4 (Prop_carry4_S[1]_CO[3])
                                                      0.550    12.195 r  u_accel/gen_nn_standard.u_accel/gen_hl2[20].hl2_lif/membrane_potential_reg[3]_i_2/CO[3]
                         net (fo=1, routed)           0.000    12.195    u_accel/gen_nn_standard.u_accel/gen_hl2[20].hl2_lif/membrane_potential_reg[3]_i_2_n_0
    SLICE_X57Y16         CARRY4 (Prop_carry4_CI_CO[3])
                                                      0.114    12.309 r  u_accel/gen_nn_standard.u_accel/gen_hl2[20].hl2_lif/membrane_potential_reg[7]_i_2/CO[3]
                         net (fo=1, routed)           0.000    12.309    u_accel/gen_nn_standard.u_accel/gen_hl2[20].hl2_lif/membrane_potential_reg[7]_i_2_n_0
    SLICE_X57Y17         CARRY4 (Prop_carry4_CI_CO[3])
                                                      0.114    12.423 r  u_accel/gen_nn_standard.u_accel/gen_hl2[20].hl2_lif/membrane_potential_reg[11]_i_2/CO[3]
                         net (fo=1, routed)           0.000    12.423    u_accel/gen_nn_standard.u_accel/gen_hl2[20].hl2_lif/membrane_potential_reg[11]_i_2_n_0
    SLICE_X57Y18         CARRY4 (Prop_carry4_CI_CO[3])
                                                      0.114    12.537 r  u_accel/gen_nn_standard.u_accel/gen_hl2[20].hl2_lif/membrane_potential_reg[15]_i_2/CO[3]
                         net (fo=1, routed)           0.000    12.537    u_accel/gen_nn_standard.u_accel/gen_hl2[20].hl2_lif/membrane_potential_reg[15]_i_2_n_0
    SLICE_X57Y19         CARRY4 (Prop_carry4_CI_CO[3])
                                                      0.114    12.651 r  u_accel/gen_nn_standard.u_accel/gen_hl2[20].hl2_lif/membrane_potential_reg[19]_i_2/CO[3]
                         net (fo=1, routed)           0.000    12.651    u_accel/gen_nn_standard.u_accel/gen_hl2[20].hl2_lif/membrane_potential_reg[19]_i_2_n_0
    SLICE_X57Y20         CARRY4 (Prop_carry4_CI_O[3])
                                                      0.313    12.964 f  u_accel/gen_nn_standard.u_accel/gen_hl2[20].hl2_lif/membrane_potential_reg[23]_i_4/O[3]
                         net (fo=3, routed)           0.779    13.743    u_accel/gen_nn_standard.u_accel/gen_hl2[20].hl2_lif/membrane_potential0[23]
    SLICE_X56Y18         LUT2 (Prop_lut2_I1_O)        0.306    14.049 r  u_accel/gen_nn_standard.u_accel/gen_hl2[20].hl2_lif/spike_prev_i_8/O
                         net (fo=1, routed)           0.000    14.049    u_accel/gen_nn_standard.u_accel/gen_hl2[20].hl2_lif/spike_prev_i_8_n_0
    SLICE_X56Y18         CARRY4 (Prop_carry4_S[3]_CO[3])
                                                      0.376    14.425 r  u_accel/gen_nn_standard.u_accel/gen_hl2[20].hl2_lif/spike_prev_reg_i_2/CO[3]
                         net (fo=1, routed)           0.749    15.174    u_accel/gen_nn_standard.u_accel/gen_hl2[20].hl2_lif/next_spike
    SLICE_X56Y20         LUT2 (Prop_lut2_I0_O)        0.124    15.298 r  u_accel/gen_nn_standard.u_accel/gen_hl2[20].hl2_lif/spike_prev_i_1__4/O
                         net (fo=1, routed)           0.000    15.298    u_accel/gen_nn_standard.u_accel/gen_hl2[20].hl2_lif/spike_prev_i_1__4_n_0
    SLICE_X56Y20         FDCE                                         r  u_accel/gen_nn_standard.u_accel/gen_hl2[20].hl2_lif/spike_prev_reg/D
  -------------------------------------------------------------------    -------------------

                         (clock sys_clk_pin rise edge)
                                                     10.000    10.000 r  
    E3                                                0.000    10.000 r  CLK100MHZ (IN)
                         net (fo=0)                   0.000    10.000    CLK100MHZ
    E3                   IBUF (Prop_ibuf_I_O)         1.411    11.411 r  CLK100MHZ_IBUF_inst/O
                         net (fo=1, routed)           1.920    13.331    CLK100MHZ_IBUF
    BUFGCTRL_X0Y16       BUFG (Prop_bufg_I_O)         0.091    13.422 r  CLK100MHZ_IBUF_BUFG_inst/O
                         net (fo=21148, routed)       1.659    15.081    u_accel/gen_nn_standard.u_accel/gen_hl2[20].hl2_lif/CLK100MHZ_IBUF_BUFG
    SLICE_X56Y20         FDCE                                         r  u_accel/gen_nn_standard.u_accel/gen_hl2[20].hl2_lif/spike_prev_reg/C
                         clock pessimism              0.267    15.349    
                         clock uncertainty           -0.035    15.313    
    SLICE_X56Y20         FDCE (Setup_fdce_C_D)        0.079    15.392    u_accel/gen_nn_standard.u_accel/gen_hl2[20].hl2_lif/spike_prev_reg
  -------------------------------------------------------------------
                         required time                         15.392    
                         arrival time                         -15.298    
  -------------------------------------------------------------------
                         slack                                  0.094    

Slack (MET) :             0.105ns  (required time - arrival time)
  Source:                 u_accel/gen_nn_standard.u_accel/q_accum/timestep_accum[1][11]_i_14_psdsp_1/C
                            (rising edge-triggered cell FDRE clocked by sys_clk_pin  {rise@0.000ns fall@5.000ns period=10.000ns})
  Destination:            u_accel/gen_nn_standard.u_accel/q_accum/q_accum_reg[1][51]/D
                            (rising edge-triggered cell FDCE clocked by sys_clk_pin  {rise@0.000ns fall@5.000ns period=10.000ns})
  Path Group:             sys_clk_pin
  Path Type:              Setup (Max at Slow Process Corner)
  Requirement:            10.000ns  (sys_clk_pin rise@10.000ns - sys_clk_pin rise@0.000ns)
  Data Path Delay:        9.858ns  (logic 5.493ns (55.719%)  route 4.365ns (44.281%))
  Logic Levels:           21  (CARRY4=16 LUT4=3 LUT5=2)
  Clock Path Skew:        -0.033ns (DCD - SCD + CPR)
    Destination Clock Delay (DCD):    5.094ns = ( 15.094 - 10.000 ) 
    Source Clock Delay      (SCD):    5.395ns
    Clock Pessimism Removal (CPR):    0.267ns
  Clock Uncertainty:      0.035ns  ((TSJ^2 + TIJ^2)^1/2 + DJ) / 2 + PE
    Total System Jitter     (TSJ):    0.071ns
    Total Input Jitter      (TIJ):    0.000ns
    Discrete Jitter          (DJ):    0.000ns
    Phase Error              (PE):    0.000ns

    Location             Delay type                Incr(ns)  Path(ns)    Netlist Resource(s)
  -------------------------------------------------------------------    -------------------
                         (clock sys_clk_pin rise edge)
                                                      0.000     0.000 r  
    E3                                                0.000     0.000 r  CLK100MHZ (IN)
                         net (fo=0)                   0.000     0.000    CLK100MHZ
    E3                   IBUF (Prop_ibuf_I_O)         1.482     1.482 r  CLK100MHZ_IBUF_inst/O
                         net (fo=1, routed)           2.025     3.506    CLK100MHZ_IBUF
    BUFGCTRL_X0Y16       BUFG (Prop_bufg_I_O)         0.096     3.602 r  CLK100MHZ_IBUF_BUFG_inst/O
                         net (fo=21148, routed)       1.792     5.395    u_accel/gen_nn_standard.u_accel/q_accum/CLK100MHZ_IBUF_BUFG
    SLICE_X70Y21         FDRE                                         r  u_accel/gen_nn_standard.u_accel/q_accum/timestep_accum[1][11]_i_14_psdsp_1/C
  -------------------------------------------------------------------    -------------------
    SLICE_X70Y21         FDRE (Prop_fdre_C_Q)         0.478     5.873 r  u_accel/gen_nn_standard.u_accel/q_accum/timestep_accum[1][11]_i_14_psdsp_1/Q
                         net (fo=2, routed)           1.009     6.882    u_accel/gen_nn_standard.u_accel/q_accum/p_0_out__1_n_101
    SLICE_X70Y21         LUT4 (Prop_lut4_I2_O)        0.296     7.178 r  u_accel/gen_nn_standard.u_accel/q_accum/timestep_accum[1][11]_i_14/O
                         net (fo=2, routed)           0.808     7.985    u_accel/gen_nn_standard.u_accel/q_accum/timestep_accum[1][11]_i_14_n_0
    SLICE_X71Y21         CARRY4 (Prop_carry4_DI[1]_CO[3])
                                                      0.507     8.492 r  u_accel/gen_nn_standard.u_accel/q_accum/timestep_accum_reg[1][11]_i_11/CO[3]
                         net (fo=1, routed)           0.000     8.492    u_accel/gen_nn_standard.u_accel/q_accum/timestep_accum_reg[1][11]_i_11_n_0
    SLICE_X71Y22         CARRY4 (Prop_carry4_CI_O[3])
                                                      0.313     8.805 r  u_accel/gen_nn_standard.u_accel/q_accum/timestep_accum_reg[1][15]_i_11/O[3]
                         net (fo=2, routed)           0.456     9.261    u_accel/gen_nn_standard.u_accel/q_accum/timestep_accum_reg[1][15]_i_11_n_4
    SLICE_X67Y23         LUT4 (Prop_lut4_I2_O)        0.306     9.567 r  u_accel/gen_nn_standard.u_accel/q_accum/timestep_accum[1][15]_i_6/O
                         net (fo=2, routed)           0.614    10.181    u_accel/gen_nn_standard.u_accel/q_accum/timestep_accum[1][15]_i_6_n_0
    SLICE_X66Y24         LUT5 (Prop_lut5_I0_O)        0.124    10.305 r  u_accel/gen_nn_standard.u_accel/q_accum/timestep_accum[1][15]_i_10/O
                         net (fo=1, routed)           0.000    10.305    u_accel/gen_nn_standard.u_accel/q_accum/timestep_accum[1][15]_i_10_n_0
    SLICE_X66Y24         CARRY4 (Prop_carry4_S[0]_CO[3])
                                                      0.513    10.818 r  u_accel/gen_nn_standard.u_accel/q_accum/timestep_accum_reg[1][15]_i_2/CO[3]
                         net (fo=1, routed)           0.009    10.827    u_accel/gen_nn_standard.u_accel/q_accum/timestep_accum_reg[1][15]_i_2_n_0
    SLICE_X66Y25         CARRY4 (Prop_carry4_CI_CO[3])
                                                      0.117    10.944 r  u_accel/gen_nn_standard.u_accel/q_accum/timestep_accum_reg[1][19]_i_2/CO[3]
                         net (fo=1, routed)           0.000    10.944    u_accel/gen_nn_standard.u_accel/q_accum/timestep_accum_reg[1][19]_i_2_n_0
    SLICE_X66Y26         CARRY4 (Prop_carry4_CI_CO[3])
                                                      0.117    11.061 r  u_accel/gen_nn_standard.u_accel/q_accum/timestep_accum_reg[1][23]_i_2/CO[3]
                         net (fo=1, routed)           0.000    11.061    u_accel/gen_nn_standard.u_accel/q_accum/timestep_accum_reg[1][23]_i_2_n_0
    SLICE_X66Y27         CARRY4 (Prop_carry4_CI_CO[3])
                                                      0.117    11.178 r  u_accel/gen_nn_standard.u_accel/q_accum/timestep_accum_reg[1][27]_i_2/CO[3]
                         net (fo=1, routed)           0.000    11.178    u_accel/gen_nn_standard.u_accel/q_accum/timestep_accum_reg[1][27]_i_2_n_0
    SLICE_X66Y28         CARRY4 (Prop_carry4_CI_CO[3])
                                                      0.117    11.295 r  u_accel/gen_nn_standard.u_accel/q_accum/timestep_accum_reg[1][31]_i_2/CO[3]
                         net (fo=1, routed)           0.000    11.295    u_accel/gen_nn_standard.u_accel/q_accum/timestep_accum_reg[1][31]_i_2_n_0
    SLICE_X66Y29         CARRY4 (Prop_carry4_CI_CO[3])
                                                      0.117    11.412 r  u_accel/gen_nn_standard.u_accel/q_accum/timestep_accum_reg[1][35]_i_2/CO[3]
                         net (fo=1, routed)           0.000    11.412    u_accel/gen_nn_standard.u_accel/q_accum/timestep_accum_reg[1][35]_i_2_n_0
    SLICE_X66Y30         CARRY4 (Prop_carry4_CI_CO[3])
                                                      0.117    11.529 r  u_accel/gen_nn_standard.u_accel/q_accum/timestep_accum_reg[1][39]_i_2/CO[3]
                         net (fo=1, routed)           0.000    11.529    u_accel/gen_nn_standard.u_accel/q_accum/timestep_accum_reg[1][39]_i_2_n_0
    SLICE_X66Y31         CARRY4 (Prop_carry4_CI_O[1])
                                                      0.323    11.852 r  u_accel/gen_nn_standard.u_accel/q_accum/timestep_accum_reg[1][43]_i_2/O[1]
                         net (fo=4, routed)           0.885    12.737    u_accel/gen_nn_standard.u_accel/q_accum/full_timestep_sum[1]_193[41]
    SLICE_X64Y30         LUT4 (Prop_lut4_I1_O)        0.306    13.043 r  u_accel/gen_nn_standard.u_accel/q_accum/q_accum[1][31]_i_9/O
                         net (fo=1, routed)           0.000    13.043    u_accel/gen_nn_standard.u_accel/q_accum/q_accum[1][31]_i_9_n_0
    SLICE_X64Y30         CARRY4 (Prop_carry4_S[1]_CO[3])
                                                      0.550    13.593 r  u_accel/gen_nn_standard.u_accel/q_accum/q_accum_reg[1][31]_i_2/CO[3]
                         net (fo=1, routed)           0.000    13.593    u_accel/gen_nn_standard.u_accel/q_accum/q_accum_reg[1][31]_i_2_n_0
    SLICE_X64Y31         CARRY4 (Prop_carry4_CI_CO[3])
                                                      0.114    13.707 r  u_accel/gen_nn_standard.u_accel/q_accum/q_accum_reg[1][35]_i_2/CO[3]
                         net (fo=1, routed)           0.000    13.707    u_accel/gen_nn_standard.u_accel/q_accum/q_accum_reg[1][35]_i_2_n_0
    SLICE_X64Y32         CARRY4 (Prop_carry4_CI_CO[3])
                                                      0.114    13.821 r  u_accel/gen_nn_standard.u_accel/q_accum/q_accum_reg[1][39]_i_2/CO[3]
                         net (fo=1, routed)           0.000    13.821    u_accel/gen_nn_standard.u_accel/q_accum/q_accum_reg[1][39]_i_2_n_0
    SLICE_X64Y33         CARRY4 (Prop_carry4_CI_CO[3])
                                                      0.114    13.935 r  u_accel/gen_nn_standard.u_accel/q_accum/q_accum_reg[1][43]_i_2/CO[3]
                         net (fo=1, routed)           0.000    13.935    u_accel/gen_nn_standard.u_accel/q_accum/q_accum_reg[1][43]_i_2_n_0
    SLICE_X64Y34         CARRY4 (Prop_carry4_CI_CO[3])
                                                      0.114    14.049 r  u_accel/gen_nn_standard.u_accel/q_accum/q_accum_reg[1][47]_i_2/CO[3]
                         net (fo=1, routed)           0.000    14.049    u_accel/gen_nn_standard.u_accel/q_accum/q_accum_reg[1][47]_i_2_n_0
    SLICE_X64Y35         CARRY4 (Prop_carry4_CI_O[3])
                                                      0.313    14.362 r  u_accel/gen_nn_standard.u_accel/q_accum/q_accum_reg[1][51]_i_3/O[3]
                         net (fo=1, routed)           0.585    14.947    u_accel/gen_nn_standard.u_accel/q_accum/q_accum_reg[1][51]_i_3_n_4
    SLICE_X65Y35         LUT5 (Prop_lut5_I3_O)        0.306    15.253 r  u_accel/gen_nn_standard.u_accel/q_accum/q_accum[1][51]_i_2/O
                         net (fo=1, routed)           0.000    15.253    u_accel/gen_nn_standard.u_accel/q_accum/q_accum[51]
    SLICE_X65Y35         FDCE                                         r  u_accel/gen_nn_standard.u_accel/q_accum/q_accum_reg[1][51]/D
  -------------------------------------------------------------------    -------------------

                         (clock sys_clk_pin rise edge)
                                                     10.000    10.000 r  
    E3                                                0.000    10.000 r  CLK100MHZ (IN)
                         net (fo=0)                   0.000    10.000    CLK100MHZ
    E3                   IBUF (Prop_ibuf_I_O)         1.411    11.411 r  CLK100MHZ_IBUF_inst/O
                         net (fo=1, routed)           1.920    13.331    CLK100MHZ_IBUF
    BUFGCTRL_X0Y16       BUFG (Prop_bufg_I_O)         0.091    13.422 r  CLK100MHZ_IBUF_BUFG_inst/O
                         net (fo=21148, routed)       1.672    15.094    u_accel/gen_nn_standard.u_accel/q_accum/CLK100MHZ_IBUF_BUFG
    SLICE_X65Y35         FDCE                                         r  u_accel/gen_nn_standard.u_accel/q_accum/q_accum_reg[1][51]/C
                         clock pessimism              0.267    15.362    
                         clock uncertainty           -0.035    15.326    
    SLICE_X65Y35         FDCE (Setup_fdce_C_D)        0.032    15.358    u_accel/gen_nn_standard.u_accel/q_accum/q_accum_reg[1][51]
  -------------------------------------------------------------------
                         required time                         15.358    
                         arrival time                         -15.253    
  -------------------------------------------------------------------
                         slack                                  0.105    

Slack (MET) :             0.110ns  (required time - arrival time)
  Source:                 u_accel/gen_nn_standard.u_accel/gen_hl2[22].hl2_lif/membrane_potential_reg[14]/C
                            (rising edge-triggered cell FDCE clocked by sys_clk_pin  {rise@0.000ns fall@5.000ns period=10.000ns})
  Destination:            u_accel/gen_nn_standard.u_accel/gen_hl2[22].hl2_lif/spike_prev_reg/D
                            (rising edge-triggered cell FDCE clocked by sys_clk_pin  {rise@0.000ns fall@5.000ns period=10.000ns})
  Path Group:             sys_clk_pin
  Path Type:              Setup (Max at Slow Process Corner)
  Requirement:            10.000ns  (sys_clk_pin rise@10.000ns - sys_clk_pin rise@0.000ns)
  Data Path Delay:        9.893ns  (logic 6.707ns (67.796%)  route 3.186ns (32.204%))
  Logic Levels:           11  (CARRY4=7 DSP48E1=1 LUT2=3)
  Clock Path Skew:        -0.041ns (DCD - SCD + CPR)
    Destination Clock Delay (DCD):    5.115ns = ( 15.115 - 10.000 ) 
    Source Clock Delay      (SCD):    5.424ns
    Clock Pessimism Removal (CPR):    0.267ns
  Clock Uncertainty:      0.035ns  ((TSJ^2 + TIJ^2)^1/2 + DJ) / 2 + PE
    Total System Jitter     (TSJ):    0.071ns
    Total Input Jitter      (TIJ):    0.000ns
    Discrete Jitter          (DJ):    0.000ns
    Phase Error              (PE):    0.000ns

    Location             Delay type                Incr(ns)  Path(ns)    Netlist Resource(s)
  -------------------------------------------------------------------    -------------------
                         (clock sys_clk_pin rise edge)
                                                      0.000     0.000 r  
    E3                                                0.000     0.000 r  CLK100MHZ (IN)
                         net (fo=0)                   0.000     0.000    CLK100MHZ
    E3                   IBUF (Prop_ibuf_I_O)         1.482     1.482 r  CLK100MHZ_IBUF_inst/O
                         net (fo=1, routed)           2.025     3.506    CLK100MHZ_IBUF
    BUFGCTRL_X0Y16       BUFG (Prop_bufg_I_O)         0.096     3.602 r  CLK100MHZ_IBUF_BUFG_inst/O
                         net (fo=21148, routed)       1.821     5.424    u_accel/gen_nn_standard.u_accel/gen_hl2[22].hl2_lif/CLK100MHZ_IBUF_BUFG
    SLICE_X9Y47          FDCE                                         r  u_accel/gen_nn_standard.u_accel/gen_hl2[22].hl2_lif/membrane_potential_reg[14]/C
  -------------------------------------------------------------------    -------------------
    SLICE_X9Y47          FDCE (Prop_fdce_C_Q)         0.419     5.843 r  u_accel/gen_nn_standard.u_accel/gen_hl2[22].hl2_lif/membrane_potential_reg[14]/Q
                         net (fo=21, routed)          0.732     6.574    u_accel/gen_nn_standard.u_accel/gen_hl2[22].hl2_lif/membrane_out[14]
    DSP48_X0Y18          DSP48E1 (Prop_dsp48e1_A[14]_P[8])
                                                      4.016    10.590 r  u_accel/gen_nn_standard.u_accel/gen_hl2[22].hl2_lif/membrane_potential3/P[8]
                         net (fo=2, routed)           0.931    11.521    u_accel/gen_nn_standard.u_accel/gen_hl2[22].hl2_lif/membrane_potential2[1]
    SLICE_X12Y45         LUT2 (Prop_lut2_I0_O)        0.124    11.645 r  u_accel/gen_nn_standard.u_accel/gen_hl2[22].hl2_lif/membrane_potential[3]_i_5__4/O
                         net (fo=1, routed)           0.000    11.645    u_accel/gen_nn_standard.u_accel/gen_hl2[22].hl2_lif/membrane_potential[3]_i_5__4_n_0
    SLICE_X12Y45         CARRY4 (Prop_carry4_S[1]_CO[3])
                                                      0.533    12.178 r  u_accel/gen_nn_standard.u_accel/gen_hl2[22].hl2_lif/membrane_potential_reg[3]_i_2__4/CO[3]
                         net (fo=1, routed)           0.000    12.178    u_accel/gen_nn_standard.u_accel/gen_hl2[22].hl2_lif/membrane_potential_reg[3]_i_2__4_n_0
    SLICE_X12Y46         CARRY4 (Prop_carry4_CI_CO[3])
                                                      0.117    12.295 r  u_accel/gen_nn_standard.u_accel/gen_hl2[22].hl2_lif/membrane_potential_reg[7]_i_2__4/CO[3]
                         net (fo=1, routed)           0.000    12.295    u_accel/gen_nn_standard.u_accel/gen_hl2[22].hl2_lif/membrane_potential_reg[7]_i_2__4_n_0
    SLICE_X12Y47         CARRY4 (Prop_carry4_CI_CO[3])
                                                      0.117    12.412 r  u_accel/gen_nn_standard.u_accel/gen_hl2[22].hl2_lif/membrane_potential_reg[11]_i_2__4/CO[3]
                         net (fo=1, routed)           0.000    12.412    u_accel/gen_nn_standard.u_accel/gen_hl2[22].hl2_lif/membrane_potential_reg[11]_i_2__4_n_0
    SLICE_X12Y48         CARRY4 (Prop_carry4_CI_CO[3])
                                                      0.117    12.529 r  u_accel/gen_nn_standard.u_accel/gen_hl2[22].hl2_lif/membrane_potential_reg[15]_i_2__4/CO[3]
                         net (fo=1, routed)           0.000    12.529    u_accel/gen_nn_standard.u_accel/gen_hl2[22].hl2_lif/membrane_potential_reg[15]_i_2__4_n_0
    SLICE_X12Y49         CARRY4 (Prop_carry4_CI_CO[3])
                                                      0.117    12.646 r  u_accel/gen_nn_standard.u_accel/gen_hl2[22].hl2_lif/membrane_potential_reg[19]_i_2__4/CO[3]
                         net (fo=1, routed)           0.001    12.647    u_accel/gen_nn_standard.u_accel/gen_hl2[22].hl2_lif/membrane_potential_reg[19]_i_2__4_n_0
    SLICE_X12Y50         CARRY4 (Prop_carry4_CI_O[3])
                                                      0.315    12.962 f  u_accel/gen_nn_standard.u_accel/gen_hl2[22].hl2_lif/membrane_potential_reg[23]_i_2__3/O[3]
                         net (fo=3, routed)           0.758    13.720    u_accel/gen_nn_standard.u_accel/gen_hl2[22].hl2_lif/membrane_potential0[23]
    SLICE_X13Y48         LUT2 (Prop_lut2_I1_O)        0.307    14.027 r  u_accel/gen_nn_standard.u_accel/gen_hl2[22].hl2_lif/spike_prev_i_8__4/O
                         net (fo=1, routed)           0.000    14.027    u_accel/gen_nn_standard.u_accel/gen_hl2[22].hl2_lif/spike_prev_i_8__4_n_0
    SLICE_X13Y48         CARRY4 (Prop_carry4_S[3]_CO[3])
                                                      0.401    14.428 r  u_accel/gen_nn_standard.u_accel/gen_hl2[22].hl2_lif/spike_prev_reg_i_2__4/CO[3]
                         net (fo=1, routed)           0.765    15.193    u_accel/gen_nn_standard.u_accel/gen_hl2[22].hl2_lif/next_spike
    SLICE_X14Y48         LUT2 (Prop_lut2_I0_O)        0.124    15.317 r  u_accel/gen_nn_standard.u_accel/gen_hl2[22].hl2_lif/spike_prev_i_1__7/O
                         net (fo=1, routed)           0.000    15.317    u_accel/gen_nn_standard.u_accel/gen_hl2[22].hl2_lif/spike_prev_i_1__7_n_0
    SLICE_X14Y48         FDCE                                         r  u_accel/gen_nn_standard.u_accel/gen_hl2[22].hl2_lif/spike_prev_reg/D
  -------------------------------------------------------------------    -------------------

                         (clock sys_clk_pin rise edge)
                                                     10.000    10.000 r  
    E3                                                0.000    10.000 r  CLK100MHZ (IN)
                         net (fo=0)                   0.000    10.000    CLK100MHZ
    E3                   IBUF (Prop_ibuf_I_O)         1.411    11.411 r  CLK100MHZ_IBUF_inst/O
                         net (fo=1, routed)           1.920    13.331    CLK100MHZ_IBUF
    BUFGCTRL_X0Y16       BUFG (Prop_bufg_I_O)         0.091    13.422 r  CLK100MHZ_IBUF_BUFG_inst/O
                         net (fo=21148, routed)       1.693    15.115    u_accel/gen_nn_standard.u_accel/gen_hl2[22].hl2_lif/CLK100MHZ_IBUF_BUFG
    SLICE_X14Y48         FDCE                                         r  u_accel/gen_nn_standard.u_accel/gen_hl2[22].hl2_lif/spike_prev_reg/C
                         clock pessimism              0.267    15.383    
                         clock uncertainty           -0.035    15.347    
    SLICE_X14Y48         FDCE (Setup_fdce_C_D)        0.079    15.426    u_accel/gen_nn_standard.u_accel/gen_hl2[22].hl2_lif/spike_prev_reg
  -------------------------------------------------------------------
                         required time                         15.426    
                         arrival time                         -15.317    
  -------------------------------------------------------------------
                         slack                                  0.110    

Slack (MET) :             0.110ns  (required time - arrival time)
  Source:                 u_accel/gen_nn_standard.u_accel/gen_hl2[19].hl2_lif/membrane_potential_reg[23]/C
                            (rising edge-triggered cell FDCE clocked by sys_clk_pin  {rise@0.000ns fall@5.000ns period=10.000ns})
  Destination:            u_accel/gen_nn_standard.u_accel/gen_hl2[19].hl2_lif/spike_prev_reg/D
                            (rising edge-triggered cell FDCE clocked by sys_clk_pin  {rise@0.000ns fall@5.000ns period=10.000ns})
  Path Group:             sys_clk_pin
  Path Type:              Setup (Max at Slow Process Corner)
  Requirement:            10.000ns  (sys_clk_pin rise@10.000ns - sys_clk_pin rise@0.000ns)
  Data Path Delay:        9.841ns  (logic 6.783ns (68.924%)  route 3.058ns (31.076%))
  Logic Levels:           10  (CARRY4=6 DSP48E1=1 LUT2=3)
  Clock Path Skew:        -0.042ns (DCD - SCD + CPR)
    Destination Clock Delay (DCD):    4.928ns = ( 14.928 - 10.000 ) 
    Source Clock Delay      (SCD):    5.229ns
    Clock Pessimism Removal (CPR):    0.259ns
  Clock Uncertainty:      0.035ns  ((TSJ^2 + TIJ^2)^1/2 + DJ) / 2 + PE
    Total System Jitter     (TSJ):    0.071ns
    Total Input Jitter      (TIJ):    0.000ns
    Discrete Jitter          (DJ):    0.000ns
    Phase Error              (PE):    0.000ns

    Location             Delay type                Incr(ns)  Path(ns)    Netlist Resource(s)
  -------------------------------------------------------------------    -------------------
                         (clock sys_clk_pin rise edge)
                                                      0.000     0.000 r  
    E3                                                0.000     0.000 r  CLK100MHZ (IN)
                         net (fo=0)                   0.000     0.000    CLK100MHZ
    E3                   IBUF (Prop_ibuf_I_O)         1.482     1.482 r  CLK100MHZ_IBUF_inst/O
                         net (fo=1, routed)           2.025     3.506    CLK100MHZ_IBUF
    BUFGCTRL_X0Y16       BUFG (Prop_bufg_I_O)         0.096     3.602 r  CLK100MHZ_IBUF_BUFG_inst/O
                         net (fo=21148, routed)       1.626     5.229    u_accel/gen_nn_standard.u_accel/gen_hl2[19].hl2_lif/CLK100MHZ_IBUF_BUFG
    SLICE_X54Y52         FDCE                                         r  u_accel/gen_nn_standard.u_accel/gen_hl2[19].hl2_lif/membrane_potential_reg[23]/C
  -------------------------------------------------------------------    -------------------
    SLICE_X54Y52         FDCE (Prop_fdce_C_Q)         0.478     5.707 r  u_accel/gen_nn_standard.u_accel/gen_hl2[19].hl2_lif/membrane_potential_reg[23]/Q
                         net (fo=27, routed)          0.625     6.331    u_accel/gen_nn_standard.u_accel/gen_hl2[19].hl2_lif/Q[23]
    DSP48_X1Y21          DSP48E1 (Prop_dsp48e1_A[27]_P[8])
                                                      4.012    10.343 r  u_accel/gen_nn_standard.u_accel/gen_hl2[19].hl2_lif/membrane_potential3/P[8]
                         net (fo=2, routed)           0.931    11.274    u_accel/gen_nn_standard.u_accel/gen_hl2[19].hl2_lif/membrane_potential2[1]
    SLICE_X58Y50         LUT2 (Prop_lut2_I0_O)        0.124    11.398 r  u_accel/gen_nn_standard.u_accel/gen_hl2[19].hl2_lif/membrane_potential0_carry_i_3__2/O
                         net (fo=1, routed)           0.000    11.398    u_accel/gen_nn_standard.u_accel/gen_hl2[19].hl2_lif/membrane_potential0_carry_i_3__2_n_0
    SLICE_X58Y50         CARRY4 (Prop_carry4_S[1]_CO[3])
                                                      0.533    11.931 r  u_accel/gen_nn_standard.u_accel/gen_hl2[19].hl2_lif/membrane_potential0_carry/CO[3]
                         net (fo=1, routed)           0.000    11.931    u_accel/gen_nn_standard.u_accel/gen_hl2[19].hl2_lif/membrane_potential0_carry_n_0
    SLICE_X58Y51         CARRY4 (Prop_carry4_CI_CO[3])
                                                      0.117    12.048 r  u_accel/gen_nn_standard.u_accel/gen_hl2[19].hl2_lif/membrane_potential0_carry__0/CO[3]
                         net (fo=1, routed)           0.000    12.048    u_accel/gen_nn_standard.u_accel/gen_hl2[19].hl2_lif/membrane_potential0_carry__0_n_0
    SLICE_X58Y52         CARRY4 (Prop_carry4_CI_CO[3])
                                                      0.117    12.165 r  u_accel/gen_nn_standard.u_accel/gen_hl2[19].hl2_lif/membrane_potential0_carry__1/CO[3]
                         net (fo=1, routed)           0.000    12.165    u_accel/gen_nn_standard.u_accel/gen_hl2[19].hl2_lif/membrane_potential0_carry__1_n_0
    SLICE_X58Y53         CARRY4 (Prop_carry4_CI_CO[3])
                                                      0.117    12.282 r  u_accel/gen_nn_standard.u_accel/gen_hl2[19].hl2_lif/membrane_potential0_carry__2/CO[3]
                         net (fo=1, routed)           0.000    12.282    u_accel/gen_nn_standard.u_accel/gen_hl2[19].hl2_lif/membrane_potential0_carry__2_n_0
    SLICE_X58Y54         CARRY4 (Prop_carry4_CI_O[1])
                                                      0.323    12.605 f  u_accel/gen_nn_standard.u_accel/gen_hl2[19].hl2_lif/membrane_potential0_carry__3/O[1]
                         net (fo=3, routed)           0.763    13.368    u_accel/gen_nn_standard.u_accel/gen_hl2[19].hl2_lif/membrane_potential0[17]
    SLICE_X57Y54         LUT2 (Prop_lut2_I0_O)        0.306    13.674 r  u_accel/gen_nn_standard.u_accel/gen_hl2[19].hl2_lif/spike_prev0_carry__1_i_8__2/O
                         net (fo=1, routed)           0.000    13.674    u_accel/gen_nn_standard.u_accel/gen_hl2[19].hl2_lif/spike_prev0_carry__1_i_8__2_n_0
    SLICE_X57Y54         CARRY4 (Prop_carry4_S[0]_CO[3])
                                                      0.532    14.206 r  u_accel/gen_nn_standard.u_accel/gen_hl2[19].hl2_lif/spike_prev0_carry__1/CO[3]
                         net (fo=1, routed)           0.740    14.946    u_accel/gen_nn_standard.u_accel/gen_hl2[19].hl2_lif/next_spike
    SLICE_X57Y55         LUT2 (Prop_lut2_I0_O)        0.124    15.070 r  u_accel/gen_nn_standard.u_accel/gen_hl2[19].hl2_lif/spike_prev_i_1__13/O
                         net (fo=1, routed)           0.000    15.070    u_accel/gen_nn_standard.u_accel/gen_hl2[19].hl2_lif/spike_prev
    SLICE_X57Y55         FDCE                                         r  u_accel/gen_nn_standard.u_accel/gen_hl2[19].hl2_lif/spike_prev_reg/D
  -------------------------------------------------------------------    -------------------

                         (clock sys_clk_pin rise edge)
                                                     10.000    10.000 r  
    E3                                                0.000    10.000 r  CLK100MHZ (IN)
                         net (fo=0)                   0.000    10.000    CLK100MHZ
    E3                   IBUF (Prop_ibuf_I_O)         1.411    11.411 r  CLK100MHZ_IBUF_inst/O
                         net (fo=1, routed)           1.920    13.331    CLK100MHZ_IBUF
    BUFGCTRL_X0Y16       BUFG (Prop_bufg_I_O)         0.091    13.422 r  CLK100MHZ_IBUF_BUFG_inst/O
                         net (fo=21148, routed)       1.505    14.928    u_accel/gen_nn_standard.u_accel/gen_hl2[19].hl2_lif/CLK100MHZ_IBUF_BUFG
    SLICE_X57Y55         FDCE                                         r  u_accel/gen_nn_standard.u_accel/gen_hl2[19].hl2_lif/spike_prev_reg/C
                         clock pessimism              0.259    15.187    
                         clock uncertainty           -0.035    15.151    
    SLICE_X57Y55         FDCE (Setup_fdce_C_D)        0.029    15.180    u_accel/gen_nn_standard.u_accel/gen_hl2[19].hl2_lif/spike_prev_reg
  -------------------------------------------------------------------
                         required time                         15.180    
                         arrival time                         -15.070    
  -------------------------------------------------------------------
                         slack                                  0.110    

Slack (MET) :             0.114ns  (required time - arrival time)
  Source:                 u_accel/gen_nn_standard.u_accel/gen_hl2[30].hl2_lif/membrane_potential_reg[2]/C
                            (rising edge-triggered cell FDCE clocked by sys_clk_pin  {rise@0.000ns fall@5.000ns period=10.000ns})
  Destination:            u_accel/gen_nn_standard.u_accel/gen_hl2[30].hl2_lif/spike_prev_reg/D
                            (rising edge-triggered cell FDCE clocked by sys_clk_pin  {rise@0.000ns fall@5.000ns period=10.000ns})
  Path Group:             sys_clk_pin
  Path Type:              Setup (Max at Slow Process Corner)
  Requirement:            10.000ns  (sys_clk_pin rise@10.000ns - sys_clk_pin rise@0.000ns)
  Data Path Delay:        9.841ns  (logic 6.786ns (68.959%)  route 3.055ns (31.041%))
  Logic Levels:           10  (CARRY4=6 DSP48E1=1 LUT2=3)
  Clock Path Skew:        -0.041ns (DCD - SCD + CPR)
    Destination Clock Delay (DCD):    4.950ns = ( 14.950 - 10.000 ) 
    Source Clock Delay      (SCD):    5.250ns
    Clock Pessimism Removal (CPR):    0.259ns
  Clock Uncertainty:      0.035ns  ((TSJ^2 + TIJ^2)^1/2 + DJ) / 2 + PE
    Total System Jitter     (TSJ):    0.071ns
    Total Input Jitter      (TIJ):    0.000ns
    Discrete Jitter          (DJ):    0.000ns
    Phase Error              (PE):    0.000ns

    Location             Delay type                Incr(ns)  Path(ns)    Netlist Resource(s)
  -------------------------------------------------------------------    -------------------
                         (clock sys_clk_pin rise edge)
                                                      0.000     0.000 r  
    E3                                                0.000     0.000 r  CLK100MHZ (IN)
                         net (fo=0)                   0.000     0.000    CLK100MHZ
    E3                   IBUF (Prop_ibuf_I_O)         1.482     1.482 r  CLK100MHZ_IBUF_inst/O
                         net (fo=1, routed)           2.025     3.506    CLK100MHZ_IBUF
    BUFGCTRL_X0Y16       BUFG (Prop_bufg_I_O)         0.096     3.602 r  CLK100MHZ_IBUF_BUFG_inst/O
                         net (fo=21148, routed)       1.647     5.250    u_accel/gen_nn_standard.u_accel/gen_hl2[30].hl2_lif/CLK100MHZ_IBUF_BUFG
    SLICE_X14Y50         FDCE                                         r  u_accel/gen_nn_standard.u_accel/gen_hl2[30].hl2_lif/membrane_potential_reg[2]/C
  -------------------------------------------------------------------    -------------------
    SLICE_X14Y50         FDCE (Prop_fdce_C_Q)         0.478     5.728 r  u_accel/gen_nn_standard.u_accel/gen_hl2[30].hl2_lif/membrane_potential_reg[2]/Q
                         net (fo=21, routed)          0.582     6.310    u_accel/gen_nn_standard.u_accel/gen_hl2[30].hl2_lif/membrane_out[2]
    DSP48_X0Y21          DSP48E1 (Prop_dsp48e1_A[2]_P[8])
                                                      4.018    10.328 r  u_accel/gen_nn_standard.u_accel/gen_hl2[30].hl2_lif/membrane_potential3/P[8]
                         net (fo=2, routed)           0.931    11.259    u_accel/gen_nn_standard.u_accel/gen_hl2[30].hl2_lif/membrane_potential2[1]
    SLICE_X13Y49         LUT2 (Prop_lut2_I0_O)        0.124    11.383 r  u_accel/gen_nn_standard.u_accel/gen_hl2[30].hl2_lif/membrane_potential[3]_i_5__0/O
                         net (fo=1, routed)           0.000    11.383    u_accel/gen_nn_standard.u_accel/gen_hl2[30].hl2_lif/membrane_potential[3]_i_5__0_n_0
    SLICE_X13Y49         CARRY4 (Prop_carry4_S[1]_CO[3])
                                                      0.550    11.933 r  u_accel/gen_nn_standard.u_accel/gen_hl2[30].hl2_lif/membrane_potential_reg[3]_i_2__0/CO[3]
                         net (fo=1, routed)           0.001    11.934    u_accel/gen_nn_standard.u_accel/gen_hl2[30].hl2_lif/membrane_potential_reg[3]_i_2__0_n_0
    SLICE_X13Y50         CARRY4 (Prop_carry4_CI_CO[3])
                                                      0.114    12.048 r  u_accel/gen_nn_standard.u_accel/gen_hl2[30].hl2_lif/membrane_potential_reg[7]_i_2__0/CO[3]
                         net (fo=1, routed)           0.000    12.048    u_accel/gen_nn_standard.u_accel/gen_hl2[30].hl2_lif/membrane_potential_reg[7]_i_2__0_n_0
    SLICE_X13Y51         CARRY4 (Prop_carry4_CI_CO[3])
                                                      0.114    12.162 r  u_accel/gen_nn_standard.u_accel/gen_hl2[30].hl2_lif/membrane_potential_reg[11]_i_2__0/CO[3]
                         net (fo=1, routed)           0.000    12.162    u_accel/gen_nn_standard.u_accel/gen_hl2[30].hl2_lif/membrane_potential_reg[11]_i_2__0_n_0
    SLICE_X13Y52         CARRY4 (Prop_carry4_CI_CO[3])
                                                      0.114    12.276 r  u_accel/gen_nn_standard.u_accel/gen_hl2[30].hl2_lif/membrane_potential_reg[15]_i_2__0/CO[3]
                         net (fo=1, routed)           0.000    12.276    u_accel/gen_nn_standard.u_accel/gen_hl2[30].hl2_lif/membrane_potential_reg[15]_i_2__0_n_0
    SLICE_X13Y53         CARRY4 (Prop_carry4_CI_O[1])
                                                      0.334    12.610 f  u_accel/gen_nn_standard.u_accel/gen_hl2[30].hl2_lif/membrane_potential_reg[19]_i_2__0/O[1]
                         net (fo=3, routed)           0.683    13.293    u_accel/gen_nn_standard.u_accel/gen_hl2[30].hl2_lif/membrane_potential0[17]
    SLICE_X12Y53         LUT2 (Prop_lut2_I1_O)        0.303    13.596 r  u_accel/gen_nn_standard.u_accel/gen_hl2[30].hl2_lif/spike_prev_i_11__0/O
                         net (fo=1, routed)           0.000    13.596    u_accel/gen_nn_standard.u_accel/gen_hl2[30].hl2_lif/spike_prev_i_11__0_n_0
    SLICE_X12Y53         CARRY4 (Prop_carry4_S[0]_CO[3])
                                                      0.513    14.109 r  u_accel/gen_nn_standard.u_accel/gen_hl2[30].hl2_lif/spike_prev_reg_i_2__0/CO[3]
                         net (fo=1, routed)           0.858    14.966    u_accel/gen_nn_standard.u_accel/gen_hl2[30].hl2_lif/next_spike
    SLICE_X11Y53         LUT2 (Prop_lut2_I0_O)        0.124    15.090 r  u_accel/gen_nn_standard.u_accel/gen_hl2[30].hl2_lif/spike_prev_i_1__2/O
                         net (fo=1, routed)           0.000    15.090    u_accel/gen_nn_standard.u_accel/gen_hl2[30].hl2_lif/spike_prev_i_1__2_n_0
    SLICE_X11Y53         FDCE                                         r  u_accel/gen_nn_standard.u_accel/gen_hl2[30].hl2_lif/spike_prev_reg/D
  -------------------------------------------------------------------    -------------------

                         (clock sys_clk_pin rise edge)
                                                     10.000    10.000 r  
    E3                                                0.000    10.000 r  CLK100MHZ (IN)
                         net (fo=0)                   0.000    10.000    CLK100MHZ
    E3                   IBUF (Prop_ibuf_I_O)         1.411    11.411 r  CLK100MHZ_IBUF_inst/O
                         net (fo=1, routed)           1.920    13.331    CLK100MHZ_IBUF
    BUFGCTRL_X0Y16       BUFG (Prop_bufg_I_O)         0.091    13.422 r  CLK100MHZ_IBUF_BUFG_inst/O
                         net (fo=21148, routed)       1.527    14.950    u_accel/gen_nn_standard.u_accel/gen_hl2[30].hl2_lif/CLK100MHZ_IBUF_BUFG
    SLICE_X11Y53         FDCE                                         r  u_accel/gen_nn_standard.u_accel/gen_hl2[30].hl2_lif/spike_prev_reg/C
                         clock pessimism              0.259    15.209    
                         clock uncertainty           -0.035    15.173    
    SLICE_X11Y53         FDCE (Setup_fdce_C_D)        0.031    15.204    u_accel/gen_nn_standard.u_accel/gen_hl2[30].hl2_lif/spike_prev_reg
  -------------------------------------------------------------------
                         required time                         15.204    
                         arrival time                         -15.090    
  -------------------------------------------------------------------
                         slack                                  0.114    

Slack (MET) :             0.157ns  (required time - arrival time)
  Source:                 u_accel/gen_nn_standard.u_accel/gen_hl2[6].hl2_lif/membrane_potential_reg[4]/C
                            (rising edge-triggered cell FDCE clocked by sys_clk_pin  {rise@0.000ns fall@5.000ns period=10.000ns})
  Destination:            u_accel/gen_nn_standard.u_accel/gen_hl2[6].hl2_lif/spike_prev_reg/D
                            (rising edge-triggered cell FDCE clocked by sys_clk_pin  {rise@0.000ns fall@5.000ns period=10.000ns})
  Path Group:             sys_clk_pin
  Path Type:              Setup (Max at Slow Process Corner)
  Requirement:            10.000ns  (sys_clk_pin rise@10.000ns - sys_clk_pin rise@0.000ns)
  Data Path Delay:        9.846ns  (logic 6.783ns (68.891%)  route 3.063ns (31.109%))
  Logic Levels:           10  (CARRY4=6 DSP48E1=1 LUT2=3)
  Clock Path Skew:        -0.041ns (DCD - SCD + CPR)
    Destination Clock Delay (DCD):    4.950ns = ( 14.950 - 10.000 ) 
    Source Clock Delay      (SCD):    5.250ns
    Clock Pessimism Removal (CPR):    0.259ns
  Clock Uncertainty:      0.035ns  ((TSJ^2 + TIJ^2)^1/2 + DJ) / 2 + PE
    Total System Jitter     (TSJ):    0.071ns
    Total Input Jitter      (TIJ):    0.000ns
    Discrete Jitter          (DJ):    0.000ns
    Phase Error              (PE):    0.000ns

    Location             Delay type                Incr(ns)  Path(ns)    Netlist Resource(s)
  -------------------------------------------------------------------    -------------------
                         (clock sys_clk_pin rise edge)
                                                      0.000     0.000 r  
    E3                                                0.000     0.000 r  CLK100MHZ (IN)
                         net (fo=0)                   0.000     0.000    CLK100MHZ
    E3                   IBUF (Prop_ibuf_I_O)         1.482     1.482 r  CLK100MHZ_IBUF_inst/O
                         net (fo=1, routed)           2.025     3.506    CLK100MHZ_IBUF
    BUFGCTRL_X0Y16       BUFG (Prop_bufg_I_O)         0.096     3.602 r  CLK100MHZ_IBUF_BUFG_inst/O
                         net (fo=21148, routed)       1.647     5.250    u_accel/gen_nn_standard.u_accel/gen_hl2[6].hl2_lif/CLK100MHZ_IBUF_BUFG
    SLICE_X14Y51         FDCE                                         r  u_accel/gen_nn_standard.u_accel/gen_hl2[6].hl2_lif/membrane_potential_reg[4]/C
  -------------------------------------------------------------------    -------------------
    SLICE_X14Y51         FDCE (Prop_fdce_C_Q)         0.478     5.728 r  u_accel/gen_nn_standard.u_accel/gen_hl2[6].hl2_lif/membrane_potential_reg[4]/Q
                         net (fo=21, routed)          0.624     6.352    u_accel/gen_nn_standard.u_accel/gen_hl2[6].hl2_lif/membrane_out[4]
    DSP48_X0Y20          DSP48E1 (Prop_dsp48e1_A[4]_P[8])
                                                      4.015    10.367 r  u_accel/gen_nn_standard.u_accel/gen_hl2[6].hl2_lif/membrane_potential3/P[8]
                         net (fo=2, routed)           0.998    11.365    u_accel/gen_nn_standard.u_accel/gen_hl2[6].hl2_lif/membrane_potential2[1]
    SLICE_X9Y49          LUT2 (Prop_lut2_I0_O)        0.124    11.489 r  u_accel/gen_nn_standard.u_accel/gen_hl2[6].hl2_lif/membrane_potential[3]_i_5__18/O
                         net (fo=1, routed)           0.000    11.489    u_accel/gen_nn_standard.u_accel/gen_hl2[6].hl2_lif/membrane_potential[3]_i_5__18_n_0
    SLICE_X9Y49          CARRY4 (Prop_carry4_S[1]_CO[3])
                                                      0.550    12.039 r  u_accel/gen_nn_standard.u_accel/gen_hl2[6].hl2_lif/membrane_potential_reg[3]_i_2__18/CO[3]
                         net (fo=1, routed)           0.001    12.040    u_accel/gen_nn_standard.u_accel/gen_hl2[6].hl2_lif/membrane_potential_reg[3]_i_2__18_n_0
    SLICE_X9Y50          CARRY4 (Prop_carry4_CI_CO[3])
                                                      0.114    12.154 r  u_accel/gen_nn_standard.u_accel/gen_hl2[6].hl2_lif/membrane_potential_reg[7]_i_2__18/CO[3]
                         net (fo=1, routed)           0.000    12.154    u_accel/gen_nn_standard.u_accel/gen_hl2[6].hl2_lif/membrane_potential_reg[7]_i_2__18_n_0
    SLICE_X9Y51          CARRY4 (Prop_carry4_CI_CO[3])
                                                      0.114    12.268 r  u_accel/gen_nn_standard.u_accel/gen_hl2[6].hl2_lif/membrane_potential_reg[11]_i_2__18/CO[3]
                         net (fo=1, routed)           0.000    12.268    u_accel/gen_nn_standard.u_accel/gen_hl2[6].hl2_lif/membrane_potential_reg[11]_i_2__18_n_0
    SLICE_X9Y52          CARRY4 (Prop_carry4_CI_CO[3])
                                                      0.114    12.382 r  u_accel/gen_nn_standard.u_accel/gen_hl2[6].hl2_lif/membrane_potential_reg[15]_i_2__18/CO[3]
                         net (fo=1, routed)           0.000    12.382    u_accel/gen_nn_standard.u_accel/gen_hl2[6].hl2_lif/membrane_potential_reg[15]_i_2__18_n_0
    SLICE_X9Y53          CARRY4 (Prop_carry4_CI_O[1])
                                                      0.334    12.716 f  u_accel/gen_nn_standard.u_accel/gen_hl2[6].hl2_lif/membrane_potential_reg[19]_i_2__18/O[1]
                         net (fo=3, routed)           0.683    13.399    u_accel/gen_nn_standard.u_accel/gen_hl2[6].hl2_lif/membrane_potential0[17]
    SLICE_X8Y53          LUT2 (Prop_lut2_I1_O)        0.303    13.702 r  u_accel/gen_nn_standard.u_accel/gen_hl2[6].hl2_lif/spike_prev_i_11__18/O
                         net (fo=1, routed)           0.000    13.702    u_accel/gen_nn_standard.u_accel/gen_hl2[6].hl2_lif/spike_prev_i_11__18_n_0
    SLICE_X8Y53          CARRY4 (Prop_carry4_S[0]_CO[3])
                                                      0.513    14.215 r  u_accel/gen_nn_standard.u_accel/gen_hl2[6].hl2_lif/spike_prev_reg_i_2__18/CO[3]
                         net (fo=1, routed)           0.757    14.972    u_accel/gen_nn_standard.u_accel/gen_hl2[6].hl2_lif/next_spike
    SLICE_X10Y53         LUT2 (Prop_lut2_I0_O)        0.124    15.096 r  u_accel/gen_nn_standard.u_accel/gen_hl2[6].hl2_lif/spike_prev_i_1__26/O
                         net (fo=1, routed)           0.000    15.096    u_accel/gen_nn_standard.u_accel/gen_hl2[6].hl2_lif/spike_prev_i_1__26_n_0
    SLICE_X10Y53         FDCE                                         r  u_accel/gen_nn_standard.u_accel/gen_hl2[6].hl2_lif/spike_prev_reg/D
  -------------------------------------------------------------------    -------------------

                         (clock sys_clk_pin rise edge)
                                                     10.000    10.000 r  
    E3                                                0.000    10.000 r  CLK100MHZ (IN)
                         net (fo=0)                   0.000    10.000    CLK100MHZ
    E3                   IBUF (Prop_ibuf_I_O)         1.411    11.411 r  CLK100MHZ_IBUF_inst/O
                         net (fo=1, routed)           1.920    13.331    CLK100MHZ_IBUF
    BUFGCTRL_X0Y16       BUFG (Prop_bufg_I_O)         0.091    13.422 r  CLK100MHZ_IBUF_BUFG_inst/O
                         net (fo=21148, routed)       1.527    14.950    u_accel/gen_nn_standard.u_accel/gen_hl2[6].hl2_lif/CLK100MHZ_IBUF_BUFG
    SLICE_X10Y53         FDCE                                         r  u_accel/gen_nn_standard.u_accel/gen_hl2[6].hl2_lif/spike_prev_reg/C
                         clock pessimism              0.259    15.209    
                         clock uncertainty           -0.035    15.173    
    SLICE_X10Y53         FDCE (Setup_fdce_C_D)        0.079    15.252    u_accel/gen_nn_standard.u_accel/gen_hl2[6].hl2_lif/spike_prev_reg
  -------------------------------------------------------------------
                         required time                         15.252    
                         arrival time                         -15.096    
  -------------------------------------------------------------------
                         slack                                  0.157    





Min Delay Paths
--------------------------------------------------------------------------------------
Slack (MET) :             0.046ns  (arrival time - required time)
  Source:                 u_accel/gen_nn_standard.u_accel/gen_hl2[20].hl2_lif/membrane_potential_reg[7]/C
                            (rising edge-triggered cell FDCE clocked by sys_clk_pin  {rise@0.000ns fall@5.000ns period=10.000ns})
  Destination:            u_accel/gen_nn_standard.u_accel/gen_hl2[20].membrane_buf/membrane_storage_reg[6][7]/D
                            (rising edge-triggered cell FDCE clocked by sys_clk_pin  {rise@0.000ns fall@5.000ns period=10.000ns})
  Path Group:             sys_clk_pin
  Path Type:              Hold (Min at Fast Process Corner)
  Requirement:            0.000ns  (sys_clk_pin rise@0.000ns - sys_clk_pin rise@0.000ns)
  Data Path Delay:        0.321ns  (logic 0.128ns (39.851%)  route 0.193ns (60.148%))
  Logic Levels:           0  
  Clock Path Skew:        0.265ns (DCD - SCD - CPR)
    Destination Clock Delay (DCD):    2.064ns
    Source Clock Delay      (SCD):    1.545ns
    Clock Pessimism Removal (CPR):    0.254ns

    Location             Delay type                Incr(ns)  Path(ns)    Netlist Resource(s)
  -------------------------------------------------------------------    -------------------
                         (clock sys_clk_pin rise edge)
                                                      0.000     0.000 r  
    E3                                                0.000     0.000 r  CLK100MHZ (IN)
                         net (fo=0)                   0.000     0.000    CLK100MHZ
    E3                   IBUF (Prop_ibuf_I_O)         0.250     0.250 r  CLK100MHZ_IBUF_inst/O
                         net (fo=1, routed)           0.644     0.894    CLK100MHZ_IBUF
    BUFGCTRL_X0Y16       BUFG (Prop_bufg_I_O)         0.026     0.920 r  CLK100MHZ_IBUF_BUFG_inst/O
                         net (fo=21148, routed)       0.625     1.545    u_accel/gen_nn_standard.u_accel/gen_hl2[20].hl2_lif/CLK100MHZ_IBUF_BUFG
    SLICE_X55Y16         FDCE                                         r  u_accel/gen_nn_standard.u_accel/gen_hl2[20].hl2_lif/membrane_potential_reg[7]/C
  -------------------------------------------------------------------    -------------------
    SLICE_X55Y16         FDCE (Prop_fdce_C_Q)         0.128     1.673 r  u_accel/gen_nn_standard.u_accel/gen_hl2[20].hl2_lif/membrane_potential_reg[7]/Q
                         net (fo=21, routed)          0.193     1.866    u_accel/gen_nn_standard.u_accel/gen_hl2[20].membrane_buf/D[7]
    SLICE_X50Y15         FDCE                                         r  u_accel/gen_nn_standard.u_accel/gen_hl2[20].membrane_buf/membrane_storage_reg[6][7]/D
  -------------------------------------------------------------------    -------------------

                         (clock sys_clk_pin rise edge)
                                                      0.000     0.000 r  
    E3                                                0.000     0.000 r  CLK100MHZ (IN)
                         net (fo=0)                   0.000     0.000    CLK100MHZ
    E3                   IBUF (Prop_ibuf_I_O)         0.438     0.438 r  CLK100MHZ_IBUF_inst/O
                         net (fo=1, routed)           0.699     1.136    CLK100MHZ_IBUF
    BUFGCTRL_X0Y16       BUFG (Prop_bufg_I_O)         0.029     1.165 r  CLK100MHZ_IBUF_BUFG_inst/O
                         net (fo=21148, routed)       0.899     2.064    u_accel/gen_nn_standard.u_accel/gen_hl2[20].membrane_buf/CLK100MHZ_IBUF_BUFG
    SLICE_X50Y15         FDCE                                         r  u_accel/gen_nn_standard.u_accel/gen_hl2[20].membrane_buf/membrane_storage_reg[6][7]/C
                         clock pessimism             -0.254     1.810    
    SLICE_X50Y15         FDCE (Hold_fdce_C_D)         0.010     1.820    u_accel/gen_nn_standard.u_accel/gen_hl2[20].membrane_buf/membrane_storage_reg[6][7]
  -------------------------------------------------------------------
                         required time                         -1.820    
                         arrival time                           1.866    
  -------------------------------------------------------------------
                         slack                                  0.046    

Slack (MET) :             0.048ns  (arrival time - required time)
  Source:                 u_accel/gen_nn_standard.u_accel/observations_registered_reg[0][10]/C
                            (rising edge-triggered cell FDCE clocked by sys_clk_pin  {rise@0.000ns fall@5.000ns period=10.000ns})
  Destination:            u_accel/gen_nn_standard.u_accel/fc1/inputs_latched_reg[0][10]/D
                            (rising edge-triggered cell FDCE clocked by sys_clk_pin  {rise@0.000ns fall@5.000ns period=10.000ns})
  Path Group:             sys_clk_pin
  Path Type:              Hold (Min at Fast Process Corner)
  Requirement:            0.000ns  (sys_clk_pin rise@0.000ns - sys_clk_pin rise@0.000ns)
  Data Path Delay:        0.381ns  (logic 0.141ns (37.037%)  route 0.240ns (62.963%))
  Logic Levels:           0  
  Clock Path Skew:        0.263ns (DCD - SCD - CPR)
    Destination Clock Delay (DCD):    1.999ns
    Source Clock Delay      (SCD):    1.485ns
    Clock Pessimism Removal (CPR):    0.250ns

    Location             Delay type                Incr(ns)  Path(ns)    Netlist Resource(s)
  -------------------------------------------------------------------    -------------------
                         (clock sys_clk_pin rise edge)
                                                      0.000     0.000 r  
    E3                                                0.000     0.000 r  CLK100MHZ (IN)
                         net (fo=0)                   0.000     0.000    CLK100MHZ
    E3                   IBUF (Prop_ibuf_I_O)         0.250     0.250 r  CLK100MHZ_IBUF_inst/O
                         net (fo=1, routed)           0.644     0.894    CLK100MHZ_IBUF
    BUFGCTRL_X0Y16       BUFG (Prop_bufg_I_O)         0.026     0.920 r  CLK100MHZ_IBUF_BUFG_inst/O
                         net (fo=21148, routed)       0.566     1.485    u_accel/gen_nn_standard.u_accel/CLK100MHZ_IBUF_BUFG
    SLICE_X48Y96         FDCE                                         r  u_accel/gen_nn_standard.u_accel/observations_registered_reg[0][10]/C
  -------------------------------------------------------------------    -------------------
    SLICE_X48Y96         FDCE (Prop_fdce_C_Q)         0.141     1.626 r  u_accel/gen_nn_standard.u_accel/observations_registered_reg[0][10]/Q
                         net (fo=1, routed)           0.240     1.866    u_accel/gen_nn_standard.u_accel/fc1/inputs_latched_reg[0][15]_0[10]
    SLICE_X52Y93         FDCE                                         r  u_accel/gen_nn_standard.u_accel/fc1/inputs_latched_reg[0][10]/D
  -------------------------------------------------------------------    -------------------

                         (clock sys_clk_pin rise edge)
                                                      0.000     0.000 r  
    E3                                                0.000     0.000 r  CLK100MHZ (IN)
                         net (fo=0)                   0.000     0.000    CLK100MHZ
    E3                   IBUF (Prop_ibuf_I_O)         0.438     0.438 r  CLK100MHZ_IBUF_inst/O
                         net (fo=1, routed)           0.699     1.136    CLK100MHZ_IBUF
    BUFGCTRL_X0Y16       BUFG (Prop_bufg_I_O)         0.029     1.165 r  CLK100MHZ_IBUF_BUFG_inst/O
                         net (fo=21148, routed)       0.834     1.999    u_accel/gen_nn_standard.u_accel/fc1/CLK100MHZ_IBUF_BUFG
    SLICE_X52Y93         FDCE                                         r  u_accel/gen_nn_standard.u_accel/fc1/inputs_latched_reg[0][10]/C
                         clock pessimism             -0.250     1.748    
    SLICE_X52Y93         FDCE (Hold_fdce_C_D)         0.070     1.818    u_accel/gen_nn_standard.u_accel/fc1/inputs_latched_reg[0][10]
  -------------------------------------------------------------------
                         required time                         -1.818    
                         arrival time                           1.866    
  -------------------------------------------------------------------
                         slack                                  0.048    

Slack (MET) :             0.057ns  (arrival time - required time)
  Source:                 u_accel/u_ctrl/observations_reg[2][14]/C
                            (rising edge-triggered cell FDCE clocked by sys_clk_pin  {rise@0.000ns fall@5.000ns period=10.000ns})
  Destination:            u_accel/gen_nn_standard.u_accel/observations_registered_reg[2][14]/D
                            (rising edge-triggered cell FDCE clocked by sys_clk_pin  {rise@0.000ns fall@5.000ns period=10.000ns})
  Path Group:             sys_clk_pin
  Path Type:              Hold (Min at Fast Process Corner)
  Requirement:            0.000ns  (sys_clk_pin rise@0.000ns - sys_clk_pin rise@0.000ns)
  Data Path Delay:        0.404ns  (logic 0.141ns (34.889%)  route 0.263ns (65.111%))
  Logic Levels:           0  
  Clock Path Skew:        0.277ns (DCD - SCD - CPR)
    Destination Clock Delay (DCD):    2.002ns
    Source Clock Delay      (SCD):    1.479ns
    Clock Pessimism Removal (CPR):    0.245ns

    Location             Delay type                Incr(ns)  Path(ns)    Netlist Resource(s)
  -------------------------------------------------------------------    -------------------
                         (clock sys_clk_pin rise edge)
                                                      0.000     0.000 r  
    E3                                                0.000     0.000 r  CLK100MHZ (IN)
                         net (fo=0)                   0.000     0.000    CLK100MHZ
    E3                   IBUF (Prop_ibuf_I_O)         0.250     0.250 r  CLK100MHZ_IBUF_inst/O
                         net (fo=1, routed)           0.644     0.894    CLK100MHZ_IBUF
    BUFGCTRL_X0Y16       BUFG (Prop_bufg_I_O)         0.026     0.920 r  CLK100MHZ_IBUF_BUFG_inst/O
                         net (fo=21148, routed)       0.560     1.479    u_accel/u_ctrl/CLK100MHZ_IBUF_BUFG
    SLICE_X49Y104        FDCE                                         r  u_accel/u_ctrl/observations_reg[2][14]/C
  -------------------------------------------------------------------    -------------------
    SLICE_X49Y104        FDCE (Prop_fdce_C_Q)         0.141     1.620 r  u_accel/u_ctrl/observations_reg[2][14]/Q
                         net (fo=8, routed)           0.263     1.884    u_accel/gen_nn_standard.u_accel/observations[2][14]
    SLICE_X49Y96         FDCE                                         r  u_accel/gen_nn_standard.u_accel/observations_registered_reg[2][14]/D
  -------------------------------------------------------------------    -------------------

                         (clock sys_clk_pin rise edge)
                                                      0.000     0.000 r  
    E3                                                0.000     0.000 r  CLK100MHZ (IN)
                         net (fo=0)                   0.000     0.000    CLK100MHZ
    E3                   IBUF (Prop_ibuf_I_O)         0.438     0.438 r  CLK100MHZ_IBUF_inst/O
                         net (fo=1, routed)           0.699     1.136    CLK100MHZ_IBUF
    BUFGCTRL_X0Y16       BUFG (Prop_bufg_I_O)         0.029     1.165 r  CLK100MHZ_IBUF_BUFG_inst/O
                         net (fo=21148, routed)       0.837     2.002    u_accel/gen_nn_standard.u_accel/CLK100MHZ_IBUF_BUFG
    SLICE_X49Y96         FDCE                                         r  u_accel/gen_nn_standard.u_accel/observations_registered_reg[2][14]/C
                         clock pessimism             -0.245     1.756    
    SLICE_X49Y96         FDCE (Hold_fdce_C_D)         0.070     1.826    u_accel/gen_nn_standard.u_accel/observations_registered_reg[2][14]
  -------------------------------------------------------------------
                         required time                         -1.826    
                         arrival time                           1.884    
  -------------------------------------------------------------------
                         slack                                  0.057    

Slack (MET) :             0.060ns  (arrival time - required time)
  Source:                 u_accel/gen_nn_standard.u_accel/gen_hl2[19].hl2_lif/membrane_potential_reg[3]/C
                            (rising edge-triggered cell FDCE clocked by sys_clk_pin  {rise@0.000ns fall@5.000ns period=10.000ns})
  Destination:            u_accel/gen_nn_standard.u_accel/gen_hl2[19].membrane_buf/membrane_storage_reg[7][3]/D
                            (rising edge-triggered cell FDCE clocked by sys_clk_pin  {rise@0.000ns fall@5.000ns period=10.000ns})
  Path Group:             sys_clk_pin
  Path Type:              Hold (Min at Fast Process Corner)
  Requirement:            0.000ns  (sys_clk_pin rise@0.000ns - sys_clk_pin rise@0.000ns)
  Data Path Delay:        0.410ns  (logic 0.128ns (31.248%)  route 0.282ns (68.752%))
  Logic Levels:           0  
  Clock Path Skew:        0.333ns (DCD - SCD - CPR)
    Destination Clock Delay (DCD):    2.069ns
    Source Clock Delay      (SCD):    1.485ns
    Clock Pessimism Removal (CPR):    0.250ns

    Location             Delay type                Incr(ns)  Path(ns)    Netlist Resource(s)
  -------------------------------------------------------------------    -------------------
                         (clock sys_clk_pin rise edge)
                                                      0.000     0.000 r  
    E3                                                0.000     0.000 r  CLK100MHZ (IN)
                         net (fo=0)                   0.000     0.000    CLK100MHZ
    E3                   IBUF (Prop_ibuf_I_O)         0.250     0.250 r  CLK100MHZ_IBUF_inst/O
                         net (fo=1, routed)           0.644     0.894    CLK100MHZ_IBUF
    BUFGCTRL_X0Y16       BUFG (Prop_bufg_I_O)         0.026     0.920 r  CLK100MHZ_IBUF_BUFG_inst/O
                         net (fo=21148, routed)       0.566     1.485    u_accel/gen_nn_standard.u_accel/gen_hl2[19].hl2_lif/CLK100MHZ_IBUF_BUFG
    SLICE_X57Y51         FDCE                                         r  u_accel/gen_nn_standard.u_accel/gen_hl2[19].hl2_lif/membrane_potential_reg[3]/C
  -------------------------------------------------------------------    -------------------
    SLICE_X57Y51         FDCE (Prop_fdce_C_Q)         0.128     1.613 r  u_accel/gen_nn_standard.u_accel/gen_hl2[19].hl2_lif/membrane_potential_reg[3]/Q
                         net (fo=21, routed)          0.282     1.895    u_accel/gen_nn_standard.u_accel/gen_hl2[19].membrane_buf/D[3]
    SLICE_X52Y44         FDCE                                         r  u_accel/gen_nn_standard.u_accel/gen_hl2[19].membrane_buf/membrane_storage_reg[7][3]/D
  -------------------------------------------------------------------    -------------------

                         (clock sys_clk_pin rise edge)
                                                      0.000     0.000 r  
    E3                                                0.000     0.000 r  CLK100MHZ (IN)
                         net (fo=0)                   0.000     0.000    CLK100MHZ
    E3                   IBUF (Prop_ibuf_I_O)         0.438     0.438 r  CLK100MHZ_IBUF_inst/O
                         net (fo=1, routed)           0.699     1.136    CLK100MHZ_IBUF
    BUFGCTRL_X0Y16       BUFG (Prop_bufg_I_O)         0.029     1.165 r  CLK100MHZ_IBUF_BUFG_inst/O
                         net (fo=21148, routed)       0.904     2.069    u_accel/gen_nn_standard.u_accel/gen_hl2[19].membrane_buf/CLK100MHZ_IBUF_BUFG
    SLICE_X52Y44         FDCE                                         r  u_accel/gen_nn_standard.u_accel/gen_hl2[19].membrane_buf/membrane_storage_reg[7][3]/C
                         clock pessimism             -0.250     1.818    
    SLICE_X52Y44         FDCE (Hold_fdce_C_D)         0.017     1.835    u_accel/gen_nn_standard.u_accel/gen_hl2[19].membrane_buf/membrane_storage_reg[7][3]
  -------------------------------------------------------------------
                         required time                         -1.835    
                         arrival time                           1.895    
  -------------------------------------------------------------------
                         slack                                  0.060    

Slack (MET) :             0.063ns  (arrival time - required time)
  Source:                 u_accel/gen_nn_standard.u_accel/gen_hl2[12].hl2_lif/membrane_potential_reg[6]/C
                            (rising edge-triggered cell FDCE clocked by sys_clk_pin  {rise@0.000ns fall@5.000ns period=10.000ns})
  Destination:            u_accel/gen_nn_standard.u_accel/gen_hl2[12].membrane_buf/membrane_storage_reg[15][6]/D
                            (rising edge-triggered cell FDCE clocked by sys_clk_pin  {rise@0.000ns fall@5.000ns period=10.000ns})
  Path Group:             sys_clk_pin
  Path Type:              Hold (Min at Fast Process Corner)
  Requirement:            0.000ns  (sys_clk_pin rise@0.000ns - sys_clk_pin rise@0.000ns)
  Data Path Delay:        0.391ns  (logic 0.164ns (41.942%)  route 0.227ns (58.058%))
  Logic Levels:           0  
  Clock Path Skew:        0.265ns (DCD - SCD - CPR)
    Destination Clock Delay (DCD):    2.069ns
    Source Clock Delay      (SCD):    1.550ns
    Clock Pessimism Removal (CPR):    0.254ns

    Location             Delay type                Incr(ns)  Path(ns)    Netlist Resource(s)
  -------------------------------------------------------------------    -------------------
                         (clock sys_clk_pin rise edge)
                                                      0.000     0.000 r  
    E3                                                0.000     0.000 r  CLK100MHZ (IN)
                         net (fo=0)                   0.000     0.000    CLK100MHZ
    E3                   IBUF (Prop_ibuf_I_O)         0.250     0.250 r  CLK100MHZ_IBUF_inst/O
                         net (fo=1, routed)           0.644     0.894    CLK100MHZ_IBUF
    BUFGCTRL_X0Y16       BUFG (Prop_bufg_I_O)         0.026     0.920 r  CLK100MHZ_IBUF_BUFG_inst/O
                         net (fo=21148, routed)       0.630     1.550    u_accel/gen_nn_standard.u_accel/gen_hl2[12].hl2_lif/CLK100MHZ_IBUF_BUFG
    SLICE_X56Y9          FDCE                                         r  u_accel/gen_nn_standard.u_accel/gen_hl2[12].hl2_lif/membrane_potential_reg[6]/C
  -------------------------------------------------------------------    -------------------
    SLICE_X56Y9          FDCE (Prop_fdce_C_Q)         0.164     1.714 r  u_accel/gen_nn_standard.u_accel/gen_hl2[12].hl2_lif/membrane_potential_reg[6]/Q
                         net (fo=21, routed)          0.227     1.941    u_accel/gen_nn_standard.u_accel/gen_hl2[12].membrane_buf/D[6]
    SLICE_X50Y9          FDCE                                         r  u_accel/gen_nn_standard.u_accel/gen_hl2[12].membrane_buf/membrane_storage_reg[15][6]/D
  -------------------------------------------------------------------    -------------------

                         (clock sys_clk_pin rise edge)
                                                      0.000     0.000 r  
    E3                                                0.000     0.000 r  CLK100MHZ (IN)
                         net (fo=0)                   0.000     0.000    CLK100MHZ
    E3                   IBUF (Prop_ibuf_I_O)         0.438     0.438 r  CLK100MHZ_IBUF_inst/O
                         net (fo=1, routed)           0.699     1.136    CLK100MHZ_IBUF
    BUFGCTRL_X0Y16       BUFG (Prop_bufg_I_O)         0.029     1.165 r  CLK100MHZ_IBUF_BUFG_inst/O
                         net (fo=21148, routed)       0.904     2.069    u_accel/gen_nn_standard.u_accel/gen_hl2[12].membrane_buf/CLK100MHZ_IBUF_BUFG
    SLICE_X50Y9          FDCE                                         r  u_accel/gen_nn_standard.u_accel/gen_hl2[12].membrane_buf/membrane_storage_reg[15][6]/C
                         clock pessimism             -0.254     1.815    
    SLICE_X50Y9          FDCE (Hold_fdce_C_D)         0.063     1.878    u_accel/gen_nn_standard.u_accel/gen_hl2[12].membrane_buf/membrane_storage_reg[15][6]
  -------------------------------------------------------------------
                         required time                         -1.878    
                         arrival time                           1.941    
  -------------------------------------------------------------------
                         slack                                  0.063    

Slack (MET) :             0.064ns  (arrival time - required time)
  Source:                 u_accel/gen_nn_standard.u_accel/gen_hl2[3].membrane_buf/membrane_out_reg[15]/C
                            (rising edge-triggered cell FDCE clocked by sys_clk_pin  {rise@0.000ns fall@5.000ns period=10.000ns})
  Destination:            u_accel/gen_nn_standard.u_accel/q_accum/mem_sel_r_reg[0][3][15]/D
                            (rising edge-triggered cell FDCE clocked by sys_clk_pin  {rise@0.000ns fall@5.000ns period=10.000ns})
  Path Group:             sys_clk_pin
  Path Type:              Hold (Min at Fast Process Corner)
  Requirement:            0.000ns  (sys_clk_pin rise@0.000ns - sys_clk_pin rise@0.000ns)
  Data Path Delay:        0.433ns  (logic 0.248ns (57.279%)  route 0.185ns (42.721%))
  Logic Levels:           2  (LUT6=1 MUXF7=1)
  Clock Path Skew:        0.264ns (DCD - SCD - CPR)
    Destination Clock Delay (DCD):    1.988ns
    Source Clock Delay      (SCD):    1.473ns
    Clock Pessimism Removal (CPR):    0.250ns

    Location             Delay type                Incr(ns)  Path(ns)    Netlist Resource(s)
  -------------------------------------------------------------------    -------------------
                         (clock sys_clk_pin rise edge)
                                                      0.000     0.000 r  
    E3                                                0.000     0.000 r  CLK100MHZ (IN)
                         net (fo=0)                   0.000     0.000    CLK100MHZ
    E3                   IBUF (Prop_ibuf_I_O)         0.250     0.250 r  CLK100MHZ_IBUF_inst/O
                         net (fo=1, routed)           0.644     0.894    CLK100MHZ_IBUF
    BUFGCTRL_X0Y16       BUFG (Prop_bufg_I_O)         0.026     0.920 r  CLK100MHZ_IBUF_BUFG_inst/O
                         net (fo=21148, routed)       0.554     1.473    u_accel/gen_nn_standard.u_accel/gen_hl2[3].membrane_buf/CLK100MHZ_IBUF_BUFG
    SLICE_X52Y77         FDCE                                         r  u_accel/gen_nn_standard.u_accel/gen_hl2[3].membrane_buf/membrane_out_reg[15]/C
  -------------------------------------------------------------------    -------------------
    SLICE_X52Y77         FDCE (Prop_fdce_C_Q)         0.141     1.614 r  u_accel/gen_nn_standard.u_accel/gen_hl2[3].membrane_buf/membrane_out_reg[15]/Q
                         net (fo=1, routed)           0.185     1.799    u_accel/gen_nn_standard.u_accel/q_accum/mem_sel_r_reg[0][3][23]_3[15]
    SLICE_X51Y78         LUT6 (Prop_lut6_I5_O)        0.045     1.844 r  u_accel/gen_nn_standard.u_accel/q_accum/mem_sel_r[0][3][15]_i_2/O
                         net (fo=1, routed)           0.000     1.844    u_accel/gen_nn_standard.u_accel/q_accum/mem_sel_r[0][3][15]_i_2_n_0
    SLICE_X51Y78         MUXF7 (Prop_muxf7_I0_O)      0.062     1.906 r  u_accel/gen_nn_standard.u_accel/q_accum/mem_sel_r_reg[0][3][15]_i_1/O
                         net (fo=1, routed)           0.000     1.906    u_accel/gen_nn_standard.u_accel/q_accum/mem_sel_r_reg[0][3][15]_i_1_n_0
    SLICE_X51Y78         FDCE                                         r  u_accel/gen_nn_standard.u_accel/q_accum/mem_sel_r_reg[0][3][15]/D
  -------------------------------------------------------------------    -------------------

                         (clock sys_clk_pin rise edge)
                                                      0.000     0.000 r  
    E3                                                0.000     0.000 r  CLK100MHZ (IN)
                         net (fo=0)                   0.000     0.000    CLK100MHZ
    E3                   IBUF (Prop_ibuf_I_O)         0.438     0.438 r  CLK100MHZ_IBUF_inst/O
                         net (fo=1, routed)           0.699     1.136    CLK100MHZ_IBUF
    BUFGCTRL_X0Y16       BUFG (Prop_bufg_I_O)         0.029     1.165 r  CLK100MHZ_IBUF_BUFG_inst/O
                         net (fo=21148, routed)       0.823     1.988    u_accel/gen_nn_standard.u_accel/q_accum/CLK100MHZ_IBUF_BUFG
    SLICE_X51Y78         FDCE                                         r  u_accel/gen_nn_standard.u_accel/q_accum/mem_sel_r_reg[0][3][15]/C
                         clock pessimism             -0.250     1.737    
    SLICE_X51Y78         FDCE (Hold_fdce_C_D)         0.105     1.842    u_accel/gen_nn_standard.u_accel/q_accum/mem_sel_r_reg[0][3][15]
  -------------------------------------------------------------------
                         required time                         -1.842    
                         arrival time                           1.906    
  -------------------------------------------------------------------
                         slack                                  0.064    

Slack (MET) :             0.066ns  (arrival time - required time)
  Source:                 u_accel/u_ctrl/observations_reg[3][15]/C
                            (rising edge-triggered cell FDCE clocked by sys_clk_pin  {rise@0.000ns fall@5.000ns period=10.000ns})
  Destination:            u_accel/u_ctrl/rsp_payload_reg[7][7]/D
                            (rising edge-triggered cell FDCE clocked by sys_clk_pin  {rise@0.000ns fall@5.000ns period=10.000ns})
  Path Group:             sys_clk_pin
  Path Type:              Hold (Min at Fast Process Corner)
  Requirement:            0.000ns  (sys_clk_pin rise@0.000ns - sys_clk_pin rise@0.000ns)
  Data Path Delay:        0.435ns  (logic 0.209ns (48.095%)  route 0.226ns (51.905%))
  Logic Levels:           1  (LUT5=1)
  Clock Path Skew:        0.277ns (DCD - SCD - CPR)
    Destination Clock Delay (DCD):    2.004ns
    Source Clock Delay      (SCD):    1.481ns
    Clock Pessimism Removal (CPR):    0.245ns

    Location             Delay type                Incr(ns)  Path(ns)    Netlist Resource(s)
  -------------------------------------------------------------------    -------------------
                         (clock sys_clk_pin rise edge)
                                                      0.000     0.000 r  
    E3                                                0.000     0.000 r  CLK100MHZ (IN)
                         net (fo=0)                   0.000     0.000    CLK100MHZ
    E3                   IBUF (Prop_ibuf_I_O)         0.250     0.250 r  CLK100MHZ_IBUF_inst/O
                         net (fo=1, routed)           0.644     0.894    CLK100MHZ_IBUF
    BUFGCTRL_X0Y16       BUFG (Prop_bufg_I_O)         0.026     0.920 r  CLK100MHZ_IBUF_BUFG_inst/O
                         net (fo=21148, routed)       0.562     1.481    u_accel/u_ctrl/CLK100MHZ_IBUF_BUFG
    SLICE_X42Y105        FDCE                                         r  u_accel/u_ctrl/observations_reg[3][15]/C
  -------------------------------------------------------------------    -------------------
    SLICE_X42Y105        FDCE (Prop_fdce_C_Q)         0.164     1.645 r  u_accel/u_ctrl/observations_reg[3][15]/Q
                         net (fo=7, routed)           0.226     1.871    u_accel/u_ctrl/observations[3][15]
    SLICE_X45Y98         LUT5 (Prop_lut5_I1_O)        0.045     1.916 r  u_accel/u_ctrl/rsp_payload[7][7]_i_2/O
                         net (fo=1, routed)           0.000     1.916    u_accel/u_ctrl/(null)[7].reg_data[7]
    SLICE_X45Y98         FDCE                                         r  u_accel/u_ctrl/rsp_payload_reg[7][7]/D
  -------------------------------------------------------------------    -------------------

                         (clock sys_clk_pin rise edge)
                                                      0.000     0.000 r  
    E3                                                0.000     0.000 r  CLK100MHZ (IN)
                         net (fo=0)                   0.000     0.000    CLK100MHZ
    E3                   IBUF (Prop_ibuf_I_O)         0.438     0.438 r  CLK100MHZ_IBUF_inst/O
                         net (fo=1, routed)           0.699     1.136    CLK100MHZ_IBUF
    BUFGCTRL_X0Y16       BUFG (Prop_bufg_I_O)         0.029     1.165 r  CLK100MHZ_IBUF_BUFG_inst/O
                         net (fo=21148, routed)       0.839     2.004    u_accel/u_ctrl/CLK100MHZ_IBUF_BUFG
    SLICE_X45Y98         FDCE                                         r  u_accel/u_ctrl/rsp_payload_reg[7][7]/C
                         clock pessimism             -0.245     1.758    
    SLICE_X45Y98         FDCE (Hold_fdce_C_D)         0.092     1.850    u_accel/u_ctrl/rsp_payload_reg[7][7]
  -------------------------------------------------------------------
                         required time                         -1.850    
                         arrival time                           1.916    
  -------------------------------------------------------------------
                         slack                                  0.066    

Slack (MET) :             0.068ns  (arrival time - required time)
  Source:                 u_accel/gen_nn_standard.u_accel/gen_hl2[19].hl2_lif/membrane_potential_reg[21]/C
                            (rising edge-triggered cell FDCE clocked by sys_clk_pin  {rise@0.000ns fall@5.000ns period=10.000ns})
  Destination:            u_accel/gen_nn_standard.u_accel/gen_hl2[19].membrane_buf/membrane_storage_reg[19][21]/D
                            (rising edge-triggered cell FDCE clocked by sys_clk_pin  {rise@0.000ns fall@5.000ns period=10.000ns})
  Path Group:             sys_clk_pin
  Path Type:              Hold (Min at Fast Process Corner)
  Requirement:            0.000ns  (sys_clk_pin rise@0.000ns - sys_clk_pin rise@0.000ns)
  Data Path Delay:        0.404ns  (logic 0.164ns (40.563%)  route 0.240ns (59.437%))
  Logic Levels:           0  
  Clock Path Skew:        0.266ns (DCD - SCD - CPR)
    Destination Clock Delay (DCD):    2.001ns
    Source Clock Delay      (SCD):    1.484ns
    Clock Pessimism Removal (CPR):    0.250ns

    Location             Delay type                Incr(ns)  Path(ns)    Netlist Resource(s)
  -------------------------------------------------------------------    -------------------
                         (clock sys_clk_pin rise edge)
                                                      0.000     0.000 r  
    E3                                                0.000     0.000 r  CLK100MHZ (IN)
                         net (fo=0)                   0.000     0.000    CLK100MHZ
    E3                   IBUF (Prop_ibuf_I_O)         0.250     0.250 r  CLK100MHZ_IBUF_inst/O
                         net (fo=1, routed)           0.644     0.894    CLK100MHZ_IBUF
    BUFGCTRL_X0Y16       BUFG (Prop_bufg_I_O)         0.026     0.920 r  CLK100MHZ_IBUF_BUFG_inst/O
                         net (fo=21148, routed)       0.565     1.484    u_accel/gen_nn_standard.u_accel/gen_hl2[19].hl2_lif/CLK100MHZ_IBUF_BUFG
    SLICE_X54Y50         FDCE                                         r  u_accel/gen_nn_standard.u_accel/gen_hl2[19].hl2_lif/membrane_potential_reg[21]/C
  -------------------------------------------------------------------    -------------------
    SLICE_X54Y50         FDCE (Prop_fdce_C_Q)         0.164     1.648 r  u_accel/gen_nn_standard.u_accel/gen_hl2[19].hl2_lif/membrane_potential_reg[21]/Q
                         net (fo=21, routed)          0.240     1.889    u_accel/gen_nn_standard.u_accel/gen_hl2[19].membrane_buf/D[21]
    SLICE_X51Y51         FDCE                                         r  u_accel/gen_nn_standard.u_accel/gen_hl2[19].membrane_buf/membrane_storage_reg[19][21]/D
  -------------------------------------------------------------------    -------------------

                         (clock sys_clk_pin rise edge)
                                                      0.000     0.000 r  
    E3                                                0.000     0.000 r  CLK100MHZ (IN)
                         net (fo=0)                   0.000     0.000    CLK100MHZ
    E3                   IBUF (Prop_ibuf_I_O)         0.438     0.438 r  CLK100MHZ_IBUF_inst/O
                         net (fo=1, routed)           0.699     1.136    CLK100MHZ_IBUF
    BUFGCTRL_X0Y16       BUFG (Prop_bufg_I_O)         0.029     1.165 r  CLK100MHZ_IBUF_BUFG_inst/O
                         net (fo=21148, routed)       0.836     2.001    u_accel/gen_nn_standard.u_accel/gen_hl2[19].membrane_buf/CLK100MHZ_IBUF_BUFG
    SLICE_X51Y51         FDCE                                         r  u_accel/gen_nn_standard.u_accel/gen_hl2[19].membrane_buf/membrane_storage_reg[19][21]/C
                         clock pessimism             -0.250     1.750    
    SLICE_X51Y51         FDCE (Hold_fdce_C_D)         0.070     1.820    u_accel/gen_nn_standard.u_accel/gen_hl2[19].membrane_buf/membrane_storage_reg[19][21]
  -------------------------------------------------------------------
                         required time                         -1.820    
                         arrival time                           1.889    
  -------------------------------------------------------------------
                         slack                                  0.068    

Slack (MET) :             0.069ns  (arrival time - required time)
  Source:                 u_accel/u_ctrl/observations_reg[1][0]/C
                            (rising edge-triggered cell FDCE clocked by sys_clk_pin  {rise@0.000ns fall@5.000ns period=10.000ns})
  Destination:            u_accel/gen_nn_standard.u_accel/observations_registered_reg[1][0]/D
                            (rising edge-triggered cell FDCE clocked by sys_clk_pin  {rise@0.000ns fall@5.000ns period=10.000ns})
  Path Group:             sys_clk_pin
  Path Type:              Hold (Min at Fast Process Corner)
  Requirement:            0.000ns  (sys_clk_pin rise@0.000ns - sys_clk_pin rise@0.000ns)
  Data Path Delay:        0.405ns  (logic 0.141ns (34.848%)  route 0.264ns (65.152%))
  Logic Levels:           0  
  Clock Path Skew:        0.277ns (DCD - SCD - CPR)
    Destination Clock Delay (DCD):    2.001ns
    Source Clock Delay      (SCD):    1.478ns
    Clock Pessimism Removal (CPR):    0.245ns

    Location             Delay type                Incr(ns)  Path(ns)    Netlist Resource(s)
  -------------------------------------------------------------------    -------------------
                         (clock sys_clk_pin rise edge)
                                                      0.000     0.000 r  
    E3                                                0.000     0.000 r  CLK100MHZ (IN)
                         net (fo=0)                   0.000     0.000    CLK100MHZ
    E3                   IBUF (Prop_ibuf_I_O)         0.250     0.250 r  CLK100MHZ_IBUF_inst/O
                         net (fo=1, routed)           0.644     0.894    CLK100MHZ_IBUF
    BUFGCTRL_X0Y16       BUFG (Prop_bufg_I_O)         0.026     0.920 r  CLK100MHZ_IBUF_BUFG_inst/O
                         net (fo=21148, routed)       0.559     1.478    u_accel/u_ctrl/CLK100MHZ_IBUF_BUFG
    SLICE_X51Y103        FDCE                                         r  u_accel/u_ctrl/observations_reg[1][0]/C
  -------------------------------------------------------------------    -------------------
    SLICE_X51Y103        FDCE (Prop_fdce_C_Q)         0.141     1.619 r  u_accel/u_ctrl/observations_reg[1][0]/Q
                         net (fo=5, routed)           0.264     1.883    u_accel/gen_nn_standard.u_accel/observations[1][0]
    SLICE_X50Y99         FDCE                                         r  u_accel/gen_nn_standard.u_accel/observations_registered_reg[1][0]/D
  -------------------------------------------------------------------    -------------------

                         (clock sys_clk_pin rise edge)
                                                      0.000     0.000 r  
    E3                                                0.000     0.000 r  CLK100MHZ (IN)
                         net (fo=0)                   0.000     0.000    CLK100MHZ
    E3                   IBUF (Prop_ibuf_I_O)         0.438     0.438 r  CLK100MHZ_IBUF_inst/O
                         net (fo=1, routed)           0.699     1.136    CLK100MHZ_IBUF
    BUFGCTRL_X0Y16       BUFG (Prop_bufg_I_O)         0.029     1.165 r  CLK100MHZ_IBUF_BUFG_inst/O
                         net (fo=21148, routed)       0.836     2.001    u_accel/gen_nn_standard.u_accel/CLK100MHZ_IBUF_BUFG
    SLICE_X50Y99         FDCE                                         r  u_accel/gen_nn_standard.u_accel/observations_registered_reg[1][0]/C
                         clock pessimism             -0.245     1.755    
    SLICE_X50Y99         FDCE (Hold_fdce_C_D)         0.059     1.814    u_accel/gen_nn_standard.u_accel/observations_registered_reg[1][0]
  -------------------------------------------------------------------
                         required time                         -1.814    
                         arrival time                           1.883    
  -------------------------------------------------------------------
                         slack                                  0.069    

Slack (MET) :             0.070ns  (arrival time - required time)
  Source:                 u_accel/gen_nn_standard.u_accel/gen_hl2[20].hl2_lif/membrane_potential_reg[10]/C
                            (rising edge-triggered cell FDCE clocked by sys_clk_pin  {rise@0.000ns fall@5.000ns period=10.000ns})
  Destination:            u_accel/gen_nn_standard.u_accel/gen_hl2[20].membrane_buf/membrane_storage_reg[7][10]/D
                            (rising edge-triggered cell FDCE clocked by sys_clk_pin  {rise@0.000ns fall@5.000ns period=10.000ns})
  Path Group:             sys_clk_pin
  Path Type:              Hold (Min at Fast Process Corner)
  Requirement:            0.000ns  (sys_clk_pin rise@0.000ns - sys_clk_pin rise@0.000ns)
  Data Path Delay:        0.403ns  (logic 0.164ns (40.717%)  route 0.239ns (59.283%))
  Logic Levels:           0  
  Clock Path Skew:        0.263ns (DCD - SCD - CPR)
    Destination Clock Delay (DCD):    2.060ns
    Source Clock Delay      (SCD):    1.543ns
    Clock Pessimism Removal (CPR):    0.254ns

    Location             Delay type                Incr(ns)  Path(ns)    Netlist Resource(s)
  -------------------------------------------------------------------    -------------------
                         (clock sys_clk_pin rise edge)
                                                      0.000     0.000 r  
    E3                                                0.000     0.000 r  CLK100MHZ (IN)
                         net (fo=0)                   0.000     0.000    CLK100MHZ
    E3                   IBUF (Prop_ibuf_I_O)         0.250     0.250 r  CLK100MHZ_IBUF_inst/O
                         net (fo=1, routed)           0.644     0.894    CLK100MHZ_IBUF
    BUFGCTRL_X0Y16       BUFG (Prop_bufg_I_O)         0.026     0.920 r  CLK100MHZ_IBUF_BUFG_inst/O
                         net (fo=21148, routed)       0.623     1.543    u_accel/gen_nn_standard.u_accel/gen_hl2[20].hl2_lif/CLK100MHZ_IBUF_BUFG
    SLICE_X56Y19         FDCE                                         r  u_accel/gen_nn_standard.u_accel/gen_hl2[20].hl2_lif/membrane_potential_reg[10]/C
  -------------------------------------------------------------------    -------------------
    SLICE_X56Y19         FDCE (Prop_fdce_C_Q)         0.164     1.707 r  u_accel/gen_nn_standard.u_accel/gen_hl2[20].hl2_lif/membrane_potential_reg[10]/Q
                         net (fo=21, routed)          0.239     1.946    u_accel/gen_nn_standard.u_accel/gen_hl2[20].membrane_buf/D[10]
    SLICE_X51Y19         FDCE                                         r  u_accel/gen_nn_standard.u_accel/gen_hl2[20].membrane_buf/membrane_storage_reg[7][10]/D
  -------------------------------------------------------------------    -------------------

                         (clock sys_clk_pin rise edge)
                                                      0.000     0.000 r  
    E3                                                0.000     0.000 r  CLK100MHZ (IN)
                         net (fo=0)                   0.000     0.000    CLK100MHZ
    E3                   IBUF (Prop_ibuf_I_O)         0.438     0.438 r  CLK100MHZ_IBUF_inst/O
                         net (fo=1, routed)           0.699     1.136    CLK100MHZ_IBUF
    BUFGCTRL_X0Y16       BUFG (Prop_bufg_I_O)         0.029     1.165 r  CLK100MHZ_IBUF_BUFG_inst/O
                         net (fo=21148, routed)       0.895     2.060    u_accel/gen_nn_standard.u_accel/gen_hl2[20].membrane_buf/CLK100MHZ_IBUF_BUFG
    SLICE_X51Y19         FDCE                                         r  u_accel/gen_nn_standard.u_accel/gen_hl2[20].membrane_buf/membrane_storage_reg[7][10]/C
                         clock pessimism             -0.254     1.806    
    SLICE_X51Y19         FDCE (Hold_fdce_C_D)         0.070     1.876    u_accel/gen_nn_standard.u_accel/gen_hl2[20].membrane_buf/membrane_storage_reg[7][10]
  -------------------------------------------------------------------
                         required time                         -1.876    
                         arrival time                           1.946    
  -------------------------------------------------------------------
                         slack                                  0.070    





Pulse Width Checks
--------------------------------------------------------------------------------------
Clock Name:         sys_clk_pin
Waveform(ns):       { 0.000 5.000 }
Period(ns):         10.000
Sources:            { CLK100MHZ }

Check Type        Corner  Lib Pin      Reference Pin  Required(ns)  Actual(ns)  Slack(ns)  Location        Pin
Min Period        n/a     BUFG/I       n/a            2.155         10.000      7.845      BUFGCTRL_X0Y16  CLK100MHZ_IBUF_BUFG_inst/I
Min Period        n/a     DSP48E1/CLK  n/a            2.154         10.000      7.846      DSP48_X1Y11     u_accel/gen_nn_standard.u_accel/q_accum/p_0_out/CLK
Min Period        n/a     DSP48E1/CLK  n/a            2.154         10.000      7.846      DSP48_X1Y13     u_accel/gen_nn_standard.u_accel/q_accum/p_0_out__0/CLK
Min Period        n/a     DSP48E1/CLK  n/a            2.154         10.000      7.846      DSP48_X1Y10     u_accel/gen_nn_standard.u_accel/q_accum/p_0_out__3/CLK
Min Period        n/a     DSP48E1/CLK  n/a            2.154         10.000      7.846      DSP48_X1Y12     u_accel/gen_nn_standard.u_accel/q_accum/p_0_out__4/CLK
Min Period        n/a     DSP48E1/CLK  n/a            2.154         10.000      7.846      DSP48_X1Y8      u_accel/gen_nn_standard.u_accel/q_accum/p_0_out__5/CLK
Min Period        n/a     FDCE/C       n/a            1.000         10.000      9.000      SLICE_X35Y101   action_q_reg/C
Min Period        n/a     FDRE/C       n/a            1.000         10.000      9.000      SLICE_X0Y51     heartbeat_count_reg[0]/C
Min Period        n/a     FDRE/C       n/a            1.000         10.000      9.000      SLICE_X0Y53     heartbeat_count_reg[10]/C
Min Period        n/a     FDRE/C       n/a            1.000         10.000      9.000      SLICE_X0Y53     heartbeat_count_reg[11]/C
Low Pulse Width   Slow    FDCE/C       n/a            0.500         5.000       4.500      SLICE_X35Y101   action_q_reg/C
Low Pulse Width   Fast    FDCE/C       n/a            0.500         5.000       4.500      SLICE_X35Y101   action_q_reg/C
Low Pulse Width   Slow    FDRE/C       n/a            0.500         5.000       4.500      SLICE_X0Y51     heartbeat_count_reg[0]/C
Low Pulse Width   Fast    FDRE/C       n/a            0.500         5.000       4.500      SLICE_X0Y51     heartbeat_count_reg[0]/C
Low Pulse Width   Slow    FDRE/C       n/a            0.500         5.000       4.500      SLICE_X0Y53     heartbeat_count_reg[10]/C
Low Pulse Width   Fast    FDRE/C       n/a            0.500         5.000       4.500      SLICE_X0Y53     heartbeat_count_reg[10]/C
Low Pulse Width   Slow    FDRE/C       n/a            0.500         5.000       4.500      SLICE_X0Y53     heartbeat_count_reg[11]/C
Low Pulse Width   Fast    FDRE/C       n/a            0.500         5.000       4.500      SLICE_X0Y53     heartbeat_count_reg[11]/C
Low Pulse Width   Slow    FDRE/C       n/a            0.500         5.000       4.500      SLICE_X0Y54     heartbeat_count_reg[12]/C
Low Pulse Width   Fast    FDRE/C       n/a            0.500         5.000       4.500      SLICE_X0Y54     heartbeat_count_reg[12]/C
High Pulse Width  Slow    FDCE/C       n/a            0.500         5.000       4.500      SLICE_X35Y101   action_q_reg/C
High Pulse Width  Fast    FDCE/C       n/a            0.500         5.000       4.500      SLICE_X35Y101   action_q_reg/C
High Pulse Width  Slow    FDRE/C       n/a            0.500         5.000       4.500      SLICE_X0Y51     heartbeat_count_reg[0]/C
High Pulse Width  Fast    FDRE/C       n/a            0.500         5.000       4.500      SLICE_X0Y51     heartbeat_count_reg[0]/C
High Pulse Width  Slow    FDRE/C       n/a            0.500         5.000       4.500      SLICE_X0Y53     heartbeat_count_reg[10]/C
High Pulse Width  Fast    FDRE/C       n/a            0.500         5.000       4.500      SLICE_X0Y53     heartbeat_count_reg[10]/C
High Pulse Width  Slow    FDRE/C       n/a            0.500         5.000       4.500      SLICE_X0Y53     heartbeat_count_reg[11]/C
High Pulse Width  Fast    FDRE/C       n/a            0.500         5.000       4.500      SLICE_X0Y53     heartbeat_count_reg[11]/C
High Pulse Width  Slow    FDRE/C       n/a            0.500         5.000       4.500      SLICE_X0Y54     heartbeat_count_reg[12]/C
High Pulse Width  Fast    FDRE/C       n/a            0.500         5.000       4.500      SLICE_X0Y54     heartbeat_count_reg[12]/C



--------------------------------------------------------------------------------------
Path Group:  (none)
From Clock:  sys_clk_pin
  To Clock:  

Max Delay             4 Endpoints
Min Delay             4 Endpoints
--------------------------------------------------------------------------------------


Max Delay Paths
--------------------------------------------------------------------------------------
Slack:                    inf
  Source:                 u_accel/u_uart_tx/tx_reg/C
                            (rising edge-triggered cell FDPE clocked by sys_clk_pin  {rise@0.000ns fall@5.000ns period=10.000ns})
  Destination:            UART_RXD_OUT
                            (output port)
  Path Group:             (none)
  Path Type:              Max at Slow Process Corner
  Data Path Delay:        8.054ns  (logic 4.073ns (50.577%)  route 3.980ns (49.423%))
  Logic Levels:           1  (OBUF=1)
  Clock Uncertainty:      0.025ns  ((TSJ^2 + TIJ^2)^1/2 + DJ) / 2 + PE
    Total System Jitter     (TSJ):    0.050ns
    Total Input Jitter      (TIJ):    0.000ns
    Discrete Jitter          (DJ):    0.000ns
    Phase Error              (PE):    0.000ns

    Location             Delay type                Incr(ns)  Path(ns)    Netlist Resource(s)
  -------------------------------------------------------------------    -------------------
                         (clock sys_clk_pin rise edge)
                                                      0.000     0.000 r  
    E3                                                0.000     0.000 r  CLK100MHZ (IN)
                         net (fo=0)                   0.000     0.000    CLK100MHZ
    E3                   IBUF (Prop_ibuf_I_O)         1.482     1.482 r  CLK100MHZ_IBUF_inst/O
                         net (fo=1, routed)           2.025     3.506    CLK100MHZ_IBUF
    BUFGCTRL_X0Y16       BUFG (Prop_bufg_I_O)         0.096     3.602 r  CLK100MHZ_IBUF_BUFG_inst/O
                         net (fo=21148, routed)       1.622     5.224    u_accel/u_uart_tx/CLK100MHZ_IBUF_BUFG
    SLICE_X30Y111        FDPE                                         r  u_accel/u_uart_tx/tx_reg/C
  -------------------------------------------------------------------    -------------------
    SLICE_X30Y111        FDPE (Prop_fdpe_C_Q)         0.518     5.742 r  u_accel/u_uart_tx/tx_reg/Q
                         net (fo=1, routed)           3.980     9.723    UART_RXD_OUT_OBUF
    D4                   OBUF (Prop_obuf_I_O)         3.555    13.278 r  UART_RXD_OUT_OBUF_inst/O
                         net (fo=0)                   0.000    13.278    UART_RXD_OUT
    D4                                                                r  UART_RXD_OUT (OUT)
  -------------------------------------------------------------------    -------------------

Slack:                    inf
  Source:                 u_accel/accel_busy_reg/C
                            (rising edge-triggered cell FDCE clocked by sys_clk_pin  {rise@0.000ns fall@5.000ns period=10.000ns})
  Destination:            LED[0]
                            (output port)
  Path Group:             (none)
  Path Type:              Max at Slow Process Corner
  Data Path Delay:        7.036ns  (logic 3.976ns (56.516%)  route 3.059ns (43.484%))
  Logic Levels:           1  (OBUF=1)
  Clock Uncertainty:      0.025ns  ((TSJ^2 + TIJ^2)^1/2 + DJ) / 2 + PE
    Total System Jitter     (TSJ):    0.050ns
    Total Input Jitter      (TIJ):    0.000ns
    Discrete Jitter          (DJ):    0.000ns
    Phase Error              (PE):    0.000ns

    Location             Delay type                Incr(ns)  Path(ns)    Netlist Resource(s)
  -------------------------------------------------------------------    -------------------
                         (clock sys_clk_pin rise edge)
                                                      0.000     0.000 r  
    E3                                                0.000     0.000 r  CLK100MHZ (IN)
                         net (fo=0)                   0.000     0.000    CLK100MHZ
    E3                   IBUF (Prop_ibuf_I_O)         1.482     1.482 r  CLK100MHZ_IBUF_inst/O
                         net (fo=1, routed)           2.025     3.506    CLK100MHZ_IBUF
    BUFGCTRL_X0Y16       BUFG (Prop_bufg_I_O)         0.096     3.602 r  CLK100MHZ_IBUF_BUFG_inst/O
                         net (fo=21148, routed)       1.623     5.225    u_accel/CLK100MHZ_IBUF_BUFG
    SLICE_X39Y104        FDCE                                         r  u_accel/accel_busy_reg/C
  -------------------------------------------------------------------    -------------------
    SLICE_X39Y104        FDCE (Prop_fdce_C_Q)         0.456     5.681 r  u_accel/accel_busy_reg/Q
                         net (fo=18, routed)          3.059     8.741    LED_OBUF[0]
    H17                  OBUF (Prop_obuf_I_O)         3.520    12.261 r  LED_OBUF[0]_inst/O
                         net (fo=0)                   0.000    12.261    LED[0]
    H17                                                               r  LED[0] (OUT)
  -------------------------------------------------------------------    -------------------

Slack:                    inf
  Source:                 action_q_reg/C
                            (rising edge-triggered cell FDCE clocked by sys_clk_pin  {rise@0.000ns fall@5.000ns period=10.000ns})
  Destination:            LED[1]
                            (output port)
  Path Group:             (none)
  Path Type:              Max at Slow Process Corner
  Data Path Delay:        6.593ns  (logic 3.991ns (60.535%)  route 2.602ns (39.465%))
  Logic Levels:           1  (OBUF=1)
  Clock Uncertainty:      0.025ns  ((TSJ^2 + TIJ^2)^1/2 + DJ) / 2 + PE
    Total System Jitter     (TSJ):    0.050ns
    Total Input Jitter      (TIJ):    0.000ns
    Discrete Jitter          (DJ):    0.000ns
    Phase Error              (PE):    0.000ns

    Location             Delay type                Incr(ns)  Path(ns)    Netlist Resource(s)
  -------------------------------------------------------------------    -------------------
                         (clock sys_clk_pin rise edge)
                                                      0.000     0.000 r  
    E3                                                0.000     0.000 r  CLK100MHZ (IN)
                         net (fo=0)                   0.000     0.000    CLK100MHZ
    E3                   IBUF (Prop_ibuf_I_O)         1.482     1.482 r  CLK100MHZ_IBUF_inst/O
                         net (fo=1, routed)           2.025     3.506    CLK100MHZ_IBUF
    BUFGCTRL_X0Y16       BUFG (Prop_bufg_I_O)         0.096     3.602 r  CLK100MHZ_IBUF_BUFG_inst/O
                         net (fo=21148, routed)       1.625     5.227    CLK100MHZ_IBUF_BUFG
    SLICE_X35Y101        FDCE                                         r  action_q_reg/C
  -------------------------------------------------------------------    -------------------
    SLICE_X35Y101        FDCE (Prop_fdce_C_Q)         0.456     5.683 r  action_q_reg/Q
                         net (fo=1, routed)           2.602     8.285    LED_OBUF[1]
    K15                  OBUF (Prop_obuf_I_O)         3.535    11.821 r  LED_OBUF[1]_inst/O
                         net (fo=0)                   0.000    11.821    LED[1]
    K15                                                               r  LED[1] (OUT)
  -------------------------------------------------------------------    -------------------

Slack:                    inf
  Source:                 heartbeat_count_reg[24]/C
                            (rising edge-triggered cell FDRE clocked by sys_clk_pin  {rise@0.000ns fall@5.000ns period=10.000ns})
  Destination:            LED[15]
                            (output port)
  Path Group:             (none)
  Path Type:              Max at Slow Process Corner
  Data Path Delay:        5.572ns  (logic 4.025ns (72.236%)  route 1.547ns (27.764%))
  Logic Levels:           1  (OBUF=1)
  Clock Uncertainty:      0.025ns  ((TSJ^2 + TIJ^2)^1/2 + DJ) / 2 + PE
    Total System Jitter     (TSJ):    0.050ns
    Total Input Jitter      (TIJ):    0.000ns
    Discrete Jitter          (DJ):    0.000ns
    Phase Error              (PE):    0.000ns

    Location             Delay type                Incr(ns)  Path(ns)    Netlist Resource(s)
  -------------------------------------------------------------------    -------------------
                         (clock sys_clk_pin rise edge)
                                                      0.000     0.000 r  
    E3                                                0.000     0.000 r  CLK100MHZ (IN)
                         net (fo=0)                   0.000     0.000    CLK100MHZ
    E3                   IBUF (Prop_ibuf_I_O)         1.482     1.482 r  CLK100MHZ_IBUF_inst/O
                         net (fo=1, routed)           2.025     3.506    CLK100MHZ_IBUF
    BUFGCTRL_X0Y16       BUFG (Prop_bufg_I_O)         0.096     3.602 r  CLK100MHZ_IBUF_BUFG_inst/O
                         net (fo=21148, routed)       1.724     5.327    CLK100MHZ_IBUF_BUFG
    SLICE_X0Y57          FDRE                                         r  heartbeat_count_reg[24]/C
  -------------------------------------------------------------------    -------------------
    SLICE_X0Y57          FDRE (Prop_fdre_C_Q)         0.456     5.783 r  heartbeat_count_reg[24]/Q
                         net (fo=2, routed)           1.547     7.330    LED_OBUF[15]
    V11                  OBUF (Prop_obuf_I_O)         3.569    10.899 r  LED_OBUF[15]_inst/O
                         net (fo=0)                   0.000    10.899    LED[15]
    V11                                                               r  LED[15] (OUT)
  -------------------------------------------------------------------    -------------------





Min Delay Paths
--------------------------------------------------------------------------------------
Slack:                    inf
  Source:                 heartbeat_count_reg[24]/C
                            (rising edge-triggered cell FDRE clocked by sys_clk_pin  {rise@0.000ns fall@5.000ns period=10.000ns})
  Destination:            LED[15]
                            (output port)
  Path Group:             (none)
  Path Type:              Min at Fast Process Corner
  Data Path Delay:        1.710ns  (logic 1.410ns (82.462%)  route 0.300ns (17.538%))
  Logic Levels:           1  (OBUF=1)
  Clock Uncertainty:      0.025ns  ((TSJ^2 + TIJ^2)^1/2 + DJ) / 2 + PE
    Total System Jitter     (TSJ):    0.050ns
    Total Input Jitter      (TIJ):    0.000ns
    Discrete Jitter          (DJ):    0.000ns
    Phase Error              (PE):    0.000ns

    Location             Delay type                Incr(ns)  Path(ns)    Netlist Resource(s)
  -------------------------------------------------------------------    -------------------
                         (clock sys_clk_pin rise edge)
                                                      0.000     0.000 r  
    E3                                                0.000     0.000 r  CLK100MHZ (IN)
                         net (fo=0)                   0.000     0.000    CLK100MHZ
    E3                   IBUF (Prop_ibuf_I_O)         0.250     0.250 r  CLK100MHZ_IBUF_inst/O
                         net (fo=1, routed)           0.644     0.894    CLK100MHZ_IBUF
    BUFGCTRL_X0Y16       BUFG (Prop_bufg_I_O)         0.026     0.920 r  CLK100MHZ_IBUF_BUFG_inst/O
                         net (fo=21148, routed)       0.603     1.522    CLK100MHZ_IBUF_BUFG
    SLICE_X0Y57          FDRE                                         r  heartbeat_count_reg[24]/C
  -------------------------------------------------------------------    -------------------
    SLICE_X0Y57          FDRE (Prop_fdre_C_Q)         0.141     1.663 r  heartbeat_count_reg[24]/Q
                         net (fo=2, routed)           0.300     1.963    LED_OBUF[15]
    V11                  OBUF (Prop_obuf_I_O)         1.269     3.233 r  LED_OBUF[15]_inst/O
                         net (fo=0)                   0.000     3.233    LED[15]
    V11                                                               r  LED[15] (OUT)
  -------------------------------------------------------------------    -------------------

Slack:                    inf
  Source:                 action_q_reg/C
                            (rising edge-triggered cell FDCE clocked by sys_clk_pin  {rise@0.000ns fall@5.000ns period=10.000ns})
  Destination:            LED[1]
                            (output port)
  Path Group:             (none)
  Path Type:              Min at Fast Process Corner
  Data Path Delay:        2.127ns  (logic 1.377ns (64.740%)  route 0.750ns (35.260%))
  Logic Levels:           1  (OBUF=1)
  Clock Uncertainty:      0.025ns  ((TSJ^2 + TIJ^2)^1/2 + DJ) / 2 + PE
    Total System Jitter     (TSJ):    0.050ns
    Total Input Jitter      (TIJ):    0.000ns
    Discrete Jitter          (DJ):    0.000ns
    Phase Error              (PE):    0.000ns

    Location             Delay type                Incr(ns)  Path(ns)    Netlist Resource(s)
  -------------------------------------------------------------------    -------------------
                         (clock sys_clk_pin rise edge)
                                                      0.000     0.000 r  
    E3                                                0.000     0.000 r  CLK100MHZ (IN)
                         net (fo=0)                   0.000     0.000    CLK100MHZ
    E3                   IBUF (Prop_ibuf_I_O)         0.250     0.250 r  CLK100MHZ_IBUF_inst/O
                         net (fo=1, routed)           0.644     0.894    CLK100MHZ_IBUF
    BUFGCTRL_X0Y16       BUFG (Prop_bufg_I_O)         0.026     0.920 r  CLK100MHZ_IBUF_BUFG_inst/O
                         net (fo=21148, routed)       0.565     1.484    CLK100MHZ_IBUF_BUFG
    SLICE_X35Y101        FDCE                                         r  action_q_reg/C
  -------------------------------------------------------------------    -------------------
    SLICE_X35Y101        FDCE (Prop_fdce_C_Q)         0.141     1.625 r  action_q_reg/Q
                         net (fo=1, routed)           0.750     2.375    LED_OBUF[1]
    K15                  OBUF (Prop_obuf_I_O)         1.236     3.612 r  LED_OBUF[1]_inst/O
                         net (fo=0)                   0.000     3.612    LED[1]
    K15                                                               r  LED[1] (OUT)
  -------------------------------------------------------------------    -------------------

Slack:                    inf
  Source:                 u_accel/accel_busy_reg/C
                            (rising edge-triggered cell FDCE clocked by sys_clk_pin  {rise@0.000ns fall@5.000ns period=10.000ns})
  Destination:            LED[0]
                            (output port)
  Path Group:             (none)
  Path Type:              Min at Fast Process Corner
  Data Path Delay:        2.329ns  (logic 1.362ns (58.499%)  route 0.966ns (41.501%))
  Logic Levels:           1  (OBUF=1)
  Clock Uncertainty:      0.025ns  ((TSJ^2 + TIJ^2)^1/2 + DJ) / 2 + PE
    Total System Jitter     (TSJ):    0.050ns
    Total Input Jitter      (TIJ):    0.000ns
    Discrete Jitter          (DJ):    0.000ns
    Phase Error              (PE):    0.000ns

    Location             Delay type                Incr(ns)  Path(ns)    Netlist Resource(s)
  -------------------------------------------------------------------    -------------------
                         (clock sys_clk_pin rise edge)
                                                      0.000     0.000 r  
    E3                                                0.000     0.000 r  CLK100MHZ (IN)
                         net (fo=0)                   0.000     0.000    CLK100MHZ
    E3                   IBUF (Prop_ibuf_I_O)         0.250     0.250 r  CLK100MHZ_IBUF_inst/O
                         net (fo=1, routed)           0.644     0.894    CLK100MHZ_IBUF
    BUFGCTRL_X0Y16       BUFG (Prop_bufg_I_O)         0.026     0.920 r  CLK100MHZ_IBUF_BUFG_inst/O
                         net (fo=21148, routed)       0.562     1.481    u_accel/CLK100MHZ_IBUF_BUFG
    SLICE_X39Y104        FDCE                                         r  u_accel/accel_busy_reg/C
  -------------------------------------------------------------------    -------------------
    SLICE_X39Y104        FDCE (Prop_fdce_C_Q)         0.141     1.622 r  u_accel/accel_busy_reg/Q
                         net (fo=18, routed)          0.966     2.589    LED_OBUF[0]
    H17                  OBUF (Prop_obuf_I_O)         1.221     3.810 r  LED_OBUF[0]_inst/O
                         net (fo=0)                   0.000     3.810    LED[0]
    H17                                                               r  LED[0] (OUT)
  -------------------------------------------------------------------    -------------------

Slack:                    inf
  Source:                 u_accel/u_uart_tx/tx_reg/C
                            (rising edge-triggered cell FDPE clocked by sys_clk_pin  {rise@0.000ns fall@5.000ns period=10.000ns})
  Destination:            UART_RXD_OUT
                            (output port)
  Path Group:             (none)
  Path Type:              Min at Fast Process Corner
  Data Path Delay:        2.857ns  (logic 1.420ns (49.695%)  route 1.437ns (50.305%))
  Logic Levels:           1  (OBUF=1)
  Clock Uncertainty:      0.025ns  ((TSJ^2 + TIJ^2)^1/2 + DJ) / 2 + PE
    Total System Jitter     (TSJ):    0.050ns
    Total Input Jitter      (TIJ):    0.000ns
    Discrete Jitter          (DJ):    0.000ns
    Phase Error              (PE):    0.000ns

    Location             Delay type                Incr(ns)  Path(ns)    Netlist Resource(s)
  -------------------------------------------------------------------    -------------------
                         (clock sys_clk_pin rise edge)
                                                      0.000     0.000 r  
    E3                                                0.000     0.000 r  CLK100MHZ (IN)
                         net (fo=0)                   0.000     0.000    CLK100MHZ
    E3                   IBUF (Prop_ibuf_I_O)         0.250     0.250 r  CLK100MHZ_IBUF_inst/O
                         net (fo=1, routed)           0.644     0.894    CLK100MHZ_IBUF
    BUFGCTRL_X0Y16       BUFG (Prop_bufg_I_O)         0.026     0.920 r  CLK100MHZ_IBUF_BUFG_inst/O
                         net (fo=21148, routed)       0.563     1.482    u_accel/u_uart_tx/CLK100MHZ_IBUF_BUFG
    SLICE_X30Y111        FDPE                                         r  u_accel/u_uart_tx/tx_reg/C
  -------------------------------------------------------------------    -------------------
    SLICE_X30Y111        FDPE (Prop_fdpe_C_Q)         0.164     1.646 r  u_accel/u_uart_tx/tx_reg/Q
                         net (fo=1, routed)           1.437     3.084    UART_RXD_OUT_OBUF
    D4                   OBUF (Prop_obuf_I_O)         1.256     4.340 r  UART_RXD_OUT_OBUF_inst/O
                         net (fo=0)                   0.000     4.340    UART_RXD_OUT
    D4                                                                r  UART_RXD_OUT (OUT)
  -------------------------------------------------------------------    -------------------





--------------------------------------------------------------------------------------
Path Group:  (none)
From Clock:  
  To Clock:  sys_clk_pin

Max Delay         21070 Endpoints
Min Delay         21070 Endpoints
--------------------------------------------------------------------------------------


Max Delay Paths
--------------------------------------------------------------------------------------
Slack:                    inf
  Source:                 CPU_RESETN
                            (input port)
  Destination:            u_accel/gen_nn_standard.u_accel/gen_hl2[12].membrane_buf/membrane_storage_reg[17][0]/CLR
                            (recovery check against rising-edge clock sys_clk_pin  {rise@0.000ns fall@5.000ns period=10.000ns})
  Path Group:             (none)
  Path Type:              Recovery (Max at Slow Process Corner)
  Data Path Delay:        12.844ns  (logic 1.631ns (12.699%)  route 11.213ns (87.301%))
  Logic Levels:           2  (IBUF=1 LUT1=1)
  Clock Path Skew:        5.097ns (DCD - SCD + CPR)
    Destination Clock Delay (DCD):    5.097ns
    Source Clock Delay      (SCD):    0.000ns
    Clock Pessimism Removal (CPR):    0.000ns
  Clock Uncertainty:      0.025ns  ((TSJ^2 + TIJ^2)^1/2 + DJ) / 2 + PE
    Total System Jitter     (TSJ):    0.050ns
    Total Input Jitter      (TIJ):    0.000ns
    Discrete Jitter          (DJ):    0.000ns
    Phase Error              (PE):    0.000ns

    Location             Delay type                Incr(ns)  Path(ns)    Netlist Resource(s)
  -------------------------------------------------------------------    -------------------
    C12                                               0.000     0.000 r  CPU_RESETN (IN)
                         net (fo=0)                   0.000     0.000    CPU_RESETN
    C12                  IBUF (Prop_ibuf_I_O)         1.507     1.507 r  CPU_RESETN_IBUF_inst/O
                         net (fo=24, routed)          2.358     3.865    u_accel/gen_nn_standard.u_accel/fc1/CPU_RESETN_IBUF
    SLICE_X6Y120         LUT1 (Prop_lut1_I0_O)        0.124     3.989 f  u_accel/gen_nn_standard.u_accel/fc1/membrane_potential[23]_i_3__56/O
                         net (fo=20860, routed)       8.855    12.844    u_accel/gen_nn_standard.u_accel/gen_hl2[12].membrane_buf/membrane_out_reg[0]_0
    SLICE_X58Y2          FDCE                                         f  u_accel/gen_nn_standard.u_accel/gen_hl2[12].membrane_buf/membrane_storage_reg[17][0]/CLR
  -------------------------------------------------------------------    -------------------

                         (clock sys_clk_pin rise edge)
                                                      0.000     0.000 r  
    E3                                                0.000     0.000 r  CLK100MHZ (IN)
                         net (fo=0)                   0.000     0.000    CLK100MHZ
    E3                   IBUF (Prop_ibuf_I_O)         1.411     1.411 r  CLK100MHZ_IBUF_inst/O
                         net (fo=1, routed)           1.920     3.331    CLK100MHZ_IBUF
    BUFGCTRL_X0Y16       BUFG (Prop_bufg_I_O)         0.091     3.422 r  CLK100MHZ_IBUF_BUFG_inst/O
                         net (fo=21148, routed)       1.675     5.097    u_accel/gen_nn_standard.u_accel/gen_hl2[12].membrane_buf/CLK100MHZ_IBUF_BUFG
    SLICE_X58Y2          FDCE                                         r  u_accel/gen_nn_standard.u_accel/gen_hl2[12].membrane_buf/membrane_storage_reg[17][0]/C

Slack:                    inf
  Source:                 CPU_RESETN
                            (input port)
  Destination:            u_accel/gen_nn_standard.u_accel/gen_hl2[12].membrane_buf/membrane_storage_reg[18][0]/CLR
                            (recovery check against rising-edge clock sys_clk_pin  {rise@0.000ns fall@5.000ns period=10.000ns})
  Path Group:             (none)
  Path Type:              Recovery (Max at Slow Process Corner)
  Data Path Delay:        12.844ns  (logic 1.631ns (12.699%)  route 11.213ns (87.301%))
  Logic Levels:           2  (IBUF=1 LUT1=1)
  Clock Path Skew:        5.097ns (DCD - SCD + CPR)
    Destination Clock Delay (DCD):    5.097ns
    Source Clock Delay      (SCD):    0.000ns
    Clock Pessimism Removal (CPR):    0.000ns
  Clock Uncertainty:      0.025ns  ((TSJ^2 + TIJ^2)^1/2 + DJ) / 2 + PE
    Total System Jitter     (TSJ):    0.050ns
    Total Input Jitter      (TIJ):    0.000ns
    Discrete Jitter          (DJ):    0.000ns
    Phase Error              (PE):    0.000ns

    Location             Delay type                Incr(ns)  Path(ns)    Netlist Resource(s)
  -------------------------------------------------------------------    -------------------
    C12                                               0.000     0.000 r  CPU_RESETN (IN)
                         net (fo=0)                   0.000     0.000    CPU_RESETN
    C12                  IBUF (Prop_ibuf_I_O)         1.507     1.507 r  CPU_RESETN_IBUF_inst/O
                         net (fo=24, routed)          2.358     3.865    u_accel/gen_nn_standard.u_accel/fc1/CPU_RESETN_IBUF
    SLICE_X6Y120         LUT1 (Prop_lut1_I0_O)        0.124     3.989 f  u_accel/gen_nn_standard.u_accel/fc1/membrane_potential[23]_i_3__56/O
                         net (fo=20860, routed)       8.855    12.844    u_accel/gen_nn_standard.u_accel/gen_hl2[12].membrane_buf/membrane_out_reg[0]_0
    SLICE_X59Y2          FDCE                                         f  u_accel/gen_nn_standard.u_accel/gen_hl2[12].membrane_buf/membrane_storage_reg[18][0]/CLR
  -------------------------------------------------------------------    -------------------

                         (clock sys_clk_pin rise edge)
                                                      0.000     0.000 r  
    E3                                                0.000     0.000 r  CLK100MHZ (IN)
                         net (fo=0)                   0.000     0.000    CLK100MHZ
    E3                   IBUF (Prop_ibuf_I_O)         1.411     1.411 r  CLK100MHZ_IBUF_inst/O
                         net (fo=1, routed)           1.920     3.331    CLK100MHZ_IBUF
    BUFGCTRL_X0Y16       BUFG (Prop_bufg_I_O)         0.091     3.422 r  CLK100MHZ_IBUF_BUFG_inst/O
                         net (fo=21148, routed)       1.675     5.097    u_accel/gen_nn_standard.u_accel/gen_hl2[12].membrane_buf/CLK100MHZ_IBUF_BUFG
    SLICE_X59Y2          FDCE                                         r  u_accel/gen_nn_standard.u_accel/gen_hl2[12].membrane_buf/membrane_storage_reg[18][0]/C

Slack:                    inf
  Source:                 CPU_RESETN
                            (input port)
  Destination:            u_accel/gen_nn_standard.u_accel/gen_hl2[4].membrane_buf/membrane_storage_reg[17][23]/CLR
                            (recovery check against rising-edge clock sys_clk_pin  {rise@0.000ns fall@5.000ns period=10.000ns})
  Path Group:             (none)
  Path Type:              Recovery (Max at Slow Process Corner)
  Data Path Delay:        12.844ns  (logic 1.631ns (12.699%)  route 11.213ns (87.301%))
  Logic Levels:           2  (IBUF=1 LUT1=1)
  Clock Path Skew:        5.097ns (DCD - SCD + CPR)
    Destination Clock Delay (DCD):    5.097ns
    Source Clock Delay      (SCD):    0.000ns
    Clock Pessimism Removal (CPR):    0.000ns
  Clock Uncertainty:      0.025ns  ((TSJ^2 + TIJ^2)^1/2 + DJ) / 2 + PE
    Total System Jitter     (TSJ):    0.050ns
    Total Input Jitter      (TIJ):    0.000ns
    Discrete Jitter          (DJ):    0.000ns
    Phase Error              (PE):    0.000ns

    Location             Delay type                Incr(ns)  Path(ns)    Netlist Resource(s)
  -------------------------------------------------------------------    -------------------
    C12                                               0.000     0.000 r  CPU_RESETN (IN)
                         net (fo=0)                   0.000     0.000    CPU_RESETN
    C12                  IBUF (Prop_ibuf_I_O)         1.507     1.507 r  CPU_RESETN_IBUF_inst/O
                         net (fo=24, routed)          2.358     3.865    u_accel/gen_nn_standard.u_accel/fc1/CPU_RESETN_IBUF
    SLICE_X6Y120         LUT1 (Prop_lut1_I0_O)        0.124     3.989 f  u_accel/gen_nn_standard.u_accel/fc1/membrane_potential[23]_i_3__56/O
                         net (fo=20860, routed)       8.855    12.844    u_accel/gen_nn_standard.u_accel/gen_hl2[4].membrane_buf/membrane_storage_reg[19][0]_0
    SLICE_X58Y2          FDCE                                         f  u_accel/gen_nn_standard.u_accel/gen_hl2[4].membrane_buf/membrane_storage_reg[17][23]/CLR
  -------------------------------------------------------------------    -------------------

                         (clock sys_clk_pin rise edge)
                                                      0.000     0.000 r  
    E3                                                0.000     0.000 r  CLK100MHZ (IN)
                         net (fo=0)                   0.000     0.000    CLK100MHZ
    E3                   IBUF (Prop_ibuf_I_O)         1.411     1.411 r  CLK100MHZ_IBUF_inst/O
                         net (fo=1, routed)           1.920     3.331    CLK100MHZ_IBUF
    BUFGCTRL_X0Y16       BUFG (Prop_bufg_I_O)         0.091     3.422 r  CLK100MHZ_IBUF_BUFG_inst/O
                         net (fo=21148, routed)       1.675     5.097    u_accel/gen_nn_standard.u_accel/gen_hl2[4].membrane_buf/CLK100MHZ_IBUF_BUFG
    SLICE_X58Y2          FDCE                                         r  u_accel/gen_nn_standard.u_accel/gen_hl2[4].membrane_buf/membrane_storage_reg[17][23]/C

Slack:                    inf
  Source:                 CPU_RESETN
                            (input port)
  Destination:            u_accel/gen_nn_standard.u_accel/gen_hl2[4].membrane_buf/membrane_storage_reg[18][23]/CLR
                            (recovery check against rising-edge clock sys_clk_pin  {rise@0.000ns fall@5.000ns period=10.000ns})
  Path Group:             (none)
  Path Type:              Recovery (Max at Slow Process Corner)
  Data Path Delay:        12.844ns  (logic 1.631ns (12.699%)  route 11.213ns (87.301%))
  Logic Levels:           2  (IBUF=1 LUT1=1)
  Clock Path Skew:        5.097ns (DCD - SCD + CPR)
    Destination Clock Delay (DCD):    5.097ns
    Source Clock Delay      (SCD):    0.000ns
    Clock Pessimism Removal (CPR):    0.000ns
  Clock Uncertainty:      0.025ns  ((TSJ^2 + TIJ^2)^1/2 + DJ) / 2 + PE
    Total System Jitter     (TSJ):    0.050ns
    Total Input Jitter      (TIJ):    0.000ns
    Discrete Jitter          (DJ):    0.000ns
    Phase Error              (PE):    0.000ns

    Location             Delay type                Incr(ns)  Path(ns)    Netlist Resource(s)
  -------------------------------------------------------------------    -------------------
    C12                                               0.000     0.000 r  CPU_RESETN (IN)
                         net (fo=0)                   0.000     0.000    CPU_RESETN
    C12                  IBUF (Prop_ibuf_I_O)         1.507     1.507 r  CPU_RESETN_IBUF_inst/O
                         net (fo=24, routed)          2.358     3.865    u_accel/gen_nn_standard.u_accel/fc1/CPU_RESETN_IBUF
    SLICE_X6Y120         LUT1 (Prop_lut1_I0_O)        0.124     3.989 f  u_accel/gen_nn_standard.u_accel/fc1/membrane_potential[23]_i_3__56/O
                         net (fo=20860, routed)       8.855    12.844    u_accel/gen_nn_standard.u_accel/gen_hl2[4].membrane_buf/membrane_storage_reg[19][0]_0
    SLICE_X59Y2          FDCE                                         f  u_accel/gen_nn_standard.u_accel/gen_hl2[4].membrane_buf/membrane_storage_reg[18][23]/CLR
  -------------------------------------------------------------------    -------------------

                         (clock sys_clk_pin rise edge)
                                                      0.000     0.000 r  
    E3                                                0.000     0.000 r  CLK100MHZ (IN)
                         net (fo=0)                   0.000     0.000    CLK100MHZ
    E3                   IBUF (Prop_ibuf_I_O)         1.411     1.411 r  CLK100MHZ_IBUF_inst/O
                         net (fo=1, routed)           1.920     3.331    CLK100MHZ_IBUF
    BUFGCTRL_X0Y16       BUFG (Prop_bufg_I_O)         0.091     3.422 r  CLK100MHZ_IBUF_BUFG_inst/O
                         net (fo=21148, routed)       1.675     5.097    u_accel/gen_nn_standard.u_accel/gen_hl2[4].membrane_buf/CLK100MHZ_IBUF_BUFG
    SLICE_X59Y2          FDCE                                         r  u_accel/gen_nn_standard.u_accel/gen_hl2[4].membrane_buf/membrane_storage_reg[18][23]/C

Slack:                    inf
  Source:                 CPU_RESETN
                            (input port)
  Destination:            u_accel/gen_nn_standard.u_accel/gen_hl2[8].membrane_buf/membrane_storage_reg[17][0]/CLR
                            (recovery check against rising-edge clock sys_clk_pin  {rise@0.000ns fall@5.000ns period=10.000ns})
  Path Group:             (none)
  Path Type:              Recovery (Max at Slow Process Corner)
  Data Path Delay:        12.844ns  (logic 1.631ns (12.699%)  route 11.213ns (87.301%))
  Logic Levels:           2  (IBUF=1 LUT1=1)
  Clock Path Skew:        5.097ns (DCD - SCD + CPR)
    Destination Clock Delay (DCD):    5.097ns
    Source Clock Delay      (SCD):    0.000ns
    Clock Pessimism Removal (CPR):    0.000ns
  Clock Uncertainty:      0.025ns  ((TSJ^2 + TIJ^2)^1/2 + DJ) / 2 + PE
    Total System Jitter     (TSJ):    0.050ns
    Total Input Jitter      (TIJ):    0.000ns
    Discrete Jitter          (DJ):    0.000ns
    Phase Error              (PE):    0.000ns

    Location             Delay type                Incr(ns)  Path(ns)    Netlist Resource(s)
  -------------------------------------------------------------------    -------------------
    C12                                               0.000     0.000 r  CPU_RESETN (IN)
                         net (fo=0)                   0.000     0.000    CPU_RESETN
    C12                  IBUF (Prop_ibuf_I_O)         1.507     1.507 r  CPU_RESETN_IBUF_inst/O
                         net (fo=24, routed)          2.358     3.865    u_accel/gen_nn_standard.u_accel/fc1/CPU_RESETN_IBUF
    SLICE_X6Y120         LUT1 (Prop_lut1_I0_O)        0.124     3.989 f  u_accel/gen_nn_standard.u_accel/fc1/membrane_potential[23]_i_3__56/O
                         net (fo=20860, routed)       8.855    12.844    u_accel/gen_nn_standard.u_accel/gen_hl2[8].membrane_buf/membrane_out_reg[0]_0
    SLICE_X58Y2          FDCE                                         f  u_accel/gen_nn_standard.u_accel/gen_hl2[8].membrane_buf/membrane_storage_reg[17][0]/CLR
  -------------------------------------------------------------------    -------------------

                         (clock sys_clk_pin rise edge)
                                                      0.000     0.000 r  
    E3                                                0.000     0.000 r  CLK100MHZ (IN)
                         net (fo=0)                   0.000     0.000    CLK100MHZ
    E3                   IBUF (Prop_ibuf_I_O)         1.411     1.411 r  CLK100MHZ_IBUF_inst/O
                         net (fo=1, routed)           1.920     3.331    CLK100MHZ_IBUF
    BUFGCTRL_X0Y16       BUFG (Prop_bufg_I_O)         0.091     3.422 r  CLK100MHZ_IBUF_BUFG_inst/O
                         net (fo=21148, routed)       1.675     5.097    u_accel/gen_nn_standard.u_accel/gen_hl2[8].membrane_buf/CLK100MHZ_IBUF_BUFG
    SLICE_X58Y2          FDCE                                         r  u_accel/gen_nn_standard.u_accel/gen_hl2[8].membrane_buf/membrane_storage_reg[17][0]/C

Slack:                    inf
  Source:                 CPU_RESETN
                            (input port)
  Destination:            u_accel/gen_nn_standard.u_accel/gen_hl2[8].membrane_buf/membrane_storage_reg[18][0]/CLR
                            (recovery check against rising-edge clock sys_clk_pin  {rise@0.000ns fall@5.000ns period=10.000ns})
  Path Group:             (none)
  Path Type:              Recovery (Max at Slow Process Corner)
  Data Path Delay:        12.844ns  (logic 1.631ns (12.699%)  route 11.213ns (87.301%))
  Logic Levels:           2  (IBUF=1 LUT1=1)
  Clock Path Skew:        5.097ns (DCD - SCD + CPR)
    Destination Clock Delay (DCD):    5.097ns
    Source Clock Delay      (SCD):    0.000ns
    Clock Pessimism Removal (CPR):    0.000ns
  Clock Uncertainty:      0.025ns  ((TSJ^2 + TIJ^2)^1/2 + DJ) / 2 + PE
    Total System Jitter     (TSJ):    0.050ns
    Total Input Jitter      (TIJ):    0.000ns
    Discrete Jitter          (DJ):    0.000ns
    Phase Error              (PE):    0.000ns

    Location             Delay type                Incr(ns)  Path(ns)    Netlist Resource(s)
  -------------------------------------------------------------------    -------------------
    C12                                               0.000     0.000 r  CPU_RESETN (IN)
                         net (fo=0)                   0.000     0.000    CPU_RESETN
    C12                  IBUF (Prop_ibuf_I_O)         1.507     1.507 r  CPU_RESETN_IBUF_inst/O
                         net (fo=24, routed)          2.358     3.865    u_accel/gen_nn_standard.u_accel/fc1/CPU_RESETN_IBUF
    SLICE_X6Y120         LUT1 (Prop_lut1_I0_O)        0.124     3.989 f  u_accel/gen_nn_standard.u_accel/fc1/membrane_potential[23]_i_3__56/O
                         net (fo=20860, routed)       8.855    12.844    u_accel/gen_nn_standard.u_accel/gen_hl2[8].membrane_buf/membrane_out_reg[0]_0
    SLICE_X59Y2          FDCE                                         f  u_accel/gen_nn_standard.u_accel/gen_hl2[8].membrane_buf/membrane_storage_reg[18][0]/CLR
  -------------------------------------------------------------------    -------------------

                         (clock sys_clk_pin rise edge)
                                                      0.000     0.000 r  
    E3                                                0.000     0.000 r  CLK100MHZ (IN)
                         net (fo=0)                   0.000     0.000    CLK100MHZ
    E3                   IBUF (Prop_ibuf_I_O)         1.411     1.411 r  CLK100MHZ_IBUF_inst/O
                         net (fo=1, routed)           1.920     3.331    CLK100MHZ_IBUF
    BUFGCTRL_X0Y16       BUFG (Prop_bufg_I_O)         0.091     3.422 r  CLK100MHZ_IBUF_BUFG_inst/O
                         net (fo=21148, routed)       1.675     5.097    u_accel/gen_nn_standard.u_accel/gen_hl2[8].membrane_buf/CLK100MHZ_IBUF_BUFG
    SLICE_X59Y2          FDCE                                         r  u_accel/gen_nn_standard.u_accel/gen_hl2[8].membrane_buf/membrane_storage_reg[18][0]/C

Slack:                    inf
  Source:                 CPU_RESETN
                            (input port)
  Destination:            u_accel/gen_nn_standard.u_accel/gen_hl2[4].membrane_buf/membrane_storage_reg[10][23]/CLR
                            (recovery check against rising-edge clock sys_clk_pin  {rise@0.000ns fall@5.000ns period=10.000ns})
  Path Group:             (none)
  Path Type:              Recovery (Max at Slow Process Corner)
  Data Path Delay:        12.676ns  (logic 1.631ns (12.867%)  route 11.045ns (87.133%))
  Logic Levels:           2  (IBUF=1 LUT1=1)
  Clock Path Skew:        5.097ns (DCD - SCD + CPR)
    Destination Clock Delay (DCD):    5.097ns
    Source Clock Delay      (SCD):    0.000ns
    Clock Pessimism Removal (CPR):    0.000ns
  Clock Uncertainty:      0.025ns  ((TSJ^2 + TIJ^2)^1/2 + DJ) / 2 + PE
    Total System Jitter     (TSJ):    0.050ns
    Total Input Jitter      (TIJ):    0.000ns
    Discrete Jitter          (DJ):    0.000ns
    Phase Error              (PE):    0.000ns

    Location             Delay type                Incr(ns)  Path(ns)    Netlist Resource(s)
  -------------------------------------------------------------------    -------------------
    C12                                               0.000     0.000 r  CPU_RESETN (IN)
                         net (fo=0)                   0.000     0.000    CPU_RESETN
    C12                  IBUF (Prop_ibuf_I_O)         1.507     1.507 r  CPU_RESETN_IBUF_inst/O
                         net (fo=24, routed)          2.358     3.865    u_accel/gen_nn_standard.u_accel/fc1/CPU_RESETN_IBUF
    SLICE_X6Y120         LUT1 (Prop_lut1_I0_O)        0.124     3.989 f  u_accel/gen_nn_standard.u_accel/fc1/membrane_potential[23]_i_3__56/O
                         net (fo=20860, routed)       8.687    12.676    u_accel/gen_nn_standard.u_accel/gen_hl2[4].membrane_buf/membrane_storage_reg[19][0]_0
    SLICE_X60Y0          FDCE                                         f  u_accel/gen_nn_standard.u_accel/gen_hl2[4].membrane_buf/membrane_storage_reg[10][23]/CLR
  -------------------------------------------------------------------    -------------------

                         (clock sys_clk_pin rise edge)
                                                      0.000     0.000 r  
    E3                                                0.000     0.000 r  CLK100MHZ (IN)
                         net (fo=0)                   0.000     0.000    CLK100MHZ
    E3                   IBUF (Prop_ibuf_I_O)         1.411     1.411 r  CLK100MHZ_IBUF_inst/O
                         net (fo=1, routed)           1.920     3.331    CLK100MHZ_IBUF
    BUFGCTRL_X0Y16       BUFG (Prop_bufg_I_O)         0.091     3.422 r  CLK100MHZ_IBUF_BUFG_inst/O
                         net (fo=21148, routed)       1.675     5.097    u_accel/gen_nn_standard.u_accel/gen_hl2[4].membrane_buf/CLK100MHZ_IBUF_BUFG
    SLICE_X60Y0          FDCE                                         r  u_accel/gen_nn_standard.u_accel/gen_hl2[4].membrane_buf/membrane_storage_reg[10][23]/C

Slack:                    inf
  Source:                 CPU_RESETN
                            (input port)
  Destination:            u_accel/gen_nn_standard.u_accel/gen_hl2[8].membrane_buf/membrane_storage_reg[14][21]/CLR
                            (recovery check against rising-edge clock sys_clk_pin  {rise@0.000ns fall@5.000ns period=10.000ns})
  Path Group:             (none)
  Path Type:              Recovery (Max at Slow Process Corner)
  Data Path Delay:        12.676ns  (logic 1.631ns (12.867%)  route 11.045ns (87.133%))
  Logic Levels:           2  (IBUF=1 LUT1=1)
  Clock Path Skew:        5.097ns (DCD - SCD + CPR)
    Destination Clock Delay (DCD):    5.097ns
    Source Clock Delay      (SCD):    0.000ns
    Clock Pessimism Removal (CPR):    0.000ns
  Clock Uncertainty:      0.025ns  ((TSJ^2 + TIJ^2)^1/2 + DJ) / 2 + PE
    Total System Jitter     (TSJ):    0.050ns
    Total Input Jitter      (TIJ):    0.000ns
    Discrete Jitter          (DJ):    0.000ns
    Phase Error              (PE):    0.000ns

    Location             Delay type                Incr(ns)  Path(ns)    Netlist Resource(s)
  -------------------------------------------------------------------    -------------------
    C12                                               0.000     0.000 r  CPU_RESETN (IN)
                         net (fo=0)                   0.000     0.000    CPU_RESETN
    C12                  IBUF (Prop_ibuf_I_O)         1.507     1.507 r  CPU_RESETN_IBUF_inst/O
                         net (fo=24, routed)          2.358     3.865    u_accel/gen_nn_standard.u_accel/fc1/CPU_RESETN_IBUF
    SLICE_X6Y120         LUT1 (Prop_lut1_I0_O)        0.124     3.989 f  u_accel/gen_nn_standard.u_accel/fc1/membrane_potential[23]_i_3__56/O
                         net (fo=20860, routed)       8.687    12.676    u_accel/gen_nn_standard.u_accel/gen_hl2[8].membrane_buf/membrane_out_reg[0]_0
    SLICE_X61Y0          FDCE                                         f  u_accel/gen_nn_standard.u_accel/gen_hl2[8].membrane_buf/membrane_storage_reg[14][21]/CLR
  -------------------------------------------------------------------    -------------------

                         (clock sys_clk_pin rise edge)
                                                      0.000     0.000 r  
    E3                                                0.000     0.000 r  CLK100MHZ (IN)
                         net (fo=0)                   0.000     0.000    CLK100MHZ
    E3                   IBUF (Prop_ibuf_I_O)         1.411     1.411 r  CLK100MHZ_IBUF_inst/O
                         net (fo=1, routed)           1.920     3.331    CLK100MHZ_IBUF
    BUFGCTRL_X0Y16       BUFG (Prop_bufg_I_O)         0.091     3.422 r  CLK100MHZ_IBUF_BUFG_inst/O
                         net (fo=21148, routed)       1.675     5.097    u_accel/gen_nn_standard.u_accel/gen_hl2[8].membrane_buf/CLK100MHZ_IBUF_BUFG
    SLICE_X61Y0          FDCE                                         r  u_accel/gen_nn_standard.u_accel/gen_hl2[8].membrane_buf/membrane_storage_reg[14][21]/C

Slack:                    inf
  Source:                 CPU_RESETN
                            (input port)
  Destination:            u_accel/gen_nn_standard.u_accel/gen_hl2[28].hl2_lif/membrane_potential_reg[20]/CLR
                            (recovery check against rising-edge clock sys_clk_pin  {rise@0.000ns fall@5.000ns period=10.000ns})
  Path Group:             (none)
  Path Type:              Recovery (Max at Slow Process Corner)
  Data Path Delay:        12.552ns  (logic 1.631ns (12.995%)  route 10.921ns (87.005%))
  Logic Levels:           2  (IBUF=1 LUT1=1)
  Clock Path Skew:        5.097ns (DCD - SCD + CPR)
    Destination Clock Delay (DCD):    5.097ns
    Source Clock Delay      (SCD):    0.000ns
    Clock Pessimism Removal (CPR):    0.000ns
  Clock Uncertainty:      0.025ns  ((TSJ^2 + TIJ^2)^1/2 + DJ) / 2 + PE
    Total System Jitter     (TSJ):    0.050ns
    Total Input Jitter      (TIJ):    0.000ns
    Discrete Jitter          (DJ):    0.000ns
    Phase Error              (PE):    0.000ns

    Location             Delay type                Incr(ns)  Path(ns)    Netlist Resource(s)
  -------------------------------------------------------------------    -------------------
    C12                                               0.000     0.000 r  CPU_RESETN (IN)
                         net (fo=0)                   0.000     0.000    CPU_RESETN
    C12                  IBUF (Prop_ibuf_I_O)         1.507     1.507 r  CPU_RESETN_IBUF_inst/O
                         net (fo=24, routed)          2.358     3.865    u_accel/gen_nn_standard.u_accel/fc1/CPU_RESETN_IBUF
    SLICE_X6Y120         LUT1 (Prop_lut1_I0_O)        0.124     3.989 f  u_accel/gen_nn_standard.u_accel/fc1/membrane_potential[23]_i_3__56/O
                         net (fo=20860, routed)       8.563    12.552    u_accel/gen_nn_standard.u_accel/gen_hl2[28].hl2_lif/spike_prev_reg_2
    SLICE_X60Y1          FDCE                                         f  u_accel/gen_nn_standard.u_accel/gen_hl2[28].hl2_lif/membrane_potential_reg[20]/CLR
  -------------------------------------------------------------------    -------------------

                         (clock sys_clk_pin rise edge)
                                                      0.000     0.000 r  
    E3                                                0.000     0.000 r  CLK100MHZ (IN)
                         net (fo=0)                   0.000     0.000    CLK100MHZ
    E3                   IBUF (Prop_ibuf_I_O)         1.411     1.411 r  CLK100MHZ_IBUF_inst/O
                         net (fo=1, routed)           1.920     3.331    CLK100MHZ_IBUF
    BUFGCTRL_X0Y16       BUFG (Prop_bufg_I_O)         0.091     3.422 r  CLK100MHZ_IBUF_BUFG_inst/O
                         net (fo=21148, routed)       1.675     5.097    u_accel/gen_nn_standard.u_accel/gen_hl2[28].hl2_lif/CLK100MHZ_IBUF_BUFG
    SLICE_X60Y1          FDCE                                         r  u_accel/gen_nn_standard.u_accel/gen_hl2[28].hl2_lif/membrane_potential_reg[20]/C

Slack:                    inf
  Source:                 CPU_RESETN
                            (input port)
  Destination:            u_accel/gen_nn_standard.u_accel/gen_hl2[28].hl2_lif/membrane_potential_reg[22]/CLR
                            (recovery check against rising-edge clock sys_clk_pin  {rise@0.000ns fall@5.000ns period=10.000ns})
  Path Group:             (none)
  Path Type:              Recovery (Max at Slow Process Corner)
  Data Path Delay:        12.552ns  (logic 1.631ns (12.995%)  route 10.921ns (87.005%))
  Logic Levels:           2  (IBUF=1 LUT1=1)
  Clock Path Skew:        5.097ns (DCD - SCD + CPR)
    Destination Clock Delay (DCD):    5.097ns
    Source Clock Delay      (SCD):    0.000ns
    Clock Pessimism Removal (CPR):    0.000ns
  Clock Uncertainty:      0.025ns  ((TSJ^2 + TIJ^2)^1/2 + DJ) / 2 + PE
    Total System Jitter     (TSJ):    0.050ns
    Total Input Jitter      (TIJ):    0.000ns
    Discrete Jitter          (DJ):    0.000ns
    Phase Error              (PE):    0.000ns

    Location             Delay type                Incr(ns)  Path(ns)    Netlist Resource(s)
  -------------------------------------------------------------------    -------------------
    C12                                               0.000     0.000 r  CPU_RESETN (IN)
                         net (fo=0)                   0.000     0.000    CPU_RESETN
    C12                  IBUF (Prop_ibuf_I_O)         1.507     1.507 r  CPU_RESETN_IBUF_inst/O
                         net (fo=24, routed)          2.358     3.865    u_accel/gen_nn_standard.u_accel/fc1/CPU_RESETN_IBUF
    SLICE_X6Y120         LUT1 (Prop_lut1_I0_O)        0.124     3.989 f  u_accel/gen_nn_standard.u_accel/fc1/membrane_potential[23]_i_3__56/O
                         net (fo=20860, routed)       8.563    12.552    u_accel/gen_nn_standard.u_accel/gen_hl2[28].hl2_lif/spike_prev_reg_2
    SLICE_X60Y1          FDCE                                         f  u_accel/gen_nn_standard.u_accel/gen_hl2[28].hl2_lif/membrane_potential_reg[22]/CLR
  -------------------------------------------------------------------    -------------------

                         (clock sys_clk_pin rise edge)
                                                      0.000     0.000 r  
    E3                                                0.000     0.000 r  CLK100MHZ (IN)
                         net (fo=0)                   0.000     0.000    CLK100MHZ
    E3                   IBUF (Prop_ibuf_I_O)         1.411     1.411 r  CLK100MHZ_IBUF_inst/O
                         net (fo=1, routed)           1.920     3.331    CLK100MHZ_IBUF
    BUFGCTRL_X0Y16       BUFG (Prop_bufg_I_O)         0.091     3.422 r  CLK100MHZ_IBUF_BUFG_inst/O
                         net (fo=21148, routed)       1.675     5.097    u_accel/gen_nn_standard.u_accel/gen_hl2[28].hl2_lif/CLK100MHZ_IBUF_BUFG
    SLICE_X60Y1          FDCE                                         r  u_accel/gen_nn_standard.u_accel/gen_hl2[28].hl2_lif/membrane_potential_reg[22]/C





Min Delay Paths
--------------------------------------------------------------------------------------
Slack:                    inf
  Source:                 UART_TXD_IN
                            (input port)
  Destination:            u_accel/u_uart_rx/data_shift_reg[3]/D
                            (rising edge-triggered cell FDCE clocked by sys_clk_pin  {rise@0.000ns fall@5.000ns period=10.000ns})
  Path Group:             (none)
  Path Type:              Hold (Min at Fast Process Corner)
  Data Path Delay:        1.696ns  (logic 0.302ns (17.828%)  route 1.394ns (82.172%))
  Logic Levels:           2  (IBUF=1 LUT6=1)
  Clock Path Skew:        1.988ns (DCD - SCD - CPR)
    Destination Clock Delay (DCD):    1.988ns
    Source Clock Delay      (SCD):    0.000ns
    Clock Pessimism Removal (CPR):    -0.000ns

    Location             Delay type                Incr(ns)  Path(ns)    Netlist Resource(s)
  -------------------------------------------------------------------    -------------------
    C4                                                0.000     0.000 r  UART_TXD_IN (IN)
                         net (fo=0)                   0.000     0.000    UART_TXD_IN
    C4                   IBUF (Prop_ibuf_I_O)         0.257     0.257 r  UART_TXD_IN_IBUF_inst/O
                         net (fo=11, routed)          1.394     1.651    u_accel/u_uart_rx/UART_TXD_IN_IBUF
    SLICE_X43Y118        LUT6 (Prop_lut6_I0_O)        0.045     1.696 r  u_accel/u_uart_rx/data_shift[3]_i_1/O
                         net (fo=1, routed)           0.000     1.696    u_accel/u_uart_rx/data_shift[3]_i_1_n_0
    SLICE_X43Y118        FDCE                                         r  u_accel/u_uart_rx/data_shift_reg[3]/D
  -------------------------------------------------------------------    -------------------

                         (clock sys_clk_pin rise edge)
                                                      0.000     0.000 r  
    E3                                                0.000     0.000 r  CLK100MHZ (IN)
                         net (fo=0)                   0.000     0.000    CLK100MHZ
    E3                   IBUF (Prop_ibuf_I_O)         0.438     0.438 r  CLK100MHZ_IBUF_inst/O
                         net (fo=1, routed)           0.699     1.136    CLK100MHZ_IBUF
    BUFGCTRL_X0Y16       BUFG (Prop_bufg_I_O)         0.029     1.165 r  CLK100MHZ_IBUF_BUFG_inst/O
                         net (fo=21148, routed)       0.822     1.988    u_accel/u_uart_rx/CLK100MHZ_IBUF_BUFG
    SLICE_X43Y118        FDCE                                         r  u_accel/u_uart_rx/data_shift_reg[3]/C

Slack:                    inf
  Source:                 UART_TXD_IN
                            (input port)
  Destination:            u_accel/u_uart_rx/FSM_sequential_state_reg[0]/D
                            (rising edge-triggered cell FDCE clocked by sys_clk_pin  {rise@0.000ns fall@5.000ns period=10.000ns})
  Path Group:             (none)
  Path Type:              Hold (Min at Fast Process Corner)
  Data Path Delay:        1.724ns  (logic 0.302ns (17.548%)  route 1.421ns (82.452%))
  Logic Levels:           2  (IBUF=1 LUT6=1)
  Clock Path Skew:        1.988ns (DCD - SCD - CPR)
    Destination Clock Delay (DCD):    1.988ns
    Source Clock Delay      (SCD):    0.000ns
    Clock Pessimism Removal (CPR):    -0.000ns

    Location             Delay type                Incr(ns)  Path(ns)    Netlist Resource(s)
  -------------------------------------------------------------------    -------------------
    C4                                                0.000     0.000 f  UART_TXD_IN (IN)
                         net (fo=0)                   0.000     0.000    UART_TXD_IN
    C4                   IBUF (Prop_ibuf_I_O)         0.257     0.257 f  UART_TXD_IN_IBUF_inst/O
                         net (fo=11, routed)          1.421     1.679    u_accel/u_uart_rx/UART_TXD_IN_IBUF
    SLICE_X42Y118        LUT6 (Prop_lut6_I5_O)        0.045     1.724 r  u_accel/u_uart_rx/FSM_sequential_state[0]_i_1__0/O
                         net (fo=1, routed)           0.000     1.724    u_accel/u_uart_rx/FSM_sequential_state[0]_i_1__0_n_0
    SLICE_X42Y118        FDCE                                         r  u_accel/u_uart_rx/FSM_sequential_state_reg[0]/D
  -------------------------------------------------------------------    -------------------

                         (clock sys_clk_pin rise edge)
                                                      0.000     0.000 r  
    E3                                                0.000     0.000 r  CLK100MHZ (IN)
                         net (fo=0)                   0.000     0.000    CLK100MHZ
    E3                   IBUF (Prop_ibuf_I_O)         0.438     0.438 r  CLK100MHZ_IBUF_inst/O
                         net (fo=1, routed)           0.699     1.136    CLK100MHZ_IBUF
    BUFGCTRL_X0Y16       BUFG (Prop_bufg_I_O)         0.029     1.165 r  CLK100MHZ_IBUF_BUFG_inst/O
                         net (fo=21148, routed)       0.822     1.988    u_accel/u_uart_rx/CLK100MHZ_IBUF_BUFG
    SLICE_X42Y118        FDCE                                         r  u_accel/u_uart_rx/FSM_sequential_state_reg[0]/C

Slack:                    inf
  Source:                 CPU_RESETN
                            (input port)
  Destination:            u_accel/u_ctrl/tx_frame_reg[15][0]/R
                            (rising edge-triggered cell FDRE clocked by sys_clk_pin  {rise@0.000ns fall@5.000ns period=10.000ns})
  Path Group:             (none)
  Path Type:              Hold (Min at Fast Process Corner)
  Data Path Delay:        1.764ns  (logic 0.320ns (18.120%)  route 1.444ns (81.880%))
  Logic Levels:           2  (IBUF=1 LUT6=1)
  Clock Path Skew:        2.001ns (DCD - SCD - CPR)
    Destination Clock Delay (DCD):    2.001ns
    Source Clock Delay      (SCD):    0.000ns
    Clock Pessimism Removal (CPR):    -0.000ns

    Location             Delay type                Incr(ns)  Path(ns)    Netlist Resource(s)
  -------------------------------------------------------------------    -------------------
    C12                                               0.000     0.000 r  CPU_RESETN (IN)
                         net (fo=0)                   0.000     0.000    CPU_RESETN
    C12                  IBUF (Prop_ibuf_I_O)         0.275     0.275 r  CPU_RESETN_IBUF_inst/O
                         net (fo=24, routed)          1.272     1.546    u_accel/u_ctrl/CPU_RESETN_IBUF
    SLICE_X29Y103        LUT6 (Prop_lut6_I0_O)        0.045     1.591 r  u_accel/u_ctrl/tx_frame[15][7]_i_1/O
                         net (fo=8, routed)           0.173     1.764    u_accel/u_ctrl/tx_frame[15][7]_i_1_n_0
    SLICE_X29Y103        FDRE                                         r  u_accel/u_ctrl/tx_frame_reg[15][0]/R
  -------------------------------------------------------------------    -------------------

                         (clock sys_clk_pin rise edge)
                                                      0.000     0.000 r  
    E3                                                0.000     0.000 r  CLK100MHZ (IN)
                         net (fo=0)                   0.000     0.000    CLK100MHZ
    E3                   IBUF (Prop_ibuf_I_O)         0.438     0.438 r  CLK100MHZ_IBUF_inst/O
                         net (fo=1, routed)           0.699     1.136    CLK100MHZ_IBUF
    BUFGCTRL_X0Y16       BUFG (Prop_bufg_I_O)         0.029     1.165 r  CLK100MHZ_IBUF_BUFG_inst/O
                         net (fo=21148, routed)       0.836     2.001    u_accel/u_ctrl/CLK100MHZ_IBUF_BUFG
    SLICE_X29Y103        FDRE                                         r  u_accel/u_ctrl/tx_frame_reg[15][0]/C

Slack:                    inf
  Source:                 CPU_RESETN
                            (input port)
  Destination:            u_accel/u_ctrl/tx_frame_reg[15][1]/R
                            (rising edge-triggered cell FDRE clocked by sys_clk_pin  {rise@0.000ns fall@5.000ns period=10.000ns})
  Path Group:             (none)
  Path Type:              Hold (Min at Fast Process Corner)
  Data Path Delay:        1.764ns  (logic 0.320ns (18.120%)  route 1.444ns (81.880%))
  Logic Levels:           2  (IBUF=1 LUT6=1)
  Clock Path Skew:        2.001ns (DCD - SCD - CPR)
    Destination Clock Delay (DCD):    2.001ns
    Source Clock Delay      (SCD):    0.000ns
    Clock Pessimism Removal (CPR):    -0.000ns

    Location             Delay type                Incr(ns)  Path(ns)    Netlist Resource(s)
  -------------------------------------------------------------------    -------------------
    C12                                               0.000     0.000 r  CPU_RESETN (IN)
                         net (fo=0)                   0.000     0.000    CPU_RESETN
    C12                  IBUF (Prop_ibuf_I_O)         0.275     0.275 r  CPU_RESETN_IBUF_inst/O
                         net (fo=24, routed)          1.272     1.546    u_accel/u_ctrl/CPU_RESETN_IBUF
    SLICE_X29Y103        LUT6 (Prop_lut6_I0_O)        0.045     1.591 r  u_accel/u_ctrl/tx_frame[15][7]_i_1/O
                         net (fo=8, routed)           0.173     1.764    u_accel/u_ctrl/tx_frame[15][7]_i_1_n_0
    SLICE_X29Y103        FDRE                                         r  u_accel/u_ctrl/tx_frame_reg[15][1]/R
  -------------------------------------------------------------------    -------------------

                         (clock sys_clk_pin rise edge)
                                                      0.000     0.000 r  
    E3                                                0.000     0.000 r  CLK100MHZ (IN)
                         net (fo=0)                   0.000     0.000    CLK100MHZ
    E3                   IBUF (Prop_ibuf_I_O)         0.438     0.438 r  CLK100MHZ_IBUF_inst/O
                         net (fo=1, routed)           0.699     1.136    CLK100MHZ_IBUF
    BUFGCTRL_X0Y16       BUFG (Prop_bufg_I_O)         0.029     1.165 r  CLK100MHZ_IBUF_BUFG_inst/O
                         net (fo=21148, routed)       0.836     2.001    u_accel/u_ctrl/CLK100MHZ_IBUF_BUFG
    SLICE_X29Y103        FDRE                                         r  u_accel/u_ctrl/tx_frame_reg[15][1]/C

Slack:                    inf
  Source:                 CPU_RESETN
                            (input port)
  Destination:            u_accel/u_ctrl/tx_frame_reg[15][2]/R
                            (rising edge-triggered cell FDRE clocked by sys_clk_pin  {rise@0.000ns fall@5.000ns period=10.000ns})
  Path Group:             (none)
  Path Type:              Hold (Min at Fast Process Corner)
  Data Path Delay:        1.764ns  (logic 0.320ns (18.120%)  route 1.444ns (81.880%))
  Logic Levels:           2  (IBUF=1 LUT6=1)
  Clock Path Skew:        2.001ns (DCD - SCD - CPR)
    Destination Clock Delay (DCD):    2.001ns
    Source Clock Delay      (SCD):    0.000ns
    Clock Pessimism Removal (CPR):    -0.000ns

    Location             Delay type                Incr(ns)  Path(ns)    Netlist Resource(s)
  -------------------------------------------------------------------    -------------------
    C12                                               0.000     0.000 r  CPU_RESETN (IN)
                         net (fo=0)                   0.000     0.000    CPU_RESETN
    C12                  IBUF (Prop_ibuf_I_O)         0.275     0.275 r  CPU_RESETN_IBUF_inst/O
                         net (fo=24, routed)          1.272     1.546    u_accel/u_ctrl/CPU_RESETN_IBUF
    SLICE_X29Y103        LUT6 (Prop_lut6_I0_O)        0.045     1.591 r  u_accel/u_ctrl/tx_frame[15][7]_i_1/O
                         net (fo=8, routed)           0.173     1.764    u_accel/u_ctrl/tx_frame[15][7]_i_1_n_0
    SLICE_X29Y103        FDRE                                         r  u_accel/u_ctrl/tx_frame_reg[15][2]/R
  -------------------------------------------------------------------    -------------------

                         (clock sys_clk_pin rise edge)
                                                      0.000     0.000 r  
    E3                                                0.000     0.000 r  CLK100MHZ (IN)
                         net (fo=0)                   0.000     0.000    CLK100MHZ
    E3                   IBUF (Prop_ibuf_I_O)         0.438     0.438 r  CLK100MHZ_IBUF_inst/O
                         net (fo=1, routed)           0.699     1.136    CLK100MHZ_IBUF
    BUFGCTRL_X0Y16       BUFG (Prop_bufg_I_O)         0.029     1.165 r  CLK100MHZ_IBUF_BUFG_inst/O
                         net (fo=21148, routed)       0.836     2.001    u_accel/u_ctrl/CLK100MHZ_IBUF_BUFG
    SLICE_X29Y103        FDRE                                         r  u_accel/u_ctrl/tx_frame_reg[15][2]/C

Slack:                    inf
  Source:                 UART_TXD_IN
                            (input port)
  Destination:            u_accel/u_uart_rx/FSM_sequential_state_reg[1]/D
                            (rising edge-triggered cell FDCE clocked by sys_clk_pin  {rise@0.000ns fall@5.000ns period=10.000ns})
  Path Group:             (none)
  Path Type:              Hold (Min at Fast Process Corner)
  Data Path Delay:        1.798ns  (logic 0.302ns (16.822%)  route 1.496ns (83.178%))
  Logic Levels:           2  (IBUF=1 LUT6=1)
  Clock Path Skew:        1.988ns (DCD - SCD - CPR)
    Destination Clock Delay (DCD):    1.988ns
    Source Clock Delay      (SCD):    0.000ns
    Clock Pessimism Removal (CPR):    -0.000ns

    Location             Delay type                Incr(ns)  Path(ns)    Netlist Resource(s)
  -------------------------------------------------------------------    -------------------
    C4                                                0.000     0.000 f  UART_TXD_IN (IN)
                         net (fo=0)                   0.000     0.000    UART_TXD_IN
    C4                   IBUF (Prop_ibuf_I_O)         0.257     0.257 f  UART_TXD_IN_IBUF_inst/O
                         net (fo=11, routed)          1.496     1.753    u_accel/u_uart_rx/UART_TXD_IN_IBUF
    SLICE_X42Y118        LUT6 (Prop_lut6_I5_O)        0.045     1.798 r  u_accel/u_uart_rx/FSM_sequential_state[1]_i_1__0/O
                         net (fo=1, routed)           0.000     1.798    u_accel/u_uart_rx/FSM_sequential_state[1]_i_1__0_n_0
    SLICE_X42Y118        FDCE                                         r  u_accel/u_uart_rx/FSM_sequential_state_reg[1]/D
  -------------------------------------------------------------------    -------------------

                         (clock sys_clk_pin rise edge)
                                                      0.000     0.000 r  
    E3                                                0.000     0.000 r  CLK100MHZ (IN)
                         net (fo=0)                   0.000     0.000    CLK100MHZ
    E3                   IBUF (Prop_ibuf_I_O)         0.438     0.438 r  CLK100MHZ_IBUF_inst/O
                         net (fo=1, routed)           0.699     1.136    CLK100MHZ_IBUF
    BUFGCTRL_X0Y16       BUFG (Prop_bufg_I_O)         0.029     1.165 r  CLK100MHZ_IBUF_BUFG_inst/O
                         net (fo=21148, routed)       0.822     1.988    u_accel/u_uart_rx/CLK100MHZ_IBUF_BUFG
    SLICE_X42Y118        FDCE                                         r  u_accel/u_uart_rx/FSM_sequential_state_reg[1]/C

Slack:                    inf
  Source:                 CPU_RESETN
                            (input port)
  Destination:            u_accel/u_ctrl/tx_frame_reg[15][3]/R
                            (rising edge-triggered cell FDRE clocked by sys_clk_pin  {rise@0.000ns fall@5.000ns period=10.000ns})
  Path Group:             (none)
  Path Type:              Hold (Min at Fast Process Corner)
  Data Path Delay:        1.802ns  (logic 0.320ns (17.731%)  route 1.483ns (82.269%))
  Logic Levels:           2  (IBUF=1 LUT6=1)
  Clock Path Skew:        2.001ns (DCD - SCD - CPR)
    Destination Clock Delay (DCD):    2.001ns
    Source Clock Delay      (SCD):    0.000ns
    Clock Pessimism Removal (CPR):    -0.000ns

    Location             Delay type                Incr(ns)  Path(ns)    Netlist Resource(s)
  -------------------------------------------------------------------    -------------------
    C12                                               0.000     0.000 r  CPU_RESETN (IN)
                         net (fo=0)                   0.000     0.000    CPU_RESETN
    C12                  IBUF (Prop_ibuf_I_O)         0.275     0.275 r  CPU_RESETN_IBUF_inst/O
                         net (fo=24, routed)          1.272     1.546    u_accel/u_ctrl/CPU_RESETN_IBUF
    SLICE_X29Y103        LUT6 (Prop_lut6_I0_O)        0.045     1.591 r  u_accel/u_ctrl/tx_frame[15][7]_i_1/O
                         net (fo=8, routed)           0.211     1.802    u_accel/u_ctrl/tx_frame[15][7]_i_1_n_0
    SLICE_X29Y104        FDRE                                         r  u_accel/u_ctrl/tx_frame_reg[15][3]/R
  -------------------------------------------------------------------    -------------------

                         (clock sys_clk_pin rise edge)
                                                      0.000     0.000 r  
    E3                                                0.000     0.000 r  CLK100MHZ (IN)
                         net (fo=0)                   0.000     0.000    CLK100MHZ
    E3                   IBUF (Prop_ibuf_I_O)         0.438     0.438 r  CLK100MHZ_IBUF_inst/O
                         net (fo=1, routed)           0.699     1.136    CLK100MHZ_IBUF
    BUFGCTRL_X0Y16       BUFG (Prop_bufg_I_O)         0.029     1.165 r  CLK100MHZ_IBUF_BUFG_inst/O
                         net (fo=21148, routed)       0.836     2.001    u_accel/u_ctrl/CLK100MHZ_IBUF_BUFG
    SLICE_X29Y104        FDRE                                         r  u_accel/u_ctrl/tx_frame_reg[15][3]/C

Slack:                    inf
  Source:                 CPU_RESETN
                            (input port)
  Destination:            u_accel/u_ctrl/tx_frame_reg[15][5]/R
                            (rising edge-triggered cell FDRE clocked by sys_clk_pin  {rise@0.000ns fall@5.000ns period=10.000ns})
  Path Group:             (none)
  Path Type:              Hold (Min at Fast Process Corner)
  Data Path Delay:        1.802ns  (logic 0.320ns (17.731%)  route 1.483ns (82.269%))
  Logic Levels:           2  (IBUF=1 LUT6=1)
  Clock Path Skew:        2.001ns (DCD - SCD - CPR)
    Destination Clock Delay (DCD):    2.001ns
    Source Clock Delay      (SCD):    0.000ns
    Clock Pessimism Removal (CPR):    -0.000ns

    Location             Delay type                Incr(ns)  Path(ns)    Netlist Resource(s)
  -------------------------------------------------------------------    -------------------
    C12                                               0.000     0.000 r  CPU_RESETN (IN)
                         net (fo=0)                   0.000     0.000    CPU_RESETN
    C12                  IBUF (Prop_ibuf_I_O)         0.275     0.275 r  CPU_RESETN_IBUF_inst/O
                         net (fo=24, routed)          1.272     1.546    u_accel/u_ctrl/CPU_RESETN_IBUF
    SLICE_X29Y103        LUT6 (Prop_lut6_I0_O)        0.045     1.591 r  u_accel/u_ctrl/tx_frame[15][7]_i_1/O
                         net (fo=8, routed)           0.211     1.802    u_accel/u_ctrl/tx_frame[15][7]_i_1_n_0
    SLICE_X29Y104        FDRE                                         r  u_accel/u_ctrl/tx_frame_reg[15][5]/R
  -------------------------------------------------------------------    -------------------

                         (clock sys_clk_pin rise edge)
                                                      0.000     0.000 r  
    E3                                                0.000     0.000 r  CLK100MHZ (IN)
                         net (fo=0)                   0.000     0.000    CLK100MHZ
    E3                   IBUF (Prop_ibuf_I_O)         0.438     0.438 r  CLK100MHZ_IBUF_inst/O
                         net (fo=1, routed)           0.699     1.136    CLK100MHZ_IBUF
    BUFGCTRL_X0Y16       BUFG (Prop_bufg_I_O)         0.029     1.165 r  CLK100MHZ_IBUF_BUFG_inst/O
                         net (fo=21148, routed)       0.836     2.001    u_accel/u_ctrl/CLK100MHZ_IBUF_BUFG
    SLICE_X29Y104        FDRE                                         r  u_accel/u_ctrl/tx_frame_reg[15][5]/C

Slack:                    inf
  Source:                 CPU_RESETN
                            (input port)
  Destination:            u_accel/u_ctrl/tx_frame_reg[15][6]/R
                            (rising edge-triggered cell FDRE clocked by sys_clk_pin  {rise@0.000ns fall@5.000ns period=10.000ns})
  Path Group:             (none)
  Path Type:              Hold (Min at Fast Process Corner)
  Data Path Delay:        1.802ns  (logic 0.320ns (17.731%)  route 1.483ns (82.269%))
  Logic Levels:           2  (IBUF=1 LUT6=1)
  Clock Path Skew:        2.001ns (DCD - SCD - CPR)
    Destination Clock Delay (DCD):    2.001ns
    Source Clock Delay      (SCD):    0.000ns
    Clock Pessimism Removal (CPR):    -0.000ns

    Location             Delay type                Incr(ns)  Path(ns)    Netlist Resource(s)
  -------------------------------------------------------------------    -------------------
    C12                                               0.000     0.000 r  CPU_RESETN (IN)
                         net (fo=0)                   0.000     0.000    CPU_RESETN
    C12                  IBUF (Prop_ibuf_I_O)         0.275     0.275 r  CPU_RESETN_IBUF_inst/O
                         net (fo=24, routed)          1.272     1.546    u_accel/u_ctrl/CPU_RESETN_IBUF
    SLICE_X29Y103        LUT6 (Prop_lut6_I0_O)        0.045     1.591 r  u_accel/u_ctrl/tx_frame[15][7]_i_1/O
                         net (fo=8, routed)           0.211     1.802    u_accel/u_ctrl/tx_frame[15][7]_i_1_n_0
    SLICE_X29Y104        FDRE                                         r  u_accel/u_ctrl/tx_frame_reg[15][6]/R
  -------------------------------------------------------------------    -------------------

                         (clock sys_clk_pin rise edge)
                                                      0.000     0.000 r  
    E3                                                0.000     0.000 r  CLK100MHZ (IN)
                         net (fo=0)                   0.000     0.000    CLK100MHZ
    E3                   IBUF (Prop_ibuf_I_O)         0.438     0.438 r  CLK100MHZ_IBUF_inst/O
                         net (fo=1, routed)           0.699     1.136    CLK100MHZ_IBUF
    BUFGCTRL_X0Y16       BUFG (Prop_bufg_I_O)         0.029     1.165 r  CLK100MHZ_IBUF_BUFG_inst/O
                         net (fo=21148, routed)       0.836     2.001    u_accel/u_ctrl/CLK100MHZ_IBUF_BUFG
    SLICE_X29Y104        FDRE                                         r  u_accel/u_ctrl/tx_frame_reg[15][6]/C

Slack:                    inf
  Source:                 CPU_RESETN
                            (input port)
  Destination:            u_accel/u_ctrl/tx_frame_reg[15][7]/R
                            (rising edge-triggered cell FDRE clocked by sys_clk_pin  {rise@0.000ns fall@5.000ns period=10.000ns})
  Path Group:             (none)
  Path Type:              Hold (Min at Fast Process Corner)
  Data Path Delay:        1.802ns  (logic 0.320ns (17.731%)  route 1.483ns (82.269%))
  Logic Levels:           2  (IBUF=1 LUT6=1)
  Clock Path Skew:        2.001ns (DCD - SCD - CPR)
    Destination Clock Delay (DCD):    2.001ns
    Source Clock Delay      (SCD):    0.000ns
    Clock Pessimism Removal (CPR):    -0.000ns

    Location             Delay type                Incr(ns)  Path(ns)    Netlist Resource(s)
  -------------------------------------------------------------------    -------------------
    C12                                               0.000     0.000 r  CPU_RESETN (IN)
                         net (fo=0)                   0.000     0.000    CPU_RESETN
    C12                  IBUF (Prop_ibuf_I_O)         0.275     0.275 r  CPU_RESETN_IBUF_inst/O
                         net (fo=24, routed)          1.272     1.546    u_accel/u_ctrl/CPU_RESETN_IBUF
    SLICE_X29Y103        LUT6 (Prop_lut6_I0_O)        0.045     1.591 r  u_accel/u_ctrl/tx_frame[15][7]_i_1/O
                         net (fo=8, routed)           0.211     1.802    u_accel/u_ctrl/tx_frame[15][7]_i_1_n_0
    SLICE_X29Y104        FDRE                                         r  u_accel/u_ctrl/tx_frame_reg[15][7]/R
  -------------------------------------------------------------------    -------------------

                         (clock sys_clk_pin rise edge)
                                                      0.000     0.000 r  
    E3                                                0.000     0.000 r  CLK100MHZ (IN)
                         net (fo=0)                   0.000     0.000    CLK100MHZ
    E3                   IBUF (Prop_ibuf_I_O)         0.438     0.438 r  CLK100MHZ_IBUF_inst/O
                         net (fo=1, routed)           0.699     1.136    CLK100MHZ_IBUF
    BUFGCTRL_X0Y16       BUFG (Prop_bufg_I_O)         0.029     1.165 r  CLK100MHZ_IBUF_BUFG_inst/O
                         net (fo=21148, routed)       0.836     2.001    u_accel/u_ctrl/CLK100MHZ_IBUF_BUFG
    SLICE_X29Y104        FDRE                                         r  u_accel/u_ctrl/tx_frame_reg[15][7]/C





