Copyright 1986-2022 Xilinx, Inc. All Rights Reserved. Copyright 2022-2025 Advanced Micro Devices, Inc. All Rights Reserved.
---------------------------------------------------------------------------------------------------------------------------------------------------------------------------------------------------------------------------------------------------------------------------------------------
| Tool Version : Vivado v.2025.1 (lin64) Build 6140274 Wed May 21 22:58:25 MDT 2025
| Date         : Thu May 28 15:56:41 2026
| Host         : niklas.ece.pdx.edu running 64-bit Pop!_OS 22.04 LTS
| Command      : report_timing_summary -max_paths 10 -routable_nets -report_unconstrained -file board_top_fractional_32_8_8_timing_summary_routed.rpt -pb board_top_fractional_32_8_8_timing_summary_routed.pb -rpx board_top_fractional_32_8_8_timing_summary_routed.rpx -warn_on_violation
| Design       : board_top_fractional_32_8_8
| Device       : 7a100t-csg324
| Speed File   : -1  PRODUCTION 1.23 2018-06-13
| Design State : Routed
---------------------------------------------------------------------------------------------------------------------------------------------------------------------------------------------------------------------------------------------------------------------------------------------

Timing Summary Report

------------------------------------------------------------------------------------------------
| Timer Settings
| --------------
------------------------------------------------------------------------------------------------

  Enable Multi Corner Analysis               :  Yes
  Enable Pessimism Removal                   :  Yes
  Pessimism Removal Resolution               :  Nearest Common Node
  Enable Input Delay Default Clock           :  No
  Enable Preset / Clear Arcs                 :  No
  Disable Flight Delays                      :  No
  Ignore I/O Paths                           :  No
  Timing Early Launch at Borrowing Latches   :  No
  Borrow Time for Max Delay Exceptions       :  Yes
  Merge Timing Exceptions                    :  Yes
  Inter-SLR Compensation                     :  Conservative

  Corner  Analyze    Analyze    
  Name    Max Paths  Min Paths  
  ------  ---------  ---------  
  Slow    Yes        Yes        
  Fast    Yes        Yes        


------------------------------------------------------------------------------------------------
| Report Methodology
| ------------------
------------------------------------------------------------------------------------------------

Rule       Severity  Description                    Violations  
---------  --------  -----------------------------  ----------  
DPIR-1     Warning   Asynchronous driver check      6829        
SYNTH-10   Warning   Wide multiplier                120         
TIMING-18  Warning   Missing input or output delay  19          

Note: This report is based on the most recent report_methodology run and may not be up-to-date. Run report_methodology on the current design for the latest report.



check_timing report

Table of Contents
-----------------
1. checking no_clock (0)
2. checking constant_clock (0)
3. checking pulse_width_clock (0)
4. checking unconstrained_internal_endpoints (0)
5. checking no_input_delay (2)
6. checking no_output_delay (4)
7. checking multiple_clock (0)
8. checking generated_clocks (0)
9. checking loops (0)
10. checking partial_input_delay (0)
11. checking partial_output_delay (0)
12. checking latch_loops (0)

1. checking no_clock (0)
------------------------
 There are 0 register/latch pins with no clock.


2. checking constant_clock (0)
------------------------------
 There are 0 register/latch pins with constant_clock.


3. checking pulse_width_clock (0)
---------------------------------
 There are 0 register/latch pins which need pulse_width check


4. checking unconstrained_internal_endpoints (0)
------------------------------------------------
 There are 0 pins that are not constrained for maximum delay.

 There are 0 pins that are not constrained for maximum delay due to constant clock.


5. checking no_input_delay (2)
------------------------------
 There are 2 input ports with no input delay specified. (HIGH)

 There are 0 input ports with no input delay but user has a false path constraint.


6. checking no_output_delay (4)
-------------------------------
 There are 4 ports with no output delay specified. (HIGH)

 There are 0 ports with no output delay but user has a false path constraint

 There are 0 ports with no output delay but with a timing clock defined on it or propagating through it


7. checking multiple_clock (0)
------------------------------
 There are 0 register/latch pins with multiple clocks.


8. checking generated_clocks (0)
--------------------------------
 There are 0 generated clocks that are not connected to a clock source.


9. checking loops (0)
---------------------
 There are 0 combinational loops in the design.


10. checking partial_input_delay (0)
------------------------------------
 There are 0 input ports with partial input delay specified.


11. checking partial_output_delay (0)
-------------------------------------
 There are 0 ports with partial output delay specified.


12. checking latch_loops (0)
----------------------------
 There are 0 combinational latch loops in the design through latch input



------------------------------------------------------------------------------------------------
| Design Timing Summary
| ---------------------
------------------------------------------------------------------------------------------------

    WNS(ns)      TNS(ns)  TNS Failing Endpoints  TNS Total Endpoints      WHS(ns)      THS(ns)  THS Failing Endpoints  THS Total Endpoints     WPWS(ns)     TPWS(ns)  TPWS Failing Endpoints  TPWS Total Endpoints  
    -------      -------  ---------------------  -------------------      -------      -------  ---------------------  -------------------     --------     --------  ----------------------  --------------------  
      0.052        0.000                      0                43277        0.029        0.000                      0                43277        4.500        0.000                       0                 21718  


All user specified timing constraints are met.


------------------------------------------------------------------------------------------------
| Clock Summary
| -------------
------------------------------------------------------------------------------------------------

Clock        Waveform(ns)       Period(ns)      Frequency(MHz)
-----        ------------       ----------      --------------
sys_clk_pin  {0.000 5.000}      10.000          100.000         


------------------------------------------------------------------------------------------------
| Intra Clock Table
| -----------------
------------------------------------------------------------------------------------------------

Clock             WNS(ns)      TNS(ns)  TNS Failing Endpoints  TNS Total Endpoints      WHS(ns)      THS(ns)  THS Failing Endpoints  THS Total Endpoints     WPWS(ns)     TPWS(ns)  TPWS Failing Endpoints  TPWS Total Endpoints  
-----             -------      -------  ---------------------  -------------------      -------      -------  ---------------------  -------------------     --------     --------  ----------------------  --------------------  
sys_clk_pin         0.052        0.000                      0                43277        0.029        0.000                      0                43277        4.500        0.000                       0                 21718  


------------------------------------------------------------------------------------------------
| Inter Clock Table
| -----------------
------------------------------------------------------------------------------------------------

From Clock    To Clock          WNS(ns)      TNS(ns)  TNS Failing Endpoints  TNS Total Endpoints      WHS(ns)      THS(ns)  THS Failing Endpoints  THS Total Endpoints  
----------    --------          -------      -------  ---------------------  -------------------      -------      -------  ---------------------  -------------------  


------------------------------------------------------------------------------------------------
| Other Path Groups Table
| -----------------------
------------------------------------------------------------------------------------------------

Path Group    From Clock    To Clock          WNS(ns)      TNS(ns)  TNS Failing Endpoints  TNS Total Endpoints      WHS(ns)      THS(ns)  THS Failing Endpoints  THS Total Endpoints  
----------    ----------    --------          -------      -------  ---------------------  -------------------      -------      -------  ---------------------  -------------------  


------------------------------------------------------------------------------------------------
| User Ignored Path Table
| -----------------------
------------------------------------------------------------------------------------------------

Path Group    From Clock    To Clock    
----------    ----------    --------    


------------------------------------------------------------------------------------------------
| Unconstrained Path Table
| ------------------------
------------------------------------------------------------------------------------------------

Path Group    From Clock    To Clock    
----------    ----------    --------    
(none)        sys_clk_pin                 
(none)                      sys_clk_pin   


------------------------------------------------------------------------------------------------
| Timing Details
| --------------
------------------------------------------------------------------------------------------------


---------------------------------------------------------------------------------------------------
From Clock:  sys_clk_pin
  To Clock:  sys_clk_pin

Setup :            0  Failing Endpoints,  Worst Slack        0.052ns,  Total Violation        0.000ns
Hold  :            0  Failing Endpoints,  Worst Slack        0.029ns,  Total Violation        0.000ns
PW    :            0  Failing Endpoints,  Worst Slack        4.500ns,  Total Violation        0.000ns
---------------------------------------------------------------------------------------------------


Max Delay Paths
--------------------------------------------------------------------------------------
Slack (MET) :             0.052ns  (required time - arrival time)
  Source:                 u_accel/gen_nn_fractional.u_accel/fc1_start_reg/C
                            (rising edge-triggered cell FDCE clocked by sys_clk_pin  {rise@0.000ns fall@5.000ns period=10.000ns})
  Destination:            u_accel/gen_nn_fractional.u_accel/gen_hl1_lif[3].hl1_lif/mul_scaled_result_reg_reg[61]/D
                            (rising edge-triggered cell FDCE clocked by sys_clk_pin  {rise@0.000ns fall@5.000ns period=10.000ns})
  Path Group:             sys_clk_pin
  Path Type:              Setup (Max at Slow Process Corner)
  Requirement:            10.000ns  (sys_clk_pin rise@10.000ns - sys_clk_pin rise@0.000ns)
  Data Path Delay:        10.086ns  (logic 1.862ns (18.461%)  route 8.224ns (81.539%))
  Logic Levels:           7  (CARRY4=6 LUT3=1)
  Clock Path Skew:        0.065ns (DCD - SCD + CPR)
    Destination Clock Delay (DCD):    5.127ns = ( 15.127 - 10.000 ) 
    Source Clock Delay      (SCD):    5.243ns
    Clock Pessimism Removal (CPR):    0.180ns
  Clock Uncertainty:      0.035ns  ((TSJ^2 + TIJ^2)^1/2 + DJ) / 2 + PE
    Total System Jitter     (TSJ):    0.071ns
    Total Input Jitter      (TIJ):    0.000ns
    Discrete Jitter          (DJ):    0.000ns
    Phase Error              (PE):    0.000ns

    Location             Delay type                Incr(ns)  Path(ns)    Netlist Resource(s)
  -------------------------------------------------------------------    -------------------
                         (clock sys_clk_pin rise edge)
                                                      0.000     0.000 r  
    E3                                                0.000     0.000 r  CLK100MHZ (IN)
                         net (fo=0)                   0.000     0.000    CLK100MHZ
    E3                   IBUF (Prop_ibuf_I_O)         1.482     1.482 r  CLK100MHZ_IBUF_inst/O
                         net (fo=1, routed)           2.025     3.506    CLK100MHZ_IBUF
    BUFGCTRL_X0Y16       BUFG (Prop_bufg_I_O)         0.096     3.602 r  CLK100MHZ_IBUF_BUFG_inst/O
                         net (fo=21719, routed)       1.640     5.243    u_accel/gen_nn_fractional.u_accel/CLK100MHZ_IBUF_BUFG
    SLICE_X38Y51         FDCE                                         r  u_accel/gen_nn_fractional.u_accel/fc1_start_reg/C
  -------------------------------------------------------------------    -------------------
    SLICE_X38Y51         FDCE (Prop_fdce_C_Q)         0.518     5.761 f  u_accel/gen_nn_fractional.u_accel/fc1_start_reg/Q
                         net (fo=12885, routed)       8.215    13.976    u_accel/gen_nn_fractional.u_accel/gen_hl1_lif[3].hl1_lif/hl2_clear
    SLICE_X78Y171        LUT3 (Prop_lut3_I1_O)        0.124    14.100 r  u_accel/gen_nn_fractional.u_accel/gen_hl1_lif[3].hl1_lif/mul_scaled_result_reg[44]_i_8__27/O
                         net (fo=1, routed)           0.000    14.100    u_accel/gen_nn_fractional.u_accel/gen_hl1_lif[3].hl1_lif/mul_scaled_result_reg[44]_i_8__27_n_0
    SLICE_X78Y171        CARRY4 (Prop_carry4_S[1]_CO[3])
                                                      0.533    14.633 r  u_accel/gen_nn_fractional.u_accel/gen_hl1_lif[3].hl1_lif/mul_scaled_result_reg_reg[44]_i_1__27/CO[3]
                         net (fo=1, routed)           0.000    14.633    u_accel/gen_nn_fractional.u_accel/gen_hl1_lif[3].hl1_lif/mul_scaled_result_reg_reg[44]_i_1__27_n_0
    SLICE_X78Y172        CARRY4 (Prop_carry4_CI_CO[3])
                                                      0.117    14.750 r  u_accel/gen_nn_fractional.u_accel/gen_hl1_lif[3].hl1_lif/mul_scaled_result_reg_reg[48]_i_1__27/CO[3]
                         net (fo=1, routed)           0.000    14.750    u_accel/gen_nn_fractional.u_accel/gen_hl1_lif[3].hl1_lif/mul_scaled_result_reg_reg[48]_i_1__27_n_0
    SLICE_X78Y173        CARRY4 (Prop_carry4_CI_CO[3])
                                                      0.117    14.867 r  u_accel/gen_nn_fractional.u_accel/gen_hl1_lif[3].hl1_lif/mul_scaled_result_reg_reg[52]_i_1__27/CO[3]
                         net (fo=1, routed)           0.000    14.867    u_accel/gen_nn_fractional.u_accel/gen_hl1_lif[3].hl1_lif/mul_scaled_result_reg_reg[52]_i_1__27_n_0
    SLICE_X78Y174        CARRY4 (Prop_carry4_CI_CO[3])
                                                      0.117    14.984 r  u_accel/gen_nn_fractional.u_accel/gen_hl1_lif[3].hl1_lif/mul_scaled_result_reg_reg[56]_i_1__27/CO[3]
                         net (fo=1, routed)           0.009    14.993    u_accel/gen_nn_fractional.u_accel/gen_hl1_lif[3].hl1_lif/mul_scaled_result_reg_reg[56]_i_1__27_n_0
    SLICE_X78Y175        CARRY4 (Prop_carry4_CI_CO[3])
                                                      0.117    15.110 r  u_accel/gen_nn_fractional.u_accel/gen_hl1_lif[3].hl1_lif/mul_scaled_result_reg_reg[60]_i_1__27/CO[3]
                         net (fo=1, routed)           0.000    15.110    u_accel/gen_nn_fractional.u_accel/gen_hl1_lif[3].hl1_lif/mul_scaled_result_reg_reg[60]_i_1__27_n_0
    SLICE_X78Y176        CARRY4 (Prop_carry4_CI_O[0])
                                                      0.219    15.329 r  u_accel/gen_nn_fractional.u_accel/gen_hl1_lif[3].hl1_lif/mul_scaled_result_reg_reg[61]_i_2__27/O[0]
                         net (fo=1, routed)           0.000    15.329    u_accel/gen_nn_fractional.u_accel/gen_hl1_lif[3].hl1_lif/mul_scaled_result_reg_reg[61]_i_2__27_n_7
    SLICE_X78Y176        FDCE                                         r  u_accel/gen_nn_fractional.u_accel/gen_hl1_lif[3].hl1_lif/mul_scaled_result_reg_reg[61]/D
  -------------------------------------------------------------------    -------------------

                         (clock sys_clk_pin rise edge)
                                                     10.000    10.000 r  
    E3                                                0.000    10.000 r  CLK100MHZ (IN)
                         net (fo=0)                   0.000    10.000    CLK100MHZ
    E3                   IBUF (Prop_ibuf_I_O)         1.411    11.411 r  CLK100MHZ_IBUF_inst/O
                         net (fo=1, routed)           1.920    13.331    CLK100MHZ_IBUF
    BUFGCTRL_X0Y16       BUFG (Prop_bufg_I_O)         0.091    13.422 r  CLK100MHZ_IBUF_BUFG_inst/O
                         net (fo=21719, routed)       1.705    15.127    u_accel/gen_nn_fractional.u_accel/gen_hl1_lif[3].hl1_lif/CLK100MHZ_IBUF_BUFG
    SLICE_X78Y176        FDCE                                         r  u_accel/gen_nn_fractional.u_accel/gen_hl1_lif[3].hl1_lif/mul_scaled_result_reg_reg[61]/C
                         clock pessimism              0.180    15.307    
                         clock uncertainty           -0.035    15.272    
    SLICE_X78Y176        FDCE (Setup_fdce_C_D)        0.109    15.381    u_accel/gen_nn_fractional.u_accel/gen_hl1_lif[3].hl1_lif/mul_scaled_result_reg_reg[61]
  -------------------------------------------------------------------
                         required time                         15.381    
                         arrival time                         -15.329    
  -------------------------------------------------------------------
                         slack                                  0.052    

Slack (MET) :             0.063ns  (required time - arrival time)
  Source:                 u_accel/gen_nn_fractional.u_accel/fc1_start_reg/C
                            (rising edge-triggered cell FDCE clocked by sys_clk_pin  {rise@0.000ns fall@5.000ns period=10.000ns})
  Destination:            u_accel/gen_nn_fractional.u_accel/gen_hl1_lif[3].hl1_lif/mul_scaled_result_reg_reg[58]/D
                            (rising edge-triggered cell FDCE clocked by sys_clk_pin  {rise@0.000ns fall@5.000ns period=10.000ns})
  Path Group:             sys_clk_pin
  Path Type:              Setup (Max at Slow Process Corner)
  Requirement:            10.000ns  (sys_clk_pin rise@10.000ns - sys_clk_pin rise@0.000ns)
  Data Path Delay:        10.073ns  (logic 1.849ns (18.356%)  route 8.224ns (81.644%))
  Logic Levels:           6  (CARRY4=5 LUT3=1)
  Clock Path Skew:        0.063ns (DCD - SCD + CPR)
    Destination Clock Delay (DCD):    5.125ns = ( 15.125 - 10.000 ) 
    Source Clock Delay      (SCD):    5.243ns
    Clock Pessimism Removal (CPR):    0.180ns
  Clock Uncertainty:      0.035ns  ((TSJ^2 + TIJ^2)^1/2 + DJ) / 2 + PE
    Total System Jitter     (TSJ):    0.071ns
    Total Input Jitter      (TIJ):    0.000ns
    Discrete Jitter          (DJ):    0.000ns
    Phase Error              (PE):    0.000ns

    Location             Delay type                Incr(ns)  Path(ns)    Netlist Resource(s)
  -------------------------------------------------------------------    -------------------
                         (clock sys_clk_pin rise edge)
                                                      0.000     0.000 r  
    E3                                                0.000     0.000 r  CLK100MHZ (IN)
                         net (fo=0)                   0.000     0.000    CLK100MHZ
    E3                   IBUF (Prop_ibuf_I_O)         1.482     1.482 r  CLK100MHZ_IBUF_inst/O
                         net (fo=1, routed)           2.025     3.506    CLK100MHZ_IBUF
    BUFGCTRL_X0Y16       BUFG (Prop_bufg_I_O)         0.096     3.602 r  CLK100MHZ_IBUF_BUFG_inst/O
                         net (fo=21719, routed)       1.640     5.243    u_accel/gen_nn_fractional.u_accel/CLK100MHZ_IBUF_BUFG
    SLICE_X38Y51         FDCE                                         r  u_accel/gen_nn_fractional.u_accel/fc1_start_reg/C
  -------------------------------------------------------------------    -------------------
    SLICE_X38Y51         FDCE (Prop_fdce_C_Q)         0.518     5.761 f  u_accel/gen_nn_fractional.u_accel/fc1_start_reg/Q
                         net (fo=12885, routed)       8.215    13.976    u_accel/gen_nn_fractional.u_accel/gen_hl1_lif[3].hl1_lif/hl2_clear
    SLICE_X78Y171        LUT3 (Prop_lut3_I1_O)        0.124    14.100 r  u_accel/gen_nn_fractional.u_accel/gen_hl1_lif[3].hl1_lif/mul_scaled_result_reg[44]_i_8__27/O
                         net (fo=1, routed)           0.000    14.100    u_accel/gen_nn_fractional.u_accel/gen_hl1_lif[3].hl1_lif/mul_scaled_result_reg[44]_i_8__27_n_0
    SLICE_X78Y171        CARRY4 (Prop_carry4_S[1]_CO[3])
                                                      0.533    14.633 r  u_accel/gen_nn_fractional.u_accel/gen_hl1_lif[3].hl1_lif/mul_scaled_result_reg_reg[44]_i_1__27/CO[3]
                         net (fo=1, routed)           0.000    14.633    u_accel/gen_nn_fractional.u_accel/gen_hl1_lif[3].hl1_lif/mul_scaled_result_reg_reg[44]_i_1__27_n_0
    SLICE_X78Y172        CARRY4 (Prop_carry4_CI_CO[3])
                                                      0.117    14.750 r  u_accel/gen_nn_fractional.u_accel/gen_hl1_lif[3].hl1_lif/mul_scaled_result_reg_reg[48]_i_1__27/CO[3]
                         net (fo=1, routed)           0.000    14.750    u_accel/gen_nn_fractional.u_accel/gen_hl1_lif[3].hl1_lif/mul_scaled_result_reg_reg[48]_i_1__27_n_0
    SLICE_X78Y173        CARRY4 (Prop_carry4_CI_CO[3])
                                                      0.117    14.867 r  u_accel/gen_nn_fractional.u_accel/gen_hl1_lif[3].hl1_lif/mul_scaled_result_reg_reg[52]_i_1__27/CO[3]
                         net (fo=1, routed)           0.000    14.867    u_accel/gen_nn_fractional.u_accel/gen_hl1_lif[3].hl1_lif/mul_scaled_result_reg_reg[52]_i_1__27_n_0
    SLICE_X78Y174        CARRY4 (Prop_carry4_CI_CO[3])
                                                      0.117    14.984 r  u_accel/gen_nn_fractional.u_accel/gen_hl1_lif[3].hl1_lif/mul_scaled_result_reg_reg[56]_i_1__27/CO[3]
                         net (fo=1, routed)           0.009    14.993    u_accel/gen_nn_fractional.u_accel/gen_hl1_lif[3].hl1_lif/mul_scaled_result_reg_reg[56]_i_1__27_n_0
    SLICE_X78Y175        CARRY4 (Prop_carry4_CI_O[1])
                                                      0.323    15.316 r  u_accel/gen_nn_fractional.u_accel/gen_hl1_lif[3].hl1_lif/mul_scaled_result_reg_reg[60]_i_1__27/O[1]
                         net (fo=1, routed)           0.000    15.316    u_accel/gen_nn_fractional.u_accel/gen_hl1_lif[3].hl1_lif/mul_scaled_result_reg_reg[60]_i_1__27_n_6
    SLICE_X78Y175        FDCE                                         r  u_accel/gen_nn_fractional.u_accel/gen_hl1_lif[3].hl1_lif/mul_scaled_result_reg_reg[58]/D
  -------------------------------------------------------------------    -------------------

                         (clock sys_clk_pin rise edge)
                                                     10.000    10.000 r  
    E3                                                0.000    10.000 r  CLK100MHZ (IN)
                         net (fo=0)                   0.000    10.000    CLK100MHZ
    E3                   IBUF (Prop_ibuf_I_O)         1.411    11.411 r  CLK100MHZ_IBUF_inst/O
                         net (fo=1, routed)           1.920    13.331    CLK100MHZ_IBUF
    BUFGCTRL_X0Y16       BUFG (Prop_bufg_I_O)         0.091    13.422 r  CLK100MHZ_IBUF_BUFG_inst/O
                         net (fo=21719, routed)       1.703    15.125    u_accel/gen_nn_fractional.u_accel/gen_hl1_lif[3].hl1_lif/CLK100MHZ_IBUF_BUFG
    SLICE_X78Y175        FDCE                                         r  u_accel/gen_nn_fractional.u_accel/gen_hl1_lif[3].hl1_lif/mul_scaled_result_reg_reg[58]/C
                         clock pessimism              0.180    15.305    
                         clock uncertainty           -0.035    15.270    
    SLICE_X78Y175        FDCE (Setup_fdce_C_D)        0.109    15.379    u_accel/gen_nn_fractional.u_accel/gen_hl1_lif[3].hl1_lif/mul_scaled_result_reg_reg[58]
  -------------------------------------------------------------------
                         required time                         15.379    
                         arrival time                         -15.316    
  -------------------------------------------------------------------
                         slack                                  0.063    

Slack (MET) :             0.071ns  (required time - arrival time)
  Source:                 u_accel/gen_nn_fractional.u_accel/fc1_start_reg/C
                            (rising edge-triggered cell FDCE clocked by sys_clk_pin  {rise@0.000ns fall@5.000ns period=10.000ns})
  Destination:            u_accel/gen_nn_fractional.u_accel/gen_hl1_lif[3].hl1_lif/mul_scaled_result_reg_reg[60]/D
                            (rising edge-triggered cell FDCE clocked by sys_clk_pin  {rise@0.000ns fall@5.000ns period=10.000ns})
  Path Group:             sys_clk_pin
  Path Type:              Setup (Max at Slow Process Corner)
  Requirement:            10.000ns  (sys_clk_pin rise@10.000ns - sys_clk_pin rise@0.000ns)
  Data Path Delay:        10.065ns  (logic 1.841ns (18.291%)  route 8.224ns (81.709%))
  Logic Levels:           6  (CARRY4=5 LUT3=1)
  Clock Path Skew:        0.063ns (DCD - SCD + CPR)
    Destination Clock Delay (DCD):    5.125ns = ( 15.125 - 10.000 ) 
    Source Clock Delay      (SCD):    5.243ns
    Clock Pessimism Removal (CPR):    0.180ns
  Clock Uncertainty:      0.035ns  ((TSJ^2 + TIJ^2)^1/2 + DJ) / 2 + PE
    Total System Jitter     (TSJ):    0.071ns
    Total Input Jitter      (TIJ):    0.000ns
    Discrete Jitter          (DJ):    0.000ns
    Phase Error              (PE):    0.000ns

    Location             Delay type                Incr(ns)  Path(ns)    Netlist Resource(s)
  -------------------------------------------------------------------    -------------------
                         (clock sys_clk_pin rise edge)
                                                      0.000     0.000 r  
    E3                                                0.000     0.000 r  CLK100MHZ (IN)
                         net (fo=0)                   0.000     0.000    CLK100MHZ
    E3                   IBUF (Prop_ibuf_I_O)         1.482     1.482 r  CLK100MHZ_IBUF_inst/O
                         net (fo=1, routed)           2.025     3.506    CLK100MHZ_IBUF
    BUFGCTRL_X0Y16       BUFG (Prop_bufg_I_O)         0.096     3.602 r  CLK100MHZ_IBUF_BUFG_inst/O
                         net (fo=21719, routed)       1.640     5.243    u_accel/gen_nn_fractional.u_accel/CLK100MHZ_IBUF_BUFG
    SLICE_X38Y51         FDCE                                         r  u_accel/gen_nn_fractional.u_accel/fc1_start_reg/C
  -------------------------------------------------------------------    -------------------
    SLICE_X38Y51         FDCE (Prop_fdce_C_Q)         0.518     5.761 f  u_accel/gen_nn_fractional.u_accel/fc1_start_reg/Q
                         net (fo=12885, routed)       8.215    13.976    u_accel/gen_nn_fractional.u_accel/gen_hl1_lif[3].hl1_lif/hl2_clear
    SLICE_X78Y171        LUT3 (Prop_lut3_I1_O)        0.124    14.100 r  u_accel/gen_nn_fractional.u_accel/gen_hl1_lif[3].hl1_lif/mul_scaled_result_reg[44]_i_8__27/O
                         net (fo=1, routed)           0.000    14.100    u_accel/gen_nn_fractional.u_accel/gen_hl1_lif[3].hl1_lif/mul_scaled_result_reg[44]_i_8__27_n_0
    SLICE_X78Y171        CARRY4 (Prop_carry4_S[1]_CO[3])
                                                      0.533    14.633 r  u_accel/gen_nn_fractional.u_accel/gen_hl1_lif[3].hl1_lif/mul_scaled_result_reg_reg[44]_i_1__27/CO[3]
                         net (fo=1, routed)           0.000    14.633    u_accel/gen_nn_fractional.u_accel/gen_hl1_lif[3].hl1_lif/mul_scaled_result_reg_reg[44]_i_1__27_n_0
    SLICE_X78Y172        CARRY4 (Prop_carry4_CI_CO[3])
                                                      0.117    14.750 r  u_accel/gen_nn_fractional.u_accel/gen_hl1_lif[3].hl1_lif/mul_scaled_result_reg_reg[48]_i_1__27/CO[3]
                         net (fo=1, routed)           0.000    14.750    u_accel/gen_nn_fractional.u_accel/gen_hl1_lif[3].hl1_lif/mul_scaled_result_reg_reg[48]_i_1__27_n_0
    SLICE_X78Y173        CARRY4 (Prop_carry4_CI_CO[3])
                                                      0.117    14.867 r  u_accel/gen_nn_fractional.u_accel/gen_hl1_lif[3].hl1_lif/mul_scaled_result_reg_reg[52]_i_1__27/CO[3]
                         net (fo=1, routed)           0.000    14.867    u_accel/gen_nn_fractional.u_accel/gen_hl1_lif[3].hl1_lif/mul_scaled_result_reg_reg[52]_i_1__27_n_0
    SLICE_X78Y174        CARRY4 (Prop_carry4_CI_CO[3])
                                                      0.117    14.984 r  u_accel/gen_nn_fractional.u_accel/gen_hl1_lif[3].hl1_lif/mul_scaled_result_reg_reg[56]_i_1__27/CO[3]
                         net (fo=1, routed)           0.009    14.993    u_accel/gen_nn_fractional.u_accel/gen_hl1_lif[3].hl1_lif/mul_scaled_result_reg_reg[56]_i_1__27_n_0
    SLICE_X78Y175        CARRY4 (Prop_carry4_CI_O[3])
                                                      0.315    15.308 r  u_accel/gen_nn_fractional.u_accel/gen_hl1_lif[3].hl1_lif/mul_scaled_result_reg_reg[60]_i_1__27/O[3]
                         net (fo=1, routed)           0.000    15.308    u_accel/gen_nn_fractional.u_accel/gen_hl1_lif[3].hl1_lif/mul_scaled_result_reg_reg[60]_i_1__27_n_4
    SLICE_X78Y175        FDCE                                         r  u_accel/gen_nn_fractional.u_accel/gen_hl1_lif[3].hl1_lif/mul_scaled_result_reg_reg[60]/D
  -------------------------------------------------------------------    -------------------

                         (clock sys_clk_pin rise edge)
                                                     10.000    10.000 r  
    E3                                                0.000    10.000 r  CLK100MHZ (IN)
                         net (fo=0)                   0.000    10.000    CLK100MHZ
    E3                   IBUF (Prop_ibuf_I_O)         1.411    11.411 r  CLK100MHZ_IBUF_inst/O
                         net (fo=1, routed)           1.920    13.331    CLK100MHZ_IBUF
    BUFGCTRL_X0Y16       BUFG (Prop_bufg_I_O)         0.091    13.422 r  CLK100MHZ_IBUF_BUFG_inst/O
                         net (fo=21719, routed)       1.703    15.125    u_accel/gen_nn_fractional.u_accel/gen_hl1_lif[3].hl1_lif/CLK100MHZ_IBUF_BUFG
    SLICE_X78Y175        FDCE                                         r  u_accel/gen_nn_fractional.u_accel/gen_hl1_lif[3].hl1_lif/mul_scaled_result_reg_reg[60]/C
                         clock pessimism              0.180    15.305    
                         clock uncertainty           -0.035    15.270    
    SLICE_X78Y175        FDCE (Setup_fdce_C_D)        0.109    15.379    u_accel/gen_nn_fractional.u_accel/gen_hl1_lif[3].hl1_lif/mul_scaled_result_reg_reg[60]
  -------------------------------------------------------------------
                         required time                         15.379    
                         arrival time                         -15.308    
  -------------------------------------------------------------------
                         slack                                  0.071    

Slack (MET) :             0.122ns  (required time - arrival time)
  Source:                 u_accel/gen_nn_fractional.u_accel/fc1_start_reg/C
                            (rising edge-triggered cell FDCE clocked by sys_clk_pin  {rise@0.000ns fall@5.000ns period=10.000ns})
  Destination:            u_accel/gen_nn_fractional.u_accel/gen_hl1_lif[3].hl1_lif/numerator_reg_reg[44]/D
                            (rising edge-triggered cell FDCE clocked by sys_clk_pin  {rise@0.000ns fall@5.000ns period=10.000ns})
  Path Group:             sys_clk_pin
  Path Type:              Setup (Max at Slow Process Corner)
  Requirement:            10.000ns  (sys_clk_pin rise@10.000ns - sys_clk_pin rise@0.000ns)
  Data Path Delay:        9.968ns  (logic 1.722ns (17.275%)  route 8.246ns (82.725%))
  Logic Levels:           7  (CARRY4=6 LUT3=1)
  Clock Path Skew:        0.064ns (DCD - SCD + CPR)
    Destination Clock Delay (DCD):    5.126ns = ( 15.126 - 10.000 ) 
    Source Clock Delay      (SCD):    5.243ns
    Clock Pessimism Removal (CPR):    0.180ns
  Clock Uncertainty:      0.035ns  ((TSJ^2 + TIJ^2)^1/2 + DJ) / 2 + PE
    Total System Jitter     (TSJ):    0.071ns
    Total Input Jitter      (TIJ):    0.000ns
    Discrete Jitter          (DJ):    0.000ns
    Phase Error              (PE):    0.000ns

    Location             Delay type                Incr(ns)  Path(ns)    Netlist Resource(s)
  -------------------------------------------------------------------    -------------------
                         (clock sys_clk_pin rise edge)
                                                      0.000     0.000 r  
    E3                                                0.000     0.000 r  CLK100MHZ (IN)
                         net (fo=0)                   0.000     0.000    CLK100MHZ
    E3                   IBUF (Prop_ibuf_I_O)         1.482     1.482 r  CLK100MHZ_IBUF_inst/O
                         net (fo=1, routed)           2.025     3.506    CLK100MHZ_IBUF
    BUFGCTRL_X0Y16       BUFG (Prop_bufg_I_O)         0.096     3.602 r  CLK100MHZ_IBUF_BUFG_inst/O
                         net (fo=21719, routed)       1.640     5.243    u_accel/gen_nn_fractional.u_accel/CLK100MHZ_IBUF_BUFG
    SLICE_X38Y51         FDCE                                         r  u_accel/gen_nn_fractional.u_accel/fc1_start_reg/C
  -------------------------------------------------------------------    -------------------
    SLICE_X38Y51         FDCE (Prop_fdce_C_Q)         0.518     5.761 f  u_accel/gen_nn_fractional.u_accel/fc1_start_reg/Q
                         net (fo=12885, routed)       8.237    13.998    u_accel/gen_nn_fractional.u_accel/gen_hl1_lif[3].hl1_lif/hl2_clear
    SLICE_X77Y171        LUT3 (Prop_lut3_I1_O)        0.124    14.122 r  u_accel/gen_nn_fractional.u_accel/gen_hl1_lif[3].hl1_lif/numerator_reg[27]_i_6__27/O
                         net (fo=1, routed)           0.000    14.122    u_accel/gen_nn_fractional.u_accel/gen_hl1_lif[3].hl1_lif/numerator_reg[27]_i_6__27_n_0
    SLICE_X77Y171        CARRY4 (Prop_carry4_S[3]_CO[3])
                                                      0.401    14.523 r  u_accel/gen_nn_fractional.u_accel/gen_hl1_lif[3].hl1_lif/numerator_reg_reg[27]_i_1__27/CO[3]
                         net (fo=1, routed)           0.000    14.523    u_accel/gen_nn_fractional.u_accel/gen_hl1_lif[3].hl1_lif/numerator_reg_reg[27]_i_1__27_n_0
    SLICE_X77Y172        CARRY4 (Prop_carry4_CI_CO[3])
                                                      0.114    14.637 r  u_accel/gen_nn_fractional.u_accel/gen_hl1_lif[3].hl1_lif/numerator_reg_reg[31]_i_1__27/CO[3]
                         net (fo=1, routed)           0.000    14.637    u_accel/gen_nn_fractional.u_accel/gen_hl1_lif[3].hl1_lif/numerator_reg_reg[31]_i_1__27_n_0
    SLICE_X77Y173        CARRY4 (Prop_carry4_CI_CO[3])
                                                      0.114    14.751 r  u_accel/gen_nn_fractional.u_accel/gen_hl1_lif[3].hl1_lif/numerator_reg_reg[35]_i_1__27/CO[3]
                         net (fo=1, routed)           0.000    14.751    u_accel/gen_nn_fractional.u_accel/gen_hl1_lif[3].hl1_lif/numerator_reg_reg[35]_i_1__27_n_0
    SLICE_X77Y174        CARRY4 (Prop_carry4_CI_CO[3])
                                                      0.114    14.865 r  u_accel/gen_nn_fractional.u_accel/gen_hl1_lif[3].hl1_lif/numerator_reg_reg[39]_i_1__27/CO[3]
                         net (fo=1, routed)           0.009    14.874    u_accel/gen_nn_fractional.u_accel/gen_hl1_lif[3].hl1_lif/numerator_reg_reg[39]_i_1__27_n_0
    SLICE_X77Y175        CARRY4 (Prop_carry4_CI_CO[3])
                                                      0.114    14.988 r  u_accel/gen_nn_fractional.u_accel/gen_hl1_lif[3].hl1_lif/numerator_reg_reg[43]_i_1__27/CO[3]
                         net (fo=1, routed)           0.000    14.988    u_accel/gen_nn_fractional.u_accel/gen_hl1_lif[3].hl1_lif/numerator_reg_reg[43]_i_1__27_n_0
    SLICE_X77Y176        CARRY4 (Prop_carry4_CI_O[0])
                                                      0.223    15.211 r  u_accel/gen_nn_fractional.u_accel/gen_hl1_lif[3].hl1_lif/numerator_reg_reg[44]_i_2__27/O[0]
                         net (fo=1, routed)           0.000    15.211    u_accel/gen_nn_fractional.u_accel/gen_hl1_lif[3].hl1_lif/numerator_reg_reg[44]_i_2__27_n_7
    SLICE_X77Y176        FDCE                                         r  u_accel/gen_nn_fractional.u_accel/gen_hl1_lif[3].hl1_lif/numerator_reg_reg[44]/D
  -------------------------------------------------------------------    -------------------

                         (clock sys_clk_pin rise edge)
                                                     10.000    10.000 r  
    E3                                                0.000    10.000 r  CLK100MHZ (IN)
                         net (fo=0)                   0.000    10.000    CLK100MHZ
    E3                   IBUF (Prop_ibuf_I_O)         1.411    11.411 r  CLK100MHZ_IBUF_inst/O
                         net (fo=1, routed)           1.920    13.331    CLK100MHZ_IBUF
    BUFGCTRL_X0Y16       BUFG (Prop_bufg_I_O)         0.091    13.422 r  CLK100MHZ_IBUF_BUFG_inst/O
                         net (fo=21719, routed)       1.704    15.126    u_accel/gen_nn_fractional.u_accel/gen_hl1_lif[3].hl1_lif/CLK100MHZ_IBUF_BUFG
    SLICE_X77Y176        FDCE                                         r  u_accel/gen_nn_fractional.u_accel/gen_hl1_lif[3].hl1_lif/numerator_reg_reg[44]/C
                         clock pessimism              0.180    15.306    
                         clock uncertainty           -0.035    15.271    
    SLICE_X77Y176        FDCE (Setup_fdce_C_D)        0.062    15.333    u_accel/gen_nn_fractional.u_accel/gen_hl1_lif[3].hl1_lif/numerator_reg_reg[44]
  -------------------------------------------------------------------
                         required time                         15.333    
                         arrival time                         -15.211    
  -------------------------------------------------------------------
                         slack                                  0.122    

Slack (MET) :             0.123ns  (required time - arrival time)
  Source:                 u_accel/gen_nn_fractional.u_accel/fc1_start_reg/C
                            (rising edge-triggered cell FDCE clocked by sys_clk_pin  {rise@0.000ns fall@5.000ns period=10.000ns})
  Destination:            u_accel/gen_nn_fractional.u_accel/gen_hl1_lif[3].hl1_lif/numerator_reg_reg[41]/D
                            (rising edge-triggered cell FDCE clocked by sys_clk_pin  {rise@0.000ns fall@5.000ns period=10.000ns})
  Path Group:             sys_clk_pin
  Path Type:              Setup (Max at Slow Process Corner)
  Requirement:            10.000ns  (sys_clk_pin rise@10.000ns - sys_clk_pin rise@0.000ns)
  Data Path Delay:        9.965ns  (logic 1.719ns (17.250%)  route 8.246ns (82.750%))
  Logic Levels:           6  (CARRY4=5 LUT3=1)
  Clock Path Skew:        0.062ns (DCD - SCD + CPR)
    Destination Clock Delay (DCD):    5.124ns = ( 15.124 - 10.000 ) 
    Source Clock Delay      (SCD):    5.243ns
    Clock Pessimism Removal (CPR):    0.180ns
  Clock Uncertainty:      0.035ns  ((TSJ^2 + TIJ^2)^1/2 + DJ) / 2 + PE
    Total System Jitter     (TSJ):    0.071ns
    Total Input Jitter      (TIJ):    0.000ns
    Discrete Jitter          (DJ):    0.000ns
    Phase Error              (PE):    0.000ns

    Location             Delay type                Incr(ns)  Path(ns)    Netlist Resource(s)
  -------------------------------------------------------------------    -------------------
                         (clock sys_clk_pin rise edge)
                                                      0.000     0.000 r  
    E3                                                0.000     0.000 r  CLK100MHZ (IN)
                         net (fo=0)                   0.000     0.000    CLK100MHZ
    E3                   IBUF (Prop_ibuf_I_O)         1.482     1.482 r  CLK100MHZ_IBUF_inst/O
                         net (fo=1, routed)           2.025     3.506    CLK100MHZ_IBUF
    BUFGCTRL_X0Y16       BUFG (Prop_bufg_I_O)         0.096     3.602 r  CLK100MHZ_IBUF_BUFG_inst/O
                         net (fo=21719, routed)       1.640     5.243    u_accel/gen_nn_fractional.u_accel/CLK100MHZ_IBUF_BUFG
    SLICE_X38Y51         FDCE                                         r  u_accel/gen_nn_fractional.u_accel/fc1_start_reg/C
  -------------------------------------------------------------------    -------------------
    SLICE_X38Y51         FDCE (Prop_fdce_C_Q)         0.518     5.761 f  u_accel/gen_nn_fractional.u_accel/fc1_start_reg/Q
                         net (fo=12885, routed)       8.237    13.998    u_accel/gen_nn_fractional.u_accel/gen_hl1_lif[3].hl1_lif/hl2_clear
    SLICE_X77Y171        LUT3 (Prop_lut3_I1_O)        0.124    14.122 r  u_accel/gen_nn_fractional.u_accel/gen_hl1_lif[3].hl1_lif/numerator_reg[27]_i_6__27/O
                         net (fo=1, routed)           0.000    14.122    u_accel/gen_nn_fractional.u_accel/gen_hl1_lif[3].hl1_lif/numerator_reg[27]_i_6__27_n_0
    SLICE_X77Y171        CARRY4 (Prop_carry4_S[3]_CO[3])
                                                      0.401    14.523 r  u_accel/gen_nn_fractional.u_accel/gen_hl1_lif[3].hl1_lif/numerator_reg_reg[27]_i_1__27/CO[3]
                         net (fo=1, routed)           0.000    14.523    u_accel/gen_nn_fractional.u_accel/gen_hl1_lif[3].hl1_lif/numerator_reg_reg[27]_i_1__27_n_0
    SLICE_X77Y172        CARRY4 (Prop_carry4_CI_CO[3])
                                                      0.114    14.637 r  u_accel/gen_nn_fractional.u_accel/gen_hl1_lif[3].hl1_lif/numerator_reg_reg[31]_i_1__27/CO[3]
                         net (fo=1, routed)           0.000    14.637    u_accel/gen_nn_fractional.u_accel/gen_hl1_lif[3].hl1_lif/numerator_reg_reg[31]_i_1__27_n_0
    SLICE_X77Y173        CARRY4 (Prop_carry4_CI_CO[3])
                                                      0.114    14.751 r  u_accel/gen_nn_fractional.u_accel/gen_hl1_lif[3].hl1_lif/numerator_reg_reg[35]_i_1__27/CO[3]
                         net (fo=1, routed)           0.000    14.751    u_accel/gen_nn_fractional.u_accel/gen_hl1_lif[3].hl1_lif/numerator_reg_reg[35]_i_1__27_n_0
    SLICE_X77Y174        CARRY4 (Prop_carry4_CI_CO[3])
                                                      0.114    14.865 r  u_accel/gen_nn_fractional.u_accel/gen_hl1_lif[3].hl1_lif/numerator_reg_reg[39]_i_1__27/CO[3]
                         net (fo=1, routed)           0.009    14.874    u_accel/gen_nn_fractional.u_accel/gen_hl1_lif[3].hl1_lif/numerator_reg_reg[39]_i_1__27_n_0
    SLICE_X77Y175        CARRY4 (Prop_carry4_CI_O[1])
                                                      0.334    15.208 r  u_accel/gen_nn_fractional.u_accel/gen_hl1_lif[3].hl1_lif/numerator_reg_reg[43]_i_1__27/O[1]
                         net (fo=1, routed)           0.000    15.208    u_accel/gen_nn_fractional.u_accel/gen_hl1_lif[3].hl1_lif/numerator_reg_reg[43]_i_1__27_n_6
    SLICE_X77Y175        FDCE                                         r  u_accel/gen_nn_fractional.u_accel/gen_hl1_lif[3].hl1_lif/numerator_reg_reg[41]/D
  -------------------------------------------------------------------    -------------------

                         (clock sys_clk_pin rise edge)
                                                     10.000    10.000 r  
    E3                                                0.000    10.000 r  CLK100MHZ (IN)
                         net (fo=0)                   0.000    10.000    CLK100MHZ
    E3                   IBUF (Prop_ibuf_I_O)         1.411    11.411 r  CLK100MHZ_IBUF_inst/O
                         net (fo=1, routed)           1.920    13.331    CLK100MHZ_IBUF
    BUFGCTRL_X0Y16       BUFG (Prop_bufg_I_O)         0.091    13.422 r  CLK100MHZ_IBUF_BUFG_inst/O
                         net (fo=21719, routed)       1.702    15.124    u_accel/gen_nn_fractional.u_accel/gen_hl1_lif[3].hl1_lif/CLK100MHZ_IBUF_BUFG
    SLICE_X77Y175        FDCE                                         r  u_accel/gen_nn_fractional.u_accel/gen_hl1_lif[3].hl1_lif/numerator_reg_reg[41]/C
                         clock pessimism              0.180    15.304    
                         clock uncertainty           -0.035    15.269    
    SLICE_X77Y175        FDCE (Setup_fdce_C_D)        0.062    15.331    u_accel/gen_nn_fractional.u_accel/gen_hl1_lif[3].hl1_lif/numerator_reg_reg[41]
  -------------------------------------------------------------------
                         required time                         15.331    
                         arrival time                         -15.208    
  -------------------------------------------------------------------
                         slack                                  0.123    

Slack (MET) :             0.136ns  (required time - arrival time)
  Source:                 u_accel/gen_nn_fractional.u_accel/gen_hl1_lif[18].hl1_lif/numerator_reg_reg[12]/C
                            (rising edge-triggered cell FDCE clocked by sys_clk_pin  {rise@0.000ns fall@5.000ns period=10.000ns})
  Destination:            u_accel/gen_nn_fractional.u_accel/gen_hl1_lif[18].hl1_lif/mul_scaled_result_reg_reg[61]/D
                            (rising edge-triggered cell FDCE clocked by sys_clk_pin  {rise@0.000ns fall@5.000ns period=10.000ns})
  Path Group:             sys_clk_pin
  Path Type:              Setup (Max at Slow Process Corner)
  Requirement:            10.000ns  (sys_clk_pin rise@10.000ns - sys_clk_pin rise@0.000ns)
  Data Path Delay:        9.908ns  (logic 7.588ns (76.584%)  route 2.320ns (23.416%))
  Logic Levels:           11  (CARRY4=8 DSP48E1=2 LUT3=1)
  Clock Path Skew:        -0.030ns (DCD - SCD + CPR)
    Destination Clock Delay (DCD):    4.927ns = ( 14.927 - 10.000 ) 
    Source Clock Delay      (SCD):    5.216ns
    Clock Pessimism Removal (CPR):    0.259ns
  Clock Uncertainty:      0.035ns  ((TSJ^2 + TIJ^2)^1/2 + DJ) / 2 + PE
    Total System Jitter     (TSJ):    0.071ns
    Total Input Jitter      (TIJ):    0.000ns
    Discrete Jitter          (DJ):    0.000ns
    Phase Error              (PE):    0.000ns

    Location             Delay type                Incr(ns)  Path(ns)    Netlist Resource(s)
  -------------------------------------------------------------------    -------------------
                         (clock sys_clk_pin rise edge)
                                                      0.000     0.000 r  
    E3                                                0.000     0.000 r  CLK100MHZ (IN)
                         net (fo=0)                   0.000     0.000    CLK100MHZ
    E3                   IBUF (Prop_ibuf_I_O)         1.482     1.482 r  CLK100MHZ_IBUF_inst/O
                         net (fo=1, routed)           2.025     3.506    CLK100MHZ_IBUF
    BUFGCTRL_X0Y16       BUFG (Prop_bufg_I_O)         0.096     3.602 r  CLK100MHZ_IBUF_BUFG_inst/O
                         net (fo=21719, routed)       1.613     5.216    u_accel/gen_nn_fractional.u_accel/gen_hl1_lif[18].hl1_lif/CLK100MHZ_IBUF_BUFG
    SLICE_X71Y74         FDCE                                         r  u_accel/gen_nn_fractional.u_accel/gen_hl1_lif[18].hl1_lif/numerator_reg_reg[12]/C
  -------------------------------------------------------------------    -------------------
    SLICE_X71Y74         FDCE (Prop_fdce_C_Q)         0.456     5.672 r  u_accel/gen_nn_fractional.u_accel/gen_hl1_lif[18].hl1_lif/numerator_reg_reg[12]/Q
                         net (fo=1, routed)           1.016     6.687    u_accel/gen_nn_fractional.u_accel/gen_hl1_lif[18].hl1_lif/numerator_reg[12]
    DSP48_X1Y29          DSP48E1 (Prop_dsp48e1_A[12]_PCOUT[47])
                                                      4.036    10.723 r  u_accel/gen_nn_fractional.u_accel/gen_hl1_lif[18].hl1_lif/mul_scaled_result_reg0/PCOUT[47]
                         net (fo=1, routed)           0.056    10.779    u_accel/gen_nn_fractional.u_accel/gen_hl1_lif[18].hl1_lif/mul_scaled_result_reg0_n_106
    DSP48_X1Y30          DSP48E1 (Prop_dsp48e1_PCIN[47]_P[17])
                                                      1.518    12.297 r  u_accel/gen_nn_fractional.u_accel/gen_hl1_lif[18].hl1_lif/mul_scaled_result_reg0__0/P[17]
                         net (fo=1, routed)           1.249    13.546    u_accel/gen_nn_fractional.u_accel/gen_hl1_lif[18].hl1_lif/mul_scaled_result_reg0__0_n_88
    SLICE_X66Y75         LUT3 (Prop_lut3_I2_O)        0.124    13.670 r  u_accel/gen_nn_fractional.u_accel/gen_hl1_lif[18].hl1_lif/mul_scaled_result_reg[36]_i_7__9/O
                         net (fo=1, routed)           0.000    13.670    u_accel/gen_nn_fractional.u_accel/gen_hl1_lif[18].hl1_lif/mul_scaled_result_reg[36]_i_7__9_n_0
    SLICE_X66Y75         CARRY4 (Prop_carry4_S[1]_CO[3])
                                                      0.533    14.203 r  u_accel/gen_nn_fractional.u_accel/gen_hl1_lif[18].hl1_lif/mul_scaled_result_reg_reg[36]_i_1__9/CO[3]
                         net (fo=1, routed)           0.000    14.203    u_accel/gen_nn_fractional.u_accel/gen_hl1_lif[18].hl1_lif/mul_scaled_result_reg_reg[36]_i_1__9_n_0
    SLICE_X66Y76         CARRY4 (Prop_carry4_CI_CO[3])
                                                      0.117    14.320 r  u_accel/gen_nn_fractional.u_accel/gen_hl1_lif[18].hl1_lif/mul_scaled_result_reg_reg[40]_i_1__9/CO[3]
                         net (fo=1, routed)           0.000    14.320    u_accel/gen_nn_fractional.u_accel/gen_hl1_lif[18].hl1_lif/mul_scaled_result_reg_reg[40]_i_1__9_n_0
    SLICE_X66Y77         CARRY4 (Prop_carry4_CI_CO[3])
                                                      0.117    14.437 r  u_accel/gen_nn_fractional.u_accel/gen_hl1_lif[18].hl1_lif/mul_scaled_result_reg_reg[44]_i_1__9/CO[3]
                         net (fo=1, routed)           0.000    14.437    u_accel/gen_nn_fractional.u_accel/gen_hl1_lif[18].hl1_lif/mul_scaled_result_reg_reg[44]_i_1__9_n_0
    SLICE_X66Y78         CARRY4 (Prop_carry4_CI_CO[3])
                                                      0.117    14.554 r  u_accel/gen_nn_fractional.u_accel/gen_hl1_lif[18].hl1_lif/mul_scaled_result_reg_reg[48]_i_1__9/CO[3]
                         net (fo=1, routed)           0.000    14.554    u_accel/gen_nn_fractional.u_accel/gen_hl1_lif[18].hl1_lif/mul_scaled_result_reg_reg[48]_i_1__9_n_0
    SLICE_X66Y79         CARRY4 (Prop_carry4_CI_CO[3])
                                                      0.117    14.671 r  u_accel/gen_nn_fractional.u_accel/gen_hl1_lif[18].hl1_lif/mul_scaled_result_reg_reg[52]_i_1__9/CO[3]
                         net (fo=1, routed)           0.000    14.671    u_accel/gen_nn_fractional.u_accel/gen_hl1_lif[18].hl1_lif/mul_scaled_result_reg_reg[52]_i_1__9_n_0
    SLICE_X66Y80         CARRY4 (Prop_carry4_CI_CO[3])
                                                      0.117    14.788 r  u_accel/gen_nn_fractional.u_accel/gen_hl1_lif[18].hl1_lif/mul_scaled_result_reg_reg[56]_i_1__9/CO[3]
                         net (fo=1, routed)           0.000    14.788    u_accel/gen_nn_fractional.u_accel/gen_hl1_lif[18].hl1_lif/mul_scaled_result_reg_reg[56]_i_1__9_n_0
    SLICE_X66Y81         CARRY4 (Prop_carry4_CI_CO[3])
                                                      0.117    14.905 r  u_accel/gen_nn_fractional.u_accel/gen_hl1_lif[18].hl1_lif/mul_scaled_result_reg_reg[60]_i_1__9/CO[3]
                         net (fo=1, routed)           0.000    14.905    u_accel/gen_nn_fractional.u_accel/gen_hl1_lif[18].hl1_lif/mul_scaled_result_reg_reg[60]_i_1__9_n_0
    SLICE_X66Y82         CARRY4 (Prop_carry4_CI_O[0])
                                                      0.219    15.124 r  u_accel/gen_nn_fractional.u_accel/gen_hl1_lif[18].hl1_lif/mul_scaled_result_reg_reg[61]_i_2__9/O[0]
                         net (fo=1, routed)           0.000    15.124    u_accel/gen_nn_fractional.u_accel/gen_hl1_lif[18].hl1_lif/mul_scaled_result_reg_reg[61]_i_2__9_n_7
    SLICE_X66Y82         FDCE                                         r  u_accel/gen_nn_fractional.u_accel/gen_hl1_lif[18].hl1_lif/mul_scaled_result_reg_reg[61]/D
  -------------------------------------------------------------------    -------------------

                         (clock sys_clk_pin rise edge)
                                                     10.000    10.000 r  
    E3                                                0.000    10.000 r  CLK100MHZ (IN)
                         net (fo=0)                   0.000    10.000    CLK100MHZ
    E3                   IBUF (Prop_ibuf_I_O)         1.411    11.411 r  CLK100MHZ_IBUF_inst/O
                         net (fo=1, routed)           1.920    13.331    CLK100MHZ_IBUF
    BUFGCTRL_X0Y16       BUFG (Prop_bufg_I_O)         0.091    13.422 r  CLK100MHZ_IBUF_BUFG_inst/O
                         net (fo=21719, routed)       1.504    14.927    u_accel/gen_nn_fractional.u_accel/gen_hl1_lif[18].hl1_lif/CLK100MHZ_IBUF_BUFG
    SLICE_X66Y82         FDCE                                         r  u_accel/gen_nn_fractional.u_accel/gen_hl1_lif[18].hl1_lif/mul_scaled_result_reg_reg[61]/C
                         clock pessimism              0.259    15.186    
                         clock uncertainty           -0.035    15.150    
    SLICE_X66Y82         FDCE (Setup_fdce_C_D)        0.109    15.259    u_accel/gen_nn_fractional.u_accel/gen_hl1_lif[18].hl1_lif/mul_scaled_result_reg_reg[61]
  -------------------------------------------------------------------
                         required time                         15.259    
                         arrival time                         -15.124    
  -------------------------------------------------------------------
                         slack                                  0.136    

Slack (MET) :             0.144ns  (required time - arrival time)
  Source:                 u_accel/gen_nn_fractional.u_accel/fc1_start_reg/C
                            (rising edge-triggered cell FDCE clocked by sys_clk_pin  {rise@0.000ns fall@5.000ns period=10.000ns})
  Destination:            u_accel/gen_nn_fractional.u_accel/gen_hl1_lif[3].hl1_lif/numerator_reg_reg[43]/D
                            (rising edge-triggered cell FDCE clocked by sys_clk_pin  {rise@0.000ns fall@5.000ns period=10.000ns})
  Path Group:             sys_clk_pin
  Path Type:              Setup (Max at Slow Process Corner)
  Requirement:            10.000ns  (sys_clk_pin rise@10.000ns - sys_clk_pin rise@0.000ns)
  Data Path Delay:        9.944ns  (logic 1.698ns (17.075%)  route 8.246ns (82.925%))
  Logic Levels:           6  (CARRY4=5 LUT3=1)
  Clock Path Skew:        0.062ns (DCD - SCD + CPR)
    Destination Clock Delay (DCD):    5.124ns = ( 15.124 - 10.000 ) 
    Source Clock Delay      (SCD):    5.243ns
    Clock Pessimism Removal (CPR):    0.180ns
  Clock Uncertainty:      0.035ns  ((TSJ^2 + TIJ^2)^1/2 + DJ) / 2 + PE
    Total System Jitter     (TSJ):    0.071ns
    Total Input Jitter      (TIJ):    0.000ns
    Discrete Jitter          (DJ):    0.000ns
    Phase Error              (PE):    0.000ns

    Location             Delay type                Incr(ns)  Path(ns)    Netlist Resource(s)
  -------------------------------------------------------------------    -------------------
                         (clock sys_clk_pin rise edge)
                                                      0.000     0.000 r  
    E3                                                0.000     0.000 r  CLK100MHZ (IN)
                         net (fo=0)                   0.000     0.000    CLK100MHZ
    E3                   IBUF (Prop_ibuf_I_O)         1.482     1.482 r  CLK100MHZ_IBUF_inst/O
                         net (fo=1, routed)           2.025     3.506    CLK100MHZ_IBUF
    BUFGCTRL_X0Y16       BUFG (Prop_bufg_I_O)         0.096     3.602 r  CLK100MHZ_IBUF_BUFG_inst/O
                         net (fo=21719, routed)       1.640     5.243    u_accel/gen_nn_fractional.u_accel/CLK100MHZ_IBUF_BUFG
    SLICE_X38Y51         FDCE                                         r  u_accel/gen_nn_fractional.u_accel/fc1_start_reg/C
  -------------------------------------------------------------------    -------------------
    SLICE_X38Y51         FDCE (Prop_fdce_C_Q)         0.518     5.761 f  u_accel/gen_nn_fractional.u_accel/fc1_start_reg/Q
                         net (fo=12885, routed)       8.237    13.998    u_accel/gen_nn_fractional.u_accel/gen_hl1_lif[3].hl1_lif/hl2_clear
    SLICE_X77Y171        LUT3 (Prop_lut3_I1_O)        0.124    14.122 r  u_accel/gen_nn_fractional.u_accel/gen_hl1_lif[3].hl1_lif/numerator_reg[27]_i_6__27/O
                         net (fo=1, routed)           0.000    14.122    u_accel/gen_nn_fractional.u_accel/gen_hl1_lif[3].hl1_lif/numerator_reg[27]_i_6__27_n_0
    SLICE_X77Y171        CARRY4 (Prop_carry4_S[3]_CO[3])
                                                      0.401    14.523 r  u_accel/gen_nn_fractional.u_accel/gen_hl1_lif[3].hl1_lif/numerator_reg_reg[27]_i_1__27/CO[3]
                         net (fo=1, routed)           0.000    14.523    u_accel/gen_nn_fractional.u_accel/gen_hl1_lif[3].hl1_lif/numerator_reg_reg[27]_i_1__27_n_0
    SLICE_X77Y172        CARRY4 (Prop_carry4_CI_CO[3])
                                                      0.114    14.637 r  u_accel/gen_nn_fractional.u_accel/gen_hl1_lif[3].hl1_lif/numerator_reg_reg[31]_i_1__27/CO[3]
                         net (fo=1, routed)           0.000    14.637    u_accel/gen_nn_fractional.u_accel/gen_hl1_lif[3].hl1_lif/numerator_reg_reg[31]_i_1__27_n_0
    SLICE_X77Y173        CARRY4 (Prop_carry4_CI_CO[3])
                                                      0.114    14.751 r  u_accel/gen_nn_fractional.u_accel/gen_hl1_lif[3].hl1_lif/numerator_reg_reg[35]_i_1__27/CO[3]
                         net (fo=1, routed)           0.000    14.751    u_accel/gen_nn_fractional.u_accel/gen_hl1_lif[3].hl1_lif/numerator_reg_reg[35]_i_1__27_n_0
    SLICE_X77Y174        CARRY4 (Prop_carry4_CI_CO[3])
                                                      0.114    14.865 r  u_accel/gen_nn_fractional.u_accel/gen_hl1_lif[3].hl1_lif/numerator_reg_reg[39]_i_1__27/CO[3]
                         net (fo=1, routed)           0.009    14.874    u_accel/gen_nn_fractional.u_accel/gen_hl1_lif[3].hl1_lif/numerator_reg_reg[39]_i_1__27_n_0
    SLICE_X77Y175        CARRY4 (Prop_carry4_CI_O[3])
                                                      0.313    15.187 r  u_accel/gen_nn_fractional.u_accel/gen_hl1_lif[3].hl1_lif/numerator_reg_reg[43]_i_1__27/O[3]
                         net (fo=1, routed)           0.000    15.187    u_accel/gen_nn_fractional.u_accel/gen_hl1_lif[3].hl1_lif/numerator_reg_reg[43]_i_1__27_n_4
    SLICE_X77Y175        FDCE                                         r  u_accel/gen_nn_fractional.u_accel/gen_hl1_lif[3].hl1_lif/numerator_reg_reg[43]/D
  -------------------------------------------------------------------    -------------------

                         (clock sys_clk_pin rise edge)
                                                     10.000    10.000 r  
    E3                                                0.000    10.000 r  CLK100MHZ (IN)
                         net (fo=0)                   0.000    10.000    CLK100MHZ
    E3                   IBUF (Prop_ibuf_I_O)         1.411    11.411 r  CLK100MHZ_IBUF_inst/O
                         net (fo=1, routed)           1.920    13.331    CLK100MHZ_IBUF
    BUFGCTRL_X0Y16       BUFG (Prop_bufg_I_O)         0.091    13.422 r  CLK100MHZ_IBUF_BUFG_inst/O
                         net (fo=21719, routed)       1.702    15.124    u_accel/gen_nn_fractional.u_accel/gen_hl1_lif[3].hl1_lif/CLK100MHZ_IBUF_BUFG
    SLICE_X77Y175        FDCE                                         r  u_accel/gen_nn_fractional.u_accel/gen_hl1_lif[3].hl1_lif/numerator_reg_reg[43]/C
                         clock pessimism              0.180    15.304    
                         clock uncertainty           -0.035    15.269    
    SLICE_X77Y175        FDCE (Setup_fdce_C_D)        0.062    15.331    u_accel/gen_nn_fractional.u_accel/gen_hl1_lif[3].hl1_lif/numerator_reg_reg[43]
  -------------------------------------------------------------------
                         required time                         15.331    
                         arrival time                         -15.187    
  -------------------------------------------------------------------
                         slack                                  0.144    

Slack (MET) :             0.147ns  (required time - arrival time)
  Source:                 u_accel/gen_nn_fractional.u_accel/gen_hl1_lif[18].hl1_lif/numerator_reg_reg[12]/C
                            (rising edge-triggered cell FDCE clocked by sys_clk_pin  {rise@0.000ns fall@5.000ns period=10.000ns})
  Destination:            u_accel/gen_nn_fractional.u_accel/gen_hl1_lif[18].hl1_lif/mul_scaled_result_reg_reg[58]/D
                            (rising edge-triggered cell FDCE clocked by sys_clk_pin  {rise@0.000ns fall@5.000ns period=10.000ns})
  Path Group:             sys_clk_pin
  Path Type:              Setup (Max at Slow Process Corner)
  Requirement:            10.000ns  (sys_clk_pin rise@10.000ns - sys_clk_pin rise@0.000ns)
  Data Path Delay:        9.895ns  (logic 7.575ns (76.553%)  route 2.320ns (23.447%))
  Logic Levels:           10  (CARRY4=7 DSP48E1=2 LUT3=1)
  Clock Path Skew:        -0.032ns (DCD - SCD + CPR)
    Destination Clock Delay (DCD):    4.925ns = ( 14.925 - 10.000 ) 
    Source Clock Delay      (SCD):    5.216ns
    Clock Pessimism Removal (CPR):    0.259ns
  Clock Uncertainty:      0.035ns  ((TSJ^2 + TIJ^2)^1/2 + DJ) / 2 + PE
    Total System Jitter     (TSJ):    0.071ns
    Total Input Jitter      (TIJ):    0.000ns
    Discrete Jitter          (DJ):    0.000ns
    Phase Error              (PE):    0.000ns

    Location             Delay type                Incr(ns)  Path(ns)    Netlist Resource(s)
  -------------------------------------------------------------------    -------------------
                         (clock sys_clk_pin rise edge)
                                                      0.000     0.000 r  
    E3                                                0.000     0.000 r  CLK100MHZ (IN)
                         net (fo=0)                   0.000     0.000    CLK100MHZ
    E3                   IBUF (Prop_ibuf_I_O)         1.482     1.482 r  CLK100MHZ_IBUF_inst/O
                         net (fo=1, routed)           2.025     3.506    CLK100MHZ_IBUF
    BUFGCTRL_X0Y16       BUFG (Prop_bufg_I_O)         0.096     3.602 r  CLK100MHZ_IBUF_BUFG_inst/O
                         net (fo=21719, routed)       1.613     5.216    u_accel/gen_nn_fractional.u_accel/gen_hl1_lif[18].hl1_lif/CLK100MHZ_IBUF_BUFG
    SLICE_X71Y74         FDCE                                         r  u_accel/gen_nn_fractional.u_accel/gen_hl1_lif[18].hl1_lif/numerator_reg_reg[12]/C
  -------------------------------------------------------------------    -------------------
    SLICE_X71Y74         FDCE (Prop_fdce_C_Q)         0.456     5.672 r  u_accel/gen_nn_fractional.u_accel/gen_hl1_lif[18].hl1_lif/numerator_reg_reg[12]/Q
                         net (fo=1, routed)           1.016     6.687    u_accel/gen_nn_fractional.u_accel/gen_hl1_lif[18].hl1_lif/numerator_reg[12]
    DSP48_X1Y29          DSP48E1 (Prop_dsp48e1_A[12]_PCOUT[47])
                                                      4.036    10.723 r  u_accel/gen_nn_fractional.u_accel/gen_hl1_lif[18].hl1_lif/mul_scaled_result_reg0/PCOUT[47]
                         net (fo=1, routed)           0.056    10.779    u_accel/gen_nn_fractional.u_accel/gen_hl1_lif[18].hl1_lif/mul_scaled_result_reg0_n_106
    DSP48_X1Y30          DSP48E1 (Prop_dsp48e1_PCIN[47]_P[17])
                                                      1.518    12.297 r  u_accel/gen_nn_fractional.u_accel/gen_hl1_lif[18].hl1_lif/mul_scaled_result_reg0__0/P[17]
                         net (fo=1, routed)           1.249    13.546    u_accel/gen_nn_fractional.u_accel/gen_hl1_lif[18].hl1_lif/mul_scaled_result_reg0__0_n_88
    SLICE_X66Y75         LUT3 (Prop_lut3_I2_O)        0.124    13.670 r  u_accel/gen_nn_fractional.u_accel/gen_hl1_lif[18].hl1_lif/mul_scaled_result_reg[36]_i_7__9/O
                         net (fo=1, routed)           0.000    13.670    u_accel/gen_nn_fractional.u_accel/gen_hl1_lif[18].hl1_lif/mul_scaled_result_reg[36]_i_7__9_n_0
    SLICE_X66Y75         CARRY4 (Prop_carry4_S[1]_CO[3])
                                                      0.533    14.203 r  u_accel/gen_nn_fractional.u_accel/gen_hl1_lif[18].hl1_lif/mul_scaled_result_reg_reg[36]_i_1__9/CO[3]
                         net (fo=1, routed)           0.000    14.203    u_accel/gen_nn_fractional.u_accel/gen_hl1_lif[18].hl1_lif/mul_scaled_result_reg_reg[36]_i_1__9_n_0
    SLICE_X66Y76         CARRY4 (Prop_carry4_CI_CO[3])
                                                      0.117    14.320 r  u_accel/gen_nn_fractional.u_accel/gen_hl1_lif[18].hl1_lif/mul_scaled_result_reg_reg[40]_i_1__9/CO[3]
                         net (fo=1, routed)           0.000    14.320    u_accel/gen_nn_fractional.u_accel/gen_hl1_lif[18].hl1_lif/mul_scaled_result_reg_reg[40]_i_1__9_n_0
    SLICE_X66Y77         CARRY4 (Prop_carry4_CI_CO[3])
                                                      0.117    14.437 r  u_accel/gen_nn_fractional.u_accel/gen_hl1_lif[18].hl1_lif/mul_scaled_result_reg_reg[44]_i_1__9/CO[3]
                         net (fo=1, routed)           0.000    14.437    u_accel/gen_nn_fractional.u_accel/gen_hl1_lif[18].hl1_lif/mul_scaled_result_reg_reg[44]_i_1__9_n_0
    SLICE_X66Y78         CARRY4 (Prop_carry4_CI_CO[3])
                                                      0.117    14.554 r  u_accel/gen_nn_fractional.u_accel/gen_hl1_lif[18].hl1_lif/mul_scaled_result_reg_reg[48]_i_1__9/CO[3]
                         net (fo=1, routed)           0.000    14.554    u_accel/gen_nn_fractional.u_accel/gen_hl1_lif[18].hl1_lif/mul_scaled_result_reg_reg[48]_i_1__9_n_0
    SLICE_X66Y79         CARRY4 (Prop_carry4_CI_CO[3])
                                                      0.117    14.671 r  u_accel/gen_nn_fractional.u_accel/gen_hl1_lif[18].hl1_lif/mul_scaled_result_reg_reg[52]_i_1__9/CO[3]
                         net (fo=1, routed)           0.000    14.671    u_accel/gen_nn_fractional.u_accel/gen_hl1_lif[18].hl1_lif/mul_scaled_result_reg_reg[52]_i_1__9_n_0
    SLICE_X66Y80         CARRY4 (Prop_carry4_CI_CO[3])
                                                      0.117    14.788 r  u_accel/gen_nn_fractional.u_accel/gen_hl1_lif[18].hl1_lif/mul_scaled_result_reg_reg[56]_i_1__9/CO[3]
                         net (fo=1, routed)           0.000    14.788    u_accel/gen_nn_fractional.u_accel/gen_hl1_lif[18].hl1_lif/mul_scaled_result_reg_reg[56]_i_1__9_n_0
    SLICE_X66Y81         CARRY4 (Prop_carry4_CI_O[1])
                                                      0.323    15.111 r  u_accel/gen_nn_fractional.u_accel/gen_hl1_lif[18].hl1_lif/mul_scaled_result_reg_reg[60]_i_1__9/O[1]
                         net (fo=1, routed)           0.000    15.111    u_accel/gen_nn_fractional.u_accel/gen_hl1_lif[18].hl1_lif/mul_scaled_result_reg_reg[60]_i_1__9_n_6
    SLICE_X66Y81         FDCE                                         r  u_accel/gen_nn_fractional.u_accel/gen_hl1_lif[18].hl1_lif/mul_scaled_result_reg_reg[58]/D
  -------------------------------------------------------------------    -------------------

                         (clock sys_clk_pin rise edge)
                                                     10.000    10.000 r  
    E3                                                0.000    10.000 r  CLK100MHZ (IN)
                         net (fo=0)                   0.000    10.000    CLK100MHZ
    E3                   IBUF (Prop_ibuf_I_O)         1.411    11.411 r  CLK100MHZ_IBUF_inst/O
                         net (fo=1, routed)           1.920    13.331    CLK100MHZ_IBUF
    BUFGCTRL_X0Y16       BUFG (Prop_bufg_I_O)         0.091    13.422 r  CLK100MHZ_IBUF_BUFG_inst/O
                         net (fo=21719, routed)       1.502    14.925    u_accel/gen_nn_fractional.u_accel/gen_hl1_lif[18].hl1_lif/CLK100MHZ_IBUF_BUFG
    SLICE_X66Y81         FDCE                                         r  u_accel/gen_nn_fractional.u_accel/gen_hl1_lif[18].hl1_lif/mul_scaled_result_reg_reg[58]/C
                         clock pessimism              0.259    15.184    
                         clock uncertainty           -0.035    15.148    
    SLICE_X66Y81         FDCE (Setup_fdce_C_D)        0.109    15.257    u_accel/gen_nn_fractional.u_accel/gen_hl1_lif[18].hl1_lif/mul_scaled_result_reg_reg[58]
  -------------------------------------------------------------------
                         required time                         15.257    
                         arrival time                         -15.111    
  -------------------------------------------------------------------
                         slack                                  0.147    

Slack (MET) :             0.147ns  (required time - arrival time)
  Source:                 u_accel/gen_nn_fractional.u_accel/fc1_start_reg/C
                            (rising edge-triggered cell FDCE clocked by sys_clk_pin  {rise@0.000ns fall@5.000ns period=10.000ns})
  Destination:            u_accel/gen_nn_fractional.u_accel/gen_hl1_lif[3].hl1_lif/mul_scaled_result_reg_reg[59]/D
                            (rising edge-triggered cell FDCE clocked by sys_clk_pin  {rise@0.000ns fall@5.000ns period=10.000ns})
  Path Group:             sys_clk_pin
  Path Type:              Setup (Max at Slow Process Corner)
  Requirement:            10.000ns  (sys_clk_pin rise@10.000ns - sys_clk_pin rise@0.000ns)
  Data Path Delay:        9.989ns  (logic 1.765ns (17.669%)  route 8.224ns (82.331%))
  Logic Levels:           6  (CARRY4=5 LUT3=1)
  Clock Path Skew:        0.063ns (DCD - SCD + CPR)
    Destination Clock Delay (DCD):    5.125ns = ( 15.125 - 10.000 ) 
    Source Clock Delay      (SCD):    5.243ns
    Clock Pessimism Removal (CPR):    0.180ns
  Clock Uncertainty:      0.035ns  ((TSJ^2 + TIJ^2)^1/2 + DJ) / 2 + PE
    Total System Jitter     (TSJ):    0.071ns
    Total Input Jitter      (TIJ):    0.000ns
    Discrete Jitter          (DJ):    0.000ns
    Phase Error              (PE):    0.000ns

    Location             Delay type                Incr(ns)  Path(ns)    Netlist Resource(s)
  -------------------------------------------------------------------    -------------------
                         (clock sys_clk_pin rise edge)
                                                      0.000     0.000 r  
    E3                                                0.000     0.000 r  CLK100MHZ (IN)
                         net (fo=0)                   0.000     0.000    CLK100MHZ
    E3                   IBUF (Prop_ibuf_I_O)         1.482     1.482 r  CLK100MHZ_IBUF_inst/O
                         net (fo=1, routed)           2.025     3.506    CLK100MHZ_IBUF
    BUFGCTRL_X0Y16       BUFG (Prop_bufg_I_O)         0.096     3.602 r  CLK100MHZ_IBUF_BUFG_inst/O
                         net (fo=21719, routed)       1.640     5.243    u_accel/gen_nn_fractional.u_accel/CLK100MHZ_IBUF_BUFG
    SLICE_X38Y51         FDCE                                         r  u_accel/gen_nn_fractional.u_accel/fc1_start_reg/C
  -------------------------------------------------------------------    -------------------
    SLICE_X38Y51         FDCE (Prop_fdce_C_Q)         0.518     5.761 f  u_accel/gen_nn_fractional.u_accel/fc1_start_reg/Q
                         net (fo=12885, routed)       8.215    13.976    u_accel/gen_nn_fractional.u_accel/gen_hl1_lif[3].hl1_lif/hl2_clear
    SLICE_X78Y171        LUT3 (Prop_lut3_I1_O)        0.124    14.100 r  u_accel/gen_nn_fractional.u_accel/gen_hl1_lif[3].hl1_lif/mul_scaled_result_reg[44]_i_8__27/O
                         net (fo=1, routed)           0.000    14.100    u_accel/gen_nn_fractional.u_accel/gen_hl1_lif[3].hl1_lif/mul_scaled_result_reg[44]_i_8__27_n_0
    SLICE_X78Y171        CARRY4 (Prop_carry4_S[1]_CO[3])
                                                      0.533    14.633 r  u_accel/gen_nn_fractional.u_accel/gen_hl1_lif[3].hl1_lif/mul_scaled_result_reg_reg[44]_i_1__27/CO[3]
                         net (fo=1, routed)           0.000    14.633    u_accel/gen_nn_fractional.u_accel/gen_hl1_lif[3].hl1_lif/mul_scaled_result_reg_reg[44]_i_1__27_n_0
    SLICE_X78Y172        CARRY4 (Prop_carry4_CI_CO[3])
                                                      0.117    14.750 r  u_accel/gen_nn_fractional.u_accel/gen_hl1_lif[3].hl1_lif/mul_scaled_result_reg_reg[48]_i_1__27/CO[3]
                         net (fo=1, routed)           0.000    14.750    u_accel/gen_nn_fractional.u_accel/gen_hl1_lif[3].hl1_lif/mul_scaled_result_reg_reg[48]_i_1__27_n_0
    SLICE_X78Y173        CARRY4 (Prop_carry4_CI_CO[3])
                                                      0.117    14.867 r  u_accel/gen_nn_fractional.u_accel/gen_hl1_lif[3].hl1_lif/mul_scaled_result_reg_reg[52]_i_1__27/CO[3]
                         net (fo=1, routed)           0.000    14.867    u_accel/gen_nn_fractional.u_accel/gen_hl1_lif[3].hl1_lif/mul_scaled_result_reg_reg[52]_i_1__27_n_0
    SLICE_X78Y174        CARRY4 (Prop_carry4_CI_CO[3])
                                                      0.117    14.984 r  u_accel/gen_nn_fractional.u_accel/gen_hl1_lif[3].hl1_lif/mul_scaled_result_reg_reg[56]_i_1__27/CO[3]
                         net (fo=1, routed)           0.009    14.993    u_accel/gen_nn_fractional.u_accel/gen_hl1_lif[3].hl1_lif/mul_scaled_result_reg_reg[56]_i_1__27_n_0
    SLICE_X78Y175        CARRY4 (Prop_carry4_CI_O[2])
                                                      0.239    15.232 r  u_accel/gen_nn_fractional.u_accel/gen_hl1_lif[3].hl1_lif/mul_scaled_result_reg_reg[60]_i_1__27/O[2]
                         net (fo=1, routed)           0.000    15.232    u_accel/gen_nn_fractional.u_accel/gen_hl1_lif[3].hl1_lif/mul_scaled_result_reg_reg[60]_i_1__27_n_5
    SLICE_X78Y175        FDCE                                         r  u_accel/gen_nn_fractional.u_accel/gen_hl1_lif[3].hl1_lif/mul_scaled_result_reg_reg[59]/D
  -------------------------------------------------------------------    -------------------

                         (clock sys_clk_pin rise edge)
                                                     10.000    10.000 r  
    E3                                                0.000    10.000 r  CLK100MHZ (IN)
                         net (fo=0)                   0.000    10.000    CLK100MHZ
    E3                   IBUF (Prop_ibuf_I_O)         1.411    11.411 r  CLK100MHZ_IBUF_inst/O
                         net (fo=1, routed)           1.920    13.331    CLK100MHZ_IBUF
    BUFGCTRL_X0Y16       BUFG (Prop_bufg_I_O)         0.091    13.422 r  CLK100MHZ_IBUF_BUFG_inst/O
                         net (fo=21719, routed)       1.703    15.125    u_accel/gen_nn_fractional.u_accel/gen_hl1_lif[3].hl1_lif/CLK100MHZ_IBUF_BUFG
    SLICE_X78Y175        FDCE                                         r  u_accel/gen_nn_fractional.u_accel/gen_hl1_lif[3].hl1_lif/mul_scaled_result_reg_reg[59]/C
                         clock pessimism              0.180    15.305    
                         clock uncertainty           -0.035    15.270    
    SLICE_X78Y175        FDCE (Setup_fdce_C_D)        0.109    15.379    u_accel/gen_nn_fractional.u_accel/gen_hl1_lif[3].hl1_lif/mul_scaled_result_reg_reg[59]
  -------------------------------------------------------------------
                         required time                         15.379    
                         arrival time                         -15.232    
  -------------------------------------------------------------------
                         slack                                  0.147    

Slack (MET) :             0.155ns  (required time - arrival time)
  Source:                 u_accel/gen_nn_fractional.u_accel/gen_hl1_lif[18].hl1_lif/numerator_reg_reg[12]/C
                            (rising edge-triggered cell FDCE clocked by sys_clk_pin  {rise@0.000ns fall@5.000ns period=10.000ns})
  Destination:            u_accel/gen_nn_fractional.u_accel/gen_hl1_lif[18].hl1_lif/mul_scaled_result_reg_reg[60]/D
                            (rising edge-triggered cell FDCE clocked by sys_clk_pin  {rise@0.000ns fall@5.000ns period=10.000ns})
  Path Group:             sys_clk_pin
  Path Type:              Setup (Max at Slow Process Corner)
  Requirement:            10.000ns  (sys_clk_pin rise@10.000ns - sys_clk_pin rise@0.000ns)
  Data Path Delay:        9.887ns  (logic 7.567ns (76.534%)  route 2.320ns (23.466%))
  Logic Levels:           10  (CARRY4=7 DSP48E1=2 LUT3=1)
  Clock Path Skew:        -0.032ns (DCD - SCD + CPR)
    Destination Clock Delay (DCD):    4.925ns = ( 14.925 - 10.000 ) 
    Source Clock Delay      (SCD):    5.216ns
    Clock Pessimism Removal (CPR):    0.259ns
  Clock Uncertainty:      0.035ns  ((TSJ^2 + TIJ^2)^1/2 + DJ) / 2 + PE
    Total System Jitter     (TSJ):    0.071ns
    Total Input Jitter      (TIJ):    0.000ns
    Discrete Jitter          (DJ):    0.000ns
    Phase Error              (PE):    0.000ns

    Location             Delay type                Incr(ns)  Path(ns)    Netlist Resource(s)
  -------------------------------------------------------------------    -------------------
                         (clock sys_clk_pin rise edge)
                                                      0.000     0.000 r  
    E3                                                0.000     0.000 r  CLK100MHZ (IN)
                         net (fo=0)                   0.000     0.000    CLK100MHZ
    E3                   IBUF (Prop_ibuf_I_O)         1.482     1.482 r  CLK100MHZ_IBUF_inst/O
                         net (fo=1, routed)           2.025     3.506    CLK100MHZ_IBUF
    BUFGCTRL_X0Y16       BUFG (Prop_bufg_I_O)         0.096     3.602 r  CLK100MHZ_IBUF_BUFG_inst/O
                         net (fo=21719, routed)       1.613     5.216    u_accel/gen_nn_fractional.u_accel/gen_hl1_lif[18].hl1_lif/CLK100MHZ_IBUF_BUFG
    SLICE_X71Y74         FDCE                                         r  u_accel/gen_nn_fractional.u_accel/gen_hl1_lif[18].hl1_lif/numerator_reg_reg[12]/C
  -------------------------------------------------------------------    -------------------
    SLICE_X71Y74         FDCE (Prop_fdce_C_Q)         0.456     5.672 r  u_accel/gen_nn_fractional.u_accel/gen_hl1_lif[18].hl1_lif/numerator_reg_reg[12]/Q
                         net (fo=1, routed)           1.016     6.687    u_accel/gen_nn_fractional.u_accel/gen_hl1_lif[18].hl1_lif/numerator_reg[12]
    DSP48_X1Y29          DSP48E1 (Prop_dsp48e1_A[12]_PCOUT[47])
                                                      4.036    10.723 r  u_accel/gen_nn_fractional.u_accel/gen_hl1_lif[18].hl1_lif/mul_scaled_result_reg0/PCOUT[47]
                         net (fo=1, routed)           0.056    10.779    u_accel/gen_nn_fractional.u_accel/gen_hl1_lif[18].hl1_lif/mul_scaled_result_reg0_n_106
    DSP48_X1Y30          DSP48E1 (Prop_dsp48e1_PCIN[47]_P[17])
                                                      1.518    12.297 r  u_accel/gen_nn_fractional.u_accel/gen_hl1_lif[18].hl1_lif/mul_scaled_result_reg0__0/P[17]
                         net (fo=1, routed)           1.249    13.546    u_accel/gen_nn_fractional.u_accel/gen_hl1_lif[18].hl1_lif/mul_scaled_result_reg0__0_n_88
    SLICE_X66Y75         LUT3 (Prop_lut3_I2_O)        0.124    13.670 r  u_accel/gen_nn_fractional.u_accel/gen_hl1_lif[18].hl1_lif/mul_scaled_result_reg[36]_i_7__9/O
                         net (fo=1, routed)           0.000    13.670    u_accel/gen_nn_fractional.u_accel/gen_hl1_lif[18].hl1_lif/mul_scaled_result_reg[36]_i_7__9_n_0
    SLICE_X66Y75         CARRY4 (Prop_carry4_S[1]_CO[3])
                                                      0.533    14.203 r  u_accel/gen_nn_fractional.u_accel/gen_hl1_lif[18].hl1_lif/mul_scaled_result_reg_reg[36]_i_1__9/CO[3]
                         net (fo=1, routed)           0.000    14.203    u_accel/gen_nn_fractional.u_accel/gen_hl1_lif[18].hl1_lif/mul_scaled_result_reg_reg[36]_i_1__9_n_0
    SLICE_X66Y76         CARRY4 (Prop_carry4_CI_CO[3])
                                                      0.117    14.320 r  u_accel/gen_nn_fractional.u_accel/gen_hl1_lif[18].hl1_lif/mul_scaled_result_reg_reg[40]_i_1__9/CO[3]
                         net (fo=1, routed)           0.000    14.320    u_accel/gen_nn_fractional.u_accel/gen_hl1_lif[18].hl1_lif/mul_scaled_result_reg_reg[40]_i_1__9_n_0
    SLICE_X66Y77         CARRY4 (Prop_carry4_CI_CO[3])
                                                      0.117    14.437 r  u_accel/gen_nn_fractional.u_accel/gen_hl1_lif[18].hl1_lif/mul_scaled_result_reg_reg[44]_i_1__9/CO[3]
                         net (fo=1, routed)           0.000    14.437    u_accel/gen_nn_fractional.u_accel/gen_hl1_lif[18].hl1_lif/mul_scaled_result_reg_reg[44]_i_1__9_n_0
    SLICE_X66Y78         CARRY4 (Prop_carry4_CI_CO[3])
                                                      0.117    14.554 r  u_accel/gen_nn_fractional.u_accel/gen_hl1_lif[18].hl1_lif/mul_scaled_result_reg_reg[48]_i_1__9/CO[3]
                         net (fo=1, routed)           0.000    14.554    u_accel/gen_nn_fractional.u_accel/gen_hl1_lif[18].hl1_lif/mul_scaled_result_reg_reg[48]_i_1__9_n_0
    SLICE_X66Y79         CARRY4 (Prop_carry4_CI_CO[3])
                                                      0.117    14.671 r  u_accel/gen_nn_fractional.u_accel/gen_hl1_lif[18].hl1_lif/mul_scaled_result_reg_reg[52]_i_1__9/CO[3]
                         net (fo=1, routed)           0.000    14.671    u_accel/gen_nn_fractional.u_accel/gen_hl1_lif[18].hl1_lif/mul_scaled_result_reg_reg[52]_i_1__9_n_0
    SLICE_X66Y80         CARRY4 (Prop_carry4_CI_CO[3])
                                                      0.117    14.788 r  u_accel/gen_nn_fractional.u_accel/gen_hl1_lif[18].hl1_lif/mul_scaled_result_reg_reg[56]_i_1__9/CO[3]
                         net (fo=1, routed)           0.000    14.788    u_accel/gen_nn_fractional.u_accel/gen_hl1_lif[18].hl1_lif/mul_scaled_result_reg_reg[56]_i_1__9_n_0
    SLICE_X66Y81         CARRY4 (Prop_carry4_CI_O[3])
                                                      0.315    15.103 r  u_accel/gen_nn_fractional.u_accel/gen_hl1_lif[18].hl1_lif/mul_scaled_result_reg_reg[60]_i_1__9/O[3]
                         net (fo=1, routed)           0.000    15.103    u_accel/gen_nn_fractional.u_accel/gen_hl1_lif[18].hl1_lif/mul_scaled_result_reg_reg[60]_i_1__9_n_4
    SLICE_X66Y81         FDCE                                         r  u_accel/gen_nn_fractional.u_accel/gen_hl1_lif[18].hl1_lif/mul_scaled_result_reg_reg[60]/D
  -------------------------------------------------------------------    -------------------

                         (clock sys_clk_pin rise edge)
                                                     10.000    10.000 r  
    E3                                                0.000    10.000 r  CLK100MHZ (IN)
                         net (fo=0)                   0.000    10.000    CLK100MHZ
    E3                   IBUF (Prop_ibuf_I_O)         1.411    11.411 r  CLK100MHZ_IBUF_inst/O
                         net (fo=1, routed)           1.920    13.331    CLK100MHZ_IBUF
    BUFGCTRL_X0Y16       BUFG (Prop_bufg_I_O)         0.091    13.422 r  CLK100MHZ_IBUF_BUFG_inst/O
                         net (fo=21719, routed)       1.502    14.925    u_accel/gen_nn_fractional.u_accel/gen_hl1_lif[18].hl1_lif/CLK100MHZ_IBUF_BUFG
    SLICE_X66Y81         FDCE                                         r  u_accel/gen_nn_fractional.u_accel/gen_hl1_lif[18].hl1_lif/mul_scaled_result_reg_reg[60]/C
                         clock pessimism              0.259    15.184    
                         clock uncertainty           -0.035    15.148    
    SLICE_X66Y81         FDCE (Setup_fdce_C_D)        0.109    15.257    u_accel/gen_nn_fractional.u_accel/gen_hl1_lif[18].hl1_lif/mul_scaled_result_reg_reg[60]
  -------------------------------------------------------------------
                         required time                         15.257    
                         arrival time                         -15.103    
  -------------------------------------------------------------------
                         slack                                  0.155    





Min Delay Paths
--------------------------------------------------------------------------------------
Slack (MET) :             0.029ns  (arrival time - required time)
  Source:                 u_accel/u_ctrl/tx_data_reg[0]/C
                            (rising edge-triggered cell FDCE clocked by sys_clk_pin  {rise@0.000ns fall@5.000ns period=10.000ns})
  Destination:            u_accel/u_uart_tx/data_latched_reg[0]/D
                            (rising edge-triggered cell FDCE clocked by sys_clk_pin  {rise@0.000ns fall@5.000ns period=10.000ns})
  Path Group:             sys_clk_pin
  Path Type:              Hold (Min at Fast Process Corner)
  Requirement:            0.000ns  (sys_clk_pin rise@0.000ns - sys_clk_pin rise@0.000ns)
  Data Path Delay:        0.359ns  (logic 0.141ns (39.286%)  route 0.218ns (60.714%))
  Logic Levels:           0  
  Clock Path Skew:        0.260ns (DCD - SCD - CPR)
    Destination Clock Delay (DCD):    1.985ns
    Source Clock Delay      (SCD):    1.474ns
    Clock Pessimism Removal (CPR):    0.250ns

    Location             Delay type                Incr(ns)  Path(ns)    Netlist Resource(s)
  -------------------------------------------------------------------    -------------------
                         (clock sys_clk_pin rise edge)
                                                      0.000     0.000 r  
    E3                                                0.000     0.000 r  CLK100MHZ (IN)
                         net (fo=0)                   0.000     0.000    CLK100MHZ
    E3                   IBUF (Prop_ibuf_I_O)         0.250     0.250 r  CLK100MHZ_IBUF_inst/O
                         net (fo=1, routed)           0.644     0.894    CLK100MHZ_IBUF
    BUFGCTRL_X0Y16       BUFG (Prop_bufg_I_O)         0.026     0.920 r  CLK100MHZ_IBUF_BUFG_inst/O
                         net (fo=21719, routed)       0.555     1.474    u_accel/u_ctrl/CLK100MHZ_IBUF_BUFG
    SLICE_X48Y116        FDCE                                         r  u_accel/u_ctrl/tx_data_reg[0]/C
  -------------------------------------------------------------------    -------------------
    SLICE_X48Y116        FDCE (Prop_fdce_C_Q)         0.141     1.615 r  u_accel/u_ctrl/tx_data_reg[0]/Q
                         net (fo=1, routed)           0.218     1.833    u_accel/u_uart_tx/D[0]
    SLICE_X53Y117        FDCE                                         r  u_accel/u_uart_tx/data_latched_reg[0]/D
  -------------------------------------------------------------------    -------------------

                         (clock sys_clk_pin rise edge)
                                                      0.000     0.000 r  
    E3                                                0.000     0.000 r  CLK100MHZ (IN)
                         net (fo=0)                   0.000     0.000    CLK100MHZ
    E3                   IBUF (Prop_ibuf_I_O)         0.438     0.438 r  CLK100MHZ_IBUF_inst/O
                         net (fo=1, routed)           0.699     1.136    CLK100MHZ_IBUF
    BUFGCTRL_X0Y16       BUFG (Prop_bufg_I_O)         0.029     1.165 r  CLK100MHZ_IBUF_BUFG_inst/O
                         net (fo=21719, routed)       0.819     1.985    u_accel/u_uart_tx/CLK100MHZ_IBUF_BUFG
    SLICE_X53Y117        FDCE                                         r  u_accel/u_uart_tx/data_latched_reg[0]/C
                         clock pessimism             -0.250     1.734    
    SLICE_X53Y117        FDCE (Hold_fdce_C_D)         0.070     1.804    u_accel/u_uart_tx/data_latched_reg[0]
  -------------------------------------------------------------------
                         required time                         -1.804    
                         arrival time                           1.833    
  -------------------------------------------------------------------
                         slack                                  0.029    

Slack (MET) :             0.043ns  (arrival time - required time)
  Source:                 u_accel/u_ctrl/tx_data_reg[1]/C
                            (rising edge-triggered cell FDCE clocked by sys_clk_pin  {rise@0.000ns fall@5.000ns period=10.000ns})
  Destination:            u_accel/u_uart_tx/data_latched_reg[1]/D
                            (rising edge-triggered cell FDCE clocked by sys_clk_pin  {rise@0.000ns fall@5.000ns period=10.000ns})
  Path Group:             sys_clk_pin
  Path Type:              Hold (Min at Fast Process Corner)
  Requirement:            0.000ns  (sys_clk_pin rise@0.000ns - sys_clk_pin rise@0.000ns)
  Data Path Delay:        0.370ns  (logic 0.164ns (44.341%)  route 0.206ns (55.659%))
  Logic Levels:           0  
  Clock Path Skew:        0.261ns (DCD - SCD - CPR)
    Destination Clock Delay (DCD):    1.985ns
    Source Clock Delay      (SCD):    1.473ns
    Clock Pessimism Removal (CPR):    0.250ns

    Location             Delay type                Incr(ns)  Path(ns)    Netlist Resource(s)
  -------------------------------------------------------------------    -------------------
                         (clock sys_clk_pin rise edge)
                                                      0.000     0.000 r  
    E3                                                0.000     0.000 r  CLK100MHZ (IN)
                         net (fo=0)                   0.000     0.000    CLK100MHZ
    E3                   IBUF (Prop_ibuf_I_O)         0.250     0.250 r  CLK100MHZ_IBUF_inst/O
                         net (fo=1, routed)           0.644     0.894    CLK100MHZ_IBUF
    BUFGCTRL_X0Y16       BUFG (Prop_bufg_I_O)         0.026     0.920 r  CLK100MHZ_IBUF_BUFG_inst/O
                         net (fo=21719, routed)       0.554     1.473    u_accel/u_ctrl/CLK100MHZ_IBUF_BUFG
    SLICE_X50Y116        FDCE                                         r  u_accel/u_ctrl/tx_data_reg[1]/C
  -------------------------------------------------------------------    -------------------
    SLICE_X50Y116        FDCE (Prop_fdce_C_Q)         0.164     1.637 r  u_accel/u_ctrl/tx_data_reg[1]/Q
                         net (fo=1, routed)           0.206     1.843    u_accel/u_uart_tx/D[1]
    SLICE_X53Y117        FDCE                                         r  u_accel/u_uart_tx/data_latched_reg[1]/D
  -------------------------------------------------------------------    -------------------

                         (clock sys_clk_pin rise edge)
                                                      0.000     0.000 r  
    E3                                                0.000     0.000 r  CLK100MHZ (IN)
                         net (fo=0)                   0.000     0.000    CLK100MHZ
    E3                   IBUF (Prop_ibuf_I_O)         0.438     0.438 r  CLK100MHZ_IBUF_inst/O
                         net (fo=1, routed)           0.699     1.136    CLK100MHZ_IBUF
    BUFGCTRL_X0Y16       BUFG (Prop_bufg_I_O)         0.029     1.165 r  CLK100MHZ_IBUF_BUFG_inst/O
                         net (fo=21719, routed)       0.819     1.985    u_accel/u_uart_tx/CLK100MHZ_IBUF_BUFG
    SLICE_X53Y117        FDCE                                         r  u_accel/u_uart_tx/data_latched_reg[1]/C
                         clock pessimism             -0.250     1.734    
    SLICE_X53Y117        FDCE (Hold_fdce_C_D)         0.066     1.800    u_accel/u_uart_tx/data_latched_reg[1]
  -------------------------------------------------------------------
                         required time                         -1.800    
                         arrival time                           1.843    
  -------------------------------------------------------------------
                         slack                                  0.043    

Slack (MET) :             0.043ns  (arrival time - required time)
  Source:                 u_accel/gen_nn_fractional.u_accel/fc1/outputs_reg[16][14]/C
                            (rising edge-triggered cell FDCE clocked by sys_clk_pin  {rise@0.000ns fall@5.000ns period=10.000ns})
  Destination:            u_accel/gen_nn_fractional.u_accel/gen_hl1_lif[16].hl1_lif/current_latched_reg[14]/D
                            (rising edge-triggered cell FDCE clocked by sys_clk_pin  {rise@0.000ns fall@5.000ns period=10.000ns})
  Path Group:             sys_clk_pin
  Path Type:              Hold (Min at Fast Process Corner)
  Requirement:            0.000ns  (sys_clk_pin rise@0.000ns - sys_clk_pin rise@0.000ns)
  Data Path Delay:        0.400ns  (logic 0.186ns (46.464%)  route 0.214ns (53.536%))
  Logic Levels:           1  (LUT2=1)
  Clock Path Skew:        0.265ns (DCD - SCD - CPR)
    Destination Clock Delay (DCD):    1.995ns
    Source Clock Delay      (SCD):    1.479ns
    Clock Pessimism Removal (CPR):    0.250ns

    Location             Delay type                Incr(ns)  Path(ns)    Netlist Resource(s)
  -------------------------------------------------------------------    -------------------
                         (clock sys_clk_pin rise edge)
                                                      0.000     0.000 r  
    E3                                                0.000     0.000 r  CLK100MHZ (IN)
                         net (fo=0)                   0.000     0.000    CLK100MHZ
    E3                   IBUF (Prop_ibuf_I_O)         0.250     0.250 r  CLK100MHZ_IBUF_inst/O
                         net (fo=1, routed)           0.644     0.894    CLK100MHZ_IBUF
    BUFGCTRL_X0Y16       BUFG (Prop_bufg_I_O)         0.026     0.920 r  CLK100MHZ_IBUF_BUFG_inst/O
                         net (fo=21719, routed)       0.560     1.479    u_accel/gen_nn_fractional.u_accel/fc1/CLK100MHZ_IBUF_BUFG
    SLICE_X55Y84         FDCE                                         r  u_accel/gen_nn_fractional.u_accel/fc1/outputs_reg[16][14]/C
  -------------------------------------------------------------------    -------------------
    SLICE_X55Y84         FDCE (Prop_fdce_C_Q)         0.141     1.620 r  u_accel/gen_nn_fractional.u_accel/fc1/outputs_reg[16][14]/Q
                         net (fo=1, routed)           0.214     1.835    u_accel/gen_nn_fractional.u_accel/fc1/fc1_outputs[16]_55[14]
    SLICE_X49Y83         LUT2 (Prop_lut2_I0_O)        0.045     1.880 r  u_accel/gen_nn_fractional.u_accel/fc1/current_latched[14]_i_1__11/O
                         net (fo=1, routed)           0.000     1.880    u_accel/gen_nn_fractional.u_accel/gen_hl1_lif[16].hl1_lif/D[14]
    SLICE_X49Y83         FDCE                                         r  u_accel/gen_nn_fractional.u_accel/gen_hl1_lif[16].hl1_lif/current_latched_reg[14]/D
  -------------------------------------------------------------------    -------------------

                         (clock sys_clk_pin rise edge)
                                                      0.000     0.000 r  
    E3                                                0.000     0.000 r  CLK100MHZ (IN)
                         net (fo=0)                   0.000     0.000    CLK100MHZ
    E3                   IBUF (Prop_ibuf_I_O)         0.438     0.438 r  CLK100MHZ_IBUF_inst/O
                         net (fo=1, routed)           0.699     1.136    CLK100MHZ_IBUF
    BUFGCTRL_X0Y16       BUFG (Prop_bufg_I_O)         0.029     1.165 r  CLK100MHZ_IBUF_BUFG_inst/O
                         net (fo=21719, routed)       0.830     1.995    u_accel/gen_nn_fractional.u_accel/gen_hl1_lif[16].hl1_lif/CLK100MHZ_IBUF_BUFG
    SLICE_X49Y83         FDCE                                         r  u_accel/gen_nn_fractional.u_accel/gen_hl1_lif[16].hl1_lif/current_latched_reg[14]/C
                         clock pessimism             -0.250     1.744    
    SLICE_X49Y83         FDCE (Hold_fdce_C_D)         0.092     1.836    u_accel/gen_nn_fractional.u_accel/gen_hl1_lif[16].hl1_lif/current_latched_reg[14]
  -------------------------------------------------------------------
                         required time                         -1.836    
                         arrival time                           1.880    
  -------------------------------------------------------------------
                         slack                                  0.043    

Slack (MET) :             0.044ns  (arrival time - required time)
  Source:                 u_accel/gen_nn_fractional.u_accel/gen_hl2[4].hl2_lif/membrane_out_reg[19]/C
                            (rising edge-triggered cell FDCE clocked by sys_clk_pin  {rise@0.000ns fall@5.000ns period=10.000ns})
  Destination:            u_accel/gen_nn_fractional.u_accel/gen_hl2[4].membrane_buf/membrane_storage_reg[7][19]/D
                            (rising edge-triggered cell FDCE clocked by sys_clk_pin  {rise@0.000ns fall@5.000ns period=10.000ns})
  Path Group:             sys_clk_pin
  Path Type:              Hold (Min at Fast Process Corner)
  Requirement:            0.000ns  (sys_clk_pin rise@0.000ns - sys_clk_pin rise@0.000ns)
  Data Path Delay:        0.381ns  (logic 0.141ns (37.013%)  route 0.240ns (62.987%))
  Logic Levels:           0  
  Clock Path Skew:        0.267ns (DCD - SCD - CPR)
    Destination Clock Delay (DCD):    2.067ns
    Source Clock Delay      (SCD):    1.546ns
    Clock Pessimism Removal (CPR):    0.254ns

    Location             Delay type                Incr(ns)  Path(ns)    Netlist Resource(s)
  -------------------------------------------------------------------    -------------------
                         (clock sys_clk_pin rise edge)
                                                      0.000     0.000 r  
    E3                                                0.000     0.000 r  CLK100MHZ (IN)
                         net (fo=0)                   0.000     0.000    CLK100MHZ
    E3                   IBUF (Prop_ibuf_I_O)         0.250     0.250 r  CLK100MHZ_IBUF_inst/O
                         net (fo=1, routed)           0.644     0.894    CLK100MHZ_IBUF
    BUFGCTRL_X0Y16       BUFG (Prop_bufg_I_O)         0.026     0.920 r  CLK100MHZ_IBUF_BUFG_inst/O
                         net (fo=21719, routed)       0.626     1.546    u_accel/gen_nn_fractional.u_accel/gen_hl2[4].hl2_lif/CLK100MHZ_IBUF_BUFG
    SLICE_X52Y34         FDCE                                         r  u_accel/gen_nn_fractional.u_accel/gen_hl2[4].hl2_lif/membrane_out_reg[19]/C
  -------------------------------------------------------------------    -------------------
    SLICE_X52Y34         FDCE (Prop_fdce_C_Q)         0.141     1.687 r  u_accel/gen_nn_fractional.u_accel/gen_hl2[4].hl2_lif/membrane_out_reg[19]/Q
                         net (fo=10, routed)          0.240     1.927    u_accel/gen_nn_fractional.u_accel/gen_hl2[4].membrane_buf/membrane_storage_reg[8][23]_0[19]
    SLICE_X49Y36         FDCE                                         r  u_accel/gen_nn_fractional.u_accel/gen_hl2[4].membrane_buf/membrane_storage_reg[7][19]/D
  -------------------------------------------------------------------    -------------------

                         (clock sys_clk_pin rise edge)
                                                      0.000     0.000 r  
    E3                                                0.000     0.000 r  CLK100MHZ (IN)
                         net (fo=0)                   0.000     0.000    CLK100MHZ
    E3                   IBUF (Prop_ibuf_I_O)         0.438     0.438 r  CLK100MHZ_IBUF_inst/O
                         net (fo=1, routed)           0.699     1.136    CLK100MHZ_IBUF
    BUFGCTRL_X0Y16       BUFG (Prop_bufg_I_O)         0.029     1.165 r  CLK100MHZ_IBUF_BUFG_inst/O
                         net (fo=21719, routed)       0.902     2.067    u_accel/gen_nn_fractional.u_accel/gen_hl2[4].membrane_buf/CLK100MHZ_IBUF_BUFG
    SLICE_X49Y36         FDCE                                         r  u_accel/gen_nn_fractional.u_accel/gen_hl2[4].membrane_buf/membrane_storage_reg[7][19]/C
                         clock pessimism             -0.254     1.813    
    SLICE_X49Y36         FDCE (Hold_fdce_C_D)         0.070     1.883    u_accel/gen_nn_fractional.u_accel/gen_hl2[4].membrane_buf/membrane_storage_reg[7][19]
  -------------------------------------------------------------------
                         required time                         -1.883    
                         arrival time                           1.927    
  -------------------------------------------------------------------
                         slack                                  0.044    

Slack (MET) :             0.047ns  (arrival time - required time)
  Source:                 u_accel/gen_nn_fractional.u_accel/gen_hl2[0].hl2_lif/membrane_out_reg[18]/C
                            (rising edge-triggered cell FDCE clocked by sys_clk_pin  {rise@0.000ns fall@5.000ns period=10.000ns})
  Destination:            u_accel/gen_nn_fractional.u_accel/gen_hl2[0].membrane_buf/membrane_storage_reg[4][18]/D
                            (rising edge-triggered cell FDCE clocked by sys_clk_pin  {rise@0.000ns fall@5.000ns period=10.000ns})
  Path Group:             sys_clk_pin
  Path Type:              Hold (Min at Fast Process Corner)
  Requirement:            0.000ns  (sys_clk_pin rise@0.000ns - sys_clk_pin rise@0.000ns)
  Data Path Delay:        0.384ns  (logic 0.141ns (36.734%)  route 0.243ns (63.266%))
  Logic Levels:           0  
  Clock Path Skew:        0.265ns (DCD - SCD - CPR)
    Destination Clock Delay (DCD):    2.057ns
    Source Clock Delay      (SCD):    1.538ns
    Clock Pessimism Removal (CPR):    0.254ns

    Location             Delay type                Incr(ns)  Path(ns)    Netlist Resource(s)
  -------------------------------------------------------------------    -------------------
                         (clock sys_clk_pin rise edge)
                                                      0.000     0.000 r  
    E3                                                0.000     0.000 r  CLK100MHZ (IN)
                         net (fo=0)                   0.000     0.000    CLK100MHZ
    E3                   IBUF (Prop_ibuf_I_O)         0.250     0.250 r  CLK100MHZ_IBUF_inst/O
                         net (fo=1, routed)           0.644     0.894    CLK100MHZ_IBUF
    BUFGCTRL_X0Y16       BUFG (Prop_bufg_I_O)         0.026     0.920 r  CLK100MHZ_IBUF_BUFG_inst/O
                         net (fo=21719, routed)       0.618     1.538    u_accel/gen_nn_fractional.u_accel/gen_hl2[0].hl2_lif/CLK100MHZ_IBUF_BUFG
    SLICE_X53Y26         FDCE                                         r  u_accel/gen_nn_fractional.u_accel/gen_hl2[0].hl2_lif/membrane_out_reg[18]/C
  -------------------------------------------------------------------    -------------------
    SLICE_X53Y26         FDCE (Prop_fdce_C_Q)         0.141     1.679 r  u_accel/gen_nn_fractional.u_accel/gen_hl2[0].hl2_lif/membrane_out_reg[18]/Q
                         net (fo=10, routed)          0.243     1.922    u_accel/gen_nn_fractional.u_accel/gen_hl2[0].membrane_buf/D[18]
    SLICE_X48Y26         FDCE                                         r  u_accel/gen_nn_fractional.u_accel/gen_hl2[0].membrane_buf/membrane_storage_reg[4][18]/D
  -------------------------------------------------------------------    -------------------

                         (clock sys_clk_pin rise edge)
                                                      0.000     0.000 r  
    E3                                                0.000     0.000 r  CLK100MHZ (IN)
                         net (fo=0)                   0.000     0.000    CLK100MHZ
    E3                   IBUF (Prop_ibuf_I_O)         0.438     0.438 r  CLK100MHZ_IBUF_inst/O
                         net (fo=1, routed)           0.699     1.136    CLK100MHZ_IBUF
    BUFGCTRL_X0Y16       BUFG (Prop_bufg_I_O)         0.029     1.165 r  CLK100MHZ_IBUF_BUFG_inst/O
                         net (fo=21719, routed)       0.892     2.057    u_accel/gen_nn_fractional.u_accel/gen_hl2[0].membrane_buf/CLK100MHZ_IBUF_BUFG
    SLICE_X48Y26         FDCE                                         r  u_accel/gen_nn_fractional.u_accel/gen_hl2[0].membrane_buf/membrane_storage_reg[4][18]/C
                         clock pessimism             -0.254     1.803    
    SLICE_X48Y26         FDCE (Hold_fdce_C_D)         0.072     1.875    u_accel/gen_nn_fractional.u_accel/gen_hl2[0].membrane_buf/membrane_storage_reg[4][18]
  -------------------------------------------------------------------
                         required time                         -1.875    
                         arrival time                           1.922    
  -------------------------------------------------------------------
                         slack                                  0.047    

Slack (MET) :             0.048ns  (arrival time - required time)
  Source:                 u_accel/gen_nn_fractional.u_accel/fc1/outputs_reg[16][4]/C
                            (rising edge-triggered cell FDCE clocked by sys_clk_pin  {rise@0.000ns fall@5.000ns period=10.000ns})
  Destination:            u_accel/gen_nn_fractional.u_accel/gen_hl1_lif[16].hl1_lif/current_latched_reg[4]/D
                            (rising edge-triggered cell FDCE clocked by sys_clk_pin  {rise@0.000ns fall@5.000ns period=10.000ns})
  Path Group:             sys_clk_pin
  Path Type:              Hold (Min at Fast Process Corner)
  Requirement:            0.000ns  (sys_clk_pin rise@0.000ns - sys_clk_pin rise@0.000ns)
  Data Path Delay:        0.432ns  (logic 0.186ns (43.100%)  route 0.246ns (56.900%))
  Logic Levels:           1  (LUT2=1)
  Clock Path Skew:        0.263ns (DCD - SCD - CPR)
    Destination Clock Delay (DCD):    1.992ns
    Source Clock Delay      (SCD):    1.478ns
    Clock Pessimism Removal (CPR):    0.250ns

    Location             Delay type                Incr(ns)  Path(ns)    Netlist Resource(s)
  -------------------------------------------------------------------    -------------------
                         (clock sys_clk_pin rise edge)
                                                      0.000     0.000 r  
    E3                                                0.000     0.000 r  CLK100MHZ (IN)
                         net (fo=0)                   0.000     0.000    CLK100MHZ
    E3                   IBUF (Prop_ibuf_I_O)         0.250     0.250 r  CLK100MHZ_IBUF_inst/O
                         net (fo=1, routed)           0.644     0.894    CLK100MHZ_IBUF
    BUFGCTRL_X0Y16       BUFG (Prop_bufg_I_O)         0.026     0.920 r  CLK100MHZ_IBUF_BUFG_inst/O
                         net (fo=21719, routed)       0.559     1.478    u_accel/gen_nn_fractional.u_accel/fc1/CLK100MHZ_IBUF_BUFG
    SLICE_X55Y83         FDCE                                         r  u_accel/gen_nn_fractional.u_accel/fc1/outputs_reg[16][4]/C
  -------------------------------------------------------------------    -------------------
    SLICE_X55Y83         FDCE (Prop_fdce_C_Q)         0.141     1.619 r  u_accel/gen_nn_fractional.u_accel/fc1/outputs_reg[16][4]/Q
                         net (fo=1, routed)           0.246     1.865    u_accel/gen_nn_fractional.u_accel/fc1/fc1_outputs[16]_55[4]
    SLICE_X50Y82         LUT2 (Prop_lut2_I0_O)        0.045     1.910 r  u_accel/gen_nn_fractional.u_accel/fc1/current_latched[4]_i_1__11/O
                         net (fo=1, routed)           0.000     1.910    u_accel/gen_nn_fractional.u_accel/gen_hl1_lif[16].hl1_lif/D[4]
    SLICE_X50Y82         FDCE                                         r  u_accel/gen_nn_fractional.u_accel/gen_hl1_lif[16].hl1_lif/current_latched_reg[4]/D
  -------------------------------------------------------------------    -------------------

                         (clock sys_clk_pin rise edge)
                                                      0.000     0.000 r  
    E3                                                0.000     0.000 r  CLK100MHZ (IN)
                         net (fo=0)                   0.000     0.000    CLK100MHZ
    E3                   IBUF (Prop_ibuf_I_O)         0.438     0.438 r  CLK100MHZ_IBUF_inst/O
                         net (fo=1, routed)           0.699     1.136    CLK100MHZ_IBUF
    BUFGCTRL_X0Y16       BUFG (Prop_bufg_I_O)         0.029     1.165 r  CLK100MHZ_IBUF_BUFG_inst/O
                         net (fo=21719, routed)       0.827     1.992    u_accel/gen_nn_fractional.u_accel/gen_hl1_lif[16].hl1_lif/CLK100MHZ_IBUF_BUFG
    SLICE_X50Y82         FDCE                                         r  u_accel/gen_nn_fractional.u_accel/gen_hl1_lif[16].hl1_lif/current_latched_reg[4]/C
                         clock pessimism             -0.250     1.741    
    SLICE_X50Y82         FDCE (Hold_fdce_C_D)         0.121     1.862    u_accel/gen_nn_fractional.u_accel/gen_hl1_lif[16].hl1_lif/current_latched_reg[4]
  -------------------------------------------------------------------
                         required time                         -1.862    
                         arrival time                           1.910    
  -------------------------------------------------------------------
                         slack                                  0.048    

Slack (MET) :             0.049ns  (arrival time - required time)
  Source:                 u_accel/gen_nn_fractional.u_accel/fc1/outputs_reg[16][2]/C
                            (rising edge-triggered cell FDCE clocked by sys_clk_pin  {rise@0.000ns fall@5.000ns period=10.000ns})
  Destination:            u_accel/gen_nn_fractional.u_accel/gen_hl1_lif[16].hl1_lif/current_latched_reg[2]/D
                            (rising edge-triggered cell FDCE clocked by sys_clk_pin  {rise@0.000ns fall@5.000ns period=10.000ns})
  Path Group:             sys_clk_pin
  Path Type:              Hold (Min at Fast Process Corner)
  Requirement:            0.000ns  (sys_clk_pin rise@0.000ns - sys_clk_pin rise@0.000ns)
  Data Path Delay:        0.433ns  (logic 0.186ns (43.001%)  route 0.247ns (56.999%))
  Logic Levels:           1  (LUT2=1)
  Clock Path Skew:        0.263ns (DCD - SCD - CPR)
    Destination Clock Delay (DCD):    1.992ns
    Source Clock Delay      (SCD):    1.478ns
    Clock Pessimism Removal (CPR):    0.250ns

    Location             Delay type                Incr(ns)  Path(ns)    Netlist Resource(s)
  -------------------------------------------------------------------    -------------------
                         (clock sys_clk_pin rise edge)
                                                      0.000     0.000 r  
    E3                                                0.000     0.000 r  CLK100MHZ (IN)
                         net (fo=0)                   0.000     0.000    CLK100MHZ
    E3                   IBUF (Prop_ibuf_I_O)         0.250     0.250 r  CLK100MHZ_IBUF_inst/O
                         net (fo=1, routed)           0.644     0.894    CLK100MHZ_IBUF
    BUFGCTRL_X0Y16       BUFG (Prop_bufg_I_O)         0.026     0.920 r  CLK100MHZ_IBUF_BUFG_inst/O
                         net (fo=21719, routed)       0.559     1.478    u_accel/gen_nn_fractional.u_accel/fc1/CLK100MHZ_IBUF_BUFG
    SLICE_X55Y83         FDCE                                         r  u_accel/gen_nn_fractional.u_accel/fc1/outputs_reg[16][2]/C
  -------------------------------------------------------------------    -------------------
    SLICE_X55Y83         FDCE (Prop_fdce_C_Q)         0.141     1.619 r  u_accel/gen_nn_fractional.u_accel/fc1/outputs_reg[16][2]/Q
                         net (fo=1, routed)           0.247     1.866    u_accel/gen_nn_fractional.u_accel/fc1/fc1_outputs[16]_55[2]
    SLICE_X50Y82         LUT2 (Prop_lut2_I0_O)        0.045     1.911 r  u_accel/gen_nn_fractional.u_accel/fc1/current_latched[2]_i_1__11/O
                         net (fo=1, routed)           0.000     1.911    u_accel/gen_nn_fractional.u_accel/gen_hl1_lif[16].hl1_lif/D[2]
    SLICE_X50Y82         FDCE                                         r  u_accel/gen_nn_fractional.u_accel/gen_hl1_lif[16].hl1_lif/current_latched_reg[2]/D
  -------------------------------------------------------------------    -------------------

                         (clock sys_clk_pin rise edge)
                                                      0.000     0.000 r  
    E3                                                0.000     0.000 r  CLK100MHZ (IN)
                         net (fo=0)                   0.000     0.000    CLK100MHZ
    E3                   IBUF (Prop_ibuf_I_O)         0.438     0.438 r  CLK100MHZ_IBUF_inst/O
                         net (fo=1, routed)           0.699     1.136    CLK100MHZ_IBUF
    BUFGCTRL_X0Y16       BUFG (Prop_bufg_I_O)         0.029     1.165 r  CLK100MHZ_IBUF_BUFG_inst/O
                         net (fo=21719, routed)       0.827     1.992    u_accel/gen_nn_fractional.u_accel/gen_hl1_lif[16].hl1_lif/CLK100MHZ_IBUF_BUFG
    SLICE_X50Y82         FDCE                                         r  u_accel/gen_nn_fractional.u_accel/gen_hl1_lif[16].hl1_lif/current_latched_reg[2]/C
                         clock pessimism             -0.250     1.741    
    SLICE_X50Y82         FDCE (Hold_fdce_C_D)         0.121     1.862    u_accel/gen_nn_fractional.u_accel/gen_hl1_lif[16].hl1_lif/current_latched_reg[2]
  -------------------------------------------------------------------
                         required time                         -1.862    
                         arrival time                           1.911    
  -------------------------------------------------------------------
                         slack                                  0.049    

Slack (MET) :             0.050ns  (arrival time - required time)
  Source:                 u_accel/u_ctrl/tx_data_reg[3]/C
                            (rising edge-triggered cell FDCE clocked by sys_clk_pin  {rise@0.000ns fall@5.000ns period=10.000ns})
  Destination:            u_accel/u_uart_tx/data_latched_reg[3]/D
                            (rising edge-triggered cell FDCE clocked by sys_clk_pin  {rise@0.000ns fall@5.000ns period=10.000ns})
  Path Group:             sys_clk_pin
  Path Type:              Hold (Min at Fast Process Corner)
  Requirement:            0.000ns  (sys_clk_pin rise@0.000ns - sys_clk_pin rise@0.000ns)
  Data Path Delay:        0.382ns  (logic 0.141ns (36.925%)  route 0.241ns (63.075%))
  Logic Levels:           0  
  Clock Path Skew:        0.260ns (DCD - SCD - CPR)
    Destination Clock Delay (DCD):    1.985ns
    Source Clock Delay      (SCD):    1.474ns
    Clock Pessimism Removal (CPR):    0.250ns

    Location             Delay type                Incr(ns)  Path(ns)    Netlist Resource(s)
  -------------------------------------------------------------------    -------------------
                         (clock sys_clk_pin rise edge)
                                                      0.000     0.000 r  
    E3                                                0.000     0.000 r  CLK100MHZ (IN)
                         net (fo=0)                   0.000     0.000    CLK100MHZ
    E3                   IBUF (Prop_ibuf_I_O)         0.250     0.250 r  CLK100MHZ_IBUF_inst/O
                         net (fo=1, routed)           0.644     0.894    CLK100MHZ_IBUF
    BUFGCTRL_X0Y16       BUFG (Prop_bufg_I_O)         0.026     0.920 r  CLK100MHZ_IBUF_BUFG_inst/O
                         net (fo=21719, routed)       0.555     1.474    u_accel/u_ctrl/CLK100MHZ_IBUF_BUFG
    SLICE_X48Y116        FDCE                                         r  u_accel/u_ctrl/tx_data_reg[3]/C
  -------------------------------------------------------------------    -------------------
    SLICE_X48Y116        FDCE (Prop_fdce_C_Q)         0.141     1.615 r  u_accel/u_ctrl/tx_data_reg[3]/Q
                         net (fo=1, routed)           0.241     1.856    u_accel/u_uart_tx/D[3]
    SLICE_X53Y117        FDCE                                         r  u_accel/u_uart_tx/data_latched_reg[3]/D
  -------------------------------------------------------------------    -------------------

                         (clock sys_clk_pin rise edge)
                                                      0.000     0.000 r  
    E3                                                0.000     0.000 r  CLK100MHZ (IN)
                         net (fo=0)                   0.000     0.000    CLK100MHZ
    E3                   IBUF (Prop_ibuf_I_O)         0.438     0.438 r  CLK100MHZ_IBUF_inst/O
                         net (fo=1, routed)           0.699     1.136    CLK100MHZ_IBUF
    BUFGCTRL_X0Y16       BUFG (Prop_bufg_I_O)         0.029     1.165 r  CLK100MHZ_IBUF_BUFG_inst/O
                         net (fo=21719, routed)       0.819     1.985    u_accel/u_uart_tx/CLK100MHZ_IBUF_BUFG
    SLICE_X53Y117        FDCE                                         r  u_accel/u_uart_tx/data_latched_reg[3]/C
                         clock pessimism             -0.250     1.734    
    SLICE_X53Y117        FDCE (Hold_fdce_C_D)         0.072     1.806    u_accel/u_uart_tx/data_latched_reg[3]
  -------------------------------------------------------------------
                         required time                         -1.806    
                         arrival time                           1.856    
  -------------------------------------------------------------------
                         slack                                  0.050    

Slack (MET) :             0.054ns  (arrival time - required time)
  Source:                 u_accel/gen_nn_fractional.u_accel/gen_hl2[3].hl2_lif/membrane_out_reg[7]/C
                            (rising edge-triggered cell FDCE clocked by sys_clk_pin  {rise@0.000ns fall@5.000ns period=10.000ns})
  Destination:            u_accel/gen_nn_fractional.u_accel/gen_hl2[3].membrane_buf/membrane_storage_reg[3][7]/D
                            (rising edge-triggered cell FDCE clocked by sys_clk_pin  {rise@0.000ns fall@5.000ns period=10.000ns})
  Path Group:             sys_clk_pin
  Path Type:              Hold (Min at Fast Process Corner)
  Requirement:            0.000ns  (sys_clk_pin rise@0.000ns - sys_clk_pin rise@0.000ns)
  Data Path Delay:        0.341ns  (logic 0.128ns (37.536%)  route 0.213ns (62.464%))
  Logic Levels:           0  
  Clock Path Skew:        0.268ns (DCD - SCD - CPR)
    Destination Clock Delay (DCD):    2.073ns
    Source Clock Delay      (SCD):    1.551ns
    Clock Pessimism Removal (CPR):    0.254ns

    Location             Delay type                Incr(ns)  Path(ns)    Netlist Resource(s)
  -------------------------------------------------------------------    -------------------
                         (clock sys_clk_pin rise edge)
                                                      0.000     0.000 r  
    E3                                                0.000     0.000 r  CLK100MHZ (IN)
                         net (fo=0)                   0.000     0.000    CLK100MHZ
    E3                   IBUF (Prop_ibuf_I_O)         0.250     0.250 r  CLK100MHZ_IBUF_inst/O
                         net (fo=1, routed)           0.644     0.894    CLK100MHZ_IBUF
    BUFGCTRL_X0Y16       BUFG (Prop_bufg_I_O)         0.026     0.920 r  CLK100MHZ_IBUF_BUFG_inst/O
                         net (fo=21719, routed)       0.631     1.551    u_accel/gen_nn_fractional.u_accel/gen_hl2[3].hl2_lif/CLK100MHZ_IBUF_BUFG
    SLICE_X52Y2          FDCE                                         r  u_accel/gen_nn_fractional.u_accel/gen_hl2[3].hl2_lif/membrane_out_reg[7]/C
  -------------------------------------------------------------------    -------------------
    SLICE_X52Y2          FDCE (Prop_fdce_C_Q)         0.128     1.679 r  u_accel/gen_nn_fractional.u_accel/gen_hl2[3].hl2_lif/membrane_out_reg[7]/Q
                         net (fo=10, routed)          0.213     1.892    u_accel/gen_nn_fractional.u_accel/gen_hl2[3].membrane_buf/D[7]
    SLICE_X48Y1          FDCE                                         r  u_accel/gen_nn_fractional.u_accel/gen_hl2[3].membrane_buf/membrane_storage_reg[3][7]/D
  -------------------------------------------------------------------    -------------------

                         (clock sys_clk_pin rise edge)
                                                      0.000     0.000 r  
    E3                                                0.000     0.000 r  CLK100MHZ (IN)
                         net (fo=0)                   0.000     0.000    CLK100MHZ
    E3                   IBUF (Prop_ibuf_I_O)         0.438     0.438 r  CLK100MHZ_IBUF_inst/O
                         net (fo=1, routed)           0.699     1.136    CLK100MHZ_IBUF
    BUFGCTRL_X0Y16       BUFG (Prop_bufg_I_O)         0.029     1.165 r  CLK100MHZ_IBUF_BUFG_inst/O
                         net (fo=21719, routed)       0.908     2.073    u_accel/gen_nn_fractional.u_accel/gen_hl2[3].membrane_buf/CLK100MHZ_IBUF_BUFG
    SLICE_X48Y1          FDCE                                         r  u_accel/gen_nn_fractional.u_accel/gen_hl2[3].membrane_buf/membrane_storage_reg[3][7]/C
                         clock pessimism             -0.254     1.819    
    SLICE_X48Y1          FDCE (Hold_fdce_C_D)         0.019     1.838    u_accel/gen_nn_fractional.u_accel/gen_hl2[3].membrane_buf/membrane_storage_reg[3][7]
  -------------------------------------------------------------------
                         required time                         -1.838    
                         arrival time                           1.892    
  -------------------------------------------------------------------
                         slack                                  0.054    

Slack (MET) :             0.054ns  (arrival time - required time)
  Source:                 u_accel/gen_nn_fractional.u_accel/gen_hl2[0].hl2_lif/membrane_out_reg[14]/C
                            (rising edge-triggered cell FDCE clocked by sys_clk_pin  {rise@0.000ns fall@5.000ns period=10.000ns})
  Destination:            u_accel/gen_nn_fractional.u_accel/gen_hl2[0].membrane_buf/membrane_storage_reg[5][14]/D
                            (rising edge-triggered cell FDCE clocked by sys_clk_pin  {rise@0.000ns fall@5.000ns period=10.000ns})
  Path Group:             sys_clk_pin
  Path Type:              Hold (Min at Fast Process Corner)
  Requirement:            0.000ns  (sys_clk_pin rise@0.000ns - sys_clk_pin rise@0.000ns)
  Data Path Delay:        0.375ns  (logic 0.164ns (43.715%)  route 0.211ns (56.285%))
  Logic Levels:           0  
  Clock Path Skew:        0.262ns (DCD - SCD - CPR)
    Destination Clock Delay (DCD):    2.054ns
    Source Clock Delay      (SCD):    1.538ns
    Clock Pessimism Removal (CPR):    0.254ns

    Location             Delay type                Incr(ns)  Path(ns)    Netlist Resource(s)
  -------------------------------------------------------------------    -------------------
                         (clock sys_clk_pin rise edge)
                                                      0.000     0.000 r  
    E3                                                0.000     0.000 r  CLK100MHZ (IN)
                         net (fo=0)                   0.000     0.000    CLK100MHZ
    E3                   IBUF (Prop_ibuf_I_O)         0.250     0.250 r  CLK100MHZ_IBUF_inst/O
                         net (fo=1, routed)           0.644     0.894    CLK100MHZ_IBUF
    BUFGCTRL_X0Y16       BUFG (Prop_bufg_I_O)         0.026     0.920 r  CLK100MHZ_IBUF_BUFG_inst/O
                         net (fo=21719, routed)       0.618     1.538    u_accel/gen_nn_fractional.u_accel/gen_hl2[0].hl2_lif/CLK100MHZ_IBUF_BUFG
    SLICE_X56Y25         FDCE                                         r  u_accel/gen_nn_fractional.u_accel/gen_hl2[0].hl2_lif/membrane_out_reg[14]/C
  -------------------------------------------------------------------    -------------------
    SLICE_X56Y25         FDCE (Prop_fdce_C_Q)         0.164     1.702 r  u_accel/gen_nn_fractional.u_accel/gen_hl2[0].hl2_lif/membrane_out_reg[14]/Q
                         net (fo=10, routed)          0.211     1.913    u_accel/gen_nn_fractional.u_accel/gen_hl2[0].membrane_buf/D[14]
    SLICE_X50Y25         FDCE                                         r  u_accel/gen_nn_fractional.u_accel/gen_hl2[0].membrane_buf/membrane_storage_reg[5][14]/D
  -------------------------------------------------------------------    -------------------

                         (clock sys_clk_pin rise edge)
                                                      0.000     0.000 r  
    E3                                                0.000     0.000 r  CLK100MHZ (IN)
                         net (fo=0)                   0.000     0.000    CLK100MHZ
    E3                   IBUF (Prop_ibuf_I_O)         0.438     0.438 r  CLK100MHZ_IBUF_inst/O
                         net (fo=1, routed)           0.699     1.136    CLK100MHZ_IBUF
    BUFGCTRL_X0Y16       BUFG (Prop_bufg_I_O)         0.029     1.165 r  CLK100MHZ_IBUF_BUFG_inst/O
                         net (fo=21719, routed)       0.889     2.054    u_accel/gen_nn_fractional.u_accel/gen_hl2[0].membrane_buf/CLK100MHZ_IBUF_BUFG
    SLICE_X50Y25         FDCE                                         r  u_accel/gen_nn_fractional.u_accel/gen_hl2[0].membrane_buf/membrane_storage_reg[5][14]/C
                         clock pessimism             -0.254     1.800    
    SLICE_X50Y25         FDCE (Hold_fdce_C_D)         0.059     1.859    u_accel/gen_nn_fractional.u_accel/gen_hl2[0].membrane_buf/membrane_storage_reg[5][14]
  -------------------------------------------------------------------
                         required time                         -1.859    
                         arrival time                           1.913    
  -------------------------------------------------------------------
                         slack                                  0.054    





Pulse Width Checks
--------------------------------------------------------------------------------------
Clock Name:         sys_clk_pin
Waveform(ns):       { 0.000 5.000 }
Period(ns):         10.000
Sources:            { CLK100MHZ }

Check Type        Corner  Lib Pin      Reference Pin  Required(ns)  Actual(ns)  Slack(ns)  Location        Pin
Min Period        n/a     BUFG/I       n/a            2.155         10.000      7.845      BUFGCTRL_X0Y16  CLK100MHZ_IBUF_BUFG_inst/I
Min Period        n/a     DSP48E1/CLK  n/a            2.154         10.000      7.846      DSP48_X1Y8      u_accel/gen_nn_fractional.u_accel/q_accum/p_0_out/CLK
Min Period        n/a     DSP48E1/CLK  n/a            2.154         10.000      7.846      DSP48_X1Y7      u_accel/gen_nn_fractional.u_accel/q_accum/p_0_out__0/CLK
Min Period        n/a     DSP48E1/CLK  n/a            2.154         10.000      7.846      DSP48_X1Y9      u_accel/gen_nn_fractional.u_accel/q_accum/p_0_out__3/CLK
Min Period        n/a     DSP48E1/CLK  n/a            2.154         10.000      7.846      DSP48_X1Y6      u_accel/gen_nn_fractional.u_accel/q_accum/p_0_out__4/CLK
Min Period        n/a     DSP48E1/CLK  n/a            2.154         10.000      7.846      DSP48_X1Y4      u_accel/gen_nn_fractional.u_accel/q_accum/p_0_out__5/CLK
Min Period        n/a     DSP48E1/CLK  n/a            2.154         10.000      7.846      DSP48_X1Y5      u_accel/gen_nn_fractional.u_accel/q_accum/p_0_out__6/CLK
Min Period        n/a     FDCE/C       n/a            1.000         10.000      9.000      SLICE_X36Y101   action_q_reg/C
Min Period        n/a     FDRE/C       n/a            1.000         10.000      9.000      SLICE_X0Y51     heartbeat_count_reg[0]/C
Min Period        n/a     FDRE/C       n/a            1.000         10.000      9.000      SLICE_X0Y53     heartbeat_count_reg[10]/C
Low Pulse Width   Slow    FDCE/C       n/a            0.500         5.000       4.500      SLICE_X36Y101   action_q_reg/C
Low Pulse Width   Fast    FDCE/C       n/a            0.500         5.000       4.500      SLICE_X36Y101   action_q_reg/C
Low Pulse Width   Slow    FDRE/C       n/a            0.500         5.000       4.500      SLICE_X0Y51     heartbeat_count_reg[0]/C
Low Pulse Width   Fast    FDRE/C       n/a            0.500         5.000       4.500      SLICE_X0Y51     heartbeat_count_reg[0]/C
Low Pulse Width   Slow    FDRE/C       n/a            0.500         5.000       4.500      SLICE_X0Y53     heartbeat_count_reg[10]/C
Low Pulse Width   Fast    FDRE/C       n/a            0.500         5.000       4.500      SLICE_X0Y53     heartbeat_count_reg[10]/C
Low Pulse Width   Slow    FDRE/C       n/a            0.500         5.000       4.500      SLICE_X0Y53     heartbeat_count_reg[11]/C
Low Pulse Width   Fast    FDRE/C       n/a            0.500         5.000       4.500      SLICE_X0Y53     heartbeat_count_reg[11]/C
Low Pulse Width   Slow    FDRE/C       n/a            0.500         5.000       4.500      SLICE_X0Y54     heartbeat_count_reg[12]/C
Low Pulse Width   Fast    FDRE/C       n/a            0.500         5.000       4.500      SLICE_X0Y54     heartbeat_count_reg[12]/C
High Pulse Width  Slow    FDCE/C       n/a            0.500         5.000       4.500      SLICE_X36Y101   action_q_reg/C
High Pulse Width  Fast    FDCE/C       n/a            0.500         5.000       4.500      SLICE_X36Y101   action_q_reg/C
High Pulse Width  Slow    FDRE/C       n/a            0.500         5.000       4.500      SLICE_X0Y51     heartbeat_count_reg[0]/C
High Pulse Width  Fast    FDRE/C       n/a            0.500         5.000       4.500      SLICE_X0Y51     heartbeat_count_reg[0]/C
High Pulse Width  Slow    FDRE/C       n/a            0.500         5.000       4.500      SLICE_X0Y53     heartbeat_count_reg[10]/C
High Pulse Width  Fast    FDRE/C       n/a            0.500         5.000       4.500      SLICE_X0Y53     heartbeat_count_reg[10]/C
High Pulse Width  Slow    FDRE/C       n/a            0.500         5.000       4.500      SLICE_X0Y53     heartbeat_count_reg[11]/C
High Pulse Width  Fast    FDRE/C       n/a            0.500         5.000       4.500      SLICE_X0Y53     heartbeat_count_reg[11]/C
High Pulse Width  Slow    FDRE/C       n/a            0.500         5.000       4.500      SLICE_X0Y54     heartbeat_count_reg[12]/C
High Pulse Width  Fast    FDRE/C       n/a            0.500         5.000       4.500      SLICE_X0Y54     heartbeat_count_reg[12]/C



--------------------------------------------------------------------------------------
Path Group:  (none)
From Clock:  sys_clk_pin
  To Clock:  

Max Delay             4 Endpoints
Min Delay             4 Endpoints
--------------------------------------------------------------------------------------


Max Delay Paths
--------------------------------------------------------------------------------------
Slack:                    inf
  Source:                 u_accel/u_uart_tx/tx_reg/C
                            (rising edge-triggered cell FDPE clocked by sys_clk_pin  {rise@0.000ns fall@5.000ns period=10.000ns})
  Destination:            UART_RXD_OUT
                            (output port)
  Path Group:             (none)
  Path Type:              Max at Slow Process Corner
  Data Path Delay:        7.266ns  (logic 4.011ns (55.208%)  route 3.255ns (44.792%))
  Logic Levels:           1  (OBUF=1)
  Clock Uncertainty:      0.025ns  ((TSJ^2 + TIJ^2)^1/2 + DJ) / 2 + PE
    Total System Jitter     (TSJ):    0.050ns
    Total Input Jitter      (TIJ):    0.000ns
    Discrete Jitter          (DJ):    0.000ns
    Phase Error              (PE):    0.000ns

    Location             Delay type                Incr(ns)  Path(ns)    Netlist Resource(s)
  -------------------------------------------------------------------    -------------------
                         (clock sys_clk_pin rise edge)
                                                      0.000     0.000 r  
    E3                                                0.000     0.000 r  CLK100MHZ (IN)
                         net (fo=0)                   0.000     0.000    CLK100MHZ
    E3                   IBUF (Prop_ibuf_I_O)         1.482     1.482 r  CLK100MHZ_IBUF_inst/O
                         net (fo=1, routed)           2.025     3.506    CLK100MHZ_IBUF
    BUFGCTRL_X0Y16       BUFG (Prop_bufg_I_O)         0.096     3.602 r  CLK100MHZ_IBUF_BUFG_inst/O
                         net (fo=21719, routed)       1.598     5.200    u_accel/u_uart_tx/CLK100MHZ_IBUF_BUFG
    SLICE_X53Y118        FDPE                                         r  u_accel/u_uart_tx/tx_reg/C
  -------------------------------------------------------------------    -------------------
    SLICE_X53Y118        FDPE (Prop_fdpe_C_Q)         0.456     5.656 r  u_accel/u_uart_tx/tx_reg/Q
                         net (fo=1, routed)           3.255     8.911    UART_RXD_OUT_OBUF
    D4                   OBUF (Prop_obuf_I_O)         3.555    12.466 r  UART_RXD_OUT_OBUF_inst/O
                         net (fo=0)                   0.000    12.466    UART_RXD_OUT
    D4                                                                r  UART_RXD_OUT (OUT)
  -------------------------------------------------------------------    -------------------

Slack:                    inf
  Source:                 u_accel/accel_busy_reg/C
                            (rising edge-triggered cell FDCE clocked by sys_clk_pin  {rise@0.000ns fall@5.000ns period=10.000ns})
  Destination:            LED[0]
                            (output port)
  Path Group:             (none)
  Path Type:              Max at Slow Process Corner
  Data Path Delay:        6.830ns  (logic 4.038ns (59.123%)  route 2.792ns (40.877%))
  Logic Levels:           1  (OBUF=1)
  Clock Uncertainty:      0.025ns  ((TSJ^2 + TIJ^2)^1/2 + DJ) / 2 + PE
    Total System Jitter     (TSJ):    0.050ns
    Total Input Jitter      (TIJ):    0.000ns
    Discrete Jitter          (DJ):    0.000ns
    Phase Error              (PE):    0.000ns

    Location             Delay type                Incr(ns)  Path(ns)    Netlist Resource(s)
  -------------------------------------------------------------------    -------------------
                         (clock sys_clk_pin rise edge)
                                                      0.000     0.000 r  
    E3                                                0.000     0.000 r  CLK100MHZ (IN)
                         net (fo=0)                   0.000     0.000    CLK100MHZ
    E3                   IBUF (Prop_ibuf_I_O)         1.482     1.482 r  CLK100MHZ_IBUF_inst/O
                         net (fo=1, routed)           2.025     3.506    CLK100MHZ_IBUF
    BUFGCTRL_X0Y16       BUFG (Prop_bufg_I_O)         0.096     3.602 r  CLK100MHZ_IBUF_BUFG_inst/O
                         net (fo=21719, routed)       1.614     5.216    u_accel/CLK100MHZ_IBUF_BUFG
    SLICE_X42Y114        FDCE                                         r  u_accel/accel_busy_reg/C
  -------------------------------------------------------------------    -------------------
    SLICE_X42Y114        FDCE (Prop_fdce_C_Q)         0.518     5.734 r  u_accel/accel_busy_reg/Q
                         net (fo=18, routed)          2.792     8.526    LED_OBUF[0]
    H17                  OBUF (Prop_obuf_I_O)         3.520    12.047 r  LED_OBUF[0]_inst/O
                         net (fo=0)                   0.000    12.047    LED[0]
    H17                                                               r  LED[0] (OUT)
  -------------------------------------------------------------------    -------------------

Slack:                    inf
  Source:                 action_q_reg/C
                            (rising edge-triggered cell FDCE clocked by sys_clk_pin  {rise@0.000ns fall@5.000ns period=10.000ns})
  Destination:            LED[1]
                            (output port)
  Path Group:             (none)
  Path Type:              Max at Slow Process Corner
  Data Path Delay:        6.474ns  (logic 3.991ns (61.651%)  route 2.483ns (38.349%))
  Logic Levels:           1  (OBUF=1)
  Clock Uncertainty:      0.025ns  ((TSJ^2 + TIJ^2)^1/2 + DJ) / 2 + PE
    Total System Jitter     (TSJ):    0.050ns
    Total Input Jitter      (TIJ):    0.000ns
    Discrete Jitter          (DJ):    0.000ns
    Phase Error              (PE):    0.000ns

    Location             Delay type                Incr(ns)  Path(ns)    Netlist Resource(s)
  -------------------------------------------------------------------    -------------------
                         (clock sys_clk_pin rise edge)
                                                      0.000     0.000 r  
    E3                                                0.000     0.000 r  CLK100MHZ (IN)
                         net (fo=0)                   0.000     0.000    CLK100MHZ
    E3                   IBUF (Prop_ibuf_I_O)         1.482     1.482 r  CLK100MHZ_IBUF_inst/O
                         net (fo=1, routed)           2.025     3.506    CLK100MHZ_IBUF
    BUFGCTRL_X0Y16       BUFG (Prop_bufg_I_O)         0.096     3.602 r  CLK100MHZ_IBUF_BUFG_inst/O
                         net (fo=21719, routed)       1.625     5.227    CLK100MHZ_IBUF_BUFG
    SLICE_X36Y101        FDCE                                         r  action_q_reg/C
  -------------------------------------------------------------------    -------------------
    SLICE_X36Y101        FDCE (Prop_fdce_C_Q)         0.456     5.683 r  action_q_reg/Q
                         net (fo=1, routed)           2.483     8.166    LED_OBUF[1]
    K15                  OBUF (Prop_obuf_I_O)         3.535    11.701 r  LED_OBUF[1]_inst/O
                         net (fo=0)                   0.000    11.701    LED[1]
    K15                                                               r  LED[1] (OUT)
  -------------------------------------------------------------------    -------------------

Slack:                    inf
  Source:                 heartbeat_count_reg[24]/C
                            (rising edge-triggered cell FDRE clocked by sys_clk_pin  {rise@0.000ns fall@5.000ns period=10.000ns})
  Destination:            LED[15]
                            (output port)
  Path Group:             (none)
  Path Type:              Max at Slow Process Corner
  Data Path Delay:        5.572ns  (logic 4.025ns (72.236%)  route 1.547ns (27.764%))
  Logic Levels:           1  (OBUF=1)
  Clock Uncertainty:      0.025ns  ((TSJ^2 + TIJ^2)^1/2 + DJ) / 2 + PE
    Total System Jitter     (TSJ):    0.050ns
    Total Input Jitter      (TIJ):    0.000ns
    Discrete Jitter          (DJ):    0.000ns
    Phase Error              (PE):    0.000ns

    Location             Delay type                Incr(ns)  Path(ns)    Netlist Resource(s)
  -------------------------------------------------------------------    -------------------
                         (clock sys_clk_pin rise edge)
                                                      0.000     0.000 r  
    E3                                                0.000     0.000 r  CLK100MHZ (IN)
                         net (fo=0)                   0.000     0.000    CLK100MHZ
    E3                   IBUF (Prop_ibuf_I_O)         1.482     1.482 r  CLK100MHZ_IBUF_inst/O
                         net (fo=1, routed)           2.025     3.506    CLK100MHZ_IBUF
    BUFGCTRL_X0Y16       BUFG (Prop_bufg_I_O)         0.096     3.602 r  CLK100MHZ_IBUF_BUFG_inst/O
                         net (fo=21719, routed)       1.724     5.327    CLK100MHZ_IBUF_BUFG
    SLICE_X0Y57          FDRE                                         r  heartbeat_count_reg[24]/C
  -------------------------------------------------------------------    -------------------
    SLICE_X0Y57          FDRE (Prop_fdre_C_Q)         0.456     5.783 r  heartbeat_count_reg[24]/Q
                         net (fo=2, routed)           1.547     7.330    LED_OBUF[15]
    V11                  OBUF (Prop_obuf_I_O)         3.569    10.899 r  LED_OBUF[15]_inst/O
                         net (fo=0)                   0.000    10.899    LED[15]
    V11                                                               r  LED[15] (OUT)
  -------------------------------------------------------------------    -------------------





Min Delay Paths
--------------------------------------------------------------------------------------
Slack:                    inf
  Source:                 heartbeat_count_reg[24]/C
                            (rising edge-triggered cell FDRE clocked by sys_clk_pin  {rise@0.000ns fall@5.000ns period=10.000ns})
  Destination:            LED[15]
                            (output port)
  Path Group:             (none)
  Path Type:              Min at Fast Process Corner
  Data Path Delay:        1.710ns  (logic 1.410ns (82.462%)  route 0.300ns (17.538%))
  Logic Levels:           1  (OBUF=1)
  Clock Uncertainty:      0.025ns  ((TSJ^2 + TIJ^2)^1/2 + DJ) / 2 + PE
    Total System Jitter     (TSJ):    0.050ns
    Total Input Jitter      (TIJ):    0.000ns
    Discrete Jitter          (DJ):    0.000ns
    Phase Error              (PE):    0.000ns

    Location             Delay type                Incr(ns)  Path(ns)    Netlist Resource(s)
  -------------------------------------------------------------------    -------------------
                         (clock sys_clk_pin rise edge)
                                                      0.000     0.000 r  
    E3                                                0.000     0.000 r  CLK100MHZ (IN)
                         net (fo=0)                   0.000     0.000    CLK100MHZ
    E3                   IBUF (Prop_ibuf_I_O)         0.250     0.250 r  CLK100MHZ_IBUF_inst/O
                         net (fo=1, routed)           0.644     0.894    CLK100MHZ_IBUF
    BUFGCTRL_X0Y16       BUFG (Prop_bufg_I_O)         0.026     0.920 r  CLK100MHZ_IBUF_BUFG_inst/O
                         net (fo=21719, routed)       0.603     1.522    CLK100MHZ_IBUF_BUFG
    SLICE_X0Y57          FDRE                                         r  heartbeat_count_reg[24]/C
  -------------------------------------------------------------------    -------------------
    SLICE_X0Y57          FDRE (Prop_fdre_C_Q)         0.141     1.663 r  heartbeat_count_reg[24]/Q
                         net (fo=2, routed)           0.300     1.963    LED_OBUF[15]
    V11                  OBUF (Prop_obuf_I_O)         1.269     3.233 r  LED_OBUF[15]_inst/O
                         net (fo=0)                   0.000     3.233    LED[15]
    V11                                                               r  LED[15] (OUT)
  -------------------------------------------------------------------    -------------------

Slack:                    inf
  Source:                 action_q_reg/C
                            (rising edge-triggered cell FDCE clocked by sys_clk_pin  {rise@0.000ns fall@5.000ns period=10.000ns})
  Destination:            LED[1]
                            (output port)
  Path Group:             (none)
  Path Type:              Min at Fast Process Corner
  Data Path Delay:        2.075ns  (logic 1.377ns (66.374%)  route 0.698ns (33.626%))
  Logic Levels:           1  (OBUF=1)
  Clock Uncertainty:      0.025ns  ((TSJ^2 + TIJ^2)^1/2 + DJ) / 2 + PE
    Total System Jitter     (TSJ):    0.050ns
    Total Input Jitter      (TIJ):    0.000ns
    Discrete Jitter          (DJ):    0.000ns
    Phase Error              (PE):    0.000ns

    Location             Delay type                Incr(ns)  Path(ns)    Netlist Resource(s)
  -------------------------------------------------------------------    -------------------
                         (clock sys_clk_pin rise edge)
                                                      0.000     0.000 r  
    E3                                                0.000     0.000 r  CLK100MHZ (IN)
                         net (fo=0)                   0.000     0.000    CLK100MHZ
    E3                   IBUF (Prop_ibuf_I_O)         0.250     0.250 r  CLK100MHZ_IBUF_inst/O
                         net (fo=1, routed)           0.644     0.894    CLK100MHZ_IBUF
    BUFGCTRL_X0Y16       BUFG (Prop_bufg_I_O)         0.026     0.920 r  CLK100MHZ_IBUF_BUFG_inst/O
                         net (fo=21719, routed)       0.565     1.484    CLK100MHZ_IBUF_BUFG
    SLICE_X36Y101        FDCE                                         r  action_q_reg/C
  -------------------------------------------------------------------    -------------------
    SLICE_X36Y101        FDCE (Prop_fdce_C_Q)         0.141     1.625 r  action_q_reg/Q
                         net (fo=1, routed)           0.698     2.323    LED_OBUF[1]
    K15                  OBUF (Prop_obuf_I_O)         1.236     3.559 r  LED_OBUF[1]_inst/O
                         net (fo=0)                   0.000     3.559    LED[1]
    K15                                                               r  LED[1] (OUT)
  -------------------------------------------------------------------    -------------------

Slack:                    inf
  Source:                 u_accel/accel_busy_reg/C
                            (rising edge-triggered cell FDCE clocked by sys_clk_pin  {rise@0.000ns fall@5.000ns period=10.000ns})
  Destination:            LED[0]
                            (output port)
  Path Group:             (none)
  Path Type:              Min at Fast Process Corner
  Data Path Delay:        2.268ns  (logic 1.385ns (61.072%)  route 0.883ns (38.928%))
  Logic Levels:           1  (OBUF=1)
  Clock Uncertainty:      0.025ns  ((TSJ^2 + TIJ^2)^1/2 + DJ) / 2 + PE
    Total System Jitter     (TSJ):    0.050ns
    Total Input Jitter      (TIJ):    0.000ns
    Discrete Jitter          (DJ):    0.000ns
    Phase Error              (PE):    0.000ns

    Location             Delay type                Incr(ns)  Path(ns)    Netlist Resource(s)
  -------------------------------------------------------------------    -------------------
                         (clock sys_clk_pin rise edge)
                                                      0.000     0.000 r  
    E3                                                0.000     0.000 r  CLK100MHZ (IN)
                         net (fo=0)                   0.000     0.000    CLK100MHZ
    E3                   IBUF (Prop_ibuf_I_O)         0.250     0.250 r  CLK100MHZ_IBUF_inst/O
                         net (fo=1, routed)           0.644     0.894    CLK100MHZ_IBUF
    BUFGCTRL_X0Y16       BUFG (Prop_bufg_I_O)         0.026     0.920 r  CLK100MHZ_IBUF_BUFG_inst/O
                         net (fo=21719, routed)       0.558     1.477    u_accel/CLK100MHZ_IBUF_BUFG
    SLICE_X42Y114        FDCE                                         r  u_accel/accel_busy_reg/C
  -------------------------------------------------------------------    -------------------
    SLICE_X42Y114        FDCE (Prop_fdce_C_Q)         0.164     1.641 r  u_accel/accel_busy_reg/Q
                         net (fo=18, routed)          0.883     2.524    LED_OBUF[0]
    H17                  OBUF (Prop_obuf_I_O)         1.221     3.746 r  LED_OBUF[0]_inst/O
                         net (fo=0)                   0.000     3.746    LED[0]
    H17                                                               r  LED[0] (OUT)
  -------------------------------------------------------------------    -------------------

Slack:                    inf
  Source:                 u_accel/u_uart_tx/tx_reg/C
                            (rising edge-triggered cell FDPE clocked by sys_clk_pin  {rise@0.000ns fall@5.000ns period=10.000ns})
  Destination:            UART_RXD_OUT
                            (output port)
  Path Group:             (none)
  Path Type:              Min at Fast Process Corner
  Data Path Delay:        2.535ns  (logic 1.397ns (55.096%)  route 1.139ns (44.904%))
  Logic Levels:           1  (OBUF=1)
  Clock Uncertainty:      0.025ns  ((TSJ^2 + TIJ^2)^1/2 + DJ) / 2 + PE
    Total System Jitter     (TSJ):    0.050ns
    Total Input Jitter      (TIJ):    0.000ns
    Discrete Jitter          (DJ):    0.000ns
    Phase Error              (PE):    0.000ns

    Location             Delay type                Incr(ns)  Path(ns)    Netlist Resource(s)
  -------------------------------------------------------------------    -------------------
                         (clock sys_clk_pin rise edge)
                                                      0.000     0.000 r  
    E3                                                0.000     0.000 r  CLK100MHZ (IN)
                         net (fo=0)                   0.000     0.000    CLK100MHZ
    E3                   IBUF (Prop_ibuf_I_O)         0.250     0.250 r  CLK100MHZ_IBUF_inst/O
                         net (fo=1, routed)           0.644     0.894    CLK100MHZ_IBUF
    BUFGCTRL_X0Y16       BUFG (Prop_bufg_I_O)         0.026     0.920 r  CLK100MHZ_IBUF_BUFG_inst/O
                         net (fo=21719, routed)       0.551     1.470    u_accel/u_uart_tx/CLK100MHZ_IBUF_BUFG
    SLICE_X53Y118        FDPE                                         r  u_accel/u_uart_tx/tx_reg/C
  -------------------------------------------------------------------    -------------------
    SLICE_X53Y118        FDPE (Prop_fdpe_C_Q)         0.141     1.611 r  u_accel/u_uart_tx/tx_reg/Q
                         net (fo=1, routed)           1.139     2.750    UART_RXD_OUT_OBUF
    D4                   OBUF (Prop_obuf_I_O)         1.256     4.006 r  UART_RXD_OUT_OBUF_inst/O
                         net (fo=0)                   0.000     4.006    UART_RXD_OUT
    D4                                                                r  UART_RXD_OUT (OUT)
  -------------------------------------------------------------------    -------------------





--------------------------------------------------------------------------------------
Path Group:  (none)
From Clock:  
  To Clock:  sys_clk_pin

Max Delay         21681 Endpoints
Min Delay         21681 Endpoints
--------------------------------------------------------------------------------------


Max Delay Paths
--------------------------------------------------------------------------------------
Slack:                    inf
  Source:                 CPU_RESETN
                            (input port)
  Destination:            u_accel/gen_nn_fractional.u_accel/gen_hl2[6].hl2_lif/membrane_out_reg[20]/CLR
                            (recovery check against rising-edge clock sys_clk_pin  {rise@0.000ns fall@5.000ns period=10.000ns})
  Path Group:             (none)
  Path Type:              Recovery (Max at Slow Process Corner)
  Data Path Delay:        12.618ns  (logic 1.631ns (12.926%)  route 10.987ns (87.074%))
  Logic Levels:           2  (IBUF=1 LUT1=1)
  Clock Path Skew:        5.089ns (DCD - SCD + CPR)
    Destination Clock Delay (DCD):    5.089ns
    Source Clock Delay      (SCD):    0.000ns
    Clock Pessimism Removal (CPR):    0.000ns
  Clock Uncertainty:      0.025ns  ((TSJ^2 + TIJ^2)^1/2 + DJ) / 2 + PE
    Total System Jitter     (TSJ):    0.050ns
    Total Input Jitter      (TIJ):    0.000ns
    Discrete Jitter          (DJ):    0.000ns
    Phase Error              (PE):    0.000ns

    Location             Delay type                Incr(ns)  Path(ns)    Netlist Resource(s)
  -------------------------------------------------------------------    -------------------
    C12                                               0.000     0.000 r  CPU_RESETN (IN)
                         net (fo=0)                   0.000     0.000    CPU_RESETN
    C12                  IBUF (Prop_ibuf_I_O)         1.507     1.507 r  CPU_RESETN_IBUF_inst/O
                         net (fo=24, routed)          1.436     2.943    u_accel/gen_nn_fractional.u_accel/fc1/CPU_RESETN_IBUF
    SLICE_X1Y140         LUT1 (Prop_lut1_I0_O)        0.124     3.067 f  u_accel/gen_nn_fractional.u_accel/fc1/FSM_onehot_state[2]_i_2__0/O
                         net (fo=21471, routed)       9.551    12.618    u_accel/gen_nn_fractional.u_accel/gen_hl2[6].hl2_lif/spike_prev_reg_0
    SLICE_X55Y10         FDCE                                         f  u_accel/gen_nn_fractional.u_accel/gen_hl2[6].hl2_lif/membrane_out_reg[20]/CLR
  -------------------------------------------------------------------    -------------------

                         (clock sys_clk_pin rise edge)
                                                      0.000     0.000 r  
    E3                                                0.000     0.000 r  CLK100MHZ (IN)
                         net (fo=0)                   0.000     0.000    CLK100MHZ
    E3                   IBUF (Prop_ibuf_I_O)         1.411     1.411 r  CLK100MHZ_IBUF_inst/O
                         net (fo=1, routed)           1.920     3.331    CLK100MHZ_IBUF
    BUFGCTRL_X0Y16       BUFG (Prop_bufg_I_O)         0.091     3.422 r  CLK100MHZ_IBUF_BUFG_inst/O
                         net (fo=21719, routed)       1.667     5.089    u_accel/gen_nn_fractional.u_accel/gen_hl2[6].hl2_lif/CLK100MHZ_IBUF_BUFG
    SLICE_X55Y10         FDCE                                         r  u_accel/gen_nn_fractional.u_accel/gen_hl2[6].hl2_lif/membrane_out_reg[20]/C

Slack:                    inf
  Source:                 CPU_RESETN
                            (input port)
  Destination:            u_accel/gen_nn_fractional.u_accel/gen_hl2[6].hl2_lif/membrane_out_reg[21]/CLR
                            (recovery check against rising-edge clock sys_clk_pin  {rise@0.000ns fall@5.000ns period=10.000ns})
  Path Group:             (none)
  Path Type:              Recovery (Max at Slow Process Corner)
  Data Path Delay:        12.618ns  (logic 1.631ns (12.926%)  route 10.987ns (87.074%))
  Logic Levels:           2  (IBUF=1 LUT1=1)
  Clock Path Skew:        5.089ns (DCD - SCD + CPR)
    Destination Clock Delay (DCD):    5.089ns
    Source Clock Delay      (SCD):    0.000ns
    Clock Pessimism Removal (CPR):    0.000ns
  Clock Uncertainty:      0.025ns  ((TSJ^2 + TIJ^2)^1/2 + DJ) / 2 + PE
    Total System Jitter     (TSJ):    0.050ns
    Total Input Jitter      (TIJ):    0.000ns
    Discrete Jitter          (DJ):    0.000ns
    Phase Error              (PE):    0.000ns

    Location             Delay type                Incr(ns)  Path(ns)    Netlist Resource(s)
  -------------------------------------------------------------------    -------------------
    C12                                               0.000     0.000 r  CPU_RESETN (IN)
                         net (fo=0)                   0.000     0.000    CPU_RESETN
    C12                  IBUF (Prop_ibuf_I_O)         1.507     1.507 r  CPU_RESETN_IBUF_inst/O
                         net (fo=24, routed)          1.436     2.943    u_accel/gen_nn_fractional.u_accel/fc1/CPU_RESETN_IBUF
    SLICE_X1Y140         LUT1 (Prop_lut1_I0_O)        0.124     3.067 f  u_accel/gen_nn_fractional.u_accel/fc1/FSM_onehot_state[2]_i_2__0/O
                         net (fo=21471, routed)       9.551    12.618    u_accel/gen_nn_fractional.u_accel/gen_hl2[6].hl2_lif/spike_prev_reg_0
    SLICE_X55Y10         FDCE                                         f  u_accel/gen_nn_fractional.u_accel/gen_hl2[6].hl2_lif/membrane_out_reg[21]/CLR
  -------------------------------------------------------------------    -------------------

                         (clock sys_clk_pin rise edge)
                                                      0.000     0.000 r  
    E3                                                0.000     0.000 r  CLK100MHZ (IN)
                         net (fo=0)                   0.000     0.000    CLK100MHZ
    E3                   IBUF (Prop_ibuf_I_O)         1.411     1.411 r  CLK100MHZ_IBUF_inst/O
                         net (fo=1, routed)           1.920     3.331    CLK100MHZ_IBUF
    BUFGCTRL_X0Y16       BUFG (Prop_bufg_I_O)         0.091     3.422 r  CLK100MHZ_IBUF_BUFG_inst/O
                         net (fo=21719, routed)       1.667     5.089    u_accel/gen_nn_fractional.u_accel/gen_hl2[6].hl2_lif/CLK100MHZ_IBUF_BUFG
    SLICE_X55Y10         FDCE                                         r  u_accel/gen_nn_fractional.u_accel/gen_hl2[6].hl2_lif/membrane_out_reg[21]/C

Slack:                    inf
  Source:                 CPU_RESETN
                            (input port)
  Destination:            u_accel/gen_nn_fractional.u_accel/gen_hl2[6].hl2_lif/membrane_out_reg[6]/CLR
                            (recovery check against rising-edge clock sys_clk_pin  {rise@0.000ns fall@5.000ns period=10.000ns})
  Path Group:             (none)
  Path Type:              Recovery (Max at Slow Process Corner)
  Data Path Delay:        12.618ns  (logic 1.631ns (12.926%)  route 10.987ns (87.074%))
  Logic Levels:           2  (IBUF=1 LUT1=1)
  Clock Path Skew:        5.089ns (DCD - SCD + CPR)
    Destination Clock Delay (DCD):    5.089ns
    Source Clock Delay      (SCD):    0.000ns
    Clock Pessimism Removal (CPR):    0.000ns
  Clock Uncertainty:      0.025ns  ((TSJ^2 + TIJ^2)^1/2 + DJ) / 2 + PE
    Total System Jitter     (TSJ):    0.050ns
    Total Input Jitter      (TIJ):    0.000ns
    Discrete Jitter          (DJ):    0.000ns
    Phase Error              (PE):    0.000ns

    Location             Delay type                Incr(ns)  Path(ns)    Netlist Resource(s)
  -------------------------------------------------------------------    -------------------
    C12                                               0.000     0.000 r  CPU_RESETN (IN)
                         net (fo=0)                   0.000     0.000    CPU_RESETN
    C12                  IBUF (Prop_ibuf_I_O)         1.507     1.507 r  CPU_RESETN_IBUF_inst/O
                         net (fo=24, routed)          1.436     2.943    u_accel/gen_nn_fractional.u_accel/fc1/CPU_RESETN_IBUF
    SLICE_X1Y140         LUT1 (Prop_lut1_I0_O)        0.124     3.067 f  u_accel/gen_nn_fractional.u_accel/fc1/FSM_onehot_state[2]_i_2__0/O
                         net (fo=21471, routed)       9.551    12.618    u_accel/gen_nn_fractional.u_accel/gen_hl2[6].hl2_lif/spike_prev_reg_0
    SLICE_X55Y10         FDCE                                         f  u_accel/gen_nn_fractional.u_accel/gen_hl2[6].hl2_lif/membrane_out_reg[6]/CLR
  -------------------------------------------------------------------    -------------------

                         (clock sys_clk_pin rise edge)
                                                      0.000     0.000 r  
    E3                                                0.000     0.000 r  CLK100MHZ (IN)
                         net (fo=0)                   0.000     0.000    CLK100MHZ
    E3                   IBUF (Prop_ibuf_I_O)         1.411     1.411 r  CLK100MHZ_IBUF_inst/O
                         net (fo=1, routed)           1.920     3.331    CLK100MHZ_IBUF
    BUFGCTRL_X0Y16       BUFG (Prop_bufg_I_O)         0.091     3.422 r  CLK100MHZ_IBUF_BUFG_inst/O
                         net (fo=21719, routed)       1.667     5.089    u_accel/gen_nn_fractional.u_accel/gen_hl2[6].hl2_lif/CLK100MHZ_IBUF_BUFG
    SLICE_X55Y10         FDCE                                         r  u_accel/gen_nn_fractional.u_accel/gen_hl2[6].hl2_lif/membrane_out_reg[6]/C

Slack:                    inf
  Source:                 CPU_RESETN
                            (input port)
  Destination:            u_accel/gen_nn_fractional.u_accel/gen_hl2[6].hl2_lif/membrane_out_reg[9]/CLR
                            (recovery check against rising-edge clock sys_clk_pin  {rise@0.000ns fall@5.000ns period=10.000ns})
  Path Group:             (none)
  Path Type:              Recovery (Max at Slow Process Corner)
  Data Path Delay:        12.618ns  (logic 1.631ns (12.926%)  route 10.987ns (87.074%))
  Logic Levels:           2  (IBUF=1 LUT1=1)
  Clock Path Skew:        5.089ns (DCD - SCD + CPR)
    Destination Clock Delay (DCD):    5.089ns
    Source Clock Delay      (SCD):    0.000ns
    Clock Pessimism Removal (CPR):    0.000ns
  Clock Uncertainty:      0.025ns  ((TSJ^2 + TIJ^2)^1/2 + DJ) / 2 + PE
    Total System Jitter     (TSJ):    0.050ns
    Total Input Jitter      (TIJ):    0.000ns
    Discrete Jitter          (DJ):    0.000ns
    Phase Error              (PE):    0.000ns

    Location             Delay type                Incr(ns)  Path(ns)    Netlist Resource(s)
  -------------------------------------------------------------------    -------------------
    C12                                               0.000     0.000 r  CPU_RESETN (IN)
                         net (fo=0)                   0.000     0.000    CPU_RESETN
    C12                  IBUF (Prop_ibuf_I_O)         1.507     1.507 r  CPU_RESETN_IBUF_inst/O
                         net (fo=24, routed)          1.436     2.943    u_accel/gen_nn_fractional.u_accel/fc1/CPU_RESETN_IBUF
    SLICE_X1Y140         LUT1 (Prop_lut1_I0_O)        0.124     3.067 f  u_accel/gen_nn_fractional.u_accel/fc1/FSM_onehot_state[2]_i_2__0/O
                         net (fo=21471, routed)       9.551    12.618    u_accel/gen_nn_fractional.u_accel/gen_hl2[6].hl2_lif/spike_prev_reg_0
    SLICE_X55Y10         FDCE                                         f  u_accel/gen_nn_fractional.u_accel/gen_hl2[6].hl2_lif/membrane_out_reg[9]/CLR
  -------------------------------------------------------------------    -------------------

                         (clock sys_clk_pin rise edge)
                                                      0.000     0.000 r  
    E3                                                0.000     0.000 r  CLK100MHZ (IN)
                         net (fo=0)                   0.000     0.000    CLK100MHZ
    E3                   IBUF (Prop_ibuf_I_O)         1.411     1.411 r  CLK100MHZ_IBUF_inst/O
                         net (fo=1, routed)           1.920     3.331    CLK100MHZ_IBUF
    BUFGCTRL_X0Y16       BUFG (Prop_bufg_I_O)         0.091     3.422 r  CLK100MHZ_IBUF_BUFG_inst/O
                         net (fo=21719, routed)       1.667     5.089    u_accel/gen_nn_fractional.u_accel/gen_hl2[6].hl2_lif/CLK100MHZ_IBUF_BUFG
    SLICE_X55Y10         FDCE                                         r  u_accel/gen_nn_fractional.u_accel/gen_hl2[6].hl2_lif/membrane_out_reg[9]/C

Slack:                    inf
  Source:                 CPU_RESETN
                            (input port)
  Destination:            u_accel/gen_nn_fractional.u_accel/q_accum/timestep_accum_reg[0][24]/CLR
                            (recovery check against rising-edge clock sys_clk_pin  {rise@0.000ns fall@5.000ns period=10.000ns})
  Path Group:             (none)
  Path Type:              Recovery (Max at Slow Process Corner)
  Data Path Delay:        12.618ns  (logic 1.631ns (12.926%)  route 10.987ns (87.074%))
  Logic Levels:           2  (IBUF=1 LUT1=1)
  Clock Path Skew:        5.089ns (DCD - SCD + CPR)
    Destination Clock Delay (DCD):    5.089ns
    Source Clock Delay      (SCD):    0.000ns
    Clock Pessimism Removal (CPR):    0.000ns
  Clock Uncertainty:      0.025ns  ((TSJ^2 + TIJ^2)^1/2 + DJ) / 2 + PE
    Total System Jitter     (TSJ):    0.050ns
    Total Input Jitter      (TIJ):    0.000ns
    Discrete Jitter          (DJ):    0.000ns
    Phase Error              (PE):    0.000ns

    Location             Delay type                Incr(ns)  Path(ns)    Netlist Resource(s)
  -------------------------------------------------------------------    -------------------
    C12                                               0.000     0.000 r  CPU_RESETN (IN)
                         net (fo=0)                   0.000     0.000    CPU_RESETN
    C12                  IBUF (Prop_ibuf_I_O)         1.507     1.507 r  CPU_RESETN_IBUF_inst/O
                         net (fo=24, routed)          1.436     2.943    u_accel/gen_nn_fractional.u_accel/fc1/CPU_RESETN_IBUF
    SLICE_X1Y140         LUT1 (Prop_lut1_I0_O)        0.124     3.067 f  u_accel/gen_nn_fractional.u_accel/fc1/FSM_onehot_state[2]_i_2__0/O
                         net (fo=21471, routed)       9.551    12.618    u_accel/gen_nn_fractional.u_accel/q_accum/done_reg_0
    SLICE_X54Y10         FDCE                                         f  u_accel/gen_nn_fractional.u_accel/q_accum/timestep_accum_reg[0][24]/CLR
  -------------------------------------------------------------------    -------------------

                         (clock sys_clk_pin rise edge)
                                                      0.000     0.000 r  
    E3                                                0.000     0.000 r  CLK100MHZ (IN)
                         net (fo=0)                   0.000     0.000    CLK100MHZ
    E3                   IBUF (Prop_ibuf_I_O)         1.411     1.411 r  CLK100MHZ_IBUF_inst/O
                         net (fo=1, routed)           1.920     3.331    CLK100MHZ_IBUF
    BUFGCTRL_X0Y16       BUFG (Prop_bufg_I_O)         0.091     3.422 r  CLK100MHZ_IBUF_BUFG_inst/O
                         net (fo=21719, routed)       1.667     5.089    u_accel/gen_nn_fractional.u_accel/q_accum/CLK100MHZ_IBUF_BUFG
    SLICE_X54Y10         FDCE                                         r  u_accel/gen_nn_fractional.u_accel/q_accum/timestep_accum_reg[0][24]/C

Slack:                    inf
  Source:                 CPU_RESETN
                            (input port)
  Destination:            timestep_accum_reg[1][23]_i_11/CLR
                            (recovery check against rising-edge clock sys_clk_pin  {rise@0.000ns fall@5.000ns period=10.000ns})
  Path Group:             (none)
  Path Type:              Recovery (Max at Slow Process Corner)
  Data Path Delay:        12.602ns  (logic 1.631ns (12.942%)  route 10.971ns (87.058%))
  Logic Levels:           2  (IBUF=1 LUT1=1)
  Clock Path Skew:        5.090ns (DCD - SCD + CPR)
    Destination Clock Delay (DCD):    5.090ns
    Source Clock Delay      (SCD):    0.000ns
    Clock Pessimism Removal (CPR):    0.000ns
  Clock Uncertainty:      0.025ns  ((TSJ^2 + TIJ^2)^1/2 + DJ) / 2 + PE
    Total System Jitter     (TSJ):    0.050ns
    Total Input Jitter      (TIJ):    0.000ns
    Discrete Jitter          (DJ):    0.000ns
    Phase Error              (PE):    0.000ns

    Location             Delay type                Incr(ns)  Path(ns)    Netlist Resource(s)
  -------------------------------------------------------------------    -------------------
    C12                                               0.000     0.000 r  CPU_RESETN (IN)
                         net (fo=0)                   0.000     0.000    CPU_RESETN
    C12                  IBUF (Prop_ibuf_I_O)         1.507     1.507 r  CPU_RESETN_IBUF_inst/O
                         net (fo=24, routed)          1.436     2.943    u_accel/gen_nn_fractional.u_accel/fc1/CPU_RESETN_IBUF
    SLICE_X1Y140         LUT1 (Prop_lut1_I0_O)        0.124     3.067 f  u_accel/gen_nn_fractional.u_accel/fc1/FSM_onehot_state[2]_i_2__0/O
                         net (fo=21471, routed)       9.535    12.602    reset_int
    SLICE_X59Y15         FDCE                                         f  timestep_accum_reg[1][23]_i_11/CLR
  -------------------------------------------------------------------    -------------------

                         (clock sys_clk_pin rise edge)
                                                      0.000     0.000 r  
    E3                                                0.000     0.000 r  CLK100MHZ (IN)
                         net (fo=0)                   0.000     0.000    CLK100MHZ
    E3                   IBUF (Prop_ibuf_I_O)         1.411     1.411 r  CLK100MHZ_IBUF_inst/O
                         net (fo=1, routed)           1.920     3.331    CLK100MHZ_IBUF
    BUFGCTRL_X0Y16       BUFG (Prop_bufg_I_O)         0.091     3.422 r  CLK100MHZ_IBUF_BUFG_inst/O
                         net (fo=21719, routed)       1.668     5.090    CLK100MHZ_IBUF_BUFG
    SLICE_X59Y15         FDCE                                         r  timestep_accum_reg[1][23]_i_11/C

Slack:                    inf
  Source:                 CPU_RESETN
                            (input port)
  Destination:            timestep_accum_reg[1][31]_i_11/CLR
                            (recovery check against rising-edge clock sys_clk_pin  {rise@0.000ns fall@5.000ns period=10.000ns})
  Path Group:             (none)
  Path Type:              Recovery (Max at Slow Process Corner)
  Data Path Delay:        12.602ns  (logic 1.631ns (12.942%)  route 10.971ns (87.058%))
  Logic Levels:           2  (IBUF=1 LUT1=1)
  Clock Path Skew:        5.090ns (DCD - SCD + CPR)
    Destination Clock Delay (DCD):    5.090ns
    Source Clock Delay      (SCD):    0.000ns
    Clock Pessimism Removal (CPR):    0.000ns
  Clock Uncertainty:      0.025ns  ((TSJ^2 + TIJ^2)^1/2 + DJ) / 2 + PE
    Total System Jitter     (TSJ):    0.050ns
    Total Input Jitter      (TIJ):    0.000ns
    Discrete Jitter          (DJ):    0.000ns
    Phase Error              (PE):    0.000ns

    Location             Delay type                Incr(ns)  Path(ns)    Netlist Resource(s)
  -------------------------------------------------------------------    -------------------
    C12                                               0.000     0.000 r  CPU_RESETN (IN)
                         net (fo=0)                   0.000     0.000    CPU_RESETN
    C12                  IBUF (Prop_ibuf_I_O)         1.507     1.507 r  CPU_RESETN_IBUF_inst/O
                         net (fo=24, routed)          1.436     2.943    u_accel/gen_nn_fractional.u_accel/fc1/CPU_RESETN_IBUF
    SLICE_X1Y140         LUT1 (Prop_lut1_I0_O)        0.124     3.067 f  u_accel/gen_nn_fractional.u_accel/fc1/FSM_onehot_state[2]_i_2__0/O
                         net (fo=21471, routed)       9.535    12.602    reset_int
    SLICE_X59Y15         FDCE                                         f  timestep_accum_reg[1][31]_i_11/CLR
  -------------------------------------------------------------------    -------------------

                         (clock sys_clk_pin rise edge)
                                                      0.000     0.000 r  
    E3                                                0.000     0.000 r  CLK100MHZ (IN)
                         net (fo=0)                   0.000     0.000    CLK100MHZ
    E3                   IBUF (Prop_ibuf_I_O)         1.411     1.411 r  CLK100MHZ_IBUF_inst/O
                         net (fo=1, routed)           1.920     3.331    CLK100MHZ_IBUF
    BUFGCTRL_X0Y16       BUFG (Prop_bufg_I_O)         0.091     3.422 r  CLK100MHZ_IBUF_BUFG_inst/O
                         net (fo=21719, routed)       1.668     5.090    CLK100MHZ_IBUF_BUFG
    SLICE_X59Y15         FDCE                                         r  timestep_accum_reg[1][31]_i_11/C

Slack:                    inf
  Source:                 CPU_RESETN
                            (input port)
  Destination:            u_accel/gen_nn_fractional.u_accel/q_accum/timestep_accum_reg[1][18]/CLR
                            (recovery check against rising-edge clock sys_clk_pin  {rise@0.000ns fall@5.000ns period=10.000ns})
  Path Group:             (none)
  Path Type:              Recovery (Max at Slow Process Corner)
  Data Path Delay:        12.602ns  (logic 1.631ns (12.942%)  route 10.971ns (87.058%))
  Logic Levels:           2  (IBUF=1 LUT1=1)
  Clock Path Skew:        5.090ns (DCD - SCD + CPR)
    Destination Clock Delay (DCD):    5.090ns
    Source Clock Delay      (SCD):    0.000ns
    Clock Pessimism Removal (CPR):    0.000ns
  Clock Uncertainty:      0.025ns  ((TSJ^2 + TIJ^2)^1/2 + DJ) / 2 + PE
    Total System Jitter     (TSJ):    0.050ns
    Total Input Jitter      (TIJ):    0.000ns
    Discrete Jitter          (DJ):    0.000ns
    Phase Error              (PE):    0.000ns

    Location             Delay type                Incr(ns)  Path(ns)    Netlist Resource(s)
  -------------------------------------------------------------------    -------------------
    C12                                               0.000     0.000 r  CPU_RESETN (IN)
                         net (fo=0)                   0.000     0.000    CPU_RESETN
    C12                  IBUF (Prop_ibuf_I_O)         1.507     1.507 r  CPU_RESETN_IBUF_inst/O
                         net (fo=24, routed)          1.436     2.943    u_accel/gen_nn_fractional.u_accel/fc1/CPU_RESETN_IBUF
    SLICE_X1Y140         LUT1 (Prop_lut1_I0_O)        0.124     3.067 f  u_accel/gen_nn_fractional.u_accel/fc1/FSM_onehot_state[2]_i_2__0/O
                         net (fo=21471, routed)       9.535    12.602    u_accel/gen_nn_fractional.u_accel/q_accum/done_reg_0
    SLICE_X58Y15         FDCE                                         f  u_accel/gen_nn_fractional.u_accel/q_accum/timestep_accum_reg[1][18]/CLR
  -------------------------------------------------------------------    -------------------

                         (clock sys_clk_pin rise edge)
                                                      0.000     0.000 r  
    E3                                                0.000     0.000 r  CLK100MHZ (IN)
                         net (fo=0)                   0.000     0.000    CLK100MHZ
    E3                   IBUF (Prop_ibuf_I_O)         1.411     1.411 r  CLK100MHZ_IBUF_inst/O
                         net (fo=1, routed)           1.920     3.331    CLK100MHZ_IBUF
    BUFGCTRL_X0Y16       BUFG (Prop_bufg_I_O)         0.091     3.422 r  CLK100MHZ_IBUF_BUFG_inst/O
                         net (fo=21719, routed)       1.668     5.090    u_accel/gen_nn_fractional.u_accel/q_accum/CLK100MHZ_IBUF_BUFG
    SLICE_X58Y15         FDCE                                         r  u_accel/gen_nn_fractional.u_accel/q_accum/timestep_accum_reg[1][18]/C

Slack:                    inf
  Source:                 CPU_RESETN
                            (input port)
  Destination:            u_accel/gen_nn_fractional.u_accel/q_accum/timestep_accum_reg[1][23]/CLR
                            (recovery check against rising-edge clock sys_clk_pin  {rise@0.000ns fall@5.000ns period=10.000ns})
  Path Group:             (none)
  Path Type:              Recovery (Max at Slow Process Corner)
  Data Path Delay:        12.602ns  (logic 1.631ns (12.942%)  route 10.971ns (87.058%))
  Logic Levels:           2  (IBUF=1 LUT1=1)
  Clock Path Skew:        5.090ns (DCD - SCD + CPR)
    Destination Clock Delay (DCD):    5.090ns
    Source Clock Delay      (SCD):    0.000ns
    Clock Pessimism Removal (CPR):    0.000ns
  Clock Uncertainty:      0.025ns  ((TSJ^2 + TIJ^2)^1/2 + DJ) / 2 + PE
    Total System Jitter     (TSJ):    0.050ns
    Total Input Jitter      (TIJ):    0.000ns
    Discrete Jitter          (DJ):    0.000ns
    Phase Error              (PE):    0.000ns

    Location             Delay type                Incr(ns)  Path(ns)    Netlist Resource(s)
  -------------------------------------------------------------------    -------------------
    C12                                               0.000     0.000 r  CPU_RESETN (IN)
                         net (fo=0)                   0.000     0.000    CPU_RESETN
    C12                  IBUF (Prop_ibuf_I_O)         1.507     1.507 r  CPU_RESETN_IBUF_inst/O
                         net (fo=24, routed)          1.436     2.943    u_accel/gen_nn_fractional.u_accel/fc1/CPU_RESETN_IBUF
    SLICE_X1Y140         LUT1 (Prop_lut1_I0_O)        0.124     3.067 f  u_accel/gen_nn_fractional.u_accel/fc1/FSM_onehot_state[2]_i_2__0/O
                         net (fo=21471, routed)       9.535    12.602    u_accel/gen_nn_fractional.u_accel/q_accum/done_reg_0
    SLICE_X58Y15         FDCE                                         f  u_accel/gen_nn_fractional.u_accel/q_accum/timestep_accum_reg[1][23]/CLR
  -------------------------------------------------------------------    -------------------

                         (clock sys_clk_pin rise edge)
                                                      0.000     0.000 r  
    E3                                                0.000     0.000 r  CLK100MHZ (IN)
                         net (fo=0)                   0.000     0.000    CLK100MHZ
    E3                   IBUF (Prop_ibuf_I_O)         1.411     1.411 r  CLK100MHZ_IBUF_inst/O
                         net (fo=1, routed)           1.920     3.331    CLK100MHZ_IBUF
    BUFGCTRL_X0Y16       BUFG (Prop_bufg_I_O)         0.091     3.422 r  CLK100MHZ_IBUF_BUFG_inst/O
                         net (fo=21719, routed)       1.668     5.090    u_accel/gen_nn_fractional.u_accel/q_accum/CLK100MHZ_IBUF_BUFG
    SLICE_X58Y15         FDCE                                         r  u_accel/gen_nn_fractional.u_accel/q_accum/timestep_accum_reg[1][23]/C

Slack:                    inf
  Source:                 CPU_RESETN
                            (input port)
  Destination:            u_accel/gen_nn_fractional.u_accel/gen_hl2[7].membrane_buf/membrane_storage_reg[5][10]/CLR
                            (recovery check against rising-edge clock sys_clk_pin  {rise@0.000ns fall@5.000ns period=10.000ns})
  Path Group:             (none)
  Path Type:              Recovery (Max at Slow Process Corner)
  Data Path Delay:        12.157ns  (logic 1.631ns (13.416%)  route 10.526ns (86.584%))
  Logic Levels:           2  (IBUF=1 LUT1=1)
  Clock Path Skew:        5.106ns (DCD - SCD + CPR)
    Destination Clock Delay (DCD):    5.106ns
    Source Clock Delay      (SCD):    0.000ns
    Clock Pessimism Removal (CPR):    0.000ns
  Clock Uncertainty:      0.025ns  ((TSJ^2 + TIJ^2)^1/2 + DJ) / 2 + PE
    Total System Jitter     (TSJ):    0.050ns
    Total Input Jitter      (TIJ):    0.000ns
    Discrete Jitter          (DJ):    0.000ns
    Phase Error              (PE):    0.000ns

    Location             Delay type                Incr(ns)  Path(ns)    Netlist Resource(s)
  -------------------------------------------------------------------    -------------------
    C12                                               0.000     0.000 r  CPU_RESETN (IN)
                         net (fo=0)                   0.000     0.000    CPU_RESETN
    C12                  IBUF (Prop_ibuf_I_O)         1.507     1.507 r  CPU_RESETN_IBUF_inst/O
                         net (fo=24, routed)          1.436     2.943    u_accel/gen_nn_fractional.u_accel/fc1/CPU_RESETN_IBUF
    SLICE_X1Y140         LUT1 (Prop_lut1_I0_O)        0.124     3.067 f  u_accel/gen_nn_fractional.u_accel/fc1/FSM_onehot_state[2]_i_2__0/O
                         net (fo=21471, routed)       9.090    12.157    u_accel/gen_nn_fractional.u_accel/gen_hl2[7].membrane_buf/membrane_storage_reg[9][0]_0
    SLICE_X38Y1          FDCE                                         f  u_accel/gen_nn_fractional.u_accel/gen_hl2[7].membrane_buf/membrane_storage_reg[5][10]/CLR
  -------------------------------------------------------------------    -------------------

                         (clock sys_clk_pin rise edge)
                                                      0.000     0.000 r  
    E3                                                0.000     0.000 r  CLK100MHZ (IN)
                         net (fo=0)                   0.000     0.000    CLK100MHZ
    E3                   IBUF (Prop_ibuf_I_O)         1.411     1.411 r  CLK100MHZ_IBUF_inst/O
                         net (fo=1, routed)           1.920     3.331    CLK100MHZ_IBUF
    BUFGCTRL_X0Y16       BUFG (Prop_bufg_I_O)         0.091     3.422 r  CLK100MHZ_IBUF_BUFG_inst/O
                         net (fo=21719, routed)       1.684     5.106    u_accel/gen_nn_fractional.u_accel/gen_hl2[7].membrane_buf/CLK100MHZ_IBUF_BUFG
    SLICE_X38Y1          FDCE                                         r  u_accel/gen_nn_fractional.u_accel/gen_hl2[7].membrane_buf/membrane_storage_reg[5][10]/C





Min Delay Paths
--------------------------------------------------------------------------------------
Slack:                    inf
  Source:                 CPU_RESETN
                            (input port)
  Destination:            u_accel/gen_nn_fractional.u_accel/gen_hl1_lif[25].hl1_lif/history_buffer_reg[1][12]/CLR
                            (removal check against rising-edge clock sys_clk_pin  {rise@0.000ns fall@5.000ns period=10.000ns})
  Path Group:             (none)
  Path Type:              Removal (Min at Fast Process Corner)
  Data Path Delay:        1.182ns  (logic 0.320ns (27.030%)  route 0.863ns (72.970%))
  Logic Levels:           2  (IBUF=1 LUT1=1)
  Clock Path Skew:        2.035ns (DCD - SCD - CPR)
    Destination Clock Delay (DCD):    2.035ns
    Source Clock Delay      (SCD):    0.000ns
    Clock Pessimism Removal (CPR):    -0.000ns

    Location             Delay type                Incr(ns)  Path(ns)    Netlist Resource(s)
  -------------------------------------------------------------------    -------------------
    C12                                               0.000     0.000 r  CPU_RESETN (IN)
                         net (fo=0)                   0.000     0.000    CPU_RESETN
    C12                  IBUF (Prop_ibuf_I_O)         0.275     0.275 r  CPU_RESETN_IBUF_inst/O
                         net (fo=24, routed)          0.561     0.836    u_accel/gen_nn_fractional.u_accel/fc1/CPU_RESETN_IBUF
    SLICE_X1Y140         LUT1 (Prop_lut1_I0_O)        0.045     0.881 f  u_accel/gen_nn_fractional.u_accel/fc1/FSM_onehot_state[2]_i_2__0/O
                         net (fo=21471, routed)       0.302     1.182    u_accel/gen_nn_fractional.u_accel/gen_hl1_lif[25].hl1_lif/spike_prev_reg_0
    SLICE_X2Y141         FDCE                                         f  u_accel/gen_nn_fractional.u_accel/gen_hl1_lif[25].hl1_lif/history_buffer_reg[1][12]/CLR
  -------------------------------------------------------------------    -------------------

                         (clock sys_clk_pin rise edge)
                                                      0.000     0.000 r  
    E3                                                0.000     0.000 r  CLK100MHZ (IN)
                         net (fo=0)                   0.000     0.000    CLK100MHZ
    E3                   IBUF (Prop_ibuf_I_O)         0.438     0.438 r  CLK100MHZ_IBUF_inst/O
                         net (fo=1, routed)           0.699     1.136    CLK100MHZ_IBUF
    BUFGCTRL_X0Y16       BUFG (Prop_bufg_I_O)         0.029     1.165 r  CLK100MHZ_IBUF_BUFG_inst/O
                         net (fo=21719, routed)       0.870     2.035    u_accel/gen_nn_fractional.u_accel/gen_hl1_lif[25].hl1_lif/CLK100MHZ_IBUF_BUFG
    SLICE_X2Y141         FDCE                                         r  u_accel/gen_nn_fractional.u_accel/gen_hl1_lif[25].hl1_lif/history_buffer_reg[1][12]/C

Slack:                    inf
  Source:                 CPU_RESETN
                            (input port)
  Destination:            u_accel/gen_nn_fractional.u_accel/gen_hl1_lif[25].hl1_lif/history_buffer_reg[1][14]/CLR
                            (removal check against rising-edge clock sys_clk_pin  {rise@0.000ns fall@5.000ns period=10.000ns})
  Path Group:             (none)
  Path Type:              Removal (Min at Fast Process Corner)
  Data Path Delay:        1.182ns  (logic 0.320ns (27.030%)  route 0.863ns (72.970%))
  Logic Levels:           2  (IBUF=1 LUT1=1)
  Clock Path Skew:        2.035ns (DCD - SCD - CPR)
    Destination Clock Delay (DCD):    2.035ns
    Source Clock Delay      (SCD):    0.000ns
    Clock Pessimism Removal (CPR):    -0.000ns

    Location             Delay type                Incr(ns)  Path(ns)    Netlist Resource(s)
  -------------------------------------------------------------------    -------------------
    C12                                               0.000     0.000 r  CPU_RESETN (IN)
                         net (fo=0)                   0.000     0.000    CPU_RESETN
    C12                  IBUF (Prop_ibuf_I_O)         0.275     0.275 r  CPU_RESETN_IBUF_inst/O
                         net (fo=24, routed)          0.561     0.836    u_accel/gen_nn_fractional.u_accel/fc1/CPU_RESETN_IBUF
    SLICE_X1Y140         LUT1 (Prop_lut1_I0_O)        0.045     0.881 f  u_accel/gen_nn_fractional.u_accel/fc1/FSM_onehot_state[2]_i_2__0/O
                         net (fo=21471, routed)       0.302     1.182    u_accel/gen_nn_fractional.u_accel/gen_hl1_lif[25].hl1_lif/spike_prev_reg_0
    SLICE_X2Y141         FDCE                                         f  u_accel/gen_nn_fractional.u_accel/gen_hl1_lif[25].hl1_lif/history_buffer_reg[1][14]/CLR
  -------------------------------------------------------------------    -------------------

                         (clock sys_clk_pin rise edge)
                                                      0.000     0.000 r  
    E3                                                0.000     0.000 r  CLK100MHZ (IN)
                         net (fo=0)                   0.000     0.000    CLK100MHZ
    E3                   IBUF (Prop_ibuf_I_O)         0.438     0.438 r  CLK100MHZ_IBUF_inst/O
                         net (fo=1, routed)           0.699     1.136    CLK100MHZ_IBUF
    BUFGCTRL_X0Y16       BUFG (Prop_bufg_I_O)         0.029     1.165 r  CLK100MHZ_IBUF_BUFG_inst/O
                         net (fo=21719, routed)       0.870     2.035    u_accel/gen_nn_fractional.u_accel/gen_hl1_lif[25].hl1_lif/CLK100MHZ_IBUF_BUFG
    SLICE_X2Y141         FDCE                                         r  u_accel/gen_nn_fractional.u_accel/gen_hl1_lif[25].hl1_lif/history_buffer_reg[1][14]/C

Slack:                    inf
  Source:                 CPU_RESETN
                            (input port)
  Destination:            u_accel/gen_nn_fractional.u_accel/gen_hl1_lif[25].hl1_lif/history_buffer_reg[1][15]/CLR
                            (removal check against rising-edge clock sys_clk_pin  {rise@0.000ns fall@5.000ns period=10.000ns})
  Path Group:             (none)
  Path Type:              Removal (Min at Fast Process Corner)
  Data Path Delay:        1.182ns  (logic 0.320ns (27.030%)  route 0.863ns (72.970%))
  Logic Levels:           2  (IBUF=1 LUT1=1)
  Clock Path Skew:        2.035ns (DCD - SCD - CPR)
    Destination Clock Delay (DCD):    2.035ns
    Source Clock Delay      (SCD):    0.000ns
    Clock Pessimism Removal (CPR):    -0.000ns

    Location             Delay type                Incr(ns)  Path(ns)    Netlist Resource(s)
  -------------------------------------------------------------------    -------------------
    C12                                               0.000     0.000 r  CPU_RESETN (IN)
                         net (fo=0)                   0.000     0.000    CPU_RESETN
    C12                  IBUF (Prop_ibuf_I_O)         0.275     0.275 r  CPU_RESETN_IBUF_inst/O
                         net (fo=24, routed)          0.561     0.836    u_accel/gen_nn_fractional.u_accel/fc1/CPU_RESETN_IBUF
    SLICE_X1Y140         LUT1 (Prop_lut1_I0_O)        0.045     0.881 f  u_accel/gen_nn_fractional.u_accel/fc1/FSM_onehot_state[2]_i_2__0/O
                         net (fo=21471, routed)       0.302     1.182    u_accel/gen_nn_fractional.u_accel/gen_hl1_lif[25].hl1_lif/spike_prev_reg_0
    SLICE_X2Y141         FDCE                                         f  u_accel/gen_nn_fractional.u_accel/gen_hl1_lif[25].hl1_lif/history_buffer_reg[1][15]/CLR
  -------------------------------------------------------------------    -------------------

                         (clock sys_clk_pin rise edge)
                                                      0.000     0.000 r  
    E3                                                0.000     0.000 r  CLK100MHZ (IN)
                         net (fo=0)                   0.000     0.000    CLK100MHZ
    E3                   IBUF (Prop_ibuf_I_O)         0.438     0.438 r  CLK100MHZ_IBUF_inst/O
                         net (fo=1, routed)           0.699     1.136    CLK100MHZ_IBUF
    BUFGCTRL_X0Y16       BUFG (Prop_bufg_I_O)         0.029     1.165 r  CLK100MHZ_IBUF_BUFG_inst/O
                         net (fo=21719, routed)       0.870     2.035    u_accel/gen_nn_fractional.u_accel/gen_hl1_lif[25].hl1_lif/CLK100MHZ_IBUF_BUFG
    SLICE_X2Y141         FDCE                                         r  u_accel/gen_nn_fractional.u_accel/gen_hl1_lif[25].hl1_lif/history_buffer_reg[1][15]/C

Slack:                    inf
  Source:                 CPU_RESETN
                            (input port)
  Destination:            u_accel/gen_nn_fractional.u_accel/gen_hl1_lif[25].hl1_lif/history_buffer_reg[1][16]/CLR
                            (removal check against rising-edge clock sys_clk_pin  {rise@0.000ns fall@5.000ns period=10.000ns})
  Path Group:             (none)
  Path Type:              Removal (Min at Fast Process Corner)
  Data Path Delay:        1.182ns  (logic 0.320ns (27.030%)  route 0.863ns (72.970%))
  Logic Levels:           2  (IBUF=1 LUT1=1)
  Clock Path Skew:        2.035ns (DCD - SCD - CPR)
    Destination Clock Delay (DCD):    2.035ns
    Source Clock Delay      (SCD):    0.000ns
    Clock Pessimism Removal (CPR):    -0.000ns

    Location             Delay type                Incr(ns)  Path(ns)    Netlist Resource(s)
  -------------------------------------------------------------------    -------------------
    C12                                               0.000     0.000 r  CPU_RESETN (IN)
                         net (fo=0)                   0.000     0.000    CPU_RESETN
    C12                  IBUF (Prop_ibuf_I_O)         0.275     0.275 r  CPU_RESETN_IBUF_inst/O
                         net (fo=24, routed)          0.561     0.836    u_accel/gen_nn_fractional.u_accel/fc1/CPU_RESETN_IBUF
    SLICE_X1Y140         LUT1 (Prop_lut1_I0_O)        0.045     0.881 f  u_accel/gen_nn_fractional.u_accel/fc1/FSM_onehot_state[2]_i_2__0/O
                         net (fo=21471, routed)       0.302     1.182    u_accel/gen_nn_fractional.u_accel/gen_hl1_lif[25].hl1_lif/spike_prev_reg_0
    SLICE_X2Y141         FDCE                                         f  u_accel/gen_nn_fractional.u_accel/gen_hl1_lif[25].hl1_lif/history_buffer_reg[1][16]/CLR
  -------------------------------------------------------------------    -------------------

                         (clock sys_clk_pin rise edge)
                                                      0.000     0.000 r  
    E3                                                0.000     0.000 r  CLK100MHZ (IN)
                         net (fo=0)                   0.000     0.000    CLK100MHZ
    E3                   IBUF (Prop_ibuf_I_O)         0.438     0.438 r  CLK100MHZ_IBUF_inst/O
                         net (fo=1, routed)           0.699     1.136    CLK100MHZ_IBUF
    BUFGCTRL_X0Y16       BUFG (Prop_bufg_I_O)         0.029     1.165 r  CLK100MHZ_IBUF_BUFG_inst/O
                         net (fo=21719, routed)       0.870     2.035    u_accel/gen_nn_fractional.u_accel/gen_hl1_lif[25].hl1_lif/CLK100MHZ_IBUF_BUFG
    SLICE_X2Y141         FDCE                                         r  u_accel/gen_nn_fractional.u_accel/gen_hl1_lif[25].hl1_lif/history_buffer_reg[1][16]/C

Slack:                    inf
  Source:                 CPU_RESETN
                            (input port)
  Destination:            u_accel/gen_nn_fractional.u_accel/gen_hl1_lif[25].hl1_lif/history_buffer_reg[1][17]/CLR
                            (removal check against rising-edge clock sys_clk_pin  {rise@0.000ns fall@5.000ns period=10.000ns})
  Path Group:             (none)
  Path Type:              Removal (Min at Fast Process Corner)
  Data Path Delay:        1.182ns  (logic 0.320ns (27.030%)  route 0.863ns (72.970%))
  Logic Levels:           2  (IBUF=1 LUT1=1)
  Clock Path Skew:        2.035ns (DCD - SCD - CPR)
    Destination Clock Delay (DCD):    2.035ns
    Source Clock Delay      (SCD):    0.000ns
    Clock Pessimism Removal (CPR):    -0.000ns

    Location             Delay type                Incr(ns)  Path(ns)    Netlist Resource(s)
  -------------------------------------------------------------------    -------------------
    C12                                               0.000     0.000 r  CPU_RESETN (IN)
                         net (fo=0)                   0.000     0.000    CPU_RESETN
    C12                  IBUF (Prop_ibuf_I_O)         0.275     0.275 r  CPU_RESETN_IBUF_inst/O
                         net (fo=24, routed)          0.561     0.836    u_accel/gen_nn_fractional.u_accel/fc1/CPU_RESETN_IBUF
    SLICE_X1Y140         LUT1 (Prop_lut1_I0_O)        0.045     0.881 f  u_accel/gen_nn_fractional.u_accel/fc1/FSM_onehot_state[2]_i_2__0/O
                         net (fo=21471, routed)       0.302     1.182    u_accel/gen_nn_fractional.u_accel/gen_hl1_lif[25].hl1_lif/spike_prev_reg_0
    SLICE_X2Y141         FDCE                                         f  u_accel/gen_nn_fractional.u_accel/gen_hl1_lif[25].hl1_lif/history_buffer_reg[1][17]/CLR
  -------------------------------------------------------------------    -------------------

                         (clock sys_clk_pin rise edge)
                                                      0.000     0.000 r  
    E3                                                0.000     0.000 r  CLK100MHZ (IN)
                         net (fo=0)                   0.000     0.000    CLK100MHZ
    E3                   IBUF (Prop_ibuf_I_O)         0.438     0.438 r  CLK100MHZ_IBUF_inst/O
                         net (fo=1, routed)           0.699     1.136    CLK100MHZ_IBUF
    BUFGCTRL_X0Y16       BUFG (Prop_bufg_I_O)         0.029     1.165 r  CLK100MHZ_IBUF_BUFG_inst/O
                         net (fo=21719, routed)       0.870     2.035    u_accel/gen_nn_fractional.u_accel/gen_hl1_lif[25].hl1_lif/CLK100MHZ_IBUF_BUFG
    SLICE_X2Y141         FDCE                                         r  u_accel/gen_nn_fractional.u_accel/gen_hl1_lif[25].hl1_lif/history_buffer_reg[1][17]/C

Slack:                    inf
  Source:                 CPU_RESETN
                            (input port)
  Destination:            u_accel/gen_nn_fractional.u_accel/gen_hl1_lif[25].hl1_lif/history_buffer_reg[1][19]/CLR
                            (removal check against rising-edge clock sys_clk_pin  {rise@0.000ns fall@5.000ns period=10.000ns})
  Path Group:             (none)
  Path Type:              Removal (Min at Fast Process Corner)
  Data Path Delay:        1.182ns  (logic 0.320ns (27.030%)  route 0.863ns (72.970%))
  Logic Levels:           2  (IBUF=1 LUT1=1)
  Clock Path Skew:        2.035ns (DCD - SCD - CPR)
    Destination Clock Delay (DCD):    2.035ns
    Source Clock Delay      (SCD):    0.000ns
    Clock Pessimism Removal (CPR):    -0.000ns

    Location             Delay type                Incr(ns)  Path(ns)    Netlist Resource(s)
  -------------------------------------------------------------------    -------------------
    C12                                               0.000     0.000 r  CPU_RESETN (IN)
                         net (fo=0)                   0.000     0.000    CPU_RESETN
    C12                  IBUF (Prop_ibuf_I_O)         0.275     0.275 r  CPU_RESETN_IBUF_inst/O
                         net (fo=24, routed)          0.561     0.836    u_accel/gen_nn_fractional.u_accel/fc1/CPU_RESETN_IBUF
    SLICE_X1Y140         LUT1 (Prop_lut1_I0_O)        0.045     0.881 f  u_accel/gen_nn_fractional.u_accel/fc1/FSM_onehot_state[2]_i_2__0/O
                         net (fo=21471, routed)       0.302     1.182    u_accel/gen_nn_fractional.u_accel/gen_hl1_lif[25].hl1_lif/spike_prev_reg_0
    SLICE_X2Y141         FDCE                                         f  u_accel/gen_nn_fractional.u_accel/gen_hl1_lif[25].hl1_lif/history_buffer_reg[1][19]/CLR
  -------------------------------------------------------------------    -------------------

                         (clock sys_clk_pin rise edge)
                                                      0.000     0.000 r  
    E3                                                0.000     0.000 r  CLK100MHZ (IN)
                         net (fo=0)                   0.000     0.000    CLK100MHZ
    E3                   IBUF (Prop_ibuf_I_O)         0.438     0.438 r  CLK100MHZ_IBUF_inst/O
                         net (fo=1, routed)           0.699     1.136    CLK100MHZ_IBUF
    BUFGCTRL_X0Y16       BUFG (Prop_bufg_I_O)         0.029     1.165 r  CLK100MHZ_IBUF_BUFG_inst/O
                         net (fo=21719, routed)       0.870     2.035    u_accel/gen_nn_fractional.u_accel/gen_hl1_lif[25].hl1_lif/CLK100MHZ_IBUF_BUFG
    SLICE_X2Y141         FDCE                                         r  u_accel/gen_nn_fractional.u_accel/gen_hl1_lif[25].hl1_lif/history_buffer_reg[1][19]/C

Slack:                    inf
  Source:                 CPU_RESETN
                            (input port)
  Destination:            u_accel/gen_nn_fractional.u_accel/gen_hl1_lif[25].hl1_lif/history_buffer_reg[2][14]/CLR
                            (removal check against rising-edge clock sys_clk_pin  {rise@0.000ns fall@5.000ns period=10.000ns})
  Path Group:             (none)
  Path Type:              Removal (Min at Fast Process Corner)
  Data Path Delay:        1.182ns  (logic 0.320ns (27.030%)  route 0.863ns (72.970%))
  Logic Levels:           2  (IBUF=1 LUT1=1)
  Clock Path Skew:        2.035ns (DCD - SCD - CPR)
    Destination Clock Delay (DCD):    2.035ns
    Source Clock Delay      (SCD):    0.000ns
    Clock Pessimism Removal (CPR):    -0.000ns

    Location             Delay type                Incr(ns)  Path(ns)    Netlist Resource(s)
  -------------------------------------------------------------------    -------------------
    C12                                               0.000     0.000 r  CPU_RESETN (IN)
                         net (fo=0)                   0.000     0.000    CPU_RESETN
    C12                  IBUF (Prop_ibuf_I_O)         0.275     0.275 r  CPU_RESETN_IBUF_inst/O
                         net (fo=24, routed)          0.561     0.836    u_accel/gen_nn_fractional.u_accel/fc1/CPU_RESETN_IBUF
    SLICE_X1Y140         LUT1 (Prop_lut1_I0_O)        0.045     0.881 f  u_accel/gen_nn_fractional.u_accel/fc1/FSM_onehot_state[2]_i_2__0/O
                         net (fo=21471, routed)       0.302     1.182    u_accel/gen_nn_fractional.u_accel/gen_hl1_lif[25].hl1_lif/spike_prev_reg_0
    SLICE_X3Y141         FDCE                                         f  u_accel/gen_nn_fractional.u_accel/gen_hl1_lif[25].hl1_lif/history_buffer_reg[2][14]/CLR
  -------------------------------------------------------------------    -------------------

                         (clock sys_clk_pin rise edge)
                                                      0.000     0.000 r  
    E3                                                0.000     0.000 r  CLK100MHZ (IN)
                         net (fo=0)                   0.000     0.000    CLK100MHZ
    E3                   IBUF (Prop_ibuf_I_O)         0.438     0.438 r  CLK100MHZ_IBUF_inst/O
                         net (fo=1, routed)           0.699     1.136    CLK100MHZ_IBUF
    BUFGCTRL_X0Y16       BUFG (Prop_bufg_I_O)         0.029     1.165 r  CLK100MHZ_IBUF_BUFG_inst/O
                         net (fo=21719, routed)       0.870     2.035    u_accel/gen_nn_fractional.u_accel/gen_hl1_lif[25].hl1_lif/CLK100MHZ_IBUF_BUFG
    SLICE_X3Y141         FDCE                                         r  u_accel/gen_nn_fractional.u_accel/gen_hl1_lif[25].hl1_lif/history_buffer_reg[2][14]/C

Slack:                    inf
  Source:                 CPU_RESETN
                            (input port)
  Destination:            u_accel/gen_nn_fractional.u_accel/gen_hl1_lif[25].hl1_lif/history_buffer_reg[2][15]/CLR
                            (removal check against rising-edge clock sys_clk_pin  {rise@0.000ns fall@5.000ns period=10.000ns})
  Path Group:             (none)
  Path Type:              Removal (Min at Fast Process Corner)
  Data Path Delay:        1.182ns  (logic 0.320ns (27.030%)  route 0.863ns (72.970%))
  Logic Levels:           2  (IBUF=1 LUT1=1)
  Clock Path Skew:        2.035ns (DCD - SCD - CPR)
    Destination Clock Delay (DCD):    2.035ns
    Source Clock Delay      (SCD):    0.000ns
    Clock Pessimism Removal (CPR):    -0.000ns

    Location             Delay type                Incr(ns)  Path(ns)    Netlist Resource(s)
  -------------------------------------------------------------------    -------------------
    C12                                               0.000     0.000 r  CPU_RESETN (IN)
                         net (fo=0)                   0.000     0.000    CPU_RESETN
    C12                  IBUF (Prop_ibuf_I_O)         0.275     0.275 r  CPU_RESETN_IBUF_inst/O
                         net (fo=24, routed)          0.561     0.836    u_accel/gen_nn_fractional.u_accel/fc1/CPU_RESETN_IBUF
    SLICE_X1Y140         LUT1 (Prop_lut1_I0_O)        0.045     0.881 f  u_accel/gen_nn_fractional.u_accel/fc1/FSM_onehot_state[2]_i_2__0/O
                         net (fo=21471, routed)       0.302     1.182    u_accel/gen_nn_fractional.u_accel/gen_hl1_lif[25].hl1_lif/spike_prev_reg_0
    SLICE_X3Y141         FDCE                                         f  u_accel/gen_nn_fractional.u_accel/gen_hl1_lif[25].hl1_lif/history_buffer_reg[2][15]/CLR
  -------------------------------------------------------------------    -------------------

                         (clock sys_clk_pin rise edge)
                                                      0.000     0.000 r  
    E3                                                0.000     0.000 r  CLK100MHZ (IN)
                         net (fo=0)                   0.000     0.000    CLK100MHZ
    E3                   IBUF (Prop_ibuf_I_O)         0.438     0.438 r  CLK100MHZ_IBUF_inst/O
                         net (fo=1, routed)           0.699     1.136    CLK100MHZ_IBUF
    BUFGCTRL_X0Y16       BUFG (Prop_bufg_I_O)         0.029     1.165 r  CLK100MHZ_IBUF_BUFG_inst/O
                         net (fo=21719, routed)       0.870     2.035    u_accel/gen_nn_fractional.u_accel/gen_hl1_lif[25].hl1_lif/CLK100MHZ_IBUF_BUFG
    SLICE_X3Y141         FDCE                                         r  u_accel/gen_nn_fractional.u_accel/gen_hl1_lif[25].hl1_lif/history_buffer_reg[2][15]/C

Slack:                    inf
  Source:                 CPU_RESETN
                            (input port)
  Destination:            u_accel/gen_nn_fractional.u_accel/gen_hl1_lif[25].hl1_lif/history_buffer_reg[2][16]/CLR
                            (removal check against rising-edge clock sys_clk_pin  {rise@0.000ns fall@5.000ns period=10.000ns})
  Path Group:             (none)
  Path Type:              Removal (Min at Fast Process Corner)
  Data Path Delay:        1.182ns  (logic 0.320ns (27.030%)  route 0.863ns (72.970%))
  Logic Levels:           2  (IBUF=1 LUT1=1)
  Clock Path Skew:        2.035ns (DCD - SCD - CPR)
    Destination Clock Delay (DCD):    2.035ns
    Source Clock Delay      (SCD):    0.000ns
    Clock Pessimism Removal (CPR):    -0.000ns

    Location             Delay type                Incr(ns)  Path(ns)    Netlist Resource(s)
  -------------------------------------------------------------------    -------------------
    C12                                               0.000     0.000 r  CPU_RESETN (IN)
                         net (fo=0)                   0.000     0.000    CPU_RESETN
    C12                  IBUF (Prop_ibuf_I_O)         0.275     0.275 r  CPU_RESETN_IBUF_inst/O
                         net (fo=24, routed)          0.561     0.836    u_accel/gen_nn_fractional.u_accel/fc1/CPU_RESETN_IBUF
    SLICE_X1Y140         LUT1 (Prop_lut1_I0_O)        0.045     0.881 f  u_accel/gen_nn_fractional.u_accel/fc1/FSM_onehot_state[2]_i_2__0/O
                         net (fo=21471, routed)       0.302     1.182    u_accel/gen_nn_fractional.u_accel/gen_hl1_lif[25].hl1_lif/spike_prev_reg_0
    SLICE_X3Y141         FDCE                                         f  u_accel/gen_nn_fractional.u_accel/gen_hl1_lif[25].hl1_lif/history_buffer_reg[2][16]/CLR
  -------------------------------------------------------------------    -------------------

                         (clock sys_clk_pin rise edge)
                                                      0.000     0.000 r  
    E3                                                0.000     0.000 r  CLK100MHZ (IN)
                         net (fo=0)                   0.000     0.000    CLK100MHZ
    E3                   IBUF (Prop_ibuf_I_O)         0.438     0.438 r  CLK100MHZ_IBUF_inst/O
                         net (fo=1, routed)           0.699     1.136    CLK100MHZ_IBUF
    BUFGCTRL_X0Y16       BUFG (Prop_bufg_I_O)         0.029     1.165 r  CLK100MHZ_IBUF_BUFG_inst/O
                         net (fo=21719, routed)       0.870     2.035    u_accel/gen_nn_fractional.u_accel/gen_hl1_lif[25].hl1_lif/CLK100MHZ_IBUF_BUFG
    SLICE_X3Y141         FDCE                                         r  u_accel/gen_nn_fractional.u_accel/gen_hl1_lif[25].hl1_lif/history_buffer_reg[2][16]/C

Slack:                    inf
  Source:                 CPU_RESETN
                            (input port)
  Destination:            u_accel/gen_nn_fractional.u_accel/gen_hl1_lif[25].hl1_lif/history_buffer_reg[2][17]/CLR
                            (removal check against rising-edge clock sys_clk_pin  {rise@0.000ns fall@5.000ns period=10.000ns})
  Path Group:             (none)
  Path Type:              Removal (Min at Fast Process Corner)
  Data Path Delay:        1.182ns  (logic 0.320ns (27.030%)  route 0.863ns (72.970%))
  Logic Levels:           2  (IBUF=1 LUT1=1)
  Clock Path Skew:        2.035ns (DCD - SCD - CPR)
    Destination Clock Delay (DCD):    2.035ns
    Source Clock Delay      (SCD):    0.000ns
    Clock Pessimism Removal (CPR):    -0.000ns

    Location             Delay type                Incr(ns)  Path(ns)    Netlist Resource(s)
  -------------------------------------------------------------------    -------------------
    C12                                               0.000     0.000 r  CPU_RESETN (IN)
                         net (fo=0)                   0.000     0.000    CPU_RESETN
    C12                  IBUF (Prop_ibuf_I_O)         0.275     0.275 r  CPU_RESETN_IBUF_inst/O
                         net (fo=24, routed)          0.561     0.836    u_accel/gen_nn_fractional.u_accel/fc1/CPU_RESETN_IBUF
    SLICE_X1Y140         LUT1 (Prop_lut1_I0_O)        0.045     0.881 f  u_accel/gen_nn_fractional.u_accel/fc1/FSM_onehot_state[2]_i_2__0/O
                         net (fo=21471, routed)       0.302     1.182    u_accel/gen_nn_fractional.u_accel/gen_hl1_lif[25].hl1_lif/spike_prev_reg_0
    SLICE_X3Y141         FDCE                                         f  u_accel/gen_nn_fractional.u_accel/gen_hl1_lif[25].hl1_lif/history_buffer_reg[2][17]/CLR
  -------------------------------------------------------------------    -------------------

                         (clock sys_clk_pin rise edge)
                                                      0.000     0.000 r  
    E3                                                0.000     0.000 r  CLK100MHZ (IN)
                         net (fo=0)                   0.000     0.000    CLK100MHZ
    E3                   IBUF (Prop_ibuf_I_O)         0.438     0.438 r  CLK100MHZ_IBUF_inst/O
                         net (fo=1, routed)           0.699     1.136    CLK100MHZ_IBUF
    BUFGCTRL_X0Y16       BUFG (Prop_bufg_I_O)         0.029     1.165 r  CLK100MHZ_IBUF_BUFG_inst/O
                         net (fo=21719, routed)       0.870     2.035    u_accel/gen_nn_fractional.u_accel/gen_hl1_lif[25].hl1_lif/CLK100MHZ_IBUF_BUFG
    SLICE_X3Y141         FDCE                                         r  u_accel/gen_nn_fractional.u_accel/gen_hl1_lif[25].hl1_lif/history_buffer_reg[2][17]/C





