Copyright 1986-2022 Xilinx, Inc. All Rights Reserved. Copyright 2022-2025 Advanced Micro Devices, Inc. All Rights Reserved.
---------------------------------------------------------------------------------------------------------------------------------------------------------------------------------------------------------------------------------------------------------------------
| Tool Version : Vivado v.2025.1 (lin64) Build 6140274 Wed May 21 22:58:25 MDT 2025
| Date         : Mon May 25 12:32:59 2026
| Host         : niklas.ece.pdx.edu running 64-bit Pop!_OS 22.04 LTS
| Command      : report_timing_summary -max_paths 10 -routable_nets -report_unconstrained -file board_top_lif_32_32_timing_summary_routed.rpt -pb board_top_lif_32_32_timing_summary_routed.pb -rpx board_top_lif_32_32_timing_summary_routed.rpx -warn_on_violation
| Design       : board_top_lif_32_32
| Device       : 7a100t-csg324
| Speed File   : -1  PRODUCTION 1.23 2018-06-13
| Design State : Routed
---------------------------------------------------------------------------------------------------------------------------------------------------------------------------------------------------------------------------------------------------------------------

Timing Summary Report

------------------------------------------------------------------------------------------------
| Timer Settings
| --------------
------------------------------------------------------------------------------------------------

  Enable Multi Corner Analysis               :  Yes
  Enable Pessimism Removal                   :  Yes
  Pessimism Removal Resolution               :  Nearest Common Node
  Enable Input Delay Default Clock           :  No
  Enable Preset / Clear Arcs                 :  No
  Disable Flight Delays                      :  No
  Ignore I/O Paths                           :  No
  Timing Early Launch at Borrowing Latches   :  No
  Borrow Time for Max Delay Exceptions       :  Yes
  Merge Timing Exceptions                    :  Yes
  Inter-SLR Compensation                     :  Conservative

  Corner  Analyze    Analyze    
  Name    Max Paths  Min Paths  
  ------  ---------  ---------  
  Slow    Yes        Yes        
  Fast    Yes        Yes        


------------------------------------------------------------------------------------------------
| Report Methodology
| ------------------
------------------------------------------------------------------------------------------------

Rule       Severity  Description                    Violations  
---------  --------  -----------------------------  ----------  
DPIR-1     Warning   Asynchronous driver check      3840        
TIMING-18  Warning   Missing input or output delay  19          

Note: This report is based on the most recent report_methodology run and may not be up-to-date. Run report_methodology on the current design for the latest report.



check_timing report

Table of Contents
-----------------
1. checking no_clock (0)
2. checking constant_clock (0)
3. checking pulse_width_clock (0)
4. checking unconstrained_internal_endpoints (0)
5. checking no_input_delay (2)
6. checking no_output_delay (4)
7. checking multiple_clock (0)
8. checking generated_clocks (0)
9. checking loops (0)
10. checking partial_input_delay (0)
11. checking partial_output_delay (0)
12. checking latch_loops (0)

1. checking no_clock (0)
------------------------
 There are 0 register/latch pins with no clock.


2. checking constant_clock (0)
------------------------------
 There are 0 register/latch pins with constant_clock.


3. checking pulse_width_clock (0)
---------------------------------
 There are 0 register/latch pins which need pulse_width check


4. checking unconstrained_internal_endpoints (0)
------------------------------------------------
 There are 0 pins that are not constrained for maximum delay.

 There are 0 pins that are not constrained for maximum delay due to constant clock.


5. checking no_input_delay (2)
------------------------------
 There are 2 input ports with no input delay specified. (HIGH)

 There are 0 input ports with no input delay but user has a false path constraint.


6. checking no_output_delay (4)
-------------------------------
 There are 4 ports with no output delay specified. (HIGH)

 There are 0 ports with no output delay but user has a false path constraint

 There are 0 ports with no output delay but with a timing clock defined on it or propagating through it


7. checking multiple_clock (0)
------------------------------
 There are 0 register/latch pins with multiple clocks.


8. checking generated_clocks (0)
--------------------------------
 There are 0 generated clocks that are not connected to a clock source.


9. checking loops (0)
---------------------
 There are 0 combinational loops in the design.


10. checking partial_input_delay (0)
------------------------------------
 There are 0 input ports with partial input delay specified.


11. checking partial_output_delay (0)
-------------------------------------
 There are 0 ports with partial output delay specified.


12. checking latch_loops (0)
----------------------------
 There are 0 combinational latch loops in the design through latch input



------------------------------------------------------------------------------------------------
| Design Timing Summary
| ---------------------
------------------------------------------------------------------------------------------------

    WNS(ns)      TNS(ns)  TNS Failing Endpoints  TNS Total Endpoints      WHS(ns)      THS(ns)  THS Failing Endpoints  THS Total Endpoints     WPWS(ns)     TPWS(ns)  TPWS Failing Endpoints  TPWS Total Endpoints  
    -------      -------  ---------------------  -------------------      -------      -------  ---------------------  -------------------     --------     --------  ----------------------  --------------------  
      0.049        0.000                      0                42398        0.041        0.000                      0                42398        4.500        0.000                       0                 21493  


All user specified timing constraints are met.


------------------------------------------------------------------------------------------------
| Clock Summary
| -------------
------------------------------------------------------------------------------------------------

Clock        Waveform(ns)       Period(ns)      Frequency(MHz)
-----        ------------       ----------      --------------
sys_clk_pin  {0.000 5.000}      10.000          100.000         


------------------------------------------------------------------------------------------------
| Intra Clock Table
| -----------------
------------------------------------------------------------------------------------------------

Clock             WNS(ns)      TNS(ns)  TNS Failing Endpoints  TNS Total Endpoints      WHS(ns)      THS(ns)  THS Failing Endpoints  THS Total Endpoints     WPWS(ns)     TPWS(ns)  TPWS Failing Endpoints  TPWS Total Endpoints  
-----             -------      -------  ---------------------  -------------------      -------      -------  ---------------------  -------------------     --------     --------  ----------------------  --------------------  
sys_clk_pin         0.049        0.000                      0                42398        0.041        0.000                      0                42398        4.500        0.000                       0                 21493  


------------------------------------------------------------------------------------------------
| Inter Clock Table
| -----------------
------------------------------------------------------------------------------------------------

From Clock    To Clock          WNS(ns)      TNS(ns)  TNS Failing Endpoints  TNS Total Endpoints      WHS(ns)      THS(ns)  THS Failing Endpoints  THS Total Endpoints  
----------    --------          -------      -------  ---------------------  -------------------      -------      -------  ---------------------  -------------------  


------------------------------------------------------------------------------------------------
| Other Path Groups Table
| -----------------------
------------------------------------------------------------------------------------------------

Path Group    From Clock    To Clock          WNS(ns)      TNS(ns)  TNS Failing Endpoints  TNS Total Endpoints      WHS(ns)      THS(ns)  THS Failing Endpoints  THS Total Endpoints  
----------    ----------    --------          -------      -------  ---------------------  -------------------      -------      -------  ---------------------  -------------------  


------------------------------------------------------------------------------------------------
| User Ignored Path Table
| -----------------------
------------------------------------------------------------------------------------------------

Path Group    From Clock    To Clock    
----------    ----------    --------    


------------------------------------------------------------------------------------------------
| Unconstrained Path Table
| ------------------------
------------------------------------------------------------------------------------------------

Path Group    From Clock    To Clock    
----------    ----------    --------    
(none)        sys_clk_pin                 
(none)                      sys_clk_pin   


------------------------------------------------------------------------------------------------
| Timing Details
| --------------
------------------------------------------------------------------------------------------------


---------------------------------------------------------------------------------------------------
From Clock:  sys_clk_pin
  To Clock:  sys_clk_pin

Setup :            0  Failing Endpoints,  Worst Slack        0.049ns,  Total Violation        0.000ns
Hold  :            0  Failing Endpoints,  Worst Slack        0.041ns,  Total Violation        0.000ns
PW    :            0  Failing Endpoints,  Worst Slack        4.500ns,  Total Violation        0.000ns
---------------------------------------------------------------------------------------------------


Max Delay Paths
--------------------------------------------------------------------------------------
Slack (MET) :             0.049ns  (required time - arrival time)
  Source:                 u_accel/gen_nn_standard.u_accel/gen_hl1_lif[12].hl1_lif/membrane_potential_reg[22]/C
                            (rising edge-triggered cell FDCE clocked by sys_clk_pin  {rise@0.000ns fall@5.000ns period=10.000ns})
  Destination:            u_accel/gen_nn_standard.u_accel/gen_hl1_lif[12].hl1_lif/spike_prev_reg/D
                            (rising edge-triggered cell FDCE clocked by sys_clk_pin  {rise@0.000ns fall@5.000ns period=10.000ns})
  Path Group:             sys_clk_pin
  Path Type:              Setup (Max at Slow Process Corner)
  Requirement:            10.000ns  (sys_clk_pin rise@10.000ns - sys_clk_pin rise@0.000ns)
  Data Path Delay:        9.897ns  (logic 6.271ns (63.365%)  route 3.626ns (36.635%))
  Logic Levels:           7  (CARRY4=3 DSP48E1=1 LUT2=2 LUT3=1)
  Clock Path Skew:        -0.050ns (DCD - SCD + CPR)
    Destination Clock Delay (DCD):    5.005ns = ( 15.005 - 10.000 ) 
    Source Clock Delay      (SCD):    5.314ns
    Clock Pessimism Removal (CPR):    0.259ns
  Clock Uncertainty:      0.035ns  ((TSJ^2 + TIJ^2)^1/2 + DJ) / 2 + PE
    Total System Jitter     (TSJ):    0.071ns
    Total Input Jitter      (TIJ):    0.000ns
    Discrete Jitter          (DJ):    0.000ns
    Phase Error              (PE):    0.000ns

    Location             Delay type                Incr(ns)  Path(ns)    Netlist Resource(s)
  -------------------------------------------------------------------    -------------------
                         (clock sys_clk_pin rise edge)
                                                      0.000     0.000 r  
    E3                                                0.000     0.000 r  CLK100MHZ (IN)
                         net (fo=0)                   0.000     0.000    CLK100MHZ
    E3                   IBUF (Prop_ibuf_I_O)         1.482     1.482 r  CLK100MHZ_IBUF_inst/O
                         net (fo=1, routed)           2.025     3.506    CLK100MHZ_IBUF
    BUFGCTRL_X0Y16       BUFG (Prop_bufg_I_O)         0.096     3.602 r  CLK100MHZ_IBUF_BUFG_inst/O
                         net (fo=21494, routed)       1.711     5.314    u_accel/gen_nn_standard.u_accel/gen_hl1_lif[12].hl1_lif/CLK100MHZ_IBUF_BUFG
    SLICE_X80Y70         FDCE                                         r  u_accel/gen_nn_standard.u_accel/gen_hl1_lif[12].hl1_lif/membrane_potential_reg[22]/C
  -------------------------------------------------------------------    -------------------
    SLICE_X80Y70         FDCE (Prop_fdce_C_Q)         0.478     5.792 r  u_accel/gen_nn_standard.u_accel/gen_hl1_lif[12].hl1_lif/membrane_potential_reg[22]/Q
                         net (fo=1, routed)           0.688     6.480    u_accel/gen_nn_standard.u_accel/gen_hl1_lif[12].hl1_lif/membrane_potential_reg_n_0_[22]
    DSP48_X2Y28          DSP48E1 (Prop_dsp48e1_A[22]_P[22])
                                                      4.018    10.498 r  u_accel/gen_nn_standard.u_accel/gen_hl1_lif[12].hl1_lif/membrane_potential3/P[22]
                         net (fo=3, routed)           1.220    11.718    u_accel/gen_nn_standard.u_accel/gen_hl1_lif[12].hl1_lif/membrane_potential3_0[1]
    SLICE_X79Y75         LUT3 (Prop_lut3_I1_O)        0.124    11.842 r  u_accel/gen_nn_standard.u_accel/gen_hl1_lif[12].hl1_lif/membrane_potential[19]_i_7__44/O
                         net (fo=1, routed)           0.000    11.842    u_accel/gen_nn_standard.u_accel/gen_hl1_lif[12].hl1_lif/membrane_potential[19]_i_7__44_n_0
    SLICE_X79Y75         CARRY4 (Prop_carry4_S[0]_CO[3])
                                                      0.532    12.374 r  u_accel/gen_nn_standard.u_accel/gen_hl1_lif[12].hl1_lif/membrane_potential_reg[19]_i_2__44/CO[3]
                         net (fo=1, routed)           0.000    12.374    u_accel/gen_nn_standard.u_accel/gen_hl1_lif[12].hl1_lif/membrane_potential_reg[19]_i_2__44_n_0
    SLICE_X79Y76         CARRY4 (Prop_carry4_CI_O[3])
                                                      0.313    12.687 f  u_accel/gen_nn_standard.u_accel/gen_hl1_lif[12].hl1_lif/membrane_potential_reg[23]_i_2__42/O[3]
                         net (fo=3, routed)           0.947    13.634    u_accel/gen_nn_standard.u_accel/gen_hl1_lif[12].hl1_lif/membrane_potential0[23]
    SLICE_X80Y73         LUT2 (Prop_lut2_I1_O)        0.306    13.940 r  u_accel/gen_nn_standard.u_accel/gen_hl1_lif[12].hl1_lif/spike_prev_i_8__44/O
                         net (fo=1, routed)           0.000    13.940    u_accel/gen_nn_standard.u_accel/gen_hl1_lif[12].hl1_lif/spike_prev_i_8__44_n_0
    SLICE_X80Y73         CARRY4 (Prop_carry4_S[3]_CO[3])
                                                      0.376    14.316 r  u_accel/gen_nn_standard.u_accel/gen_hl1_lif[12].hl1_lif/spike_prev_reg_i_2__44/CO[3]
                         net (fo=1, routed)           0.770    15.086    u_accel/gen_nn_standard.u_accel/gen_hl1_lif[12].hl1_lif/next_spike
    SLICE_X77Y73         LUT2 (Prop_lut2_I0_O)        0.124    15.210 r  u_accel/gen_nn_standard.u_accel/gen_hl1_lif[12].hl1_lif/spike_prev_i_1__59/O
                         net (fo=1, routed)           0.000    15.210    u_accel/gen_nn_standard.u_accel/gen_hl1_lif[12].hl1_lif/spike_prev_i_1__59_n_0
    SLICE_X77Y73         FDCE                                         r  u_accel/gen_nn_standard.u_accel/gen_hl1_lif[12].hl1_lif/spike_prev_reg/D
  -------------------------------------------------------------------    -------------------

                         (clock sys_clk_pin rise edge)
                                                     10.000    10.000 r  
    E3                                                0.000    10.000 r  CLK100MHZ (IN)
                         net (fo=0)                   0.000    10.000    CLK100MHZ
    E3                   IBUF (Prop_ibuf_I_O)         1.411    11.411 r  CLK100MHZ_IBUF_inst/O
                         net (fo=1, routed)           1.920    13.331    CLK100MHZ_IBUF
    BUFGCTRL_X0Y16       BUFG (Prop_bufg_I_O)         0.091    13.422 r  CLK100MHZ_IBUF_BUFG_inst/O
                         net (fo=21494, routed)       1.582    15.005    u_accel/gen_nn_standard.u_accel/gen_hl1_lif[12].hl1_lif/CLK100MHZ_IBUF_BUFG
    SLICE_X77Y73         FDCE                                         r  u_accel/gen_nn_standard.u_accel/gen_hl1_lif[12].hl1_lif/spike_prev_reg/C
                         clock pessimism              0.259    15.264    
                         clock uncertainty           -0.035    15.228    
    SLICE_X77Y73         FDCE (Setup_fdce_C_D)        0.031    15.259    u_accel/gen_nn_standard.u_accel/gen_hl1_lif[12].hl1_lif/spike_prev_reg
  -------------------------------------------------------------------
                         required time                         15.259    
                         arrival time                         -15.210    
  -------------------------------------------------------------------
                         slack                                  0.049    

Slack (MET) :             0.058ns  (required time - arrival time)
  Source:                 u_accel/gen_nn_standard.u_accel/gen_hl2[17].hl2_lif/membrane_potential_reg[23]/C
                            (rising edge-triggered cell FDCE clocked by sys_clk_pin  {rise@0.000ns fall@5.000ns period=10.000ns})
  Destination:            u_accel/gen_nn_standard.u_accel/gen_hl2[17].hl2_lif/spike_prev_reg/D
                            (rising edge-triggered cell FDCE clocked by sys_clk_pin  {rise@0.000ns fall@5.000ns period=10.000ns})
  Path Group:             sys_clk_pin
  Path Type:              Setup (Max at Slow Process Corner)
  Requirement:            10.000ns  (sys_clk_pin rise@10.000ns - sys_clk_pin rise@0.000ns)
  Data Path Delay:        9.913ns  (logic 6.684ns (67.426%)  route 3.229ns (32.574%))
  Logic Levels:           11  (CARRY4=7 DSP48E1=1 LUT2=3)
  Clock Path Skew:        -0.026ns (DCD - SCD + CPR)
    Destination Clock Delay (DCD):    4.935ns = ( 14.935 - 10.000 ) 
    Source Clock Delay      (SCD):    5.236ns
    Clock Pessimism Removal (CPR):    0.275ns
  Clock Uncertainty:      0.035ns  ((TSJ^2 + TIJ^2)^1/2 + DJ) / 2 + PE
    Total System Jitter     (TSJ):    0.071ns
    Total Input Jitter      (TIJ):    0.000ns
    Discrete Jitter          (DJ):    0.000ns
    Phase Error              (PE):    0.000ns

    Location             Delay type                Incr(ns)  Path(ns)    Netlist Resource(s)
  -------------------------------------------------------------------    -------------------
                         (clock sys_clk_pin rise edge)
                                                      0.000     0.000 r  
    E3                                                0.000     0.000 r  CLK100MHZ (IN)
                         net (fo=0)                   0.000     0.000    CLK100MHZ
    E3                   IBUF (Prop_ibuf_I_O)         1.482     1.482 r  CLK100MHZ_IBUF_inst/O
                         net (fo=1, routed)           2.025     3.506    CLK100MHZ_IBUF
    BUFGCTRL_X0Y16       BUFG (Prop_bufg_I_O)         0.096     3.602 r  CLK100MHZ_IBUF_BUFG_inst/O
                         net (fo=21494, routed)       1.633     5.236    u_accel/gen_nn_standard.u_accel/gen_hl2[17].hl2_lif/CLK100MHZ_IBUF_BUFG
    SLICE_X11Y71         FDCE                                         r  u_accel/gen_nn_standard.u_accel/gen_hl2[17].hl2_lif/membrane_potential_reg[23]/C
  -------------------------------------------------------------------    -------------------
    SLICE_X11Y71         FDCE (Prop_fdce_C_Q)         0.419     5.655 r  u_accel/gen_nn_standard.u_accel/gen_hl2[17].hl2_lif/membrane_potential_reg[23]/Q
                         net (fo=27, routed)          0.720     6.375    u_accel/gen_nn_standard.u_accel/gen_hl2[17].hl2_lif/membrane_out[23]
    DSP48_X0Y28          DSP48E1 (Prop_dsp48e1_A[29]_P[8])
                                                      4.016    10.391 r  u_accel/gen_nn_standard.u_accel/gen_hl2[17].hl2_lif/membrane_potential3/P[8]
                         net (fo=2, routed)           0.905    11.295    u_accel/gen_nn_standard.u_accel/gen_hl2[17].hl2_lif/membrane_potential2[1]
    SLICE_X9Y70          LUT2 (Prop_lut2_I0_O)        0.124    11.419 r  u_accel/gen_nn_standard.u_accel/gen_hl2[17].hl2_lif/membrane_potential[3]_i_5/O
                         net (fo=1, routed)           0.000    11.419    u_accel/gen_nn_standard.u_accel/gen_hl2[17].hl2_lif/membrane_potential[3]_i_5_n_0
    SLICE_X9Y70          CARRY4 (Prop_carry4_S[1]_CO[3])
                                                      0.550    11.969 r  u_accel/gen_nn_standard.u_accel/gen_hl2[17].hl2_lif/membrane_potential_reg[3]_i_2/CO[3]
                         net (fo=1, routed)           0.000    11.969    u_accel/gen_nn_standard.u_accel/gen_hl2[17].hl2_lif/membrane_potential_reg[3]_i_2_n_0
    SLICE_X9Y71          CARRY4 (Prop_carry4_CI_CO[3])
                                                      0.114    12.083 r  u_accel/gen_nn_standard.u_accel/gen_hl2[17].hl2_lif/membrane_potential_reg[7]_i_2/CO[3]
                         net (fo=1, routed)           0.000    12.083    u_accel/gen_nn_standard.u_accel/gen_hl2[17].hl2_lif/membrane_potential_reg[7]_i_2_n_0
    SLICE_X9Y72          CARRY4 (Prop_carry4_CI_CO[3])
                                                      0.114    12.197 r  u_accel/gen_nn_standard.u_accel/gen_hl2[17].hl2_lif/membrane_potential_reg[11]_i_2/CO[3]
                         net (fo=1, routed)           0.000    12.197    u_accel/gen_nn_standard.u_accel/gen_hl2[17].hl2_lif/membrane_potential_reg[11]_i_2_n_0
    SLICE_X9Y73          CARRY4 (Prop_carry4_CI_CO[3])
                                                      0.114    12.311 r  u_accel/gen_nn_standard.u_accel/gen_hl2[17].hl2_lif/membrane_potential_reg[15]_i_2/CO[3]
                         net (fo=1, routed)           0.000    12.311    u_accel/gen_nn_standard.u_accel/gen_hl2[17].hl2_lif/membrane_potential_reg[15]_i_2_n_0
    SLICE_X9Y74          CARRY4 (Prop_carry4_CI_CO[3])
                                                      0.114    12.425 r  u_accel/gen_nn_standard.u_accel/gen_hl2[17].hl2_lif/membrane_potential_reg[19]_i_2/CO[3]
                         net (fo=1, routed)           0.009    12.434    u_accel/gen_nn_standard.u_accel/gen_hl2[17].hl2_lif/membrane_potential_reg[19]_i_2_n_0
    SLICE_X9Y75          CARRY4 (Prop_carry4_CI_O[3])
                                                      0.313    12.747 f  u_accel/gen_nn_standard.u_accel/gen_hl2[17].hl2_lif/membrane_potential_reg[23]_i_4/O[3]
                         net (fo=3, routed)           0.798    13.546    u_accel/gen_nn_standard.u_accel/gen_hl2[17].hl2_lif/membrane_potential0[23]
    SLICE_X10Y73         LUT2 (Prop_lut2_I1_O)        0.306    13.852 r  u_accel/gen_nn_standard.u_accel/gen_hl2[17].hl2_lif/spike_prev_i_8/O
                         net (fo=1, routed)           0.000    13.852    u_accel/gen_nn_standard.u_accel/gen_hl2[17].hl2_lif/spike_prev_i_8_n_0
    SLICE_X10Y73         CARRY4 (Prop_carry4_S[3]_CO[3])
                                                      0.376    14.228 r  u_accel/gen_nn_standard.u_accel/gen_hl2[17].hl2_lif/spike_prev_reg_i_2/CO[3]
                         net (fo=1, routed)           0.797    15.025    u_accel/gen_nn_standard.u_accel/gen_hl2[17].hl2_lif/next_spike
    SLICE_X11Y73         LUT2 (Prop_lut2_I0_O)        0.124    15.149 r  u_accel/gen_nn_standard.u_accel/gen_hl2[17].hl2_lif/spike_prev_i_1__0/O
                         net (fo=1, routed)           0.000    15.149    u_accel/gen_nn_standard.u_accel/gen_hl2[17].hl2_lif/spike_prev_i_1__0_n_0
    SLICE_X11Y73         FDCE                                         r  u_accel/gen_nn_standard.u_accel/gen_hl2[17].hl2_lif/spike_prev_reg/D
  -------------------------------------------------------------------    -------------------

                         (clock sys_clk_pin rise edge)
                                                     10.000    10.000 r  
    E3                                                0.000    10.000 r  CLK100MHZ (IN)
                         net (fo=0)                   0.000    10.000    CLK100MHZ
    E3                   IBUF (Prop_ibuf_I_O)         1.411    11.411 r  CLK100MHZ_IBUF_inst/O
                         net (fo=1, routed)           1.920    13.331    CLK100MHZ_IBUF
    BUFGCTRL_X0Y16       BUFG (Prop_bufg_I_O)         0.091    13.422 r  CLK100MHZ_IBUF_BUFG_inst/O
                         net (fo=21494, routed)       1.512    14.935    u_accel/gen_nn_standard.u_accel/gen_hl2[17].hl2_lif/CLK100MHZ_IBUF_BUFG
    SLICE_X11Y73         FDCE                                         r  u_accel/gen_nn_standard.u_accel/gen_hl2[17].hl2_lif/spike_prev_reg/C
                         clock pessimism              0.275    15.210    
                         clock uncertainty           -0.035    15.174    
    SLICE_X11Y73         FDCE (Setup_fdce_C_D)        0.032    15.206    u_accel/gen_nn_standard.u_accel/gen_hl2[17].hl2_lif/spike_prev_reg
  -------------------------------------------------------------------
                         required time                         15.206    
                         arrival time                         -15.149    
  -------------------------------------------------------------------
                         slack                                  0.058    

Slack (MET) :             0.071ns  (required time - arrival time)
  Source:                 u_accel/gen_nn_standard.u_accel/gen_hl1_lif[25].hl1_lif/membrane_potential_reg[18]/C
                            (rising edge-triggered cell FDCE clocked by sys_clk_pin  {rise@0.000ns fall@5.000ns period=10.000ns})
  Destination:            u_accel/gen_nn_standard.u_accel/gen_hl1_lif[25].hl1_lif/spike_prev_reg/D
                            (rising edge-triggered cell FDCE clocked by sys_clk_pin  {rise@0.000ns fall@5.000ns period=10.000ns})
  Path Group:             sys_clk_pin
  Path Type:              Setup (Max at Slow Process Corner)
  Requirement:            10.000ns  (sys_clk_pin rise@10.000ns - sys_clk_pin rise@0.000ns)
  Data Path Delay:        9.900ns  (logic 6.683ns (67.503%)  route 3.217ns (32.497%))
  Logic Levels:           11  (CARRY4=7 DSP48E1=1 LUT2=3)
  Clock Path Skew:        -0.022ns (DCD - SCD + CPR)
    Destination Clock Delay (DCD):    5.009ns = ( 15.009 - 10.000 ) 
    Source Clock Delay      (SCD):    5.307ns
    Clock Pessimism Removal (CPR):    0.276ns
  Clock Uncertainty:      0.035ns  ((TSJ^2 + TIJ^2)^1/2 + DJ) / 2 + PE
    Total System Jitter     (TSJ):    0.071ns
    Total Input Jitter      (TIJ):    0.000ns
    Discrete Jitter          (DJ):    0.000ns
    Phase Error              (PE):    0.000ns

    Location             Delay type                Incr(ns)  Path(ns)    Netlist Resource(s)
  -------------------------------------------------------------------    -------------------
                         (clock sys_clk_pin rise edge)
                                                      0.000     0.000 r  
    E3                                                0.000     0.000 r  CLK100MHZ (IN)
                         net (fo=0)                   0.000     0.000    CLK100MHZ
    E3                   IBUF (Prop_ibuf_I_O)         1.482     1.482 r  CLK100MHZ_IBUF_inst/O
                         net (fo=1, routed)           2.025     3.506    CLK100MHZ_IBUF
    BUFGCTRL_X0Y16       BUFG (Prop_bufg_I_O)         0.096     3.602 r  CLK100MHZ_IBUF_BUFG_inst/O
                         net (fo=21494, routed)       1.704     5.307    u_accel/gen_nn_standard.u_accel/gen_hl1_lif[25].hl1_lif/CLK100MHZ_IBUF_BUFG
    SLICE_X80Y75         FDCE                                         r  u_accel/gen_nn_standard.u_accel/gen_hl1_lif[25].hl1_lif/membrane_potential_reg[18]/C
  -------------------------------------------------------------------    -------------------
    SLICE_X80Y75         FDCE (Prop_fdce_C_Q)         0.478     5.785 r  u_accel/gen_nn_standard.u_accel/gen_hl1_lif[25].hl1_lif/membrane_potential_reg[18]/Q
                         net (fo=1, routed)           0.727     6.512    u_accel/gen_nn_standard.u_accel/gen_hl1_lif[25].hl1_lif/membrane_potential_reg_n_0_[18]
    DSP48_X2Y29          DSP48E1 (Prop_dsp48e1_A[18]_P[8])
                                                      4.015    10.527 r  u_accel/gen_nn_standard.u_accel/gen_hl1_lif[25].hl1_lif/membrane_potential3/P[8]
                         net (fo=2, routed)           0.788    11.314    u_accel/gen_nn_standard.u_accel/gen_hl1_lif[25].hl1_lif/membrane_potential2[1]
    SLICE_X78Y72         LUT2 (Prop_lut2_I0_O)        0.124    11.438 r  u_accel/gen_nn_standard.u_accel/gen_hl1_lif[25].hl1_lif/membrane_potential[3]_i_5__31/O
                         net (fo=1, routed)           0.000    11.438    u_accel/gen_nn_standard.u_accel/gen_hl1_lif[25].hl1_lif/membrane_potential[3]_i_5__31_n_0
    SLICE_X78Y72         CARRY4 (Prop_carry4_S[1]_CO[3])
                                                      0.533    11.971 r  u_accel/gen_nn_standard.u_accel/gen_hl1_lif[25].hl1_lif/membrane_potential_reg[3]_i_2__31/CO[3]
                         net (fo=1, routed)           0.000    11.971    u_accel/gen_nn_standard.u_accel/gen_hl1_lif[25].hl1_lif/membrane_potential_reg[3]_i_2__31_n_0
    SLICE_X78Y73         CARRY4 (Prop_carry4_CI_CO[3])
                                                      0.117    12.088 r  u_accel/gen_nn_standard.u_accel/gen_hl1_lif[25].hl1_lif/membrane_potential_reg[7]_i_2__31/CO[3]
                         net (fo=1, routed)           0.000    12.088    u_accel/gen_nn_standard.u_accel/gen_hl1_lif[25].hl1_lif/membrane_potential_reg[7]_i_2__31_n_0
    SLICE_X78Y74         CARRY4 (Prop_carry4_CI_CO[3])
                                                      0.117    12.205 r  u_accel/gen_nn_standard.u_accel/gen_hl1_lif[25].hl1_lif/membrane_potential_reg[11]_i_2__31/CO[3]
                         net (fo=1, routed)           0.009    12.214    u_accel/gen_nn_standard.u_accel/gen_hl1_lif[25].hl1_lif/membrane_potential_reg[11]_i_2__31_n_0
    SLICE_X78Y75         CARRY4 (Prop_carry4_CI_CO[3])
                                                      0.117    12.331 r  u_accel/gen_nn_standard.u_accel/gen_hl1_lif[25].hl1_lif/membrane_potential_reg[15]_i_2__31/CO[3]
                         net (fo=1, routed)           0.000    12.331    u_accel/gen_nn_standard.u_accel/gen_hl1_lif[25].hl1_lif/membrane_potential_reg[15]_i_2__31_n_0
    SLICE_X78Y76         CARRY4 (Prop_carry4_CI_CO[3])
                                                      0.117    12.448 r  u_accel/gen_nn_standard.u_accel/gen_hl1_lif[25].hl1_lif/membrane_potential_reg[19]_i_2__31/CO[3]
                         net (fo=1, routed)           0.000    12.448    u_accel/gen_nn_standard.u_accel/gen_hl1_lif[25].hl1_lif/membrane_potential_reg[19]_i_2__31_n_0
    SLICE_X78Y77         CARRY4 (Prop_carry4_CI_O[2])
                                                      0.239    12.687 f  u_accel/gen_nn_standard.u_accel/gen_hl1_lif[25].hl1_lif/membrane_potential_reg[23]_i_2__29/O[2]
                         net (fo=3, routed)           0.924    13.611    u_accel/gen_nn_standard.u_accel/gen_hl1_lif[25].hl1_lif/membrane_potential0[22]
    SLICE_X81Y74         LUT2 (Prop_lut2_I0_O)        0.301    13.912 r  u_accel/gen_nn_standard.u_accel/gen_hl1_lif[25].hl1_lif/spike_prev_i_8__31/O
                         net (fo=1, routed)           0.000    13.912    u_accel/gen_nn_standard.u_accel/gen_hl1_lif[25].hl1_lif/spike_prev_i_8__31_n_0
    SLICE_X81Y74         CARRY4 (Prop_carry4_S[3]_CO[3])
                                                      0.401    14.313 r  u_accel/gen_nn_standard.u_accel/gen_hl1_lif[25].hl1_lif/spike_prev_reg_i_2__31/CO[3]
                         net (fo=1, routed)           0.770    15.083    u_accel/gen_nn_standard.u_accel/gen_hl1_lif[25].hl1_lif/next_spike
    SLICE_X81Y75         LUT2 (Prop_lut2_I0_O)        0.124    15.207 r  u_accel/gen_nn_standard.u_accel/gen_hl1_lif[25].hl1_lif/spike_prev_i_1__39/O
                         net (fo=1, routed)           0.000    15.207    u_accel/gen_nn_standard.u_accel/gen_hl1_lif[25].hl1_lif/spike_prev_i_1__39_n_0
    SLICE_X81Y75         FDCE                                         r  u_accel/gen_nn_standard.u_accel/gen_hl1_lif[25].hl1_lif/spike_prev_reg/D
  -------------------------------------------------------------------    -------------------

                         (clock sys_clk_pin rise edge)
                                                     10.000    10.000 r  
    E3                                                0.000    10.000 r  CLK100MHZ (IN)
                         net (fo=0)                   0.000    10.000    CLK100MHZ
    E3                   IBUF (Prop_ibuf_I_O)         1.411    11.411 r  CLK100MHZ_IBUF_inst/O
                         net (fo=1, routed)           1.920    13.331    CLK100MHZ_IBUF
    BUFGCTRL_X0Y16       BUFG (Prop_bufg_I_O)         0.091    13.422 r  CLK100MHZ_IBUF_BUFG_inst/O
                         net (fo=21494, routed)       1.586    15.009    u_accel/gen_nn_standard.u_accel/gen_hl1_lif[25].hl1_lif/CLK100MHZ_IBUF_BUFG
    SLICE_X81Y75         FDCE                                         r  u_accel/gen_nn_standard.u_accel/gen_hl1_lif[25].hl1_lif/spike_prev_reg/C
                         clock pessimism              0.276    15.285    
                         clock uncertainty           -0.035    15.249    
    SLICE_X81Y75         FDCE (Setup_fdce_C_D)        0.029    15.278    u_accel/gen_nn_standard.u_accel/gen_hl1_lif[25].hl1_lif/spike_prev_reg
  -------------------------------------------------------------------
                         required time                         15.278    
                         arrival time                         -15.207    
  -------------------------------------------------------------------
                         slack                                  0.071    

Slack (MET) :             0.102ns  (required time - arrival time)
  Source:                 u_accel/gen_nn_standard.u_accel/gen_hl2[0].hl2_lif/membrane_potential_reg[21]/C
                            (rising edge-triggered cell FDCE clocked by sys_clk_pin  {rise@0.000ns fall@5.000ns period=10.000ns})
  Destination:            u_accel/gen_nn_standard.u_accel/gen_hl2[0].hl2_lif/spike_prev_reg/D
                            (rising edge-triggered cell FDCE clocked by sys_clk_pin  {rise@0.000ns fall@5.000ns period=10.000ns})
  Path Group:             sys_clk_pin
  Path Type:              Setup (Max at Slow Process Corner)
  Requirement:            10.000ns  (sys_clk_pin rise@10.000ns - sys_clk_pin rise@0.000ns)
  Data Path Delay:        9.892ns  (logic 6.569ns (66.409%)  route 3.323ns (33.591%))
  Logic Levels:           11  (CARRY4=7 DSP48E1=1 LUT2=3)
  Clock Path Skew:        0.000ns (DCD - SCD + CPR)
    Destination Clock Delay (DCD):    4.913ns = ( 14.913 - 10.000 ) 
    Source Clock Delay      (SCD):    5.211ns
    Clock Pessimism Removal (CPR):    0.298ns
  Clock Uncertainty:      0.035ns  ((TSJ^2 + TIJ^2)^1/2 + DJ) / 2 + PE
    Total System Jitter     (TSJ):    0.071ns
    Total Input Jitter      (TIJ):    0.000ns
    Discrete Jitter          (DJ):    0.000ns
    Phase Error              (PE):    0.000ns

    Location             Delay type                Incr(ns)  Path(ns)    Netlist Resource(s)
  -------------------------------------------------------------------    -------------------
                         (clock sys_clk_pin rise edge)
                                                      0.000     0.000 r  
    E3                                                0.000     0.000 r  CLK100MHZ (IN)
                         net (fo=0)                   0.000     0.000    CLK100MHZ
    E3                   IBUF (Prop_ibuf_I_O)         1.482     1.482 r  CLK100MHZ_IBUF_inst/O
                         net (fo=1, routed)           2.025     3.506    CLK100MHZ_IBUF
    BUFGCTRL_X0Y16       BUFG (Prop_bufg_I_O)         0.096     3.602 r  CLK100MHZ_IBUF_BUFG_inst/O
                         net (fo=21494, routed)       1.608     5.211    u_accel/gen_nn_standard.u_accel/gen_hl2[0].hl2_lif/CLK100MHZ_IBUF_BUFG
    SLICE_X57Y73         FDCE                                         r  u_accel/gen_nn_standard.u_accel/gen_hl2[0].hl2_lif/membrane_potential_reg[21]/C
  -------------------------------------------------------------------    -------------------
    SLICE_X57Y73         FDCE (Prop_fdce_C_Q)         0.456     5.667 r  u_accel/gen_nn_standard.u_accel/gen_hl2[0].hl2_lif/membrane_potential_reg[21]/Q
                         net (fo=21, routed)          0.864     6.530    u_accel/gen_nn_standard.u_accel/gen_hl2[0].hl2_lif/membrane_out[21]
    DSP48_X1Y29          DSP48E1 (Prop_dsp48e1_A[21]_P[8])
                                                      3.841    10.371 r  u_accel/gen_nn_standard.u_accel/gen_hl2[0].hl2_lif/membrane_potential3/P[8]
                         net (fo=2, routed)           0.932    11.303    u_accel/gen_nn_standard.u_accel/gen_hl2[0].hl2_lif/membrane_potential2[1]
    SLICE_X58Y70         LUT2 (Prop_lut2_I0_O)        0.124    11.427 r  u_accel/gen_nn_standard.u_accel/gen_hl2[0].hl2_lif/membrane_potential[3]_i_5__23/O
                         net (fo=1, routed)           0.000    11.427    u_accel/gen_nn_standard.u_accel/gen_hl2[0].hl2_lif/membrane_potential[3]_i_5__23_n_0
    SLICE_X58Y70         CARRY4 (Prop_carry4_S[1]_CO[3])
                                                      0.533    11.960 r  u_accel/gen_nn_standard.u_accel/gen_hl2[0].hl2_lif/membrane_potential_reg[3]_i_2__23/CO[3]
                         net (fo=1, routed)           0.000    11.960    u_accel/gen_nn_standard.u_accel/gen_hl2[0].hl2_lif/membrane_potential_reg[3]_i_2__23_n_0
    SLICE_X58Y71         CARRY4 (Prop_carry4_CI_CO[3])
                                                      0.117    12.077 r  u_accel/gen_nn_standard.u_accel/gen_hl2[0].hl2_lif/membrane_potential_reg[7]_i_2__23/CO[3]
                         net (fo=1, routed)           0.000    12.077    u_accel/gen_nn_standard.u_accel/gen_hl2[0].hl2_lif/membrane_potential_reg[7]_i_2__23_n_0
    SLICE_X58Y72         CARRY4 (Prop_carry4_CI_CO[3])
                                                      0.117    12.194 r  u_accel/gen_nn_standard.u_accel/gen_hl2[0].hl2_lif/membrane_potential_reg[11]_i_2__23/CO[3]
                         net (fo=1, routed)           0.000    12.194    u_accel/gen_nn_standard.u_accel/gen_hl2[0].hl2_lif/membrane_potential_reg[11]_i_2__23_n_0
    SLICE_X58Y73         CARRY4 (Prop_carry4_CI_CO[3])
                                                      0.117    12.311 r  u_accel/gen_nn_standard.u_accel/gen_hl2[0].hl2_lif/membrane_potential_reg[15]_i_2__23/CO[3]
                         net (fo=1, routed)           0.000    12.311    u_accel/gen_nn_standard.u_accel/gen_hl2[0].hl2_lif/membrane_potential_reg[15]_i_2__23_n_0
    SLICE_X58Y74         CARRY4 (Prop_carry4_CI_CO[3])
                                                      0.117    12.428 r  u_accel/gen_nn_standard.u_accel/gen_hl2[0].hl2_lif/membrane_potential_reg[19]_i_2__23/CO[3]
                         net (fo=1, routed)           0.009    12.437    u_accel/gen_nn_standard.u_accel/gen_hl2[0].hl2_lif/membrane_potential_reg[19]_i_2__23_n_0
    SLICE_X58Y75         CARRY4 (Prop_carry4_CI_O[3])
                                                      0.315    12.752 f  u_accel/gen_nn_standard.u_accel/gen_hl2[0].hl2_lif/membrane_potential_reg[23]_i_2__22/O[3]
                         net (fo=3, routed)           0.765    13.517    u_accel/gen_nn_standard.u_accel/gen_hl2[0].hl2_lif/membrane_potential0[23]
    SLICE_X59Y73         LUT2 (Prop_lut2_I1_O)        0.307    13.824 r  u_accel/gen_nn_standard.u_accel/gen_hl2[0].hl2_lif/spike_prev_i_8__23/O
                         net (fo=1, routed)           0.000    13.824    u_accel/gen_nn_standard.u_accel/gen_hl2[0].hl2_lif/spike_prev_i_8__23_n_0
    SLICE_X59Y73         CARRY4 (Prop_carry4_S[3]_CO[3])
                                                      0.401    14.225 r  u_accel/gen_nn_standard.u_accel/gen_hl2[0].hl2_lif/spike_prev_reg_i_2__23/CO[3]
                         net (fo=1, routed)           0.753    14.978    u_accel/gen_nn_standard.u_accel/gen_hl2[0].hl2_lif/next_spike
    SLICE_X57Y73         LUT2 (Prop_lut2_I0_O)        0.124    15.102 r  u_accel/gen_nn_standard.u_accel/gen_hl2[0].hl2_lif/spike_prev_i_1__29/O
                         net (fo=1, routed)           0.000    15.102    u_accel/gen_nn_standard.u_accel/gen_hl2[0].hl2_lif/spike_prev_i_1__29_n_0
    SLICE_X57Y73         FDCE                                         r  u_accel/gen_nn_standard.u_accel/gen_hl2[0].hl2_lif/spike_prev_reg/D
  -------------------------------------------------------------------    -------------------

                         (clock sys_clk_pin rise edge)
                                                     10.000    10.000 r  
    E3                                                0.000    10.000 r  CLK100MHZ (IN)
                         net (fo=0)                   0.000    10.000    CLK100MHZ
    E3                   IBUF (Prop_ibuf_I_O)         1.411    11.411 r  CLK100MHZ_IBUF_inst/O
                         net (fo=1, routed)           1.920    13.331    CLK100MHZ_IBUF
    BUFGCTRL_X0Y16       BUFG (Prop_bufg_I_O)         0.091    13.422 r  CLK100MHZ_IBUF_BUFG_inst/O
                         net (fo=21494, routed)       1.490    14.913    u_accel/gen_nn_standard.u_accel/gen_hl2[0].hl2_lif/CLK100MHZ_IBUF_BUFG
    SLICE_X57Y73         FDCE                                         r  u_accel/gen_nn_standard.u_accel/gen_hl2[0].hl2_lif/spike_prev_reg/C
                         clock pessimism              0.298    15.211    
                         clock uncertainty           -0.035    15.175    
    SLICE_X57Y73         FDCE (Setup_fdce_C_D)        0.029    15.204    u_accel/gen_nn_standard.u_accel/gen_hl2[0].hl2_lif/spike_prev_reg
  -------------------------------------------------------------------
                         required time                         15.204    
                         arrival time                         -15.102    
  -------------------------------------------------------------------
                         slack                                  0.102    

Slack (MET) :             0.110ns  (required time - arrival time)
  Source:                 u_accel/gen_nn_standard.u_accel/gen_hl2[16].hl2_lif/membrane_potential_reg[23]/C
                            (rising edge-triggered cell FDCE clocked by sys_clk_pin  {rise@0.000ns fall@5.000ns period=10.000ns})
  Destination:            u_accel/gen_nn_standard.u_accel/gen_hl2[16].hl2_lif/spike_prev_reg/D
                            (rising edge-triggered cell FDCE clocked by sys_clk_pin  {rise@0.000ns fall@5.000ns period=10.000ns})
  Path Group:             sys_clk_pin
  Path Type:              Setup (Max at Slow Process Corner)
  Requirement:            10.000ns  (sys_clk_pin rise@10.000ns - sys_clk_pin rise@0.000ns)
  Data Path Delay:        9.890ns  (logic 6.611ns (66.844%)  route 3.279ns (33.156%))
  Logic Levels:           10  (CARRY4=6 DSP48E1=1 LUT2=3)
  Clock Path Skew:        -0.045ns (DCD - SCD + CPR)
    Destination Clock Delay (DCD):    4.911ns = ( 14.911 - 10.000 ) 
    Source Clock Delay      (SCD):    5.215ns
    Clock Pessimism Removal (CPR):    0.259ns
  Clock Uncertainty:      0.035ns  ((TSJ^2 + TIJ^2)^1/2 + DJ) / 2 + PE
    Total System Jitter     (TSJ):    0.071ns
    Total Input Jitter      (TIJ):    0.000ns
    Discrete Jitter          (DJ):    0.000ns
    Phase Error              (PE):    0.000ns

    Location             Delay type                Incr(ns)  Path(ns)    Netlist Resource(s)
  -------------------------------------------------------------------    -------------------
                         (clock sys_clk_pin rise edge)
                                                      0.000     0.000 r  
    E3                                                0.000     0.000 r  CLK100MHZ (IN)
                         net (fo=0)                   0.000     0.000    CLK100MHZ
    E3                   IBUF (Prop_ibuf_I_O)         1.482     1.482 r  CLK100MHZ_IBUF_inst/O
                         net (fo=1, routed)           2.025     3.506    CLK100MHZ_IBUF
    BUFGCTRL_X0Y16       BUFG (Prop_bufg_I_O)         0.096     3.602 r  CLK100MHZ_IBUF_BUFG_inst/O
                         net (fo=21494, routed)       1.612     5.215    u_accel/gen_nn_standard.u_accel/gen_hl2[16].hl2_lif/CLK100MHZ_IBUF_BUFG
    SLICE_X57Y71         FDCE                                         r  u_accel/gen_nn_standard.u_accel/gen_hl2[16].hl2_lif/membrane_potential_reg[23]/C
  -------------------------------------------------------------------    -------------------
    SLICE_X57Y71         FDCE (Prop_fdce_C_Q)         0.419     5.634 r  u_accel/gen_nn_standard.u_accel/gen_hl2[16].hl2_lif/membrane_potential_reg[23]/Q
                         net (fo=27, routed)          0.732     6.366    u_accel/gen_nn_standard.u_accel/gen_hl2[16].hl2_lif/membrane_out[23]
    DSP48_X1Y28          DSP48E1 (Prop_dsp48e1_A[29]_P[8])
                                                      4.014    10.380 r  u_accel/gen_nn_standard.u_accel/gen_hl2[16].hl2_lif/membrane_potential3/P[8]
                         net (fo=2, routed)           0.836    11.216    u_accel/gen_nn_standard.u_accel/gen_hl2[16].hl2_lif/membrane_potential2[1]
    SLICE_X56Y69         LUT2 (Prop_lut2_I0_O)        0.124    11.340 r  u_accel/gen_nn_standard.u_accel/gen_hl2[16].hl2_lif/membrane_potential[3]_i_5__24/O
                         net (fo=1, routed)           0.000    11.340    u_accel/gen_nn_standard.u_accel/gen_hl2[16].hl2_lif/membrane_potential[3]_i_5__24_n_0
    SLICE_X56Y69         CARRY4 (Prop_carry4_S[1]_CO[3])
                                                      0.533    11.873 r  u_accel/gen_nn_standard.u_accel/gen_hl2[16].hl2_lif/membrane_potential_reg[3]_i_2__24/CO[3]
                         net (fo=1, routed)           0.000    11.873    u_accel/gen_nn_standard.u_accel/gen_hl2[16].hl2_lif/membrane_potential_reg[3]_i_2__24_n_0
    SLICE_X56Y70         CARRY4 (Prop_carry4_CI_CO[3])
                                                      0.117    11.990 r  u_accel/gen_nn_standard.u_accel/gen_hl2[16].hl2_lif/membrane_potential_reg[7]_i_2__24/CO[3]
                         net (fo=1, routed)           0.000    11.990    u_accel/gen_nn_standard.u_accel/gen_hl2[16].hl2_lif/membrane_potential_reg[7]_i_2__24_n_0
    SLICE_X56Y71         CARRY4 (Prop_carry4_CI_CO[3])
                                                      0.117    12.107 r  u_accel/gen_nn_standard.u_accel/gen_hl2[16].hl2_lif/membrane_potential_reg[11]_i_2__24/CO[3]
                         net (fo=1, routed)           0.000    12.107    u_accel/gen_nn_standard.u_accel/gen_hl2[16].hl2_lif/membrane_potential_reg[11]_i_2__24_n_0
    SLICE_X56Y72         CARRY4 (Prop_carry4_CI_CO[3])
                                                      0.117    12.224 r  u_accel/gen_nn_standard.u_accel/gen_hl2[16].hl2_lif/membrane_potential_reg[15]_i_2__24/CO[3]
                         net (fo=1, routed)           0.000    12.224    u_accel/gen_nn_standard.u_accel/gen_hl2[16].hl2_lif/membrane_potential_reg[15]_i_2__24_n_0
    SLICE_X56Y73         CARRY4 (Prop_carry4_CI_O[0])
                                                      0.219    12.443 f  u_accel/gen_nn_standard.u_accel/gen_hl2[16].hl2_lif/membrane_potential_reg[19]_i_2__24/O[0]
                         net (fo=3, routed)           0.790    13.233    u_accel/gen_nn_standard.u_accel/gen_hl2[16].hl2_lif/membrane_potential0[16]
    SLICE_X55Y73         LUT2 (Prop_lut2_I0_O)        0.295    13.528 r  u_accel/gen_nn_standard.u_accel/gen_hl2[16].hl2_lif/spike_prev_i_11__24/O
                         net (fo=1, routed)           0.000    13.528    u_accel/gen_nn_standard.u_accel/gen_hl2[16].hl2_lif/spike_prev_i_11__24_n_0
    SLICE_X55Y73         CARRY4 (Prop_carry4_S[0]_CO[3])
                                                      0.532    14.060 r  u_accel/gen_nn_standard.u_accel/gen_hl2[16].hl2_lif/spike_prev_reg_i_2__24/CO[3]
                         net (fo=1, routed)           0.921    14.981    u_accel/gen_nn_standard.u_accel/gen_hl2[16].hl2_lif/next_spike
    SLICE_X56Y75         LUT2 (Prop_lut2_I0_O)        0.124    15.105 r  u_accel/gen_nn_standard.u_accel/gen_hl2[16].hl2_lif/spike_prev_i_1__46/O
                         net (fo=1, routed)           0.000    15.105    u_accel/gen_nn_standard.u_accel/gen_hl2[16].hl2_lif/spike_prev_i_1__46_n_0
    SLICE_X56Y75         FDCE                                         r  u_accel/gen_nn_standard.u_accel/gen_hl2[16].hl2_lif/spike_prev_reg/D
  -------------------------------------------------------------------    -------------------

                         (clock sys_clk_pin rise edge)
                                                     10.000    10.000 r  
    E3                                                0.000    10.000 r  CLK100MHZ (IN)
                         net (fo=0)                   0.000    10.000    CLK100MHZ
    E3                   IBUF (Prop_ibuf_I_O)         1.411    11.411 r  CLK100MHZ_IBUF_inst/O
                         net (fo=1, routed)           1.920    13.331    CLK100MHZ_IBUF
    BUFGCTRL_X0Y16       BUFG (Prop_bufg_I_O)         0.091    13.422 r  CLK100MHZ_IBUF_BUFG_inst/O
                         net (fo=21494, routed)       1.488    14.911    u_accel/gen_nn_standard.u_accel/gen_hl2[16].hl2_lif/CLK100MHZ_IBUF_BUFG
    SLICE_X56Y75         FDCE                                         r  u_accel/gen_nn_standard.u_accel/gen_hl2[16].hl2_lif/spike_prev_reg/C
                         clock pessimism              0.259    15.170    
                         clock uncertainty           -0.035    15.134    
    SLICE_X56Y75         FDCE (Setup_fdce_C_D)        0.081    15.215    u_accel/gen_nn_standard.u_accel/gen_hl2[16].hl2_lif/spike_prev_reg
  -------------------------------------------------------------------
                         required time                         15.215    
                         arrival time                         -15.105    
  -------------------------------------------------------------------
                         slack                                  0.110    

Slack (MET) :             0.148ns  (required time - arrival time)
  Source:                 u_accel/gen_nn_standard.u_accel/gen_hl1_lif[30].hl1_lif/membrane_potential_reg[23]/C
                            (rising edge-triggered cell FDCE clocked by sys_clk_pin  {rise@0.000ns fall@5.000ns period=10.000ns})
  Destination:            u_accel/gen_nn_standard.u_accel/gen_hl1_lif[30].hl1_lif/spike_prev_reg/D
                            (rising edge-triggered cell FDCE clocked by sys_clk_pin  {rise@0.000ns fall@5.000ns period=10.000ns})
  Path Group:             sys_clk_pin
  Path Type:              Setup (Max at Slow Process Corner)
  Requirement:            10.000ns  (sys_clk_pin rise@10.000ns - sys_clk_pin rise@0.000ns)
  Data Path Delay:        9.815ns  (logic 6.622ns (67.468%)  route 3.193ns (32.532%))
  Logic Levels:           11  (CARRY4=7 DSP48E1=1 LUT2=3)
  Clock Path Skew:        -0.034ns (DCD - SCD + CPR)
    Destination Clock Delay (DCD):    4.937ns = ( 14.937 - 10.000 ) 
    Source Clock Delay      (SCD):    5.230ns
    Clock Pessimism Removal (CPR):    0.259ns
  Clock Uncertainty:      0.035ns  ((TSJ^2 + TIJ^2)^1/2 + DJ) / 2 + PE
    Total System Jitter     (TSJ):    0.071ns
    Total Input Jitter      (TIJ):    0.000ns
    Discrete Jitter          (DJ):    0.000ns
    Phase Error              (PE):    0.000ns

    Location             Delay type                Incr(ns)  Path(ns)    Netlist Resource(s)
  -------------------------------------------------------------------    -------------------
                         (clock sys_clk_pin rise edge)
                                                      0.000     0.000 r  
    E3                                                0.000     0.000 r  CLK100MHZ (IN)
                         net (fo=0)                   0.000     0.000    CLK100MHZ
    E3                   IBUF (Prop_ibuf_I_O)         1.482     1.482 r  CLK100MHZ_IBUF_inst/O
                         net (fo=1, routed)           2.025     3.506    CLK100MHZ_IBUF
    BUFGCTRL_X0Y16       BUFG (Prop_bufg_I_O)         0.096     3.602 r  CLK100MHZ_IBUF_BUFG_inst/O
                         net (fo=21494, routed)       1.627     5.230    u_accel/gen_nn_standard.u_accel/gen_hl1_lif[30].hl1_lif/CLK100MHZ_IBUF_BUFG
    SLICE_X11Y75         FDCE                                         r  u_accel/gen_nn_standard.u_accel/gen_hl1_lif[30].hl1_lif/membrane_potential_reg[23]/C
  -------------------------------------------------------------------    -------------------
    SLICE_X11Y75         FDCE (Prop_fdce_C_Q)         0.419     5.649 r  u_accel/gen_nn_standard.u_accel/gen_hl1_lif[30].hl1_lif/membrane_potential_reg[23]/Q
                         net (fo=7, routed)           0.730     6.379    u_accel/gen_nn_standard.u_accel/gen_hl1_lif[30].hl1_lif/membrane_potential_reg_n_0_[23]
    DSP48_X0Y31          DSP48E1 (Prop_dsp48e1_A[28]_P[8])
                                                      4.013    10.392 r  u_accel/gen_nn_standard.u_accel/gen_hl1_lif[30].hl1_lif/membrane_potential3/P[8]
                         net (fo=2, routed)           0.931    11.323    u_accel/gen_nn_standard.u_accel/gen_hl1_lif[30].hl1_lif/membrane_potential2[1]
    SLICE_X12Y75         LUT2 (Prop_lut2_I0_O)        0.124    11.447 r  u_accel/gen_nn_standard.u_accel/gen_hl1_lif[30].hl1_lif/membrane_potential[3]_i_5__26/O
                         net (fo=1, routed)           0.000    11.447    u_accel/gen_nn_standard.u_accel/gen_hl1_lif[30].hl1_lif/membrane_potential[3]_i_5__26_n_0
    SLICE_X12Y75         CARRY4 (Prop_carry4_S[1]_CO[3])
                                                      0.533    11.980 r  u_accel/gen_nn_standard.u_accel/gen_hl1_lif[30].hl1_lif/membrane_potential_reg[3]_i_2__26/CO[3]
                         net (fo=1, routed)           0.000    11.980    u_accel/gen_nn_standard.u_accel/gen_hl1_lif[30].hl1_lif/membrane_potential_reg[3]_i_2__26_n_0
    SLICE_X12Y76         CARRY4 (Prop_carry4_CI_CO[3])
                                                      0.117    12.097 r  u_accel/gen_nn_standard.u_accel/gen_hl1_lif[30].hl1_lif/membrane_potential_reg[7]_i_2__26/CO[3]
                         net (fo=1, routed)           0.000    12.097    u_accel/gen_nn_standard.u_accel/gen_hl1_lif[30].hl1_lif/membrane_potential_reg[7]_i_2__26_n_0
    SLICE_X12Y77         CARRY4 (Prop_carry4_CI_CO[3])
                                                      0.117    12.214 r  u_accel/gen_nn_standard.u_accel/gen_hl1_lif[30].hl1_lif/membrane_potential_reg[11]_i_2__26/CO[3]
                         net (fo=1, routed)           0.000    12.214    u_accel/gen_nn_standard.u_accel/gen_hl1_lif[30].hl1_lif/membrane_potential_reg[11]_i_2__26_n_0
    SLICE_X12Y78         CARRY4 (Prop_carry4_CI_CO[3])
                                                      0.117    12.331 r  u_accel/gen_nn_standard.u_accel/gen_hl1_lif[30].hl1_lif/membrane_potential_reg[15]_i_2__26/CO[3]
                         net (fo=1, routed)           0.000    12.331    u_accel/gen_nn_standard.u_accel/gen_hl1_lif[30].hl1_lif/membrane_potential_reg[15]_i_2__26_n_0
    SLICE_X12Y79         CARRY4 (Prop_carry4_CI_CO[3])
                                                      0.117    12.448 r  u_accel/gen_nn_standard.u_accel/gen_hl1_lif[30].hl1_lif/membrane_potential_reg[19]_i_2__26/CO[3]
                         net (fo=1, routed)           0.000    12.448    u_accel/gen_nn_standard.u_accel/gen_hl1_lif[30].hl1_lif/membrane_potential_reg[19]_i_2__26_n_0
    SLICE_X12Y80         CARRY4 (Prop_carry4_CI_O[2])
                                                      0.239    12.687 f  u_accel/gen_nn_standard.u_accel/gen_hl1_lif[30].hl1_lif/membrane_potential_reg[23]_i_2__24/O[2]
                         net (fo=3, routed)           0.785    13.472    u_accel/gen_nn_standard.u_accel/gen_hl1_lif[30].hl1_lif/membrane_potential0[22]
    SLICE_X13Y78         LUT2 (Prop_lut2_I0_O)        0.301    13.773 r  u_accel/gen_nn_standard.u_accel/gen_hl1_lif[30].hl1_lif/spike_prev_i_8__26/O
                         net (fo=1, routed)           0.000    13.773    u_accel/gen_nn_standard.u_accel/gen_hl1_lif[30].hl1_lif/spike_prev_i_8__26_n_0
    SLICE_X13Y78         CARRY4 (Prop_carry4_S[3]_CO[3])
                                                      0.401    14.174 r  u_accel/gen_nn_standard.u_accel/gen_hl1_lif[30].hl1_lif/spike_prev_reg_i_2__26/CO[3]
                         net (fo=1, routed)           0.747    14.921    u_accel/gen_nn_standard.u_accel/gen_hl1_lif[30].hl1_lif/next_spike
    SLICE_X13Y81         LUT2 (Prop_lut2_I0_O)        0.124    15.045 r  u_accel/gen_nn_standard.u_accel/gen_hl1_lif[30].hl1_lif/spike_prev_i_1__37/O
                         net (fo=1, routed)           0.000    15.045    u_accel/gen_nn_standard.u_accel/gen_hl1_lif[30].hl1_lif/spike_prev_i_1__37_n_0
    SLICE_X13Y81         FDCE                                         r  u_accel/gen_nn_standard.u_accel/gen_hl1_lif[30].hl1_lif/spike_prev_reg/D
  -------------------------------------------------------------------    -------------------

                         (clock sys_clk_pin rise edge)
                                                     10.000    10.000 r  
    E3                                                0.000    10.000 r  CLK100MHZ (IN)
                         net (fo=0)                   0.000    10.000    CLK100MHZ
    E3                   IBUF (Prop_ibuf_I_O)         1.411    11.411 r  CLK100MHZ_IBUF_inst/O
                         net (fo=1, routed)           1.920    13.331    CLK100MHZ_IBUF
    BUFGCTRL_X0Y16       BUFG (Prop_bufg_I_O)         0.091    13.422 r  CLK100MHZ_IBUF_BUFG_inst/O
                         net (fo=21494, routed)       1.514    14.937    u_accel/gen_nn_standard.u_accel/gen_hl1_lif[30].hl1_lif/CLK100MHZ_IBUF_BUFG
    SLICE_X13Y81         FDCE                                         r  u_accel/gen_nn_standard.u_accel/gen_hl1_lif[30].hl1_lif/spike_prev_reg/C
                         clock pessimism              0.259    15.196    
                         clock uncertainty           -0.035    15.160    
    SLICE_X13Y81         FDCE (Setup_fdce_C_D)        0.032    15.192    u_accel/gen_nn_standard.u_accel/gen_hl1_lif[30].hl1_lif/spike_prev_reg
  -------------------------------------------------------------------
                         required time                         15.192    
                         arrival time                         -15.045    
  -------------------------------------------------------------------
                         slack                                  0.148    

Slack (MET) :             0.161ns  (required time - arrival time)
  Source:                 u_accel/gen_nn_standard.u_accel/gen_hl2[26].hl2_lif/membrane_potential_reg[1]/C
                            (rising edge-triggered cell FDCE clocked by sys_clk_pin  {rise@0.000ns fall@5.000ns period=10.000ns})
  Destination:            u_accel/gen_nn_standard.u_accel/gen_hl2[26].hl2_lif/spike_prev_reg/D
                            (rising edge-triggered cell FDCE clocked by sys_clk_pin  {rise@0.000ns fall@5.000ns period=10.000ns})
  Path Group:             sys_clk_pin
  Path Type:              Setup (Max at Slow Process Corner)
  Requirement:            10.000ns  (sys_clk_pin rise@10.000ns - sys_clk_pin rise@0.000ns)
  Data Path Delay:        9.806ns  (logic 6.725ns (68.578%)  route 3.081ns (31.422%))
  Logic Levels:           10  (CARRY4=6 DSP48E1=1 LUT2=3)
  Clock Path Skew:        -0.028ns (DCD - SCD + CPR)
    Destination Clock Delay (DCD):    5.091ns = ( 15.091 - 10.000 ) 
    Source Clock Delay      (SCD):    5.404ns
    Clock Pessimism Removal (CPR):    0.284ns
  Clock Uncertainty:      0.035ns  ((TSJ^2 + TIJ^2)^1/2 + DJ) / 2 + PE
    Total System Jitter     (TSJ):    0.071ns
    Total Input Jitter      (TIJ):    0.000ns
    Discrete Jitter          (DJ):    0.000ns
    Phase Error              (PE):    0.000ns

    Location             Delay type                Incr(ns)  Path(ns)    Netlist Resource(s)
  -------------------------------------------------------------------    -------------------
                         (clock sys_clk_pin rise edge)
                                                      0.000     0.000 r  
    E3                                                0.000     0.000 r  CLK100MHZ (IN)
                         net (fo=0)                   0.000     0.000    CLK100MHZ
    E3                   IBUF (Prop_ibuf_I_O)         1.482     1.482 r  CLK100MHZ_IBUF_inst/O
                         net (fo=1, routed)           2.025     3.506    CLK100MHZ_IBUF
    BUFGCTRL_X0Y16       BUFG (Prop_bufg_I_O)         0.096     3.602 r  CLK100MHZ_IBUF_BUFG_inst/O
                         net (fo=21494, routed)       1.801     5.404    u_accel/gen_nn_standard.u_accel/gen_hl2[26].hl2_lif/CLK100MHZ_IBUF_BUFG
    SLICE_X59Y10         FDCE                                         r  u_accel/gen_nn_standard.u_accel/gen_hl2[26].hl2_lif/membrane_potential_reg[1]/C
  -------------------------------------------------------------------    -------------------
    SLICE_X59Y10         FDCE (Prop_fdce_C_Q)         0.419     5.823 r  u_accel/gen_nn_standard.u_accel/gen_hl2[26].hl2_lif/membrane_potential_reg[1]/Q
                         net (fo=21, routed)          0.706     6.528    u_accel/gen_nn_standard.u_accel/gen_hl2[26].hl2_lif/membrane_out[1]
    DSP48_X1Y4           DSP48E1 (Prop_dsp48e1_A[1]_P[8])
                                                      4.013    10.541 r  u_accel/gen_nn_standard.u_accel/gen_hl2[26].hl2_lif/membrane_potential3/P[8]
                         net (fo=2, routed)           0.931    11.472    u_accel/gen_nn_standard.u_accel/gen_hl2[26].hl2_lif/membrane_potential2[1]
    SLICE_X58Y10         LUT2 (Prop_lut2_I0_O)        0.124    11.596 r  u_accel/gen_nn_standard.u_accel/gen_hl2[26].hl2_lif/membrane_potential[3]_i_5__5/O
                         net (fo=1, routed)           0.000    11.596    u_accel/gen_nn_standard.u_accel/gen_hl2[26].hl2_lif/membrane_potential[3]_i_5__5_n_0
    SLICE_X58Y10         CARRY4 (Prop_carry4_S[1]_CO[3])
                                                      0.533    12.129 r  u_accel/gen_nn_standard.u_accel/gen_hl2[26].hl2_lif/membrane_potential_reg[3]_i_2__5/CO[3]
                         net (fo=1, routed)           0.000    12.129    u_accel/gen_nn_standard.u_accel/gen_hl2[26].hl2_lif/membrane_potential_reg[3]_i_2__5_n_0
    SLICE_X58Y11         CARRY4 (Prop_carry4_CI_CO[3])
                                                      0.117    12.246 r  u_accel/gen_nn_standard.u_accel/gen_hl2[26].hl2_lif/membrane_potential_reg[7]_i_2__5/CO[3]
                         net (fo=1, routed)           0.000    12.246    u_accel/gen_nn_standard.u_accel/gen_hl2[26].hl2_lif/membrane_potential_reg[7]_i_2__5_n_0
    SLICE_X58Y12         CARRY4 (Prop_carry4_CI_CO[3])
                                                      0.117    12.363 r  u_accel/gen_nn_standard.u_accel/gen_hl2[26].hl2_lif/membrane_potential_reg[11]_i_2__5/CO[3]
                         net (fo=1, routed)           0.000    12.363    u_accel/gen_nn_standard.u_accel/gen_hl2[26].hl2_lif/membrane_potential_reg[11]_i_2__5_n_0
    SLICE_X58Y13         CARRY4 (Prop_carry4_CI_CO[3])
                                                      0.117    12.480 r  u_accel/gen_nn_standard.u_accel/gen_hl2[26].hl2_lif/membrane_potential_reg[15]_i_2__5/CO[3]
                         net (fo=1, routed)           0.000    12.480    u_accel/gen_nn_standard.u_accel/gen_hl2[26].hl2_lif/membrane_potential_reg[15]_i_2__5_n_0
    SLICE_X58Y14         CARRY4 (Prop_carry4_CI_O[1])
                                                      0.323    12.803 f  u_accel/gen_nn_standard.u_accel/gen_hl2[26].hl2_lif/membrane_potential_reg[19]_i_2__5/O[1]
                         net (fo=3, routed)           0.822    13.625    u_accel/gen_nn_standard.u_accel/gen_hl2[26].hl2_lif/membrane_potential0[17]
    SLICE_X57Y13         LUT2 (Prop_lut2_I1_O)        0.306    13.931 r  u_accel/gen_nn_standard.u_accel/gen_hl2[26].hl2_lif/spike_prev_i_11__5/O
                         net (fo=1, routed)           0.000    13.931    u_accel/gen_nn_standard.u_accel/gen_hl2[26].hl2_lif/spike_prev_i_11__5_n_0
    SLICE_X57Y13         CARRY4 (Prop_carry4_S[0]_CO[3])
                                                      0.532    14.463 r  u_accel/gen_nn_standard.u_accel/gen_hl2[26].hl2_lif/spike_prev_reg_i_2__5/CO[3]
                         net (fo=1, routed)           0.623    15.086    u_accel/gen_nn_standard.u_accel/gen_hl2[26].hl2_lif/next_spike
    SLICE_X59Y13         LUT2 (Prop_lut2_I0_O)        0.124    15.210 r  u_accel/gen_nn_standard.u_accel/gen_hl2[26].hl2_lif/spike_prev_i_1__11/O
                         net (fo=1, routed)           0.000    15.210    u_accel/gen_nn_standard.u_accel/gen_hl2[26].hl2_lif/spike_prev_i_1__11_n_0
    SLICE_X59Y13         FDCE                                         r  u_accel/gen_nn_standard.u_accel/gen_hl2[26].hl2_lif/spike_prev_reg/D
  -------------------------------------------------------------------    -------------------

                         (clock sys_clk_pin rise edge)
                                                     10.000    10.000 r  
    E3                                                0.000    10.000 r  CLK100MHZ (IN)
                         net (fo=0)                   0.000    10.000    CLK100MHZ
    E3                   IBUF (Prop_ibuf_I_O)         1.411    11.411 r  CLK100MHZ_IBUF_inst/O
                         net (fo=1, routed)           1.920    13.331    CLK100MHZ_IBUF
    BUFGCTRL_X0Y16       BUFG (Prop_bufg_I_O)         0.091    13.422 r  CLK100MHZ_IBUF_BUFG_inst/O
                         net (fo=21494, routed)       1.669    15.091    u_accel/gen_nn_standard.u_accel/gen_hl2[26].hl2_lif/CLK100MHZ_IBUF_BUFG
    SLICE_X59Y13         FDCE                                         r  u_accel/gen_nn_standard.u_accel/gen_hl2[26].hl2_lif/spike_prev_reg/C
                         clock pessimism              0.284    15.376    
                         clock uncertainty           -0.035    15.340    
    SLICE_X59Y13         FDCE (Setup_fdce_C_D)        0.031    15.371    u_accel/gen_nn_standard.u_accel/gen_hl2[26].hl2_lif/spike_prev_reg
  -------------------------------------------------------------------
                         required time                         15.371    
                         arrival time                         -15.210    
  -------------------------------------------------------------------
                         slack                                  0.161    

Slack (MET) :             0.161ns  (required time - arrival time)
  Source:                 u_accel/gen_nn_standard.u_accel/gen_hl2[15].hl2_lif/membrane_potential_reg[9]/C
                            (rising edge-triggered cell FDCE clocked by sys_clk_pin  {rise@0.000ns fall@5.000ns period=10.000ns})
  Destination:            u_accel/gen_nn_standard.u_accel/gen_hl2[15].hl2_lif/spike_prev_reg/D
                            (rising edge-triggered cell FDCE clocked by sys_clk_pin  {rise@0.000ns fall@5.000ns period=10.000ns})
  Path Group:             sys_clk_pin
  Path Type:              Setup (Max at Slow Process Corner)
  Requirement:            10.000ns  (sys_clk_pin rise@10.000ns - sys_clk_pin rise@0.000ns)
  Data Path Delay:        9.788ns  (logic 6.628ns (67.714%)  route 3.160ns (32.286%))
  Logic Levels:           10  (CARRY4=6 DSP48E1=1 LUT2=3)
  Clock Path Skew:        -0.047ns (DCD - SCD + CPR)
    Destination Clock Delay (DCD):    5.074ns = ( 15.074 - 10.000 ) 
    Source Clock Delay      (SCD):    5.389ns
    Clock Pessimism Removal (CPR):    0.267ns
  Clock Uncertainty:      0.035ns  ((TSJ^2 + TIJ^2)^1/2 + DJ) / 2 + PE
    Total System Jitter     (TSJ):    0.071ns
    Total Input Jitter      (TIJ):    0.000ns
    Discrete Jitter          (DJ):    0.000ns
    Phase Error              (PE):    0.000ns

    Location             Delay type                Incr(ns)  Path(ns)    Netlist Resource(s)
  -------------------------------------------------------------------    -------------------
                         (clock sys_clk_pin rise edge)
                                                      0.000     0.000 r  
    E3                                                0.000     0.000 r  CLK100MHZ (IN)
                         net (fo=0)                   0.000     0.000    CLK100MHZ
    E3                   IBUF (Prop_ibuf_I_O)         1.482     1.482 r  CLK100MHZ_IBUF_inst/O
                         net (fo=1, routed)           2.025     3.506    CLK100MHZ_IBUF
    BUFGCTRL_X0Y16       BUFG (Prop_bufg_I_O)         0.096     3.602 r  CLK100MHZ_IBUF_BUFG_inst/O
                         net (fo=21494, routed)       1.786     5.389    u_accel/gen_nn_standard.u_accel/gen_hl2[15].hl2_lif/CLK100MHZ_IBUF_BUFG
    SLICE_X58Y22         FDCE                                         r  u_accel/gen_nn_standard.u_accel/gen_hl2[15].hl2_lif/membrane_potential_reg[9]/C
  -------------------------------------------------------------------    -------------------
    SLICE_X58Y22         FDCE (Prop_fdce_C_Q)         0.478     5.867 r  u_accel/gen_nn_standard.u_accel/gen_hl2[15].hl2_lif/membrane_potential_reg[9]/Q
                         net (fo=21, routed)          0.574     6.441    u_accel/gen_nn_standard.u_accel/gen_hl2[15].hl2_lif/Q[9]
    DSP48_X1Y8           DSP48E1 (Prop_dsp48e1_A[9]_P[12])
                                                      4.015    10.456 r  u_accel/gen_nn_standard.u_accel/gen_hl2[15].hl2_lif/membrane_potential3/P[12]
                         net (fo=2, routed)           1.046    11.502    u_accel/gen_nn_standard.u_accel/gen_hl2[15].hl2_lif/membrane_potential2[5]
    SLICE_X53Y21         LUT2 (Prop_lut2_I0_O)        0.124    11.626 r  u_accel/gen_nn_standard.u_accel/gen_hl2[15].hl2_lif/membrane_potential0_carry__0_i_3__4/O
                         net (fo=1, routed)           0.000    11.626    u_accel/gen_nn_standard.u_accel/gen_hl2[15].hl2_lif/membrane_potential0_carry__0_i_3__4_n_0
    SLICE_X53Y21         CARRY4 (Prop_carry4_S[1]_CO[3])
                                                      0.550    12.176 r  u_accel/gen_nn_standard.u_accel/gen_hl2[15].hl2_lif/membrane_potential0_carry__0/CO[3]
                         net (fo=1, routed)           0.000    12.176    u_accel/gen_nn_standard.u_accel/gen_hl2[15].hl2_lif/membrane_potential0_carry__0_n_0
    SLICE_X53Y22         CARRY4 (Prop_carry4_CI_CO[3])
                                                      0.114    12.290 r  u_accel/gen_nn_standard.u_accel/gen_hl2[15].hl2_lif/membrane_potential0_carry__1/CO[3]
                         net (fo=1, routed)           0.000    12.290    u_accel/gen_nn_standard.u_accel/gen_hl2[15].hl2_lif/membrane_potential0_carry__1_n_0
    SLICE_X53Y23         CARRY4 (Prop_carry4_CI_CO[3])
                                                      0.114    12.404 r  u_accel/gen_nn_standard.u_accel/gen_hl2[15].hl2_lif/membrane_potential0_carry__2/CO[3]
                         net (fo=1, routed)           0.000    12.404    u_accel/gen_nn_standard.u_accel/gen_hl2[15].hl2_lif/membrane_potential0_carry__2_n_0
    SLICE_X53Y24         CARRY4 (Prop_carry4_CI_CO[3])
                                                      0.114    12.518 r  u_accel/gen_nn_standard.u_accel/gen_hl2[15].hl2_lif/membrane_potential0_carry__3/CO[3]
                         net (fo=1, routed)           0.009    12.527    u_accel/gen_nn_standard.u_accel/gen_hl2[15].hl2_lif/membrane_potential0_carry__3_n_0
    SLICE_X53Y25         CARRY4 (Prop_carry4_CI_O[3])
                                                      0.313    12.840 f  u_accel/gen_nn_standard.u_accel/gen_hl2[15].hl2_lif/membrane_potential0_carry__4/O[3]
                         net (fo=3, routed)           0.791    13.631    u_accel/gen_nn_standard.u_accel/gen_hl2[15].hl2_lif/membrane_potential0[23]
    SLICE_X54Y23         LUT2 (Prop_lut2_I1_O)        0.306    13.937 r  u_accel/gen_nn_standard.u_accel/gen_hl2[15].hl2_lif/spike_prev0_carry__1_i_5__4/O
                         net (fo=1, routed)           0.000    13.937    u_accel/gen_nn_standard.u_accel/gen_hl2[15].hl2_lif/spike_prev0_carry__1_i_5__4_n_0
    SLICE_X54Y23         CARRY4 (Prop_carry4_S[3]_CO[3])
                                                      0.376    14.313 r  u_accel/gen_nn_standard.u_accel/gen_hl2[15].hl2_lif/spike_prev0_carry__1/CO[3]
                         net (fo=1, routed)           0.740    15.053    u_accel/gen_nn_standard.u_accel/gen_hl2[15].hl2_lif/next_spike
    SLICE_X52Y24         LUT2 (Prop_lut2_I0_O)        0.124    15.177 r  u_accel/gen_nn_standard.u_accel/gen_hl2[15].hl2_lif/spike_prev_i_1__2/O
                         net (fo=1, routed)           0.000    15.177    u_accel/gen_nn_standard.u_accel/gen_hl2[15].hl2_lif/spike_prev_i_1__2_n_0
    SLICE_X52Y24         FDCE                                         r  u_accel/gen_nn_standard.u_accel/gen_hl2[15].hl2_lif/spike_prev_reg/D
  -------------------------------------------------------------------    -------------------

                         (clock sys_clk_pin rise edge)
                                                     10.000    10.000 r  
    E3                                                0.000    10.000 r  CLK100MHZ (IN)
                         net (fo=0)                   0.000    10.000    CLK100MHZ
    E3                   IBUF (Prop_ibuf_I_O)         1.411    11.411 r  CLK100MHZ_IBUF_inst/O
                         net (fo=1, routed)           1.920    13.331    CLK100MHZ_IBUF
    BUFGCTRL_X0Y16       BUFG (Prop_bufg_I_O)         0.091    13.422 r  CLK100MHZ_IBUF_BUFG_inst/O
                         net (fo=21494, routed)       1.652    15.074    u_accel/gen_nn_standard.u_accel/gen_hl2[15].hl2_lif/CLK100MHZ_IBUF_BUFG
    SLICE_X52Y24         FDCE                                         r  u_accel/gen_nn_standard.u_accel/gen_hl2[15].hl2_lif/spike_prev_reg/C
                         clock pessimism              0.267    15.342    
                         clock uncertainty           -0.035    15.306    
    SLICE_X52Y24         FDCE (Setup_fdce_C_D)        0.032    15.338    u_accel/gen_nn_standard.u_accel/gen_hl2[15].hl2_lif/spike_prev_reg
  -------------------------------------------------------------------
                         required time                         15.338    
                         arrival time                         -15.177    
  -------------------------------------------------------------------
                         slack                                  0.161    

Slack (MET) :             0.165ns  (required time - arrival time)
  Source:                 u_accel/gen_nn_standard.u_accel/gen_hl2[1].hl2_lif/membrane_potential_reg[23]/C
                            (rising edge-triggered cell FDCE clocked by sys_clk_pin  {rise@0.000ns fall@5.000ns period=10.000ns})
  Destination:            u_accel/gen_nn_standard.u_accel/gen_hl2[1].hl2_lif/spike_prev_reg/D
                            (rising edge-triggered cell FDCE clocked by sys_clk_pin  {rise@0.000ns fall@5.000ns period=10.000ns})
  Path Group:             sys_clk_pin
  Path Type:              Setup (Max at Slow Process Corner)
  Requirement:            10.000ns  (sys_clk_pin rise@10.000ns - sys_clk_pin rise@0.000ns)
  Data Path Delay:        9.810ns  (logic 6.625ns (67.535%)  route 3.185ns (32.465%))
  Logic Levels:           11  (CARRY4=7 DSP48E1=1 LUT2=3)
  Clock Path Skew:        -0.021ns (DCD - SCD + CPR)
    Destination Clock Delay (DCD):    4.933ns = ( 14.933 - 10.000 ) 
    Source Clock Delay      (SCD):    5.231ns
    Clock Pessimism Removal (CPR):    0.277ns
  Clock Uncertainty:      0.035ns  ((TSJ^2 + TIJ^2)^1/2 + DJ) / 2 + PE
    Total System Jitter     (TSJ):    0.071ns
    Total Input Jitter      (TIJ):    0.000ns
    Discrete Jitter          (DJ):    0.000ns
    Phase Error              (PE):    0.000ns

    Location             Delay type                Incr(ns)  Path(ns)    Netlist Resource(s)
  -------------------------------------------------------------------    -------------------
                         (clock sys_clk_pin rise edge)
                                                      0.000     0.000 r  
    E3                                                0.000     0.000 r  CLK100MHZ (IN)
                         net (fo=0)                   0.000     0.000    CLK100MHZ
    E3                   IBUF (Prop_ibuf_I_O)         1.482     1.482 r  CLK100MHZ_IBUF_inst/O
                         net (fo=1, routed)           2.025     3.506    CLK100MHZ_IBUF
    BUFGCTRL_X0Y16       BUFG (Prop_bufg_I_O)         0.096     3.602 r  CLK100MHZ_IBUF_BUFG_inst/O
                         net (fo=21494, routed)       1.628     5.231    u_accel/gen_nn_standard.u_accel/gen_hl2[1].hl2_lif/CLK100MHZ_IBUF_BUFG
    SLICE_X9Y76          FDCE                                         r  u_accel/gen_nn_standard.u_accel/gen_hl2[1].hl2_lif/membrane_potential_reg[23]/C
  -------------------------------------------------------------------    -------------------
    SLICE_X9Y76          FDCE (Prop_fdce_C_Q)         0.419     5.650 r  u_accel/gen_nn_standard.u_accel/gen_hl2[1].hl2_lif/membrane_potential_reg[23]/Q
                         net (fo=27, routed)          0.784     6.434    u_accel/gen_nn_standard.u_accel/gen_hl2[1].hl2_lif/membrane_out[23]
    DSP48_X0Y30          DSP48E1 (Prop_dsp48e1_A[28]_P[8])
                                                      4.016    10.450 r  u_accel/gen_nn_standard.u_accel/gen_hl2[1].hl2_lif/membrane_potential3/P[8]
                         net (fo=2, routed)           0.953    11.404    u_accel/gen_nn_standard.u_accel/gen_hl2[1].hl2_lif/membrane_potential2[1]
    SLICE_X10Y74         LUT2 (Prop_lut2_I0_O)        0.124    11.528 r  u_accel/gen_nn_standard.u_accel/gen_hl2[1].hl2_lif/membrane_potential[3]_i_5__22/O
                         net (fo=1, routed)           0.000    11.528    u_accel/gen_nn_standard.u_accel/gen_hl2[1].hl2_lif/membrane_potential[3]_i_5__22_n_0
    SLICE_X10Y74         CARRY4 (Prop_carry4_S[1]_CO[3])
                                                      0.533    12.061 r  u_accel/gen_nn_standard.u_accel/gen_hl2[1].hl2_lif/membrane_potential_reg[3]_i_2__22/CO[3]
                         net (fo=1, routed)           0.009    12.070    u_accel/gen_nn_standard.u_accel/gen_hl2[1].hl2_lif/membrane_potential_reg[3]_i_2__22_n_0
    SLICE_X10Y75         CARRY4 (Prop_carry4_CI_CO[3])
                                                      0.117    12.187 r  u_accel/gen_nn_standard.u_accel/gen_hl2[1].hl2_lif/membrane_potential_reg[7]_i_2__22/CO[3]
                         net (fo=1, routed)           0.000    12.187    u_accel/gen_nn_standard.u_accel/gen_hl2[1].hl2_lif/membrane_potential_reg[7]_i_2__22_n_0
    SLICE_X10Y76         CARRY4 (Prop_carry4_CI_CO[3])
                                                      0.117    12.304 r  u_accel/gen_nn_standard.u_accel/gen_hl2[1].hl2_lif/membrane_potential_reg[11]_i_2__22/CO[3]
                         net (fo=1, routed)           0.000    12.304    u_accel/gen_nn_standard.u_accel/gen_hl2[1].hl2_lif/membrane_potential_reg[11]_i_2__22_n_0
    SLICE_X10Y77         CARRY4 (Prop_carry4_CI_CO[3])
                                                      0.117    12.421 r  u_accel/gen_nn_standard.u_accel/gen_hl2[1].hl2_lif/membrane_potential_reg[15]_i_2__22/CO[3]
                         net (fo=1, routed)           0.000    12.421    u_accel/gen_nn_standard.u_accel/gen_hl2[1].hl2_lif/membrane_potential_reg[15]_i_2__22_n_0
    SLICE_X10Y78         CARRY4 (Prop_carry4_CI_CO[3])
                                                      0.117    12.538 r  u_accel/gen_nn_standard.u_accel/gen_hl2[1].hl2_lif/membrane_potential_reg[19]_i_2__22/CO[3]
                         net (fo=1, routed)           0.000    12.538    u_accel/gen_nn_standard.u_accel/gen_hl2[1].hl2_lif/membrane_potential_reg[19]_i_2__22_n_0
    SLICE_X10Y79         CARRY4 (Prop_carry4_CI_O[2])
                                                      0.239    12.777 f  u_accel/gen_nn_standard.u_accel/gen_hl2[1].hl2_lif/membrane_potential_reg[23]_i_2__21/O[2]
                         net (fo=3, routed)           0.822    13.599    u_accel/gen_nn_standard.u_accel/gen_hl2[1].hl2_lif/membrane_potential0[22]
    SLICE_X11Y78         LUT2 (Prop_lut2_I0_O)        0.301    13.900 r  u_accel/gen_nn_standard.u_accel/gen_hl2[1].hl2_lif/spike_prev_i_8__22/O
                         net (fo=1, routed)           0.000    13.900    u_accel/gen_nn_standard.u_accel/gen_hl2[1].hl2_lif/spike_prev_i_8__22_n_0
    SLICE_X11Y78         CARRY4 (Prop_carry4_S[3]_CO[3])
                                                      0.401    14.301 r  u_accel/gen_nn_standard.u_accel/gen_hl2[1].hl2_lif/spike_prev_reg_i_2__22/CO[3]
                         net (fo=1, routed)           0.616    14.916    u_accel/gen_nn_standard.u_accel/gen_hl2[1].hl2_lif/next_spike
    SLICE_X9Y77          LUT2 (Prop_lut2_I0_O)        0.124    15.040 r  u_accel/gen_nn_standard.u_accel/gen_hl2[1].hl2_lif/spike_prev_i_1__20/O
                         net (fo=1, routed)           0.000    15.040    u_accel/gen_nn_standard.u_accel/gen_hl2[1].hl2_lif/spike_prev_i_1__20_n_0
    SLICE_X9Y77          FDCE                                         r  u_accel/gen_nn_standard.u_accel/gen_hl2[1].hl2_lif/spike_prev_reg/D
  -------------------------------------------------------------------    -------------------

                         (clock sys_clk_pin rise edge)
                                                     10.000    10.000 r  
    E3                                                0.000    10.000 r  CLK100MHZ (IN)
                         net (fo=0)                   0.000    10.000    CLK100MHZ
    E3                   IBUF (Prop_ibuf_I_O)         1.411    11.411 r  CLK100MHZ_IBUF_inst/O
                         net (fo=1, routed)           1.920    13.331    CLK100MHZ_IBUF
    BUFGCTRL_X0Y16       BUFG (Prop_bufg_I_O)         0.091    13.422 r  CLK100MHZ_IBUF_BUFG_inst/O
                         net (fo=21494, routed)       1.510    14.933    u_accel/gen_nn_standard.u_accel/gen_hl2[1].hl2_lif/CLK100MHZ_IBUF_BUFG
    SLICE_X9Y77          FDCE                                         r  u_accel/gen_nn_standard.u_accel/gen_hl2[1].hl2_lif/spike_prev_reg/C
                         clock pessimism              0.277    15.210    
                         clock uncertainty           -0.035    15.174    
    SLICE_X9Y77          FDCE (Setup_fdce_C_D)        0.031    15.205    u_accel/gen_nn_standard.u_accel/gen_hl2[1].hl2_lif/spike_prev_reg
  -------------------------------------------------------------------
                         required time                         15.205    
                         arrival time                         -15.040    
  -------------------------------------------------------------------
                         slack                                  0.165    

Slack (MET) :             0.168ns  (required time - arrival time)
  Source:                 u_accel/gen_nn_standard.u_accel/gen_hl1_lif[11].hl1_lif/membrane_potential_reg[23]/C
                            (rising edge-triggered cell FDCE clocked by sys_clk_pin  {rise@0.000ns fall@5.000ns period=10.000ns})
  Destination:            u_accel/gen_nn_standard.u_accel/gen_hl1_lif[11].hl1_lif/spike_prev_reg/D
                            (rising edge-triggered cell FDCE clocked by sys_clk_pin  {rise@0.000ns fall@5.000ns period=10.000ns})
  Path Group:             sys_clk_pin
  Path Type:              Setup (Max at Slow Process Corner)
  Requirement:            10.000ns  (sys_clk_pin rise@10.000ns - sys_clk_pin rise@0.000ns)
  Data Path Delay:        9.855ns  (logic 6.739ns (68.383%)  route 3.116ns (31.617%))
  Logic Levels:           10  (CARRY4=6 DSP48E1=1 LUT2=3)
  Clock Path Skew:        -0.019ns (DCD - SCD + CPR)
    Destination Clock Delay (DCD):    4.922ns = ( 14.922 - 10.000 ) 
    Source Clock Delay      (SCD):    5.217ns
    Clock Pessimism Removal (CPR):    0.276ns
  Clock Uncertainty:      0.035ns  ((TSJ^2 + TIJ^2)^1/2 + DJ) / 2 + PE
    Total System Jitter     (TSJ):    0.071ns
    Total Input Jitter      (TIJ):    0.000ns
    Discrete Jitter          (DJ):    0.000ns
    Phase Error              (PE):    0.000ns

    Location             Delay type                Incr(ns)  Path(ns)    Netlist Resource(s)
  -------------------------------------------------------------------    -------------------
                         (clock sys_clk_pin rise edge)
                                                      0.000     0.000 r  
    E3                                                0.000     0.000 r  CLK100MHZ (IN)
                         net (fo=0)                   0.000     0.000    CLK100MHZ
    E3                   IBUF (Prop_ibuf_I_O)         1.482     1.482 r  CLK100MHZ_IBUF_inst/O
                         net (fo=1, routed)           2.025     3.506    CLK100MHZ_IBUF
    BUFGCTRL_X0Y16       BUFG (Prop_bufg_I_O)         0.096     3.602 r  CLK100MHZ_IBUF_BUFG_inst/O
                         net (fo=21494, routed)       1.614     5.217    u_accel/gen_nn_standard.u_accel/gen_hl1_lif[11].hl1_lif/CLK100MHZ_IBUF_BUFG
    SLICE_X55Y81         FDCE                                         r  u_accel/gen_nn_standard.u_accel/gen_hl1_lif[11].hl1_lif/membrane_potential_reg[23]/C
  -------------------------------------------------------------------    -------------------
    SLICE_X55Y81         FDCE (Prop_fdce_C_Q)         0.419     5.636 r  u_accel/gen_nn_standard.u_accel/gen_hl1_lif[11].hl1_lif/membrane_potential_reg[23]/Q
                         net (fo=7, routed)           0.769     6.404    u_accel/gen_nn_standard.u_accel/gen_hl1_lif[11].hl1_lif/membrane_potential_reg_n_0_[23]
    DSP48_X1Y32          DSP48E1 (Prop_dsp48e1_A[28]_P[8])
                                                      4.016    10.420 r  u_accel/gen_nn_standard.u_accel/gen_hl1_lif[11].hl1_lif/membrane_potential3/P[8]
                         net (fo=2, routed)           0.920    11.341    u_accel/gen_nn_standard.u_accel/gen_hl1_lif[11].hl1_lif/membrane_potential2[1]
    SLICE_X56Y80         LUT2 (Prop_lut2_I0_O)        0.124    11.465 r  u_accel/gen_nn_standard.u_accel/gen_hl1_lif[11].hl1_lif/membrane_potential[3]_i_5__45/O
                         net (fo=1, routed)           0.000    11.465    u_accel/gen_nn_standard.u_accel/gen_hl1_lif[11].hl1_lif/membrane_potential[3]_i_5__45_n_0
    SLICE_X56Y80         CARRY4 (Prop_carry4_S[1]_CO[3])
                                                      0.533    11.998 r  u_accel/gen_nn_standard.u_accel/gen_hl1_lif[11].hl1_lif/membrane_potential_reg[3]_i_2__45/CO[3]
                         net (fo=1, routed)           0.000    11.998    u_accel/gen_nn_standard.u_accel/gen_hl1_lif[11].hl1_lif/membrane_potential_reg[3]_i_2__45_n_0
    SLICE_X56Y81         CARRY4 (Prop_carry4_CI_CO[3])
                                                      0.117    12.115 r  u_accel/gen_nn_standard.u_accel/gen_hl1_lif[11].hl1_lif/membrane_potential_reg[7]_i_2__45/CO[3]
                         net (fo=1, routed)           0.000    12.115    u_accel/gen_nn_standard.u_accel/gen_hl1_lif[11].hl1_lif/membrane_potential_reg[7]_i_2__45_n_0
    SLICE_X56Y82         CARRY4 (Prop_carry4_CI_CO[3])
                                                      0.117    12.232 r  u_accel/gen_nn_standard.u_accel/gen_hl1_lif[11].hl1_lif/membrane_potential_reg[11]_i_2__45/CO[3]
                         net (fo=1, routed)           0.000    12.232    u_accel/gen_nn_standard.u_accel/gen_hl1_lif[11].hl1_lif/membrane_potential_reg[11]_i_2__45_n_0
    SLICE_X56Y83         CARRY4 (Prop_carry4_CI_CO[3])
                                                      0.117    12.349 r  u_accel/gen_nn_standard.u_accel/gen_hl1_lif[11].hl1_lif/membrane_potential_reg[15]_i_2__45/CO[3]
                         net (fo=1, routed)           0.000    12.349    u_accel/gen_nn_standard.u_accel/gen_hl1_lif[11].hl1_lif/membrane_potential_reg[15]_i_2__45_n_0
    SLICE_X56Y84         CARRY4 (Prop_carry4_CI_O[3])
                                                      0.315    12.664 f  u_accel/gen_nn_standard.u_accel/gen_hl1_lif[11].hl1_lif/membrane_potential_reg[19]_i_2__45/O[3]
                         net (fo=3, routed)           0.663    13.327    u_accel/gen_nn_standard.u_accel/gen_hl1_lif[11].hl1_lif/membrane_potential0[19]
    SLICE_X57Y84         LUT2 (Prop_lut2_I1_O)        0.307    13.634 r  u_accel/gen_nn_standard.u_accel/gen_hl1_lif[11].hl1_lif/spike_prev_i_10__45/O
                         net (fo=1, routed)           0.000    13.634    u_accel/gen_nn_standard.u_accel/gen_hl1_lif[11].hl1_lif/spike_prev_i_10__45_n_0
    SLICE_X57Y84         CARRY4 (Prop_carry4_S[1]_CO[3])
                                                      0.550    14.184 r  u_accel/gen_nn_standard.u_accel/gen_hl1_lif[11].hl1_lif/spike_prev_reg_i_2__45/CO[3]
                         net (fo=1, routed)           0.764    14.948    u_accel/gen_nn_standard.u_accel/gen_hl1_lif[11].hl1_lif/next_spike
    SLICE_X54Y85         LUT2 (Prop_lut2_I0_O)        0.124    15.072 r  u_accel/gen_nn_standard.u_accel/gen_hl1_lif[11].hl1_lif/spike_prev_i_1__49/O
                         net (fo=1, routed)           0.000    15.072    u_accel/gen_nn_standard.u_accel/gen_hl1_lif[11].hl1_lif/spike_prev_i_1__49_n_0
    SLICE_X54Y85         FDCE                                         r  u_accel/gen_nn_standard.u_accel/gen_hl1_lif[11].hl1_lif/spike_prev_reg/D
  -------------------------------------------------------------------    -------------------

                         (clock sys_clk_pin rise edge)
                                                     10.000    10.000 r  
    E3                                                0.000    10.000 r  CLK100MHZ (IN)
                         net (fo=0)                   0.000    10.000    CLK100MHZ
    E3                   IBUF (Prop_ibuf_I_O)         1.411    11.411 r  CLK100MHZ_IBUF_inst/O
                         net (fo=1, routed)           1.920    13.331    CLK100MHZ_IBUF
    BUFGCTRL_X0Y16       BUFG (Prop_bufg_I_O)         0.091    13.422 r  CLK100MHZ_IBUF_BUFG_inst/O
                         net (fo=21494, routed)       1.499    14.922    u_accel/gen_nn_standard.u_accel/gen_hl1_lif[11].hl1_lif/CLK100MHZ_IBUF_BUFG
    SLICE_X54Y85         FDCE                                         r  u_accel/gen_nn_standard.u_accel/gen_hl1_lif[11].hl1_lif/spike_prev_reg/C
                         clock pessimism              0.276    15.198    
                         clock uncertainty           -0.035    15.162    
    SLICE_X54Y85         FDCE (Setup_fdce_C_D)        0.077    15.239    u_accel/gen_nn_standard.u_accel/gen_hl1_lif[11].hl1_lif/spike_prev_reg
  -------------------------------------------------------------------
                         required time                         15.239    
                         arrival time                         -15.072    
  -------------------------------------------------------------------
                         slack                                  0.168    





Min Delay Paths
--------------------------------------------------------------------------------------
Slack (MET) :             0.041ns  (arrival time - required time)
  Source:                 u_accel/gen_nn_standard.u_accel/gen_hl2[0].membrane_buf/membrane_out_reg[15]/C
                            (rising edge-triggered cell FDCE clocked by sys_clk_pin  {rise@0.000ns fall@5.000ns period=10.000ns})
  Destination:            u_accel/gen_nn_standard.u_accel/q_accum/mem_sel_r_reg[0][0][15]/D
                            (rising edge-triggered cell FDCE clocked by sys_clk_pin  {rise@0.000ns fall@5.000ns period=10.000ns})
  Path Group:             sys_clk_pin
  Path Type:              Hold (Min at Fast Process Corner)
  Requirement:            0.000ns  (sys_clk_pin rise@0.000ns - sys_clk_pin rise@0.000ns)
  Data Path Delay:        0.409ns  (logic 0.257ns (62.840%)  route 0.152ns (37.160%))
  Logic Levels:           2  (LUT6=1 MUXF7=1)
  Clock Path Skew:        0.263ns (DCD - SCD - CPR)
    Destination Clock Delay (DCD):    1.988ns
    Source Clock Delay      (SCD):    1.474ns
    Clock Pessimism Removal (CPR):    0.250ns

    Location             Delay type                Incr(ns)  Path(ns)    Netlist Resource(s)
  -------------------------------------------------------------------    -------------------
                         (clock sys_clk_pin rise edge)
                                                      0.000     0.000 r  
    E3                                                0.000     0.000 r  CLK100MHZ (IN)
                         net (fo=0)                   0.000     0.000    CLK100MHZ
    E3                   IBUF (Prop_ibuf_I_O)         0.250     0.250 r  CLK100MHZ_IBUF_inst/O
                         net (fo=1, routed)           0.644     0.894    CLK100MHZ_IBUF
    BUFGCTRL_X0Y16       BUFG (Prop_bufg_I_O)         0.026     0.920 r  CLK100MHZ_IBUF_BUFG_inst/O
                         net (fo=21494, routed)       0.555     1.474    u_accel/gen_nn_standard.u_accel/gen_hl2[0].membrane_buf/CLK100MHZ_IBUF_BUFG
    SLICE_X52Y79         FDCE                                         r  u_accel/gen_nn_standard.u_accel/gen_hl2[0].membrane_buf/membrane_out_reg[15]/C
  -------------------------------------------------------------------    -------------------
    SLICE_X52Y79         FDCE (Prop_fdce_C_Q)         0.141     1.615 r  u_accel/gen_nn_standard.u_accel/gen_hl2[0].membrane_buf/membrane_out_reg[15]/Q
                         net (fo=1, routed)           0.152     1.767    u_accel/gen_nn_standard.u_accel/q_accum/mem_sel_r_reg[0][0][23]_3[15]
    SLICE_X51Y78         LUT6 (Prop_lut6_I5_O)        0.045     1.812 r  u_accel/gen_nn_standard.u_accel/q_accum/mem_sel_r[0][0][15]_i_2/O
                         net (fo=1, routed)           0.000     1.812    u_accel/gen_nn_standard.u_accel/q_accum/mem_sel_r[0][0][15]_i_2_n_0
    SLICE_X51Y78         MUXF7 (Prop_muxf7_I0_O)      0.071     1.883 r  u_accel/gen_nn_standard.u_accel/q_accum/mem_sel_r_reg[0][0][15]_i_1/O
                         net (fo=1, routed)           0.000     1.883    u_accel/gen_nn_standard.u_accel/q_accum/mem_sel_r_reg[0][0][15]_i_1_n_0
    SLICE_X51Y78         FDCE                                         r  u_accel/gen_nn_standard.u_accel/q_accum/mem_sel_r_reg[0][0][15]/D
  -------------------------------------------------------------------    -------------------

                         (clock sys_clk_pin rise edge)
                                                      0.000     0.000 r  
    E3                                                0.000     0.000 r  CLK100MHZ (IN)
                         net (fo=0)                   0.000     0.000    CLK100MHZ
    E3                   IBUF (Prop_ibuf_I_O)         0.438     0.438 r  CLK100MHZ_IBUF_inst/O
                         net (fo=1, routed)           0.699     1.136    CLK100MHZ_IBUF
    BUFGCTRL_X0Y16       BUFG (Prop_bufg_I_O)         0.029     1.165 r  CLK100MHZ_IBUF_BUFG_inst/O
                         net (fo=21494, routed)       0.823     1.988    u_accel/gen_nn_standard.u_accel/q_accum/CLK100MHZ_IBUF_BUFG
    SLICE_X51Y78         FDCE                                         r  u_accel/gen_nn_standard.u_accel/q_accum/mem_sel_r_reg[0][0][15]/C
                         clock pessimism             -0.250     1.737    
    SLICE_X51Y78         FDCE (Hold_fdce_C_D)         0.105     1.842    u_accel/gen_nn_standard.u_accel/q_accum/mem_sel_r_reg[0][0][15]
  -------------------------------------------------------------------
                         required time                         -1.842    
                         arrival time                           1.883    
  -------------------------------------------------------------------
                         slack                                  0.041    

Slack (MET) :             0.057ns  (arrival time - required time)
  Source:                 u_accel/gen_nn_standard.u_accel/gen_hl2[20].hl2_lif/membrane_potential_reg[3]/C
                            (rising edge-triggered cell FDCE clocked by sys_clk_pin  {rise@0.000ns fall@5.000ns period=10.000ns})
  Destination:            u_accel/gen_nn_standard.u_accel/gen_hl2[20].membrane_buf/membrane_storage_reg[18][3]/D
                            (rising edge-triggered cell FDCE clocked by sys_clk_pin  {rise@0.000ns fall@5.000ns period=10.000ns})
  Path Group:             sys_clk_pin
  Path Type:              Hold (Min at Fast Process Corner)
  Requirement:            0.000ns  (sys_clk_pin rise@0.000ns - sys_clk_pin rise@0.000ns)
  Data Path Delay:        0.408ns  (logic 0.128ns (31.403%)  route 0.280ns (68.597%))
  Logic Levels:           0  
  Clock Path Skew:        0.338ns (DCD - SCD - CPR)
    Destination Clock Delay (DCD):    2.073ns
    Source Clock Delay      (SCD):    1.484ns
    Clock Pessimism Removal (CPR):    0.250ns

    Location             Delay type                Incr(ns)  Path(ns)    Netlist Resource(s)
  -------------------------------------------------------------------    -------------------
                         (clock sys_clk_pin rise edge)
                                                      0.000     0.000 r  
    E3                                                0.000     0.000 r  CLK100MHZ (IN)
                         net (fo=0)                   0.000     0.000    CLK100MHZ
    E3                   IBUF (Prop_ibuf_I_O)         0.250     0.250 r  CLK100MHZ_IBUF_inst/O
                         net (fo=1, routed)           0.644     0.894    CLK100MHZ_IBUF
    BUFGCTRL_X0Y16       BUFG (Prop_bufg_I_O)         0.026     0.920 r  CLK100MHZ_IBUF_BUFG_inst/O
                         net (fo=21494, routed)       0.565     1.484    u_accel/gen_nn_standard.u_accel/gen_hl2[20].hl2_lif/CLK100MHZ_IBUF_BUFG
    SLICE_X57Y56         FDCE                                         r  u_accel/gen_nn_standard.u_accel/gen_hl2[20].hl2_lif/membrane_potential_reg[3]/C
  -------------------------------------------------------------------    -------------------
    SLICE_X57Y56         FDCE (Prop_fdce_C_Q)         0.128     1.612 r  u_accel/gen_nn_standard.u_accel/gen_hl2[20].hl2_lif/membrane_potential_reg[3]/Q
                         net (fo=21, routed)          0.280     1.892    u_accel/gen_nn_standard.u_accel/gen_hl2[20].membrane_buf/D[3]
    SLICE_X59Y49         FDCE                                         r  u_accel/gen_nn_standard.u_accel/gen_hl2[20].membrane_buf/membrane_storage_reg[18][3]/D
  -------------------------------------------------------------------    -------------------

                         (clock sys_clk_pin rise edge)
                                                      0.000     0.000 r  
    E3                                                0.000     0.000 r  CLK100MHZ (IN)
                         net (fo=0)                   0.000     0.000    CLK100MHZ
    E3                   IBUF (Prop_ibuf_I_O)         0.438     0.438 r  CLK100MHZ_IBUF_inst/O
                         net (fo=1, routed)           0.699     1.136    CLK100MHZ_IBUF
    BUFGCTRL_X0Y16       BUFG (Prop_bufg_I_O)         0.029     1.165 r  CLK100MHZ_IBUF_BUFG_inst/O
                         net (fo=21494, routed)       0.908     2.073    u_accel/gen_nn_standard.u_accel/gen_hl2[20].membrane_buf/CLK100MHZ_IBUF_BUFG
    SLICE_X59Y49         FDCE                                         r  u_accel/gen_nn_standard.u_accel/gen_hl2[20].membrane_buf/membrane_storage_reg[18][3]/C
                         clock pessimism             -0.250     1.822    
    SLICE_X59Y49         FDCE (Hold_fdce_C_D)         0.013     1.835    u_accel/gen_nn_standard.u_accel/gen_hl2[20].membrane_buf/membrane_storage_reg[18][3]
  -------------------------------------------------------------------
                         required time                         -1.835    
                         arrival time                           1.892    
  -------------------------------------------------------------------
                         slack                                  0.057    

Slack (MET) :             0.057ns  (arrival time - required time)
  Source:                 u_accel/gen_nn_standard.u_accel/gen_hl2[28].membrane_buf/membrane_out_reg[1]/C
                            (rising edge-triggered cell FDCE clocked by sys_clk_pin  {rise@0.000ns fall@5.000ns period=10.000ns})
  Destination:            u_accel/gen_nn_standard.u_accel/q_accum/mem_sel_r_reg[0][0][1]/D
                            (rising edge-triggered cell FDCE clocked by sys_clk_pin  {rise@0.000ns fall@5.000ns period=10.000ns})
  Path Group:             sys_clk_pin
  Path Type:              Hold (Min at Fast Process Corner)
  Requirement:            0.000ns  (sys_clk_pin rise@0.000ns - sys_clk_pin rise@0.000ns)
  Data Path Delay:        0.391ns  (logic 0.273ns (69.886%)  route 0.118ns (30.114%))
  Logic Levels:           2  (LUT6=1 MUXF7=1)
  Clock Path Skew:        0.199ns (DCD - SCD - CPR)
    Destination Clock Delay (DCD):    2.003ns
    Source Clock Delay      (SCD):    1.553ns
    Clock Pessimism Removal (CPR):    0.250ns

    Location             Delay type                Incr(ns)  Path(ns)    Netlist Resource(s)
  -------------------------------------------------------------------    -------------------
                         (clock sys_clk_pin rise edge)
                                                      0.000     0.000 r  
    E3                                                0.000     0.000 r  CLK100MHZ (IN)
                         net (fo=0)                   0.000     0.000    CLK100MHZ
    E3                   IBUF (Prop_ibuf_I_O)         0.250     0.250 r  CLK100MHZ_IBUF_inst/O
                         net (fo=1, routed)           0.644     0.894    CLK100MHZ_IBUF
    BUFGCTRL_X0Y16       BUFG (Prop_bufg_I_O)         0.026     0.920 r  CLK100MHZ_IBUF_BUFG_inst/O
                         net (fo=21494, routed)       0.633     1.553    u_accel/gen_nn_standard.u_accel/gen_hl2[28].membrane_buf/CLK100MHZ_IBUF_BUFG
    SLICE_X60Y49         FDCE                                         r  u_accel/gen_nn_standard.u_accel/gen_hl2[28].membrane_buf/membrane_out_reg[1]/C
  -------------------------------------------------------------------    -------------------
    SLICE_X60Y49         FDCE (Prop_fdce_C_Q)         0.164     1.717 r  u_accel/gen_nn_standard.u_accel/gen_hl2[28].membrane_buf/membrane_out_reg[1]/Q
                         net (fo=1, routed)           0.118     1.835    u_accel/gen_nn_standard.u_accel/q_accum/mem_sel_r_reg[0][0][23]_4[1]
    SLICE_X60Y51         LUT6 (Prop_lut6_I0_O)        0.045     1.880 r  u_accel/gen_nn_standard.u_accel/q_accum/mem_sel_r[0][0][1]_i_3/O
                         net (fo=1, routed)           0.000     1.880    u_accel/gen_nn_standard.u_accel/q_accum/mem_sel_r[0][0][1]_i_3_n_0
    SLICE_X60Y51         MUXF7 (Prop_muxf7_I1_O)      0.064     1.944 r  u_accel/gen_nn_standard.u_accel/q_accum/mem_sel_r_reg[0][0][1]_i_1/O
                         net (fo=1, routed)           0.000     1.944    u_accel/gen_nn_standard.u_accel/q_accum/mem_sel_r_reg[0][0][1]_i_1_n_0
    SLICE_X60Y51         FDCE                                         r  u_accel/gen_nn_standard.u_accel/q_accum/mem_sel_r_reg[0][0][1]/D
  -------------------------------------------------------------------    -------------------

                         (clock sys_clk_pin rise edge)
                                                      0.000     0.000 r  
    E3                                                0.000     0.000 r  CLK100MHZ (IN)
                         net (fo=0)                   0.000     0.000    CLK100MHZ
    E3                   IBUF (Prop_ibuf_I_O)         0.438     0.438 r  CLK100MHZ_IBUF_inst/O
                         net (fo=1, routed)           0.699     1.136    CLK100MHZ_IBUF
    BUFGCTRL_X0Y16       BUFG (Prop_bufg_I_O)         0.029     1.165 r  CLK100MHZ_IBUF_BUFG_inst/O
                         net (fo=21494, routed)       0.838     2.003    u_accel/gen_nn_standard.u_accel/q_accum/CLK100MHZ_IBUF_BUFG
    SLICE_X60Y51         FDCE                                         r  u_accel/gen_nn_standard.u_accel/q_accum/mem_sel_r_reg[0][0][1]/C
                         clock pessimism             -0.250     1.752    
    SLICE_X60Y51         FDCE (Hold_fdce_C_D)         0.134     1.886    u_accel/gen_nn_standard.u_accel/q_accum/mem_sel_r_reg[0][0][1]
  -------------------------------------------------------------------
                         required time                         -1.886    
                         arrival time                           1.944    
  -------------------------------------------------------------------
                         slack                                  0.057    

Slack (MET) :             0.061ns  (arrival time - required time)
  Source:                 u_accel/gen_nn_standard.u_accel/gen_hl2[28].membrane_buf/membrane_storage_reg[5][2]/C
                            (rising edge-triggered cell FDCE clocked by sys_clk_pin  {rise@0.000ns fall@5.000ns period=10.000ns})
  Destination:            u_accel/gen_nn_standard.u_accel/gen_hl2[28].membrane_buf/membrane_out_reg[2]/D
                            (rising edge-triggered cell FDCE clocked by sys_clk_pin  {rise@0.000ns fall@5.000ns period=10.000ns})
  Path Group:             sys_clk_pin
  Path Type:              Hold (Min at Fast Process Corner)
  Requirement:            0.000ns  (sys_clk_pin rise@0.000ns - sys_clk_pin rise@0.000ns)
  Data Path Delay:        0.518ns  (logic 0.359ns (69.275%)  route 0.159ns (30.725%))
  Logic Levels:           3  (LUT5=1 LUT6=1 MUXF7=1)
  Clock Path Skew:        0.337ns (DCD - SCD - CPR)
    Destination Clock Delay (DCD):    2.076ns
    Source Clock Delay      (SCD):    1.488ns
    Clock Pessimism Removal (CPR):    0.250ns

    Location             Delay type                Incr(ns)  Path(ns)    Netlist Resource(s)
  -------------------------------------------------------------------    -------------------
                         (clock sys_clk_pin rise edge)
                                                      0.000     0.000 r  
    E3                                                0.000     0.000 r  CLK100MHZ (IN)
                         net (fo=0)                   0.000     0.000    CLK100MHZ
    E3                   IBUF (Prop_ibuf_I_O)         0.250     0.250 r  CLK100MHZ_IBUF_inst/O
                         net (fo=1, routed)           0.644     0.894    CLK100MHZ_IBUF
    BUFGCTRL_X0Y16       BUFG (Prop_bufg_I_O)         0.026     0.920 r  CLK100MHZ_IBUF_BUFG_inst/O
                         net (fo=21494, routed)       0.569     1.488    u_accel/gen_nn_standard.u_accel/gen_hl2[28].membrane_buf/CLK100MHZ_IBUF_BUFG
    SLICE_X64Y50         FDCE                                         r  u_accel/gen_nn_standard.u_accel/gen_hl2[28].membrane_buf/membrane_storage_reg[5][2]/C
  -------------------------------------------------------------------    -------------------
    SLICE_X64Y50         FDCE (Prop_fdce_C_Q)         0.141     1.629 r  u_accel/gen_nn_standard.u_accel/gen_hl2[28].membrane_buf/membrane_storage_reg[5][2]/Q
                         net (fo=1, routed)           0.054     1.683    u_accel/gen_nn_standard.u_accel/gen_hl2[28].membrane_buf/membrane_storage_reg[5]_322[2]
    SLICE_X65Y50         LUT6 (Prop_lut6_I3_O)        0.045     1.728 r  u_accel/gen_nn_standard.u_accel/gen_hl2[28].membrane_buf/membrane_out[2]_i_8/O
                         net (fo=1, routed)           0.000     1.728    u_accel/gen_nn_standard.u_accel/gen_hl2[28].membrane_buf/membrane_out[2]_i_8_n_0
    SLICE_X65Y50         MUXF7 (Prop_muxf7_I1_O)      0.065     1.793 r  u_accel/gen_nn_standard.u_accel/gen_hl2[28].membrane_buf/membrane_out_reg[2]_i_4/O
                         net (fo=1, routed)           0.105     1.899    u_accel/gen_nn_standard.u_accel/gen_hl2[28].membrane_buf/membrane_out_reg[2]_i_4_n_0
    SLICE_X66Y49         LUT5 (Prop_lut5_I4_O)        0.108     2.007 r  u_accel/gen_nn_standard.u_accel/gen_hl2[28].membrane_buf/membrane_out[2]_i_1/O
                         net (fo=1, routed)           0.000     2.007    u_accel/gen_nn_standard.u_accel/gen_hl2[28].membrane_buf/membrane_storage[2]
    SLICE_X66Y49         FDCE                                         r  u_accel/gen_nn_standard.u_accel/gen_hl2[28].membrane_buf/membrane_out_reg[2]/D
  -------------------------------------------------------------------    -------------------

                         (clock sys_clk_pin rise edge)
                                                      0.000     0.000 r  
    E3                                                0.000     0.000 r  CLK100MHZ (IN)
                         net (fo=0)                   0.000     0.000    CLK100MHZ
    E3                   IBUF (Prop_ibuf_I_O)         0.438     0.438 r  CLK100MHZ_IBUF_inst/O
                         net (fo=1, routed)           0.699     1.136    CLK100MHZ_IBUF
    BUFGCTRL_X0Y16       BUFG (Prop_bufg_I_O)         0.029     1.165 r  CLK100MHZ_IBUF_BUFG_inst/O
                         net (fo=21494, routed)       0.911     2.076    u_accel/gen_nn_standard.u_accel/gen_hl2[28].membrane_buf/CLK100MHZ_IBUF_BUFG
    SLICE_X66Y49         FDCE                                         r  u_accel/gen_nn_standard.u_accel/gen_hl2[28].membrane_buf/membrane_out_reg[2]/C
                         clock pessimism             -0.250     1.825    
    SLICE_X66Y49         FDCE (Hold_fdce_C_D)         0.120     1.945    u_accel/gen_nn_standard.u_accel/gen_hl2[28].membrane_buf/membrane_out_reg[2]
  -------------------------------------------------------------------
                         required time                         -1.945    
                         arrival time                           2.007    
  -------------------------------------------------------------------
                         slack                                  0.061    

Slack (MET) :             0.062ns  (arrival time - required time)
  Source:                 u_accel/gen_nn_standard.u_accel/gen_hl2[0].membrane_buf/membrane_out_reg[14]/C
                            (rising edge-triggered cell FDCE clocked by sys_clk_pin  {rise@0.000ns fall@5.000ns period=10.000ns})
  Destination:            u_accel/gen_nn_standard.u_accel/q_accum/mem_sel_r_reg[0][0][14]/D
                            (rising edge-triggered cell FDCE clocked by sys_clk_pin  {rise@0.000ns fall@5.000ns period=10.000ns})
  Path Group:             sys_clk_pin
  Path Type:              Hold (Min at Fast Process Corner)
  Requirement:            0.000ns  (sys_clk_pin rise@0.000ns - sys_clk_pin rise@0.000ns)
  Data Path Delay:        0.430ns  (logic 0.248ns (57.710%)  route 0.182ns (42.290%))
  Logic Levels:           2  (LUT6=1 MUXF7=1)
  Clock Path Skew:        0.263ns (DCD - SCD - CPR)
    Destination Clock Delay (DCD):    1.988ns
    Source Clock Delay      (SCD):    1.474ns
    Clock Pessimism Removal (CPR):    0.250ns

    Location             Delay type                Incr(ns)  Path(ns)    Netlist Resource(s)
  -------------------------------------------------------------------    -------------------
                         (clock sys_clk_pin rise edge)
                                                      0.000     0.000 r  
    E3                                                0.000     0.000 r  CLK100MHZ (IN)
                         net (fo=0)                   0.000     0.000    CLK100MHZ
    E3                   IBUF (Prop_ibuf_I_O)         0.250     0.250 r  CLK100MHZ_IBUF_inst/O
                         net (fo=1, routed)           0.644     0.894    CLK100MHZ_IBUF
    BUFGCTRL_X0Y16       BUFG (Prop_bufg_I_O)         0.026     0.920 r  CLK100MHZ_IBUF_BUFG_inst/O
                         net (fo=21494, routed)       0.555     1.474    u_accel/gen_nn_standard.u_accel/gen_hl2[0].membrane_buf/CLK100MHZ_IBUF_BUFG
    SLICE_X52Y79         FDCE                                         r  u_accel/gen_nn_standard.u_accel/gen_hl2[0].membrane_buf/membrane_out_reg[14]/C
  -------------------------------------------------------------------    -------------------
    SLICE_X52Y79         FDCE (Prop_fdce_C_Q)         0.141     1.615 r  u_accel/gen_nn_standard.u_accel/gen_hl2[0].membrane_buf/membrane_out_reg[14]/Q
                         net (fo=1, routed)           0.182     1.797    u_accel/gen_nn_standard.u_accel/q_accum/mem_sel_r_reg[0][0][23]_3[14]
    SLICE_X51Y78         LUT6 (Prop_lut6_I5_O)        0.045     1.842 r  u_accel/gen_nn_standard.u_accel/q_accum/mem_sel_r[0][0][14]_i_2/O
                         net (fo=1, routed)           0.000     1.842    u_accel/gen_nn_standard.u_accel/q_accum/mem_sel_r[0][0][14]_i_2_n_0
    SLICE_X51Y78         MUXF7 (Prop_muxf7_I0_O)      0.062     1.904 r  u_accel/gen_nn_standard.u_accel/q_accum/mem_sel_r_reg[0][0][14]_i_1/O
                         net (fo=1, routed)           0.000     1.904    u_accel/gen_nn_standard.u_accel/q_accum/mem_sel_r_reg[0][0][14]_i_1_n_0
    SLICE_X51Y78         FDCE                                         r  u_accel/gen_nn_standard.u_accel/q_accum/mem_sel_r_reg[0][0][14]/D
  -------------------------------------------------------------------    -------------------

                         (clock sys_clk_pin rise edge)
                                                      0.000     0.000 r  
    E3                                                0.000     0.000 r  CLK100MHZ (IN)
                         net (fo=0)                   0.000     0.000    CLK100MHZ
    E3                   IBUF (Prop_ibuf_I_O)         0.438     0.438 r  CLK100MHZ_IBUF_inst/O
                         net (fo=1, routed)           0.699     1.136    CLK100MHZ_IBUF
    BUFGCTRL_X0Y16       BUFG (Prop_bufg_I_O)         0.029     1.165 r  CLK100MHZ_IBUF_BUFG_inst/O
                         net (fo=21494, routed)       0.823     1.988    u_accel/gen_nn_standard.u_accel/q_accum/CLK100MHZ_IBUF_BUFG
    SLICE_X51Y78         FDCE                                         r  u_accel/gen_nn_standard.u_accel/q_accum/mem_sel_r_reg[0][0][14]/C
                         clock pessimism             -0.250     1.737    
    SLICE_X51Y78         FDCE (Hold_fdce_C_D)         0.105     1.842    u_accel/gen_nn_standard.u_accel/q_accum/mem_sel_r_reg[0][0][14]
  -------------------------------------------------------------------
                         required time                         -1.842    
                         arrival time                           1.904    
  -------------------------------------------------------------------
                         slack                                  0.062    

Slack (MET) :             0.062ns  (arrival time - required time)
  Source:                 u_accel/gen_nn_standard.u_accel/gen_hl2[16].membrane_buf/membrane_out_reg[0]/C
                            (rising edge-triggered cell FDCE clocked by sys_clk_pin  {rise@0.000ns fall@5.000ns period=10.000ns})
  Destination:            u_accel/gen_nn_standard.u_accel/q_accum/mem_sel_r_reg[0][0][0]/D
                            (rising edge-triggered cell FDCE clocked by sys_clk_pin  {rise@0.000ns fall@5.000ns period=10.000ns})
  Path Group:             sys_clk_pin
  Path Type:              Hold (Min at Fast Process Corner)
  Requirement:            0.000ns  (sys_clk_pin rise@0.000ns - sys_clk_pin rise@0.000ns)
  Data Path Delay:        0.434ns  (logic 0.251ns (57.778%)  route 0.183ns (42.222%))
  Logic Levels:           2  (LUT6=1 MUXF7=1)
  Clock Path Skew:        0.267ns (DCD - SCD - CPR)
    Destination Clock Delay (DCD):    2.001ns
    Source Clock Delay      (SCD):    1.483ns
    Clock Pessimism Removal (CPR):    0.250ns

    Location             Delay type                Incr(ns)  Path(ns)    Netlist Resource(s)
  -------------------------------------------------------------------    -------------------
                         (clock sys_clk_pin rise edge)
                                                      0.000     0.000 r  
    E3                                                0.000     0.000 r  CLK100MHZ (IN)
                         net (fo=0)                   0.000     0.000    CLK100MHZ
    E3                   IBUF (Prop_ibuf_I_O)         0.250     0.250 r  CLK100MHZ_IBUF_inst/O
                         net (fo=1, routed)           0.644     0.894    CLK100MHZ_IBUF
    BUFGCTRL_X0Y16       BUFG (Prop_bufg_I_O)         0.026     0.920 r  CLK100MHZ_IBUF_BUFG_inst/O
                         net (fo=21494, routed)       0.564     1.483    u_accel/gen_nn_standard.u_accel/gen_hl2[16].membrane_buf/CLK100MHZ_IBUF_BUFG
    SLICE_X52Y53         FDCE                                         r  u_accel/gen_nn_standard.u_accel/gen_hl2[16].membrane_buf/membrane_out_reg[0]/C
  -------------------------------------------------------------------    -------------------
    SLICE_X52Y53         FDCE (Prop_fdce_C_Q)         0.141     1.624 r  u_accel/gen_nn_standard.u_accel/gen_hl2[16].membrane_buf/membrane_out_reg[0]/Q
                         net (fo=1, routed)           0.183     1.808    u_accel/gen_nn_standard.u_accel/q_accum/mem_sel_r_reg[0][0][23]_7[0]
    SLICE_X51Y52         LUT6 (Prop_lut6_I5_O)        0.045     1.853 r  u_accel/gen_nn_standard.u_accel/q_accum/mem_sel_r[0][0][0]_i_3/O
                         net (fo=1, routed)           0.000     1.853    u_accel/gen_nn_standard.u_accel/q_accum/mem_sel_r[0][0][0]_i_3_n_0
    SLICE_X51Y52         MUXF7 (Prop_muxf7_I1_O)      0.065     1.918 r  u_accel/gen_nn_standard.u_accel/q_accum/mem_sel_r_reg[0][0][0]_i_1/O
                         net (fo=1, routed)           0.000     1.918    u_accel/gen_nn_standard.u_accel/q_accum/mem_sel_r_reg[0][0][0]_i_1_n_0
    SLICE_X51Y52         FDCE                                         r  u_accel/gen_nn_standard.u_accel/q_accum/mem_sel_r_reg[0][0][0]/D
  -------------------------------------------------------------------    -------------------

                         (clock sys_clk_pin rise edge)
                                                      0.000     0.000 r  
    E3                                                0.000     0.000 r  CLK100MHZ (IN)
                         net (fo=0)                   0.000     0.000    CLK100MHZ
    E3                   IBUF (Prop_ibuf_I_O)         0.438     0.438 r  CLK100MHZ_IBUF_inst/O
                         net (fo=1, routed)           0.699     1.136    CLK100MHZ_IBUF
    BUFGCTRL_X0Y16       BUFG (Prop_bufg_I_O)         0.029     1.165 r  CLK100MHZ_IBUF_BUFG_inst/O
                         net (fo=21494, routed)       0.836     2.001    u_accel/gen_nn_standard.u_accel/q_accum/CLK100MHZ_IBUF_BUFG
    SLICE_X51Y52         FDCE                                         r  u_accel/gen_nn_standard.u_accel/q_accum/mem_sel_r_reg[0][0][0]/C
                         clock pessimism             -0.250     1.750    
    SLICE_X51Y52         FDCE (Hold_fdce_C_D)         0.105     1.855    u_accel/gen_nn_standard.u_accel/q_accum/mem_sel_r_reg[0][0][0]
  -------------------------------------------------------------------
                         required time                         -1.855    
                         arrival time                           1.918    
  -------------------------------------------------------------------
                         slack                                  0.062    

Slack (MET) :             0.067ns  (arrival time - required time)
  Source:                 u_accel/gen_nn_standard.u_accel/gen_hl2[27].membrane_buf/membrane_out_reg[4]/C
                            (rising edge-triggered cell FDCE clocked by sys_clk_pin  {rise@0.000ns fall@5.000ns period=10.000ns})
  Destination:            u_accel/gen_nn_standard.u_accel/q_accum/mem_sel_r_reg[0][3][4]/D
                            (rising edge-triggered cell FDCE clocked by sys_clk_pin  {rise@0.000ns fall@5.000ns period=10.000ns})
  Path Group:             sys_clk_pin
  Path Type:              Hold (Min at Fast Process Corner)
  Requirement:            0.000ns  (sys_clk_pin rise@0.000ns - sys_clk_pin rise@0.000ns)
  Data Path Delay:        0.433ns  (logic 0.274ns (63.252%)  route 0.159ns (36.748%))
  Logic Levels:           2  (LUT6=1 MUXF7=1)
  Clock Path Skew:        0.261ns (DCD - SCD - CPR)
    Destination Clock Delay (DCD):    2.053ns
    Source Clock Delay      (SCD):    1.538ns
    Clock Pessimism Removal (CPR):    0.254ns

    Location             Delay type                Incr(ns)  Path(ns)    Netlist Resource(s)
  -------------------------------------------------------------------    -------------------
                         (clock sys_clk_pin rise edge)
                                                      0.000     0.000 r  
    E3                                                0.000     0.000 r  CLK100MHZ (IN)
                         net (fo=0)                   0.000     0.000    CLK100MHZ
    E3                   IBUF (Prop_ibuf_I_O)         0.250     0.250 r  CLK100MHZ_IBUF_inst/O
                         net (fo=1, routed)           0.644     0.894    CLK100MHZ_IBUF
    BUFGCTRL_X0Y16       BUFG (Prop_bufg_I_O)         0.026     0.920 r  CLK100MHZ_IBUF_BUFG_inst/O
                         net (fo=21494, routed)       0.618     1.538    u_accel/gen_nn_standard.u_accel/gen_hl2[27].membrane_buf/CLK100MHZ_IBUF_BUFG
    SLICE_X50Y25         FDCE                                         r  u_accel/gen_nn_standard.u_accel/gen_hl2[27].membrane_buf/membrane_out_reg[4]/C
  -------------------------------------------------------------------    -------------------
    SLICE_X50Y25         FDCE (Prop_fdce_C_Q)         0.164     1.702 r  u_accel/gen_nn_standard.u_accel/gen_hl2[27].membrane_buf/membrane_out_reg[4]/Q
                         net (fo=1, routed)           0.159     1.861    u_accel/gen_nn_standard.u_accel/q_accum/mem_sel_r_reg[0][3][23]_5[4]
    SLICE_X52Y25         LUT6 (Prop_lut6_I1_O)        0.045     1.906 r  u_accel/gen_nn_standard.u_accel/q_accum/mem_sel_r[0][3][4]_i_3/O
                         net (fo=1, routed)           0.000     1.906    u_accel/gen_nn_standard.u_accel/q_accum/mem_sel_r[0][3][4]_i_3_n_0
    SLICE_X52Y25         MUXF7 (Prop_muxf7_I1_O)      0.065     1.971 r  u_accel/gen_nn_standard.u_accel/q_accum/mem_sel_r_reg[0][3][4]_i_1/O
                         net (fo=1, routed)           0.000     1.971    u_accel/gen_nn_standard.u_accel/q_accum/mem_sel_r_reg[0][3][4]_i_1_n_0
    SLICE_X52Y25         FDCE                                         r  u_accel/gen_nn_standard.u_accel/q_accum/mem_sel_r_reg[0][3][4]/D
  -------------------------------------------------------------------    -------------------

                         (clock sys_clk_pin rise edge)
                                                      0.000     0.000 r  
    E3                                                0.000     0.000 r  CLK100MHZ (IN)
                         net (fo=0)                   0.000     0.000    CLK100MHZ
    E3                   IBUF (Prop_ibuf_I_O)         0.438     0.438 r  CLK100MHZ_IBUF_inst/O
                         net (fo=1, routed)           0.699     1.136    CLK100MHZ_IBUF
    BUFGCTRL_X0Y16       BUFG (Prop_bufg_I_O)         0.029     1.165 r  CLK100MHZ_IBUF_BUFG_inst/O
                         net (fo=21494, routed)       0.888     2.053    u_accel/gen_nn_standard.u_accel/q_accum/CLK100MHZ_IBUF_BUFG
    SLICE_X52Y25         FDCE                                         r  u_accel/gen_nn_standard.u_accel/q_accum/mem_sel_r_reg[0][3][4]/C
                         clock pessimism             -0.254     1.799    
    SLICE_X52Y25         FDCE (Hold_fdce_C_D)         0.105     1.904    u_accel/gen_nn_standard.u_accel/q_accum/mem_sel_r_reg[0][3][4]
  -------------------------------------------------------------------
                         required time                         -1.904    
                         arrival time                           1.971    
  -------------------------------------------------------------------
                         slack                                  0.067    

Slack (MET) :             0.073ns  (arrival time - required time)
  Source:                 u_accel/gen_nn_standard.u_accel/gen_hl2[16].membrane_buf/membrane_storage_reg[17][1]/C
                            (rising edge-triggered cell FDCE clocked by sys_clk_pin  {rise@0.000ns fall@5.000ns period=10.000ns})
  Destination:            u_accel/gen_nn_standard.u_accel/gen_hl2[16].membrane_buf/membrane_out_reg[1]/D
                            (rising edge-triggered cell FDCE clocked by sys_clk_pin  {rise@0.000ns fall@5.000ns period=10.000ns})
  Path Group:             sys_clk_pin
  Path Type:              Hold (Min at Fast Process Corner)
  Requirement:            0.000ns  (sys_clk_pin rise@0.000ns - sys_clk_pin rise@0.000ns)
  Data Path Delay:        0.529ns  (logic 0.254ns (47.999%)  route 0.275ns (52.001%))
  Logic Levels:           2  (LUT5=1 LUT6=1)
  Clock Path Skew:        0.336ns (DCD - SCD - CPR)
    Destination Clock Delay (DCD):    2.073ns
    Source Clock Delay      (SCD):    1.486ns
    Clock Pessimism Removal (CPR):    0.250ns

    Location             Delay type                Incr(ns)  Path(ns)    Netlist Resource(s)
  -------------------------------------------------------------------    -------------------
                         (clock sys_clk_pin rise edge)
                                                      0.000     0.000 r  
    E3                                                0.000     0.000 r  CLK100MHZ (IN)
                         net (fo=0)                   0.000     0.000    CLK100MHZ
    E3                   IBUF (Prop_ibuf_I_O)         0.250     0.250 r  CLK100MHZ_IBUF_inst/O
                         net (fo=1, routed)           0.644     0.894    CLK100MHZ_IBUF
    BUFGCTRL_X0Y16       BUFG (Prop_bufg_I_O)         0.026     0.920 r  CLK100MHZ_IBUF_BUFG_inst/O
                         net (fo=21494, routed)       0.567     1.486    u_accel/gen_nn_standard.u_accel/gen_hl2[16].membrane_buf/CLK100MHZ_IBUF_BUFG
    SLICE_X60Y50         FDCE                                         r  u_accel/gen_nn_standard.u_accel/gen_hl2[16].membrane_buf/membrane_storage_reg[17][1]/C
  -------------------------------------------------------------------    -------------------
    SLICE_X60Y50         FDCE (Prop_fdce_C_Q)         0.164     1.650 r  u_accel/gen_nn_standard.u_accel/gen_hl2[16].membrane_buf/membrane_storage_reg[17][1]/Q
                         net (fo=1, routed)           0.113     1.763    u_accel/gen_nn_standard.u_accel/gen_hl2[16].membrane_buf/membrane_storage_reg[17]_576[1]
    SLICE_X61Y49         LUT6 (Prop_lut6_I3_O)        0.045     1.808 r  u_accel/gen_nn_standard.u_accel/gen_hl2[16].membrane_buf/membrane_out[1]_i_2/O
                         net (fo=1, routed)           0.162     1.971    u_accel/gen_nn_standard.u_accel/gen_hl2[16].membrane_buf/membrane_out[1]_i_2_n_0
    SLICE_X60Y49         LUT5 (Prop_lut5_I0_O)        0.045     2.016 r  u_accel/gen_nn_standard.u_accel/gen_hl2[16].membrane_buf/membrane_out[1]_i_1/O
                         net (fo=1, routed)           0.000     2.016    u_accel/gen_nn_standard.u_accel/gen_hl2[16].membrane_buf/membrane_storage[1]
    SLICE_X60Y49         FDCE                                         r  u_accel/gen_nn_standard.u_accel/gen_hl2[16].membrane_buf/membrane_out_reg[1]/D
  -------------------------------------------------------------------    -------------------

                         (clock sys_clk_pin rise edge)
                                                      0.000     0.000 r  
    E3                                                0.000     0.000 r  CLK100MHZ (IN)
                         net (fo=0)                   0.000     0.000    CLK100MHZ
    E3                   IBUF (Prop_ibuf_I_O)         0.438     0.438 r  CLK100MHZ_IBUF_inst/O
                         net (fo=1, routed)           0.699     1.136    CLK100MHZ_IBUF
    BUFGCTRL_X0Y16       BUFG (Prop_bufg_I_O)         0.029     1.165 r  CLK100MHZ_IBUF_BUFG_inst/O
                         net (fo=21494, routed)       0.908     2.073    u_accel/gen_nn_standard.u_accel/gen_hl2[16].membrane_buf/CLK100MHZ_IBUF_BUFG
    SLICE_X60Y49         FDCE                                         r  u_accel/gen_nn_standard.u_accel/gen_hl2[16].membrane_buf/membrane_out_reg[1]/C
                         clock pessimism             -0.250     1.822    
    SLICE_X60Y49         FDCE (Hold_fdce_C_D)         0.120     1.942    u_accel/gen_nn_standard.u_accel/gen_hl2[16].membrane_buf/membrane_out_reg[1]
  -------------------------------------------------------------------
                         required time                         -1.942    
                         arrival time                           2.016    
  -------------------------------------------------------------------
                         slack                                  0.073    

Slack (MET) :             0.076ns  (arrival time - required time)
  Source:                 u_accel/gen_nn_standard.u_accel/gen_hl2[18].membrane_buf/membrane_out_reg[23]/C
                            (rising edge-triggered cell FDCE clocked by sys_clk_pin  {rise@0.000ns fall@5.000ns period=10.000ns})
  Destination:            u_accel/gen_nn_standard.u_accel/q_accum/mem_sel_r_reg[0][2][23]/D
                            (rising edge-triggered cell FDCE clocked by sys_clk_pin  {rise@0.000ns fall@5.000ns period=10.000ns})
  Path Group:             sys_clk_pin
  Path Type:              Hold (Min at Fast Process Corner)
  Requirement:            0.000ns  (sys_clk_pin rise@0.000ns - sys_clk_pin rise@0.000ns)
  Data Path Delay:        0.446ns  (logic 0.260ns (58.357%)  route 0.186ns (41.643%))
  Logic Levels:           2  (LUT6=1 MUXF7=1)
  Clock Path Skew:        0.265ns (DCD - SCD - CPR)
    Destination Clock Delay (DCD):    2.069ns
    Source Clock Delay      (SCD):    1.550ns
    Clock Pessimism Removal (CPR):    0.254ns

    Location             Delay type                Incr(ns)  Path(ns)    Netlist Resource(s)
  -------------------------------------------------------------------    -------------------
                         (clock sys_clk_pin rise edge)
                                                      0.000     0.000 r  
    E3                                                0.000     0.000 r  CLK100MHZ (IN)
                         net (fo=0)                   0.000     0.000    CLK100MHZ
    E3                   IBUF (Prop_ibuf_I_O)         0.250     0.250 r  CLK100MHZ_IBUF_inst/O
                         net (fo=1, routed)           0.644     0.894    CLK100MHZ_IBUF
    BUFGCTRL_X0Y16       BUFG (Prop_bufg_I_O)         0.026     0.920 r  CLK100MHZ_IBUF_BUFG_inst/O
                         net (fo=21494, routed)       0.630     1.550    u_accel/gen_nn_standard.u_accel/gen_hl2[18].membrane_buf/CLK100MHZ_IBUF_BUFG
    SLICE_X53Y4          FDCE                                         r  u_accel/gen_nn_standard.u_accel/gen_hl2[18].membrane_buf/membrane_out_reg[23]/C
  -------------------------------------------------------------------    -------------------
    SLICE_X53Y4          FDCE (Prop_fdce_C_Q)         0.141     1.691 r  u_accel/gen_nn_standard.u_accel/gen_hl2[18].membrane_buf/membrane_out_reg[23]/Q
                         net (fo=1, routed)           0.186     1.876    u_accel/gen_nn_standard.u_accel/q_accum/mem_sel_r_reg[0][2][23]_7[23]
    SLICE_X51Y7          LUT6 (Prop_lut6_I5_O)        0.045     1.921 r  u_accel/gen_nn_standard.u_accel/q_accum/mem_sel_r[0][2][23]_i_3/O
                         net (fo=1, routed)           0.000     1.921    u_accel/gen_nn_standard.u_accel/q_accum/mem_sel_r[0][2][23]_i_3_n_0
    SLICE_X51Y7          MUXF7 (Prop_muxf7_I1_O)      0.074     1.995 r  u_accel/gen_nn_standard.u_accel/q_accum/mem_sel_r_reg[0][2][23]_i_1/O
                         net (fo=1, routed)           0.000     1.995    u_accel/gen_nn_standard.u_accel/q_accum/mem_sel_r_reg[0][2][23]_i_1_n_0
    SLICE_X51Y7          FDCE                                         r  u_accel/gen_nn_standard.u_accel/q_accum/mem_sel_r_reg[0][2][23]/D
  -------------------------------------------------------------------    -------------------

                         (clock sys_clk_pin rise edge)
                                                      0.000     0.000 r  
    E3                                                0.000     0.000 r  CLK100MHZ (IN)
                         net (fo=0)                   0.000     0.000    CLK100MHZ
    E3                   IBUF (Prop_ibuf_I_O)         0.438     0.438 r  CLK100MHZ_IBUF_inst/O
                         net (fo=1, routed)           0.699     1.136    CLK100MHZ_IBUF
    BUFGCTRL_X0Y16       BUFG (Prop_bufg_I_O)         0.029     1.165 r  CLK100MHZ_IBUF_BUFG_inst/O
                         net (fo=21494, routed)       0.904     2.069    u_accel/gen_nn_standard.u_accel/q_accum/CLK100MHZ_IBUF_BUFG
    SLICE_X51Y7          FDCE                                         r  u_accel/gen_nn_standard.u_accel/q_accum/mem_sel_r_reg[0][2][23]/C
                         clock pessimism             -0.254     1.815    
    SLICE_X51Y7          FDCE (Hold_fdce_C_D)         0.105     1.920    u_accel/gen_nn_standard.u_accel/q_accum/mem_sel_r_reg[0][2][23]
  -------------------------------------------------------------------
                         required time                         -1.920    
                         arrival time                           1.995    
  -------------------------------------------------------------------
                         slack                                  0.076    

Slack (MET) :             0.077ns  (arrival time - required time)
  Source:                 u_accel/gen_nn_standard.u_accel/gen_hl2[20].hl2_lif/membrane_potential_reg[5]/C
                            (rising edge-triggered cell FDCE clocked by sys_clk_pin  {rise@0.000ns fall@5.000ns period=10.000ns})
  Destination:            u_accel/gen_nn_standard.u_accel/gen_hl2[20].membrane_buf/membrane_storage_reg[12][5]/D
                            (rising edge-triggered cell FDCE clocked by sys_clk_pin  {rise@0.000ns fall@5.000ns period=10.000ns})
  Path Group:             sys_clk_pin
  Path Type:              Hold (Min at Fast Process Corner)
  Requirement:            0.000ns  (sys_clk_pin rise@0.000ns - sys_clk_pin rise@0.000ns)
  Data Path Delay:        0.416ns  (logic 0.141ns (33.929%)  route 0.275ns (66.071%))
  Logic Levels:           0  
  Clock Path Skew:        0.267ns (DCD - SCD - CPR)
    Destination Clock Delay (DCD):    2.002ns
    Source Clock Delay      (SCD):    1.484ns
    Clock Pessimism Removal (CPR):    0.250ns

    Location             Delay type                Incr(ns)  Path(ns)    Netlist Resource(s)
  -------------------------------------------------------------------    -------------------
                         (clock sys_clk_pin rise edge)
                                                      0.000     0.000 r  
    E3                                                0.000     0.000 r  CLK100MHZ (IN)
                         net (fo=0)                   0.000     0.000    CLK100MHZ
    E3                   IBUF (Prop_ibuf_I_O)         0.250     0.250 r  CLK100MHZ_IBUF_inst/O
                         net (fo=1, routed)           0.644     0.894    CLK100MHZ_IBUF
    BUFGCTRL_X0Y16       BUFG (Prop_bufg_I_O)         0.026     0.920 r  CLK100MHZ_IBUF_BUFG_inst/O
                         net (fo=21494, routed)       0.565     1.484    u_accel/gen_nn_standard.u_accel/gen_hl2[20].hl2_lif/CLK100MHZ_IBUF_BUFG
    SLICE_X57Y56         FDCE                                         r  u_accel/gen_nn_standard.u_accel/gen_hl2[20].hl2_lif/membrane_potential_reg[5]/C
  -------------------------------------------------------------------    -------------------
    SLICE_X57Y56         FDCE (Prop_fdce_C_Q)         0.141     1.625 r  u_accel/gen_nn_standard.u_accel/gen_hl2[20].hl2_lif/membrane_potential_reg[5]/Q
                         net (fo=21, routed)          0.275     1.900    u_accel/gen_nn_standard.u_accel/gen_hl2[20].membrane_buf/D[5]
    SLICE_X48Y56         FDCE                                         r  u_accel/gen_nn_standard.u_accel/gen_hl2[20].membrane_buf/membrane_storage_reg[12][5]/D
  -------------------------------------------------------------------    -------------------

                         (clock sys_clk_pin rise edge)
                                                      0.000     0.000 r  
    E3                                                0.000     0.000 r  CLK100MHZ (IN)
                         net (fo=0)                   0.000     0.000    CLK100MHZ
    E3                   IBUF (Prop_ibuf_I_O)         0.438     0.438 r  CLK100MHZ_IBUF_inst/O
                         net (fo=1, routed)           0.699     1.136    CLK100MHZ_IBUF
    BUFGCTRL_X0Y16       BUFG (Prop_bufg_I_O)         0.029     1.165 r  CLK100MHZ_IBUF_BUFG_inst/O
                         net (fo=21494, routed)       0.837     2.002    u_accel/gen_nn_standard.u_accel/gen_hl2[20].membrane_buf/CLK100MHZ_IBUF_BUFG
    SLICE_X48Y56         FDCE                                         r  u_accel/gen_nn_standard.u_accel/gen_hl2[20].membrane_buf/membrane_storage_reg[12][5]/C
                         clock pessimism             -0.250     1.751    
    SLICE_X48Y56         FDCE (Hold_fdce_C_D)         0.072     1.823    u_accel/gen_nn_standard.u_accel/gen_hl2[20].membrane_buf/membrane_storage_reg[12][5]
  -------------------------------------------------------------------
                         required time                         -1.823    
                         arrival time                           1.900    
  -------------------------------------------------------------------
                         slack                                  0.077    





Pulse Width Checks
--------------------------------------------------------------------------------------
Clock Name:         sys_clk_pin
Waveform(ns):       { 0.000 5.000 }
Period(ns):         10.000
Sources:            { CLK100MHZ }

Check Type        Corner  Lib Pin      Reference Pin  Required(ns)  Actual(ns)  Slack(ns)  Location        Pin
Min Period        n/a     BUFG/I       n/a            2.155         10.000      7.845      BUFGCTRL_X0Y16  CLK100MHZ_IBUF_BUFG_inst/I
Min Period        n/a     DSP48E1/CLK  n/a            2.154         10.000      7.846      DSP48_X0Y14     u_accel/gen_nn_standard.u_accel/q_accum/p_0_out/CLK
Min Period        n/a     DSP48E1/CLK  n/a            2.154         10.000      7.846      DSP48_X0Y9      u_accel/gen_nn_standard.u_accel/q_accum/p_0_out__0/CLK
Min Period        n/a     DSP48E1/CLK  n/a            2.154         10.000      7.846      DSP48_X0Y10     u_accel/gen_nn_standard.u_accel/q_accum/p_0_out__1/CLK
Min Period        n/a     DSP48E1/CLK  n/a            2.154         10.000      7.846      DSP48_X0Y15     u_accel/gen_nn_standard.u_accel/q_accum/p_0_out__3/CLK
Min Period        n/a     DSP48E1/CLK  n/a            2.154         10.000      7.846      DSP48_X0Y8      u_accel/gen_nn_standard.u_accel/q_accum/p_0_out__4/CLK
Min Period        n/a     DSP48E1/CLK  n/a            2.154         10.000      7.846      DSP48_X0Y11     u_accel/gen_nn_standard.u_accel/q_accum/p_0_out__5/CLK
Min Period        n/a     FDCE/C       n/a            1.000         10.000      9.000      SLICE_X28Y101   action_q_reg/C
Min Period        n/a     FDRE/C       n/a            1.000         10.000      9.000      SLICE_X0Y51     heartbeat_count_reg[0]/C
Min Period        n/a     FDRE/C       n/a            1.000         10.000      9.000      SLICE_X0Y53     heartbeat_count_reg[10]/C
Low Pulse Width   Slow    FDCE/C       n/a            0.500         5.000       4.500      SLICE_X28Y101   action_q_reg/C
Low Pulse Width   Fast    FDCE/C       n/a            0.500         5.000       4.500      SLICE_X28Y101   action_q_reg/C
Low Pulse Width   Slow    FDRE/C       n/a            0.500         5.000       4.500      SLICE_X0Y51     heartbeat_count_reg[0]/C
Low Pulse Width   Fast    FDRE/C       n/a            0.500         5.000       4.500      SLICE_X0Y51     heartbeat_count_reg[0]/C
Low Pulse Width   Slow    FDRE/C       n/a            0.500         5.000       4.500      SLICE_X0Y53     heartbeat_count_reg[10]/C
Low Pulse Width   Fast    FDRE/C       n/a            0.500         5.000       4.500      SLICE_X0Y53     heartbeat_count_reg[10]/C
Low Pulse Width   Slow    FDRE/C       n/a            0.500         5.000       4.500      SLICE_X0Y53     heartbeat_count_reg[11]/C
Low Pulse Width   Fast    FDRE/C       n/a            0.500         5.000       4.500      SLICE_X0Y53     heartbeat_count_reg[11]/C
Low Pulse Width   Slow    FDRE/C       n/a            0.500         5.000       4.500      SLICE_X0Y54     heartbeat_count_reg[12]/C
Low Pulse Width   Fast    FDRE/C       n/a            0.500         5.000       4.500      SLICE_X0Y54     heartbeat_count_reg[12]/C
High Pulse Width  Slow    FDCE/C       n/a            0.500         5.000       4.500      SLICE_X28Y101   action_q_reg/C
High Pulse Width  Fast    FDCE/C       n/a            0.500         5.000       4.500      SLICE_X28Y101   action_q_reg/C
High Pulse Width  Slow    FDRE/C       n/a            0.500         5.000       4.500      SLICE_X0Y51     heartbeat_count_reg[0]/C
High Pulse Width  Fast    FDRE/C       n/a            0.500         5.000       4.500      SLICE_X0Y51     heartbeat_count_reg[0]/C
High Pulse Width  Slow    FDRE/C       n/a            0.500         5.000       4.500      SLICE_X0Y53     heartbeat_count_reg[10]/C
High Pulse Width  Fast    FDRE/C       n/a            0.500         5.000       4.500      SLICE_X0Y53     heartbeat_count_reg[10]/C
High Pulse Width  Slow    FDRE/C       n/a            0.500         5.000       4.500      SLICE_X0Y53     heartbeat_count_reg[11]/C
High Pulse Width  Fast    FDRE/C       n/a            0.500         5.000       4.500      SLICE_X0Y53     heartbeat_count_reg[11]/C
High Pulse Width  Slow    FDRE/C       n/a            0.500         5.000       4.500      SLICE_X0Y54     heartbeat_count_reg[12]/C
High Pulse Width  Fast    FDRE/C       n/a            0.500         5.000       4.500      SLICE_X0Y54     heartbeat_count_reg[12]/C



--------------------------------------------------------------------------------------
Path Group:  (none)
From Clock:  sys_clk_pin
  To Clock:  

Max Delay             4 Endpoints
Min Delay             4 Endpoints
--------------------------------------------------------------------------------------


Max Delay Paths
--------------------------------------------------------------------------------------
Slack:                    inf
  Source:                 u_accel/u_uart_tx/tx_reg/C
                            (rising edge-triggered cell FDPE clocked by sys_clk_pin  {rise@0.000ns fall@5.000ns period=10.000ns})
  Destination:            UART_RXD_OUT
                            (output port)
  Path Group:             (none)
  Path Type:              Max at Slow Process Corner
  Data Path Delay:        7.937ns  (logic 4.011ns (50.542%)  route 3.925ns (49.458%))
  Logic Levels:           1  (OBUF=1)
  Clock Uncertainty:      0.025ns  ((TSJ^2 + TIJ^2)^1/2 + DJ) / 2 + PE
    Total System Jitter     (TSJ):    0.050ns
    Total Input Jitter      (TIJ):    0.000ns
    Discrete Jitter          (DJ):    0.000ns
    Phase Error              (PE):    0.000ns

    Location             Delay type                Incr(ns)  Path(ns)    Netlist Resource(s)
  -------------------------------------------------------------------    -------------------
                         (clock sys_clk_pin rise edge)
                                                      0.000     0.000 r  
    E3                                                0.000     0.000 r  CLK100MHZ (IN)
                         net (fo=0)                   0.000     0.000    CLK100MHZ
    E3                   IBUF (Prop_ibuf_I_O)         1.482     1.482 r  CLK100MHZ_IBUF_inst/O
                         net (fo=1, routed)           2.025     3.506    CLK100MHZ_IBUF
    BUFGCTRL_X0Y16       BUFG (Prop_bufg_I_O)         0.096     3.602 r  CLK100MHZ_IBUF_BUFG_inst/O
                         net (fo=21494, routed)       1.617     5.219    u_accel/u_uart_tx/CLK100MHZ_IBUF_BUFG
    SLICE_X29Y117        FDPE                                         r  u_accel/u_uart_tx/tx_reg/C
  -------------------------------------------------------------------    -------------------
    SLICE_X29Y117        FDPE (Prop_fdpe_C_Q)         0.456     5.675 r  u_accel/u_uart_tx/tx_reg/Q
                         net (fo=1, routed)           3.925     9.601    UART_RXD_OUT_OBUF
    D4                   OBUF (Prop_obuf_I_O)         3.555    13.156 r  UART_RXD_OUT_OBUF_inst/O
                         net (fo=0)                   0.000    13.156    UART_RXD_OUT
    D4                                                                r  UART_RXD_OUT (OUT)
  -------------------------------------------------------------------    -------------------

Slack:                    inf
  Source:                 u_accel/accel_busy_reg/C
                            (rising edge-triggered cell FDCE clocked by sys_clk_pin  {rise@0.000ns fall@5.000ns period=10.000ns})
  Destination:            LED[0]
                            (output port)
  Path Group:             (none)
  Path Type:              Max at Slow Process Corner
  Data Path Delay:        6.536ns  (logic 4.038ns (61.790%)  route 2.497ns (38.210%))
  Logic Levels:           1  (OBUF=1)
  Clock Uncertainty:      0.025ns  ((TSJ^2 + TIJ^2)^1/2 + DJ) / 2 + PE
    Total System Jitter     (TSJ):    0.050ns
    Total Input Jitter      (TIJ):    0.000ns
    Discrete Jitter          (DJ):    0.000ns
    Phase Error              (PE):    0.000ns

    Location             Delay type                Incr(ns)  Path(ns)    Netlist Resource(s)
  -------------------------------------------------------------------    -------------------
                         (clock sys_clk_pin rise edge)
                                                      0.000     0.000 r  
    E3                                                0.000     0.000 r  CLK100MHZ (IN)
                         net (fo=0)                   0.000     0.000    CLK100MHZ
    E3                   IBUF (Prop_ibuf_I_O)         1.482     1.482 r  CLK100MHZ_IBUF_inst/O
                         net (fo=1, routed)           2.025     3.506    CLK100MHZ_IBUF
    BUFGCTRL_X0Y16       BUFG (Prop_bufg_I_O)         0.096     3.602 r  CLK100MHZ_IBUF_BUFG_inst/O
                         net (fo=21494, routed)       1.619     5.221    u_accel/CLK100MHZ_IBUF_BUFG
    SLICE_X34Y113        FDCE                                         r  u_accel/accel_busy_reg/C
  -------------------------------------------------------------------    -------------------
    SLICE_X34Y113        FDCE (Prop_fdce_C_Q)         0.518     5.739 r  u_accel/accel_busy_reg/Q
                         net (fo=18, routed)          2.497     8.237    LED_OBUF[0]
    H17                  OBUF (Prop_obuf_I_O)         3.520    11.757 r  LED_OBUF[0]_inst/O
                         net (fo=0)                   0.000    11.757    LED[0]
    H17                                                               r  LED[0] (OUT)
  -------------------------------------------------------------------    -------------------

Slack:                    inf
  Source:                 action_q_reg/C
                            (rising edge-triggered cell FDCE clocked by sys_clk_pin  {rise@0.000ns fall@5.000ns period=10.000ns})
  Destination:            LED[1]
                            (output port)
  Path Group:             (none)
  Path Type:              Max at Slow Process Corner
  Data Path Delay:        6.294ns  (logic 3.991ns (63.412%)  route 2.303ns (36.588%))
  Logic Levels:           1  (OBUF=1)
  Clock Uncertainty:      0.025ns  ((TSJ^2 + TIJ^2)^1/2 + DJ) / 2 + PE
    Total System Jitter     (TSJ):    0.050ns
    Total Input Jitter      (TIJ):    0.000ns
    Discrete Jitter          (DJ):    0.000ns
    Phase Error              (PE):    0.000ns

    Location             Delay type                Incr(ns)  Path(ns)    Netlist Resource(s)
  -------------------------------------------------------------------    -------------------
                         (clock sys_clk_pin rise edge)
                                                      0.000     0.000 r  
    E3                                                0.000     0.000 r  CLK100MHZ (IN)
                         net (fo=0)                   0.000     0.000    CLK100MHZ
    E3                   IBUF (Prop_ibuf_I_O)         1.482     1.482 r  CLK100MHZ_IBUF_inst/O
                         net (fo=1, routed)           2.025     3.506    CLK100MHZ_IBUF
    BUFGCTRL_X0Y16       BUFG (Prop_bufg_I_O)         0.096     3.602 r  CLK100MHZ_IBUF_BUFG_inst/O
                         net (fo=21494, routed)       1.627     5.229    CLK100MHZ_IBUF_BUFG
    SLICE_X28Y101        FDCE                                         r  action_q_reg/C
  -------------------------------------------------------------------    -------------------
    SLICE_X28Y101        FDCE (Prop_fdce_C_Q)         0.456     5.685 r  action_q_reg/Q
                         net (fo=1, routed)           2.303     7.988    LED_OBUF[1]
    K15                  OBUF (Prop_obuf_I_O)         3.535    11.524 r  LED_OBUF[1]_inst/O
                         net (fo=0)                   0.000    11.524    LED[1]
    K15                                                               r  LED[1] (OUT)
  -------------------------------------------------------------------    -------------------

Slack:                    inf
  Source:                 heartbeat_count_reg[24]/C
                            (rising edge-triggered cell FDRE clocked by sys_clk_pin  {rise@0.000ns fall@5.000ns period=10.000ns})
  Destination:            LED[15]
                            (output port)
  Path Group:             (none)
  Path Type:              Max at Slow Process Corner
  Data Path Delay:        5.572ns  (logic 4.025ns (72.236%)  route 1.547ns (27.764%))
  Logic Levels:           1  (OBUF=1)
  Clock Uncertainty:      0.025ns  ((TSJ^2 + TIJ^2)^1/2 + DJ) / 2 + PE
    Total System Jitter     (TSJ):    0.050ns
    Total Input Jitter      (TIJ):    0.000ns
    Discrete Jitter          (DJ):    0.000ns
    Phase Error              (PE):    0.000ns

    Location             Delay type                Incr(ns)  Path(ns)    Netlist Resource(s)
  -------------------------------------------------------------------    -------------------
                         (clock sys_clk_pin rise edge)
                                                      0.000     0.000 r  
    E3                                                0.000     0.000 r  CLK100MHZ (IN)
                         net (fo=0)                   0.000     0.000    CLK100MHZ
    E3                   IBUF (Prop_ibuf_I_O)         1.482     1.482 r  CLK100MHZ_IBUF_inst/O
                         net (fo=1, routed)           2.025     3.506    CLK100MHZ_IBUF
    BUFGCTRL_X0Y16       BUFG (Prop_bufg_I_O)         0.096     3.602 r  CLK100MHZ_IBUF_BUFG_inst/O
                         net (fo=21494, routed)       1.724     5.327    CLK100MHZ_IBUF_BUFG
    SLICE_X0Y57          FDRE                                         r  heartbeat_count_reg[24]/C
  -------------------------------------------------------------------    -------------------
    SLICE_X0Y57          FDRE (Prop_fdre_C_Q)         0.456     5.783 r  heartbeat_count_reg[24]/Q
                         net (fo=2, routed)           1.547     7.330    LED_OBUF[15]
    V11                  OBUF (Prop_obuf_I_O)         3.569    10.899 r  LED_OBUF[15]_inst/O
                         net (fo=0)                   0.000    10.899    LED[15]
    V11                                                               r  LED[15] (OUT)
  -------------------------------------------------------------------    -------------------





Min Delay Paths
--------------------------------------------------------------------------------------
Slack:                    inf
  Source:                 heartbeat_count_reg[24]/C
                            (rising edge-triggered cell FDRE clocked by sys_clk_pin  {rise@0.000ns fall@5.000ns period=10.000ns})
  Destination:            LED[15]
                            (output port)
  Path Group:             (none)
  Path Type:              Min at Fast Process Corner
  Data Path Delay:        1.710ns  (logic 1.410ns (82.462%)  route 0.300ns (17.538%))
  Logic Levels:           1  (OBUF=1)
  Clock Uncertainty:      0.025ns  ((TSJ^2 + TIJ^2)^1/2 + DJ) / 2 + PE
    Total System Jitter     (TSJ):    0.050ns
    Total Input Jitter      (TIJ):    0.000ns
    Discrete Jitter          (DJ):    0.000ns
    Phase Error              (PE):    0.000ns

    Location             Delay type                Incr(ns)  Path(ns)    Netlist Resource(s)
  -------------------------------------------------------------------    -------------------
                         (clock sys_clk_pin rise edge)
                                                      0.000     0.000 r  
    E3                                                0.000     0.000 r  CLK100MHZ (IN)
                         net (fo=0)                   0.000     0.000    CLK100MHZ
    E3                   IBUF (Prop_ibuf_I_O)         0.250     0.250 r  CLK100MHZ_IBUF_inst/O
                         net (fo=1, routed)           0.644     0.894    CLK100MHZ_IBUF
    BUFGCTRL_X0Y16       BUFG (Prop_bufg_I_O)         0.026     0.920 r  CLK100MHZ_IBUF_BUFG_inst/O
                         net (fo=21494, routed)       0.603     1.522    CLK100MHZ_IBUF_BUFG
    SLICE_X0Y57          FDRE                                         r  heartbeat_count_reg[24]/C
  -------------------------------------------------------------------    -------------------
    SLICE_X0Y57          FDRE (Prop_fdre_C_Q)         0.141     1.663 r  heartbeat_count_reg[24]/Q
                         net (fo=2, routed)           0.300     1.963    LED_OBUF[15]
    V11                  OBUF (Prop_obuf_I_O)         1.269     3.233 r  LED_OBUF[15]_inst/O
                         net (fo=0)                   0.000     3.233    LED[15]
    V11                                                               r  LED[15] (OUT)
  -------------------------------------------------------------------    -------------------

Slack:                    inf
  Source:                 action_q_reg/C
                            (rising edge-triggered cell FDCE clocked by sys_clk_pin  {rise@0.000ns fall@5.000ns period=10.000ns})
  Destination:            LED[1]
                            (output port)
  Path Group:             (none)
  Path Type:              Min at Fast Process Corner
  Data Path Delay:        2.004ns  (logic 1.377ns (68.717%)  route 0.627ns (31.283%))
  Logic Levels:           1  (OBUF=1)
  Clock Uncertainty:      0.025ns  ((TSJ^2 + TIJ^2)^1/2 + DJ) / 2 + PE
    Total System Jitter     (TSJ):    0.050ns
    Total Input Jitter      (TIJ):    0.000ns
    Discrete Jitter          (DJ):    0.000ns
    Phase Error              (PE):    0.000ns

    Location             Delay type                Incr(ns)  Path(ns)    Netlist Resource(s)
  -------------------------------------------------------------------    -------------------
                         (clock sys_clk_pin rise edge)
                                                      0.000     0.000 r  
    E3                                                0.000     0.000 r  CLK100MHZ (IN)
                         net (fo=0)                   0.000     0.000    CLK100MHZ
    E3                   IBUF (Prop_ibuf_I_O)         0.250     0.250 r  CLK100MHZ_IBUF_inst/O
                         net (fo=1, routed)           0.644     0.894    CLK100MHZ_IBUF
    BUFGCTRL_X0Y16       BUFG (Prop_bufg_I_O)         0.026     0.920 r  CLK100MHZ_IBUF_BUFG_inst/O
                         net (fo=21494, routed)       0.567     1.486    CLK100MHZ_IBUF_BUFG
    SLICE_X28Y101        FDCE                                         r  action_q_reg/C
  -------------------------------------------------------------------    -------------------
    SLICE_X28Y101        FDCE (Prop_fdce_C_Q)         0.141     1.627 r  action_q_reg/Q
                         net (fo=1, routed)           0.627     2.254    LED_OBUF[1]
    K15                  OBUF (Prop_obuf_I_O)         1.236     3.490 r  LED_OBUF[1]_inst/O
                         net (fo=0)                   0.000     3.490    LED[1]
    K15                                                               r  LED[1] (OUT)
  -------------------------------------------------------------------    -------------------

Slack:                    inf
  Source:                 u_accel/accel_busy_reg/C
                            (rising edge-triggered cell FDCE clocked by sys_clk_pin  {rise@0.000ns fall@5.000ns period=10.000ns})
  Destination:            LED[0]
                            (output port)
  Path Group:             (none)
  Path Type:              Min at Fast Process Corner
  Data Path Delay:        2.116ns  (logic 1.385ns (65.482%)  route 0.730ns (34.518%))
  Logic Levels:           1  (OBUF=1)
  Clock Uncertainty:      0.025ns  ((TSJ^2 + TIJ^2)^1/2 + DJ) / 2 + PE
    Total System Jitter     (TSJ):    0.050ns
    Total Input Jitter      (TIJ):    0.000ns
    Discrete Jitter          (DJ):    0.000ns
    Phase Error              (PE):    0.000ns

    Location             Delay type                Incr(ns)  Path(ns)    Netlist Resource(s)
  -------------------------------------------------------------------    -------------------
                         (clock sys_clk_pin rise edge)
                                                      0.000     0.000 r  
    E3                                                0.000     0.000 r  CLK100MHZ (IN)
                         net (fo=0)                   0.000     0.000    CLK100MHZ
    E3                   IBUF (Prop_ibuf_I_O)         0.250     0.250 r  CLK100MHZ_IBUF_inst/O
                         net (fo=1, routed)           0.644     0.894    CLK100MHZ_IBUF
    BUFGCTRL_X0Y16       BUFG (Prop_bufg_I_O)         0.026     0.920 r  CLK100MHZ_IBUF_BUFG_inst/O
                         net (fo=21494, routed)       0.560     1.479    u_accel/CLK100MHZ_IBUF_BUFG
    SLICE_X34Y113        FDCE                                         r  u_accel/accel_busy_reg/C
  -------------------------------------------------------------------    -------------------
    SLICE_X34Y113        FDCE (Prop_fdce_C_Q)         0.164     1.643 r  u_accel/accel_busy_reg/Q
                         net (fo=18, routed)          0.730     2.374    LED_OBUF[0]
    H17                  OBUF (Prop_obuf_I_O)         1.221     3.595 r  LED_OBUF[0]_inst/O
                         net (fo=0)                   0.000     3.595    LED[0]
    H17                                                               r  LED[0] (OUT)
  -------------------------------------------------------------------    -------------------

Slack:                    inf
  Source:                 u_accel/u_uart_tx/tx_reg/C
                            (rising edge-triggered cell FDPE clocked by sys_clk_pin  {rise@0.000ns fall@5.000ns period=10.000ns})
  Destination:            UART_RXD_OUT
                            (output port)
  Path Group:             (none)
  Path Type:              Min at Fast Process Corner
  Data Path Delay:        2.809ns  (logic 1.397ns (49.726%)  route 1.412ns (50.274%))
  Logic Levels:           1  (OBUF=1)
  Clock Uncertainty:      0.025ns  ((TSJ^2 + TIJ^2)^1/2 + DJ) / 2 + PE
    Total System Jitter     (TSJ):    0.050ns
    Total Input Jitter      (TIJ):    0.000ns
    Discrete Jitter          (DJ):    0.000ns
    Phase Error              (PE):    0.000ns

    Location             Delay type                Incr(ns)  Path(ns)    Netlist Resource(s)
  -------------------------------------------------------------------    -------------------
                         (clock sys_clk_pin rise edge)
                                                      0.000     0.000 r  
    E3                                                0.000     0.000 r  CLK100MHZ (IN)
                         net (fo=0)                   0.000     0.000    CLK100MHZ
    E3                   IBUF (Prop_ibuf_I_O)         0.250     0.250 r  CLK100MHZ_IBUF_inst/O
                         net (fo=1, routed)           0.644     0.894    CLK100MHZ_IBUF
    BUFGCTRL_X0Y16       BUFG (Prop_bufg_I_O)         0.026     0.920 r  CLK100MHZ_IBUF_BUFG_inst/O
                         net (fo=21494, routed)       0.560     1.479    u_accel/u_uart_tx/CLK100MHZ_IBUF_BUFG
    SLICE_X29Y117        FDPE                                         r  u_accel/u_uart_tx/tx_reg/C
  -------------------------------------------------------------------    -------------------
    SLICE_X29Y117        FDPE (Prop_fdpe_C_Q)         0.141     1.620 r  u_accel/u_uart_tx/tx_reg/Q
                         net (fo=1, routed)           1.412     3.033    UART_RXD_OUT_OBUF
    D4                   OBUF (Prop_obuf_I_O)         1.256     4.289 r  UART_RXD_OUT_OBUF_inst/O
                         net (fo=0)                   0.000     4.289    UART_RXD_OUT
    D4                                                                r  UART_RXD_OUT (OUT)
  -------------------------------------------------------------------    -------------------





--------------------------------------------------------------------------------------
Path Group:  (none)
From Clock:  
  To Clock:  sys_clk_pin

Max Delay         21456 Endpoints
Min Delay         21456 Endpoints
--------------------------------------------------------------------------------------


Max Delay Paths
--------------------------------------------------------------------------------------
Slack:                    inf
  Source:                 CPU_RESETN
                            (input port)
  Destination:            u_accel/gen_nn_standard.u_accel/gen_hl2[10].hl2_lif/membrane_potential_reg[16]/CLR
                            (recovery check against rising-edge clock sys_clk_pin  {rise@0.000ns fall@5.000ns period=10.000ns})
  Path Group:             (none)
  Path Type:              Recovery (Max at Slow Process Corner)
  Data Path Delay:        11.598ns  (logic 1.631ns (14.063%)  route 9.967ns (85.937%))
  Logic Levels:           2  (IBUF=1 LUT1=1)
  Clock Path Skew:        5.094ns (DCD - SCD + CPR)
    Destination Clock Delay (DCD):    5.094ns
    Source Clock Delay      (SCD):    0.000ns
    Clock Pessimism Removal (CPR):    0.000ns
  Clock Uncertainty:      0.025ns  ((TSJ^2 + TIJ^2)^1/2 + DJ) / 2 + PE
    Total System Jitter     (TSJ):    0.050ns
    Total Input Jitter      (TIJ):    0.000ns
    Discrete Jitter          (DJ):    0.000ns
    Phase Error              (PE):    0.000ns

    Location             Delay type                Incr(ns)  Path(ns)    Netlist Resource(s)
  -------------------------------------------------------------------    -------------------
    C12                                               0.000     0.000 r  CPU_RESETN (IN)
                         net (fo=0)                   0.000     0.000    CPU_RESETN
    C12                  IBUF (Prop_ibuf_I_O)         1.507     1.507 r  CPU_RESETN_IBUF_inst/O
                         net (fo=24, routed)          1.649     3.156    u_accel/gen_nn_standard.u_accel/fc2/CPU_RESETN_IBUF
    SLICE_X2Y135         LUT1 (Prop_lut1_I0_O)        0.124     3.280 f  u_accel/gen_nn_standard.u_accel/fc2/membrane_potential[23]_i_3__55/O
                         net (fo=21246, routed)       8.318    11.598    u_accel/gen_nn_standard.u_accel/gen_hl2[10].hl2_lif/spike_prev_reg_1
    SLICE_X59Y10         FDCE                                         f  u_accel/gen_nn_standard.u_accel/gen_hl2[10].hl2_lif/membrane_potential_reg[16]/CLR
  -------------------------------------------------------------------    -------------------

                         (clock sys_clk_pin rise edge)
                                                      0.000     0.000 r  
    E3                                                0.000     0.000 r  CLK100MHZ (IN)
                         net (fo=0)                   0.000     0.000    CLK100MHZ
    E3                   IBUF (Prop_ibuf_I_O)         1.411     1.411 r  CLK100MHZ_IBUF_inst/O
                         net (fo=1, routed)           1.920     3.331    CLK100MHZ_IBUF
    BUFGCTRL_X0Y16       BUFG (Prop_bufg_I_O)         0.091     3.422 r  CLK100MHZ_IBUF_BUFG_inst/O
                         net (fo=21494, routed)       1.672     5.094    u_accel/gen_nn_standard.u_accel/gen_hl2[10].hl2_lif/CLK100MHZ_IBUF_BUFG
    SLICE_X59Y10         FDCE                                         r  u_accel/gen_nn_standard.u_accel/gen_hl2[10].hl2_lif/membrane_potential_reg[16]/C

Slack:                    inf
  Source:                 CPU_RESETN
                            (input port)
  Destination:            u_accel/gen_nn_standard.u_accel/gen_hl2[10].hl2_lif/membrane_potential_reg[18]/CLR
                            (recovery check against rising-edge clock sys_clk_pin  {rise@0.000ns fall@5.000ns period=10.000ns})
  Path Group:             (none)
  Path Type:              Recovery (Max at Slow Process Corner)
  Data Path Delay:        11.598ns  (logic 1.631ns (14.063%)  route 9.967ns (85.937%))
  Logic Levels:           2  (IBUF=1 LUT1=1)
  Clock Path Skew:        5.094ns (DCD - SCD + CPR)
    Destination Clock Delay (DCD):    5.094ns
    Source Clock Delay      (SCD):    0.000ns
    Clock Pessimism Removal (CPR):    0.000ns
  Clock Uncertainty:      0.025ns  ((TSJ^2 + TIJ^2)^1/2 + DJ) / 2 + PE
    Total System Jitter     (TSJ):    0.050ns
    Total Input Jitter      (TIJ):    0.000ns
    Discrete Jitter          (DJ):    0.000ns
    Phase Error              (PE):    0.000ns

    Location             Delay type                Incr(ns)  Path(ns)    Netlist Resource(s)
  -------------------------------------------------------------------    -------------------
    C12                                               0.000     0.000 r  CPU_RESETN (IN)
                         net (fo=0)                   0.000     0.000    CPU_RESETN
    C12                  IBUF (Prop_ibuf_I_O)         1.507     1.507 r  CPU_RESETN_IBUF_inst/O
                         net (fo=24, routed)          1.649     3.156    u_accel/gen_nn_standard.u_accel/fc2/CPU_RESETN_IBUF
    SLICE_X2Y135         LUT1 (Prop_lut1_I0_O)        0.124     3.280 f  u_accel/gen_nn_standard.u_accel/fc2/membrane_potential[23]_i_3__55/O
                         net (fo=21246, routed)       8.318    11.598    u_accel/gen_nn_standard.u_accel/gen_hl2[10].hl2_lif/spike_prev_reg_1
    SLICE_X59Y10         FDCE                                         f  u_accel/gen_nn_standard.u_accel/gen_hl2[10].hl2_lif/membrane_potential_reg[18]/CLR
  -------------------------------------------------------------------    -------------------

                         (clock sys_clk_pin rise edge)
                                                      0.000     0.000 r  
    E3                                                0.000     0.000 r  CLK100MHZ (IN)
                         net (fo=0)                   0.000     0.000    CLK100MHZ
    E3                   IBUF (Prop_ibuf_I_O)         1.411     1.411 r  CLK100MHZ_IBUF_inst/O
                         net (fo=1, routed)           1.920     3.331    CLK100MHZ_IBUF
    BUFGCTRL_X0Y16       BUFG (Prop_bufg_I_O)         0.091     3.422 r  CLK100MHZ_IBUF_BUFG_inst/O
                         net (fo=21494, routed)       1.672     5.094    u_accel/gen_nn_standard.u_accel/gen_hl2[10].hl2_lif/CLK100MHZ_IBUF_BUFG
    SLICE_X59Y10         FDCE                                         r  u_accel/gen_nn_standard.u_accel/gen_hl2[10].hl2_lif/membrane_potential_reg[18]/C

Slack:                    inf
  Source:                 CPU_RESETN
                            (input port)
  Destination:            u_accel/gen_nn_standard.u_accel/gen_hl2[11].membrane_buf/membrane_storage_reg[0][3]/CLR
                            (recovery check against rising-edge clock sys_clk_pin  {rise@0.000ns fall@5.000ns period=10.000ns})
  Path Group:             (none)
  Path Type:              Recovery (Max at Slow Process Corner)
  Data Path Delay:        11.598ns  (logic 1.631ns (14.063%)  route 9.967ns (85.937%))
  Logic Levels:           2  (IBUF=1 LUT1=1)
  Clock Path Skew:        5.094ns (DCD - SCD + CPR)
    Destination Clock Delay (DCD):    5.094ns
    Source Clock Delay      (SCD):    0.000ns
    Clock Pessimism Removal (CPR):    0.000ns
  Clock Uncertainty:      0.025ns  ((TSJ^2 + TIJ^2)^1/2 + DJ) / 2 + PE
    Total System Jitter     (TSJ):    0.050ns
    Total Input Jitter      (TIJ):    0.000ns
    Discrete Jitter          (DJ):    0.000ns
    Phase Error              (PE):    0.000ns

    Location             Delay type                Incr(ns)  Path(ns)    Netlist Resource(s)
  -------------------------------------------------------------------    -------------------
    C12                                               0.000     0.000 r  CPU_RESETN (IN)
                         net (fo=0)                   0.000     0.000    CPU_RESETN
    C12                  IBUF (Prop_ibuf_I_O)         1.507     1.507 r  CPU_RESETN_IBUF_inst/O
                         net (fo=24, routed)          1.649     3.156    u_accel/gen_nn_standard.u_accel/fc2/CPU_RESETN_IBUF
    SLICE_X2Y135         LUT1 (Prop_lut1_I0_O)        0.124     3.280 f  u_accel/gen_nn_standard.u_accel/fc2/membrane_potential[23]_i_3__55/O
                         net (fo=21246, routed)       8.318    11.598    u_accel/gen_nn_standard.u_accel/gen_hl2[11].membrane_buf/membrane_storage_reg[19][0]_0
    SLICE_X58Y10         FDCE                                         f  u_accel/gen_nn_standard.u_accel/gen_hl2[11].membrane_buf/membrane_storage_reg[0][3]/CLR
  -------------------------------------------------------------------    -------------------

                         (clock sys_clk_pin rise edge)
                                                      0.000     0.000 r  
    E3                                                0.000     0.000 r  CLK100MHZ (IN)
                         net (fo=0)                   0.000     0.000    CLK100MHZ
    E3                   IBUF (Prop_ibuf_I_O)         1.411     1.411 r  CLK100MHZ_IBUF_inst/O
                         net (fo=1, routed)           1.920     3.331    CLK100MHZ_IBUF
    BUFGCTRL_X0Y16       BUFG (Prop_bufg_I_O)         0.091     3.422 r  CLK100MHZ_IBUF_BUFG_inst/O
                         net (fo=21494, routed)       1.672     5.094    u_accel/gen_nn_standard.u_accel/gen_hl2[11].membrane_buf/CLK100MHZ_IBUF_BUFG
    SLICE_X58Y10         FDCE                                         r  u_accel/gen_nn_standard.u_accel/gen_hl2[11].membrane_buf/membrane_storage_reg[0][3]/C

Slack:                    inf
  Source:                 CPU_RESETN
                            (input port)
  Destination:            u_accel/gen_nn_standard.u_accel/gen_hl2[15].membrane_buf/membrane_storage_reg[0][1]/CLR
                            (recovery check against rising-edge clock sys_clk_pin  {rise@0.000ns fall@5.000ns period=10.000ns})
  Path Group:             (none)
  Path Type:              Recovery (Max at Slow Process Corner)
  Data Path Delay:        11.598ns  (logic 1.631ns (14.063%)  route 9.967ns (85.937%))
  Logic Levels:           2  (IBUF=1 LUT1=1)
  Clock Path Skew:        5.094ns (DCD - SCD + CPR)
    Destination Clock Delay (DCD):    5.094ns
    Source Clock Delay      (SCD):    0.000ns
    Clock Pessimism Removal (CPR):    0.000ns
  Clock Uncertainty:      0.025ns  ((TSJ^2 + TIJ^2)^1/2 + DJ) / 2 + PE
    Total System Jitter     (TSJ):    0.050ns
    Total Input Jitter      (TIJ):    0.000ns
    Discrete Jitter          (DJ):    0.000ns
    Phase Error              (PE):    0.000ns

    Location             Delay type                Incr(ns)  Path(ns)    Netlist Resource(s)
  -------------------------------------------------------------------    -------------------
    C12                                               0.000     0.000 r  CPU_RESETN (IN)
                         net (fo=0)                   0.000     0.000    CPU_RESETN
    C12                  IBUF (Prop_ibuf_I_O)         1.507     1.507 r  CPU_RESETN_IBUF_inst/O
                         net (fo=24, routed)          1.649     3.156    u_accel/gen_nn_standard.u_accel/fc2/CPU_RESETN_IBUF
    SLICE_X2Y135         LUT1 (Prop_lut1_I0_O)        0.124     3.280 f  u_accel/gen_nn_standard.u_accel/fc2/membrane_potential[23]_i_3__55/O
                         net (fo=21246, routed)       8.318    11.598    u_accel/gen_nn_standard.u_accel/gen_hl2[15].membrane_buf/membrane_out_reg[0]_3
    SLICE_X58Y10         FDCE                                         f  u_accel/gen_nn_standard.u_accel/gen_hl2[15].membrane_buf/membrane_storage_reg[0][1]/CLR
  -------------------------------------------------------------------    -------------------

                         (clock sys_clk_pin rise edge)
                                                      0.000     0.000 r  
    E3                                                0.000     0.000 r  CLK100MHZ (IN)
                         net (fo=0)                   0.000     0.000    CLK100MHZ
    E3                   IBUF (Prop_ibuf_I_O)         1.411     1.411 r  CLK100MHZ_IBUF_inst/O
                         net (fo=1, routed)           1.920     3.331    CLK100MHZ_IBUF
    BUFGCTRL_X0Y16       BUFG (Prop_bufg_I_O)         0.091     3.422 r  CLK100MHZ_IBUF_BUFG_inst/O
                         net (fo=21494, routed)       1.672     5.094    u_accel/gen_nn_standard.u_accel/gen_hl2[15].membrane_buf/CLK100MHZ_IBUF_BUFG
    SLICE_X58Y10         FDCE                                         r  u_accel/gen_nn_standard.u_accel/gen_hl2[15].membrane_buf/membrane_storage_reg[0][1]/C

Slack:                    inf
  Source:                 CPU_RESETN
                            (input port)
  Destination:            u_accel/gen_nn_standard.u_accel/gen_hl2[15].membrane_buf/membrane_storage_reg[0][2]/CLR
                            (recovery check against rising-edge clock sys_clk_pin  {rise@0.000ns fall@5.000ns period=10.000ns})
  Path Group:             (none)
  Path Type:              Recovery (Max at Slow Process Corner)
  Data Path Delay:        11.598ns  (logic 1.631ns (14.063%)  route 9.967ns (85.937%))
  Logic Levels:           2  (IBUF=1 LUT1=1)
  Clock Path Skew:        5.094ns (DCD - SCD + CPR)
    Destination Clock Delay (DCD):    5.094ns
    Source Clock Delay      (SCD):    0.000ns
    Clock Pessimism Removal (CPR):    0.000ns
  Clock Uncertainty:      0.025ns  ((TSJ^2 + TIJ^2)^1/2 + DJ) / 2 + PE
    Total System Jitter     (TSJ):    0.050ns
    Total Input Jitter      (TIJ):    0.000ns
    Discrete Jitter          (DJ):    0.000ns
    Phase Error              (PE):    0.000ns

    Location             Delay type                Incr(ns)  Path(ns)    Netlist Resource(s)
  -------------------------------------------------------------------    -------------------
    C12                                               0.000     0.000 r  CPU_RESETN (IN)
                         net (fo=0)                   0.000     0.000    CPU_RESETN
    C12                  IBUF (Prop_ibuf_I_O)         1.507     1.507 r  CPU_RESETN_IBUF_inst/O
                         net (fo=24, routed)          1.649     3.156    u_accel/gen_nn_standard.u_accel/fc2/CPU_RESETN_IBUF
    SLICE_X2Y135         LUT1 (Prop_lut1_I0_O)        0.124     3.280 f  u_accel/gen_nn_standard.u_accel/fc2/membrane_potential[23]_i_3__55/O
                         net (fo=21246, routed)       8.318    11.598    u_accel/gen_nn_standard.u_accel/gen_hl2[15].membrane_buf/membrane_out_reg[0]_3
    SLICE_X58Y10         FDCE                                         f  u_accel/gen_nn_standard.u_accel/gen_hl2[15].membrane_buf/membrane_storage_reg[0][2]/CLR
  -------------------------------------------------------------------    -------------------

                         (clock sys_clk_pin rise edge)
                                                      0.000     0.000 r  
    E3                                                0.000     0.000 r  CLK100MHZ (IN)
                         net (fo=0)                   0.000     0.000    CLK100MHZ
    E3                   IBUF (Prop_ibuf_I_O)         1.411     1.411 r  CLK100MHZ_IBUF_inst/O
                         net (fo=1, routed)           1.920     3.331    CLK100MHZ_IBUF
    BUFGCTRL_X0Y16       BUFG (Prop_bufg_I_O)         0.091     3.422 r  CLK100MHZ_IBUF_BUFG_inst/O
                         net (fo=21494, routed)       1.672     5.094    u_accel/gen_nn_standard.u_accel/gen_hl2[15].membrane_buf/CLK100MHZ_IBUF_BUFG
    SLICE_X58Y10         FDCE                                         r  u_accel/gen_nn_standard.u_accel/gen_hl2[15].membrane_buf/membrane_storage_reg[0][2]/C

Slack:                    inf
  Source:                 CPU_RESETN
                            (input port)
  Destination:            u_accel/gen_nn_standard.u_accel/gen_hl2[26].hl2_lif/membrane_potential_reg[0]/CLR
                            (recovery check against rising-edge clock sys_clk_pin  {rise@0.000ns fall@5.000ns period=10.000ns})
  Path Group:             (none)
  Path Type:              Recovery (Max at Slow Process Corner)
  Data Path Delay:        11.598ns  (logic 1.631ns (14.063%)  route 9.967ns (85.937%))
  Logic Levels:           2  (IBUF=1 LUT1=1)
  Clock Path Skew:        5.094ns (DCD - SCD + CPR)
    Destination Clock Delay (DCD):    5.094ns
    Source Clock Delay      (SCD):    0.000ns
    Clock Pessimism Removal (CPR):    0.000ns
  Clock Uncertainty:      0.025ns  ((TSJ^2 + TIJ^2)^1/2 + DJ) / 2 + PE
    Total System Jitter     (TSJ):    0.050ns
    Total Input Jitter      (TIJ):    0.000ns
    Discrete Jitter          (DJ):    0.000ns
    Phase Error              (PE):    0.000ns

    Location             Delay type                Incr(ns)  Path(ns)    Netlist Resource(s)
  -------------------------------------------------------------------    -------------------
    C12                                               0.000     0.000 r  CPU_RESETN (IN)
                         net (fo=0)                   0.000     0.000    CPU_RESETN
    C12                  IBUF (Prop_ibuf_I_O)         1.507     1.507 r  CPU_RESETN_IBUF_inst/O
                         net (fo=24, routed)          1.649     3.156    u_accel/gen_nn_standard.u_accel/fc2/CPU_RESETN_IBUF
    SLICE_X2Y135         LUT1 (Prop_lut1_I0_O)        0.124     3.280 f  u_accel/gen_nn_standard.u_accel/fc2/membrane_potential[23]_i_3__55/O
                         net (fo=21246, routed)       8.318    11.598    u_accel/gen_nn_standard.u_accel/gen_hl2[26].hl2_lif/spike_prev_reg_2
    SLICE_X59Y10         FDCE                                         f  u_accel/gen_nn_standard.u_accel/gen_hl2[26].hl2_lif/membrane_potential_reg[0]/CLR
  -------------------------------------------------------------------    -------------------

                         (clock sys_clk_pin rise edge)
                                                      0.000     0.000 r  
    E3                                                0.000     0.000 r  CLK100MHZ (IN)
                         net (fo=0)                   0.000     0.000    CLK100MHZ
    E3                   IBUF (Prop_ibuf_I_O)         1.411     1.411 r  CLK100MHZ_IBUF_inst/O
                         net (fo=1, routed)           1.920     3.331    CLK100MHZ_IBUF
    BUFGCTRL_X0Y16       BUFG (Prop_bufg_I_O)         0.091     3.422 r  CLK100MHZ_IBUF_BUFG_inst/O
                         net (fo=21494, routed)       1.672     5.094    u_accel/gen_nn_standard.u_accel/gen_hl2[26].hl2_lif/CLK100MHZ_IBUF_BUFG
    SLICE_X59Y10         FDCE                                         r  u_accel/gen_nn_standard.u_accel/gen_hl2[26].hl2_lif/membrane_potential_reg[0]/C

Slack:                    inf
  Source:                 CPU_RESETN
                            (input port)
  Destination:            u_accel/gen_nn_standard.u_accel/gen_hl2[26].hl2_lif/membrane_potential_reg[1]/CLR
                            (recovery check against rising-edge clock sys_clk_pin  {rise@0.000ns fall@5.000ns period=10.000ns})
  Path Group:             (none)
  Path Type:              Recovery (Max at Slow Process Corner)
  Data Path Delay:        11.598ns  (logic 1.631ns (14.063%)  route 9.967ns (85.937%))
  Logic Levels:           2  (IBUF=1 LUT1=1)
  Clock Path Skew:        5.094ns (DCD - SCD + CPR)
    Destination Clock Delay (DCD):    5.094ns
    Source Clock Delay      (SCD):    0.000ns
    Clock Pessimism Removal (CPR):    0.000ns
  Clock Uncertainty:      0.025ns  ((TSJ^2 + TIJ^2)^1/2 + DJ) / 2 + PE
    Total System Jitter     (TSJ):    0.050ns
    Total Input Jitter      (TIJ):    0.000ns
    Discrete Jitter          (DJ):    0.000ns
    Phase Error              (PE):    0.000ns

    Location             Delay type                Incr(ns)  Path(ns)    Netlist Resource(s)
  -------------------------------------------------------------------    -------------------
    C12                                               0.000     0.000 r  CPU_RESETN (IN)
                         net (fo=0)                   0.000     0.000    CPU_RESETN
    C12                  IBUF (Prop_ibuf_I_O)         1.507     1.507 r  CPU_RESETN_IBUF_inst/O
                         net (fo=24, routed)          1.649     3.156    u_accel/gen_nn_standard.u_accel/fc2/CPU_RESETN_IBUF
    SLICE_X2Y135         LUT1 (Prop_lut1_I0_O)        0.124     3.280 f  u_accel/gen_nn_standard.u_accel/fc2/membrane_potential[23]_i_3__55/O
                         net (fo=21246, routed)       8.318    11.598    u_accel/gen_nn_standard.u_accel/gen_hl2[26].hl2_lif/spike_prev_reg_2
    SLICE_X59Y10         FDCE                                         f  u_accel/gen_nn_standard.u_accel/gen_hl2[26].hl2_lif/membrane_potential_reg[1]/CLR
  -------------------------------------------------------------------    -------------------

                         (clock sys_clk_pin rise edge)
                                                      0.000     0.000 r  
    E3                                                0.000     0.000 r  CLK100MHZ (IN)
                         net (fo=0)                   0.000     0.000    CLK100MHZ
    E3                   IBUF (Prop_ibuf_I_O)         1.411     1.411 r  CLK100MHZ_IBUF_inst/O
                         net (fo=1, routed)           1.920     3.331    CLK100MHZ_IBUF
    BUFGCTRL_X0Y16       BUFG (Prop_bufg_I_O)         0.091     3.422 r  CLK100MHZ_IBUF_BUFG_inst/O
                         net (fo=21494, routed)       1.672     5.094    u_accel/gen_nn_standard.u_accel/gen_hl2[26].hl2_lif/CLK100MHZ_IBUF_BUFG
    SLICE_X59Y10         FDCE                                         r  u_accel/gen_nn_standard.u_accel/gen_hl2[26].hl2_lif/membrane_potential_reg[1]/C

Slack:                    inf
  Source:                 CPU_RESETN
                            (input port)
  Destination:            u_accel/gen_nn_standard.u_accel/gen_hl2[26].hl2_lif/membrane_potential_reg[20]/CLR
                            (recovery check against rising-edge clock sys_clk_pin  {rise@0.000ns fall@5.000ns period=10.000ns})
  Path Group:             (none)
  Path Type:              Recovery (Max at Slow Process Corner)
  Data Path Delay:        11.598ns  (logic 1.631ns (14.063%)  route 9.967ns (85.937%))
  Logic Levels:           2  (IBUF=1 LUT1=1)
  Clock Path Skew:        5.094ns (DCD - SCD + CPR)
    Destination Clock Delay (DCD):    5.094ns
    Source Clock Delay      (SCD):    0.000ns
    Clock Pessimism Removal (CPR):    0.000ns
  Clock Uncertainty:      0.025ns  ((TSJ^2 + TIJ^2)^1/2 + DJ) / 2 + PE
    Total System Jitter     (TSJ):    0.050ns
    Total Input Jitter      (TIJ):    0.000ns
    Discrete Jitter          (DJ):    0.000ns
    Phase Error              (PE):    0.000ns

    Location             Delay type                Incr(ns)  Path(ns)    Netlist Resource(s)
  -------------------------------------------------------------------    -------------------
    C12                                               0.000     0.000 r  CPU_RESETN (IN)
                         net (fo=0)                   0.000     0.000    CPU_RESETN
    C12                  IBUF (Prop_ibuf_I_O)         1.507     1.507 r  CPU_RESETN_IBUF_inst/O
                         net (fo=24, routed)          1.649     3.156    u_accel/gen_nn_standard.u_accel/fc2/CPU_RESETN_IBUF
    SLICE_X2Y135         LUT1 (Prop_lut1_I0_O)        0.124     3.280 f  u_accel/gen_nn_standard.u_accel/fc2/membrane_potential[23]_i_3__55/O
                         net (fo=21246, routed)       8.318    11.598    u_accel/gen_nn_standard.u_accel/gen_hl2[26].hl2_lif/spike_prev_reg_2
    SLICE_X59Y10         FDCE                                         f  u_accel/gen_nn_standard.u_accel/gen_hl2[26].hl2_lif/membrane_potential_reg[20]/CLR
  -------------------------------------------------------------------    -------------------

                         (clock sys_clk_pin rise edge)
                                                      0.000     0.000 r  
    E3                                                0.000     0.000 r  CLK100MHZ (IN)
                         net (fo=0)                   0.000     0.000    CLK100MHZ
    E3                   IBUF (Prop_ibuf_I_O)         1.411     1.411 r  CLK100MHZ_IBUF_inst/O
                         net (fo=1, routed)           1.920     3.331    CLK100MHZ_IBUF
    BUFGCTRL_X0Y16       BUFG (Prop_bufg_I_O)         0.091     3.422 r  CLK100MHZ_IBUF_BUFG_inst/O
                         net (fo=21494, routed)       1.672     5.094    u_accel/gen_nn_standard.u_accel/gen_hl2[26].hl2_lif/CLK100MHZ_IBUF_BUFG
    SLICE_X59Y10         FDCE                                         r  u_accel/gen_nn_standard.u_accel/gen_hl2[26].hl2_lif/membrane_potential_reg[20]/C

Slack:                    inf
  Source:                 CPU_RESETN
                            (input port)
  Destination:            u_accel/gen_nn_standard.u_accel/gen_hl2[26].hl2_lif/membrane_potential_reg[22]/CLR
                            (recovery check against rising-edge clock sys_clk_pin  {rise@0.000ns fall@5.000ns period=10.000ns})
  Path Group:             (none)
  Path Type:              Recovery (Max at Slow Process Corner)
  Data Path Delay:        11.598ns  (logic 1.631ns (14.063%)  route 9.967ns (85.937%))
  Logic Levels:           2  (IBUF=1 LUT1=1)
  Clock Path Skew:        5.094ns (DCD - SCD + CPR)
    Destination Clock Delay (DCD):    5.094ns
    Source Clock Delay      (SCD):    0.000ns
    Clock Pessimism Removal (CPR):    0.000ns
  Clock Uncertainty:      0.025ns  ((TSJ^2 + TIJ^2)^1/2 + DJ) / 2 + PE
    Total System Jitter     (TSJ):    0.050ns
    Total Input Jitter      (TIJ):    0.000ns
    Discrete Jitter          (DJ):    0.000ns
    Phase Error              (PE):    0.000ns

    Location             Delay type                Incr(ns)  Path(ns)    Netlist Resource(s)
  -------------------------------------------------------------------    -------------------
    C12                                               0.000     0.000 r  CPU_RESETN (IN)
                         net (fo=0)                   0.000     0.000    CPU_RESETN
    C12                  IBUF (Prop_ibuf_I_O)         1.507     1.507 r  CPU_RESETN_IBUF_inst/O
                         net (fo=24, routed)          1.649     3.156    u_accel/gen_nn_standard.u_accel/fc2/CPU_RESETN_IBUF
    SLICE_X2Y135         LUT1 (Prop_lut1_I0_O)        0.124     3.280 f  u_accel/gen_nn_standard.u_accel/fc2/membrane_potential[23]_i_3__55/O
                         net (fo=21246, routed)       8.318    11.598    u_accel/gen_nn_standard.u_accel/gen_hl2[26].hl2_lif/spike_prev_reg_2
    SLICE_X59Y10         FDCE                                         f  u_accel/gen_nn_standard.u_accel/gen_hl2[26].hl2_lif/membrane_potential_reg[22]/CLR
  -------------------------------------------------------------------    -------------------

                         (clock sys_clk_pin rise edge)
                                                      0.000     0.000 r  
    E3                                                0.000     0.000 r  CLK100MHZ (IN)
                         net (fo=0)                   0.000     0.000    CLK100MHZ
    E3                   IBUF (Prop_ibuf_I_O)         1.411     1.411 r  CLK100MHZ_IBUF_inst/O
                         net (fo=1, routed)           1.920     3.331    CLK100MHZ_IBUF
    BUFGCTRL_X0Y16       BUFG (Prop_bufg_I_O)         0.091     3.422 r  CLK100MHZ_IBUF_BUFG_inst/O
                         net (fo=21494, routed)       1.672     5.094    u_accel/gen_nn_standard.u_accel/gen_hl2[26].hl2_lif/CLK100MHZ_IBUF_BUFG
    SLICE_X59Y10         FDCE                                         r  u_accel/gen_nn_standard.u_accel/gen_hl2[26].hl2_lif/membrane_potential_reg[22]/C

Slack:                    inf
  Source:                 CPU_RESETN
                            (input port)
  Destination:            u_accel/gen_nn_standard.u_accel/gen_hl2[26].hl2_lif/membrane_potential_reg[2]/CLR
                            (recovery check against rising-edge clock sys_clk_pin  {rise@0.000ns fall@5.000ns period=10.000ns})
  Path Group:             (none)
  Path Type:              Recovery (Max at Slow Process Corner)
  Data Path Delay:        11.598ns  (logic 1.631ns (14.063%)  route 9.967ns (85.937%))
  Logic Levels:           2  (IBUF=1 LUT1=1)
  Clock Path Skew:        5.094ns (DCD - SCD + CPR)
    Destination Clock Delay (DCD):    5.094ns
    Source Clock Delay      (SCD):    0.000ns
    Clock Pessimism Removal (CPR):    0.000ns
  Clock Uncertainty:      0.025ns  ((TSJ^2 + TIJ^2)^1/2 + DJ) / 2 + PE
    Total System Jitter     (TSJ):    0.050ns
    Total Input Jitter      (TIJ):    0.000ns
    Discrete Jitter          (DJ):    0.000ns
    Phase Error              (PE):    0.000ns

    Location             Delay type                Incr(ns)  Path(ns)    Netlist Resource(s)
  -------------------------------------------------------------------    -------------------
    C12                                               0.000     0.000 r  CPU_RESETN (IN)
                         net (fo=0)                   0.000     0.000    CPU_RESETN
    C12                  IBUF (Prop_ibuf_I_O)         1.507     1.507 r  CPU_RESETN_IBUF_inst/O
                         net (fo=24, routed)          1.649     3.156    u_accel/gen_nn_standard.u_accel/fc2/CPU_RESETN_IBUF
    SLICE_X2Y135         LUT1 (Prop_lut1_I0_O)        0.124     3.280 f  u_accel/gen_nn_standard.u_accel/fc2/membrane_potential[23]_i_3__55/O
                         net (fo=21246, routed)       8.318    11.598    u_accel/gen_nn_standard.u_accel/gen_hl2[26].hl2_lif/spike_prev_reg_2
    SLICE_X59Y10         FDCE                                         f  u_accel/gen_nn_standard.u_accel/gen_hl2[26].hl2_lif/membrane_potential_reg[2]/CLR
  -------------------------------------------------------------------    -------------------

                         (clock sys_clk_pin rise edge)
                                                      0.000     0.000 r  
    E3                                                0.000     0.000 r  CLK100MHZ (IN)
                         net (fo=0)                   0.000     0.000    CLK100MHZ
    E3                   IBUF (Prop_ibuf_I_O)         1.411     1.411 r  CLK100MHZ_IBUF_inst/O
                         net (fo=1, routed)           1.920     3.331    CLK100MHZ_IBUF
    BUFGCTRL_X0Y16       BUFG (Prop_bufg_I_O)         0.091     3.422 r  CLK100MHZ_IBUF_BUFG_inst/O
                         net (fo=21494, routed)       1.672     5.094    u_accel/gen_nn_standard.u_accel/gen_hl2[26].hl2_lif/CLK100MHZ_IBUF_BUFG
    SLICE_X59Y10         FDCE                                         r  u_accel/gen_nn_standard.u_accel/gen_hl2[26].hl2_lif/membrane_potential_reg[2]/C





Min Delay Paths
--------------------------------------------------------------------------------------
Slack:                    inf
  Source:                 CPU_RESETN
                            (input port)
  Destination:            u_accel/gen_nn_standard.u_accel/gen_hl1_lif[20].hl1_lif/membrane_potential_reg[12]/CLR
                            (removal check against rising-edge clock sys_clk_pin  {rise@0.000ns fall@5.000ns period=10.000ns})
  Path Group:             (none)
  Path Type:              Removal (Min at Fast Process Corner)
  Data Path Delay:        1.402ns  (logic 0.320ns (22.792%)  route 1.083ns (77.208%))
  Logic Levels:           2  (IBUF=1 LUT1=1)
  Clock Path Skew:        1.998ns (DCD - SCD - CPR)
    Destination Clock Delay (DCD):    1.998ns
    Source Clock Delay      (SCD):    0.000ns
    Clock Pessimism Removal (CPR):    -0.000ns

    Location             Delay type                Incr(ns)  Path(ns)    Netlist Resource(s)
  -------------------------------------------------------------------    -------------------
    C12                                               0.000     0.000 r  CPU_RESETN (IN)
                         net (fo=0)                   0.000     0.000    CPU_RESETN
    C12                  IBUF (Prop_ibuf_I_O)         0.275     0.275 r  CPU_RESETN_IBUF_inst/O
                         net (fo=24, routed)          0.643     0.918    u_accel/gen_nn_standard.u_accel/fc2/CPU_RESETN_IBUF
    SLICE_X2Y135         LUT1 (Prop_lut1_I0_O)        0.045     0.963 f  u_accel/gen_nn_standard.u_accel/fc2/membrane_potential[23]_i_3__55/O
                         net (fo=21246, routed)       0.440     1.402    u_accel/gen_nn_standard.u_accel/gen_hl1_lif[20].hl1_lif/spike_prev_reg_1
    SLICE_X11Y133        FDCE                                         f  u_accel/gen_nn_standard.u_accel/gen_hl1_lif[20].hl1_lif/membrane_potential_reg[12]/CLR
  -------------------------------------------------------------------    -------------------

                         (clock sys_clk_pin rise edge)
                                                      0.000     0.000 r  
    E3                                                0.000     0.000 r  CLK100MHZ (IN)
                         net (fo=0)                   0.000     0.000    CLK100MHZ
    E3                   IBUF (Prop_ibuf_I_O)         0.438     0.438 r  CLK100MHZ_IBUF_inst/O
                         net (fo=1, routed)           0.699     1.136    CLK100MHZ_IBUF
    BUFGCTRL_X0Y16       BUFG (Prop_bufg_I_O)         0.029     1.165 r  CLK100MHZ_IBUF_BUFG_inst/O
                         net (fo=21494, routed)       0.833     1.998    u_accel/gen_nn_standard.u_accel/gen_hl1_lif[20].hl1_lif/CLK100MHZ_IBUF_BUFG
    SLICE_X11Y133        FDCE                                         r  u_accel/gen_nn_standard.u_accel/gen_hl1_lif[20].hl1_lif/membrane_potential_reg[12]/C

Slack:                    inf
  Source:                 CPU_RESETN
                            (input port)
  Destination:            u_accel/gen_nn_standard.u_accel/gen_hl1_lif[20].hl1_lif/membrane_potential_reg[13]/CLR
                            (removal check against rising-edge clock sys_clk_pin  {rise@0.000ns fall@5.000ns period=10.000ns})
  Path Group:             (none)
  Path Type:              Removal (Min at Fast Process Corner)
  Data Path Delay:        1.402ns  (logic 0.320ns (22.792%)  route 1.083ns (77.208%))
  Logic Levels:           2  (IBUF=1 LUT1=1)
  Clock Path Skew:        1.998ns (DCD - SCD - CPR)
    Destination Clock Delay (DCD):    1.998ns
    Source Clock Delay      (SCD):    0.000ns
    Clock Pessimism Removal (CPR):    -0.000ns

    Location             Delay type                Incr(ns)  Path(ns)    Netlist Resource(s)
  -------------------------------------------------------------------    -------------------
    C12                                               0.000     0.000 r  CPU_RESETN (IN)
                         net (fo=0)                   0.000     0.000    CPU_RESETN
    C12                  IBUF (Prop_ibuf_I_O)         0.275     0.275 r  CPU_RESETN_IBUF_inst/O
                         net (fo=24, routed)          0.643     0.918    u_accel/gen_nn_standard.u_accel/fc2/CPU_RESETN_IBUF
    SLICE_X2Y135         LUT1 (Prop_lut1_I0_O)        0.045     0.963 f  u_accel/gen_nn_standard.u_accel/fc2/membrane_potential[23]_i_3__55/O
                         net (fo=21246, routed)       0.440     1.402    u_accel/gen_nn_standard.u_accel/gen_hl1_lif[20].hl1_lif/spike_prev_reg_1
    SLICE_X11Y133        FDCE                                         f  u_accel/gen_nn_standard.u_accel/gen_hl1_lif[20].hl1_lif/membrane_potential_reg[13]/CLR
  -------------------------------------------------------------------    -------------------

                         (clock sys_clk_pin rise edge)
                                                      0.000     0.000 r  
    E3                                                0.000     0.000 r  CLK100MHZ (IN)
                         net (fo=0)                   0.000     0.000    CLK100MHZ
    E3                   IBUF (Prop_ibuf_I_O)         0.438     0.438 r  CLK100MHZ_IBUF_inst/O
                         net (fo=1, routed)           0.699     1.136    CLK100MHZ_IBUF
    BUFGCTRL_X0Y16       BUFG (Prop_bufg_I_O)         0.029     1.165 r  CLK100MHZ_IBUF_BUFG_inst/O
                         net (fo=21494, routed)       0.833     1.998    u_accel/gen_nn_standard.u_accel/gen_hl1_lif[20].hl1_lif/CLK100MHZ_IBUF_BUFG
    SLICE_X11Y133        FDCE                                         r  u_accel/gen_nn_standard.u_accel/gen_hl1_lif[20].hl1_lif/membrane_potential_reg[13]/C

Slack:                    inf
  Source:                 CPU_RESETN
                            (input port)
  Destination:            u_accel/gen_nn_standard.u_accel/gen_hl1_lif[20].hl1_lif/membrane_potential_reg[14]/CLR
                            (removal check against rising-edge clock sys_clk_pin  {rise@0.000ns fall@5.000ns period=10.000ns})
  Path Group:             (none)
  Path Type:              Removal (Min at Fast Process Corner)
  Data Path Delay:        1.402ns  (logic 0.320ns (22.792%)  route 1.083ns (77.208%))
  Logic Levels:           2  (IBUF=1 LUT1=1)
  Clock Path Skew:        1.998ns (DCD - SCD - CPR)
    Destination Clock Delay (DCD):    1.998ns
    Source Clock Delay      (SCD):    0.000ns
    Clock Pessimism Removal (CPR):    -0.000ns

    Location             Delay type                Incr(ns)  Path(ns)    Netlist Resource(s)
  -------------------------------------------------------------------    -------------------
    C12                                               0.000     0.000 r  CPU_RESETN (IN)
                         net (fo=0)                   0.000     0.000    CPU_RESETN
    C12                  IBUF (Prop_ibuf_I_O)         0.275     0.275 r  CPU_RESETN_IBUF_inst/O
                         net (fo=24, routed)          0.643     0.918    u_accel/gen_nn_standard.u_accel/fc2/CPU_RESETN_IBUF
    SLICE_X2Y135         LUT1 (Prop_lut1_I0_O)        0.045     0.963 f  u_accel/gen_nn_standard.u_accel/fc2/membrane_potential[23]_i_3__55/O
                         net (fo=21246, routed)       0.440     1.402    u_accel/gen_nn_standard.u_accel/gen_hl1_lif[20].hl1_lif/spike_prev_reg_1
    SLICE_X11Y133        FDCE                                         f  u_accel/gen_nn_standard.u_accel/gen_hl1_lif[20].hl1_lif/membrane_potential_reg[14]/CLR
  -------------------------------------------------------------------    -------------------

                         (clock sys_clk_pin rise edge)
                                                      0.000     0.000 r  
    E3                                                0.000     0.000 r  CLK100MHZ (IN)
                         net (fo=0)                   0.000     0.000    CLK100MHZ
    E3                   IBUF (Prop_ibuf_I_O)         0.438     0.438 r  CLK100MHZ_IBUF_inst/O
                         net (fo=1, routed)           0.699     1.136    CLK100MHZ_IBUF
    BUFGCTRL_X0Y16       BUFG (Prop_bufg_I_O)         0.029     1.165 r  CLK100MHZ_IBUF_BUFG_inst/O
                         net (fo=21494, routed)       0.833     1.998    u_accel/gen_nn_standard.u_accel/gen_hl1_lif[20].hl1_lif/CLK100MHZ_IBUF_BUFG
    SLICE_X11Y133        FDCE                                         r  u_accel/gen_nn_standard.u_accel/gen_hl1_lif[20].hl1_lif/membrane_potential_reg[14]/C

Slack:                    inf
  Source:                 CPU_RESETN
                            (input port)
  Destination:            u_accel/gen_nn_standard.u_accel/gen_hl1_lif[20].hl1_lif/membrane_potential_reg[15]/CLR
                            (removal check against rising-edge clock sys_clk_pin  {rise@0.000ns fall@5.000ns period=10.000ns})
  Path Group:             (none)
  Path Type:              Removal (Min at Fast Process Corner)
  Data Path Delay:        1.402ns  (logic 0.320ns (22.792%)  route 1.083ns (77.208%))
  Logic Levels:           2  (IBUF=1 LUT1=1)
  Clock Path Skew:        1.998ns (DCD - SCD - CPR)
    Destination Clock Delay (DCD):    1.998ns
    Source Clock Delay      (SCD):    0.000ns
    Clock Pessimism Removal (CPR):    -0.000ns

    Location             Delay type                Incr(ns)  Path(ns)    Netlist Resource(s)
  -------------------------------------------------------------------    -------------------
    C12                                               0.000     0.000 r  CPU_RESETN (IN)
                         net (fo=0)                   0.000     0.000    CPU_RESETN
    C12                  IBUF (Prop_ibuf_I_O)         0.275     0.275 r  CPU_RESETN_IBUF_inst/O
                         net (fo=24, routed)          0.643     0.918    u_accel/gen_nn_standard.u_accel/fc2/CPU_RESETN_IBUF
    SLICE_X2Y135         LUT1 (Prop_lut1_I0_O)        0.045     0.963 f  u_accel/gen_nn_standard.u_accel/fc2/membrane_potential[23]_i_3__55/O
                         net (fo=21246, routed)       0.440     1.402    u_accel/gen_nn_standard.u_accel/gen_hl1_lif[20].hl1_lif/spike_prev_reg_1
    SLICE_X11Y133        FDCE                                         f  u_accel/gen_nn_standard.u_accel/gen_hl1_lif[20].hl1_lif/membrane_potential_reg[15]/CLR
  -------------------------------------------------------------------    -------------------

                         (clock sys_clk_pin rise edge)
                                                      0.000     0.000 r  
    E3                                                0.000     0.000 r  CLK100MHZ (IN)
                         net (fo=0)                   0.000     0.000    CLK100MHZ
    E3                   IBUF (Prop_ibuf_I_O)         0.438     0.438 r  CLK100MHZ_IBUF_inst/O
                         net (fo=1, routed)           0.699     1.136    CLK100MHZ_IBUF
    BUFGCTRL_X0Y16       BUFG (Prop_bufg_I_O)         0.029     1.165 r  CLK100MHZ_IBUF_BUFG_inst/O
                         net (fo=21494, routed)       0.833     1.998    u_accel/gen_nn_standard.u_accel/gen_hl1_lif[20].hl1_lif/CLK100MHZ_IBUF_BUFG
    SLICE_X11Y133        FDCE                                         r  u_accel/gen_nn_standard.u_accel/gen_hl1_lif[20].hl1_lif/membrane_potential_reg[15]/C

Slack:                    inf
  Source:                 CPU_RESETN
                            (input port)
  Destination:            u_accel/gen_nn_standard.u_accel/gen_hl1_lif[20].hl1_lif/membrane_potential_reg[4]/CLR
                            (removal check against rising-edge clock sys_clk_pin  {rise@0.000ns fall@5.000ns period=10.000ns})
  Path Group:             (none)
  Path Type:              Removal (Min at Fast Process Corner)
  Data Path Delay:        1.435ns  (logic 0.320ns (22.270%)  route 1.115ns (77.730%))
  Logic Levels:           2  (IBUF=1 LUT1=1)
  Clock Path Skew:        1.996ns (DCD - SCD - CPR)
    Destination Clock Delay (DCD):    1.996ns
    Source Clock Delay      (SCD):    0.000ns
    Clock Pessimism Removal (CPR):    -0.000ns

    Location             Delay type                Incr(ns)  Path(ns)    Netlist Resource(s)
  -------------------------------------------------------------------    -------------------
    C12                                               0.000     0.000 r  CPU_RESETN (IN)
                         net (fo=0)                   0.000     0.000    CPU_RESETN
    C12                  IBUF (Prop_ibuf_I_O)         0.275     0.275 r  CPU_RESETN_IBUF_inst/O
                         net (fo=24, routed)          0.643     0.918    u_accel/gen_nn_standard.u_accel/fc2/CPU_RESETN_IBUF
    SLICE_X2Y135         LUT1 (Prop_lut1_I0_O)        0.045     0.963 f  u_accel/gen_nn_standard.u_accel/fc2/membrane_potential[23]_i_3__55/O
                         net (fo=21246, routed)       0.472     1.435    u_accel/gen_nn_standard.u_accel/gen_hl1_lif[20].hl1_lif/spike_prev_reg_1
    SLICE_X11Y131        FDCE                                         f  u_accel/gen_nn_standard.u_accel/gen_hl1_lif[20].hl1_lif/membrane_potential_reg[4]/CLR
  -------------------------------------------------------------------    -------------------

                         (clock sys_clk_pin rise edge)
                                                      0.000     0.000 r  
    E3                                                0.000     0.000 r  CLK100MHZ (IN)
                         net (fo=0)                   0.000     0.000    CLK100MHZ
    E3                   IBUF (Prop_ibuf_I_O)         0.438     0.438 r  CLK100MHZ_IBUF_inst/O
                         net (fo=1, routed)           0.699     1.136    CLK100MHZ_IBUF
    BUFGCTRL_X0Y16       BUFG (Prop_bufg_I_O)         0.029     1.165 r  CLK100MHZ_IBUF_BUFG_inst/O
                         net (fo=21494, routed)       0.831     1.996    u_accel/gen_nn_standard.u_accel/gen_hl1_lif[20].hl1_lif/CLK100MHZ_IBUF_BUFG
    SLICE_X11Y131        FDCE                                         r  u_accel/gen_nn_standard.u_accel/gen_hl1_lif[20].hl1_lif/membrane_potential_reg[4]/C

Slack:                    inf
  Source:                 CPU_RESETN
                            (input port)
  Destination:            u_accel/gen_nn_standard.u_accel/gen_hl1_lif[20].hl1_lif/membrane_potential_reg[5]/CLR
                            (removal check against rising-edge clock sys_clk_pin  {rise@0.000ns fall@5.000ns period=10.000ns})
  Path Group:             (none)
  Path Type:              Removal (Min at Fast Process Corner)
  Data Path Delay:        1.435ns  (logic 0.320ns (22.270%)  route 1.115ns (77.730%))
  Logic Levels:           2  (IBUF=1 LUT1=1)
  Clock Path Skew:        1.996ns (DCD - SCD - CPR)
    Destination Clock Delay (DCD):    1.996ns
    Source Clock Delay      (SCD):    0.000ns
    Clock Pessimism Removal (CPR):    -0.000ns

    Location             Delay type                Incr(ns)  Path(ns)    Netlist Resource(s)
  -------------------------------------------------------------------    -------------------
    C12                                               0.000     0.000 r  CPU_RESETN (IN)
                         net (fo=0)                   0.000     0.000    CPU_RESETN
    C12                  IBUF (Prop_ibuf_I_O)         0.275     0.275 r  CPU_RESETN_IBUF_inst/O
                         net (fo=24, routed)          0.643     0.918    u_accel/gen_nn_standard.u_accel/fc2/CPU_RESETN_IBUF
    SLICE_X2Y135         LUT1 (Prop_lut1_I0_O)        0.045     0.963 f  u_accel/gen_nn_standard.u_accel/fc2/membrane_potential[23]_i_3__55/O
                         net (fo=21246, routed)       0.472     1.435    u_accel/gen_nn_standard.u_accel/gen_hl1_lif[20].hl1_lif/spike_prev_reg_1
    SLICE_X11Y131        FDCE                                         f  u_accel/gen_nn_standard.u_accel/gen_hl1_lif[20].hl1_lif/membrane_potential_reg[5]/CLR
  -------------------------------------------------------------------    -------------------

                         (clock sys_clk_pin rise edge)
                                                      0.000     0.000 r  
    E3                                                0.000     0.000 r  CLK100MHZ (IN)
                         net (fo=0)                   0.000     0.000    CLK100MHZ
    E3                   IBUF (Prop_ibuf_I_O)         0.438     0.438 r  CLK100MHZ_IBUF_inst/O
                         net (fo=1, routed)           0.699     1.136    CLK100MHZ_IBUF
    BUFGCTRL_X0Y16       BUFG (Prop_bufg_I_O)         0.029     1.165 r  CLK100MHZ_IBUF_BUFG_inst/O
                         net (fo=21494, routed)       0.831     1.996    u_accel/gen_nn_standard.u_accel/gen_hl1_lif[20].hl1_lif/CLK100MHZ_IBUF_BUFG
    SLICE_X11Y131        FDCE                                         r  u_accel/gen_nn_standard.u_accel/gen_hl1_lif[20].hl1_lif/membrane_potential_reg[5]/C

Slack:                    inf
  Source:                 CPU_RESETN
                            (input port)
  Destination:            u_accel/gen_nn_standard.u_accel/gen_hl1_lif[20].hl1_lif/membrane_potential_reg[6]/CLR
                            (removal check against rising-edge clock sys_clk_pin  {rise@0.000ns fall@5.000ns period=10.000ns})
  Path Group:             (none)
  Path Type:              Removal (Min at Fast Process Corner)
  Data Path Delay:        1.435ns  (logic 0.320ns (22.270%)  route 1.115ns (77.730%))
  Logic Levels:           2  (IBUF=1 LUT1=1)
  Clock Path Skew:        1.996ns (DCD - SCD - CPR)
    Destination Clock Delay (DCD):    1.996ns
    Source Clock Delay      (SCD):    0.000ns
    Clock Pessimism Removal (CPR):    -0.000ns

    Location             Delay type                Incr(ns)  Path(ns)    Netlist Resource(s)
  -------------------------------------------------------------------    -------------------
    C12                                               0.000     0.000 r  CPU_RESETN (IN)
                         net (fo=0)                   0.000     0.000    CPU_RESETN
    C12                  IBUF (Prop_ibuf_I_O)         0.275     0.275 r  CPU_RESETN_IBUF_inst/O
                         net (fo=24, routed)          0.643     0.918    u_accel/gen_nn_standard.u_accel/fc2/CPU_RESETN_IBUF
    SLICE_X2Y135         LUT1 (Prop_lut1_I0_O)        0.045     0.963 f  u_accel/gen_nn_standard.u_accel/fc2/membrane_potential[23]_i_3__55/O
                         net (fo=21246, routed)       0.472     1.435    u_accel/gen_nn_standard.u_accel/gen_hl1_lif[20].hl1_lif/spike_prev_reg_1
    SLICE_X11Y131        FDCE                                         f  u_accel/gen_nn_standard.u_accel/gen_hl1_lif[20].hl1_lif/membrane_potential_reg[6]/CLR
  -------------------------------------------------------------------    -------------------

                         (clock sys_clk_pin rise edge)
                                                      0.000     0.000 r  
    E3                                                0.000     0.000 r  CLK100MHZ (IN)
                         net (fo=0)                   0.000     0.000    CLK100MHZ
    E3                   IBUF (Prop_ibuf_I_O)         0.438     0.438 r  CLK100MHZ_IBUF_inst/O
                         net (fo=1, routed)           0.699     1.136    CLK100MHZ_IBUF
    BUFGCTRL_X0Y16       BUFG (Prop_bufg_I_O)         0.029     1.165 r  CLK100MHZ_IBUF_BUFG_inst/O
                         net (fo=21494, routed)       0.831     1.996    u_accel/gen_nn_standard.u_accel/gen_hl1_lif[20].hl1_lif/CLK100MHZ_IBUF_BUFG
    SLICE_X11Y131        FDCE                                         r  u_accel/gen_nn_standard.u_accel/gen_hl1_lif[20].hl1_lif/membrane_potential_reg[6]/C

Slack:                    inf
  Source:                 CPU_RESETN
                            (input port)
  Destination:            u_accel/gen_nn_standard.u_accel/gen_hl1_lif[20].hl1_lif/membrane_potential_reg[7]/CLR
                            (removal check against rising-edge clock sys_clk_pin  {rise@0.000ns fall@5.000ns period=10.000ns})
  Path Group:             (none)
  Path Type:              Removal (Min at Fast Process Corner)
  Data Path Delay:        1.435ns  (logic 0.320ns (22.270%)  route 1.115ns (77.730%))
  Logic Levels:           2  (IBUF=1 LUT1=1)
  Clock Path Skew:        1.996ns (DCD - SCD - CPR)
    Destination Clock Delay (DCD):    1.996ns
    Source Clock Delay      (SCD):    0.000ns
    Clock Pessimism Removal (CPR):    -0.000ns

    Location             Delay type                Incr(ns)  Path(ns)    Netlist Resource(s)
  -------------------------------------------------------------------    -------------------
    C12                                               0.000     0.000 r  CPU_RESETN (IN)
                         net (fo=0)                   0.000     0.000    CPU_RESETN
    C12                  IBUF (Prop_ibuf_I_O)         0.275     0.275 r  CPU_RESETN_IBUF_inst/O
                         net (fo=24, routed)          0.643     0.918    u_accel/gen_nn_standard.u_accel/fc2/CPU_RESETN_IBUF
    SLICE_X2Y135         LUT1 (Prop_lut1_I0_O)        0.045     0.963 f  u_accel/gen_nn_standard.u_accel/fc2/membrane_potential[23]_i_3__55/O
                         net (fo=21246, routed)       0.472     1.435    u_accel/gen_nn_standard.u_accel/gen_hl1_lif[20].hl1_lif/spike_prev_reg_1
    SLICE_X11Y131        FDCE                                         f  u_accel/gen_nn_standard.u_accel/gen_hl1_lif[20].hl1_lif/membrane_potential_reg[7]/CLR
  -------------------------------------------------------------------    -------------------

                         (clock sys_clk_pin rise edge)
                                                      0.000     0.000 r  
    E3                                                0.000     0.000 r  CLK100MHZ (IN)
                         net (fo=0)                   0.000     0.000    CLK100MHZ
    E3                   IBUF (Prop_ibuf_I_O)         0.438     0.438 r  CLK100MHZ_IBUF_inst/O
                         net (fo=1, routed)           0.699     1.136    CLK100MHZ_IBUF
    BUFGCTRL_X0Y16       BUFG (Prop_bufg_I_O)         0.029     1.165 r  CLK100MHZ_IBUF_BUFG_inst/O
                         net (fo=21494, routed)       0.831     1.996    u_accel/gen_nn_standard.u_accel/gen_hl1_lif[20].hl1_lif/CLK100MHZ_IBUF_BUFG
    SLICE_X11Y131        FDCE                                         r  u_accel/gen_nn_standard.u_accel/gen_hl1_lif[20].hl1_lif/membrane_potential_reg[7]/C

Slack:                    inf
  Source:                 CPU_RESETN
                            (input port)
  Destination:            u_accel/gen_nn_standard.u_accel/gen_hl1_lif[21].hl1_lif/membrane_potential_reg[0]/CLR
                            (removal check against rising-edge clock sys_clk_pin  {rise@0.000ns fall@5.000ns period=10.000ns})
  Path Group:             (none)
  Path Type:              Removal (Min at Fast Process Corner)
  Data Path Delay:        1.437ns  (logic 0.320ns (22.236%)  route 1.118ns (77.764%))
  Logic Levels:           2  (IBUF=1 LUT1=1)
  Clock Path Skew:        2.000ns (DCD - SCD - CPR)
    Destination Clock Delay (DCD):    2.000ns
    Source Clock Delay      (SCD):    0.000ns
    Clock Pessimism Removal (CPR):    -0.000ns

    Location             Delay type                Incr(ns)  Path(ns)    Netlist Resource(s)
  -------------------------------------------------------------------    -------------------
    C12                                               0.000     0.000 r  CPU_RESETN (IN)
                         net (fo=0)                   0.000     0.000    CPU_RESETN
    C12                  IBUF (Prop_ibuf_I_O)         0.275     0.275 r  CPU_RESETN_IBUF_inst/O
                         net (fo=24, routed)          0.643     0.918    u_accel/gen_nn_standard.u_accel/fc2/CPU_RESETN_IBUF
    SLICE_X2Y135         LUT1 (Prop_lut1_I0_O)        0.045     0.963 f  u_accel/gen_nn_standard.u_accel/fc2/membrane_potential[23]_i_3__55/O
                         net (fo=21246, routed)       0.475     1.437    u_accel/gen_nn_standard.u_accel/gen_hl1_lif[21].hl1_lif/spike_prev_reg_1
    SLICE_X12Y135        FDCE                                         f  u_accel/gen_nn_standard.u_accel/gen_hl1_lif[21].hl1_lif/membrane_potential_reg[0]/CLR
  -------------------------------------------------------------------    -------------------

                         (clock sys_clk_pin rise edge)
                                                      0.000     0.000 r  
    E3                                                0.000     0.000 r  CLK100MHZ (IN)
                         net (fo=0)                   0.000     0.000    CLK100MHZ
    E3                   IBUF (Prop_ibuf_I_O)         0.438     0.438 r  CLK100MHZ_IBUF_inst/O
                         net (fo=1, routed)           0.699     1.136    CLK100MHZ_IBUF
    BUFGCTRL_X0Y16       BUFG (Prop_bufg_I_O)         0.029     1.165 r  CLK100MHZ_IBUF_BUFG_inst/O
                         net (fo=21494, routed)       0.835     2.000    u_accel/gen_nn_standard.u_accel/gen_hl1_lif[21].hl1_lif/CLK100MHZ_IBUF_BUFG
    SLICE_X12Y135        FDCE                                         r  u_accel/gen_nn_standard.u_accel/gen_hl1_lif[21].hl1_lif/membrane_potential_reg[0]/C

Slack:                    inf
  Source:                 CPU_RESETN
                            (input port)
  Destination:            u_accel/gen_nn_standard.u_accel/gen_hl1_lif[21].hl1_lif/membrane_potential_reg[1]/CLR
                            (removal check against rising-edge clock sys_clk_pin  {rise@0.000ns fall@5.000ns period=10.000ns})
  Path Group:             (none)
  Path Type:              Removal (Min at Fast Process Corner)
  Data Path Delay:        1.437ns  (logic 0.320ns (22.236%)  route 1.118ns (77.764%))
  Logic Levels:           2  (IBUF=1 LUT1=1)
  Clock Path Skew:        2.000ns (DCD - SCD - CPR)
    Destination Clock Delay (DCD):    2.000ns
    Source Clock Delay      (SCD):    0.000ns
    Clock Pessimism Removal (CPR):    -0.000ns

    Location             Delay type                Incr(ns)  Path(ns)    Netlist Resource(s)
  -------------------------------------------------------------------    -------------------
    C12                                               0.000     0.000 r  CPU_RESETN (IN)
                         net (fo=0)                   0.000     0.000    CPU_RESETN
    C12                  IBUF (Prop_ibuf_I_O)         0.275     0.275 r  CPU_RESETN_IBUF_inst/O
                         net (fo=24, routed)          0.643     0.918    u_accel/gen_nn_standard.u_accel/fc2/CPU_RESETN_IBUF
    SLICE_X2Y135         LUT1 (Prop_lut1_I0_O)        0.045     0.963 f  u_accel/gen_nn_standard.u_accel/fc2/membrane_potential[23]_i_3__55/O
                         net (fo=21246, routed)       0.475     1.437    u_accel/gen_nn_standard.u_accel/gen_hl1_lif[21].hl1_lif/spike_prev_reg_1
    SLICE_X12Y135        FDCE                                         f  u_accel/gen_nn_standard.u_accel/gen_hl1_lif[21].hl1_lif/membrane_potential_reg[1]/CLR
  -------------------------------------------------------------------    -------------------

                         (clock sys_clk_pin rise edge)
                                                      0.000     0.000 r  
    E3                                                0.000     0.000 r  CLK100MHZ (IN)
                         net (fo=0)                   0.000     0.000    CLK100MHZ
    E3                   IBUF (Prop_ibuf_I_O)         0.438     0.438 r  CLK100MHZ_IBUF_inst/O
                         net (fo=1, routed)           0.699     1.136    CLK100MHZ_IBUF
    BUFGCTRL_X0Y16       BUFG (Prop_bufg_I_O)         0.029     1.165 r  CLK100MHZ_IBUF_BUFG_inst/O
                         net (fo=21494, routed)       0.835     2.000    u_accel/gen_nn_standard.u_accel/gen_hl1_lif[21].hl1_lif/CLK100MHZ_IBUF_BUFG
    SLICE_X12Y135        FDCE                                         r  u_accel/gen_nn_standard.u_accel/gen_hl1_lif[21].hl1_lif/membrane_potential_reg[1]/C





