Copyright 1986-2022 Xilinx, Inc. All Rights Reserved. Copyright 2022-2025 Advanced Micro Devices, Inc. All Rights Reserved.
---------------------------------------------------------------------------------------------------------------------------------------------------------------------------------------------------------------------------------------------------------------------
| Tool Version : Vivado v.2025.1 (lin64) Build 6140274 Wed May 21 22:58:25 MDT 2025
| Date         : Fri May 29 06:31:46 2026
| Host         : niklas.ece.pdx.edu running 64-bit Pop!_OS 22.04 LTS
| Command      : report_timing_summary -max_paths 10 -routable_nets -report_unconstrained -file board_top_lif_32_32_timing_summary_routed.rpt -pb board_top_lif_32_32_timing_summary_routed.pb -rpx board_top_lif_32_32_timing_summary_routed.rpx -warn_on_violation
| Design       : board_top_lif_32_32
| Device       : 7a100t-csg324
| Speed File   : -1  PRODUCTION 1.23 2018-06-13
| Design State : Routed
---------------------------------------------------------------------------------------------------------------------------------------------------------------------------------------------------------------------------------------------------------------------

Timing Summary Report

------------------------------------------------------------------------------------------------
| Timer Settings
| --------------
------------------------------------------------------------------------------------------------

  Enable Multi Corner Analysis               :  Yes
  Enable Pessimism Removal                   :  Yes
  Pessimism Removal Resolution               :  Nearest Common Node
  Enable Input Delay Default Clock           :  No
  Enable Preset / Clear Arcs                 :  No
  Disable Flight Delays                      :  No
  Ignore I/O Paths                           :  No
  Timing Early Launch at Borrowing Latches   :  No
  Borrow Time for Max Delay Exceptions       :  Yes
  Merge Timing Exceptions                    :  Yes
  Inter-SLR Compensation                     :  Conservative

  Corner  Analyze    Analyze    
  Name    Max Paths  Min Paths  
  ------  ---------  ---------  
  Slow    Yes        Yes        
  Fast    Yes        Yes        


------------------------------------------------------------------------------------------------
| Report Methodology
| ------------------
------------------------------------------------------------------------------------------------

Rule       Severity  Description                    Violations  
---------  --------  -----------------------------  ----------  
DPIR-1     Warning   Asynchronous driver check      3843        
TIMING-18  Warning   Missing input or output delay  19          

Note: This report is based on the most recent report_methodology run and may not be up-to-date. Run report_methodology on the current design for the latest report.



check_timing report

Table of Contents
-----------------
1. checking no_clock (0)
2. checking constant_clock (0)
3. checking pulse_width_clock (0)
4. checking unconstrained_internal_endpoints (0)
5. checking no_input_delay (2)
6. checking no_output_delay (4)
7. checking multiple_clock (0)
8. checking generated_clocks (0)
9. checking loops (0)
10. checking partial_input_delay (0)
11. checking partial_output_delay (0)
12. checking latch_loops (0)

1. checking no_clock (0)
------------------------
 There are 0 register/latch pins with no clock.


2. checking constant_clock (0)
------------------------------
 There are 0 register/latch pins with constant_clock.


3. checking pulse_width_clock (0)
---------------------------------
 There are 0 register/latch pins which need pulse_width check


4. checking unconstrained_internal_endpoints (0)
------------------------------------------------
 There are 0 pins that are not constrained for maximum delay.

 There are 0 pins that are not constrained for maximum delay due to constant clock.


5. checking no_input_delay (2)
------------------------------
 There are 2 input ports with no input delay specified. (HIGH)

 There are 0 input ports with no input delay but user has a false path constraint.


6. checking no_output_delay (4)
-------------------------------
 There are 4 ports with no output delay specified. (HIGH)

 There are 0 ports with no output delay but user has a false path constraint

 There are 0 ports with no output delay but with a timing clock defined on it or propagating through it


7. checking multiple_clock (0)
------------------------------
 There are 0 register/latch pins with multiple clocks.


8. checking generated_clocks (0)
--------------------------------
 There are 0 generated clocks that are not connected to a clock source.


9. checking loops (0)
---------------------
 There are 0 combinational loops in the design.


10. checking partial_input_delay (0)
------------------------------------
 There are 0 input ports with partial input delay specified.


11. checking partial_output_delay (0)
-------------------------------------
 There are 0 ports with partial output delay specified.


12. checking latch_loops (0)
----------------------------
 There are 0 combinational latch loops in the design through latch input



------------------------------------------------------------------------------------------------
| Design Timing Summary
| ---------------------
------------------------------------------------------------------------------------------------

    WNS(ns)      TNS(ns)  TNS Failing Endpoints  TNS Total Endpoints      WHS(ns)      THS(ns)  THS Failing Endpoints  THS Total Endpoints     WPWS(ns)     TPWS(ns)  TPWS Failing Endpoints  TPWS Total Endpoints  
    -------      -------  ---------------------  -------------------      -------      -------  ---------------------  -------------------     --------     --------  ----------------------  --------------------  
      0.015        0.000                      0                42437        0.036        0.000                      0                42437        4.500        0.000                       0                 21538  


All user specified timing constraints are met.


------------------------------------------------------------------------------------------------
| Clock Summary
| -------------
------------------------------------------------------------------------------------------------

Clock        Waveform(ns)       Period(ns)      Frequency(MHz)
-----        ------------       ----------      --------------
sys_clk_pin  {0.000 5.000}      10.000          100.000         


------------------------------------------------------------------------------------------------
| Intra Clock Table
| -----------------
------------------------------------------------------------------------------------------------

Clock             WNS(ns)      TNS(ns)  TNS Failing Endpoints  TNS Total Endpoints      WHS(ns)      THS(ns)  THS Failing Endpoints  THS Total Endpoints     WPWS(ns)     TPWS(ns)  TPWS Failing Endpoints  TPWS Total Endpoints  
-----             -------      -------  ---------------------  -------------------      -------      -------  ---------------------  -------------------     --------     --------  ----------------------  --------------------  
sys_clk_pin         0.015        0.000                      0                42437        0.036        0.000                      0                42437        4.500        0.000                       0                 21538  


------------------------------------------------------------------------------------------------
| Inter Clock Table
| -----------------
------------------------------------------------------------------------------------------------

From Clock    To Clock          WNS(ns)      TNS(ns)  TNS Failing Endpoints  TNS Total Endpoints      WHS(ns)      THS(ns)  THS Failing Endpoints  THS Total Endpoints  
----------    --------          -------      -------  ---------------------  -------------------      -------      -------  ---------------------  -------------------  


------------------------------------------------------------------------------------------------
| Other Path Groups Table
| -----------------------
------------------------------------------------------------------------------------------------

Path Group    From Clock    To Clock          WNS(ns)      TNS(ns)  TNS Failing Endpoints  TNS Total Endpoints      WHS(ns)      THS(ns)  THS Failing Endpoints  THS Total Endpoints  
----------    ----------    --------          -------      -------  ---------------------  -------------------      -------      -------  ---------------------  -------------------  


------------------------------------------------------------------------------------------------
| User Ignored Path Table
| -----------------------
------------------------------------------------------------------------------------------------

Path Group    From Clock    To Clock    
----------    ----------    --------    


------------------------------------------------------------------------------------------------
| Unconstrained Path Table
| ------------------------
------------------------------------------------------------------------------------------------

Path Group    From Clock    To Clock    
----------    ----------    --------    
(none)        sys_clk_pin                 
(none)                      sys_clk_pin   


------------------------------------------------------------------------------------------------
| Timing Details
| --------------
------------------------------------------------------------------------------------------------


---------------------------------------------------------------------------------------------------
From Clock:  sys_clk_pin
  To Clock:  sys_clk_pin

Setup :            0  Failing Endpoints,  Worst Slack        0.015ns,  Total Violation        0.000ns
Hold  :            0  Failing Endpoints,  Worst Slack        0.036ns,  Total Violation        0.000ns
PW    :            0  Failing Endpoints,  Worst Slack        4.500ns,  Total Violation        0.000ns
---------------------------------------------------------------------------------------------------


Max Delay Paths
--------------------------------------------------------------------------------------
Slack (MET) :             0.015ns  (required time - arrival time)
  Source:                 u_accel/gen_nn_standard.u_accel/fc2/input_idx_reg[3]/C
                            (rising edge-triggered cell FDCE clocked by sys_clk_pin  {rise@0.000ns fall@5.000ns period=10.000ns})
  Destination:            u_accel/gen_nn_standard.u_accel/fc2/accums_reg[12][0]/D
                            (rising edge-triggered cell FDCE clocked by sys_clk_pin  {rise@0.000ns fall@5.000ns period=10.000ns})
  Path Group:             sys_clk_pin
  Path Type:              Setup (Max at Slow Process Corner)
  Requirement:            10.000ns  (sys_clk_pin rise@10.000ns - sys_clk_pin rise@0.000ns)
  Data Path Delay:        10.083ns  (logic 5.111ns (50.688%)  route 4.972ns (49.312%))
  Logic Levels:           4  (DSP48E1=1 LUT2=1 LUT3=1 LUT5=1)
  Clock Path Skew:        0.059ns (DCD - SCD + CPR)
    Destination Clock Delay (DCD):    5.099ns = ( 15.099 - 10.000 ) 
    Source Clock Delay      (SCD):    5.228ns
    Clock Pessimism Removal (CPR):    0.187ns
  Clock Uncertainty:      0.035ns  ((TSJ^2 + TIJ^2)^1/2 + DJ) / 2 + PE
    Total System Jitter     (TSJ):    0.071ns
    Total Input Jitter      (TIJ):    0.000ns
    Discrete Jitter          (DJ):    0.000ns
    Phase Error              (PE):    0.000ns

    Location             Delay type                Incr(ns)  Path(ns)    Netlist Resource(s)
  -------------------------------------------------------------------    -------------------
                         (clock sys_clk_pin rise edge)
                                                      0.000     0.000 r  
    E3                                                0.000     0.000 r  CLK100MHZ (IN)
                         net (fo=0)                   0.000     0.000    CLK100MHZ
    E3                   IBUF (Prop_ibuf_I_O)         1.482     1.482 r  CLK100MHZ_IBUF_inst/O
                         net (fo=1, routed)           2.025     3.506    CLK100MHZ_IBUF
    BUFGCTRL_X0Y16       BUFG (Prop_bufg_I_O)         0.096     3.602 r  CLK100MHZ_IBUF_BUFG_inst/O
                         net (fo=21540, routed)       1.625     5.228    u_accel/gen_nn_standard.u_accel/fc2/CLK100MHZ_IBUF_BUFG
    SLICE_X55Y53         FDCE                                         r  u_accel/gen_nn_standard.u_accel/fc2/input_idx_reg[3]/C
  -------------------------------------------------------------------    -------------------
    SLICE_X55Y53         FDCE (Prop_fdce_C_Q)         0.419     5.647 r  u_accel/gen_nn_standard.u_accel/fc2/input_idx_reg[3]/Q
                         net (fo=439, routed)         1.544     7.191    u_accel/gen_nn_standard.u_accel/p_1_out[3]
    SLICE_X52Y45         LUT5 (Prop_lut5_I3_O)        0.327     7.518 r  u_accel/gen_nn_standard.u_accel/g6_b0/O
                         net (fo=1, routed)           1.010     8.528    u_accel/gen_nn_standard.u_accel/fc2/accums_reg[12]1_0
    SLICE_X51Y39         LUT3 (Prop_lut3_I0_O)        0.357     8.885 r  u_accel/gen_nn_standard.u_accel/fc2/p_0_out_inferred__25/accums_reg[12]1_i_14/O
                         net (fo=1, routed)           0.843     9.728    u_accel/gen_nn_standard.u_accel/fc2/p_0_out_inferred__25/accums_reg[12]1_i_14_n_0
    DSP48_X1Y14          DSP48E1 (Prop_dsp48e1_B[0]_P[0])
                                                      3.859    13.587 r  u_accel/gen_nn_standard.u_accel/fc2/accums_reg[12]1/P[0]
                         net (fo=1, routed)           1.575    15.162    u_accel/gen_nn_standard.u_accel/fc2/accums_reg[12]1_n_105
    SLICE_X71Y46         LUT2 (Prop_lut2_I1_O)        0.149    15.311 r  u_accel/gen_nn_standard.u_accel/fc2/accums[12][0]_i_1/O
                         net (fo=1, routed)           0.000    15.311    u_accel/gen_nn_standard.u_accel/fc2/accums[12][0]_i_1_n_0
    SLICE_X71Y46         FDCE                                         r  u_accel/gen_nn_standard.u_accel/fc2/accums_reg[12][0]/D
  -------------------------------------------------------------------    -------------------

                         (clock sys_clk_pin rise edge)
                                                     10.000    10.000 r  
    E3                                                0.000    10.000 r  CLK100MHZ (IN)
                         net (fo=0)                   0.000    10.000    CLK100MHZ
    E3                   IBUF (Prop_ibuf_I_O)         1.411    11.411 r  CLK100MHZ_IBUF_inst/O
                         net (fo=1, routed)           1.920    13.331    CLK100MHZ_IBUF
    BUFGCTRL_X0Y16       BUFG (Prop_bufg_I_O)         0.091    13.422 r  CLK100MHZ_IBUF_BUFG_inst/O
                         net (fo=21540, routed)       1.677    15.099    u_accel/gen_nn_standard.u_accel/fc2/CLK100MHZ_IBUF_BUFG
    SLICE_X71Y46         FDCE                                         r  u_accel/gen_nn_standard.u_accel/fc2/accums_reg[12][0]/C
                         clock pessimism              0.187    15.286    
                         clock uncertainty           -0.035    15.251    
    SLICE_X71Y46         FDCE (Setup_fdce_C_D)        0.075    15.326    u_accel/gen_nn_standard.u_accel/fc2/accums_reg[12][0]
  -------------------------------------------------------------------
                         required time                         15.326    
                         arrival time                         -15.311    
  -------------------------------------------------------------------
                         slack                                  0.015    

Slack (MET) :             0.092ns  (required time - arrival time)
  Source:                 u_accel/gen_nn_standard.u_accel/gen_hl2[27].hl2_lif/membrane_potential_reg[23]/C
                            (rising edge-triggered cell FDCE clocked by sys_clk_pin  {rise@0.000ns fall@5.000ns period=10.000ns})
  Destination:            u_accel/gen_nn_standard.u_accel/gen_hl2[27].hl2_lif/spike_prev_reg/D
                            (rising edge-triggered cell FDCE clocked by sys_clk_pin  {rise@0.000ns fall@5.000ns period=10.000ns})
  Path Group:             sys_clk_pin
  Path Type:              Setup (Max at Slow Process Corner)
  Requirement:            10.000ns  (sys_clk_pin rise@10.000ns - sys_clk_pin rise@0.000ns)
  Data Path Delay:        9.878ns  (logic 6.625ns (67.070%)  route 3.253ns (32.930%))
  Logic Levels:           11  (CARRY4=7 DSP48E1=1 LUT2=3)
  Clock Path Skew:        -0.026ns (DCD - SCD + CPR)
    Destination Clock Delay (DCD):    4.925ns = ( 14.925 - 10.000 ) 
    Source Clock Delay      (SCD):    5.227ns
    Clock Pessimism Removal (CPR):    0.276ns
  Clock Uncertainty:      0.035ns  ((TSJ^2 + TIJ^2)^1/2 + DJ) / 2 + PE
    Total System Jitter     (TSJ):    0.071ns
    Total Input Jitter      (TIJ):    0.000ns
    Discrete Jitter          (DJ):    0.000ns
    Phase Error              (PE):    0.000ns

    Location             Delay type                Incr(ns)  Path(ns)    Netlist Resource(s)
  -------------------------------------------------------------------    -------------------
                         (clock sys_clk_pin rise edge)
                                                      0.000     0.000 r  
    E3                                                0.000     0.000 r  CLK100MHZ (IN)
                         net (fo=0)                   0.000     0.000    CLK100MHZ
    E3                   IBUF (Prop_ibuf_I_O)         1.482     1.482 r  CLK100MHZ_IBUF_inst/O
                         net (fo=1, routed)           2.025     3.506    CLK100MHZ_IBUF
    BUFGCTRL_X0Y16       BUFG (Prop_bufg_I_O)         0.096     3.602 r  CLK100MHZ_IBUF_BUFG_inst/O
                         net (fo=21540, routed)       1.624     5.227    u_accel/gen_nn_standard.u_accel/gen_hl2[27].hl2_lif/CLK100MHZ_IBUF_BUFG
    SLICE_X55Y58         FDCE                                         r  u_accel/gen_nn_standard.u_accel/gen_hl2[27].hl2_lif/membrane_potential_reg[23]/C
  -------------------------------------------------------------------    -------------------
    SLICE_X55Y58         FDCE (Prop_fdce_C_Q)         0.419     5.646 r  u_accel/gen_nn_standard.u_accel/gen_hl2[27].hl2_lif/membrane_potential_reg[23]/Q
                         net (fo=27, routed)          0.820     6.466    u_accel/gen_nn_standard.u_accel/gen_hl2[27].hl2_lif/membrane_out[23]
    DSP48_X1Y22          DSP48E1 (Prop_dsp48e1_A[26]_P[8])
                                                      4.016    10.482 r  u_accel/gen_nn_standard.u_accel/gen_hl2[27].hl2_lif/membrane_potential3/P[8]
                         net (fo=2, routed)           0.932    11.414    u_accel/gen_nn_standard.u_accel/gen_hl2[27].hl2_lif/membrane_potential2[1]
    SLICE_X58Y55         LUT2 (Prop_lut2_I0_O)        0.124    11.538 r  u_accel/gen_nn_standard.u_accel/gen_hl2[27].hl2_lif/membrane_potential[3]_i_5__4/O
                         net (fo=1, routed)           0.000    11.538    u_accel/gen_nn_standard.u_accel/gen_hl2[27].hl2_lif/membrane_potential[3]_i_5__4_n_0
    SLICE_X58Y55         CARRY4 (Prop_carry4_S[1]_CO[3])
                                                      0.533    12.071 r  u_accel/gen_nn_standard.u_accel/gen_hl2[27].hl2_lif/membrane_potential_reg[3]_i_2__4/CO[3]
                         net (fo=1, routed)           0.000    12.071    u_accel/gen_nn_standard.u_accel/gen_hl2[27].hl2_lif/membrane_potential_reg[3]_i_2__4_n_0
    SLICE_X58Y56         CARRY4 (Prop_carry4_CI_CO[3])
                                                      0.117    12.188 r  u_accel/gen_nn_standard.u_accel/gen_hl2[27].hl2_lif/membrane_potential_reg[7]_i_2__4/CO[3]
                         net (fo=1, routed)           0.000    12.188    u_accel/gen_nn_standard.u_accel/gen_hl2[27].hl2_lif/membrane_potential_reg[7]_i_2__4_n_0
    SLICE_X58Y57         CARRY4 (Prop_carry4_CI_CO[3])
                                                      0.117    12.305 r  u_accel/gen_nn_standard.u_accel/gen_hl2[27].hl2_lif/membrane_potential_reg[11]_i_2__4/CO[3]
                         net (fo=1, routed)           0.000    12.305    u_accel/gen_nn_standard.u_accel/gen_hl2[27].hl2_lif/membrane_potential_reg[11]_i_2__4_n_0
    SLICE_X58Y58         CARRY4 (Prop_carry4_CI_CO[3])
                                                      0.117    12.422 r  u_accel/gen_nn_standard.u_accel/gen_hl2[27].hl2_lif/membrane_potential_reg[15]_i_2__4/CO[3]
                         net (fo=1, routed)           0.000    12.422    u_accel/gen_nn_standard.u_accel/gen_hl2[27].hl2_lif/membrane_potential_reg[15]_i_2__4_n_0
    SLICE_X58Y59         CARRY4 (Prop_carry4_CI_CO[3])
                                                      0.117    12.539 r  u_accel/gen_nn_standard.u_accel/gen_hl2[27].hl2_lif/membrane_potential_reg[19]_i_2__4/CO[3]
                         net (fo=1, routed)           0.000    12.539    u_accel/gen_nn_standard.u_accel/gen_hl2[27].hl2_lif/membrane_potential_reg[19]_i_2__4_n_0
    SLICE_X58Y60         CARRY4 (Prop_carry4_CI_O[2])
                                                      0.239    12.778 f  u_accel/gen_nn_standard.u_accel/gen_hl2[27].hl2_lif/membrane_potential_reg[23]_i_2__3/O[2]
                         net (fo=3, routed)           0.745    13.523    u_accel/gen_nn_standard.u_accel/gen_hl2[27].hl2_lif/membrane_potential0[22]
    SLICE_X57Y59         LUT2 (Prop_lut2_I0_O)        0.301    13.824 r  u_accel/gen_nn_standard.u_accel/gen_hl2[27].hl2_lif/spike_prev_i_8__4/O
                         net (fo=1, routed)           0.000    13.824    u_accel/gen_nn_standard.u_accel/gen_hl2[27].hl2_lif/spike_prev_i_8__4_n_0
    SLICE_X57Y59         CARRY4 (Prop_carry4_S[3]_CO[3])
                                                      0.401    14.225 r  u_accel/gen_nn_standard.u_accel/gen_hl2[27].hl2_lif/spike_prev_reg_i_2__4/CO[3]
                         net (fo=1, routed)           0.756    14.980    u_accel/gen_nn_standard.u_accel/gen_hl2[27].hl2_lif/next_spike
    SLICE_X55Y59         LUT2 (Prop_lut2_I0_O)        0.124    15.104 r  u_accel/gen_nn_standard.u_accel/gen_hl2[27].hl2_lif/spike_prev_i_1__15/O
                         net (fo=1, routed)           0.000    15.104    u_accel/gen_nn_standard.u_accel/gen_hl2[27].hl2_lif/spike_prev_i_1__15_n_0
    SLICE_X55Y59         FDCE                                         r  u_accel/gen_nn_standard.u_accel/gen_hl2[27].hl2_lif/spike_prev_reg/D
  -------------------------------------------------------------------    -------------------

                         (clock sys_clk_pin rise edge)
                                                     10.000    10.000 r  
    E3                                                0.000    10.000 r  CLK100MHZ (IN)
                         net (fo=0)                   0.000    10.000    CLK100MHZ
    E3                   IBUF (Prop_ibuf_I_O)         1.411    11.411 r  CLK100MHZ_IBUF_inst/O
                         net (fo=1, routed)           1.920    13.331    CLK100MHZ_IBUF
    BUFGCTRL_X0Y16       BUFG (Prop_bufg_I_O)         0.091    13.422 r  CLK100MHZ_IBUF_BUFG_inst/O
                         net (fo=21540, routed)       1.502    14.925    u_accel/gen_nn_standard.u_accel/gen_hl2[27].hl2_lif/CLK100MHZ_IBUF_BUFG
    SLICE_X55Y59         FDCE                                         r  u_accel/gen_nn_standard.u_accel/gen_hl2[27].hl2_lif/spike_prev_reg/C
                         clock pessimism              0.276    15.201    
                         clock uncertainty           -0.035    15.165    
    SLICE_X55Y59         FDCE (Setup_fdce_C_D)        0.031    15.196    u_accel/gen_nn_standard.u_accel/gen_hl2[27].hl2_lif/spike_prev_reg
  -------------------------------------------------------------------
                         required time                         15.196    
                         arrival time                         -15.104    
  -------------------------------------------------------------------
                         slack                                  0.092    

Slack (MET) :             0.108ns  (required time - arrival time)
  Source:                 u_accel/gen_nn_standard.u_accel/gen_hl2[9].hl2_lif/membrane_potential_reg[23]/C
                            (rising edge-triggered cell FDCE clocked by sys_clk_pin  {rise@0.000ns fall@5.000ns period=10.000ns})
  Destination:            u_accel/gen_nn_standard.u_accel/gen_hl2[9].hl2_lif/spike_prev_reg/D
                            (rising edge-triggered cell FDCE clocked by sys_clk_pin  {rise@0.000ns fall@5.000ns period=10.000ns})
  Path Group:             sys_clk_pin
  Path Type:              Setup (Max at Slow Process Corner)
  Requirement:            10.000ns  (sys_clk_pin rise@10.000ns - sys_clk_pin rise@0.000ns)
  Data Path Delay:        9.686ns  (logic 6.785ns (70.053%)  route 2.901ns (29.947%))
  Logic Levels:           10  (CARRY4=6 DSP48E1=1 LUT2=3)
  Clock Path Skew:        -0.250ns (DCD - SCD + CPR)
    Destination Clock Delay (DCD):    5.021ns = ( 15.021 - 10.000 ) 
    Source Clock Delay      (SCD):    5.458ns
    Clock Pessimism Removal (CPR):    0.187ns
  Clock Uncertainty:      0.035ns  ((TSJ^2 + TIJ^2)^1/2 + DJ) / 2 + PE
    Total System Jitter     (TSJ):    0.071ns
    Total Input Jitter      (TIJ):    0.000ns
    Discrete Jitter          (DJ):    0.000ns
    Phase Error              (PE):    0.000ns

    Location             Delay type                Incr(ns)  Path(ns)    Netlist Resource(s)
  -------------------------------------------------------------------    -------------------
                         (clock sys_clk_pin rise edge)
                                                      0.000     0.000 r  
    E3                                                0.000     0.000 r  CLK100MHZ (IN)
                         net (fo=0)                   0.000     0.000    CLK100MHZ
    E3                   IBUF (Prop_ibuf_I_O)         1.482     1.482 r  CLK100MHZ_IBUF_inst/O
                         net (fo=1, routed)           2.025     3.506    CLK100MHZ_IBUF
    BUFGCTRL_X0Y16       BUFG (Prop_bufg_I_O)         0.096     3.602 r  CLK100MHZ_IBUF_BUFG_inst/O
                         net (fo=21540, routed)       1.855     5.458    u_accel/gen_nn_standard.u_accel/gen_hl2[9].hl2_lif/CLK100MHZ_IBUF_BUFG
    SLICE_X76Y46         FDCE                                         r  u_accel/gen_nn_standard.u_accel/gen_hl2[9].hl2_lif/membrane_potential_reg[23]/C
  -------------------------------------------------------------------    -------------------
    SLICE_X76Y46         FDCE (Prop_fdce_C_Q)         0.478     5.936 r  u_accel/gen_nn_standard.u_accel/gen_hl2[9].hl2_lif/membrane_potential_reg[23]/Q
                         net (fo=27, routed)          0.610     6.546    u_accel/gen_nn_standard.u_accel/gen_hl2[9].hl2_lif/membrane_out[23]
    DSP48_X2Y19          DSP48E1 (Prop_dsp48e1_A[29]_P[8])
                                                      4.015    10.561 r  u_accel/gen_nn_standard.u_accel/gen_hl2[9].hl2_lif/membrane_potential3/P[8]
                         net (fo=2, routed)           0.782    11.343    u_accel/gen_nn_standard.u_accel/gen_hl2[9].hl2_lif/membrane_potential2[1]
    SLICE_X77Y46         LUT2 (Prop_lut2_I0_O)        0.124    11.467 r  u_accel/gen_nn_standard.u_accel/gen_hl2[9].hl2_lif/membrane_potential[3]_i_5__14/O
                         net (fo=1, routed)           0.000    11.467    u_accel/gen_nn_standard.u_accel/gen_hl2[9].hl2_lif/membrane_potential[3]_i_5__14_n_0
    SLICE_X77Y46         CARRY4 (Prop_carry4_S[1]_CO[3])
                                                      0.550    12.017 r  u_accel/gen_nn_standard.u_accel/gen_hl2[9].hl2_lif/membrane_potential_reg[3]_i_2__14/CO[3]
                         net (fo=1, routed)           0.000    12.017    u_accel/gen_nn_standard.u_accel/gen_hl2[9].hl2_lif/membrane_potential_reg[3]_i_2__14_n_0
    SLICE_X77Y47         CARRY4 (Prop_carry4_CI_CO[3])
                                                      0.114    12.131 r  u_accel/gen_nn_standard.u_accel/gen_hl2[9].hl2_lif/membrane_potential_reg[7]_i_2__14/CO[3]
                         net (fo=1, routed)           0.000    12.131    u_accel/gen_nn_standard.u_accel/gen_hl2[9].hl2_lif/membrane_potential_reg[7]_i_2__14_n_0
    SLICE_X77Y48         CARRY4 (Prop_carry4_CI_CO[3])
                                                      0.114    12.245 r  u_accel/gen_nn_standard.u_accel/gen_hl2[9].hl2_lif/membrane_potential_reg[11]_i_2__14/CO[3]
                         net (fo=1, routed)           0.000    12.245    u_accel/gen_nn_standard.u_accel/gen_hl2[9].hl2_lif/membrane_potential_reg[11]_i_2__14_n_0
    SLICE_X77Y49         CARRY4 (Prop_carry4_CI_CO[3])
                                                      0.114    12.359 r  u_accel/gen_nn_standard.u_accel/gen_hl2[9].hl2_lif/membrane_potential_reg[15]_i_2__14/CO[3]
                         net (fo=1, routed)           0.001    12.360    u_accel/gen_nn_standard.u_accel/gen_hl2[9].hl2_lif/membrane_potential_reg[15]_i_2__14_n_0
    SLICE_X77Y50         CARRY4 (Prop_carry4_CI_O[3])
                                                      0.313    12.673 f  u_accel/gen_nn_standard.u_accel/gen_hl2[9].hl2_lif/membrane_potential_reg[19]_i_2__14/O[3]
                         net (fo=3, routed)           0.757    13.430    u_accel/gen_nn_standard.u_accel/gen_hl2[9].hl2_lif/membrane_potential0[19]
    SLICE_X76Y49         LUT2 (Prop_lut2_I1_O)        0.306    13.736 r  u_accel/gen_nn_standard.u_accel/gen_hl2[9].hl2_lif/spike_prev_i_10__14/O
                         net (fo=1, routed)           0.000    13.736    u_accel/gen_nn_standard.u_accel/gen_hl2[9].hl2_lif/spike_prev_i_10__14_n_0
    SLICE_X76Y49         CARRY4 (Prop_carry4_S[1]_CO[3])
                                                      0.533    14.269 r  u_accel/gen_nn_standard.u_accel/gen_hl2[9].hl2_lif/spike_prev_reg_i_2__14/CO[3]
                         net (fo=1, routed)           0.750    15.019    u_accel/gen_nn_standard.u_accel/gen_hl2[9].hl2_lif/next_spike
    SLICE_X76Y50         LUT2 (Prop_lut2_I0_O)        0.124    15.143 r  u_accel/gen_nn_standard.u_accel/gen_hl2[9].hl2_lif/spike_prev_i_1__24/O
                         net (fo=1, routed)           0.000    15.143    u_accel/gen_nn_standard.u_accel/gen_hl2[9].hl2_lif/spike_prev_i_1__24_n_0
    SLICE_X76Y50         FDCE                                         r  u_accel/gen_nn_standard.u_accel/gen_hl2[9].hl2_lif/spike_prev_reg/D
  -------------------------------------------------------------------    -------------------

                         (clock sys_clk_pin rise edge)
                                                     10.000    10.000 r  
    E3                                                0.000    10.000 r  CLK100MHZ (IN)
                         net (fo=0)                   0.000    10.000    CLK100MHZ
    E3                   IBUF (Prop_ibuf_I_O)         1.411    11.411 r  CLK100MHZ_IBUF_inst/O
                         net (fo=1, routed)           1.920    13.331    CLK100MHZ_IBUF
    BUFGCTRL_X0Y16       BUFG (Prop_bufg_I_O)         0.091    13.422 r  CLK100MHZ_IBUF_BUFG_inst/O
                         net (fo=21540, routed)       1.598    15.021    u_accel/gen_nn_standard.u_accel/gen_hl2[9].hl2_lif/CLK100MHZ_IBUF_BUFG
    SLICE_X76Y50         FDCE                                         r  u_accel/gen_nn_standard.u_accel/gen_hl2[9].hl2_lif/spike_prev_reg/C
                         clock pessimism              0.187    15.208    
                         clock uncertainty           -0.035    15.172    
    SLICE_X76Y50         FDCE (Setup_fdce_C_D)        0.079    15.251    u_accel/gen_nn_standard.u_accel/gen_hl2[9].hl2_lif/spike_prev_reg
  -------------------------------------------------------------------
                         required time                         15.251    
                         arrival time                         -15.143    
  -------------------------------------------------------------------
                         slack                                  0.108    

Slack (MET) :             0.113ns  (required time - arrival time)
  Source:                 u_accel/gen_nn_standard.u_accel/gen_hl2[25].hl2_lif/membrane_potential_reg[23]/C
                            (rising edge-triggered cell FDCE clocked by sys_clk_pin  {rise@0.000ns fall@5.000ns period=10.000ns})
  Destination:            u_accel/gen_nn_standard.u_accel/gen_hl2[25].hl2_lif/spike_prev_reg/D
                            (rising edge-triggered cell FDCE clocked by sys_clk_pin  {rise@0.000ns fall@5.000ns period=10.000ns})
  Path Group:             sys_clk_pin
  Path Type:              Setup (Max at Slow Process Corner)
  Requirement:            10.000ns  (sys_clk_pin rise@10.000ns - sys_clk_pin rise@0.000ns)
  Data Path Delay:        9.891ns  (logic 6.628ns (67.013%)  route 3.263ns (32.987%))
  Logic Levels:           10  (CARRY4=6 DSP48E1=1 LUT2=3)
  Clock Path Skew:        -0.042ns (DCD - SCD + CPR)
    Destination Clock Delay (DCD):    5.149ns = ( 15.149 - 10.000 ) 
    Source Clock Delay      (SCD):    5.459ns
    Clock Pessimism Removal (CPR):    0.267ns
  Clock Uncertainty:      0.035ns  ((TSJ^2 + TIJ^2)^1/2 + DJ) / 2 + PE
    Total System Jitter     (TSJ):    0.071ns
    Total Input Jitter      (TIJ):    0.000ns
    Discrete Jitter          (DJ):    0.000ns
    Phase Error              (PE):    0.000ns

    Location             Delay type                Incr(ns)  Path(ns)    Netlist Resource(s)
  -------------------------------------------------------------------    -------------------
                         (clock sys_clk_pin rise edge)
                                                      0.000     0.000 r  
    E3                                                0.000     0.000 r  CLK100MHZ (IN)
                         net (fo=0)                   0.000     0.000    CLK100MHZ
    E3                   IBUF (Prop_ibuf_I_O)         1.482     1.482 r  CLK100MHZ_IBUF_inst/O
                         net (fo=1, routed)           2.025     3.506    CLK100MHZ_IBUF
    BUFGCTRL_X0Y16       BUFG (Prop_bufg_I_O)         0.096     3.602 r  CLK100MHZ_IBUF_BUFG_inst/O
                         net (fo=21540, routed)       1.856     5.459    u_accel/gen_nn_standard.u_accel/gen_hl2[25].hl2_lif/CLK100MHZ_IBUF_BUFG
    SLICE_X78Y49         FDCE                                         r  u_accel/gen_nn_standard.u_accel/gen_hl2[25].hl2_lif/membrane_potential_reg[23]/C
  -------------------------------------------------------------------    -------------------
    SLICE_X78Y49         FDCE (Prop_fdce_C_Q)         0.478     5.937 r  u_accel/gen_nn_standard.u_accel/gen_hl2[25].hl2_lif/membrane_potential_reg[23]/Q
                         net (fo=27, routed)          0.789     6.726    u_accel/gen_nn_standard.u_accel/gen_hl2[25].hl2_lif/membrane_out[23]
    DSP48_X2Y18          DSP48E1 (Prop_dsp48e1_A[27]_P[12])
                                                      4.015    10.741 r  u_accel/gen_nn_standard.u_accel/gen_hl2[25].hl2_lif/membrane_potential3/P[12]
                         net (fo=2, routed)           0.887    11.628    u_accel/gen_nn_standard.u_accel/gen_hl2[25].hl2_lif/membrane_potential2[5]
    SLICE_X79Y46         LUT2 (Prop_lut2_I0_O)        0.124    11.752 r  u_accel/gen_nn_standard.u_accel/gen_hl2[25].hl2_lif/membrane_potential[7]_i_5__6/O
                         net (fo=1, routed)           0.000    11.752    u_accel/gen_nn_standard.u_accel/gen_hl2[25].hl2_lif/membrane_potential[7]_i_5__6_n_0
    SLICE_X79Y46         CARRY4 (Prop_carry4_S[1]_CO[3])
                                                      0.550    12.302 r  u_accel/gen_nn_standard.u_accel/gen_hl2[25].hl2_lif/membrane_potential_reg[7]_i_2__6/CO[3]
                         net (fo=1, routed)           0.000    12.302    u_accel/gen_nn_standard.u_accel/gen_hl2[25].hl2_lif/membrane_potential_reg[7]_i_2__6_n_0
    SLICE_X79Y47         CARRY4 (Prop_carry4_CI_CO[3])
                                                      0.114    12.416 r  u_accel/gen_nn_standard.u_accel/gen_hl2[25].hl2_lif/membrane_potential_reg[11]_i_2__6/CO[3]
                         net (fo=1, routed)           0.000    12.416    u_accel/gen_nn_standard.u_accel/gen_hl2[25].hl2_lif/membrane_potential_reg[11]_i_2__6_n_0
    SLICE_X79Y48         CARRY4 (Prop_carry4_CI_CO[3])
                                                      0.114    12.530 r  u_accel/gen_nn_standard.u_accel/gen_hl2[25].hl2_lif/membrane_potential_reg[15]_i_2__6/CO[3]
                         net (fo=1, routed)           0.000    12.530    u_accel/gen_nn_standard.u_accel/gen_hl2[25].hl2_lif/membrane_potential_reg[15]_i_2__6_n_0
    SLICE_X79Y49         CARRY4 (Prop_carry4_CI_CO[3])
                                                      0.114    12.644 r  u_accel/gen_nn_standard.u_accel/gen_hl2[25].hl2_lif/membrane_potential_reg[19]_i_2__6/CO[3]
                         net (fo=1, routed)           0.001    12.644    u_accel/gen_nn_standard.u_accel/gen_hl2[25].hl2_lif/membrane_potential_reg[19]_i_2__6_n_0
    SLICE_X79Y50         CARRY4 (Prop_carry4_CI_O[3])
                                                      0.313    12.957 f  u_accel/gen_nn_standard.u_accel/gen_hl2[25].hl2_lif/membrane_potential_reg[23]_i_2__5/O[3]
                         net (fo=3, routed)           0.818    13.776    u_accel/gen_nn_standard.u_accel/gen_hl2[25].hl2_lif/membrane_potential0[23]
    SLICE_X78Y48         LUT2 (Prop_lut2_I1_O)        0.306    14.082 r  u_accel/gen_nn_standard.u_accel/gen_hl2[25].hl2_lif/spike_prev_i_8__6/O
                         net (fo=1, routed)           0.000    14.082    u_accel/gen_nn_standard.u_accel/gen_hl2[25].hl2_lif/spike_prev_i_8__6_n_0
    SLICE_X78Y48         CARRY4 (Prop_carry4_S[3]_CO[3])
                                                      0.376    14.458 r  u_accel/gen_nn_standard.u_accel/gen_hl2[25].hl2_lif/spike_prev_reg_i_2__6/CO[3]
                         net (fo=1, routed)           0.768    15.225    u_accel/gen_nn_standard.u_accel/gen_hl2[25].hl2_lif/next_spike
    SLICE_X74Y48         LUT2 (Prop_lut2_I0_O)        0.124    15.349 r  u_accel/gen_nn_standard.u_accel/gen_hl2[25].hl2_lif/spike_prev_i_1__16/O
                         net (fo=1, routed)           0.000    15.349    u_accel/gen_nn_standard.u_accel/gen_hl2[25].hl2_lif/spike_prev_i_1__16_n_0
    SLICE_X74Y48         FDCE                                         r  u_accel/gen_nn_standard.u_accel/gen_hl2[25].hl2_lif/spike_prev_reg/D
  -------------------------------------------------------------------    -------------------

                         (clock sys_clk_pin rise edge)
                                                     10.000    10.000 r  
    E3                                                0.000    10.000 r  CLK100MHZ (IN)
                         net (fo=0)                   0.000    10.000    CLK100MHZ
    E3                   IBUF (Prop_ibuf_I_O)         1.411    11.411 r  CLK100MHZ_IBUF_inst/O
                         net (fo=1, routed)           1.920    13.331    CLK100MHZ_IBUF
    BUFGCTRL_X0Y16       BUFG (Prop_bufg_I_O)         0.091    13.422 r  CLK100MHZ_IBUF_BUFG_inst/O
                         net (fo=21540, routed)       1.727    15.149    u_accel/gen_nn_standard.u_accel/gen_hl2[25].hl2_lif/CLK100MHZ_IBUF_BUFG
    SLICE_X74Y48         FDCE                                         r  u_accel/gen_nn_standard.u_accel/gen_hl2[25].hl2_lif/spike_prev_reg/C
                         clock pessimism              0.267    15.417    
                         clock uncertainty           -0.035    15.381    
    SLICE_X74Y48         FDCE (Setup_fdce_C_D)        0.081    15.462    u_accel/gen_nn_standard.u_accel/gen_hl2[25].hl2_lif/spike_prev_reg
  -------------------------------------------------------------------
                         required time                         15.462    
                         arrival time                         -15.349    
  -------------------------------------------------------------------
                         slack                                  0.113    

Slack (MET) :             0.121ns  (required time - arrival time)
  Source:                 u_accel/gen_nn_standard.u_accel/gen_hl1_lif[4].hl1_lif/membrane_potential_reg[23]/C
                            (rising edge-triggered cell FDCE clocked by sys_clk_pin  {rise@0.000ns fall@5.000ns period=10.000ns})
  Destination:            u_accel/gen_nn_standard.u_accel/gen_hl1_lif[4].hl1_lif/spike_prev_reg/D
                            (rising edge-triggered cell FDCE clocked by sys_clk_pin  {rise@0.000ns fall@5.000ns period=10.000ns})
  Path Group:             sys_clk_pin
  Path Type:              Setup (Max at Slow Process Corner)
  Requirement:            10.000ns  (sys_clk_pin rise@10.000ns - sys_clk_pin rise@0.000ns)
  Data Path Delay:        9.885ns  (logic 6.609ns (66.860%)  route 3.276ns (33.140%))
  Logic Levels:           10  (CARRY4=6 DSP48E1=1 LUT2=3)
  Clock Path Skew:        -0.036ns (DCD - SCD + CPR)
    Destination Clock Delay (DCD):    4.943ns = ( 14.943 - 10.000 ) 
    Source Clock Delay      (SCD):    5.238ns
    Clock Pessimism Removal (CPR):    0.259ns
  Clock Uncertainty:      0.035ns  ((TSJ^2 + TIJ^2)^1/2 + DJ) / 2 + PE
    Total System Jitter     (TSJ):    0.071ns
    Total Input Jitter      (TIJ):    0.000ns
    Discrete Jitter          (DJ):    0.000ns
    Phase Error              (PE):    0.000ns

    Location             Delay type                Incr(ns)  Path(ns)    Netlist Resource(s)
  -------------------------------------------------------------------    -------------------
                         (clock sys_clk_pin rise edge)
                                                      0.000     0.000 r  
    E3                                                0.000     0.000 r  CLK100MHZ (IN)
                         net (fo=0)                   0.000     0.000    CLK100MHZ
    E3                   IBUF (Prop_ibuf_I_O)         1.482     1.482 r  CLK100MHZ_IBUF_inst/O
                         net (fo=1, routed)           2.025     3.506    CLK100MHZ_IBUF
    BUFGCTRL_X0Y16       BUFG (Prop_bufg_I_O)         0.096     3.602 r  CLK100MHZ_IBUF_BUFG_inst/O
                         net (fo=21540, routed)       1.635     5.238    u_accel/gen_nn_standard.u_accel/gen_hl1_lif[4].hl1_lif/CLK100MHZ_IBUF_BUFG
    SLICE_X15Y81         FDCE                                         r  u_accel/gen_nn_standard.u_accel/gen_hl1_lif[4].hl1_lif/membrane_potential_reg[23]/C
  -------------------------------------------------------------------    -------------------
    SLICE_X15Y81         FDCE (Prop_fdce_C_Q)         0.419     5.657 r  u_accel/gen_nn_standard.u_accel/gen_hl1_lif[4].hl1_lif/membrane_potential_reg[23]/Q
                         net (fo=7, routed)           0.740     6.397    u_accel/gen_nn_standard.u_accel/gen_hl1_lif[4].hl1_lif/membrane_potential_reg_n_0_[23]
    DSP48_X0Y32          DSP48E1 (Prop_dsp48e1_A[28]_P[8])
                                                      4.016    10.413 r  u_accel/gen_nn_standard.u_accel/gen_hl1_lif[4].hl1_lif/membrane_potential3/P[8]
                         net (fo=2, routed)           0.996    11.410    u_accel/gen_nn_standard.u_accel/gen_hl1_lif[4].hl1_lif/membrane_potential2[1]
    SLICE_X9Y79          LUT2 (Prop_lut2_I0_O)        0.124    11.534 r  u_accel/gen_nn_standard.u_accel/gen_hl1_lif[4].hl1_lif/membrane_potential[3]_i_5__52/O
                         net (fo=1, routed)           0.000    11.534    u_accel/gen_nn_standard.u_accel/gen_hl1_lif[4].hl1_lif/membrane_potential[3]_i_5__52_n_0
    SLICE_X9Y79          CARRY4 (Prop_carry4_S[1]_CO[3])
                                                      0.550    12.084 r  u_accel/gen_nn_standard.u_accel/gen_hl1_lif[4].hl1_lif/membrane_potential_reg[3]_i_2__52/CO[3]
                         net (fo=1, routed)           0.000    12.084    u_accel/gen_nn_standard.u_accel/gen_hl1_lif[4].hl1_lif/membrane_potential_reg[3]_i_2__52_n_0
    SLICE_X9Y80          CARRY4 (Prop_carry4_CI_CO[3])
                                                      0.114    12.198 r  u_accel/gen_nn_standard.u_accel/gen_hl1_lif[4].hl1_lif/membrane_potential_reg[7]_i_2__52/CO[3]
                         net (fo=1, routed)           0.000    12.198    u_accel/gen_nn_standard.u_accel/gen_hl1_lif[4].hl1_lif/membrane_potential_reg[7]_i_2__52_n_0
    SLICE_X9Y81          CARRY4 (Prop_carry4_CI_CO[3])
                                                      0.114    12.312 r  u_accel/gen_nn_standard.u_accel/gen_hl1_lif[4].hl1_lif/membrane_potential_reg[11]_i_2__52/CO[3]
                         net (fo=1, routed)           0.000    12.312    u_accel/gen_nn_standard.u_accel/gen_hl1_lif[4].hl1_lif/membrane_potential_reg[11]_i_2__52_n_0
    SLICE_X9Y82          CARRY4 (Prop_carry4_CI_CO[3])
                                                      0.114    12.426 r  u_accel/gen_nn_standard.u_accel/gen_hl1_lif[4].hl1_lif/membrane_potential_reg[15]_i_2__52/CO[3]
                         net (fo=1, routed)           0.000    12.426    u_accel/gen_nn_standard.u_accel/gen_hl1_lif[4].hl1_lif/membrane_potential_reg[15]_i_2__52_n_0
    SLICE_X9Y83          CARRY4 (Prop_carry4_CI_O[0])
                                                      0.222    12.648 f  u_accel/gen_nn_standard.u_accel/gen_hl1_lif[4].hl1_lif/membrane_potential_reg[19]_i_2__52/O[0]
                         net (fo=3, routed)           0.782    13.430    u_accel/gen_nn_standard.u_accel/gen_hl1_lif[4].hl1_lif/membrane_potential0[16]
    SLICE_X8Y82          LUT2 (Prop_lut2_I0_O)        0.299    13.729 r  u_accel/gen_nn_standard.u_accel/gen_hl1_lif[4].hl1_lif/spike_prev_i_11__52/O
                         net (fo=1, routed)           0.000    13.729    u_accel/gen_nn_standard.u_accel/gen_hl1_lif[4].hl1_lif/spike_prev_i_11__52_n_0
    SLICE_X8Y82          CARRY4 (Prop_carry4_S[0]_CO[3])
                                                      0.513    14.242 r  u_accel/gen_nn_standard.u_accel/gen_hl1_lif[4].hl1_lif/spike_prev_reg_i_2__52/CO[3]
                         net (fo=1, routed)           0.757    14.999    u_accel/gen_nn_standard.u_accel/gen_hl1_lif[4].hl1_lif/next_spike
    SLICE_X10Y83         LUT2 (Prop_lut2_I0_O)        0.124    15.123 r  u_accel/gen_nn_standard.u_accel/gen_hl1_lif[4].hl1_lif/spike_prev_i_1__61/O
                         net (fo=1, routed)           0.000    15.123    u_accel/gen_nn_standard.u_accel/gen_hl1_lif[4].hl1_lif/spike_prev_i_1__61_n_0
    SLICE_X10Y83         FDCE                                         r  u_accel/gen_nn_standard.u_accel/gen_hl1_lif[4].hl1_lif/spike_prev_reg/D
  -------------------------------------------------------------------    -------------------

                         (clock sys_clk_pin rise edge)
                                                     10.000    10.000 r  
    E3                                                0.000    10.000 r  CLK100MHZ (IN)
                         net (fo=0)                   0.000    10.000    CLK100MHZ
    E3                   IBUF (Prop_ibuf_I_O)         1.411    11.411 r  CLK100MHZ_IBUF_inst/O
                         net (fo=1, routed)           1.920    13.331    CLK100MHZ_IBUF
    BUFGCTRL_X0Y16       BUFG (Prop_bufg_I_O)         0.091    13.422 r  CLK100MHZ_IBUF_BUFG_inst/O
                         net (fo=21540, routed)       1.520    14.943    u_accel/gen_nn_standard.u_accel/gen_hl1_lif[4].hl1_lif/CLK100MHZ_IBUF_BUFG
    SLICE_X10Y83         FDCE                                         r  u_accel/gen_nn_standard.u_accel/gen_hl1_lif[4].hl1_lif/spike_prev_reg/C
                         clock pessimism              0.259    15.202    
                         clock uncertainty           -0.035    15.166    
    SLICE_X10Y83         FDCE (Setup_fdce_C_D)        0.077    15.243    u_accel/gen_nn_standard.u_accel/gen_hl1_lif[4].hl1_lif/spike_prev_reg
  -------------------------------------------------------------------
                         required time                         15.243    
                         arrival time                         -15.123    
  -------------------------------------------------------------------
                         slack                                  0.121    

Slack (MET) :             0.128ns  (required time - arrival time)
  Source:                 u_accel/gen_nn_standard.u_accel/gen_hl2[19].hl2_lif/membrane_potential_reg[22]/C
                            (rising edge-triggered cell FDCE clocked by sys_clk_pin  {rise@0.000ns fall@5.000ns period=10.000ns})
  Destination:            u_accel/gen_nn_standard.u_accel/gen_hl2[19].hl2_lif/spike_prev_reg/D
                            (rising edge-triggered cell FDCE clocked by sys_clk_pin  {rise@0.000ns fall@5.000ns period=10.000ns})
  Path Group:             sys_clk_pin
  Path Type:              Setup (Max at Slow Process Corner)
  Requirement:            10.000ns  (sys_clk_pin rise@10.000ns - sys_clk_pin rise@0.000ns)
  Data Path Delay:        9.847ns  (logic 6.686ns (67.900%)  route 3.161ns (32.100%))
  Logic Levels:           11  (CARRY4=7 DSP48E1=1 LUT2=3)
  Clock Path Skew:        -0.022ns (DCD - SCD + CPR)
    Destination Clock Delay (DCD):    4.922ns = ( 14.922 - 10.000 ) 
    Source Clock Delay      (SCD):    5.223ns
    Clock Pessimism Removal (CPR):    0.279ns
  Clock Uncertainty:      0.035ns  ((TSJ^2 + TIJ^2)^1/2 + DJ) / 2 + PE
    Total System Jitter     (TSJ):    0.071ns
    Total Input Jitter      (TIJ):    0.000ns
    Discrete Jitter          (DJ):    0.000ns
    Phase Error              (PE):    0.000ns

    Location             Delay type                Incr(ns)  Path(ns)    Netlist Resource(s)
  -------------------------------------------------------------------    -------------------
                         (clock sys_clk_pin rise edge)
                                                      0.000     0.000 r  
    E3                                                0.000     0.000 r  CLK100MHZ (IN)
                         net (fo=0)                   0.000     0.000    CLK100MHZ
    E3                   IBUF (Prop_ibuf_I_O)         1.482     1.482 r  CLK100MHZ_IBUF_inst/O
                         net (fo=1, routed)           2.025     3.506    CLK100MHZ_IBUF
    BUFGCTRL_X0Y16       BUFG (Prop_bufg_I_O)         0.096     3.602 r  CLK100MHZ_IBUF_BUFG_inst/O
                         net (fo=21540, routed)       1.620     5.223    u_accel/gen_nn_standard.u_accel/gen_hl2[19].hl2_lif/CLK100MHZ_IBUF_BUFG
    SLICE_X54Y64         FDCE                                         r  u_accel/gen_nn_standard.u_accel/gen_hl2[19].hl2_lif/membrane_potential_reg[22]/C
  -------------------------------------------------------------------    -------------------
    SLICE_X54Y64         FDCE (Prop_fdce_C_Q)         0.478     5.701 r  u_accel/gen_nn_standard.u_accel/gen_hl2[19].hl2_lif/membrane_potential_reg[22]/Q
                         net (fo=21, routed)          0.837     6.537    u_accel/gen_nn_standard.u_accel/gen_hl2[19].hl2_lif/membrane_out[22]
    DSP48_X1Y25          DSP48E1 (Prop_dsp48e1_A[22]_P[8])
                                                      4.018    10.555 r  u_accel/gen_nn_standard.u_accel/gen_hl2[19].hl2_lif/membrane_potential3/P[8]
                         net (fo=2, routed)           0.781    11.336    u_accel/gen_nn_standard.u_accel/gen_hl2[19].hl2_lif/membrane_potential2[1]
    SLICE_X56Y61         LUT2 (Prop_lut2_I0_O)        0.124    11.460 r  u_accel/gen_nn_standard.u_accel/gen_hl2[19].hl2_lif/membrane_potential[3]_i_5__12/O
                         net (fo=1, routed)           0.000    11.460    u_accel/gen_nn_standard.u_accel/gen_hl2[19].hl2_lif/membrane_potential[3]_i_5__12_n_0
    SLICE_X56Y61         CARRY4 (Prop_carry4_S[1]_CO[3])
                                                      0.533    11.993 r  u_accel/gen_nn_standard.u_accel/gen_hl2[19].hl2_lif/membrane_potential_reg[3]_i_2__12/CO[3]
                         net (fo=1, routed)           0.000    11.993    u_accel/gen_nn_standard.u_accel/gen_hl2[19].hl2_lif/membrane_potential_reg[3]_i_2__12_n_0
    SLICE_X56Y62         CARRY4 (Prop_carry4_CI_CO[3])
                                                      0.117    12.110 r  u_accel/gen_nn_standard.u_accel/gen_hl2[19].hl2_lif/membrane_potential_reg[7]_i_2__12/CO[3]
                         net (fo=1, routed)           0.000    12.110    u_accel/gen_nn_standard.u_accel/gen_hl2[19].hl2_lif/membrane_potential_reg[7]_i_2__12_n_0
    SLICE_X56Y63         CARRY4 (Prop_carry4_CI_CO[3])
                                                      0.117    12.227 r  u_accel/gen_nn_standard.u_accel/gen_hl2[19].hl2_lif/membrane_potential_reg[11]_i_2__12/CO[3]
                         net (fo=1, routed)           0.000    12.227    u_accel/gen_nn_standard.u_accel/gen_hl2[19].hl2_lif/membrane_potential_reg[11]_i_2__12_n_0
    SLICE_X56Y64         CARRY4 (Prop_carry4_CI_CO[3])
                                                      0.117    12.344 r  u_accel/gen_nn_standard.u_accel/gen_hl2[19].hl2_lif/membrane_potential_reg[15]_i_2__12/CO[3]
                         net (fo=1, routed)           0.000    12.344    u_accel/gen_nn_standard.u_accel/gen_hl2[19].hl2_lif/membrane_potential_reg[15]_i_2__12_n_0
    SLICE_X56Y65         CARRY4 (Prop_carry4_CI_CO[3])
                                                      0.117    12.461 r  u_accel/gen_nn_standard.u_accel/gen_hl2[19].hl2_lif/membrane_potential_reg[19]_i_2__12/CO[3]
                         net (fo=1, routed)           0.000    12.461    u_accel/gen_nn_standard.u_accel/gen_hl2[19].hl2_lif/membrane_potential_reg[19]_i_2__12_n_0
    SLICE_X56Y66         CARRY4 (Prop_carry4_CI_O[2])
                                                      0.239    12.700 f  u_accel/gen_nn_standard.u_accel/gen_hl2[19].hl2_lif/membrane_potential_reg[23]_i_2__11/O[2]
                         net (fo=3, routed)           0.783    13.483    u_accel/gen_nn_standard.u_accel/gen_hl2[19].hl2_lif/membrane_potential0[22]
    SLICE_X57Y64         LUT2 (Prop_lut2_I0_O)        0.301    13.784 r  u_accel/gen_nn_standard.u_accel/gen_hl2[19].hl2_lif/spike_prev_i_8__12/O
                         net (fo=1, routed)           0.000    13.784    u_accel/gen_nn_standard.u_accel/gen_hl2[19].hl2_lif/spike_prev_i_8__12_n_0
    SLICE_X57Y64         CARRY4 (Prop_carry4_S[3]_CO[3])
                                                      0.401    14.185 r  u_accel/gen_nn_standard.u_accel/gen_hl2[19].hl2_lif/spike_prev_reg_i_2__12/CO[3]
                         net (fo=1, routed)           0.761    14.946    u_accel/gen_nn_standard.u_accel/gen_hl2[19].hl2_lif/next_spike
    SLICE_X55Y64         LUT2 (Prop_lut2_I0_O)        0.124    15.070 r  u_accel/gen_nn_standard.u_accel/gen_hl2[19].hl2_lif/spike_prev_i_1__19/O
                         net (fo=1, routed)           0.000    15.070    u_accel/gen_nn_standard.u_accel/gen_hl2[19].hl2_lif/spike_prev_i_1__19_n_0
    SLICE_X55Y64         FDCE                                         r  u_accel/gen_nn_standard.u_accel/gen_hl2[19].hl2_lif/spike_prev_reg/D
  -------------------------------------------------------------------    -------------------

                         (clock sys_clk_pin rise edge)
                                                     10.000    10.000 r  
    E3                                                0.000    10.000 r  CLK100MHZ (IN)
                         net (fo=0)                   0.000    10.000    CLK100MHZ
    E3                   IBUF (Prop_ibuf_I_O)         1.411    11.411 r  CLK100MHZ_IBUF_inst/O
                         net (fo=1, routed)           1.920    13.331    CLK100MHZ_IBUF
    BUFGCTRL_X0Y16       BUFG (Prop_bufg_I_O)         0.091    13.422 r  CLK100MHZ_IBUF_BUFG_inst/O
                         net (fo=21540, routed)       1.499    14.922    u_accel/gen_nn_standard.u_accel/gen_hl2[19].hl2_lif/CLK100MHZ_IBUF_BUFG
    SLICE_X55Y64         FDCE                                         r  u_accel/gen_nn_standard.u_accel/gen_hl2[19].hl2_lif/spike_prev_reg/C
                         clock pessimism              0.279    15.201    
                         clock uncertainty           -0.035    15.165    
    SLICE_X55Y64         FDCE (Setup_fdce_C_D)        0.032    15.197    u_accel/gen_nn_standard.u_accel/gen_hl2[19].hl2_lif/spike_prev_reg
  -------------------------------------------------------------------
                         required time                         15.197    
                         arrival time                         -15.070    
  -------------------------------------------------------------------
                         slack                                  0.128    

Slack (MET) :             0.146ns  (required time - arrival time)
  Source:                 u_accel/gen_nn_standard.u_accel/gen_hl1_lif[7].hl1_lif/membrane_potential_reg[23]/C
                            (rising edge-triggered cell FDCE clocked by sys_clk_pin  {rise@0.000ns fall@5.000ns period=10.000ns})
  Destination:            u_accel/gen_nn_standard.u_accel/gen_hl1_lif[7].hl1_lif/spike_prev_reg/D
                            (rising edge-triggered cell FDCE clocked by sys_clk_pin  {rise@0.000ns fall@5.000ns period=10.000ns})
  Path Group:             sys_clk_pin
  Path Type:              Setup (Max at Slow Process Corner)
  Requirement:            10.000ns  (sys_clk_pin rise@10.000ns - sys_clk_pin rise@0.000ns)
  Data Path Delay:        9.870ns  (logic 6.680ns (67.679%)  route 3.190ns (32.321%))
  Logic Levels:           11  (CARRY4=7 DSP48E1=1 LUT2=3)
  Clock Path Skew:        -0.027ns (DCD - SCD + CPR)
    Destination Clock Delay (DCD):    4.999ns = ( 14.999 - 10.000 ) 
    Source Clock Delay      (SCD):    5.302ns
    Clock Pessimism Removal (CPR):    0.276ns
  Clock Uncertainty:      0.035ns  ((TSJ^2 + TIJ^2)^1/2 + DJ) / 2 + PE
    Total System Jitter     (TSJ):    0.071ns
    Total Input Jitter      (TIJ):    0.000ns
    Discrete Jitter          (DJ):    0.000ns
    Phase Error              (PE):    0.000ns

    Location             Delay type                Incr(ns)  Path(ns)    Netlist Resource(s)
  -------------------------------------------------------------------    -------------------
                         (clock sys_clk_pin rise edge)
                                                      0.000     0.000 r  
    E3                                                0.000     0.000 r  CLK100MHZ (IN)
                         net (fo=0)                   0.000     0.000    CLK100MHZ
    E3                   IBUF (Prop_ibuf_I_O)         1.482     1.482 r  CLK100MHZ_IBUF_inst/O
                         net (fo=1, routed)           2.025     3.506    CLK100MHZ_IBUF
    BUFGCTRL_X0Y16       BUFG (Prop_bufg_I_O)         0.096     3.602 r  CLK100MHZ_IBUF_BUFG_inst/O
                         net (fo=21540, routed)       1.700     5.302    u_accel/gen_nn_standard.u_accel/gen_hl1_lif[7].hl1_lif/CLK100MHZ_IBUF_BUFG
    SLICE_X80Y116        FDCE                                         r  u_accel/gen_nn_standard.u_accel/gen_hl1_lif[7].hl1_lif/membrane_potential_reg[23]/C
  -------------------------------------------------------------------    -------------------
    SLICE_X80Y116        FDCE (Prop_fdce_C_Q)         0.478     5.780 r  u_accel/gen_nn_standard.u_accel/gen_hl1_lif[7].hl1_lif/membrane_potential_reg[23]/Q
                         net (fo=7, routed)           0.747     6.527    u_accel/gen_nn_standard.u_accel/gen_hl1_lif[7].hl1_lif/membrane_potential_reg_n_0_[23]
    DSP48_X2Y46          DSP48E1 (Prop_dsp48e1_A[28]_P[8])
                                                      4.012    10.539 r  u_accel/gen_nn_standard.u_accel/gen_hl1_lif[7].hl1_lif/membrane_potential3/P[8]
                         net (fo=2, routed)           0.906    11.445    u_accel/gen_nn_standard.u_accel/gen_hl1_lif[7].hl1_lif/membrane_potential2[1]
    SLICE_X78Y115        LUT2 (Prop_lut2_I0_O)        0.124    11.569 r  u_accel/gen_nn_standard.u_accel/gen_hl1_lif[7].hl1_lif/membrane_potential[3]_i_5__49/O
                         net (fo=1, routed)           0.000    11.569    u_accel/gen_nn_standard.u_accel/gen_hl1_lif[7].hl1_lif/membrane_potential[3]_i_5__49_n_0
    SLICE_X78Y115        CARRY4 (Prop_carry4_S[1]_CO[3])
                                                      0.533    12.102 r  u_accel/gen_nn_standard.u_accel/gen_hl1_lif[7].hl1_lif/membrane_potential_reg[3]_i_2__49/CO[3]
                         net (fo=1, routed)           0.000    12.102    u_accel/gen_nn_standard.u_accel/gen_hl1_lif[7].hl1_lif/membrane_potential_reg[3]_i_2__49_n_0
    SLICE_X78Y116        CARRY4 (Prop_carry4_CI_CO[3])
                                                      0.117    12.219 r  u_accel/gen_nn_standard.u_accel/gen_hl1_lif[7].hl1_lif/membrane_potential_reg[7]_i_2__49/CO[3]
                         net (fo=1, routed)           0.000    12.219    u_accel/gen_nn_standard.u_accel/gen_hl1_lif[7].hl1_lif/membrane_potential_reg[7]_i_2__49_n_0
    SLICE_X78Y117        CARRY4 (Prop_carry4_CI_CO[3])
                                                      0.117    12.336 r  u_accel/gen_nn_standard.u_accel/gen_hl1_lif[7].hl1_lif/membrane_potential_reg[11]_i_2__49/CO[3]
                         net (fo=1, routed)           0.000    12.336    u_accel/gen_nn_standard.u_accel/gen_hl1_lif[7].hl1_lif/membrane_potential_reg[11]_i_2__49_n_0
    SLICE_X78Y118        CARRY4 (Prop_carry4_CI_CO[3])
                                                      0.117    12.453 r  u_accel/gen_nn_standard.u_accel/gen_hl1_lif[7].hl1_lif/membrane_potential_reg[15]_i_2__49/CO[3]
                         net (fo=1, routed)           0.000    12.453    u_accel/gen_nn_standard.u_accel/gen_hl1_lif[7].hl1_lif/membrane_potential_reg[15]_i_2__49_n_0
    SLICE_X78Y119        CARRY4 (Prop_carry4_CI_CO[3])
                                                      0.117    12.570 r  u_accel/gen_nn_standard.u_accel/gen_hl1_lif[7].hl1_lif/membrane_potential_reg[19]_i_2__49/CO[3]
                         net (fo=1, routed)           0.000    12.570    u_accel/gen_nn_standard.u_accel/gen_hl1_lif[7].hl1_lif/membrane_potential_reg[19]_i_2__49_n_0
    SLICE_X78Y120        CARRY4 (Prop_carry4_CI_O[2])
                                                      0.239    12.809 f  u_accel/gen_nn_standard.u_accel/gen_hl1_lif[7].hl1_lif/membrane_potential_reg[23]_i_2__47/O[2]
                         net (fo=3, routed)           0.785    13.595    u_accel/gen_nn_standard.u_accel/gen_hl1_lif[7].hl1_lif/membrane_potential0[22]
    SLICE_X79Y118        LUT2 (Prop_lut2_I0_O)        0.301    13.896 r  u_accel/gen_nn_standard.u_accel/gen_hl1_lif[7].hl1_lif/spike_prev_i_8__49/O
                         net (fo=1, routed)           0.000    13.896    u_accel/gen_nn_standard.u_accel/gen_hl1_lif[7].hl1_lif/spike_prev_i_8__49_n_0
    SLICE_X79Y118        CARRY4 (Prop_carry4_S[3]_CO[3])
                                                      0.401    14.297 r  u_accel/gen_nn_standard.u_accel/gen_hl1_lif[7].hl1_lif/spike_prev_reg_i_2__49/CO[3]
                         net (fo=1, routed)           0.752    15.048    u_accel/gen_nn_standard.u_accel/gen_hl1_lif[7].hl1_lif/next_spike
    SLICE_X80Y118        LUT2 (Prop_lut2_I0_O)        0.124    15.172 r  u_accel/gen_nn_standard.u_accel/gen_hl1_lif[7].hl1_lif/spike_prev_i_1__48/O
                         net (fo=1, routed)           0.000    15.172    u_accel/gen_nn_standard.u_accel/gen_hl1_lif[7].hl1_lif/spike_prev_i_1__48_n_0
    SLICE_X80Y118        FDCE                                         r  u_accel/gen_nn_standard.u_accel/gen_hl1_lif[7].hl1_lif/spike_prev_reg/D
  -------------------------------------------------------------------    -------------------

                         (clock sys_clk_pin rise edge)
                                                     10.000    10.000 r  
    E3                                                0.000    10.000 r  CLK100MHZ (IN)
                         net (fo=0)                   0.000    10.000    CLK100MHZ
    E3                   IBUF (Prop_ibuf_I_O)         1.411    11.411 r  CLK100MHZ_IBUF_inst/O
                         net (fo=1, routed)           1.920    13.331    CLK100MHZ_IBUF
    BUFGCTRL_X0Y16       BUFG (Prop_bufg_I_O)         0.091    13.422 r  CLK100MHZ_IBUF_BUFG_inst/O
                         net (fo=21540, routed)       1.577    14.999    u_accel/gen_nn_standard.u_accel/gen_hl1_lif[7].hl1_lif/CLK100MHZ_IBUF_BUFG
    SLICE_X80Y118        FDCE                                         r  u_accel/gen_nn_standard.u_accel/gen_hl1_lif[7].hl1_lif/spike_prev_reg/C
                         clock pessimism              0.276    15.275    
                         clock uncertainty           -0.035    15.240    
    SLICE_X80Y118        FDCE (Setup_fdce_C_D)        0.079    15.319    u_accel/gen_nn_standard.u_accel/gen_hl1_lif[7].hl1_lif/spike_prev_reg
  -------------------------------------------------------------------
                         required time                         15.319    
                         arrival time                         -15.172    
  -------------------------------------------------------------------
                         slack                                  0.146    

Slack (MET) :             0.150ns  (required time - arrival time)
  Source:                 u_accel/gen_nn_standard.u_accel/gen_hl1_lif[24].hl1_lif/membrane_potential_reg[23]/C
                            (rising edge-triggered cell FDCE clocked by sys_clk_pin  {rise@0.000ns fall@5.000ns period=10.000ns})
  Destination:            u_accel/gen_nn_standard.u_accel/gen_hl1_lif[24].hl1_lif/spike_prev_reg/D
                            (rising edge-triggered cell FDCE clocked by sys_clk_pin  {rise@0.000ns fall@5.000ns period=10.000ns})
  Path Group:             sys_clk_pin
  Path Type:              Setup (Max at Slow Process Corner)
  Requirement:            10.000ns  (sys_clk_pin rise@10.000ns - sys_clk_pin rise@0.000ns)
  Data Path Delay:        9.804ns  (logic 6.649ns (67.820%)  route 3.155ns (32.180%))
  Logic Levels:           11  (CARRY4=7 DSP48E1=1 LUT2=3)
  Clock Path Skew:        -0.043ns (DCD - SCD + CPR)
    Destination Clock Delay (DCD):    4.933ns = ( 14.933 - 10.000 ) 
    Source Clock Delay      (SCD):    5.235ns
    Clock Pessimism Removal (CPR):    0.259ns
  Clock Uncertainty:      0.035ns  ((TSJ^2 + TIJ^2)^1/2 + DJ) / 2 + PE
    Total System Jitter     (TSJ):    0.071ns
    Total Input Jitter      (TIJ):    0.000ns
    Discrete Jitter          (DJ):    0.000ns
    Phase Error              (PE):    0.000ns

    Location             Delay type                Incr(ns)  Path(ns)    Netlist Resource(s)
  -------------------------------------------------------------------    -------------------
                         (clock sys_clk_pin rise edge)
                                                      0.000     0.000 r  
    E3                                                0.000     0.000 r  CLK100MHZ (IN)
                         net (fo=0)                   0.000     0.000    CLK100MHZ
    E3                   IBUF (Prop_ibuf_I_O)         1.482     1.482 r  CLK100MHZ_IBUF_inst/O
                         net (fo=1, routed)           2.025     3.506    CLK100MHZ_IBUF
    BUFGCTRL_X0Y16       BUFG (Prop_bufg_I_O)         0.096     3.602 r  CLK100MHZ_IBUF_BUFG_inst/O
                         net (fo=21540, routed)       1.632     5.235    u_accel/gen_nn_standard.u_accel/gen_hl1_lif[24].hl1_lif/CLK100MHZ_IBUF_BUFG
    SLICE_X12Y71         FDCE                                         r  u_accel/gen_nn_standard.u_accel/gen_hl1_lif[24].hl1_lif/membrane_potential_reg[23]/C
  -------------------------------------------------------------------    -------------------
    SLICE_X12Y71         FDCE (Prop_fdce_C_Q)         0.478     5.713 r  u_accel/gen_nn_standard.u_accel/gen_hl1_lif[24].hl1_lif/membrane_potential_reg[23]/Q
                         net (fo=7, routed)           0.721     6.434    u_accel/gen_nn_standard.u_accel/gen_hl1_lif[24].hl1_lif/membrane_potential_reg_n_0_[23]
    DSP48_X0Y29          DSP48E1 (Prop_dsp48e1_A[23]_P[7])
                                                      4.018    10.452 r  u_accel/gen_nn_standard.u_accel/gen_hl1_lif[24].hl1_lif/membrane_potential3/P[7]
                         net (fo=2, routed)           0.773    11.224    u_accel/gen_nn_standard.u_accel/gen_hl1_lif[24].hl1_lif/membrane_potential2[0]
    SLICE_X13Y71         LUT2 (Prop_lut2_I0_O)        0.124    11.348 r  u_accel/gen_nn_standard.u_accel/gen_hl1_lif[24].hl1_lif/membrane_potential[3]_i_6__32/O
                         net (fo=1, routed)           0.000    11.348    u_accel/gen_nn_standard.u_accel/gen_hl1_lif[24].hl1_lif/membrane_potential[3]_i_6__32_n_0
    SLICE_X13Y71         CARRY4 (Prop_carry4_S[0]_CO[3])
                                                      0.532    11.880 r  u_accel/gen_nn_standard.u_accel/gen_hl1_lif[24].hl1_lif/membrane_potential_reg[3]_i_2__32/CO[3]
                         net (fo=1, routed)           0.000    11.880    u_accel/gen_nn_standard.u_accel/gen_hl1_lif[24].hl1_lif/membrane_potential_reg[3]_i_2__32_n_0
    SLICE_X13Y72         CARRY4 (Prop_carry4_CI_CO[3])
                                                      0.114    11.994 r  u_accel/gen_nn_standard.u_accel/gen_hl1_lif[24].hl1_lif/membrane_potential_reg[7]_i_2__32/CO[3]
                         net (fo=1, routed)           0.000    11.994    u_accel/gen_nn_standard.u_accel/gen_hl1_lif[24].hl1_lif/membrane_potential_reg[7]_i_2__32_n_0
    SLICE_X13Y73         CARRY4 (Prop_carry4_CI_CO[3])
                                                      0.114    12.108 r  u_accel/gen_nn_standard.u_accel/gen_hl1_lif[24].hl1_lif/membrane_potential_reg[11]_i_2__32/CO[3]
                         net (fo=1, routed)           0.000    12.108    u_accel/gen_nn_standard.u_accel/gen_hl1_lif[24].hl1_lif/membrane_potential_reg[11]_i_2__32_n_0
    SLICE_X13Y74         CARRY4 (Prop_carry4_CI_CO[3])
                                                      0.114    12.222 r  u_accel/gen_nn_standard.u_accel/gen_hl1_lif[24].hl1_lif/membrane_potential_reg[15]_i_2__32/CO[3]
                         net (fo=1, routed)           0.009    12.231    u_accel/gen_nn_standard.u_accel/gen_hl1_lif[24].hl1_lif/membrane_potential_reg[15]_i_2__32_n_0
    SLICE_X13Y75         CARRY4 (Prop_carry4_CI_CO[3])
                                                      0.114    12.345 r  u_accel/gen_nn_standard.u_accel/gen_hl1_lif[24].hl1_lif/membrane_potential_reg[19]_i_2__32/CO[3]
                         net (fo=1, routed)           0.000    12.345    u_accel/gen_nn_standard.u_accel/gen_hl1_lif[24].hl1_lif/membrane_potential_reg[19]_i_2__32_n_0
    SLICE_X13Y76         CARRY4 (Prop_carry4_CI_O[2])
                                                      0.239    12.584 f  u_accel/gen_nn_standard.u_accel/gen_hl1_lif[24].hl1_lif/membrane_potential_reg[23]_i_2__30/O[2]
                         net (fo=3, routed)           0.795    13.380    u_accel/gen_nn_standard.u_accel/gen_hl1_lif[24].hl1_lif/membrane_potential0[22]
    SLICE_X12Y74         LUT2 (Prop_lut2_I0_O)        0.302    13.682 r  u_accel/gen_nn_standard.u_accel/gen_hl1_lif[24].hl1_lif/spike_prev_i_8__32/O
                         net (fo=1, routed)           0.000    13.682    u_accel/gen_nn_standard.u_accel/gen_hl1_lif[24].hl1_lif/spike_prev_i_8__32_n_0
    SLICE_X12Y74         CARRY4 (Prop_carry4_S[3]_CO[3])
                                                      0.376    14.058 r  u_accel/gen_nn_standard.u_accel/gen_hl1_lif[24].hl1_lif/spike_prev_reg_i_2__32/CO[3]
                         net (fo=1, routed)           0.857    14.915    u_accel/gen_nn_standard.u_accel/gen_hl1_lif[24].hl1_lif/next_spike
    SLICE_X11Y74         LUT2 (Prop_lut2_I0_O)        0.124    15.039 r  u_accel/gen_nn_standard.u_accel/gen_hl1_lif[24].hl1_lif/spike_prev_i_1__56/O
                         net (fo=1, routed)           0.000    15.039    u_accel/gen_nn_standard.u_accel/gen_hl1_lif[24].hl1_lif/spike_prev_i_1__56_n_0
    SLICE_X11Y74         FDCE                                         r  u_accel/gen_nn_standard.u_accel/gen_hl1_lif[24].hl1_lif/spike_prev_reg/D
  -------------------------------------------------------------------    -------------------

                         (clock sys_clk_pin rise edge)
                                                     10.000    10.000 r  
    E3                                                0.000    10.000 r  CLK100MHZ (IN)
                         net (fo=0)                   0.000    10.000    CLK100MHZ
    E3                   IBUF (Prop_ibuf_I_O)         1.411    11.411 r  CLK100MHZ_IBUF_inst/O
                         net (fo=1, routed)           1.920    13.331    CLK100MHZ_IBUF
    BUFGCTRL_X0Y16       BUFG (Prop_bufg_I_O)         0.091    13.422 r  CLK100MHZ_IBUF_BUFG_inst/O
                         net (fo=21540, routed)       1.510    14.933    u_accel/gen_nn_standard.u_accel/gen_hl1_lif[24].hl1_lif/CLK100MHZ_IBUF_BUFG
    SLICE_X11Y74         FDCE                                         r  u_accel/gen_nn_standard.u_accel/gen_hl1_lif[24].hl1_lif/spike_prev_reg/C
                         clock pessimism              0.259    15.192    
                         clock uncertainty           -0.035    15.156    
    SLICE_X11Y74         FDCE (Setup_fdce_C_D)        0.032    15.188    u_accel/gen_nn_standard.u_accel/gen_hl1_lif[24].hl1_lif/spike_prev_reg
  -------------------------------------------------------------------
                         required time                         15.188    
                         arrival time                         -15.039    
  -------------------------------------------------------------------
                         slack                                  0.150    

Slack (MET) :             0.158ns  (required time - arrival time)
  Source:                 u_accel/gen_nn_standard.u_accel/fc2/input_idx_reg[4]/C
                            (rising edge-triggered cell FDCE clocked by sys_clk_pin  {rise@0.000ns fall@5.000ns period=10.000ns})
  Destination:            u_accel/gen_nn_standard.u_accel/fc2/accums_reg[0][4]/D
                            (rising edge-triggered cell FDCE clocked by sys_clk_pin  {rise@0.000ns fall@5.000ns period=10.000ns})
  Path Group:             sys_clk_pin
  Path Type:              Setup (Max at Slow Process Corner)
  Requirement:            10.000ns  (sys_clk_pin rise@10.000ns - sys_clk_pin rise@0.000ns)
  Data Path Delay:        9.737ns  (logic 5.012ns (51.473%)  route 4.725ns (48.527%))
  Logic Levels:           4  (DSP48E1=1 LUT2=1 LUT3=1 LUT5=1)
  Clock Path Skew:        -0.101ns (DCD - SCD + CPR)
    Destination Clock Delay (DCD):    5.104ns = ( 15.104 - 10.000 ) 
    Source Clock Delay      (SCD):    5.401ns
    Clock Pessimism Removal (CPR):    0.195ns
  Clock Uncertainty:      0.035ns  ((TSJ^2 + TIJ^2)^1/2 + DJ) / 2 + PE
    Total System Jitter     (TSJ):    0.071ns
    Total Input Jitter      (TIJ):    0.000ns
    Discrete Jitter          (DJ):    0.000ns
    Phase Error              (PE):    0.000ns

    Location             Delay type                Incr(ns)  Path(ns)    Netlist Resource(s)
  -------------------------------------------------------------------    -------------------
                         (clock sys_clk_pin rise edge)
                                                      0.000     0.000 r  
    E3                                                0.000     0.000 r  CLK100MHZ (IN)
                         net (fo=0)                   0.000     0.000    CLK100MHZ
    E3                   IBUF (Prop_ibuf_I_O)         1.482     1.482 r  CLK100MHZ_IBUF_inst/O
                         net (fo=1, routed)           2.025     3.506    CLK100MHZ_IBUF
    BUFGCTRL_X0Y16       BUFG (Prop_bufg_I_O)         0.096     3.602 r  CLK100MHZ_IBUF_BUFG_inst/O
                         net (fo=21540, routed)       1.798     5.401    u_accel/gen_nn_standard.u_accel/fc2/CLK100MHZ_IBUF_BUFG
    SLICE_X54Y46         FDCE                                         r  u_accel/gen_nn_standard.u_accel/fc2/input_idx_reg[4]/C
  -------------------------------------------------------------------    -------------------
    SLICE_X54Y46         FDCE (Prop_fdce_C_Q)         0.518     5.919 r  u_accel/gen_nn_standard.u_accel/fc2/input_idx_reg[4]/Q
                         net (fo=438, routed)         1.877     7.796    u_accel/gen_nn_standard.u_accel/p_1_out[4]
    SLICE_X24Y38         LUT5 (Prop_lut5_I4_O)        0.152     7.948 r  u_accel/gen_nn_standard.u_accel/g8_b13/O
                         net (fo=2, routed)           0.924     8.872    u_accel/gen_nn_standard.u_accel/fc2/accums_reg[0]1_24
    SLICE_X24Y38         LUT3 (Prop_lut3_I0_O)        0.354     9.226 r  u_accel/gen_nn_standard.u_accel/fc2/p_0_out_inferred__1/accums_reg[0]1_i_1/O
                         net (fo=5, routed)           0.999    10.225    u_accel/gen_nn_standard.u_accel/fc2/p_0_out[13]
    DSP48_X0Y13          DSP48E1 (Prop_dsp48e1_B[17]_P[4])
                                                      3.864    14.089 r  u_accel/gen_nn_standard.u_accel/fc2/accums_reg[0]1/P[4]
                         net (fo=1, routed)           0.925    15.014    u_accel/gen_nn_standard.u_accel/fc2/accums_reg[0]1_n_101
    SLICE_X13Y31         LUT2 (Prop_lut2_I1_O)        0.124    15.138 r  u_accel/gen_nn_standard.u_accel/fc2/accums[0][4]_i_1/O
                         net (fo=1, routed)           0.000    15.138    u_accel/gen_nn_standard.u_accel/fc2/accums[0][4]_i_1_n_0
    SLICE_X13Y31         FDCE                                         r  u_accel/gen_nn_standard.u_accel/fc2/accums_reg[0][4]/D
  -------------------------------------------------------------------    -------------------

                         (clock sys_clk_pin rise edge)
                                                     10.000    10.000 r  
    E3                                                0.000    10.000 r  CLK100MHZ (IN)
                         net (fo=0)                   0.000    10.000    CLK100MHZ
    E3                   IBUF (Prop_ibuf_I_O)         1.411    11.411 r  CLK100MHZ_IBUF_inst/O
                         net (fo=1, routed)           1.920    13.331    CLK100MHZ_IBUF
    BUFGCTRL_X0Y16       BUFG (Prop_bufg_I_O)         0.091    13.422 r  CLK100MHZ_IBUF_BUFG_inst/O
                         net (fo=21540, routed)       1.682    15.104    u_accel/gen_nn_standard.u_accel/fc2/CLK100MHZ_IBUF_BUFG
    SLICE_X13Y31         FDCE                                         r  u_accel/gen_nn_standard.u_accel/fc2/accums_reg[0][4]/C
                         clock pessimism              0.195    15.300    
                         clock uncertainty           -0.035    15.264    
    SLICE_X13Y31         FDCE (Setup_fdce_C_D)        0.031    15.295    u_accel/gen_nn_standard.u_accel/fc2/accums_reg[0][4]
  -------------------------------------------------------------------
                         required time                         15.295    
                         arrival time                         -15.138    
  -------------------------------------------------------------------
                         slack                                  0.158    

Slack (MET) :             0.158ns  (required time - arrival time)
  Source:                 u_accel/gen_nn_standard.u_accel/fc2/input_idx_reg[4]/C
                            (rising edge-triggered cell FDCE clocked by sys_clk_pin  {rise@0.000ns fall@5.000ns period=10.000ns})
  Destination:            u_accel/gen_nn_standard.u_accel/fc2/accums_reg[0][34]/D
                            (rising edge-triggered cell FDCE clocked by sys_clk_pin  {rise@0.000ns fall@5.000ns period=10.000ns})
  Path Group:             sys_clk_pin
  Path Type:              Setup (Max at Slow Process Corner)
  Requirement:            10.000ns  (sys_clk_pin rise@10.000ns - sys_clk_pin rise@0.000ns)
  Data Path Delay:        9.737ns  (logic 5.012ns (51.475%)  route 4.725ns (48.525%))
  Logic Levels:           4  (DSP48E1=1 LUT2=1 LUT3=1 LUT5=1)
  Clock Path Skew:        -0.099ns (DCD - SCD + CPR)
    Destination Clock Delay (DCD):    5.106ns = ( 15.106 - 10.000 ) 
    Source Clock Delay      (SCD):    5.401ns
    Clock Pessimism Removal (CPR):    0.195ns
  Clock Uncertainty:      0.035ns  ((TSJ^2 + TIJ^2)^1/2 + DJ) / 2 + PE
    Total System Jitter     (TSJ):    0.071ns
    Total Input Jitter      (TIJ):    0.000ns
    Discrete Jitter          (DJ):    0.000ns
    Phase Error              (PE):    0.000ns

    Location             Delay type                Incr(ns)  Path(ns)    Netlist Resource(s)
  -------------------------------------------------------------------    -------------------
                         (clock sys_clk_pin rise edge)
                                                      0.000     0.000 r  
    E3                                                0.000     0.000 r  CLK100MHZ (IN)
                         net (fo=0)                   0.000     0.000    CLK100MHZ
    E3                   IBUF (Prop_ibuf_I_O)         1.482     1.482 r  CLK100MHZ_IBUF_inst/O
                         net (fo=1, routed)           2.025     3.506    CLK100MHZ_IBUF
    BUFGCTRL_X0Y16       BUFG (Prop_bufg_I_O)         0.096     3.602 r  CLK100MHZ_IBUF_BUFG_inst/O
                         net (fo=21540, routed)       1.798     5.401    u_accel/gen_nn_standard.u_accel/fc2/CLK100MHZ_IBUF_BUFG
    SLICE_X54Y46         FDCE                                         r  u_accel/gen_nn_standard.u_accel/fc2/input_idx_reg[4]/C
  -------------------------------------------------------------------    -------------------
    SLICE_X54Y46         FDCE (Prop_fdce_C_Q)         0.518     5.919 r  u_accel/gen_nn_standard.u_accel/fc2/input_idx_reg[4]/Q
                         net (fo=438, routed)         1.877     7.796    u_accel/gen_nn_standard.u_accel/p_1_out[4]
    SLICE_X24Y38         LUT5 (Prop_lut5_I4_O)        0.152     7.948 r  u_accel/gen_nn_standard.u_accel/g8_b13/O
                         net (fo=2, routed)           0.924     8.872    u_accel/gen_nn_standard.u_accel/fc2/accums_reg[0]1_24
    SLICE_X24Y38         LUT3 (Prop_lut3_I0_O)        0.354     9.226 r  u_accel/gen_nn_standard.u_accel/fc2/p_0_out_inferred__1/accums_reg[0]1_i_1/O
                         net (fo=5, routed)           0.999    10.225    u_accel/gen_nn_standard.u_accel/fc2/p_0_out[13]
    DSP48_X0Y13          DSP48E1 (Prop_dsp48e1_B[17]_P[34])
                                                      3.864    14.089 r  u_accel/gen_nn_standard.u_accel/fc2/accums_reg[0]1/P[34]
                         net (fo=1, routed)           0.925    15.013    u_accel/gen_nn_standard.u_accel/fc2/accums_reg[0]1_n_71
    SLICE_X13Y32         LUT2 (Prop_lut2_I1_O)        0.124    15.137 r  u_accel/gen_nn_standard.u_accel/fc2/accums[0][34]_i_1/O
                         net (fo=1, routed)           0.000    15.137    u_accel/gen_nn_standard.u_accel/fc2/accums[0][34]_i_1_n_0
    SLICE_X13Y32         FDCE                                         r  u_accel/gen_nn_standard.u_accel/fc2/accums_reg[0][34]/D
  -------------------------------------------------------------------    -------------------

                         (clock sys_clk_pin rise edge)
                                                     10.000    10.000 r  
    E3                                                0.000    10.000 r  CLK100MHZ (IN)
                         net (fo=0)                   0.000    10.000    CLK100MHZ
    E3                   IBUF (Prop_ibuf_I_O)         1.411    11.411 r  CLK100MHZ_IBUF_inst/O
                         net (fo=1, routed)           1.920    13.331    CLK100MHZ_IBUF
    BUFGCTRL_X0Y16       BUFG (Prop_bufg_I_O)         0.091    13.422 r  CLK100MHZ_IBUF_BUFG_inst/O
                         net (fo=21540, routed)       1.684    15.106    u_accel/gen_nn_standard.u_accel/fc2/CLK100MHZ_IBUF_BUFG
    SLICE_X13Y32         FDCE                                         r  u_accel/gen_nn_standard.u_accel/fc2/accums_reg[0][34]/C
                         clock pessimism              0.195    15.302    
                         clock uncertainty           -0.035    15.266    
    SLICE_X13Y32         FDCE (Setup_fdce_C_D)        0.029    15.295    u_accel/gen_nn_standard.u_accel/fc2/accums_reg[0][34]
  -------------------------------------------------------------------
                         required time                         15.295    
                         arrival time                         -15.137    
  -------------------------------------------------------------------
                         slack                                  0.158    





Min Delay Paths
--------------------------------------------------------------------------------------
Slack (MET) :             0.036ns  (arrival time - required time)
  Source:                 u_accel/gen_nn_standard.u_accel/gen_hl2[5].membrane_buf/membrane_out_reg[21]/C
                            (rising edge-triggered cell FDCE clocked by sys_clk_pin  {rise@0.000ns fall@5.000ns period=10.000ns})
  Destination:            u_accel/gen_nn_standard.u_accel/q_accum/mem_sel_r_reg[0][1][21]/D
                            (rising edge-triggered cell FDCE clocked by sys_clk_pin  {rise@0.000ns fall@5.000ns period=10.000ns})
  Path Group:             sys_clk_pin
  Path Type:              Hold (Min at Fast Process Corner)
  Requirement:            0.000ns  (sys_clk_pin rise@0.000ns - sys_clk_pin rise@0.000ns)
  Data Path Delay:        0.405ns  (logic 0.248ns (61.302%)  route 0.157ns (38.698%))
  Logic Levels:           2  (LUT6=1 MUXF7=1)
  Clock Path Skew:        0.264ns (DCD - SCD - CPR)
    Destination Clock Delay (DCD):    1.999ns
    Source Clock Delay      (SCD):    1.484ns
    Clock Pessimism Removal (CPR):    0.250ns

    Location             Delay type                Incr(ns)  Path(ns)    Netlist Resource(s)
  -------------------------------------------------------------------    -------------------
                         (clock sys_clk_pin rise edge)
                                                      0.000     0.000 r  
    E3                                                0.000     0.000 r  CLK100MHZ (IN)
                         net (fo=0)                   0.000     0.000    CLK100MHZ
    E3                   IBUF (Prop_ibuf_I_O)         0.250     0.250 r  CLK100MHZ_IBUF_inst/O
                         net (fo=1, routed)           0.644     0.894    CLK100MHZ_IBUF
    BUFGCTRL_X0Y16       BUFG (Prop_bufg_I_O)         0.026     0.920 r  CLK100MHZ_IBUF_BUFG_inst/O
                         net (fo=21540, routed)       0.565     1.484    u_accel/gen_nn_standard.u_accel/gen_hl2[5].membrane_buf/CLK100MHZ_IBUF_BUFG
    SLICE_X51Y53         FDCE                                         r  u_accel/gen_nn_standard.u_accel/gen_hl2[5].membrane_buf/membrane_out_reg[21]/C
  -------------------------------------------------------------------    -------------------
    SLICE_X51Y53         FDCE (Prop_fdce_C_Q)         0.141     1.625 r  u_accel/gen_nn_standard.u_accel/gen_hl2[5].membrane_buf/membrane_out_reg[21]/Q
                         net (fo=1, routed)           0.157     1.782    u_accel/gen_nn_standard.u_accel/q_accum/mem_sel_r_reg[0][1][23]_1[21]
    SLICE_X55Y54         LUT6 (Prop_lut6_I3_O)        0.045     1.827 r  u_accel/gen_nn_standard.u_accel/q_accum/mem_sel_r[0][1][21]_i_2/O
                         net (fo=1, routed)           0.000     1.827    u_accel/gen_nn_standard.u_accel/q_accum/mem_sel_r[0][1][21]_i_2_n_0
    SLICE_X55Y54         MUXF7 (Prop_muxf7_I0_O)      0.062     1.889 r  u_accel/gen_nn_standard.u_accel/q_accum/mem_sel_r_reg[0][1][21]_i_1/O
                         net (fo=1, routed)           0.000     1.889    u_accel/gen_nn_standard.u_accel/q_accum/mem_sel_r_reg[0][1][21]_i_1_n_0
    SLICE_X55Y54         FDCE                                         r  u_accel/gen_nn_standard.u_accel/q_accum/mem_sel_r_reg[0][1][21]/D
  -------------------------------------------------------------------    -------------------

                         (clock sys_clk_pin rise edge)
                                                      0.000     0.000 r  
    E3                                                0.000     0.000 r  CLK100MHZ (IN)
                         net (fo=0)                   0.000     0.000    CLK100MHZ
    E3                   IBUF (Prop_ibuf_I_O)         0.438     0.438 r  CLK100MHZ_IBUF_inst/O
                         net (fo=1, routed)           0.699     1.136    CLK100MHZ_IBUF
    BUFGCTRL_X0Y16       BUFG (Prop_bufg_I_O)         0.029     1.165 r  CLK100MHZ_IBUF_BUFG_inst/O
                         net (fo=21540, routed)       0.834     1.999    u_accel/gen_nn_standard.u_accel/q_accum/CLK100MHZ_IBUF_BUFG
    SLICE_X55Y54         FDCE                                         r  u_accel/gen_nn_standard.u_accel/q_accum/mem_sel_r_reg[0][1][21]/C
                         clock pessimism             -0.250     1.748    
    SLICE_X55Y54         FDCE (Hold_fdce_C_D)         0.105     1.853    u_accel/gen_nn_standard.u_accel/q_accum/mem_sel_r_reg[0][1][21]
  -------------------------------------------------------------------
                         required time                         -1.853    
                         arrival time                           1.889    
  -------------------------------------------------------------------
                         slack                                  0.036    

Slack (MET) :             0.056ns  (arrival time - required time)
  Source:                 u_accel/gen_nn_standard.u_accel/gen_hl2[21].membrane_buf/membrane_out_reg[8]/C
                            (rising edge-triggered cell FDCE clocked by sys_clk_pin  {rise@0.000ns fall@5.000ns period=10.000ns})
  Destination:            u_accel/gen_nn_standard.u_accel/q_accum/mem_sel_r_reg[0][1][8]/D
                            (rising edge-triggered cell FDCE clocked by sys_clk_pin  {rise@0.000ns fall@5.000ns period=10.000ns})
  Path Group:             sys_clk_pin
  Path Type:              Hold (Min at Fast Process Corner)
  Requirement:            0.000ns  (sys_clk_pin rise@0.000ns - sys_clk_pin rise@0.000ns)
  Data Path Delay:        0.428ns  (logic 0.260ns (60.721%)  route 0.168ns (39.279%))
  Logic Levels:           2  (LUT6=1 MUXF7=1)
  Clock Path Skew:        0.267ns (DCD - SCD - CPR)
    Destination Clock Delay (DCD):    2.000ns
    Source Clock Delay      (SCD):    1.482ns
    Clock Pessimism Removal (CPR):    0.250ns

    Location             Delay type                Incr(ns)  Path(ns)    Netlist Resource(s)
  -------------------------------------------------------------------    -------------------
                         (clock sys_clk_pin rise edge)
                                                      0.000     0.000 r  
    E3                                                0.000     0.000 r  CLK100MHZ (IN)
                         net (fo=0)                   0.000     0.000    CLK100MHZ
    E3                   IBUF (Prop_ibuf_I_O)         0.250     0.250 r  CLK100MHZ_IBUF_inst/O
                         net (fo=1, routed)           0.644     0.894    CLK100MHZ_IBUF
    BUFGCTRL_X0Y16       BUFG (Prop_bufg_I_O)         0.026     0.920 r  CLK100MHZ_IBUF_BUFG_inst/O
                         net (fo=21540, routed)       0.563     1.482    u_accel/gen_nn_standard.u_accel/gen_hl2[21].membrane_buf/CLK100MHZ_IBUF_BUFG
    SLICE_X52Y59         FDCE                                         r  u_accel/gen_nn_standard.u_accel/gen_hl2[21].membrane_buf/membrane_out_reg[8]/C
  -------------------------------------------------------------------    -------------------
    SLICE_X52Y59         FDCE (Prop_fdce_C_Q)         0.141     1.623 r  u_accel/gen_nn_standard.u_accel/gen_hl2[21].membrane_buf/membrane_out_reg[8]/Q
                         net (fo=1, routed)           0.168     1.792    u_accel/gen_nn_standard.u_accel/q_accum/mem_sel_r_reg[0][1][23]_5[8]
    SLICE_X49Y60         LUT6 (Prop_lut6_I3_O)        0.045     1.837 r  u_accel/gen_nn_standard.u_accel/q_accum/mem_sel_r[0][1][8]_i_3/O
                         net (fo=1, routed)           0.000     1.837    u_accel/gen_nn_standard.u_accel/q_accum/mem_sel_r[0][1][8]_i_3_n_0
    SLICE_X49Y60         MUXF7 (Prop_muxf7_I1_O)      0.074     1.911 r  u_accel/gen_nn_standard.u_accel/q_accum/mem_sel_r_reg[0][1][8]_i_1/O
                         net (fo=1, routed)           0.000     1.911    u_accel/gen_nn_standard.u_accel/q_accum/mem_sel_r_reg[0][1][8]_i_1_n_0
    SLICE_X49Y60         FDCE                                         r  u_accel/gen_nn_standard.u_accel/q_accum/mem_sel_r_reg[0][1][8]/D
  -------------------------------------------------------------------    -------------------

                         (clock sys_clk_pin rise edge)
                                                      0.000     0.000 r  
    E3                                                0.000     0.000 r  CLK100MHZ (IN)
                         net (fo=0)                   0.000     0.000    CLK100MHZ
    E3                   IBUF (Prop_ibuf_I_O)         0.438     0.438 r  CLK100MHZ_IBUF_inst/O
                         net (fo=1, routed)           0.699     1.136    CLK100MHZ_IBUF
    BUFGCTRL_X0Y16       BUFG (Prop_bufg_I_O)         0.029     1.165 r  CLK100MHZ_IBUF_BUFG_inst/O
                         net (fo=21540, routed)       0.835     2.000    u_accel/gen_nn_standard.u_accel/q_accum/CLK100MHZ_IBUF_BUFG
    SLICE_X49Y60         FDCE                                         r  u_accel/gen_nn_standard.u_accel/q_accum/mem_sel_r_reg[0][1][8]/C
                         clock pessimism             -0.250     1.749    
    SLICE_X49Y60         FDCE (Hold_fdce_C_D)         0.105     1.854    u_accel/gen_nn_standard.u_accel/q_accum/mem_sel_r_reg[0][1][8]
  -------------------------------------------------------------------
                         required time                         -1.854    
                         arrival time                           1.911    
  -------------------------------------------------------------------
                         slack                                  0.056    

Slack (MET) :             0.080ns  (arrival time - required time)
  Source:                 u_accel/gen_nn_standard.u_accel/gen_hl2[19].membrane_buf/membrane_out_reg[9]/C
                            (rising edge-triggered cell FDCE clocked by sys_clk_pin  {rise@0.000ns fall@5.000ns period=10.000ns})
  Destination:            u_accel/gen_nn_standard.u_accel/q_accum/mem_sel_r_reg[0][3][9]/D
                            (rising edge-triggered cell FDCE clocked by sys_clk_pin  {rise@0.000ns fall@5.000ns period=10.000ns})
  Path Group:             sys_clk_pin
  Path Type:              Hold (Min at Fast Process Corner)
  Requirement:            0.000ns  (sys_clk_pin rise@0.000ns - sys_clk_pin rise@0.000ns)
  Data Path Delay:        0.447ns  (logic 0.260ns (58.200%)  route 0.187ns (41.800%))
  Logic Levels:           2  (LUT6=1 MUXF7=1)
  Clock Path Skew:        0.262ns (DCD - SCD - CPR)
    Destination Clock Delay (DCD):    1.991ns
    Source Clock Delay      (SCD):    1.478ns
    Clock Pessimism Removal (CPR):    0.250ns

    Location             Delay type                Incr(ns)  Path(ns)    Netlist Resource(s)
  -------------------------------------------------------------------    -------------------
                         (clock sys_clk_pin rise edge)
                                                      0.000     0.000 r  
    E3                                                0.000     0.000 r  CLK100MHZ (IN)
                         net (fo=0)                   0.000     0.000    CLK100MHZ
    E3                   IBUF (Prop_ibuf_I_O)         0.250     0.250 r  CLK100MHZ_IBUF_inst/O
                         net (fo=1, routed)           0.644     0.894    CLK100MHZ_IBUF
    BUFGCTRL_X0Y16       BUFG (Prop_bufg_I_O)         0.026     0.920 r  CLK100MHZ_IBUF_BUFG_inst/O
                         net (fo=21540, routed)       0.559     1.478    u_accel/gen_nn_standard.u_accel/gen_hl2[19].membrane_buf/CLK100MHZ_IBUF_BUFG
    SLICE_X48Y81         FDCE                                         r  u_accel/gen_nn_standard.u_accel/gen_hl2[19].membrane_buf/membrane_out_reg[9]/C
  -------------------------------------------------------------------    -------------------
    SLICE_X48Y81         FDCE (Prop_fdce_C_Q)         0.141     1.619 r  u_accel/gen_nn_standard.u_accel/gen_hl2[19].membrane_buf/membrane_out_reg[9]/Q
                         net (fo=1, routed)           0.187     1.806    u_accel/gen_nn_standard.u_accel/q_accum/mem_sel_r_reg[0][3][23]_7[9]
    SLICE_X57Y81         LUT6 (Prop_lut6_I5_O)        0.045     1.851 r  u_accel/gen_nn_standard.u_accel/q_accum/mem_sel_r[0][3][9]_i_3/O
                         net (fo=1, routed)           0.000     1.851    u_accel/gen_nn_standard.u_accel/q_accum/mem_sel_r[0][3][9]_i_3_n_0
    SLICE_X57Y81         MUXF7 (Prop_muxf7_I1_O)      0.074     1.925 r  u_accel/gen_nn_standard.u_accel/q_accum/mem_sel_r_reg[0][3][9]_i_1/O
                         net (fo=1, routed)           0.000     1.925    u_accel/gen_nn_standard.u_accel/q_accum/mem_sel_r_reg[0][3][9]_i_1_n_0
    SLICE_X57Y81         FDCE                                         r  u_accel/gen_nn_standard.u_accel/q_accum/mem_sel_r_reg[0][3][9]/D
  -------------------------------------------------------------------    -------------------

                         (clock sys_clk_pin rise edge)
                                                      0.000     0.000 r  
    E3                                                0.000     0.000 r  CLK100MHZ (IN)
                         net (fo=0)                   0.000     0.000    CLK100MHZ
    E3                   IBUF (Prop_ibuf_I_O)         0.438     0.438 r  CLK100MHZ_IBUF_inst/O
                         net (fo=1, routed)           0.699     1.136    CLK100MHZ_IBUF
    BUFGCTRL_X0Y16       BUFG (Prop_bufg_I_O)         0.029     1.165 r  CLK100MHZ_IBUF_BUFG_inst/O
                         net (fo=21540, routed)       0.826     1.991    u_accel/gen_nn_standard.u_accel/q_accum/CLK100MHZ_IBUF_BUFG
    SLICE_X57Y81         FDCE                                         r  u_accel/gen_nn_standard.u_accel/q_accum/mem_sel_r_reg[0][3][9]/C
                         clock pessimism             -0.250     1.740    
    SLICE_X57Y81         FDCE (Hold_fdce_C_D)         0.105     1.845    u_accel/gen_nn_standard.u_accel/q_accum/mem_sel_r_reg[0][3][9]
  -------------------------------------------------------------------
                         required time                         -1.845    
                         arrival time                           1.925    
  -------------------------------------------------------------------
                         slack                                  0.080    

Slack (MET) :             0.083ns  (arrival time - required time)
  Source:                 u_accel/gen_nn_standard.u_accel/gen_hl2[22].membrane_buf/membrane_out_reg[2]/C
                            (rising edge-triggered cell FDCE clocked by sys_clk_pin  {rise@0.000ns fall@5.000ns period=10.000ns})
  Destination:            u_accel/gen_nn_standard.u_accel/q_accum/mem_sel_r_reg[0][2][2]/D
                            (rising edge-triggered cell FDCE clocked by sys_clk_pin  {rise@0.000ns fall@5.000ns period=10.000ns})
  Path Group:             sys_clk_pin
  Path Type:              Hold (Min at Fast Process Corner)
  Requirement:            0.000ns  (sys_clk_pin rise@0.000ns - sys_clk_pin rise@0.000ns)
  Data Path Delay:        0.448ns  (logic 0.260ns (58.015%)  route 0.188ns (41.985%))
  Logic Levels:           2  (LUT6=1 MUXF7=1)
  Clock Path Skew:        0.260ns (DCD - SCD - CPR)
    Destination Clock Delay (DCD):    2.065ns
    Source Clock Delay      (SCD):    1.551ns
    Clock Pessimism Removal (CPR):    0.254ns

    Location             Delay type                Incr(ns)  Path(ns)    Netlist Resource(s)
  -------------------------------------------------------------------    -------------------
                         (clock sys_clk_pin rise edge)
                                                      0.000     0.000 r  
    E3                                                0.000     0.000 r  CLK100MHZ (IN)
                         net (fo=0)                   0.000     0.000    CLK100MHZ
    E3                   IBUF (Prop_ibuf_I_O)         0.250     0.250 r  CLK100MHZ_IBUF_inst/O
                         net (fo=1, routed)           0.644     0.894    CLK100MHZ_IBUF
    BUFGCTRL_X0Y16       BUFG (Prop_bufg_I_O)         0.026     0.920 r  CLK100MHZ_IBUF_BUFG_inst/O
                         net (fo=21540, routed)       0.631     1.551    u_accel/gen_nn_standard.u_accel/gen_hl2[22].membrane_buf/CLK100MHZ_IBUF_BUFG
    SLICE_X44Y12         FDCE                                         r  u_accel/gen_nn_standard.u_accel/gen_hl2[22].membrane_buf/membrane_out_reg[2]/C
  -------------------------------------------------------------------    -------------------
    SLICE_X44Y12         FDCE (Prop_fdce_C_Q)         0.141     1.692 r  u_accel/gen_nn_standard.u_accel/gen_hl2[22].membrane_buf/membrane_out_reg[2]/Q
                         net (fo=1, routed)           0.188     1.880    u_accel/gen_nn_standard.u_accel/q_accum/mem_sel_r_reg[0][2][23]_6[2]
    SLICE_X52Y12         LUT6 (Prop_lut6_I3_O)        0.045     1.925 r  u_accel/gen_nn_standard.u_accel/q_accum/mem_sel_r[0][2][2]_i_3/O
                         net (fo=1, routed)           0.000     1.925    u_accel/gen_nn_standard.u_accel/q_accum/mem_sel_r[0][2][2]_i_3_n_0
    SLICE_X52Y12         MUXF7 (Prop_muxf7_I1_O)      0.074     1.999 r  u_accel/gen_nn_standard.u_accel/q_accum/mem_sel_r_reg[0][2][2]_i_1/O
                         net (fo=1, routed)           0.000     1.999    u_accel/gen_nn_standard.u_accel/q_accum/mem_sel_r_reg[0][2][2]_i_1_n_0
    SLICE_X52Y12         FDCE                                         r  u_accel/gen_nn_standard.u_accel/q_accum/mem_sel_r_reg[0][2][2]/D
  -------------------------------------------------------------------    -------------------

                         (clock sys_clk_pin rise edge)
                                                      0.000     0.000 r  
    E3                                                0.000     0.000 r  CLK100MHZ (IN)
                         net (fo=0)                   0.000     0.000    CLK100MHZ
    E3                   IBUF (Prop_ibuf_I_O)         0.438     0.438 r  CLK100MHZ_IBUF_inst/O
                         net (fo=1, routed)           0.699     1.136    CLK100MHZ_IBUF
    BUFGCTRL_X0Y16       BUFG (Prop_bufg_I_O)         0.029     1.165 r  CLK100MHZ_IBUF_BUFG_inst/O
                         net (fo=21540, routed)       0.900     2.065    u_accel/gen_nn_standard.u_accel/q_accum/CLK100MHZ_IBUF_BUFG
    SLICE_X52Y12         FDCE                                         r  u_accel/gen_nn_standard.u_accel/q_accum/mem_sel_r_reg[0][2][2]/C
                         clock pessimism             -0.254     1.811    
    SLICE_X52Y12         FDCE (Hold_fdce_C_D)         0.105     1.916    u_accel/gen_nn_standard.u_accel/q_accum/mem_sel_r_reg[0][2][2]
  -------------------------------------------------------------------
                         required time                         -1.916    
                         arrival time                           1.999    
  -------------------------------------------------------------------
                         slack                                  0.083    

Slack (MET) :             0.087ns  (arrival time - required time)
  Source:                 u_accel/gen_nn_standard.u_accel/gen_hl2[12].hl2_lif/membrane_potential_reg[20]/C
                            (rising edge-triggered cell FDCE clocked by sys_clk_pin  {rise@0.000ns fall@5.000ns period=10.000ns})
  Destination:            u_accel/gen_nn_standard.u_accel/gen_hl2[12].membrane_buf/membrane_storage_reg[4][20]/D
                            (rising edge-triggered cell FDRE clocked by sys_clk_pin  {rise@0.000ns fall@5.000ns period=10.000ns})
  Path Group:             sys_clk_pin
  Path Type:              Hold (Min at Fast Process Corner)
  Requirement:            0.000ns  (sys_clk_pin rise@0.000ns - sys_clk_pin rise@0.000ns)
  Data Path Delay:        0.365ns  (logic 0.128ns (35.034%)  route 0.237ns (64.966%))
  Logic Levels:           0  
  Clock Path Skew:        0.265ns (DCD - SCD - CPR)
    Destination Clock Delay (DCD):    2.060ns
    Source Clock Delay      (SCD):    1.541ns
    Clock Pessimism Removal (CPR):    0.254ns

    Location             Delay type                Incr(ns)  Path(ns)    Netlist Resource(s)
  -------------------------------------------------------------------    -------------------
                         (clock sys_clk_pin rise edge)
                                                      0.000     0.000 r  
    E3                                                0.000     0.000 r  CLK100MHZ (IN)
                         net (fo=0)                   0.000     0.000    CLK100MHZ
    E3                   IBUF (Prop_ibuf_I_O)         0.250     0.250 r  CLK100MHZ_IBUF_inst/O
                         net (fo=1, routed)           0.644     0.894    CLK100MHZ_IBUF
    BUFGCTRL_X0Y16       BUFG (Prop_bufg_I_O)         0.026     0.920 r  CLK100MHZ_IBUF_BUFG_inst/O
                         net (fo=21540, routed)       0.621     1.541    u_accel/gen_nn_standard.u_accel/gen_hl2[12].hl2_lif/CLK100MHZ_IBUF_BUFG
    SLICE_X57Y21         FDCE                                         r  u_accel/gen_nn_standard.u_accel/gen_hl2[12].hl2_lif/membrane_potential_reg[20]/C
  -------------------------------------------------------------------    -------------------
    SLICE_X57Y21         FDCE (Prop_fdce_C_Q)         0.128     1.669 r  u_accel/gen_nn_standard.u_accel/gen_hl2[12].hl2_lif/membrane_potential_reg[20]/Q
                         net (fo=21, routed)          0.237     1.906    u_accel/gen_nn_standard.u_accel/gen_hl2[12].membrane_buf/D[20]
    SLICE_X48Y21         FDRE                                         r  u_accel/gen_nn_standard.u_accel/gen_hl2[12].membrane_buf/membrane_storage_reg[4][20]/D
  -------------------------------------------------------------------    -------------------

                         (clock sys_clk_pin rise edge)
                                                      0.000     0.000 r  
    E3                                                0.000     0.000 r  CLK100MHZ (IN)
                         net (fo=0)                   0.000     0.000    CLK100MHZ
    E3                   IBUF (Prop_ibuf_I_O)         0.438     0.438 r  CLK100MHZ_IBUF_inst/O
                         net (fo=1, routed)           0.699     1.136    CLK100MHZ_IBUF
    BUFGCTRL_X0Y16       BUFG (Prop_bufg_I_O)         0.029     1.165 r  CLK100MHZ_IBUF_BUFG_inst/O
                         net (fo=21540, routed)       0.895     2.060    u_accel/gen_nn_standard.u_accel/gen_hl2[12].membrane_buf/CLK100MHZ_IBUF_BUFG
    SLICE_X48Y21         FDRE                                         r  u_accel/gen_nn_standard.u_accel/gen_hl2[12].membrane_buf/membrane_storage_reg[4][20]/C
                         clock pessimism             -0.254     1.806    
    SLICE_X48Y21         FDRE (Hold_fdre_C_D)         0.013     1.819    u_accel/gen_nn_standard.u_accel/gen_hl2[12].membrane_buf/membrane_storage_reg[4][20]
  -------------------------------------------------------------------
                         required time                         -1.819    
                         arrival time                           1.906    
  -------------------------------------------------------------------
                         slack                                  0.087    

Slack (MET) :             0.089ns  (arrival time - required time)
  Source:                 u_accel/gen_nn_standard.u_accel/gen_hl2[12].hl2_lif/membrane_potential_reg[2]/C
                            (rising edge-triggered cell FDCE clocked by sys_clk_pin  {rise@0.000ns fall@5.000ns period=10.000ns})
  Destination:            u_accel/gen_nn_standard.u_accel/gen_hl2[12].membrane_buf/membrane_storage_reg[14][2]/D
                            (rising edge-triggered cell FDRE clocked by sys_clk_pin  {rise@0.000ns fall@5.000ns period=10.000ns})
  Path Group:             sys_clk_pin
  Path Type:              Hold (Min at Fast Process Corner)
  Requirement:            0.000ns  (sys_clk_pin rise@0.000ns - sys_clk_pin rise@0.000ns)
  Data Path Delay:        0.371ns  (logic 0.128ns (34.488%)  route 0.243ns (65.512%))
  Logic Levels:           0  
  Clock Path Skew:        0.259ns (DCD - SCD - CPR)
    Destination Clock Delay (DCD):    2.054ns
    Source Clock Delay      (SCD):    1.541ns
    Clock Pessimism Removal (CPR):    0.254ns

    Location             Delay type                Incr(ns)  Path(ns)    Netlist Resource(s)
  -------------------------------------------------------------------    -------------------
                         (clock sys_clk_pin rise edge)
                                                      0.000     0.000 r  
    E3                                                0.000     0.000 r  CLK100MHZ (IN)
                         net (fo=0)                   0.000     0.000    CLK100MHZ
    E3                   IBUF (Prop_ibuf_I_O)         0.250     0.250 r  CLK100MHZ_IBUF_inst/O
                         net (fo=1, routed)           0.644     0.894    CLK100MHZ_IBUF
    BUFGCTRL_X0Y16       BUFG (Prop_bufg_I_O)         0.026     0.920 r  CLK100MHZ_IBUF_BUFG_inst/O
                         net (fo=21540, routed)       0.621     1.541    u_accel/gen_nn_standard.u_accel/gen_hl2[12].hl2_lif/CLK100MHZ_IBUF_BUFG
    SLICE_X55Y20         FDCE                                         r  u_accel/gen_nn_standard.u_accel/gen_hl2[12].hl2_lif/membrane_potential_reg[2]/C
  -------------------------------------------------------------------    -------------------
    SLICE_X55Y20         FDCE (Prop_fdce_C_Q)         0.128     1.669 r  u_accel/gen_nn_standard.u_accel/gen_hl2[12].hl2_lif/membrane_potential_reg[2]/Q
                         net (fo=21, routed)          0.243     1.912    u_accel/gen_nn_standard.u_accel/gen_hl2[12].membrane_buf/D[2]
    SLICE_X50Y24         FDRE                                         r  u_accel/gen_nn_standard.u_accel/gen_hl2[12].membrane_buf/membrane_storage_reg[14][2]/D
  -------------------------------------------------------------------    -------------------

                         (clock sys_clk_pin rise edge)
                                                      0.000     0.000 r  
    E3                                                0.000     0.000 r  CLK100MHZ (IN)
                         net (fo=0)                   0.000     0.000    CLK100MHZ
    E3                   IBUF (Prop_ibuf_I_O)         0.438     0.438 r  CLK100MHZ_IBUF_inst/O
                         net (fo=1, routed)           0.699     1.136    CLK100MHZ_IBUF
    BUFGCTRL_X0Y16       BUFG (Prop_bufg_I_O)         0.029     1.165 r  CLK100MHZ_IBUF_BUFG_inst/O
                         net (fo=21540, routed)       0.889     2.054    u_accel/gen_nn_standard.u_accel/gen_hl2[12].membrane_buf/CLK100MHZ_IBUF_BUFG
    SLICE_X50Y24         FDRE                                         r  u_accel/gen_nn_standard.u_accel/gen_hl2[12].membrane_buf/membrane_storage_reg[14][2]/C
                         clock pessimism             -0.254     1.800    
    SLICE_X50Y24         FDRE (Hold_fdre_C_D)         0.023     1.823    u_accel/gen_nn_standard.u_accel/gen_hl2[12].membrane_buf/membrane_storage_reg[14][2]
  -------------------------------------------------------------------
                         required time                         -1.823    
                         arrival time                           1.912    
  -------------------------------------------------------------------
                         slack                                  0.089    

Slack (MET) :             0.093ns  (arrival time - required time)
  Source:                 u_accel/gen_nn_standard.u_accel/q_accum/timestep_counter_reg[2]_rep__1/C
                            (rising edge-triggered cell FDCE clocked by sys_clk_pin  {rise@0.000ns fall@5.000ns period=10.000ns})
  Destination:            u_accel/gen_nn_standard.u_accel/q_accum/timestep_counter_reg[3]_rep__4/D
                            (rising edge-triggered cell FDCE clocked by sys_clk_pin  {rise@0.000ns fall@5.000ns period=10.000ns})
  Path Group:             sys_clk_pin
  Path Type:              Hold (Min at Fast Process Corner)
  Requirement:            0.000ns  (sys_clk_pin rise@0.000ns - sys_clk_pin rise@0.000ns)
  Data Path Delay:        0.452ns  (logic 0.186ns (41.137%)  route 0.266ns (58.863%))
  Logic Levels:           1  (LUT6=1)
  Clock Path Skew:        0.267ns (DCD - SCD - CPR)
    Destination Clock Delay (DCD):    2.070ns
    Source Clock Delay      (SCD):    1.549ns
    Clock Pessimism Removal (CPR):    0.254ns

    Location             Delay type                Incr(ns)  Path(ns)    Netlist Resource(s)
  -------------------------------------------------------------------    -------------------
                         (clock sys_clk_pin rise edge)
                                                      0.000     0.000 r  
    E3                                                0.000     0.000 r  CLK100MHZ (IN)
                         net (fo=0)                   0.000     0.000    CLK100MHZ
    E3                   IBUF (Prop_ibuf_I_O)         0.250     0.250 r  CLK100MHZ_IBUF_inst/O
                         net (fo=1, routed)           0.644     0.894    CLK100MHZ_IBUF
    BUFGCTRL_X0Y16       BUFG (Prop_bufg_I_O)         0.026     0.920 r  CLK100MHZ_IBUF_BUFG_inst/O
                         net (fo=21540, routed)       0.629     1.549    u_accel/gen_nn_standard.u_accel/q_accum/CLK100MHZ_IBUF_BUFG
    SLICE_X52Y42         FDCE                                         r  u_accel/gen_nn_standard.u_accel/q_accum/timestep_counter_reg[2]_rep__1/C
  -------------------------------------------------------------------    -------------------
    SLICE_X52Y42         FDCE (Prop_fdce_C_Q)         0.141     1.690 r  u_accel/gen_nn_standard.u_accel/q_accum/timestep_counter_reg[2]_rep__1/Q
                         net (fo=123, routed)         0.266     1.956    u_accel/gen_nn_standard.u_accel/q_accum/timestep_counter_reg[2]_rep__1_0
    SLICE_X51Y44         LUT6 (Prop_lut6_I1_O)        0.045     2.001 r  u_accel/gen_nn_standard.u_accel/q_accum/timestep_counter[3]_rep__4_i_1/O
                         net (fo=1, routed)           0.000     2.001    u_accel/gen_nn_standard.u_accel/q_accum/timestep_counter[3]_rep__4_i_1_n_0
    SLICE_X51Y44         FDCE                                         r  u_accel/gen_nn_standard.u_accel/q_accum/timestep_counter_reg[3]_rep__4/D
  -------------------------------------------------------------------    -------------------

                         (clock sys_clk_pin rise edge)
                                                      0.000     0.000 r  
    E3                                                0.000     0.000 r  CLK100MHZ (IN)
                         net (fo=0)                   0.000     0.000    CLK100MHZ
    E3                   IBUF (Prop_ibuf_I_O)         0.438     0.438 r  CLK100MHZ_IBUF_inst/O
                         net (fo=1, routed)           0.699     1.136    CLK100MHZ_IBUF
    BUFGCTRL_X0Y16       BUFG (Prop_bufg_I_O)         0.029     1.165 r  CLK100MHZ_IBUF_BUFG_inst/O
                         net (fo=21540, routed)       0.905     2.070    u_accel/gen_nn_standard.u_accel/q_accum/CLK100MHZ_IBUF_BUFG
    SLICE_X51Y44         FDCE                                         r  u_accel/gen_nn_standard.u_accel/q_accum/timestep_counter_reg[3]_rep__4/C
                         clock pessimism             -0.254     1.816    
    SLICE_X51Y44         FDCE (Hold_fdce_C_D)         0.092     1.908    u_accel/gen_nn_standard.u_accel/q_accum/timestep_counter_reg[3]_rep__4
  -------------------------------------------------------------------
                         required time                         -1.908    
                         arrival time                           2.001    
  -------------------------------------------------------------------
                         slack                                  0.093    

Slack (MET) :             0.098ns  (arrival time - required time)
  Source:                 u_accel/gen_nn_standard.u_accel/gen_hl2[27].membrane_buf/membrane_out_reg[8]/C
                            (rising edge-triggered cell FDCE clocked by sys_clk_pin  {rise@0.000ns fall@5.000ns period=10.000ns})
  Destination:            u_accel/gen_nn_standard.u_accel/q_accum/mem_sel_r_reg[0][3][8]/D
                            (rising edge-triggered cell FDCE clocked by sys_clk_pin  {rise@0.000ns fall@5.000ns period=10.000ns})
  Path Group:             sys_clk_pin
  Path Type:              Hold (Min at Fast Process Corner)
  Requirement:            0.000ns  (sys_clk_pin rise@0.000ns - sys_clk_pin rise@0.000ns)
  Data Path Delay:        0.465ns  (logic 0.251ns (53.968%)  route 0.214ns (46.032%))
  Logic Levels:           2  (LUT6=1 MUXF7=1)
  Clock Path Skew:        0.262ns (DCD - SCD - CPR)
    Destination Clock Delay (DCD):    1.991ns
    Source Clock Delay      (SCD):    1.478ns
    Clock Pessimism Removal (CPR):    0.250ns

    Location             Delay type                Incr(ns)  Path(ns)    Netlist Resource(s)
  -------------------------------------------------------------------    -------------------
                         (clock sys_clk_pin rise edge)
                                                      0.000     0.000 r  
    E3                                                0.000     0.000 r  CLK100MHZ (IN)
                         net (fo=0)                   0.000     0.000    CLK100MHZ
    E3                   IBUF (Prop_ibuf_I_O)         0.250     0.250 r  CLK100MHZ_IBUF_inst/O
                         net (fo=1, routed)           0.644     0.894    CLK100MHZ_IBUF
    BUFGCTRL_X0Y16       BUFG (Prop_bufg_I_O)         0.026     0.920 r  CLK100MHZ_IBUF_BUFG_inst/O
                         net (fo=21540, routed)       0.559     1.478    u_accel/gen_nn_standard.u_accel/gen_hl2[27].membrane_buf/CLK100MHZ_IBUF_BUFG
    SLICE_X48Y81         FDCE                                         r  u_accel/gen_nn_standard.u_accel/gen_hl2[27].membrane_buf/membrane_out_reg[8]/C
  -------------------------------------------------------------------    -------------------
    SLICE_X48Y81         FDCE (Prop_fdce_C_Q)         0.141     1.619 r  u_accel/gen_nn_standard.u_accel/gen_hl2[27].membrane_buf/membrane_out_reg[8]/Q
                         net (fo=1, routed)           0.214     1.833    u_accel/gen_nn_standard.u_accel/q_accum/mem_sel_r_reg[0][3][23]_5[8]
    SLICE_X57Y81         LUT6 (Prop_lut6_I1_O)        0.045     1.878 r  u_accel/gen_nn_standard.u_accel/q_accum/mem_sel_r[0][3][8]_i_3/O
                         net (fo=1, routed)           0.000     1.878    u_accel/gen_nn_standard.u_accel/q_accum/mem_sel_r[0][3][8]_i_3_n_0
    SLICE_X57Y81         MUXF7 (Prop_muxf7_I1_O)      0.065     1.943 r  u_accel/gen_nn_standard.u_accel/q_accum/mem_sel_r_reg[0][3][8]_i_1/O
                         net (fo=1, routed)           0.000     1.943    u_accel/gen_nn_standard.u_accel/q_accum/mem_sel_r_reg[0][3][8]_i_1_n_0
    SLICE_X57Y81         FDCE                                         r  u_accel/gen_nn_standard.u_accel/q_accum/mem_sel_r_reg[0][3][8]/D
  -------------------------------------------------------------------    -------------------

                         (clock sys_clk_pin rise edge)
                                                      0.000     0.000 r  
    E3                                                0.000     0.000 r  CLK100MHZ (IN)
                         net (fo=0)                   0.000     0.000    CLK100MHZ
    E3                   IBUF (Prop_ibuf_I_O)         0.438     0.438 r  CLK100MHZ_IBUF_inst/O
                         net (fo=1, routed)           0.699     1.136    CLK100MHZ_IBUF
    BUFGCTRL_X0Y16       BUFG (Prop_bufg_I_O)         0.029     1.165 r  CLK100MHZ_IBUF_BUFG_inst/O
                         net (fo=21540, routed)       0.826     1.991    u_accel/gen_nn_standard.u_accel/q_accum/CLK100MHZ_IBUF_BUFG
    SLICE_X57Y81         FDCE                                         r  u_accel/gen_nn_standard.u_accel/q_accum/mem_sel_r_reg[0][3][8]/C
                         clock pessimism             -0.250     1.740    
    SLICE_X57Y81         FDCE (Hold_fdce_C_D)         0.105     1.845    u_accel/gen_nn_standard.u_accel/q_accum/mem_sel_r_reg[0][3][8]
  -------------------------------------------------------------------
                         required time                         -1.845    
                         arrival time                           1.943    
  -------------------------------------------------------------------
                         slack                                  0.098    

Slack (MET) :             0.100ns  (arrival time - required time)
  Source:                 u_accel/gen_nn_standard.u_accel/gen_hl2[14].membrane_buf/membrane_out_reg[0]/C
                            (rising edge-triggered cell FDCE clocked by sys_clk_pin  {rise@0.000ns fall@5.000ns period=10.000ns})
  Destination:            u_accel/gen_nn_standard.u_accel/q_accum/mem_sel_r_reg[0][2][0]/D
                            (rising edge-triggered cell FDCE clocked by sys_clk_pin  {rise@0.000ns fall@5.000ns period=10.000ns})
  Path Group:             sys_clk_pin
  Path Type:              Hold (Min at Fast Process Corner)
  Requirement:            0.000ns  (sys_clk_pin rise@0.000ns - sys_clk_pin rise@0.000ns)
  Data Path Delay:        0.466ns  (logic 0.248ns (53.272%)  route 0.218ns (46.728%))
  Logic Levels:           2  (LUT6=1 MUXF7=1)
  Clock Path Skew:        0.261ns (DCD - SCD - CPR)
    Destination Clock Delay (DCD):    2.063ns
    Source Clock Delay      (SCD):    1.548ns
    Clock Pessimism Removal (CPR):    0.254ns

    Location             Delay type                Incr(ns)  Path(ns)    Netlist Resource(s)
  -------------------------------------------------------------------    -------------------
                         (clock sys_clk_pin rise edge)
                                                      0.000     0.000 r  
    E3                                                0.000     0.000 r  CLK100MHZ (IN)
                         net (fo=0)                   0.000     0.000    CLK100MHZ
    E3                   IBUF (Prop_ibuf_I_O)         0.250     0.250 r  CLK100MHZ_IBUF_inst/O
                         net (fo=1, routed)           0.644     0.894    CLK100MHZ_IBUF
    BUFGCTRL_X0Y16       BUFG (Prop_bufg_I_O)         0.026     0.920 r  CLK100MHZ_IBUF_BUFG_inst/O
                         net (fo=21540, routed)       0.628     1.548    u_accel/gen_nn_standard.u_accel/gen_hl2[14].membrane_buf/CLK100MHZ_IBUF_BUFG
    SLICE_X51Y12         FDCE                                         r  u_accel/gen_nn_standard.u_accel/gen_hl2[14].membrane_buf/membrane_out_reg[0]/C
  -------------------------------------------------------------------    -------------------
    SLICE_X51Y12         FDCE (Prop_fdce_C_Q)         0.141     1.689 r  u_accel/gen_nn_standard.u_accel/gen_hl2[14].membrane_buf/membrane_out_reg[0]/Q
                         net (fo=1, routed)           0.218     1.906    u_accel/gen_nn_standard.u_accel/q_accum/mem_sel_r_reg[0][2][23]_0[0]
    SLICE_X53Y15         LUT6 (Prop_lut6_I0_O)        0.045     1.951 r  u_accel/gen_nn_standard.u_accel/q_accum/mem_sel_r[0][2][0]_i_2/O
                         net (fo=1, routed)           0.000     1.951    u_accel/gen_nn_standard.u_accel/q_accum/mem_sel_r[0][2][0]_i_2_n_0
    SLICE_X53Y15         MUXF7 (Prop_muxf7_I0_O)      0.062     2.013 r  u_accel/gen_nn_standard.u_accel/q_accum/mem_sel_r_reg[0][2][0]_i_1/O
                         net (fo=1, routed)           0.000     2.013    u_accel/gen_nn_standard.u_accel/q_accum/mem_sel_r_reg[0][2][0]_i_1_n_0
    SLICE_X53Y15         FDCE                                         r  u_accel/gen_nn_standard.u_accel/q_accum/mem_sel_r_reg[0][2][0]/D
  -------------------------------------------------------------------    -------------------

                         (clock sys_clk_pin rise edge)
                                                      0.000     0.000 r  
    E3                                                0.000     0.000 r  CLK100MHZ (IN)
                         net (fo=0)                   0.000     0.000    CLK100MHZ
    E3                   IBUF (Prop_ibuf_I_O)         0.438     0.438 r  CLK100MHZ_IBUF_inst/O
                         net (fo=1, routed)           0.699     1.136    CLK100MHZ_IBUF
    BUFGCTRL_X0Y16       BUFG (Prop_bufg_I_O)         0.029     1.165 r  CLK100MHZ_IBUF_BUFG_inst/O
                         net (fo=21540, routed)       0.898     2.063    u_accel/gen_nn_standard.u_accel/q_accum/CLK100MHZ_IBUF_BUFG
    SLICE_X53Y15         FDCE                                         r  u_accel/gen_nn_standard.u_accel/q_accum/mem_sel_r_reg[0][2][0]/C
                         clock pessimism             -0.254     1.809    
    SLICE_X53Y15         FDCE (Hold_fdce_C_D)         0.105     1.914    u_accel/gen_nn_standard.u_accel/q_accum/mem_sel_r_reg[0][2][0]
  -------------------------------------------------------------------
                         required time                         -1.914    
                         arrival time                           2.013    
  -------------------------------------------------------------------
                         slack                                  0.100    

Slack (MET) :             0.101ns  (arrival time - required time)
  Source:                 u_accel/gen_nn_standard.u_accel/gen_hl2[12].hl2_lif/membrane_potential_reg[2]/C
                            (rising edge-triggered cell FDCE clocked by sys_clk_pin  {rise@0.000ns fall@5.000ns period=10.000ns})
  Destination:            u_accel/gen_nn_standard.u_accel/gen_hl2[12].membrane_buf/membrane_storage_reg[15][2]/D
                            (rising edge-triggered cell FDRE clocked by sys_clk_pin  {rise@0.000ns fall@5.000ns period=10.000ns})
  Path Group:             sys_clk_pin
  Path Type:              Hold (Min at Fast Process Corner)
  Requirement:            0.000ns  (sys_clk_pin rise@0.000ns - sys_clk_pin rise@0.000ns)
  Data Path Delay:        0.373ns  (logic 0.128ns (34.303%)  route 0.245ns (65.697%))
  Logic Levels:           0  
  Clock Path Skew:        0.259ns (DCD - SCD - CPR)
    Destination Clock Delay (DCD):    2.054ns
    Source Clock Delay      (SCD):    1.541ns
    Clock Pessimism Removal (CPR):    0.254ns

    Location             Delay type                Incr(ns)  Path(ns)    Netlist Resource(s)
  -------------------------------------------------------------------    -------------------
                         (clock sys_clk_pin rise edge)
                                                      0.000     0.000 r  
    E3                                                0.000     0.000 r  CLK100MHZ (IN)
                         net (fo=0)                   0.000     0.000    CLK100MHZ
    E3                   IBUF (Prop_ibuf_I_O)         0.250     0.250 r  CLK100MHZ_IBUF_inst/O
                         net (fo=1, routed)           0.644     0.894    CLK100MHZ_IBUF
    BUFGCTRL_X0Y16       BUFG (Prop_bufg_I_O)         0.026     0.920 r  CLK100MHZ_IBUF_BUFG_inst/O
                         net (fo=21540, routed)       0.621     1.541    u_accel/gen_nn_standard.u_accel/gen_hl2[12].hl2_lif/CLK100MHZ_IBUF_BUFG
    SLICE_X55Y20         FDCE                                         r  u_accel/gen_nn_standard.u_accel/gen_hl2[12].hl2_lif/membrane_potential_reg[2]/C
  -------------------------------------------------------------------    -------------------
    SLICE_X55Y20         FDCE (Prop_fdce_C_Q)         0.128     1.669 r  u_accel/gen_nn_standard.u_accel/gen_hl2[12].hl2_lif/membrane_potential_reg[2]/Q
                         net (fo=21, routed)          0.245     1.914    u_accel/gen_nn_standard.u_accel/gen_hl2[12].membrane_buf/D[2]
    SLICE_X51Y24         FDRE                                         r  u_accel/gen_nn_standard.u_accel/gen_hl2[12].membrane_buf/membrane_storage_reg[15][2]/D
  -------------------------------------------------------------------    -------------------

                         (clock sys_clk_pin rise edge)
                                                      0.000     0.000 r  
    E3                                                0.000     0.000 r  CLK100MHZ (IN)
                         net (fo=0)                   0.000     0.000    CLK100MHZ
    E3                   IBUF (Prop_ibuf_I_O)         0.438     0.438 r  CLK100MHZ_IBUF_inst/O
                         net (fo=1, routed)           0.699     1.136    CLK100MHZ_IBUF
    BUFGCTRL_X0Y16       BUFG (Prop_bufg_I_O)         0.029     1.165 r  CLK100MHZ_IBUF_BUFG_inst/O
                         net (fo=21540, routed)       0.889     2.054    u_accel/gen_nn_standard.u_accel/gen_hl2[12].membrane_buf/CLK100MHZ_IBUF_BUFG
    SLICE_X51Y24         FDRE                                         r  u_accel/gen_nn_standard.u_accel/gen_hl2[12].membrane_buf/membrane_storage_reg[15][2]/C
                         clock pessimism             -0.254     1.800    
    SLICE_X51Y24         FDRE (Hold_fdre_C_D)         0.013     1.813    u_accel/gen_nn_standard.u_accel/gen_hl2[12].membrane_buf/membrane_storage_reg[15][2]
  -------------------------------------------------------------------
                         required time                         -1.813    
                         arrival time                           1.914    
  -------------------------------------------------------------------
                         slack                                  0.101    





Pulse Width Checks
--------------------------------------------------------------------------------------
Clock Name:         sys_clk_pin
Waveform(ns):       { 0.000 5.000 }
Period(ns):         10.000
Sources:            { CLK100MHZ }

Check Type        Corner  Lib Pin      Reference Pin  Required(ns)  Actual(ns)  Slack(ns)  Location        Pin
Min Period        n/a     BUFG/I       n/a            2.155         10.000      7.845      BUFGCTRL_X0Y16  CLK100MHZ_IBUF_BUFG_inst/I
Min Period        n/a     DSP48E1/CLK  n/a            2.154         10.000      7.846      DSP48_X1Y9      u_accel/gen_nn_standard.u_accel/q_accum/p_0_out/CLK
Min Period        n/a     DSP48E1/CLK  n/a            2.154         10.000      7.846      DSP48_X2Y10     u_accel/gen_nn_standard.u_accel/q_accum/p_0_out__0/CLK
Min Period        n/a     DSP48E1/CLK  n/a            2.154         10.000      7.846      DSP48_X1Y12     u_accel/gen_nn_standard.u_accel/q_accum/p_0_out__3/CLK
Min Period        n/a     DSP48E1/CLK  n/a            2.154         10.000      7.846      DSP48_X2Y11     u_accel/gen_nn_standard.u_accel/q_accum/p_0_out__4/CLK
Min Period        n/a     DSP48E1/CLK  n/a            2.154         10.000      7.846      DSP48_X0Y10     u_accel/gen_nn_standard.u_accel/q_accum/p_0_out__5/CLK
Min Period        n/a     FDCE/C       n/a            1.000         10.000      9.000      SLICE_X37Y101   action_q_reg/C
Min Period        n/a     FDRE/C       n/a            1.000         10.000      9.000      SLICE_X0Y51     heartbeat_count_reg[0]/C
Min Period        n/a     FDRE/C       n/a            1.000         10.000      9.000      SLICE_X0Y53     heartbeat_count_reg[10]/C
Min Period        n/a     FDRE/C       n/a            1.000         10.000      9.000      SLICE_X0Y53     heartbeat_count_reg[11]/C
Low Pulse Width   Slow    FDCE/C       n/a            0.500         5.000       4.500      SLICE_X37Y101   action_q_reg/C
Low Pulse Width   Fast    FDCE/C       n/a            0.500         5.000       4.500      SLICE_X37Y101   action_q_reg/C
Low Pulse Width   Slow    FDRE/C       n/a            0.500         5.000       4.500      SLICE_X0Y51     heartbeat_count_reg[0]/C
Low Pulse Width   Fast    FDRE/C       n/a            0.500         5.000       4.500      SLICE_X0Y51     heartbeat_count_reg[0]/C
Low Pulse Width   Slow    FDRE/C       n/a            0.500         5.000       4.500      SLICE_X0Y53     heartbeat_count_reg[10]/C
Low Pulse Width   Fast    FDRE/C       n/a            0.500         5.000       4.500      SLICE_X0Y53     heartbeat_count_reg[10]/C
Low Pulse Width   Slow    FDRE/C       n/a            0.500         5.000       4.500      SLICE_X0Y53     heartbeat_count_reg[11]/C
Low Pulse Width   Fast    FDRE/C       n/a            0.500         5.000       4.500      SLICE_X0Y53     heartbeat_count_reg[11]/C
Low Pulse Width   Slow    FDRE/C       n/a            0.500         5.000       4.500      SLICE_X0Y54     heartbeat_count_reg[12]/C
Low Pulse Width   Fast    FDRE/C       n/a            0.500         5.000       4.500      SLICE_X0Y54     heartbeat_count_reg[12]/C
High Pulse Width  Slow    FDCE/C       n/a            0.500         5.000       4.500      SLICE_X37Y101   action_q_reg/C
High Pulse Width  Fast    FDCE/C       n/a            0.500         5.000       4.500      SLICE_X37Y101   action_q_reg/C
High Pulse Width  Slow    FDRE/C       n/a            0.500         5.000       4.500      SLICE_X0Y51     heartbeat_count_reg[0]/C
High Pulse Width  Fast    FDRE/C       n/a            0.500         5.000       4.500      SLICE_X0Y51     heartbeat_count_reg[0]/C
High Pulse Width  Slow    FDRE/C       n/a            0.500         5.000       4.500      SLICE_X0Y53     heartbeat_count_reg[10]/C
High Pulse Width  Fast    FDRE/C       n/a            0.500         5.000       4.500      SLICE_X0Y53     heartbeat_count_reg[10]/C
High Pulse Width  Slow    FDRE/C       n/a            0.500         5.000       4.500      SLICE_X0Y53     heartbeat_count_reg[11]/C
High Pulse Width  Fast    FDRE/C       n/a            0.500         5.000       4.500      SLICE_X0Y53     heartbeat_count_reg[11]/C
High Pulse Width  Slow    FDRE/C       n/a            0.500         5.000       4.500      SLICE_X0Y54     heartbeat_count_reg[12]/C
High Pulse Width  Fast    FDRE/C       n/a            0.500         5.000       4.500      SLICE_X0Y54     heartbeat_count_reg[12]/C



--------------------------------------------------------------------------------------
Path Group:  (none)
From Clock:  sys_clk_pin
  To Clock:  

Max Delay             4 Endpoints
Min Delay             4 Endpoints
--------------------------------------------------------------------------------------


Max Delay Paths
--------------------------------------------------------------------------------------
Slack:                    inf
  Source:                 u_accel/u_uart_tx/tx_reg/C
                            (rising edge-triggered cell FDPE clocked by sys_clk_pin  {rise@0.000ns fall@5.000ns period=10.000ns})
  Destination:            UART_RXD_OUT
                            (output port)
  Path Group:             (none)
  Path Type:              Max at Slow Process Corner
  Data Path Delay:        7.528ns  (logic 4.011ns (53.285%)  route 3.517ns (46.715%))
  Logic Levels:           1  (OBUF=1)
  Clock Uncertainty:      0.025ns  ((TSJ^2 + TIJ^2)^1/2 + DJ) / 2 + PE
    Total System Jitter     (TSJ):    0.050ns
    Total Input Jitter      (TIJ):    0.000ns
    Discrete Jitter          (DJ):    0.000ns
    Phase Error              (PE):    0.000ns

    Location             Delay type                Incr(ns)  Path(ns)    Netlist Resource(s)
  -------------------------------------------------------------------    -------------------
                         (clock sys_clk_pin rise edge)
                                                      0.000     0.000 r  
    E3                                                0.000     0.000 r  CLK100MHZ (IN)
                         net (fo=0)                   0.000     0.000    CLK100MHZ
    E3                   IBUF (Prop_ibuf_I_O)         1.482     1.482 r  CLK100MHZ_IBUF_inst/O
                         net (fo=1, routed)           2.025     3.506    CLK100MHZ_IBUF
    BUFGCTRL_X0Y16       BUFG (Prop_bufg_I_O)         0.096     3.602 r  CLK100MHZ_IBUF_BUFG_inst/O
                         net (fo=21540, routed)       1.611     5.213    u_accel/u_uart_tx/CLK100MHZ_IBUF_BUFG
    SLICE_X33Y128        FDPE                                         r  u_accel/u_uart_tx/tx_reg/C
  -------------------------------------------------------------------    -------------------
    SLICE_X33Y128        FDPE (Prop_fdpe_C_Q)         0.456     5.669 r  u_accel/u_uart_tx/tx_reg/Q
                         net (fo=1, routed)           3.517     9.186    UART_RXD_OUT_OBUF
    D4                   OBUF (Prop_obuf_I_O)         3.555    12.741 r  UART_RXD_OUT_OBUF_inst/O
                         net (fo=0)                   0.000    12.741    UART_RXD_OUT
    D4                                                                r  UART_RXD_OUT (OUT)
  -------------------------------------------------------------------    -------------------

Slack:                    inf
  Source:                 u_accel/accel_busy_reg/C
                            (rising edge-triggered cell FDCE clocked by sys_clk_pin  {rise@0.000ns fall@5.000ns period=10.000ns})
  Destination:            LED[0]
                            (output port)
  Path Group:             (none)
  Path Type:              Max at Slow Process Corner
  Data Path Delay:        7.047ns  (logic 3.976ns (56.423%)  route 3.071ns (43.577%))
  Logic Levels:           1  (OBUF=1)
  Clock Uncertainty:      0.025ns  ((TSJ^2 + TIJ^2)^1/2 + DJ) / 2 + PE
    Total System Jitter     (TSJ):    0.050ns
    Total Input Jitter      (TIJ):    0.000ns
    Discrete Jitter          (DJ):    0.000ns
    Phase Error              (PE):    0.000ns

    Location             Delay type                Incr(ns)  Path(ns)    Netlist Resource(s)
  -------------------------------------------------------------------    -------------------
                         (clock sys_clk_pin rise edge)
                                                      0.000     0.000 r  
    E3                                                0.000     0.000 r  CLK100MHZ (IN)
                         net (fo=0)                   0.000     0.000    CLK100MHZ
    E3                   IBUF (Prop_ibuf_I_O)         1.482     1.482 r  CLK100MHZ_IBUF_inst/O
                         net (fo=1, routed)           2.025     3.506    CLK100MHZ_IBUF
    BUFGCTRL_X0Y16       BUFG (Prop_bufg_I_O)         0.096     3.602 r  CLK100MHZ_IBUF_BUFG_inst/O
                         net (fo=21540, routed)       1.619     5.221    u_accel/CLK100MHZ_IBUF_BUFG
    SLICE_X40Y112        FDCE                                         r  u_accel/accel_busy_reg/C
  -------------------------------------------------------------------    -------------------
    SLICE_X40Y112        FDCE (Prop_fdce_C_Q)         0.456     5.677 r  u_accel/accel_busy_reg/Q
                         net (fo=18, routed)          3.071     8.748    LED_OBUF[0]
    H17                  OBUF (Prop_obuf_I_O)         3.520    12.269 r  LED_OBUF[0]_inst/O
                         net (fo=0)                   0.000    12.269    LED[0]
    H17                                                               r  LED[0] (OUT)
  -------------------------------------------------------------------    -------------------

Slack:                    inf
  Source:                 action_q_reg/C
                            (rising edge-triggered cell FDCE clocked by sys_clk_pin  {rise@0.000ns fall@5.000ns period=10.000ns})
  Destination:            LED[1]
                            (output port)
  Path Group:             (none)
  Path Type:              Max at Slow Process Corner
  Data Path Delay:        6.470ns  (logic 3.991ns (61.686%)  route 2.479ns (38.314%))
  Logic Levels:           1  (OBUF=1)
  Clock Uncertainty:      0.025ns  ((TSJ^2 + TIJ^2)^1/2 + DJ) / 2 + PE
    Total System Jitter     (TSJ):    0.050ns
    Total Input Jitter      (TIJ):    0.000ns
    Discrete Jitter          (DJ):    0.000ns
    Phase Error              (PE):    0.000ns

    Location             Delay type                Incr(ns)  Path(ns)    Netlist Resource(s)
  -------------------------------------------------------------------    -------------------
                         (clock sys_clk_pin rise edge)
                                                      0.000     0.000 r  
    E3                                                0.000     0.000 r  CLK100MHZ (IN)
                         net (fo=0)                   0.000     0.000    CLK100MHZ
    E3                   IBUF (Prop_ibuf_I_O)         1.482     1.482 r  CLK100MHZ_IBUF_inst/O
                         net (fo=1, routed)           2.025     3.506    CLK100MHZ_IBUF
    BUFGCTRL_X0Y16       BUFG (Prop_bufg_I_O)         0.096     3.602 r  CLK100MHZ_IBUF_BUFG_inst/O
                         net (fo=21540, routed)       1.625     5.227    CLK100MHZ_IBUF_BUFG
    SLICE_X37Y101        FDCE                                         r  action_q_reg/C
  -------------------------------------------------------------------    -------------------
    SLICE_X37Y101        FDCE (Prop_fdce_C_Q)         0.456     5.683 r  action_q_reg/Q
                         net (fo=1, routed)           2.479     8.162    LED_OBUF[1]
    K15                  OBUF (Prop_obuf_I_O)         3.535    11.698 r  LED_OBUF[1]_inst/O
                         net (fo=0)                   0.000    11.698    LED[1]
    K15                                                               r  LED[1] (OUT)
  -------------------------------------------------------------------    -------------------

Slack:                    inf
  Source:                 heartbeat_count_reg[24]/C
                            (rising edge-triggered cell FDRE clocked by sys_clk_pin  {rise@0.000ns fall@5.000ns period=10.000ns})
  Destination:            LED[15]
                            (output port)
  Path Group:             (none)
  Path Type:              Max at Slow Process Corner
  Data Path Delay:        5.572ns  (logic 4.025ns (72.236%)  route 1.547ns (27.764%))
  Logic Levels:           1  (OBUF=1)
  Clock Uncertainty:      0.025ns  ((TSJ^2 + TIJ^2)^1/2 + DJ) / 2 + PE
    Total System Jitter     (TSJ):    0.050ns
    Total Input Jitter      (TIJ):    0.000ns
    Discrete Jitter          (DJ):    0.000ns
    Phase Error              (PE):    0.000ns

    Location             Delay type                Incr(ns)  Path(ns)    Netlist Resource(s)
  -------------------------------------------------------------------    -------------------
                         (clock sys_clk_pin rise edge)
                                                      0.000     0.000 r  
    E3                                                0.000     0.000 r  CLK100MHZ (IN)
                         net (fo=0)                   0.000     0.000    CLK100MHZ
    E3                   IBUF (Prop_ibuf_I_O)         1.482     1.482 r  CLK100MHZ_IBUF_inst/O
                         net (fo=1, routed)           2.025     3.506    CLK100MHZ_IBUF
    BUFGCTRL_X0Y16       BUFG (Prop_bufg_I_O)         0.096     3.602 r  CLK100MHZ_IBUF_BUFG_inst/O
                         net (fo=21540, routed)       1.724     5.327    CLK100MHZ_IBUF_BUFG
    SLICE_X0Y57          FDRE                                         r  heartbeat_count_reg[24]/C
  -------------------------------------------------------------------    -------------------
    SLICE_X0Y57          FDRE (Prop_fdre_C_Q)         0.456     5.783 r  heartbeat_count_reg[24]/Q
                         net (fo=2, routed)           1.547     7.330    LED_OBUF[15]
    V11                  OBUF (Prop_obuf_I_O)         3.569    10.899 r  LED_OBUF[15]_inst/O
                         net (fo=0)                   0.000    10.899    LED[15]
    V11                                                               r  LED[15] (OUT)
  -------------------------------------------------------------------    -------------------





Min Delay Paths
--------------------------------------------------------------------------------------
Slack:                    inf
  Source:                 heartbeat_count_reg[24]/C
                            (rising edge-triggered cell FDRE clocked by sys_clk_pin  {rise@0.000ns fall@5.000ns period=10.000ns})
  Destination:            LED[15]
                            (output port)
  Path Group:             (none)
  Path Type:              Min at Fast Process Corner
  Data Path Delay:        1.710ns  (logic 1.410ns (82.462%)  route 0.300ns (17.538%))
  Logic Levels:           1  (OBUF=1)
  Clock Uncertainty:      0.025ns  ((TSJ^2 + TIJ^2)^1/2 + DJ) / 2 + PE
    Total System Jitter     (TSJ):    0.050ns
    Total Input Jitter      (TIJ):    0.000ns
    Discrete Jitter          (DJ):    0.000ns
    Phase Error              (PE):    0.000ns

    Location             Delay type                Incr(ns)  Path(ns)    Netlist Resource(s)
  -------------------------------------------------------------------    -------------------
                         (clock sys_clk_pin rise edge)
                                                      0.000     0.000 r  
    E3                                                0.000     0.000 r  CLK100MHZ (IN)
                         net (fo=0)                   0.000     0.000    CLK100MHZ
    E3                   IBUF (Prop_ibuf_I_O)         0.250     0.250 r  CLK100MHZ_IBUF_inst/O
                         net (fo=1, routed)           0.644     0.894    CLK100MHZ_IBUF
    BUFGCTRL_X0Y16       BUFG (Prop_bufg_I_O)         0.026     0.920 r  CLK100MHZ_IBUF_BUFG_inst/O
                         net (fo=21540, routed)       0.603     1.522    CLK100MHZ_IBUF_BUFG
    SLICE_X0Y57          FDRE                                         r  heartbeat_count_reg[24]/C
  -------------------------------------------------------------------    -------------------
    SLICE_X0Y57          FDRE (Prop_fdre_C_Q)         0.141     1.663 r  heartbeat_count_reg[24]/Q
                         net (fo=2, routed)           0.300     1.963    LED_OBUF[15]
    V11                  OBUF (Prop_obuf_I_O)         1.269     3.233 r  LED_OBUF[15]_inst/O
                         net (fo=0)                   0.000     3.233    LED[15]
    V11                                                               r  LED[15] (OUT)
  -------------------------------------------------------------------    -------------------

Slack:                    inf
  Source:                 action_q_reg/C
                            (rising edge-triggered cell FDCE clocked by sys_clk_pin  {rise@0.000ns fall@5.000ns period=10.000ns})
  Destination:            LED[1]
                            (output port)
  Path Group:             (none)
  Path Type:              Min at Fast Process Corner
  Data Path Delay:        2.071ns  (logic 1.377ns (66.489%)  route 0.694ns (33.511%))
  Logic Levels:           1  (OBUF=1)
  Clock Uncertainty:      0.025ns  ((TSJ^2 + TIJ^2)^1/2 + DJ) / 2 + PE
    Total System Jitter     (TSJ):    0.050ns
    Total Input Jitter      (TIJ):    0.000ns
    Discrete Jitter          (DJ):    0.000ns
    Phase Error              (PE):    0.000ns

    Location             Delay type                Incr(ns)  Path(ns)    Netlist Resource(s)
  -------------------------------------------------------------------    -------------------
                         (clock sys_clk_pin rise edge)
                                                      0.000     0.000 r  
    E3                                                0.000     0.000 r  CLK100MHZ (IN)
                         net (fo=0)                   0.000     0.000    CLK100MHZ
    E3                   IBUF (Prop_ibuf_I_O)         0.250     0.250 r  CLK100MHZ_IBUF_inst/O
                         net (fo=1, routed)           0.644     0.894    CLK100MHZ_IBUF
    BUFGCTRL_X0Y16       BUFG (Prop_bufg_I_O)         0.026     0.920 r  CLK100MHZ_IBUF_BUFG_inst/O
                         net (fo=21540, routed)       0.565     1.484    CLK100MHZ_IBUF_BUFG
    SLICE_X37Y101        FDCE                                         r  action_q_reg/C
  -------------------------------------------------------------------    -------------------
    SLICE_X37Y101        FDCE (Prop_fdce_C_Q)         0.141     1.625 r  action_q_reg/Q
                         net (fo=1, routed)           0.694     2.320    LED_OBUF[1]
    K15                  OBUF (Prop_obuf_I_O)         1.236     3.556 r  LED_OBUF[1]_inst/O
                         net (fo=0)                   0.000     3.556    LED[1]
    K15                                                               r  LED[1] (OUT)
  -------------------------------------------------------------------    -------------------

Slack:                    inf
  Source:                 u_accel/accel_busy_reg/C
                            (rising edge-triggered cell FDCE clocked by sys_clk_pin  {rise@0.000ns fall@5.000ns period=10.000ns})
  Destination:            LED[0]
                            (output port)
  Path Group:             (none)
  Path Type:              Min at Fast Process Corner
  Data Path Delay:        2.326ns  (logic 1.362ns (58.560%)  route 0.964ns (41.440%))
  Logic Levels:           1  (OBUF=1)
  Clock Uncertainty:      0.025ns  ((TSJ^2 + TIJ^2)^1/2 + DJ) / 2 + PE
    Total System Jitter     (TSJ):    0.050ns
    Total Input Jitter      (TIJ):    0.000ns
    Discrete Jitter          (DJ):    0.000ns
    Phase Error              (PE):    0.000ns

    Location             Delay type                Incr(ns)  Path(ns)    Netlist Resource(s)
  -------------------------------------------------------------------    -------------------
                         (clock sys_clk_pin rise edge)
                                                      0.000     0.000 r  
    E3                                                0.000     0.000 r  CLK100MHZ (IN)
                         net (fo=0)                   0.000     0.000    CLK100MHZ
    E3                   IBUF (Prop_ibuf_I_O)         0.250     0.250 r  CLK100MHZ_IBUF_inst/O
                         net (fo=1, routed)           0.644     0.894    CLK100MHZ_IBUF
    BUFGCTRL_X0Y16       BUFG (Prop_bufg_I_O)         0.026     0.920 r  CLK100MHZ_IBUF_BUFG_inst/O
                         net (fo=21540, routed)       0.559     1.478    u_accel/CLK100MHZ_IBUF_BUFG
    SLICE_X40Y112        FDCE                                         r  u_accel/accel_busy_reg/C
  -------------------------------------------------------------------    -------------------
    SLICE_X40Y112        FDCE (Prop_fdce_C_Q)         0.141     1.619 r  u_accel/accel_busy_reg/Q
                         net (fo=18, routed)          0.964     2.584    LED_OBUF[0]
    H17                  OBUF (Prop_obuf_I_O)         1.221     3.805 r  LED_OBUF[0]_inst/O
                         net (fo=0)                   0.000     3.805    LED[0]
    H17                                                               r  LED[0] (OUT)
  -------------------------------------------------------------------    -------------------

Slack:                    inf
  Source:                 u_accel/u_uart_tx/tx_reg/C
                            (rising edge-triggered cell FDPE clocked by sys_clk_pin  {rise@0.000ns fall@5.000ns period=10.000ns})
  Destination:            UART_RXD_OUT
                            (output port)
  Path Group:             (none)
  Path Type:              Min at Fast Process Corner
  Data Path Delay:        2.611ns  (logic 1.397ns (53.508%)  route 1.214ns (46.492%))
  Logic Levels:           1  (OBUF=1)
  Clock Uncertainty:      0.025ns  ((TSJ^2 + TIJ^2)^1/2 + DJ) / 2 + PE
    Total System Jitter     (TSJ):    0.050ns
    Total Input Jitter      (TIJ):    0.000ns
    Discrete Jitter          (DJ):    0.000ns
    Phase Error              (PE):    0.000ns

    Location             Delay type                Incr(ns)  Path(ns)    Netlist Resource(s)
  -------------------------------------------------------------------    -------------------
                         (clock sys_clk_pin rise edge)
                                                      0.000     0.000 r  
    E3                                                0.000     0.000 r  CLK100MHZ (IN)
                         net (fo=0)                   0.000     0.000    CLK100MHZ
    E3                   IBUF (Prop_ibuf_I_O)         0.250     0.250 r  CLK100MHZ_IBUF_inst/O
                         net (fo=1, routed)           0.644     0.894    CLK100MHZ_IBUF
    BUFGCTRL_X0Y16       BUFG (Prop_bufg_I_O)         0.026     0.920 r  CLK100MHZ_IBUF_BUFG_inst/O
                         net (fo=21540, routed)       0.555     1.474    u_accel/u_uart_tx/CLK100MHZ_IBUF_BUFG
    SLICE_X33Y128        FDPE                                         r  u_accel/u_uart_tx/tx_reg/C
  -------------------------------------------------------------------    -------------------
    SLICE_X33Y128        FDPE (Prop_fdpe_C_Q)         0.141     1.615 r  u_accel/u_uart_tx/tx_reg/Q
                         net (fo=1, routed)           1.214     2.829    UART_RXD_OUT_OBUF
    D4                   OBUF (Prop_obuf_I_O)         1.256     4.085 r  UART_RXD_OUT_OBUF_inst/O
                         net (fo=0)                   0.000     4.085    UART_RXD_OUT
    D4                                                                r  UART_RXD_OUT (OUT)
  -------------------------------------------------------------------    -------------------





--------------------------------------------------------------------------------------
Path Group:  (none)
From Clock:  
  To Clock:  sys_clk_pin

Max Delay         21462 Endpoints
Min Delay         21462 Endpoints
--------------------------------------------------------------------------------------


Max Delay Paths
--------------------------------------------------------------------------------------
Slack:                    inf
  Source:                 CPU_RESETN
                            (input port)
  Destination:            u_accel/u_uart_tx/clk_count_reg[4]/CLR
                            (recovery check against rising-edge clock sys_clk_pin  {rise@0.000ns fall@5.000ns period=10.000ns})
  Path Group:             (none)
  Path Type:              Recovery (Max at Slow Process Corner)
  Data Path Delay:        28.116ns  (logic 1.631ns (5.801%)  route 26.485ns (94.199%))
  Logic Levels:           2  (IBUF=1 LUT1=1)
  Clock Path Skew:        4.914ns (DCD - SCD + CPR)
    Destination Clock Delay (DCD):    4.914ns
    Source Clock Delay      (SCD):    0.000ns
    Clock Pessimism Removal (CPR):    0.000ns
  Clock Uncertainty:      0.025ns  ((TSJ^2 + TIJ^2)^1/2 + DJ) / 2 + PE
    Total System Jitter     (TSJ):    0.050ns
    Total Input Jitter      (TIJ):    0.000ns
    Discrete Jitter          (DJ):    0.000ns
    Phase Error              (PE):    0.000ns

    Location             Delay type                Incr(ns)  Path(ns)    Netlist Resource(s)
  -------------------------------------------------------------------    -------------------
    C12                                               0.000     0.000 r  CPU_RESETN (IN)
                         net (fo=0)                   0.000     0.000    CPU_RESETN
    C12                  IBUF (Prop_ibuf_I_O)         1.507     1.507 r  CPU_RESETN_IBUF_inst/O
                         net (fo=25, routed)          1.798     3.305    u_accel/gen_nn_standard.u_accel/fc2/CPU_RESETN_IBUF
    SLICE_X6Y126         LUT1 (Prop_lut1_I0_O)        0.124     3.429 f  u_accel/gen_nn_standard.u_accel/fc2/membrane_potential[23]_i_3__55/O
                         net (fo=5892, routed)       24.687    28.116    u_accel/u_uart_tx/tx_reg_0
    SLICE_X34Y130        FDCE                                         f  u_accel/u_uart_tx/clk_count_reg[4]/CLR
  -------------------------------------------------------------------    -------------------

                         (clock sys_clk_pin rise edge)
                                                      0.000     0.000 r  
    E3                                                0.000     0.000 r  CLK100MHZ (IN)
                         net (fo=0)                   0.000     0.000    CLK100MHZ
    E3                   IBUF (Prop_ibuf_I_O)         1.411     1.411 r  CLK100MHZ_IBUF_inst/O
                         net (fo=1, routed)           1.920     3.331    CLK100MHZ_IBUF
    BUFGCTRL_X0Y16       BUFG (Prop_bufg_I_O)         0.091     3.422 r  CLK100MHZ_IBUF_BUFG_inst/O
                         net (fo=21540, routed)       1.492     4.914    u_accel/u_uart_tx/CLK100MHZ_IBUF_BUFG
    SLICE_X34Y130        FDCE                                         r  u_accel/u_uart_tx/clk_count_reg[4]/C

Slack:                    inf
  Source:                 CPU_RESETN
                            (input port)
  Destination:            u_accel/u_uart_tx/clk_count_reg[5]/CLR
                            (recovery check against rising-edge clock sys_clk_pin  {rise@0.000ns fall@5.000ns period=10.000ns})
  Path Group:             (none)
  Path Type:              Recovery (Max at Slow Process Corner)
  Data Path Delay:        28.116ns  (logic 1.631ns (5.801%)  route 26.485ns (94.199%))
  Logic Levels:           2  (IBUF=1 LUT1=1)
  Clock Path Skew:        4.914ns (DCD - SCD + CPR)
    Destination Clock Delay (DCD):    4.914ns
    Source Clock Delay      (SCD):    0.000ns
    Clock Pessimism Removal (CPR):    0.000ns
  Clock Uncertainty:      0.025ns  ((TSJ^2 + TIJ^2)^1/2 + DJ) / 2 + PE
    Total System Jitter     (TSJ):    0.050ns
    Total Input Jitter      (TIJ):    0.000ns
    Discrete Jitter          (DJ):    0.000ns
    Phase Error              (PE):    0.000ns

    Location             Delay type                Incr(ns)  Path(ns)    Netlist Resource(s)
  -------------------------------------------------------------------    -------------------
    C12                                               0.000     0.000 r  CPU_RESETN (IN)
                         net (fo=0)                   0.000     0.000    CPU_RESETN
    C12                  IBUF (Prop_ibuf_I_O)         1.507     1.507 r  CPU_RESETN_IBUF_inst/O
                         net (fo=25, routed)          1.798     3.305    u_accel/gen_nn_standard.u_accel/fc2/CPU_RESETN_IBUF
    SLICE_X6Y126         LUT1 (Prop_lut1_I0_O)        0.124     3.429 f  u_accel/gen_nn_standard.u_accel/fc2/membrane_potential[23]_i_3__55/O
                         net (fo=5892, routed)       24.687    28.116    u_accel/u_uart_tx/tx_reg_0
    SLICE_X34Y130        FDCE                                         f  u_accel/u_uart_tx/clk_count_reg[5]/CLR
  -------------------------------------------------------------------    -------------------

                         (clock sys_clk_pin rise edge)
                                                      0.000     0.000 r  
    E3                                                0.000     0.000 r  CLK100MHZ (IN)
                         net (fo=0)                   0.000     0.000    CLK100MHZ
    E3                   IBUF (Prop_ibuf_I_O)         1.411     1.411 r  CLK100MHZ_IBUF_inst/O
                         net (fo=1, routed)           1.920     3.331    CLK100MHZ_IBUF
    BUFGCTRL_X0Y16       BUFG (Prop_bufg_I_O)         0.091     3.422 r  CLK100MHZ_IBUF_BUFG_inst/O
                         net (fo=21540, routed)       1.492     4.914    u_accel/u_uart_tx/CLK100MHZ_IBUF_BUFG
    SLICE_X34Y130        FDCE                                         r  u_accel/u_uart_tx/clk_count_reg[5]/C

Slack:                    inf
  Source:                 CPU_RESETN
                            (input port)
  Destination:            u_accel/u_uart_tx/clk_count_reg[6]/CLR
                            (recovery check against rising-edge clock sys_clk_pin  {rise@0.000ns fall@5.000ns period=10.000ns})
  Path Group:             (none)
  Path Type:              Recovery (Max at Slow Process Corner)
  Data Path Delay:        28.116ns  (logic 1.631ns (5.801%)  route 26.485ns (94.199%))
  Logic Levels:           2  (IBUF=1 LUT1=1)
  Clock Path Skew:        4.914ns (DCD - SCD + CPR)
    Destination Clock Delay (DCD):    4.914ns
    Source Clock Delay      (SCD):    0.000ns
    Clock Pessimism Removal (CPR):    0.000ns
  Clock Uncertainty:      0.025ns  ((TSJ^2 + TIJ^2)^1/2 + DJ) / 2 + PE
    Total System Jitter     (TSJ):    0.050ns
    Total Input Jitter      (TIJ):    0.000ns
    Discrete Jitter          (DJ):    0.000ns
    Phase Error              (PE):    0.000ns

    Location             Delay type                Incr(ns)  Path(ns)    Netlist Resource(s)
  -------------------------------------------------------------------    -------------------
    C12                                               0.000     0.000 r  CPU_RESETN (IN)
                         net (fo=0)                   0.000     0.000    CPU_RESETN
    C12                  IBUF (Prop_ibuf_I_O)         1.507     1.507 r  CPU_RESETN_IBUF_inst/O
                         net (fo=25, routed)          1.798     3.305    u_accel/gen_nn_standard.u_accel/fc2/CPU_RESETN_IBUF
    SLICE_X6Y126         LUT1 (Prop_lut1_I0_O)        0.124     3.429 f  u_accel/gen_nn_standard.u_accel/fc2/membrane_potential[23]_i_3__55/O
                         net (fo=5892, routed)       24.687    28.116    u_accel/u_uart_tx/tx_reg_0
    SLICE_X34Y130        FDCE                                         f  u_accel/u_uart_tx/clk_count_reg[6]/CLR
  -------------------------------------------------------------------    -------------------

                         (clock sys_clk_pin rise edge)
                                                      0.000     0.000 r  
    E3                                                0.000     0.000 r  CLK100MHZ (IN)
                         net (fo=0)                   0.000     0.000    CLK100MHZ
    E3                   IBUF (Prop_ibuf_I_O)         1.411     1.411 r  CLK100MHZ_IBUF_inst/O
                         net (fo=1, routed)           1.920     3.331    CLK100MHZ_IBUF
    BUFGCTRL_X0Y16       BUFG (Prop_bufg_I_O)         0.091     3.422 r  CLK100MHZ_IBUF_BUFG_inst/O
                         net (fo=21540, routed)       1.492     4.914    u_accel/u_uart_tx/CLK100MHZ_IBUF_BUFG
    SLICE_X34Y130        FDCE                                         r  u_accel/u_uart_tx/clk_count_reg[6]/C

Slack:                    inf
  Source:                 CPU_RESETN
                            (input port)
  Destination:            u_accel/u_uart_tx/FSM_sequential_state_reg[0]/CLR
                            (recovery check against rising-edge clock sys_clk_pin  {rise@0.000ns fall@5.000ns period=10.000ns})
  Path Group:             (none)
  Path Type:              Recovery (Max at Slow Process Corner)
  Data Path Delay:        28.083ns  (logic 1.631ns (5.808%)  route 26.452ns (94.192%))
  Logic Levels:           2  (IBUF=1 LUT1=1)
  Clock Path Skew:        4.911ns (DCD - SCD + CPR)
    Destination Clock Delay (DCD):    4.911ns
    Source Clock Delay      (SCD):    0.000ns
    Clock Pessimism Removal (CPR):    0.000ns
  Clock Uncertainty:      0.025ns  ((TSJ^2 + TIJ^2)^1/2 + DJ) / 2 + PE
    Total System Jitter     (TSJ):    0.050ns
    Total Input Jitter      (TIJ):    0.000ns
    Discrete Jitter          (DJ):    0.000ns
    Phase Error              (PE):    0.000ns

    Location             Delay type                Incr(ns)  Path(ns)    Netlist Resource(s)
  -------------------------------------------------------------------    -------------------
    C12                                               0.000     0.000 r  CPU_RESETN (IN)
                         net (fo=0)                   0.000     0.000    CPU_RESETN
    C12                  IBUF (Prop_ibuf_I_O)         1.507     1.507 r  CPU_RESETN_IBUF_inst/O
                         net (fo=25, routed)          1.798     3.305    u_accel/gen_nn_standard.u_accel/fc2/CPU_RESETN_IBUF
    SLICE_X6Y126         LUT1 (Prop_lut1_I0_O)        0.124     3.429 f  u_accel/gen_nn_standard.u_accel/fc2/membrane_potential[23]_i_3__55/O
                         net (fo=5892, routed)       24.654    28.083    u_accel/u_uart_tx/tx_reg_0
    SLICE_X34Y127        FDCE                                         f  u_accel/u_uart_tx/FSM_sequential_state_reg[0]/CLR
  -------------------------------------------------------------------    -------------------

                         (clock sys_clk_pin rise edge)
                                                      0.000     0.000 r  
    E3                                                0.000     0.000 r  CLK100MHZ (IN)
                         net (fo=0)                   0.000     0.000    CLK100MHZ
    E3                   IBUF (Prop_ibuf_I_O)         1.411     1.411 r  CLK100MHZ_IBUF_inst/O
                         net (fo=1, routed)           1.920     3.331    CLK100MHZ_IBUF
    BUFGCTRL_X0Y16       BUFG (Prop_bufg_I_O)         0.091     3.422 r  CLK100MHZ_IBUF_BUFG_inst/O
                         net (fo=21540, routed)       1.489     4.911    u_accel/u_uart_tx/CLK100MHZ_IBUF_BUFG
    SLICE_X34Y127        FDCE                                         r  u_accel/u_uart_tx/FSM_sequential_state_reg[0]/C

Slack:                    inf
  Source:                 CPU_RESETN
                            (input port)
  Destination:            u_accel/u_uart_tx/FSM_sequential_state_reg[1]/CLR
                            (recovery check against rising-edge clock sys_clk_pin  {rise@0.000ns fall@5.000ns period=10.000ns})
  Path Group:             (none)
  Path Type:              Recovery (Max at Slow Process Corner)
  Data Path Delay:        28.083ns  (logic 1.631ns (5.808%)  route 26.452ns (94.192%))
  Logic Levels:           2  (IBUF=1 LUT1=1)
  Clock Path Skew:        4.911ns (DCD - SCD + CPR)
    Destination Clock Delay (DCD):    4.911ns
    Source Clock Delay      (SCD):    0.000ns
    Clock Pessimism Removal (CPR):    0.000ns
  Clock Uncertainty:      0.025ns  ((TSJ^2 + TIJ^2)^1/2 + DJ) / 2 + PE
    Total System Jitter     (TSJ):    0.050ns
    Total Input Jitter      (TIJ):    0.000ns
    Discrete Jitter          (DJ):    0.000ns
    Phase Error              (PE):    0.000ns

    Location             Delay type                Incr(ns)  Path(ns)    Netlist Resource(s)
  -------------------------------------------------------------------    -------------------
    C12                                               0.000     0.000 r  CPU_RESETN (IN)
                         net (fo=0)                   0.000     0.000    CPU_RESETN
    C12                  IBUF (Prop_ibuf_I_O)         1.507     1.507 r  CPU_RESETN_IBUF_inst/O
                         net (fo=25, routed)          1.798     3.305    u_accel/gen_nn_standard.u_accel/fc2/CPU_RESETN_IBUF
    SLICE_X6Y126         LUT1 (Prop_lut1_I0_O)        0.124     3.429 f  u_accel/gen_nn_standard.u_accel/fc2/membrane_potential[23]_i_3__55/O
                         net (fo=5892, routed)       24.654    28.083    u_accel/u_uart_tx/tx_reg_0
    SLICE_X34Y127        FDCE                                         f  u_accel/u_uart_tx/FSM_sequential_state_reg[1]/CLR
  -------------------------------------------------------------------    -------------------

                         (clock sys_clk_pin rise edge)
                                                      0.000     0.000 r  
    E3                                                0.000     0.000 r  CLK100MHZ (IN)
                         net (fo=0)                   0.000     0.000    CLK100MHZ
    E3                   IBUF (Prop_ibuf_I_O)         1.411     1.411 r  CLK100MHZ_IBUF_inst/O
                         net (fo=1, routed)           1.920     3.331    CLK100MHZ_IBUF
    BUFGCTRL_X0Y16       BUFG (Prop_bufg_I_O)         0.091     3.422 r  CLK100MHZ_IBUF_BUFG_inst/O
                         net (fo=21540, routed)       1.489     4.911    u_accel/u_uart_tx/CLK100MHZ_IBUF_BUFG
    SLICE_X34Y127        FDCE                                         r  u_accel/u_uart_tx/FSM_sequential_state_reg[1]/C

Slack:                    inf
  Source:                 CPU_RESETN
                            (input port)
  Destination:            u_accel/u_uart_tx/busy_reg/CLR
                            (recovery check against rising-edge clock sys_clk_pin  {rise@0.000ns fall@5.000ns period=10.000ns})
  Path Group:             (none)
  Path Type:              Recovery (Max at Slow Process Corner)
  Data Path Delay:        28.083ns  (logic 1.631ns (5.808%)  route 26.452ns (94.192%))
  Logic Levels:           2  (IBUF=1 LUT1=1)
  Clock Path Skew:        4.911ns (DCD - SCD + CPR)
    Destination Clock Delay (DCD):    4.911ns
    Source Clock Delay      (SCD):    0.000ns
    Clock Pessimism Removal (CPR):    0.000ns
  Clock Uncertainty:      0.025ns  ((TSJ^2 + TIJ^2)^1/2 + DJ) / 2 + PE
    Total System Jitter     (TSJ):    0.050ns
    Total Input Jitter      (TIJ):    0.000ns
    Discrete Jitter          (DJ):    0.000ns
    Phase Error              (PE):    0.000ns

    Location             Delay type                Incr(ns)  Path(ns)    Netlist Resource(s)
  -------------------------------------------------------------------    -------------------
    C12                                               0.000     0.000 r  CPU_RESETN (IN)
                         net (fo=0)                   0.000     0.000    CPU_RESETN
    C12                  IBUF (Prop_ibuf_I_O)         1.507     1.507 r  CPU_RESETN_IBUF_inst/O
                         net (fo=25, routed)          1.798     3.305    u_accel/gen_nn_standard.u_accel/fc2/CPU_RESETN_IBUF
    SLICE_X6Y126         LUT1 (Prop_lut1_I0_O)        0.124     3.429 f  u_accel/gen_nn_standard.u_accel/fc2/membrane_potential[23]_i_3__55/O
                         net (fo=5892, routed)       24.654    28.083    u_accel/u_uart_tx/tx_reg_0
    SLICE_X34Y127        FDCE                                         f  u_accel/u_uart_tx/busy_reg/CLR
  -------------------------------------------------------------------    -------------------

                         (clock sys_clk_pin rise edge)
                                                      0.000     0.000 r  
    E3                                                0.000     0.000 r  CLK100MHZ (IN)
                         net (fo=0)                   0.000     0.000    CLK100MHZ
    E3                   IBUF (Prop_ibuf_I_O)         1.411     1.411 r  CLK100MHZ_IBUF_inst/O
                         net (fo=1, routed)           1.920     3.331    CLK100MHZ_IBUF
    BUFGCTRL_X0Y16       BUFG (Prop_bufg_I_O)         0.091     3.422 r  CLK100MHZ_IBUF_BUFG_inst/O
                         net (fo=21540, routed)       1.489     4.911    u_accel/u_uart_tx/CLK100MHZ_IBUF_BUFG
    SLICE_X34Y127        FDCE                                         r  u_accel/u_uart_tx/busy_reg/C

Slack:                    inf
  Source:                 CPU_RESETN
                            (input port)
  Destination:            u_accel/u_uart_tx/bit_idx_reg[0]/CLR
                            (recovery check against rising-edge clock sys_clk_pin  {rise@0.000ns fall@5.000ns period=10.000ns})
  Path Group:             (none)
  Path Type:              Recovery (Max at Slow Process Corner)
  Data Path Delay:        27.982ns  (logic 1.631ns (5.829%)  route 26.351ns (94.171%))
  Logic Levels:           2  (IBUF=1 LUT1=1)
  Clock Path Skew:        4.914ns (DCD - SCD + CPR)
    Destination Clock Delay (DCD):    4.914ns
    Source Clock Delay      (SCD):    0.000ns
    Clock Pessimism Removal (CPR):    0.000ns
  Clock Uncertainty:      0.025ns  ((TSJ^2 + TIJ^2)^1/2 + DJ) / 2 + PE
    Total System Jitter     (TSJ):    0.050ns
    Total Input Jitter      (TIJ):    0.000ns
    Discrete Jitter          (DJ):    0.000ns
    Phase Error              (PE):    0.000ns

    Location             Delay type                Incr(ns)  Path(ns)    Netlist Resource(s)
  -------------------------------------------------------------------    -------------------
    C12                                               0.000     0.000 r  CPU_RESETN (IN)
                         net (fo=0)                   0.000     0.000    CPU_RESETN
    C12                  IBUF (Prop_ibuf_I_O)         1.507     1.507 r  CPU_RESETN_IBUF_inst/O
                         net (fo=25, routed)          1.798     3.305    u_accel/gen_nn_standard.u_accel/fc2/CPU_RESETN_IBUF
    SLICE_X6Y126         LUT1 (Prop_lut1_I0_O)        0.124     3.429 f  u_accel/gen_nn_standard.u_accel/fc2/membrane_potential[23]_i_3__55/O
                         net (fo=5892, routed)       24.553    27.982    u_accel/u_uart_tx/tx_reg_0
    SLICE_X34Y129        FDCE                                         f  u_accel/u_uart_tx/bit_idx_reg[0]/CLR
  -------------------------------------------------------------------    -------------------

                         (clock sys_clk_pin rise edge)
                                                      0.000     0.000 r  
    E3                                                0.000     0.000 r  CLK100MHZ (IN)
                         net (fo=0)                   0.000     0.000    CLK100MHZ
    E3                   IBUF (Prop_ibuf_I_O)         1.411     1.411 r  CLK100MHZ_IBUF_inst/O
                         net (fo=1, routed)           1.920     3.331    CLK100MHZ_IBUF
    BUFGCTRL_X0Y16       BUFG (Prop_bufg_I_O)         0.091     3.422 r  CLK100MHZ_IBUF_BUFG_inst/O
                         net (fo=21540, routed)       1.492     4.914    u_accel/u_uart_tx/CLK100MHZ_IBUF_BUFG
    SLICE_X34Y129        FDCE                                         r  u_accel/u_uart_tx/bit_idx_reg[0]/C

Slack:                    inf
  Source:                 CPU_RESETN
                            (input port)
  Destination:            u_accel/u_uart_tx/clk_count_reg[0]/CLR
                            (recovery check against rising-edge clock sys_clk_pin  {rise@0.000ns fall@5.000ns period=10.000ns})
  Path Group:             (none)
  Path Type:              Recovery (Max at Slow Process Corner)
  Data Path Delay:        27.982ns  (logic 1.631ns (5.829%)  route 26.351ns (94.171%))
  Logic Levels:           2  (IBUF=1 LUT1=1)
  Clock Path Skew:        4.914ns (DCD - SCD + CPR)
    Destination Clock Delay (DCD):    4.914ns
    Source Clock Delay      (SCD):    0.000ns
    Clock Pessimism Removal (CPR):    0.000ns
  Clock Uncertainty:      0.025ns  ((TSJ^2 + TIJ^2)^1/2 + DJ) / 2 + PE
    Total System Jitter     (TSJ):    0.050ns
    Total Input Jitter      (TIJ):    0.000ns
    Discrete Jitter          (DJ):    0.000ns
    Phase Error              (PE):    0.000ns

    Location             Delay type                Incr(ns)  Path(ns)    Netlist Resource(s)
  -------------------------------------------------------------------    -------------------
    C12                                               0.000     0.000 r  CPU_RESETN (IN)
                         net (fo=0)                   0.000     0.000    CPU_RESETN
    C12                  IBUF (Prop_ibuf_I_O)         1.507     1.507 r  CPU_RESETN_IBUF_inst/O
                         net (fo=25, routed)          1.798     3.305    u_accel/gen_nn_standard.u_accel/fc2/CPU_RESETN_IBUF
    SLICE_X6Y126         LUT1 (Prop_lut1_I0_O)        0.124     3.429 f  u_accel/gen_nn_standard.u_accel/fc2/membrane_potential[23]_i_3__55/O
                         net (fo=5892, routed)       24.553    27.982    u_accel/u_uart_tx/tx_reg_0
    SLICE_X34Y129        FDCE                                         f  u_accel/u_uart_tx/clk_count_reg[0]/CLR
  -------------------------------------------------------------------    -------------------

                         (clock sys_clk_pin rise edge)
                                                      0.000     0.000 r  
    E3                                                0.000     0.000 r  CLK100MHZ (IN)
                         net (fo=0)                   0.000     0.000    CLK100MHZ
    E3                   IBUF (Prop_ibuf_I_O)         1.411     1.411 r  CLK100MHZ_IBUF_inst/O
                         net (fo=1, routed)           1.920     3.331    CLK100MHZ_IBUF
    BUFGCTRL_X0Y16       BUFG (Prop_bufg_I_O)         0.091     3.422 r  CLK100MHZ_IBUF_BUFG_inst/O
                         net (fo=21540, routed)       1.492     4.914    u_accel/u_uart_tx/CLK100MHZ_IBUF_BUFG
    SLICE_X34Y129        FDCE                                         r  u_accel/u_uart_tx/clk_count_reg[0]/C

Slack:                    inf
  Source:                 CPU_RESETN
                            (input port)
  Destination:            u_accel/u_uart_tx/clk_count_reg[1]/CLR
                            (recovery check against rising-edge clock sys_clk_pin  {rise@0.000ns fall@5.000ns period=10.000ns})
  Path Group:             (none)
  Path Type:              Recovery (Max at Slow Process Corner)
  Data Path Delay:        27.982ns  (logic 1.631ns (5.829%)  route 26.351ns (94.171%))
  Logic Levels:           2  (IBUF=1 LUT1=1)
  Clock Path Skew:        4.914ns (DCD - SCD + CPR)
    Destination Clock Delay (DCD):    4.914ns
    Source Clock Delay      (SCD):    0.000ns
    Clock Pessimism Removal (CPR):    0.000ns
  Clock Uncertainty:      0.025ns  ((TSJ^2 + TIJ^2)^1/2 + DJ) / 2 + PE
    Total System Jitter     (TSJ):    0.050ns
    Total Input Jitter      (TIJ):    0.000ns
    Discrete Jitter          (DJ):    0.000ns
    Phase Error              (PE):    0.000ns

    Location             Delay type                Incr(ns)  Path(ns)    Netlist Resource(s)
  -------------------------------------------------------------------    -------------------
    C12                                               0.000     0.000 r  CPU_RESETN (IN)
                         net (fo=0)                   0.000     0.000    CPU_RESETN
    C12                  IBUF (Prop_ibuf_I_O)         1.507     1.507 r  CPU_RESETN_IBUF_inst/O
                         net (fo=25, routed)          1.798     3.305    u_accel/gen_nn_standard.u_accel/fc2/CPU_RESETN_IBUF
    SLICE_X6Y126         LUT1 (Prop_lut1_I0_O)        0.124     3.429 f  u_accel/gen_nn_standard.u_accel/fc2/membrane_potential[23]_i_3__55/O
                         net (fo=5892, routed)       24.553    27.982    u_accel/u_uart_tx/tx_reg_0
    SLICE_X34Y129        FDCE                                         f  u_accel/u_uart_tx/clk_count_reg[1]/CLR
  -------------------------------------------------------------------    -------------------

                         (clock sys_clk_pin rise edge)
                                                      0.000     0.000 r  
    E3                                                0.000     0.000 r  CLK100MHZ (IN)
                         net (fo=0)                   0.000     0.000    CLK100MHZ
    E3                   IBUF (Prop_ibuf_I_O)         1.411     1.411 r  CLK100MHZ_IBUF_inst/O
                         net (fo=1, routed)           1.920     3.331    CLK100MHZ_IBUF
    BUFGCTRL_X0Y16       BUFG (Prop_bufg_I_O)         0.091     3.422 r  CLK100MHZ_IBUF_BUFG_inst/O
                         net (fo=21540, routed)       1.492     4.914    u_accel/u_uart_tx/CLK100MHZ_IBUF_BUFG
    SLICE_X34Y129        FDCE                                         r  u_accel/u_uart_tx/clk_count_reg[1]/C

Slack:                    inf
  Source:                 CPU_RESETN
                            (input port)
  Destination:            u_accel/u_uart_tx/clk_count_reg[2]/CLR
                            (recovery check against rising-edge clock sys_clk_pin  {rise@0.000ns fall@5.000ns period=10.000ns})
  Path Group:             (none)
  Path Type:              Recovery (Max at Slow Process Corner)
  Data Path Delay:        27.813ns  (logic 1.631ns (5.864%)  route 26.182ns (94.136%))
  Logic Levels:           2  (IBUF=1 LUT1=1)
  Clock Path Skew:        4.913ns (DCD - SCD + CPR)
    Destination Clock Delay (DCD):    4.913ns
    Source Clock Delay      (SCD):    0.000ns
    Clock Pessimism Removal (CPR):    0.000ns
  Clock Uncertainty:      0.025ns  ((TSJ^2 + TIJ^2)^1/2 + DJ) / 2 + PE
    Total System Jitter     (TSJ):    0.050ns
    Total Input Jitter      (TIJ):    0.000ns
    Discrete Jitter          (DJ):    0.000ns
    Phase Error              (PE):    0.000ns

    Location             Delay type                Incr(ns)  Path(ns)    Netlist Resource(s)
  -------------------------------------------------------------------    -------------------
    C12                                               0.000     0.000 r  CPU_RESETN (IN)
                         net (fo=0)                   0.000     0.000    CPU_RESETN
    C12                  IBUF (Prop_ibuf_I_O)         1.507     1.507 r  CPU_RESETN_IBUF_inst/O
                         net (fo=25, routed)          1.798     3.305    u_accel/gen_nn_standard.u_accel/fc2/CPU_RESETN_IBUF
    SLICE_X6Y126         LUT1 (Prop_lut1_I0_O)        0.124     3.429 f  u_accel/gen_nn_standard.u_accel/fc2/membrane_potential[23]_i_3__55/O
                         net (fo=5892, routed)       24.384    27.813    u_accel/u_uart_tx/tx_reg_0
    SLICE_X34Y128        FDCE                                         f  u_accel/u_uart_tx/clk_count_reg[2]/CLR
  -------------------------------------------------------------------    -------------------

                         (clock sys_clk_pin rise edge)
                                                      0.000     0.000 r  
    E3                                                0.000     0.000 r  CLK100MHZ (IN)
                         net (fo=0)                   0.000     0.000    CLK100MHZ
    E3                   IBUF (Prop_ibuf_I_O)         1.411     1.411 r  CLK100MHZ_IBUF_inst/O
                         net (fo=1, routed)           1.920     3.331    CLK100MHZ_IBUF
    BUFGCTRL_X0Y16       BUFG (Prop_bufg_I_O)         0.091     3.422 r  CLK100MHZ_IBUF_BUFG_inst/O
                         net (fo=21540, routed)       1.491     4.913    u_accel/u_uart_tx/CLK100MHZ_IBUF_BUFG
    SLICE_X34Y128        FDCE                                         r  u_accel/u_uart_tx/clk_count_reg[2]/C





Min Delay Paths
--------------------------------------------------------------------------------------
Slack:                    inf
  Source:                 CPU_RESETN
                            (input port)
  Destination:            u_accel/gen_nn_standard.u_accel/fc1/outputs_reg[17][13]/CLR
                            (removal check against rising-edge clock sys_clk_pin  {rise@0.000ns fall@5.000ns period=10.000ns})
  Path Group:             (none)
  Path Type:              Removal (Min at Fast Process Corner)
  Data Path Delay:        1.583ns  (logic 0.320ns (20.189%)  route 1.263ns (79.811%))
  Logic Levels:           2  (IBUF=1 LUT1=1)
  Clock Path Skew:        2.001ns (DCD - SCD - CPR)
    Destination Clock Delay (DCD):    2.001ns
    Source Clock Delay      (SCD):    0.000ns
    Clock Pessimism Removal (CPR):    -0.000ns

    Location             Delay type                Incr(ns)  Path(ns)    Netlist Resource(s)
  -------------------------------------------------------------------    -------------------
    C12                                               0.000     0.000 r  CPU_RESETN (IN)
                         net (fo=0)                   0.000     0.000    CPU_RESETN
    C12                  IBUF (Prop_ibuf_I_O)         0.275     0.275 r  CPU_RESETN_IBUF_inst/O
                         net (fo=25, routed)          0.696     0.971    u_accel/gen_nn_standard.u_accel/fc2/CPU_RESETN_IBUF
    SLICE_X6Y126         LUT1 (Prop_lut1_I0_O)        0.045     1.016 f  u_accel/gen_nn_standard.u_accel/fc2/membrane_potential[23]_i_3__55/O
                         net (fo=5892, routed)        0.567     1.583    u_accel/gen_nn_standard.u_accel/fc1/done_reg_1
    SLICE_X11Y112        FDCE                                         f  u_accel/gen_nn_standard.u_accel/fc1/outputs_reg[17][13]/CLR
  -------------------------------------------------------------------    -------------------

                         (clock sys_clk_pin rise edge)
                                                      0.000     0.000 r  
    E3                                                0.000     0.000 r  CLK100MHZ (IN)
                         net (fo=0)                   0.000     0.000    CLK100MHZ
    E3                   IBUF (Prop_ibuf_I_O)         0.438     0.438 r  CLK100MHZ_IBUF_inst/O
                         net (fo=1, routed)           0.699     1.136    CLK100MHZ_IBUF
    BUFGCTRL_X0Y16       BUFG (Prop_bufg_I_O)         0.029     1.165 r  CLK100MHZ_IBUF_BUFG_inst/O
                         net (fo=21540, routed)       0.836     2.001    u_accel/gen_nn_standard.u_accel/fc1/CLK100MHZ_IBUF_BUFG
    SLICE_X11Y112        FDCE                                         r  u_accel/gen_nn_standard.u_accel/fc1/outputs_reg[17][13]/C

Slack:                    inf
  Source:                 CPU_RESETN
                            (input port)
  Destination:            u_accel/gen_nn_standard.u_accel/fc1/outputs_reg[17][14]/CLR
                            (removal check against rising-edge clock sys_clk_pin  {rise@0.000ns fall@5.000ns period=10.000ns})
  Path Group:             (none)
  Path Type:              Removal (Min at Fast Process Corner)
  Data Path Delay:        1.583ns  (logic 0.320ns (20.189%)  route 1.263ns (79.811%))
  Logic Levels:           2  (IBUF=1 LUT1=1)
  Clock Path Skew:        2.001ns (DCD - SCD - CPR)
    Destination Clock Delay (DCD):    2.001ns
    Source Clock Delay      (SCD):    0.000ns
    Clock Pessimism Removal (CPR):    -0.000ns

    Location             Delay type                Incr(ns)  Path(ns)    Netlist Resource(s)
  -------------------------------------------------------------------    -------------------
    C12                                               0.000     0.000 r  CPU_RESETN (IN)
                         net (fo=0)                   0.000     0.000    CPU_RESETN
    C12                  IBUF (Prop_ibuf_I_O)         0.275     0.275 r  CPU_RESETN_IBUF_inst/O
                         net (fo=25, routed)          0.696     0.971    u_accel/gen_nn_standard.u_accel/fc2/CPU_RESETN_IBUF
    SLICE_X6Y126         LUT1 (Prop_lut1_I0_O)        0.045     1.016 f  u_accel/gen_nn_standard.u_accel/fc2/membrane_potential[23]_i_3__55/O
                         net (fo=5892, routed)        0.567     1.583    u_accel/gen_nn_standard.u_accel/fc1/done_reg_1
    SLICE_X11Y112        FDCE                                         f  u_accel/gen_nn_standard.u_accel/fc1/outputs_reg[17][14]/CLR
  -------------------------------------------------------------------    -------------------

                         (clock sys_clk_pin rise edge)
                                                      0.000     0.000 r  
    E3                                                0.000     0.000 r  CLK100MHZ (IN)
                         net (fo=0)                   0.000     0.000    CLK100MHZ
    E3                   IBUF (Prop_ibuf_I_O)         0.438     0.438 r  CLK100MHZ_IBUF_inst/O
                         net (fo=1, routed)           0.699     1.136    CLK100MHZ_IBUF
    BUFGCTRL_X0Y16       BUFG (Prop_bufg_I_O)         0.029     1.165 r  CLK100MHZ_IBUF_BUFG_inst/O
                         net (fo=21540, routed)       0.836     2.001    u_accel/gen_nn_standard.u_accel/fc1/CLK100MHZ_IBUF_BUFG
    SLICE_X11Y112        FDCE                                         r  u_accel/gen_nn_standard.u_accel/fc1/outputs_reg[17][14]/C

Slack:                    inf
  Source:                 UART_TXD_IN
                            (input port)
  Destination:            u_accel/u_uart_rx/data_shift_reg[7]/D
                            (rising edge-triggered cell FDCE clocked by sys_clk_pin  {rise@0.000ns fall@5.000ns period=10.000ns})
  Path Group:             (none)
  Path Type:              Hold (Min at Fast Process Corner)
  Data Path Delay:        1.625ns  (logic 0.302ns (18.614%)  route 1.322ns (81.386%))
  Logic Levels:           2  (IBUF=1 LUT5=1)
  Clock Path Skew:        1.985ns (DCD - SCD - CPR)
    Destination Clock Delay (DCD):    1.985ns
    Source Clock Delay      (SCD):    0.000ns
    Clock Pessimism Removal (CPR):    -0.000ns

    Location             Delay type                Incr(ns)  Path(ns)    Netlist Resource(s)
  -------------------------------------------------------------------    -------------------
    C4                                                0.000     0.000 r  UART_TXD_IN (IN)
                         net (fo=0)                   0.000     0.000    UART_TXD_IN
    C4                   IBUF (Prop_ibuf_I_O)         0.257     0.257 r  UART_TXD_IN_IBUF_inst/O
                         net (fo=11, routed)          1.322     1.580    u_accel/u_uart_rx/UART_TXD_IN_IBUF
    SLICE_X42Y128        LUT5 (Prop_lut5_I0_O)        0.045     1.625 r  u_accel/u_uart_rx/data_shift[7]_i_1/O
                         net (fo=1, routed)           0.000     1.625    u_accel/u_uart_rx/data_shift[7]_i_1_n_0
    SLICE_X42Y128        FDCE                                         r  u_accel/u_uart_rx/data_shift_reg[7]/D
  -------------------------------------------------------------------    -------------------

                         (clock sys_clk_pin rise edge)
                                                      0.000     0.000 r  
    E3                                                0.000     0.000 r  CLK100MHZ (IN)
                         net (fo=0)                   0.000     0.000    CLK100MHZ
    E3                   IBUF (Prop_ibuf_I_O)         0.438     0.438 r  CLK100MHZ_IBUF_inst/O
                         net (fo=1, routed)           0.699     1.136    CLK100MHZ_IBUF
    BUFGCTRL_X0Y16       BUFG (Prop_bufg_I_O)         0.029     1.165 r  CLK100MHZ_IBUF_BUFG_inst/O
                         net (fo=21540, routed)       0.820     1.985    u_accel/u_uart_rx/CLK100MHZ_IBUF_BUFG
    SLICE_X42Y128        FDCE                                         r  u_accel/u_uart_rx/data_shift_reg[7]/C

Slack:                    inf
  Source:                 CPU_RESETN
                            (input port)
  Destination:            u_accel/u_ctrl/tx_frame_reg[15][3]/CE
                            (rising edge-triggered cell FDRE clocked by sys_clk_pin  {rise@0.000ns fall@5.000ns period=10.000ns})
  Path Group:             (none)
  Path Type:              Hold (Min at Fast Process Corner)
  Data Path Delay:        1.626ns  (logic 0.318ns (19.526%)  route 1.309ns (80.474%))
  Logic Levels:           2  (IBUF=1 LUT4=1)
  Clock Path Skew:        1.989ns (DCD - SCD - CPR)
    Destination Clock Delay (DCD):    1.989ns
    Source Clock Delay      (SCD):    0.000ns
    Clock Pessimism Removal (CPR):    -0.000ns

    Location             Delay type                Incr(ns)  Path(ns)    Netlist Resource(s)
  -------------------------------------------------------------------    -------------------
    C12                                               0.000     0.000 r  CPU_RESETN (IN)
                         net (fo=0)                   0.000     0.000    CPU_RESETN
    C12                  IBUF (Prop_ibuf_I_O)         0.275     0.275 r  CPU_RESETN_IBUF_inst/O
                         net (fo=25, routed)          1.234     1.509    u_accel/u_ctrl/CPU_RESETN_IBUF
    SLICE_X30Y121        LUT4 (Prop_lut4_I0_O)        0.043     1.552 r  u_accel/u_ctrl/tx_frame[15][7]_i_2/O
                         net (fo=8, routed)           0.075     1.626    u_accel/u_ctrl/tx_frame[15][7]_i_2_n_0
    SLICE_X30Y121        FDRE                                         r  u_accel/u_ctrl/tx_frame_reg[15][3]/CE
  -------------------------------------------------------------------    -------------------

                         (clock sys_clk_pin rise edge)
                                                      0.000     0.000 r  
    E3                                                0.000     0.000 r  CLK100MHZ (IN)
                         net (fo=0)                   0.000     0.000    CLK100MHZ
    E3                   IBUF (Prop_ibuf_I_O)         0.438     0.438 r  CLK100MHZ_IBUF_inst/O
                         net (fo=1, routed)           0.699     1.136    CLK100MHZ_IBUF
    BUFGCTRL_X0Y16       BUFG (Prop_bufg_I_O)         0.029     1.165 r  CLK100MHZ_IBUF_BUFG_inst/O
                         net (fo=21540, routed)       0.824     1.989    u_accel/u_ctrl/CLK100MHZ_IBUF_BUFG
    SLICE_X30Y121        FDRE                                         r  u_accel/u_ctrl/tx_frame_reg[15][3]/C

Slack:                    inf
  Source:                 CPU_RESETN
                            (input port)
  Destination:            u_accel/u_ctrl/tx_frame_reg[15][4]/CE
                            (rising edge-triggered cell FDRE clocked by sys_clk_pin  {rise@0.000ns fall@5.000ns period=10.000ns})
  Path Group:             (none)
  Path Type:              Hold (Min at Fast Process Corner)
  Data Path Delay:        1.626ns  (logic 0.318ns (19.526%)  route 1.309ns (80.474%))
  Logic Levels:           2  (IBUF=1 LUT4=1)
  Clock Path Skew:        1.989ns (DCD - SCD - CPR)
    Destination Clock Delay (DCD):    1.989ns
    Source Clock Delay      (SCD):    0.000ns
    Clock Pessimism Removal (CPR):    -0.000ns

    Location             Delay type                Incr(ns)  Path(ns)    Netlist Resource(s)
  -------------------------------------------------------------------    -------------------
    C12                                               0.000     0.000 r  CPU_RESETN (IN)
                         net (fo=0)                   0.000     0.000    CPU_RESETN
    C12                  IBUF (Prop_ibuf_I_O)         0.275     0.275 r  CPU_RESETN_IBUF_inst/O
                         net (fo=25, routed)          1.234     1.509    u_accel/u_ctrl/CPU_RESETN_IBUF
    SLICE_X30Y121        LUT4 (Prop_lut4_I0_O)        0.043     1.552 r  u_accel/u_ctrl/tx_frame[15][7]_i_2/O
                         net (fo=8, routed)           0.075     1.626    u_accel/u_ctrl/tx_frame[15][7]_i_2_n_0
    SLICE_X30Y121        FDRE                                         r  u_accel/u_ctrl/tx_frame_reg[15][4]/CE
  -------------------------------------------------------------------    -------------------

                         (clock sys_clk_pin rise edge)
                                                      0.000     0.000 r  
    E3                                                0.000     0.000 r  CLK100MHZ (IN)
                         net (fo=0)                   0.000     0.000    CLK100MHZ
    E3                   IBUF (Prop_ibuf_I_O)         0.438     0.438 r  CLK100MHZ_IBUF_inst/O
                         net (fo=1, routed)           0.699     1.136    CLK100MHZ_IBUF
    BUFGCTRL_X0Y16       BUFG (Prop_bufg_I_O)         0.029     1.165 r  CLK100MHZ_IBUF_BUFG_inst/O
                         net (fo=21540, routed)       0.824     1.989    u_accel/u_ctrl/CLK100MHZ_IBUF_BUFG
    SLICE_X30Y121        FDRE                                         r  u_accel/u_ctrl/tx_frame_reg[15][4]/C

Slack:                    inf
  Source:                 CPU_RESETN
                            (input port)
  Destination:            u_accel/u_ctrl/tx_frame_reg[15][6]/CE
                            (rising edge-triggered cell FDRE clocked by sys_clk_pin  {rise@0.000ns fall@5.000ns period=10.000ns})
  Path Group:             (none)
  Path Type:              Hold (Min at Fast Process Corner)
  Data Path Delay:        1.626ns  (logic 0.318ns (19.526%)  route 1.309ns (80.474%))
  Logic Levels:           2  (IBUF=1 LUT4=1)
  Clock Path Skew:        1.989ns (DCD - SCD - CPR)
    Destination Clock Delay (DCD):    1.989ns
    Source Clock Delay      (SCD):    0.000ns
    Clock Pessimism Removal (CPR):    -0.000ns

    Location             Delay type                Incr(ns)  Path(ns)    Netlist Resource(s)
  -------------------------------------------------------------------    -------------------
    C12                                               0.000     0.000 r  CPU_RESETN (IN)
                         net (fo=0)                   0.000     0.000    CPU_RESETN
    C12                  IBUF (Prop_ibuf_I_O)         0.275     0.275 r  CPU_RESETN_IBUF_inst/O
                         net (fo=25, routed)          1.234     1.509    u_accel/u_ctrl/CPU_RESETN_IBUF
    SLICE_X30Y121        LUT4 (Prop_lut4_I0_O)        0.043     1.552 r  u_accel/u_ctrl/tx_frame[15][7]_i_2/O
                         net (fo=8, routed)           0.075     1.626    u_accel/u_ctrl/tx_frame[15][7]_i_2_n_0
    SLICE_X30Y121        FDRE                                         r  u_accel/u_ctrl/tx_frame_reg[15][6]/CE
  -------------------------------------------------------------------    -------------------

                         (clock sys_clk_pin rise edge)
                                                      0.000     0.000 r  
    E3                                                0.000     0.000 r  CLK100MHZ (IN)
                         net (fo=0)                   0.000     0.000    CLK100MHZ
    E3                   IBUF (Prop_ibuf_I_O)         0.438     0.438 r  CLK100MHZ_IBUF_inst/O
                         net (fo=1, routed)           0.699     1.136    CLK100MHZ_IBUF
    BUFGCTRL_X0Y16       BUFG (Prop_bufg_I_O)         0.029     1.165 r  CLK100MHZ_IBUF_BUFG_inst/O
                         net (fo=21540, routed)       0.824     1.989    u_accel/u_ctrl/CLK100MHZ_IBUF_BUFG
    SLICE_X30Y121        FDRE                                         r  u_accel/u_ctrl/tx_frame_reg[15][6]/C

Slack:                    inf
  Source:                 CPU_RESETN
                            (input port)
  Destination:            u_accel/u_ctrl/tx_frame_reg[15][7]/CE
                            (rising edge-triggered cell FDRE clocked by sys_clk_pin  {rise@0.000ns fall@5.000ns period=10.000ns})
  Path Group:             (none)
  Path Type:              Hold (Min at Fast Process Corner)
  Data Path Delay:        1.626ns  (logic 0.318ns (19.526%)  route 1.309ns (80.474%))
  Logic Levels:           2  (IBUF=1 LUT4=1)
  Clock Path Skew:        1.989ns (DCD - SCD - CPR)
    Destination Clock Delay (DCD):    1.989ns
    Source Clock Delay      (SCD):    0.000ns
    Clock Pessimism Removal (CPR):    -0.000ns

    Location             Delay type                Incr(ns)  Path(ns)    Netlist Resource(s)
  -------------------------------------------------------------------    -------------------
    C12                                               0.000     0.000 r  CPU_RESETN (IN)
                         net (fo=0)                   0.000     0.000    CPU_RESETN
    C12                  IBUF (Prop_ibuf_I_O)         0.275     0.275 r  CPU_RESETN_IBUF_inst/O
                         net (fo=25, routed)          1.234     1.509    u_accel/u_ctrl/CPU_RESETN_IBUF
    SLICE_X30Y121        LUT4 (Prop_lut4_I0_O)        0.043     1.552 r  u_accel/u_ctrl/tx_frame[15][7]_i_2/O
                         net (fo=8, routed)           0.075     1.626    u_accel/u_ctrl/tx_frame[15][7]_i_2_n_0
    SLICE_X30Y121        FDRE                                         r  u_accel/u_ctrl/tx_frame_reg[15][7]/CE
  -------------------------------------------------------------------    -------------------

                         (clock sys_clk_pin rise edge)
                                                      0.000     0.000 r  
    E3                                                0.000     0.000 r  CLK100MHZ (IN)
                         net (fo=0)                   0.000     0.000    CLK100MHZ
    E3                   IBUF (Prop_ibuf_I_O)         0.438     0.438 r  CLK100MHZ_IBUF_inst/O
                         net (fo=1, routed)           0.699     1.136    CLK100MHZ_IBUF
    BUFGCTRL_X0Y16       BUFG (Prop_bufg_I_O)         0.029     1.165 r  CLK100MHZ_IBUF_BUFG_inst/O
                         net (fo=21540, routed)       0.824     1.989    u_accel/u_ctrl/CLK100MHZ_IBUF_BUFG
    SLICE_X30Y121        FDRE                                         r  u_accel/u_ctrl/tx_frame_reg[15][7]/C

Slack:                    inf
  Source:                 UART_TXD_IN
                            (input port)
  Destination:            u_accel/u_uart_rx/data_shift_reg[3]/D
                            (rising edge-triggered cell FDCE clocked by sys_clk_pin  {rise@0.000ns fall@5.000ns period=10.000ns})
  Path Group:             (none)
  Path Type:              Hold (Min at Fast Process Corner)
  Data Path Delay:        1.645ns  (logic 0.302ns (18.383%)  route 1.343ns (81.617%))
  Logic Levels:           2  (IBUF=1 LUT6=1)
  Clock Path Skew:        1.985ns (DCD - SCD - CPR)
    Destination Clock Delay (DCD):    1.985ns
    Source Clock Delay      (SCD):    0.000ns
    Clock Pessimism Removal (CPR):    -0.000ns

    Location             Delay type                Incr(ns)  Path(ns)    Netlist Resource(s)
  -------------------------------------------------------------------    -------------------
    C4                                                0.000     0.000 r  UART_TXD_IN (IN)
                         net (fo=0)                   0.000     0.000    UART_TXD_IN
    C4                   IBUF (Prop_ibuf_I_O)         0.257     0.257 r  UART_TXD_IN_IBUF_inst/O
                         net (fo=11, routed)          1.343     1.600    u_accel/u_uart_rx/UART_TXD_IN_IBUF
    SLICE_X43Y128        LUT6 (Prop_lut6_I0_O)        0.045     1.645 r  u_accel/u_uart_rx/data_shift[3]_i_1/O
                         net (fo=1, routed)           0.000     1.645    u_accel/u_uart_rx/data_shift[3]_i_1_n_0
    SLICE_X43Y128        FDCE                                         r  u_accel/u_uart_rx/data_shift_reg[3]/D
  -------------------------------------------------------------------    -------------------

                         (clock sys_clk_pin rise edge)
                                                      0.000     0.000 r  
    E3                                                0.000     0.000 r  CLK100MHZ (IN)
                         net (fo=0)                   0.000     0.000    CLK100MHZ
    E3                   IBUF (Prop_ibuf_I_O)         0.438     0.438 r  CLK100MHZ_IBUF_inst/O
                         net (fo=1, routed)           0.699     1.136    CLK100MHZ_IBUF
    BUFGCTRL_X0Y16       BUFG (Prop_bufg_I_O)         0.029     1.165 r  CLK100MHZ_IBUF_BUFG_inst/O
                         net (fo=21540, routed)       0.820     1.985    u_accel/u_uart_rx/CLK100MHZ_IBUF_BUFG
    SLICE_X43Y128        FDCE                                         r  u_accel/u_uart_rx/data_shift_reg[3]/C

Slack:                    inf
  Source:                 CPU_RESETN
                            (input port)
  Destination:            u_accel/u_ctrl/tx_frame_reg[15][3]/R
                            (rising edge-triggered cell FDRE clocked by sys_clk_pin  {rise@0.000ns fall@5.000ns period=10.000ns})
  Path Group:             (none)
  Path Type:              Hold (Min at Fast Process Corner)
  Data Path Delay:        1.646ns  (logic 0.320ns (19.417%)  route 1.326ns (80.583%))
  Logic Levels:           2  (IBUF=1 LUT6=1)
  Clock Path Skew:        1.989ns (DCD - SCD - CPR)
    Destination Clock Delay (DCD):    1.989ns
    Source Clock Delay      (SCD):    0.000ns
    Clock Pessimism Removal (CPR):    -0.000ns

    Location             Delay type                Incr(ns)  Path(ns)    Netlist Resource(s)
  -------------------------------------------------------------------    -------------------
    C12                                               0.000     0.000 r  CPU_RESETN (IN)
                         net (fo=0)                   0.000     0.000    CPU_RESETN
    C12                  IBUF (Prop_ibuf_I_O)         0.275     0.275 r  CPU_RESETN_IBUF_inst/O
                         net (fo=25, routed)          1.117     1.391    u_accel/u_ctrl/CPU_RESETN_IBUF
    SLICE_X29Y121        LUT6 (Prop_lut6_I0_O)        0.045     1.436 r  u_accel/u_ctrl/tx_frame[15][7]_i_1/O
                         net (fo=8, routed)           0.209     1.646    u_accel/u_ctrl/tx_frame[15][7]_i_1_n_0
    SLICE_X30Y121        FDRE                                         r  u_accel/u_ctrl/tx_frame_reg[15][3]/R
  -------------------------------------------------------------------    -------------------

                         (clock sys_clk_pin rise edge)
                                                      0.000     0.000 r  
    E3                                                0.000     0.000 r  CLK100MHZ (IN)
                         net (fo=0)                   0.000     0.000    CLK100MHZ
    E3                   IBUF (Prop_ibuf_I_O)         0.438     0.438 r  CLK100MHZ_IBUF_inst/O
                         net (fo=1, routed)           0.699     1.136    CLK100MHZ_IBUF
    BUFGCTRL_X0Y16       BUFG (Prop_bufg_I_O)         0.029     1.165 r  CLK100MHZ_IBUF_BUFG_inst/O
                         net (fo=21540, routed)       0.824     1.989    u_accel/u_ctrl/CLK100MHZ_IBUF_BUFG
    SLICE_X30Y121        FDRE                                         r  u_accel/u_ctrl/tx_frame_reg[15][3]/C

Slack:                    inf
  Source:                 CPU_RESETN
                            (input port)
  Destination:            u_accel/u_ctrl/tx_frame_reg[15][4]/R
                            (rising edge-triggered cell FDRE clocked by sys_clk_pin  {rise@0.000ns fall@5.000ns period=10.000ns})
  Path Group:             (none)
  Path Type:              Hold (Min at Fast Process Corner)
  Data Path Delay:        1.646ns  (logic 0.320ns (19.417%)  route 1.326ns (80.583%))
  Logic Levels:           2  (IBUF=1 LUT6=1)
  Clock Path Skew:        1.989ns (DCD - SCD - CPR)
    Destination Clock Delay (DCD):    1.989ns
    Source Clock Delay      (SCD):    0.000ns
    Clock Pessimism Removal (CPR):    -0.000ns

    Location             Delay type                Incr(ns)  Path(ns)    Netlist Resource(s)
  -------------------------------------------------------------------    -------------------
    C12                                               0.000     0.000 r  CPU_RESETN (IN)
                         net (fo=0)                   0.000     0.000    CPU_RESETN
    C12                  IBUF (Prop_ibuf_I_O)         0.275     0.275 r  CPU_RESETN_IBUF_inst/O
                         net (fo=25, routed)          1.117     1.391    u_accel/u_ctrl/CPU_RESETN_IBUF
    SLICE_X29Y121        LUT6 (Prop_lut6_I0_O)        0.045     1.436 r  u_accel/u_ctrl/tx_frame[15][7]_i_1/O
                         net (fo=8, routed)           0.209     1.646    u_accel/u_ctrl/tx_frame[15][7]_i_1_n_0
    SLICE_X30Y121        FDRE                                         r  u_accel/u_ctrl/tx_frame_reg[15][4]/R
  -------------------------------------------------------------------    -------------------

                         (clock sys_clk_pin rise edge)
                                                      0.000     0.000 r  
    E3                                                0.000     0.000 r  CLK100MHZ (IN)
                         net (fo=0)                   0.000     0.000    CLK100MHZ
    E3                   IBUF (Prop_ibuf_I_O)         0.438     0.438 r  CLK100MHZ_IBUF_inst/O
                         net (fo=1, routed)           0.699     1.136    CLK100MHZ_IBUF
    BUFGCTRL_X0Y16       BUFG (Prop_bufg_I_O)         0.029     1.165 r  CLK100MHZ_IBUF_BUFG_inst/O
                         net (fo=21540, routed)       0.824     1.989    u_accel/u_ctrl/CLK100MHZ_IBUF_BUFG
    SLICE_X30Y121        FDRE                                         r  u_accel/u_ctrl/tx_frame_reg[15][4]/C





