Copyright 1986-2022 Xilinx, Inc. All Rights Reserved. Copyright 2022-2025 Advanced Micro Devices, Inc. All Rights Reserved.
---------------------------------------------------------------------------------------------------------------------------------------------------------------------------------------------------------------------------------------------------------------------
| Tool Version : Vivado v.2025.1 (lin64) Build 6140274 Wed May 21 22:58:25 MDT 2025
| Date         : Thu May 28 08:09:03 2026
| Host         : niklas.ece.pdx.edu running 64-bit Pop!_OS 22.04 LTS
| Command      : report_timing_summary -max_paths 10 -routable_nets -report_unconstrained -file board_top_lif_32_32_timing_summary_routed.rpt -pb board_top_lif_32_32_timing_summary_routed.pb -rpx board_top_lif_32_32_timing_summary_routed.rpx -warn_on_violation
| Design       : board_top_lif_32_32
| Device       : 7a100t-csg324
| Speed File   : -1  PRODUCTION 1.23 2018-06-13
| Design State : Routed
---------------------------------------------------------------------------------------------------------------------------------------------------------------------------------------------------------------------------------------------------------------------

Timing Summary Report

------------------------------------------------------------------------------------------------
| Timer Settings
| --------------
------------------------------------------------------------------------------------------------

  Enable Multi Corner Analysis               :  Yes
  Enable Pessimism Removal                   :  Yes
  Pessimism Removal Resolution               :  Nearest Common Node
  Enable Input Delay Default Clock           :  No
  Enable Preset / Clear Arcs                 :  No
  Disable Flight Delays                      :  No
  Ignore I/O Paths                           :  No
  Timing Early Launch at Borrowing Latches   :  No
  Borrow Time for Max Delay Exceptions       :  Yes
  Merge Timing Exceptions                    :  Yes
  Inter-SLR Compensation                     :  Conservative

  Corner  Analyze    Analyze    
  Name    Max Paths  Min Paths  
  ------  ---------  ---------  
  Slow    Yes        Yes        
  Fast    Yes        Yes        


------------------------------------------------------------------------------------------------
| Report Methodology
| ------------------
------------------------------------------------------------------------------------------------

Rule       Severity  Description                    Violations  
---------  --------  -----------------------------  ----------  
DPIR-1     Warning   Asynchronous driver check      3843        
TIMING-18  Warning   Missing input or output delay  19          

Note: This report is based on the most recent report_methodology run and may not be up-to-date. Run report_methodology on the current design for the latest report.



check_timing report

Table of Contents
-----------------
1. checking no_clock (0)
2. checking constant_clock (0)
3. checking pulse_width_clock (0)
4. checking unconstrained_internal_endpoints (0)
5. checking no_input_delay (2)
6. checking no_output_delay (4)
7. checking multiple_clock (0)
8. checking generated_clocks (0)
9. checking loops (0)
10. checking partial_input_delay (0)
11. checking partial_output_delay (0)
12. checking latch_loops (0)

1. checking no_clock (0)
------------------------
 There are 0 register/latch pins with no clock.


2. checking constant_clock (0)
------------------------------
 There are 0 register/latch pins with constant_clock.


3. checking pulse_width_clock (0)
---------------------------------
 There are 0 register/latch pins which need pulse_width check


4. checking unconstrained_internal_endpoints (0)
------------------------------------------------
 There are 0 pins that are not constrained for maximum delay.

 There are 0 pins that are not constrained for maximum delay due to constant clock.


5. checking no_input_delay (2)
------------------------------
 There are 2 input ports with no input delay specified. (HIGH)

 There are 0 input ports with no input delay but user has a false path constraint.


6. checking no_output_delay (4)
-------------------------------
 There are 4 ports with no output delay specified. (HIGH)

 There are 0 ports with no output delay but user has a false path constraint

 There are 0 ports with no output delay but with a timing clock defined on it or propagating through it


7. checking multiple_clock (0)
------------------------------
 There are 0 register/latch pins with multiple clocks.


8. checking generated_clocks (0)
--------------------------------
 There are 0 generated clocks that are not connected to a clock source.


9. checking loops (0)
---------------------
 There are 0 combinational loops in the design.


10. checking partial_input_delay (0)
------------------------------------
 There are 0 input ports with partial input delay specified.


11. checking partial_output_delay (0)
-------------------------------------
 There are 0 ports with partial output delay specified.


12. checking latch_loops (0)
----------------------------
 There are 0 combinational latch loops in the design through latch input



------------------------------------------------------------------------------------------------
| Design Timing Summary
| ---------------------
------------------------------------------------------------------------------------------------

    WNS(ns)      TNS(ns)  TNS Failing Endpoints  TNS Total Endpoints      WHS(ns)      THS(ns)  THS Failing Endpoints  THS Total Endpoints     WPWS(ns)     TPWS(ns)  TPWS Failing Endpoints  TPWS Total Endpoints  
    -------      -------  ---------------------  -------------------      -------      -------  ---------------------  -------------------     --------     --------  ----------------------  --------------------  
      0.005        0.000                      0                42416        0.027        0.000                      0                42416        4.500        0.000                       0                 21505  


All user specified timing constraints are met.


------------------------------------------------------------------------------------------------
| Clock Summary
| -------------
------------------------------------------------------------------------------------------------

Clock        Waveform(ns)       Period(ns)      Frequency(MHz)
-----        ------------       ----------      --------------
sys_clk_pin  {0.000 5.000}      10.000          100.000         


------------------------------------------------------------------------------------------------
| Intra Clock Table
| -----------------
------------------------------------------------------------------------------------------------

Clock             WNS(ns)      TNS(ns)  TNS Failing Endpoints  TNS Total Endpoints      WHS(ns)      THS(ns)  THS Failing Endpoints  THS Total Endpoints     WPWS(ns)     TPWS(ns)  TPWS Failing Endpoints  TPWS Total Endpoints  
-----             -------      -------  ---------------------  -------------------      -------      -------  ---------------------  -------------------     --------     --------  ----------------------  --------------------  
sys_clk_pin         0.005        0.000                      0                42416        0.027        0.000                      0                42416        4.500        0.000                       0                 21505  


------------------------------------------------------------------------------------------------
| Inter Clock Table
| -----------------
------------------------------------------------------------------------------------------------

From Clock    To Clock          WNS(ns)      TNS(ns)  TNS Failing Endpoints  TNS Total Endpoints      WHS(ns)      THS(ns)  THS Failing Endpoints  THS Total Endpoints  
----------    --------          -------      -------  ---------------------  -------------------      -------      -------  ---------------------  -------------------  


------------------------------------------------------------------------------------------------
| Other Path Groups Table
| -----------------------
------------------------------------------------------------------------------------------------

Path Group    From Clock    To Clock          WNS(ns)      TNS(ns)  TNS Failing Endpoints  TNS Total Endpoints      WHS(ns)      THS(ns)  THS Failing Endpoints  THS Total Endpoints  
----------    ----------    --------          -------      -------  ---------------------  -------------------      -------      -------  ---------------------  -------------------  


------------------------------------------------------------------------------------------------
| User Ignored Path Table
| -----------------------
------------------------------------------------------------------------------------------------

Path Group    From Clock    To Clock    
----------    ----------    --------    


------------------------------------------------------------------------------------------------
| Unconstrained Path Table
| ------------------------
------------------------------------------------------------------------------------------------

Path Group    From Clock    To Clock    
----------    ----------    --------    
(none)        sys_clk_pin                 
(none)                      sys_clk_pin   


------------------------------------------------------------------------------------------------
| Timing Details
| --------------
------------------------------------------------------------------------------------------------


---------------------------------------------------------------------------------------------------
From Clock:  sys_clk_pin
  To Clock:  sys_clk_pin

Setup :            0  Failing Endpoints,  Worst Slack        0.005ns,  Total Violation        0.000ns
Hold  :            0  Failing Endpoints,  Worst Slack        0.027ns,  Total Violation        0.000ns
PW    :            0  Failing Endpoints,  Worst Slack        4.500ns,  Total Violation        0.000ns
---------------------------------------------------------------------------------------------------


Max Delay Paths
--------------------------------------------------------------------------------------
Slack (MET) :             0.005ns  (required time - arrival time)
  Source:                 u_accel/gen_nn_standard.u_accel/gen_hl2[14].hl2_lif/membrane_potential_reg[23]/C
                            (rising edge-triggered cell FDCE clocked by sys_clk_pin  {rise@0.000ns fall@5.000ns period=10.000ns})
  Destination:            u_accel/gen_nn_standard.u_accel/gen_hl2[14].hl2_lif/spike_prev_reg/D
                            (rising edge-triggered cell FDCE clocked by sys_clk_pin  {rise@0.000ns fall@5.000ns period=10.000ns})
  Path Group:             sys_clk_pin
  Path Type:              Setup (Max at Slow Process Corner)
  Requirement:            10.000ns  (sys_clk_pin rise@10.000ns - sys_clk_pin rise@0.000ns)
  Data Path Delay:        9.749ns  (logic 6.705ns (68.777%)  route 3.044ns (31.223%))
  Logic Levels:           11  (CARRY4=7 DSP48E1=1 LUT2=3)
  Clock Path Skew:        -0.290ns (DCD - SCD + CPR)
    Destination Clock Delay (DCD):    4.929ns = ( 14.929 - 10.000 ) 
    Source Clock Delay      (SCD):    5.406ns
    Clock Pessimism Removal (CPR):    0.187ns
  Clock Uncertainty:      0.035ns  ((TSJ^2 + TIJ^2)^1/2 + DJ) / 2 + PE
    Total System Jitter     (TSJ):    0.071ns
    Total Input Jitter      (TIJ):    0.000ns
    Discrete Jitter          (DJ):    0.000ns
    Phase Error              (PE):    0.000ns

    Location             Delay type                Incr(ns)  Path(ns)    Netlist Resource(s)
  -------------------------------------------------------------------    -------------------
                         (clock sys_clk_pin rise edge)
                                                      0.000     0.000 r  
    E3                                                0.000     0.000 r  CLK100MHZ (IN)
                         net (fo=0)                   0.000     0.000    CLK100MHZ
    E3                   IBUF (Prop_ibuf_I_O)         1.482     1.482 r  CLK100MHZ_IBUF_inst/O
                         net (fo=1, routed)           2.025     3.506    CLK100MHZ_IBUF
    BUFGCTRL_X0Y16       BUFG (Prop_bufg_I_O)         0.096     3.602 r  CLK100MHZ_IBUF_BUFG_inst/O
                         net (fo=21506, routed)       1.803     5.406    u_accel/gen_nn_standard.u_accel/gen_hl2[14].hl2_lif/CLK100MHZ_IBUF_BUFG
    SLICE_X59Y46         FDCE                                         r  u_accel/gen_nn_standard.u_accel/gen_hl2[14].hl2_lif/membrane_potential_reg[23]/C
  -------------------------------------------------------------------    -------------------
    SLICE_X59Y46         FDCE (Prop_fdce_C_Q)         0.419     5.825 r  u_accel/gen_nn_standard.u_accel/gen_hl2[14].hl2_lif/membrane_potential_reg[23]/Q
                         net (fo=27, routed)          0.744     6.569    u_accel/gen_nn_standard.u_accel/gen_hl2[14].hl2_lif/Q[23]
    DSP48_X1Y18          DSP48E1 (Prop_dsp48e1_A[23]_P[8])
                                                      4.014    10.583 r  u_accel/gen_nn_standard.u_accel/gen_hl2[14].hl2_lif/membrane_potential3/P[8]
                         net (fo=2, routed)           0.794    11.377    u_accel/gen_nn_standard.u_accel/gen_hl2[14].hl2_lif/membrane_potential2[1]
    SLICE_X58Y46         LUT2 (Prop_lut2_I0_O)        0.124    11.501 r  u_accel/gen_nn_standard.u_accel/gen_hl2[14].hl2_lif/membrane_potential0_carry_i_3__3/O
                         net (fo=1, routed)           0.000    11.501    u_accel/gen_nn_standard.u_accel/gen_hl2[14].hl2_lif/membrane_potential0_carry_i_3__3_n_0
    SLICE_X58Y46         CARRY4 (Prop_carry4_S[1]_CO[3])
                                                      0.533    12.034 r  u_accel/gen_nn_standard.u_accel/gen_hl2[14].hl2_lif/membrane_potential0_carry/CO[3]
                         net (fo=1, routed)           0.000    12.034    u_accel/gen_nn_standard.u_accel/gen_hl2[14].hl2_lif/membrane_potential0_carry_n_0
    SLICE_X58Y47         CARRY4 (Prop_carry4_CI_CO[3])
                                                      0.117    12.151 r  u_accel/gen_nn_standard.u_accel/gen_hl2[14].hl2_lif/membrane_potential0_carry__0/CO[3]
                         net (fo=1, routed)           0.000    12.151    u_accel/gen_nn_standard.u_accel/gen_hl2[14].hl2_lif/membrane_potential0_carry__0_n_0
    SLICE_X58Y48         CARRY4 (Prop_carry4_CI_CO[3])
                                                      0.117    12.268 r  u_accel/gen_nn_standard.u_accel/gen_hl2[14].hl2_lif/membrane_potential0_carry__1/CO[3]
                         net (fo=1, routed)           0.000    12.268    u_accel/gen_nn_standard.u_accel/gen_hl2[14].hl2_lif/membrane_potential0_carry__1_n_0
    SLICE_X58Y49         CARRY4 (Prop_carry4_CI_CO[3])
                                                      0.117    12.385 r  u_accel/gen_nn_standard.u_accel/gen_hl2[14].hl2_lif/membrane_potential0_carry__2/CO[3]
                         net (fo=1, routed)           0.001    12.386    u_accel/gen_nn_standard.u_accel/gen_hl2[14].hl2_lif/membrane_potential0_carry__2_n_0
    SLICE_X58Y50         CARRY4 (Prop_carry4_CI_CO[3])
                                                      0.117    12.503 r  u_accel/gen_nn_standard.u_accel/gen_hl2[14].hl2_lif/membrane_potential0_carry__3/CO[3]
                         net (fo=1, routed)           0.000    12.503    u_accel/gen_nn_standard.u_accel/gen_hl2[14].hl2_lif/membrane_potential0_carry__3_n_0
    SLICE_X58Y51         CARRY4 (Prop_carry4_CI_O[3])
                                                      0.315    12.818 f  u_accel/gen_nn_standard.u_accel/gen_hl2[14].hl2_lif/membrane_potential0_carry__4/O[3]
                         net (fo=3, routed)           0.774    13.592    u_accel/gen_nn_standard.u_accel/gen_hl2[14].hl2_lif/membrane_potential0[23]
    SLICE_X57Y50         LUT2 (Prop_lut2_I1_O)        0.307    13.899 r  u_accel/gen_nn_standard.u_accel/gen_hl2[14].hl2_lif/spike_prev0_carry__1_i_5__3/O
                         net (fo=1, routed)           0.000    13.899    u_accel/gen_nn_standard.u_accel/gen_hl2[14].hl2_lif/spike_prev0_carry__1_i_5__3_n_0
    SLICE_X57Y50         CARRY4 (Prop_carry4_S[3]_CO[3])
                                                      0.401    14.300 r  u_accel/gen_nn_standard.u_accel/gen_hl2[14].hl2_lif/spike_prev0_carry__1/CO[3]
                         net (fo=1, routed)           0.731    15.031    u_accel/gen_nn_standard.u_accel/gen_hl2[14].hl2_lif/next_spike
    SLICE_X56Y50         LUT2 (Prop_lut2_I0_O)        0.124    15.155 r  u_accel/gen_nn_standard.u_accel/gen_hl2[14].hl2_lif/spike_prev_i_1__3/O
                         net (fo=1, routed)           0.000    15.155    u_accel/gen_nn_standard.u_accel/gen_hl2[14].hl2_lif/spike_prev_i_1__3_n_0
    SLICE_X56Y50         FDCE                                         r  u_accel/gen_nn_standard.u_accel/gen_hl2[14].hl2_lif/spike_prev_reg/D
  -------------------------------------------------------------------    -------------------

                         (clock sys_clk_pin rise edge)
                                                     10.000    10.000 r  
    E3                                                0.000    10.000 r  CLK100MHZ (IN)
                         net (fo=0)                   0.000    10.000    CLK100MHZ
    E3                   IBUF (Prop_ibuf_I_O)         1.411    11.411 r  CLK100MHZ_IBUF_inst/O
                         net (fo=1, routed)           1.920    13.331    CLK100MHZ_IBUF
    BUFGCTRL_X0Y16       BUFG (Prop_bufg_I_O)         0.091    13.422 r  CLK100MHZ_IBUF_BUFG_inst/O
                         net (fo=21506, routed)       1.506    14.929    u_accel/gen_nn_standard.u_accel/gen_hl2[14].hl2_lif/CLK100MHZ_IBUF_BUFG
    SLICE_X56Y50         FDCE                                         r  u_accel/gen_nn_standard.u_accel/gen_hl2[14].hl2_lif/spike_prev_reg/C
                         clock pessimism              0.187    15.116    
                         clock uncertainty           -0.035    15.080    
    SLICE_X56Y50         FDCE (Setup_fdce_C_D)        0.079    15.159    u_accel/gen_nn_standard.u_accel/gen_hl2[14].hl2_lif/spike_prev_reg
  -------------------------------------------------------------------
                         required time                         15.159    
                         arrival time                         -15.155    
  -------------------------------------------------------------------
                         slack                                  0.005    

Slack (MET) :             0.095ns  (required time - arrival time)
  Source:                 u_accel/gen_nn_standard.u_accel/gen_hl2[30].hl2_lif/membrane_potential_reg[14]/C
                            (rising edge-triggered cell FDCE clocked by sys_clk_pin  {rise@0.000ns fall@5.000ns period=10.000ns})
  Destination:            u_accel/gen_nn_standard.u_accel/gen_hl2[30].hl2_lif/spike_prev_reg/D
                            (rising edge-triggered cell FDCE clocked by sys_clk_pin  {rise@0.000ns fall@5.000ns period=10.000ns})
  Path Group:             sys_clk_pin
  Path Type:              Setup (Max at Slow Process Corner)
  Requirement:            10.000ns  (sys_clk_pin rise@10.000ns - sys_clk_pin rise@0.000ns)
  Data Path Delay:        9.610ns  (logic 6.558ns (68.241%)  route 3.052ns (31.759%))
  Logic Levels:           10  (CARRY4=6 DSP48E1=1 LUT2=3)
  Clock Path Skew:        -0.289ns (DCD - SCD + CPR)
    Destination Clock Delay (DCD):    4.948ns = ( 14.948 - 10.000 ) 
    Source Clock Delay      (SCD):    5.424ns
    Clock Pessimism Removal (CPR):    0.187ns
  Clock Uncertainty:      0.035ns  ((TSJ^2 + TIJ^2)^1/2 + DJ) / 2 + PE
    Total System Jitter     (TSJ):    0.071ns
    Total Input Jitter      (TIJ):    0.000ns
    Discrete Jitter          (DJ):    0.000ns
    Phase Error              (PE):    0.000ns

    Location             Delay type                Incr(ns)  Path(ns)    Netlist Resource(s)
  -------------------------------------------------------------------    -------------------
                         (clock sys_clk_pin rise edge)
                                                      0.000     0.000 r  
    E3                                                0.000     0.000 r  CLK100MHZ (IN)
                         net (fo=0)                   0.000     0.000    CLK100MHZ
    E3                   IBUF (Prop_ibuf_I_O)         1.482     1.482 r  CLK100MHZ_IBUF_inst/O
                         net (fo=1, routed)           2.025     3.506    CLK100MHZ_IBUF
    BUFGCTRL_X0Y16       BUFG (Prop_bufg_I_O)         0.096     3.602 r  CLK100MHZ_IBUF_BUFG_inst/O
                         net (fo=21506, routed)       1.821     5.424    u_accel/gen_nn_standard.u_accel/gen_hl2[30].hl2_lif/CLK100MHZ_IBUF_BUFG
    SLICE_X11Y49         FDCE                                         r  u_accel/gen_nn_standard.u_accel/gen_hl2[30].hl2_lif/membrane_potential_reg[14]/C
  -------------------------------------------------------------------    -------------------
    SLICE_X11Y49         FDCE (Prop_fdce_C_Q)         0.456     5.880 r  u_accel/gen_nn_standard.u_accel/gen_hl2[30].hl2_lif/membrane_potential_reg[14]/Q
                         net (fo=21, routed)          0.596     6.475    u_accel/gen_nn_standard.u_accel/gen_hl2[30].hl2_lif/membrane_out[14]
    DSP48_X0Y19          DSP48E1 (Prop_dsp48e1_A[14]_P[8])
                                                      3.841    10.316 r  u_accel/gen_nn_standard.u_accel/gen_hl2[30].hl2_lif/membrane_potential3/P[8]
                         net (fo=2, routed)           0.791    11.107    u_accel/gen_nn_standard.u_accel/gen_hl2[30].hl2_lif/membrane_potential2[1]
    SLICE_X12Y46         LUT2 (Prop_lut2_I0_O)        0.124    11.231 r  u_accel/gen_nn_standard.u_accel/gen_hl2[30].hl2_lif/membrane_potential[3]_i_5__13/O
                         net (fo=1, routed)           0.000    11.231    u_accel/gen_nn_standard.u_accel/gen_hl2[30].hl2_lif/membrane_potential[3]_i_5__13_n_0
    SLICE_X12Y46         CARRY4 (Prop_carry4_S[1]_CO[3])
                                                      0.533    11.764 r  u_accel/gen_nn_standard.u_accel/gen_hl2[30].hl2_lif/membrane_potential_reg[3]_i_2__13/CO[3]
                         net (fo=1, routed)           0.000    11.764    u_accel/gen_nn_standard.u_accel/gen_hl2[30].hl2_lif/membrane_potential_reg[3]_i_2__13_n_0
    SLICE_X12Y47         CARRY4 (Prop_carry4_CI_CO[3])
                                                      0.117    11.881 r  u_accel/gen_nn_standard.u_accel/gen_hl2[30].hl2_lif/membrane_potential_reg[7]_i_2__13/CO[3]
                         net (fo=1, routed)           0.000    11.881    u_accel/gen_nn_standard.u_accel/gen_hl2[30].hl2_lif/membrane_potential_reg[7]_i_2__13_n_0
    SLICE_X12Y48         CARRY4 (Prop_carry4_CI_CO[3])
                                                      0.117    11.998 r  u_accel/gen_nn_standard.u_accel/gen_hl2[30].hl2_lif/membrane_potential_reg[11]_i_2__13/CO[3]
                         net (fo=1, routed)           0.000    11.998    u_accel/gen_nn_standard.u_accel/gen_hl2[30].hl2_lif/membrane_potential_reg[11]_i_2__13_n_0
    SLICE_X12Y49         CARRY4 (Prop_carry4_CI_CO[3])
                                                      0.117    12.115 r  u_accel/gen_nn_standard.u_accel/gen_hl2[30].hl2_lif/membrane_potential_reg[15]_i_2__13/CO[3]
                         net (fo=1, routed)           0.001    12.116    u_accel/gen_nn_standard.u_accel/gen_hl2[30].hl2_lif/membrane_potential_reg[15]_i_2__13_n_0
    SLICE_X12Y50         CARRY4 (Prop_carry4_CI_O[3])
                                                      0.315    12.431 r  u_accel/gen_nn_standard.u_accel/gen_hl2[30].hl2_lif/membrane_potential_reg[19]_i_2__13/O[3]
                         net (fo=3, routed)           0.467    12.898    u_accel/gen_nn_standard.u_accel/gen_hl2[30].hl2_lif/membrane_potential0[19]
    SLICE_X13Y51         LUT2 (Prop_lut2_I1_O)        0.307    13.205 r  u_accel/gen_nn_standard.u_accel/gen_hl2[30].hl2_lif/spike_prev_i_6__13/O
                         net (fo=1, routed)           0.335    13.541    u_accel/gen_nn_standard.u_accel/gen_hl2[30].hl2_lif/spike_prev_i_6__13_n_0
    SLICE_X13Y49         CARRY4 (Prop_carry4_DI[1]_CO[3])
                                                      0.507    14.048 r  u_accel/gen_nn_standard.u_accel/gen_hl2[30].hl2_lif/spike_prev_reg_i_2__13/CO[3]
                         net (fo=1, routed)           0.862    14.910    u_accel/gen_nn_standard.u_accel/gen_hl2[30].hl2_lif/next_spike
    SLICE_X13Y51         LUT2 (Prop_lut2_I0_O)        0.124    15.034 r  u_accel/gen_nn_standard.u_accel/gen_hl2[30].hl2_lif/spike_prev_i_1__14/O
                         net (fo=1, routed)           0.000    15.034    u_accel/gen_nn_standard.u_accel/gen_hl2[30].hl2_lif/spike_prev_i_1__14_n_0
    SLICE_X13Y51         FDCE                                         r  u_accel/gen_nn_standard.u_accel/gen_hl2[30].hl2_lif/spike_prev_reg/D
  -------------------------------------------------------------------    -------------------

                         (clock sys_clk_pin rise edge)
                                                     10.000    10.000 r  
    E3                                                0.000    10.000 r  CLK100MHZ (IN)
                         net (fo=0)                   0.000    10.000    CLK100MHZ
    E3                   IBUF (Prop_ibuf_I_O)         1.411    11.411 r  CLK100MHZ_IBUF_inst/O
                         net (fo=1, routed)           1.920    13.331    CLK100MHZ_IBUF
    BUFGCTRL_X0Y16       BUFG (Prop_bufg_I_O)         0.091    13.422 r  CLK100MHZ_IBUF_BUFG_inst/O
                         net (fo=21506, routed)       1.525    14.948    u_accel/gen_nn_standard.u_accel/gen_hl2[30].hl2_lif/CLK100MHZ_IBUF_BUFG
    SLICE_X13Y51         FDCE                                         r  u_accel/gen_nn_standard.u_accel/gen_hl2[30].hl2_lif/spike_prev_reg/C
                         clock pessimism              0.187    15.135    
                         clock uncertainty           -0.035    15.099    
    SLICE_X13Y51         FDCE (Setup_fdce_C_D)        0.029    15.128    u_accel/gen_nn_standard.u_accel/gen_hl2[30].hl2_lif/spike_prev_reg
  -------------------------------------------------------------------
                         required time                         15.128    
                         arrival time                         -15.034    
  -------------------------------------------------------------------
                         slack                                  0.095    

Slack (MET) :             0.111ns  (required time - arrival time)
  Source:                 u_accel/gen_nn_standard.u_accel/gen_hl1_lif[22].hl1_lif/membrane_potential_reg[15]/C
                            (rising edge-triggered cell FDCE clocked by sys_clk_pin  {rise@0.000ns fall@5.000ns period=10.000ns})
  Destination:            u_accel/gen_nn_standard.u_accel/gen_hl1_lif[22].hl1_lif/spike_prev_reg/D
                            (rising edge-triggered cell FDCE clocked by sys_clk_pin  {rise@0.000ns fall@5.000ns period=10.000ns})
  Path Group:             sys_clk_pin
  Path Type:              Setup (Max at Slow Process Corner)
  Requirement:            10.000ns  (sys_clk_pin rise@10.000ns - sys_clk_pin rise@0.000ns)
  Data Path Delay:        9.891ns  (logic 6.670ns (67.434%)  route 3.221ns (32.566%))
  Logic Levels:           10  (CARRY4=6 DSP48E1=1 LUT2=3)
  Clock Path Skew:        -0.039ns (DCD - SCD + CPR)
    Destination Clock Delay (DCD):    5.006ns = ( 15.006 - 10.000 ) 
    Source Clock Delay      (SCD):    5.304ns
    Clock Pessimism Removal (CPR):    0.259ns
  Clock Uncertainty:      0.035ns  ((TSJ^2 + TIJ^2)^1/2 + DJ) / 2 + PE
    Total System Jitter     (TSJ):    0.071ns
    Total Input Jitter      (TIJ):    0.000ns
    Discrete Jitter          (DJ):    0.000ns
    Phase Error              (PE):    0.000ns

    Location             Delay type                Incr(ns)  Path(ns)    Netlist Resource(s)
  -------------------------------------------------------------------    -------------------
                         (clock sys_clk_pin rise edge)
                                                      0.000     0.000 r  
    E3                                                0.000     0.000 r  CLK100MHZ (IN)
                         net (fo=0)                   0.000     0.000    CLK100MHZ
    E3                   IBUF (Prop_ibuf_I_O)         1.482     1.482 r  CLK100MHZ_IBUF_inst/O
                         net (fo=1, routed)           2.025     3.506    CLK100MHZ_IBUF
    BUFGCTRL_X0Y16       BUFG (Prop_bufg_I_O)         0.096     3.602 r  CLK100MHZ_IBUF_BUFG_inst/O
                         net (fo=21506, routed)       1.701     5.304    u_accel/gen_nn_standard.u_accel/gen_hl1_lif[22].hl1_lif/CLK100MHZ_IBUF_BUFG
    SLICE_X78Y74         FDCE                                         r  u_accel/gen_nn_standard.u_accel/gen_hl1_lif[22].hl1_lif/membrane_potential_reg[15]/C
  -------------------------------------------------------------------    -------------------
    SLICE_X78Y74         FDCE (Prop_fdce_C_Q)         0.478     5.782 r  u_accel/gen_nn_standard.u_accel/gen_hl1_lif[22].hl1_lif/membrane_potential_reg[15]/Q
                         net (fo=1, routed)           0.692     6.474    u_accel/gen_nn_standard.u_accel/gen_hl1_lif[22].hl1_lif/membrane_potential_reg_n_0_[15]
    DSP48_X2Y29          DSP48E1 (Prop_dsp48e1_A[15]_P[8])
                                                      4.018    10.492 r  u_accel/gen_nn_standard.u_accel/gen_hl1_lif[22].hl1_lif/membrane_potential3/P[8]
                         net (fo=2, routed)           0.746    11.238    u_accel/gen_nn_standard.u_accel/gen_hl1_lif[22].hl1_lif/membrane_potential2[1]
    SLICE_X79Y71         LUT2 (Prop_lut2_I0_O)        0.124    11.362 r  u_accel/gen_nn_standard.u_accel/gen_hl1_lif[22].hl1_lif/membrane_potential[3]_i_5__34/O
                         net (fo=1, routed)           0.000    11.362    u_accel/gen_nn_standard.u_accel/gen_hl1_lif[22].hl1_lif/membrane_potential[3]_i_5__34_n_0
    SLICE_X79Y71         CARRY4 (Prop_carry4_S[1]_CO[3])
                                                      0.550    11.912 r  u_accel/gen_nn_standard.u_accel/gen_hl1_lif[22].hl1_lif/membrane_potential_reg[3]_i_2__34/CO[3]
                         net (fo=1, routed)           0.000    11.912    u_accel/gen_nn_standard.u_accel/gen_hl1_lif[22].hl1_lif/membrane_potential_reg[3]_i_2__34_n_0
    SLICE_X79Y72         CARRY4 (Prop_carry4_CI_CO[3])
                                                      0.114    12.026 r  u_accel/gen_nn_standard.u_accel/gen_hl1_lif[22].hl1_lif/membrane_potential_reg[7]_i_2__34/CO[3]
                         net (fo=1, routed)           0.000    12.026    u_accel/gen_nn_standard.u_accel/gen_hl1_lif[22].hl1_lif/membrane_potential_reg[7]_i_2__34_n_0
    SLICE_X79Y73         CARRY4 (Prop_carry4_CI_CO[3])
                                                      0.114    12.140 r  u_accel/gen_nn_standard.u_accel/gen_hl1_lif[22].hl1_lif/membrane_potential_reg[11]_i_2__34/CO[3]
                         net (fo=1, routed)           0.000    12.140    u_accel/gen_nn_standard.u_accel/gen_hl1_lif[22].hl1_lif/membrane_potential_reg[11]_i_2__34_n_0
    SLICE_X79Y74         CARRY4 (Prop_carry4_CI_CO[3])
                                                      0.114    12.254 r  u_accel/gen_nn_standard.u_accel/gen_hl1_lif[22].hl1_lif/membrane_potential_reg[15]_i_2__34/CO[3]
                         net (fo=1, routed)           0.009    12.263    u_accel/gen_nn_standard.u_accel/gen_hl1_lif[22].hl1_lif/membrane_potential_reg[15]_i_2__34_n_0
    SLICE_X79Y75         CARRY4 (Prop_carry4_CI_O[0])
                                                      0.222    12.485 f  u_accel/gen_nn_standard.u_accel/gen_hl1_lif[22].hl1_lif/membrane_potential_reg[19]_i_2__34/O[0]
                         net (fo=3, routed)           0.944    13.429    u_accel/gen_nn_standard.u_accel/gen_hl1_lif[22].hl1_lif/membrane_potential0[16]
    SLICE_X78Y73         LUT2 (Prop_lut2_I0_O)        0.299    13.728 r  u_accel/gen_nn_standard.u_accel/gen_hl1_lif[22].hl1_lif/spike_prev_i_11__34/O
                         net (fo=1, routed)           0.000    13.728    u_accel/gen_nn_standard.u_accel/gen_hl1_lif[22].hl1_lif/spike_prev_i_11__34_n_0
    SLICE_X78Y73         CARRY4 (Prop_carry4_S[0]_CO[3])
                                                      0.513    14.241 r  u_accel/gen_nn_standard.u_accel/gen_hl1_lif[22].hl1_lif/spike_prev_reg_i_2__34/CO[3]
                         net (fo=1, routed)           0.830    15.071    u_accel/gen_nn_standard.u_accel/gen_hl1_lif[22].hl1_lif/next_spike
    SLICE_X78Y75         LUT2 (Prop_lut2_I0_O)        0.124    15.195 r  u_accel/gen_nn_standard.u_accel/gen_hl1_lif[22].hl1_lif/spike_prev_i_1__35/O
                         net (fo=1, routed)           0.000    15.195    u_accel/gen_nn_standard.u_accel/gen_hl1_lif[22].hl1_lif/spike_prev_i_1__35_n_0
    SLICE_X78Y75         FDCE                                         r  u_accel/gen_nn_standard.u_accel/gen_hl1_lif[22].hl1_lif/spike_prev_reg/D
  -------------------------------------------------------------------    -------------------

                         (clock sys_clk_pin rise edge)
                                                     10.000    10.000 r  
    E3                                                0.000    10.000 r  CLK100MHZ (IN)
                         net (fo=0)                   0.000    10.000    CLK100MHZ
    E3                   IBUF (Prop_ibuf_I_O)         1.411    11.411 r  CLK100MHZ_IBUF_inst/O
                         net (fo=1, routed)           1.920    13.331    CLK100MHZ_IBUF
    BUFGCTRL_X0Y16       BUFG (Prop_bufg_I_O)         0.091    13.422 r  CLK100MHZ_IBUF_BUFG_inst/O
                         net (fo=21506, routed)       1.583    15.006    u_accel/gen_nn_standard.u_accel/gen_hl1_lif[22].hl1_lif/CLK100MHZ_IBUF_BUFG
    SLICE_X78Y75         FDCE                                         r  u_accel/gen_nn_standard.u_accel/gen_hl1_lif[22].hl1_lif/spike_prev_reg/C
                         clock pessimism              0.259    15.265    
                         clock uncertainty           -0.035    15.229    
    SLICE_X78Y75         FDCE (Setup_fdce_C_D)        0.077    15.306    u_accel/gen_nn_standard.u_accel/gen_hl1_lif[22].hl1_lif/spike_prev_reg
  -------------------------------------------------------------------
                         required time                         15.306    
                         arrival time                         -15.195    
  -------------------------------------------------------------------
                         slack                                  0.111    

Slack (MET) :             0.115ns  (required time - arrival time)
  Source:                 u_accel/gen_nn_standard.u_accel/gen_hl1_lif[16].hl1_lif/membrane_potential_reg[23]/C
                            (rising edge-triggered cell FDCE clocked by sys_clk_pin  {rise@0.000ns fall@5.000ns period=10.000ns})
  Destination:            u_accel/gen_nn_standard.u_accel/gen_hl1_lif[16].hl1_lif/spike_prev_reg/D
                            (rising edge-triggered cell FDCE clocked by sys_clk_pin  {rise@0.000ns fall@5.000ns period=10.000ns})
  Path Group:             sys_clk_pin
  Path Type:              Setup (Max at Slow Process Corner)
  Requirement:            10.000ns  (sys_clk_pin rise@10.000ns - sys_clk_pin rise@0.000ns)
  Data Path Delay:        9.906ns  (logic 6.800ns (68.647%)  route 3.106ns (31.353%))
  Logic Levels:           10  (CARRY4=6 DSP48E1=1 LUT2=3)
  Clock Path Skew:        -0.023ns (DCD - SCD + CPR)
    Destination Clock Delay (DCD):    4.940ns = ( 14.940 - 10.000 ) 
    Source Clock Delay      (SCD):    5.240ns
    Clock Pessimism Removal (CPR):    0.277ns
  Clock Uncertainty:      0.035ns  ((TSJ^2 + TIJ^2)^1/2 + DJ) / 2 + PE
    Total System Jitter     (TSJ):    0.071ns
    Total Input Jitter      (TIJ):    0.000ns
    Discrete Jitter          (DJ):    0.000ns
    Phase Error              (PE):    0.000ns

    Location             Delay type                Incr(ns)  Path(ns)    Netlist Resource(s)
  -------------------------------------------------------------------    -------------------
                         (clock sys_clk_pin rise edge)
                                                      0.000     0.000 r  
    E3                                                0.000     0.000 r  CLK100MHZ (IN)
                         net (fo=0)                   0.000     0.000    CLK100MHZ
    E3                   IBUF (Prop_ibuf_I_O)         1.482     1.482 r  CLK100MHZ_IBUF_inst/O
                         net (fo=1, routed)           2.025     3.506    CLK100MHZ_IBUF
    BUFGCTRL_X0Y16       BUFG (Prop_bufg_I_O)         0.096     3.602 r  CLK100MHZ_IBUF_BUFG_inst/O
                         net (fo=21506, routed)       1.637     5.240    u_accel/gen_nn_standard.u_accel/gen_hl1_lif[16].hl1_lif/CLK100MHZ_IBUF_BUFG
    SLICE_X12Y82         FDCE                                         r  u_accel/gen_nn_standard.u_accel/gen_hl1_lif[16].hl1_lif/membrane_potential_reg[23]/C
  -------------------------------------------------------------------    -------------------
    SLICE_X12Y82         FDCE (Prop_fdce_C_Q)         0.478     5.718 r  u_accel/gen_nn_standard.u_accel/gen_hl1_lif[16].hl1_lif/membrane_potential_reg[23]/Q
                         net (fo=7, routed)           0.735     6.452    u_accel/gen_nn_standard.u_accel/gen_hl1_lif[16].hl1_lif/membrane_potential_reg_n_0_[23]
    DSP48_X0Y32          DSP48E1 (Prop_dsp48e1_A[27]_P[8])
                                                      4.013    10.465 r  u_accel/gen_nn_standard.u_accel/gen_hl1_lif[16].hl1_lif/membrane_potential3/P[8]
                         net (fo=2, routed)           0.891    11.356    u_accel/gen_nn_standard.u_accel/gen_hl1_lif[16].hl1_lif/membrane_potential2[1]
    SLICE_X11Y80         LUT2 (Prop_lut2_I0_O)        0.124    11.480 r  u_accel/gen_nn_standard.u_accel/gen_hl1_lif[16].hl1_lif/membrane_potential[3]_i_5__40/O
                         net (fo=1, routed)           0.000    11.480    u_accel/gen_nn_standard.u_accel/gen_hl1_lif[16].hl1_lif/membrane_potential[3]_i_5__40_n_0
    SLICE_X11Y80         CARRY4 (Prop_carry4_S[1]_CO[3])
                                                      0.550    12.030 r  u_accel/gen_nn_standard.u_accel/gen_hl1_lif[16].hl1_lif/membrane_potential_reg[3]_i_2__40/CO[3]
                         net (fo=1, routed)           0.000    12.030    u_accel/gen_nn_standard.u_accel/gen_hl1_lif[16].hl1_lif/membrane_potential_reg[3]_i_2__40_n_0
    SLICE_X11Y81         CARRY4 (Prop_carry4_CI_CO[3])
                                                      0.114    12.144 r  u_accel/gen_nn_standard.u_accel/gen_hl1_lif[16].hl1_lif/membrane_potential_reg[7]_i_2__40/CO[3]
                         net (fo=1, routed)           0.000    12.144    u_accel/gen_nn_standard.u_accel/gen_hl1_lif[16].hl1_lif/membrane_potential_reg[7]_i_2__40_n_0
    SLICE_X11Y82         CARRY4 (Prop_carry4_CI_CO[3])
                                                      0.114    12.258 r  u_accel/gen_nn_standard.u_accel/gen_hl1_lif[16].hl1_lif/membrane_potential_reg[11]_i_2__40/CO[3]
                         net (fo=1, routed)           0.000    12.258    u_accel/gen_nn_standard.u_accel/gen_hl1_lif[16].hl1_lif/membrane_potential_reg[11]_i_2__40_n_0
    SLICE_X11Y83         CARRY4 (Prop_carry4_CI_CO[3])
                                                      0.114    12.372 r  u_accel/gen_nn_standard.u_accel/gen_hl1_lif[16].hl1_lif/membrane_potential_reg[15]_i_2__40/CO[3]
                         net (fo=1, routed)           0.000    12.372    u_accel/gen_nn_standard.u_accel/gen_hl1_lif[16].hl1_lif/membrane_potential_reg[15]_i_2__40_n_0
    SLICE_X11Y84         CARRY4 (Prop_carry4_CI_O[3])
                                                      0.313    12.685 f  u_accel/gen_nn_standard.u_accel/gen_hl1_lif[16].hl1_lif/membrane_potential_reg[19]_i_2__40/O[3]
                         net (fo=3, routed)           0.750    13.435    u_accel/gen_nn_standard.u_accel/gen_hl1_lif[16].hl1_lif/membrane_potential0[19]
    SLICE_X13Y83         LUT2 (Prop_lut2_I1_O)        0.306    13.741 r  u_accel/gen_nn_standard.u_accel/gen_hl1_lif[16].hl1_lif/spike_prev_i_10__40/O
                         net (fo=1, routed)           0.000    13.741    u_accel/gen_nn_standard.u_accel/gen_hl1_lif[16].hl1_lif/spike_prev_i_10__40_n_0
    SLICE_X13Y83         CARRY4 (Prop_carry4_S[1]_CO[3])
                                                      0.550    14.291 r  u_accel/gen_nn_standard.u_accel/gen_hl1_lif[16].hl1_lif/spike_prev_reg_i_2__40/CO[3]
                         net (fo=1, routed)           0.731    15.021    u_accel/gen_nn_standard.u_accel/gen_hl1_lif[16].hl1_lif/next_spike
    SLICE_X12Y83         LUT2 (Prop_lut2_I0_O)        0.124    15.145 r  u_accel/gen_nn_standard.u_accel/gen_hl1_lif[16].hl1_lif/spike_prev_i_1__58/O
                         net (fo=1, routed)           0.000    15.145    u_accel/gen_nn_standard.u_accel/gen_hl1_lif[16].hl1_lif/spike_prev_i_1__58_n_0
    SLICE_X12Y83         FDCE                                         r  u_accel/gen_nn_standard.u_accel/gen_hl1_lif[16].hl1_lif/spike_prev_reg/D
  -------------------------------------------------------------------    -------------------

                         (clock sys_clk_pin rise edge)
                                                     10.000    10.000 r  
    E3                                                0.000    10.000 r  CLK100MHZ (IN)
                         net (fo=0)                   0.000    10.000    CLK100MHZ
    E3                   IBUF (Prop_ibuf_I_O)         1.411    11.411 r  CLK100MHZ_IBUF_inst/O
                         net (fo=1, routed)           1.920    13.331    CLK100MHZ_IBUF
    BUFGCTRL_X0Y16       BUFG (Prop_bufg_I_O)         0.091    13.422 r  CLK100MHZ_IBUF_BUFG_inst/O
                         net (fo=21506, routed)       1.517    14.940    u_accel/gen_nn_standard.u_accel/gen_hl1_lif[16].hl1_lif/CLK100MHZ_IBUF_BUFG
    SLICE_X12Y83         FDCE                                         r  u_accel/gen_nn_standard.u_accel/gen_hl1_lif[16].hl1_lif/spike_prev_reg/C
                         clock pessimism              0.277    15.217    
                         clock uncertainty           -0.035    15.181    
    SLICE_X12Y83         FDCE (Setup_fdce_C_D)        0.079    15.260    u_accel/gen_nn_standard.u_accel/gen_hl1_lif[16].hl1_lif/spike_prev_reg
  -------------------------------------------------------------------
                         required time                         15.260    
                         arrival time                         -15.145    
  -------------------------------------------------------------------
                         slack                                  0.115    

Slack (MET) :             0.130ns  (required time - arrival time)
  Source:                 timestep_accum_reg[0][15]_i_11/C
                            (rising edge-triggered cell FDCE clocked by sys_clk_pin  {rise@0.000ns fall@5.000ns period=10.000ns})
  Destination:            u_accel/gen_nn_standard.u_accel/q_accum/q_accum_reg[0][51]/D
                            (rising edge-triggered cell FDCE clocked by sys_clk_pin  {rise@0.000ns fall@5.000ns period=10.000ns})
  Path Group:             sys_clk_pin
  Path Type:              Setup (Max at Slow Process Corner)
  Requirement:            10.000ns  (sys_clk_pin rise@10.000ns - sys_clk_pin rise@0.000ns)
  Data Path Delay:        9.784ns  (logic 5.305ns (54.221%)  route 4.479ns (45.779%))
  Logic Levels:           22  (CARRY4=17 LUT4=3 LUT5=2)
  Clock Path Skew:        -0.083ns (DCD - SCD + CPR)
    Destination Clock Delay (DCD):    5.094ns = ( 15.094 - 10.000 ) 
    Source Clock Delay      (SCD):    5.445ns
    Clock Pessimism Removal (CPR):    0.267ns
  Clock Uncertainty:      0.035ns  ((TSJ^2 + TIJ^2)^1/2 + DJ) / 2 + PE
    Total System Jitter     (TSJ):    0.071ns
    Total Input Jitter      (TIJ):    0.000ns
    Discrete Jitter          (DJ):    0.000ns
    Phase Error              (PE):    0.000ns

    Location             Delay type                Incr(ns)  Path(ns)    Netlist Resource(s)
  -------------------------------------------------------------------    -------------------
                         (clock sys_clk_pin rise edge)
                                                      0.000     0.000 r  
    E3                                                0.000     0.000 r  CLK100MHZ (IN)
                         net (fo=0)                   0.000     0.000    CLK100MHZ
    E3                   IBUF (Prop_ibuf_I_O)         1.482     1.482 r  CLK100MHZ_IBUF_inst/O
                         net (fo=1, routed)           2.025     3.506    CLK100MHZ_IBUF
    BUFGCTRL_X0Y16       BUFG (Prop_bufg_I_O)         0.096     3.602 r  CLK100MHZ_IBUF_BUFG_inst/O
                         net (fo=21506, routed)       1.842     5.445    CLK100MHZ_IBUF_BUFG
    SLICE_X74Y20         FDCE                                         r  timestep_accum_reg[0][15]_i_11/C
  -------------------------------------------------------------------    -------------------
    SLICE_X74Y20         FDCE (Prop_fdce_C_Q)         0.518     5.963 r  timestep_accum_reg[0][15]_i_11/Q
                         net (fo=62, routed)          0.836     6.799    u_accel/gen_nn_standard.u_accel/q_accum/timestep_accum_reg[0][3]_i_2_0
    SLICE_X76Y21         LUT4 (Prop_lut4_I1_O)        0.124     6.923 r  u_accel/gen_nn_standard.u_accel/q_accum/timestep_accum[0][11]_i_12/O
                         net (fo=2, routed)           0.779     7.702    u_accel/gen_nn_standard.u_accel/q_accum/timestep_accum[0][11]_i_12_n_0
    SLICE_X74Y21         CARRY4 (Prop_carry4_DI[3]_CO[3])
                                                      0.396     8.098 r  u_accel/gen_nn_standard.u_accel/q_accum/timestep_accum_reg[0][11]_i_11/CO[3]
                         net (fo=1, routed)           0.000     8.098    u_accel/gen_nn_standard.u_accel/q_accum/timestep_accum_reg[0][11]_i_11_n_0
    SLICE_X74Y22         CARRY4 (Prop_carry4_CI_CO[3])
                                                      0.117     8.215 r  u_accel/gen_nn_standard.u_accel/q_accum/timestep_accum_reg[0][15]_i_12/CO[3]
                         net (fo=1, routed)           0.000     8.215    u_accel/gen_nn_standard.u_accel/q_accum/timestep_accum_reg[0][15]_i_12_n_0
    SLICE_X74Y23         CARRY4 (Prop_carry4_CI_CO[3])
                                                      0.117     8.332 r  u_accel/gen_nn_standard.u_accel/q_accum/timestep_accum_reg[0][19]_i_11/CO[3]
                         net (fo=1, routed)           0.000     8.332    u_accel/gen_nn_standard.u_accel/q_accum/timestep_accum_reg[0][19]_i_11_n_0
    SLICE_X74Y24         CARRY4 (Prop_carry4_CI_CO[3])
                                                      0.117     8.449 r  u_accel/gen_nn_standard.u_accel/q_accum/timestep_accum_reg[0][23]_i_12/CO[3]
                         net (fo=1, routed)           0.009     8.458    u_accel/gen_nn_standard.u_accel/q_accum/timestep_accum_reg[0][23]_i_12_n_0
    SLICE_X74Y25         CARRY4 (Prop_carry4_CI_CO[3])
                                                      0.117     8.575 r  u_accel/gen_nn_standard.u_accel/q_accum/timestep_accum_reg[0][27]_i_11/CO[3]
                         net (fo=1, routed)           0.000     8.575    u_accel/gen_nn_standard.u_accel/q_accum/timestep_accum_reg[0][27]_i_11_n_0
    SLICE_X74Y26         CARRY4 (Prop_carry4_CI_O[0])
                                                      0.219     8.794 r  u_accel/gen_nn_standard.u_accel/q_accum/timestep_accum_reg[0][31]_i_12/O[0]
                         net (fo=2, routed)           0.491     9.285    u_accel/gen_nn_standard.u_accel/q_accum/timestep_accum_reg[0][31]_i_12_n_7
    SLICE_X73Y26         LUT4 (Prop_lut4_I2_O)        0.295     9.580 r  u_accel/gen_nn_standard.u_accel/q_accum/timestep_accum[0][27]_i_5/O
                         net (fo=2, routed)           0.731    10.311    u_accel/gen_nn_standard.u_accel/q_accum/timestep_accum[0][27]_i_5_n_0
    SLICE_X75Y27         LUT5 (Prop_lut5_I0_O)        0.124    10.435 r  u_accel/gen_nn_standard.u_accel/q_accum/timestep_accum[0][27]_i_9/O
                         net (fo=1, routed)           0.000    10.435    u_accel/gen_nn_standard.u_accel/q_accum/timestep_accum[0][27]_i_9_n_0
    SLICE_X75Y27         CARRY4 (Prop_carry4_S[1]_CO[3])
                                                      0.550    10.985 r  u_accel/gen_nn_standard.u_accel/q_accum/timestep_accum_reg[0][27]_i_2/CO[3]
                         net (fo=1, routed)           0.000    10.985    u_accel/gen_nn_standard.u_accel/q_accum/timestep_accum_reg[0][27]_i_2_n_0
    SLICE_X75Y28         CARRY4 (Prop_carry4_CI_O[1])
                                                      0.334    11.319 r  u_accel/gen_nn_standard.u_accel/q_accum/timestep_accum_reg[0][31]_i_2/O[1]
                         net (fo=4, routed)           1.050    12.369    u_accel/gen_nn_standard.u_accel/q_accum/full_timestep_sum[0]_216[29]
    SLICE_X70Y28         LUT4 (Prop_lut4_I0_O)        0.303    12.672 r  u_accel/gen_nn_standard.u_accel/q_accum/q_accum[0][19]_i_9/O
                         net (fo=1, routed)           0.000    12.672    u_accel/gen_nn_standard.u_accel/q_accum/q_accum[0][19]_i_9_n_0
    SLICE_X70Y28         CARRY4 (Prop_carry4_S[1]_CO[3])
                                                      0.533    13.205 r  u_accel/gen_nn_standard.u_accel/q_accum/q_accum_reg[0][19]_i_2/CO[3]
                         net (fo=1, routed)           0.000    13.205    u_accel/gen_nn_standard.u_accel/q_accum/q_accum_reg[0][19]_i_2_n_0
    SLICE_X70Y29         CARRY4 (Prop_carry4_CI_CO[3])
                                                      0.117    13.322 r  u_accel/gen_nn_standard.u_accel/q_accum/q_accum_reg[0][23]_i_2/CO[3]
                         net (fo=1, routed)           0.000    13.322    u_accel/gen_nn_standard.u_accel/q_accum/q_accum_reg[0][23]_i_2_n_0
    SLICE_X70Y30         CARRY4 (Prop_carry4_CI_CO[3])
                                                      0.117    13.439 r  u_accel/gen_nn_standard.u_accel/q_accum/q_accum_reg[0][27]_i_2/CO[3]
                         net (fo=1, routed)           0.000    13.439    u_accel/gen_nn_standard.u_accel/q_accum/q_accum_reg[0][27]_i_2_n_0
    SLICE_X70Y31         CARRY4 (Prop_carry4_CI_CO[3])
                                                      0.117    13.556 r  u_accel/gen_nn_standard.u_accel/q_accum/q_accum_reg[0][31]_i_2/CO[3]
                         net (fo=1, routed)           0.000    13.556    u_accel/gen_nn_standard.u_accel/q_accum/q_accum_reg[0][31]_i_2_n_0
    SLICE_X70Y32         CARRY4 (Prop_carry4_CI_CO[3])
                                                      0.117    13.673 r  u_accel/gen_nn_standard.u_accel/q_accum/q_accum_reg[0][35]_i_2/CO[3]
                         net (fo=1, routed)           0.000    13.673    u_accel/gen_nn_standard.u_accel/q_accum/q_accum_reg[0][35]_i_2_n_0
    SLICE_X70Y33         CARRY4 (Prop_carry4_CI_CO[3])
                                                      0.117    13.790 r  u_accel/gen_nn_standard.u_accel/q_accum/q_accum_reg[0][39]_i_2/CO[3]
                         net (fo=1, routed)           0.000    13.790    u_accel/gen_nn_standard.u_accel/q_accum/q_accum_reg[0][39]_i_2_n_0
    SLICE_X70Y34         CARRY4 (Prop_carry4_CI_CO[3])
                                                      0.117    13.907 r  u_accel/gen_nn_standard.u_accel/q_accum/q_accum_reg[0][43]_i_2/CO[3]
                         net (fo=1, routed)           0.000    13.907    u_accel/gen_nn_standard.u_accel/q_accum/q_accum_reg[0][43]_i_2_n_0
    SLICE_X70Y35         CARRY4 (Prop_carry4_CI_CO[3])
                                                      0.117    14.024 r  u_accel/gen_nn_standard.u_accel/q_accum/q_accum_reg[0][47]_i_2/CO[3]
                         net (fo=1, routed)           0.000    14.024    u_accel/gen_nn_standard.u_accel/q_accum/q_accum_reg[0][47]_i_2_n_0
    SLICE_X70Y36         CARRY4 (Prop_carry4_CI_O[3])
                                                      0.315    14.339 r  u_accel/gen_nn_standard.u_accel/q_accum/q_accum_reg[0][51]_i_2/O[3]
                         net (fo=1, routed)           0.583    14.922    u_accel/gen_nn_standard.u_accel/q_accum/q_accum_reg[0][51]_i_2_n_4
    SLICE_X71Y36         LUT5 (Prop_lut5_I3_O)        0.307    15.229 r  u_accel/gen_nn_standard.u_accel/q_accum/q_accum[0][51]_i_1/O
                         net (fo=1, routed)           0.000    15.229    u_accel/gen_nn_standard.u_accel/q_accum/q_accum[0][51]_i_1_n_0
    SLICE_X71Y36         FDCE                                         r  u_accel/gen_nn_standard.u_accel/q_accum/q_accum_reg[0][51]/D
  -------------------------------------------------------------------    -------------------

                         (clock sys_clk_pin rise edge)
                                                     10.000    10.000 r  
    E3                                                0.000    10.000 r  CLK100MHZ (IN)
                         net (fo=0)                   0.000    10.000    CLK100MHZ
    E3                   IBUF (Prop_ibuf_I_O)         1.411    11.411 r  CLK100MHZ_IBUF_inst/O
                         net (fo=1, routed)           1.920    13.331    CLK100MHZ_IBUF
    BUFGCTRL_X0Y16       BUFG (Prop_bufg_I_O)         0.091    13.422 r  CLK100MHZ_IBUF_BUFG_inst/O
                         net (fo=21506, routed)       1.672    15.094    u_accel/gen_nn_standard.u_accel/q_accum/CLK100MHZ_IBUF_BUFG
    SLICE_X71Y36         FDCE                                         r  u_accel/gen_nn_standard.u_accel/q_accum/q_accum_reg[0][51]/C
                         clock pessimism              0.267    15.362    
                         clock uncertainty           -0.035    15.326    
    SLICE_X71Y36         FDCE (Setup_fdce_C_D)        0.032    15.358    u_accel/gen_nn_standard.u_accel/q_accum/q_accum_reg[0][51]
  -------------------------------------------------------------------
                         required time                         15.358    
                         arrival time                         -15.229    
  -------------------------------------------------------------------
                         slack                                  0.130    

Slack (MET) :             0.141ns  (required time - arrival time)
  Source:                 u_accel/gen_nn_standard.u_accel/gen_hl1_lif[20].hl1_lif/membrane_potential_reg[23]/C
                            (rising edge-triggered cell FDCE clocked by sys_clk_pin  {rise@0.000ns fall@5.000ns period=10.000ns})
  Destination:            u_accel/gen_nn_standard.u_accel/gen_hl1_lif[20].hl1_lif/spike_prev_reg/D
                            (rising edge-triggered cell FDCE clocked by sys_clk_pin  {rise@0.000ns fall@5.000ns period=10.000ns})
  Path Group:             sys_clk_pin
  Path Type:              Setup (Max at Slow Process Corner)
  Requirement:            10.000ns  (sys_clk_pin rise@10.000ns - sys_clk_pin rise@0.000ns)
  Data Path Delay:        9.877ns  (logic 6.763ns (68.472%)  route 3.114ns (31.528%))
  Logic Levels:           11  (CARRY4=7 DSP48E1=1 LUT2=3)
  Clock Path Skew:        -0.026ns (DCD - SCD + CPR)
    Destination Clock Delay (DCD):    5.016ns = ( 15.016 - 10.000 ) 
    Source Clock Delay      (SCD):    5.318ns
    Clock Pessimism Removal (CPR):    0.276ns
  Clock Uncertainty:      0.035ns  ((TSJ^2 + TIJ^2)^1/2 + DJ) / 2 + PE
    Total System Jitter     (TSJ):    0.071ns
    Total Input Jitter      (TIJ):    0.000ns
    Discrete Jitter          (DJ):    0.000ns
    Phase Error              (PE):    0.000ns

    Location             Delay type                Incr(ns)  Path(ns)    Netlist Resource(s)
  -------------------------------------------------------------------    -------------------
                         (clock sys_clk_pin rise edge)
                                                      0.000     0.000 r  
    E3                                                0.000     0.000 r  CLK100MHZ (IN)
                         net (fo=0)                   0.000     0.000    CLK100MHZ
    E3                   IBUF (Prop_ibuf_I_O)         1.482     1.482 r  CLK100MHZ_IBUF_inst/O
                         net (fo=1, routed)           2.025     3.506    CLK100MHZ_IBUF
    BUFGCTRL_X0Y16       BUFG (Prop_bufg_I_O)         0.096     3.602 r  CLK100MHZ_IBUF_BUFG_inst/O
                         net (fo=21506, routed)       1.715     5.318    u_accel/gen_nn_standard.u_accel/gen_hl1_lif[20].hl1_lif/CLK100MHZ_IBUF_BUFG
    SLICE_X80Y67         FDCE                                         r  u_accel/gen_nn_standard.u_accel/gen_hl1_lif[20].hl1_lif/membrane_potential_reg[23]/C
  -------------------------------------------------------------------    -------------------
    SLICE_X80Y67         FDCE (Prop_fdce_C_Q)         0.478     5.796 r  u_accel/gen_nn_standard.u_accel/gen_hl1_lif[20].hl1_lif/membrane_potential_reg[23]/Q
                         net (fo=7, routed)           0.718     6.514    u_accel/gen_nn_standard.u_accel/gen_hl1_lif[20].hl1_lif/membrane_potential_reg_n_0_[23]
    DSP48_X2Y26          DSP48E1 (Prop_dsp48e1_A[23]_P[8])
                                                      4.013    10.527 r  u_accel/gen_nn_standard.u_accel/gen_hl1_lif[20].hl1_lif/membrane_potential3/P[8]
                         net (fo=2, routed)           0.906    11.433    u_accel/gen_nn_standard.u_accel/gen_hl1_lif[20].hl1_lif/membrane_potential2[1]
    SLICE_X78Y65         LUT2 (Prop_lut2_I0_O)        0.124    11.557 r  u_accel/gen_nn_standard.u_accel/gen_hl1_lif[20].hl1_lif/membrane_potential[3]_i_5__36/O
                         net (fo=1, routed)           0.000    11.557    u_accel/gen_nn_standard.u_accel/gen_hl1_lif[20].hl1_lif/membrane_potential[3]_i_5__36_n_0
    SLICE_X78Y65         CARRY4 (Prop_carry4_S[1]_CO[3])
                                                      0.533    12.090 r  u_accel/gen_nn_standard.u_accel/gen_hl1_lif[20].hl1_lif/membrane_potential_reg[3]_i_2__36/CO[3]
                         net (fo=1, routed)           0.000    12.090    u_accel/gen_nn_standard.u_accel/gen_hl1_lif[20].hl1_lif/membrane_potential_reg[3]_i_2__36_n_0
    SLICE_X78Y66         CARRY4 (Prop_carry4_CI_CO[3])
                                                      0.117    12.207 r  u_accel/gen_nn_standard.u_accel/gen_hl1_lif[20].hl1_lif/membrane_potential_reg[7]_i_2__36/CO[3]
                         net (fo=1, routed)           0.000    12.207    u_accel/gen_nn_standard.u_accel/gen_hl1_lif[20].hl1_lif/membrane_potential_reg[7]_i_2__36_n_0
    SLICE_X78Y67         CARRY4 (Prop_carry4_CI_CO[3])
                                                      0.117    12.324 r  u_accel/gen_nn_standard.u_accel/gen_hl1_lif[20].hl1_lif/membrane_potential_reg[11]_i_2__36/CO[3]
                         net (fo=1, routed)           0.000    12.324    u_accel/gen_nn_standard.u_accel/gen_hl1_lif[20].hl1_lif/membrane_potential_reg[11]_i_2__36_n_0
    SLICE_X78Y68         CARRY4 (Prop_carry4_CI_CO[3])
                                                      0.117    12.441 r  u_accel/gen_nn_standard.u_accel/gen_hl1_lif[20].hl1_lif/membrane_potential_reg[15]_i_2__36/CO[3]
                         net (fo=1, routed)           0.000    12.441    u_accel/gen_nn_standard.u_accel/gen_hl1_lif[20].hl1_lif/membrane_potential_reg[15]_i_2__36_n_0
    SLICE_X78Y69         CARRY4 (Prop_carry4_CI_CO[3])
                                                      0.117    12.558 r  u_accel/gen_nn_standard.u_accel/gen_hl1_lif[20].hl1_lif/membrane_potential_reg[19]_i_2__36/CO[3]
                         net (fo=1, routed)           0.000    12.558    u_accel/gen_nn_standard.u_accel/gen_hl1_lif[20].hl1_lif/membrane_potential_reg[19]_i_2__36_n_0
    SLICE_X78Y70         CARRY4 (Prop_carry4_CI_O[3])
                                                      0.315    12.873 f  u_accel/gen_nn_standard.u_accel/gen_hl1_lif[20].hl1_lif/membrane_potential_reg[23]_i_2__34/O[3]
                         net (fo=3, routed)           0.738    13.611    u_accel/gen_nn_standard.u_accel/gen_hl1_lif[20].hl1_lif/membrane_potential0[23]
    SLICE_X79Y68         LUT2 (Prop_lut2_I1_O)        0.307    13.918 r  u_accel/gen_nn_standard.u_accel/gen_hl1_lif[20].hl1_lif/spike_prev_i_8__36/O
                         net (fo=1, routed)           0.000    13.918    u_accel/gen_nn_standard.u_accel/gen_hl1_lif[20].hl1_lif/spike_prev_i_8__36_n_0
    SLICE_X79Y68         CARRY4 (Prop_carry4_S[3]_CO[3])
                                                      0.401    14.319 r  u_accel/gen_nn_standard.u_accel/gen_hl1_lif[20].hl1_lif/spike_prev_reg_i_2__36/CO[3]
                         net (fo=1, routed)           0.752    15.071    u_accel/gen_nn_standard.u_accel/gen_hl1_lif[20].hl1_lif/next_spike
    SLICE_X80Y68         LUT2 (Prop_lut2_I0_O)        0.124    15.195 r  u_accel/gen_nn_standard.u_accel/gen_hl1_lif[20].hl1_lif/spike_prev_i_1__57/O
                         net (fo=1, routed)           0.000    15.195    u_accel/gen_nn_standard.u_accel/gen_hl1_lif[20].hl1_lif/spike_prev_i_1__57_n_0
    SLICE_X80Y68         FDCE                                         r  u_accel/gen_nn_standard.u_accel/gen_hl1_lif[20].hl1_lif/spike_prev_reg/D
  -------------------------------------------------------------------    -------------------

                         (clock sys_clk_pin rise edge)
                                                     10.000    10.000 r  
    E3                                                0.000    10.000 r  CLK100MHZ (IN)
                         net (fo=0)                   0.000    10.000    CLK100MHZ
    E3                   IBUF (Prop_ibuf_I_O)         1.411    11.411 r  CLK100MHZ_IBUF_inst/O
                         net (fo=1, routed)           1.920    13.331    CLK100MHZ_IBUF
    BUFGCTRL_X0Y16       BUFG (Prop_bufg_I_O)         0.091    13.422 r  CLK100MHZ_IBUF_BUFG_inst/O
                         net (fo=21506, routed)       1.593    15.016    u_accel/gen_nn_standard.u_accel/gen_hl1_lif[20].hl1_lif/CLK100MHZ_IBUF_BUFG
    SLICE_X80Y68         FDCE                                         r  u_accel/gen_nn_standard.u_accel/gen_hl1_lif[20].hl1_lif/spike_prev_reg/C
                         clock pessimism              0.276    15.292    
                         clock uncertainty           -0.035    15.256    
    SLICE_X80Y68         FDCE (Setup_fdce_C_D)        0.079    15.335    u_accel/gen_nn_standard.u_accel/gen_hl1_lif[20].hl1_lif/spike_prev_reg
  -------------------------------------------------------------------
                         required time                         15.335    
                         arrival time                         -15.195    
  -------------------------------------------------------------------
                         slack                                  0.141    

Slack (MET) :             0.150ns  (required time - arrival time)
  Source:                 u_accel/gen_nn_standard.u_accel/gen_hl1_lif[7].hl1_lif/membrane_potential_reg[23]/C
                            (rising edge-triggered cell FDCE clocked by sys_clk_pin  {rise@0.000ns fall@5.000ns period=10.000ns})
  Destination:            u_accel/gen_nn_standard.u_accel/gen_hl1_lif[7].hl1_lif/spike_prev_reg/D
                            (rising edge-triggered cell FDCE clocked by sys_clk_pin  {rise@0.000ns fall@5.000ns period=10.000ns})
  Path Group:             sys_clk_pin
  Path Type:              Setup (Max at Slow Process Corner)
  Requirement:            10.000ns  (sys_clk_pin rise@10.000ns - sys_clk_pin rise@0.000ns)
  Data Path Delay:        9.868ns  (logic 6.662ns (67.511%)  route 3.206ns (32.489%))
  Logic Levels:           11  (CARRY4=7 DSP48E1=1 LUT2=3)
  Clock Path Skew:        -0.026ns (DCD - SCD + CPR)
    Destination Clock Delay (DCD):    5.004ns = ( 15.004 - 10.000 ) 
    Source Clock Delay      (SCD):    5.306ns
    Clock Pessimism Removal (CPR):    0.276ns
  Clock Uncertainty:      0.035ns  ((TSJ^2 + TIJ^2)^1/2 + DJ) / 2 + PE
    Total System Jitter     (TSJ):    0.071ns
    Total Input Jitter      (TIJ):    0.000ns
    Discrete Jitter          (DJ):    0.000ns
    Phase Error              (PE):    0.000ns

    Location             Delay type                Incr(ns)  Path(ns)    Netlist Resource(s)
  -------------------------------------------------------------------    -------------------
                         (clock sys_clk_pin rise edge)
                                                      0.000     0.000 r  
    E3                                                0.000     0.000 r  CLK100MHZ (IN)
                         net (fo=0)                   0.000     0.000    CLK100MHZ
    E3                   IBUF (Prop_ibuf_I_O)         1.482     1.482 r  CLK100MHZ_IBUF_inst/O
                         net (fo=1, routed)           2.025     3.506    CLK100MHZ_IBUF
    BUFGCTRL_X0Y16       BUFG (Prop_bufg_I_O)         0.096     3.602 r  CLK100MHZ_IBUF_BUFG_inst/O
                         net (fo=21506, routed)       1.704     5.306    u_accel/gen_nn_standard.u_accel/gen_hl1_lif[7].hl1_lif/CLK100MHZ_IBUF_BUFG
    SLICE_X80Y112        FDCE                                         r  u_accel/gen_nn_standard.u_accel/gen_hl1_lif[7].hl1_lif/membrane_potential_reg[23]/C
  -------------------------------------------------------------------    -------------------
    SLICE_X80Y112        FDCE (Prop_fdce_C_Q)         0.478     5.784 r  u_accel/gen_nn_standard.u_accel/gen_hl1_lif[7].hl1_lif/membrane_potential_reg[23]/Q
                         net (fo=7, routed)           0.718     6.503    u_accel/gen_nn_standard.u_accel/gen_hl1_lif[7].hl1_lif/membrane_potential_reg_n_0_[23]
    DSP48_X2Y44          DSP48E1 (Prop_dsp48e1_A[23]_P[8])
                                                      4.013    10.516 r  u_accel/gen_nn_standard.u_accel/gen_hl1_lif[7].hl1_lif/membrane_potential3/P[8]
                         net (fo=2, routed)           0.885    11.401    u_accel/gen_nn_standard.u_accel/gen_hl1_lif[7].hl1_lif/membrane_potential2[1]
    SLICE_X79Y110        LUT2 (Prop_lut2_I0_O)        0.124    11.525 r  u_accel/gen_nn_standard.u_accel/gen_hl1_lif[7].hl1_lif/membrane_potential[3]_i_5__49/O
                         net (fo=1, routed)           0.000    11.525    u_accel/gen_nn_standard.u_accel/gen_hl1_lif[7].hl1_lif/membrane_potential[3]_i_5__49_n_0
    SLICE_X79Y110        CARRY4 (Prop_carry4_S[1]_CO[3])
                                                      0.550    12.075 r  u_accel/gen_nn_standard.u_accel/gen_hl1_lif[7].hl1_lif/membrane_potential_reg[3]_i_2__49/CO[3]
                         net (fo=1, routed)           0.000    12.075    u_accel/gen_nn_standard.u_accel/gen_hl1_lif[7].hl1_lif/membrane_potential_reg[3]_i_2__49_n_0
    SLICE_X79Y111        CARRY4 (Prop_carry4_CI_CO[3])
                                                      0.114    12.189 r  u_accel/gen_nn_standard.u_accel/gen_hl1_lif[7].hl1_lif/membrane_potential_reg[7]_i_2__49/CO[3]
                         net (fo=1, routed)           0.000    12.189    u_accel/gen_nn_standard.u_accel/gen_hl1_lif[7].hl1_lif/membrane_potential_reg[7]_i_2__49_n_0
    SLICE_X79Y112        CARRY4 (Prop_carry4_CI_CO[3])
                                                      0.114    12.303 r  u_accel/gen_nn_standard.u_accel/gen_hl1_lif[7].hl1_lif/membrane_potential_reg[11]_i_2__49/CO[3]
                         net (fo=1, routed)           0.000    12.303    u_accel/gen_nn_standard.u_accel/gen_hl1_lif[7].hl1_lif/membrane_potential_reg[11]_i_2__49_n_0
    SLICE_X79Y113        CARRY4 (Prop_carry4_CI_CO[3])
                                                      0.114    12.417 r  u_accel/gen_nn_standard.u_accel/gen_hl1_lif[7].hl1_lif/membrane_potential_reg[15]_i_2__49/CO[3]
                         net (fo=1, routed)           0.000    12.417    u_accel/gen_nn_standard.u_accel/gen_hl1_lif[7].hl1_lif/membrane_potential_reg[15]_i_2__49_n_0
    SLICE_X79Y114        CARRY4 (Prop_carry4_CI_CO[3])
                                                      0.114    12.531 r  u_accel/gen_nn_standard.u_accel/gen_hl1_lif[7].hl1_lif/membrane_potential_reg[19]_i_2__49/CO[3]
                         net (fo=1, routed)           0.000    12.531    u_accel/gen_nn_standard.u_accel/gen_hl1_lif[7].hl1_lif/membrane_potential_reg[19]_i_2__49_n_0
    SLICE_X79Y115        CARRY4 (Prop_carry4_CI_O[2])
                                                      0.239    12.770 f  u_accel/gen_nn_standard.u_accel/gen_hl1_lif[7].hl1_lif/membrane_potential_reg[23]_i_2__47/O[2]
                         net (fo=3, routed)           0.855    13.625    u_accel/gen_nn_standard.u_accel/gen_hl1_lif[7].hl1_lif/membrane_potential0[22]
    SLICE_X78Y113        LUT2 (Prop_lut2_I0_O)        0.302    13.927 r  u_accel/gen_nn_standard.u_accel/gen_hl1_lif[7].hl1_lif/spike_prev_i_8__49/O
                         net (fo=1, routed)           0.000    13.927    u_accel/gen_nn_standard.u_accel/gen_hl1_lif[7].hl1_lif/spike_prev_i_8__49_n_0
    SLICE_X78Y113        CARRY4 (Prop_carry4_S[3]_CO[3])
                                                      0.376    14.303 r  u_accel/gen_nn_standard.u_accel/gen_hl1_lif[7].hl1_lif/spike_prev_reg_i_2__49/CO[3]
                         net (fo=1, routed)           0.747    15.050    u_accel/gen_nn_standard.u_accel/gen_hl1_lif[7].hl1_lif/next_spike
    SLICE_X80Y113        LUT2 (Prop_lut2_I0_O)        0.124    15.174 r  u_accel/gen_nn_standard.u_accel/gen_hl1_lif[7].hl1_lif/spike_prev_i_1__48/O
                         net (fo=1, routed)           0.000    15.174    u_accel/gen_nn_standard.u_accel/gen_hl1_lif[7].hl1_lif/spike_prev_i_1__48_n_0
    SLICE_X80Y113        FDCE                                         r  u_accel/gen_nn_standard.u_accel/gen_hl1_lif[7].hl1_lif/spike_prev_reg/D
  -------------------------------------------------------------------    -------------------

                         (clock sys_clk_pin rise edge)
                                                     10.000    10.000 r  
    E3                                                0.000    10.000 r  CLK100MHZ (IN)
                         net (fo=0)                   0.000    10.000    CLK100MHZ
    E3                   IBUF (Prop_ibuf_I_O)         1.411    11.411 r  CLK100MHZ_IBUF_inst/O
                         net (fo=1, routed)           1.920    13.331    CLK100MHZ_IBUF
    BUFGCTRL_X0Y16       BUFG (Prop_bufg_I_O)         0.091    13.422 r  CLK100MHZ_IBUF_BUFG_inst/O
                         net (fo=21506, routed)       1.582    15.004    u_accel/gen_nn_standard.u_accel/gen_hl1_lif[7].hl1_lif/CLK100MHZ_IBUF_BUFG
    SLICE_X80Y113        FDCE                                         r  u_accel/gen_nn_standard.u_accel/gen_hl1_lif[7].hl1_lif/spike_prev_reg/C
                         clock pessimism              0.276    15.280    
                         clock uncertainty           -0.035    15.245    
    SLICE_X80Y113        FDCE (Setup_fdce_C_D)        0.079    15.324    u_accel/gen_nn_standard.u_accel/gen_hl1_lif[7].hl1_lif/spike_prev_reg
  -------------------------------------------------------------------
                         required time                         15.324    
                         arrival time                         -15.174    
  -------------------------------------------------------------------
                         slack                                  0.150    

Slack (MET) :             0.152ns  (required time - arrival time)
  Source:                 u_accel/gen_nn_standard.u_accel/gen_hl1_lif[13].hl1_lif/membrane_potential_reg[23]/C
                            (rising edge-triggered cell FDCE clocked by sys_clk_pin  {rise@0.000ns fall@5.000ns period=10.000ns})
  Destination:            u_accel/gen_nn_standard.u_accel/gen_hl1_lif[13].hl1_lif/spike_prev_reg/D
                            (rising edge-triggered cell FDCE clocked by sys_clk_pin  {rise@0.000ns fall@5.000ns period=10.000ns})
  Path Group:             sys_clk_pin
  Path Type:              Setup (Max at Slow Process Corner)
  Requirement:            10.000ns  (sys_clk_pin rise@10.000ns - sys_clk_pin rise@0.000ns)
  Data Path Delay:        9.802ns  (logic 6.797ns (69.346%)  route 3.005ns (30.654%))
  Logic Levels:           10  (CARRY4=6 DSP48E1=1 LUT2=3)
  Clock Path Skew:        -0.042ns (DCD - SCD + CPR)
    Destination Clock Delay (DCD):    4.927ns = ( 14.927 - 10.000 ) 
    Source Clock Delay      (SCD):    5.228ns
    Clock Pessimism Removal (CPR):    0.259ns
  Clock Uncertainty:      0.035ns  ((TSJ^2 + TIJ^2)^1/2 + DJ) / 2 + PE
    Total System Jitter     (TSJ):    0.071ns
    Total Input Jitter      (TIJ):    0.000ns
    Discrete Jitter          (DJ):    0.000ns
    Phase Error              (PE):    0.000ns

    Location             Delay type                Incr(ns)  Path(ns)    Netlist Resource(s)
  -------------------------------------------------------------------    -------------------
                         (clock sys_clk_pin rise edge)
                                                      0.000     0.000 r  
    E3                                                0.000     0.000 r  CLK100MHZ (IN)
                         net (fo=0)                   0.000     0.000    CLK100MHZ
    E3                   IBUF (Prop_ibuf_I_O)         1.482     1.482 r  CLK100MHZ_IBUF_inst/O
                         net (fo=1, routed)           2.025     3.506    CLK100MHZ_IBUF
    BUFGCTRL_X0Y16       BUFG (Prop_bufg_I_O)         0.096     3.602 r  CLK100MHZ_IBUF_BUFG_inst/O
                         net (fo=21506, routed)       1.626     5.228    u_accel/gen_nn_standard.u_accel/gen_hl1_lif[13].hl1_lif/CLK100MHZ_IBUF_BUFG
    SLICE_X12Y112        FDCE                                         r  u_accel/gen_nn_standard.u_accel/gen_hl1_lif[13].hl1_lif/membrane_potential_reg[23]/C
  -------------------------------------------------------------------    -------------------
    SLICE_X12Y112        FDCE (Prop_fdce_C_Q)         0.478     5.706 r  u_accel/gen_nn_standard.u_accel/gen_hl1_lif[13].hl1_lif/membrane_potential_reg[23]/Q
                         net (fo=7, routed)           0.682     6.388    u_accel/gen_nn_standard.u_accel/gen_hl1_lif[13].hl1_lif/membrane_potential_reg_n_0_[23]
    DSP48_X0Y45          DSP48E1 (Prop_dsp48e1_A[25]_P[8])
                                                      4.015    10.403 r  u_accel/gen_nn_standard.u_accel/gen_hl1_lif[13].hl1_lif/membrane_potential3/P[8]
                         net (fo=2, routed)           0.912    11.315    u_accel/gen_nn_standard.u_accel/gen_hl1_lif[13].hl1_lif/membrane_potential2[1]
    SLICE_X10Y110        LUT2 (Prop_lut2_I0_O)        0.124    11.439 r  u_accel/gen_nn_standard.u_accel/gen_hl1_lif[13].hl1_lif/membrane_potential[3]_i_5__43/O
                         net (fo=1, routed)           0.000    11.439    u_accel/gen_nn_standard.u_accel/gen_hl1_lif[13].hl1_lif/membrane_potential[3]_i_5__43_n_0
    SLICE_X10Y110        CARRY4 (Prop_carry4_S[1]_CO[3])
                                                      0.533    11.972 r  u_accel/gen_nn_standard.u_accel/gen_hl1_lif[13].hl1_lif/membrane_potential_reg[3]_i_2__43/CO[3]
                         net (fo=1, routed)           0.000    11.972    u_accel/gen_nn_standard.u_accel/gen_hl1_lif[13].hl1_lif/membrane_potential_reg[3]_i_2__43_n_0
    SLICE_X10Y111        CARRY4 (Prop_carry4_CI_CO[3])
                                                      0.117    12.089 r  u_accel/gen_nn_standard.u_accel/gen_hl1_lif[13].hl1_lif/membrane_potential_reg[7]_i_2__43/CO[3]
                         net (fo=1, routed)           0.000    12.089    u_accel/gen_nn_standard.u_accel/gen_hl1_lif[13].hl1_lif/membrane_potential_reg[7]_i_2__43_n_0
    SLICE_X10Y112        CARRY4 (Prop_carry4_CI_CO[3])
                                                      0.117    12.206 r  u_accel/gen_nn_standard.u_accel/gen_hl1_lif[13].hl1_lif/membrane_potential_reg[11]_i_2__43/CO[3]
                         net (fo=1, routed)           0.000    12.206    u_accel/gen_nn_standard.u_accel/gen_hl1_lif[13].hl1_lif/membrane_potential_reg[11]_i_2__43_n_0
    SLICE_X10Y113        CARRY4 (Prop_carry4_CI_CO[3])
                                                      0.117    12.323 r  u_accel/gen_nn_standard.u_accel/gen_hl1_lif[13].hl1_lif/membrane_potential_reg[15]_i_2__43/CO[3]
                         net (fo=1, routed)           0.000    12.323    u_accel/gen_nn_standard.u_accel/gen_hl1_lif[13].hl1_lif/membrane_potential_reg[15]_i_2__43_n_0
    SLICE_X10Y114        CARRY4 (Prop_carry4_CI_O[3])
                                                      0.315    12.638 f  u_accel/gen_nn_standard.u_accel/gen_hl1_lif[13].hl1_lif/membrane_potential_reg[19]_i_2__43/O[3]
                         net (fo=3, routed)           0.674    13.312    u_accel/gen_nn_standard.u_accel/gen_hl1_lif[13].hl1_lif/membrane_potential0[19]
    SLICE_X11Y114        LUT2 (Prop_lut2_I1_O)        0.307    13.619 r  u_accel/gen_nn_standard.u_accel/gen_hl1_lif[13].hl1_lif/spike_prev_i_10__43/O
                         net (fo=1, routed)           0.000    13.619    u_accel/gen_nn_standard.u_accel/gen_hl1_lif[13].hl1_lif/spike_prev_i_10__43_n_0
    SLICE_X11Y114        CARRY4 (Prop_carry4_S[1]_CO[3])
                                                      0.550    14.169 r  u_accel/gen_nn_standard.u_accel/gen_hl1_lif[13].hl1_lif/spike_prev_reg_i_2__43/CO[3]
                         net (fo=1, routed)           0.737    14.906    u_accel/gen_nn_standard.u_accel/gen_hl1_lif[13].hl1_lif/next_spike
    SLICE_X11Y115        LUT2 (Prop_lut2_I0_O)        0.124    15.030 r  u_accel/gen_nn_standard.u_accel/gen_hl1_lif[13].hl1_lif/spike_prev_i_1__42/O
                         net (fo=1, routed)           0.000    15.030    u_accel/gen_nn_standard.u_accel/gen_hl1_lif[13].hl1_lif/spike_prev_i_1__42_n_0
    SLICE_X11Y115        FDCE                                         r  u_accel/gen_nn_standard.u_accel/gen_hl1_lif[13].hl1_lif/spike_prev_reg/D
  -------------------------------------------------------------------    -------------------

                         (clock sys_clk_pin rise edge)
                                                     10.000    10.000 r  
    E3                                                0.000    10.000 r  CLK100MHZ (IN)
                         net (fo=0)                   0.000    10.000    CLK100MHZ
    E3                   IBUF (Prop_ibuf_I_O)         1.411    11.411 r  CLK100MHZ_IBUF_inst/O
                         net (fo=1, routed)           1.920    13.331    CLK100MHZ_IBUF
    BUFGCTRL_X0Y16       BUFG (Prop_bufg_I_O)         0.091    13.422 r  CLK100MHZ_IBUF_BUFG_inst/O
                         net (fo=21506, routed)       1.505    14.927    u_accel/gen_nn_standard.u_accel/gen_hl1_lif[13].hl1_lif/CLK100MHZ_IBUF_BUFG
    SLICE_X11Y115        FDCE                                         r  u_accel/gen_nn_standard.u_accel/gen_hl1_lif[13].hl1_lif/spike_prev_reg/C
                         clock pessimism              0.259    15.186    
                         clock uncertainty           -0.035    15.151    
    SLICE_X11Y115        FDCE (Setup_fdce_C_D)        0.031    15.182    u_accel/gen_nn_standard.u_accel/gen_hl1_lif[13].hl1_lif/spike_prev_reg
  -------------------------------------------------------------------
                         required time                         15.182    
                         arrival time                         -15.030    
  -------------------------------------------------------------------
                         slack                                  0.152    

Slack (MET) :             0.155ns  (required time - arrival time)
  Source:                 u_accel/gen_nn_standard.u_accel/gen_hl1_lif[28].hl1_lif/membrane_potential_reg[19]/C
                            (rising edge-triggered cell FDCE clocked by sys_clk_pin  {rise@0.000ns fall@5.000ns period=10.000ns})
  Destination:            u_accel/gen_nn_standard.u_accel/gen_hl1_lif[28].hl1_lif/spike_prev_reg/D
                            (rising edge-triggered cell FDCE clocked by sys_clk_pin  {rise@0.000ns fall@5.000ns period=10.000ns})
  Path Group:             sys_clk_pin
  Path Type:              Setup (Max at Slow Process Corner)
  Requirement:            10.000ns  (sys_clk_pin rise@10.000ns - sys_clk_pin rise@0.000ns)
  Data Path Delay:        9.889ns  (logic 6.667ns (67.421%)  route 3.222ns (32.579%))
  Logic Levels:           11  (CARRY4=7 DSP48E1=1 LUT2=3)
  Clock Path Skew:        0.000ns (DCD - SCD + CPR)
    Destination Clock Delay (DCD):    4.931ns = ( 14.931 - 10.000 ) 
    Source Clock Delay      (SCD):    5.233ns
    Clock Pessimism Removal (CPR):    0.302ns
  Clock Uncertainty:      0.035ns  ((TSJ^2 + TIJ^2)^1/2 + DJ) / 2 + PE
    Total System Jitter     (TSJ):    0.071ns
    Total Input Jitter      (TIJ):    0.000ns
    Discrete Jitter          (DJ):    0.000ns
    Phase Error              (PE):    0.000ns

    Location             Delay type                Incr(ns)  Path(ns)    Netlist Resource(s)
  -------------------------------------------------------------------    -------------------
                         (clock sys_clk_pin rise edge)
                                                      0.000     0.000 r  
    E3                                                0.000     0.000 r  CLK100MHZ (IN)
                         net (fo=0)                   0.000     0.000    CLK100MHZ
    E3                   IBUF (Prop_ibuf_I_O)         1.482     1.482 r  CLK100MHZ_IBUF_inst/O
                         net (fo=1, routed)           2.025     3.506    CLK100MHZ_IBUF
    BUFGCTRL_X0Y16       BUFG (Prop_bufg_I_O)         0.096     3.602 r  CLK100MHZ_IBUF_BUFG_inst/O
                         net (fo=21506, routed)       1.631     5.233    u_accel/gen_nn_standard.u_accel/gen_hl1_lif[28].hl1_lif/CLK100MHZ_IBUF_BUFG
    SLICE_X14Y100        FDCE                                         r  u_accel/gen_nn_standard.u_accel/gen_hl1_lif[28].hl1_lif/membrane_potential_reg[19]/C
  -------------------------------------------------------------------    -------------------
    SLICE_X14Y100        FDCE (Prop_fdce_C_Q)         0.478     5.711 r  u_accel/gen_nn_standard.u_accel/gen_hl1_lif[28].hl1_lif/membrane_potential_reg[19]/Q
                         net (fo=1, routed)           0.811     6.522    u_accel/gen_nn_standard.u_accel/gen_hl1_lif[28].hl1_lif/membrane_potential_reg_n_0_[19]
    DSP48_X0Y39          DSP48E1 (Prop_dsp48e1_A[19]_P[8])
                                                      4.018    10.540 r  u_accel/gen_nn_standard.u_accel/gen_hl1_lif[28].hl1_lif/membrane_potential3/P[8]
                         net (fo=2, routed)           0.758    11.297    u_accel/gen_nn_standard.u_accel/gen_hl1_lif[28].hl1_lif/membrane_potential2[1]
    SLICE_X11Y96         LUT2 (Prop_lut2_I0_O)        0.124    11.421 r  u_accel/gen_nn_standard.u_accel/gen_hl1_lif[28].hl1_lif/membrane_potential[3]_i_5__28/O
                         net (fo=1, routed)           0.000    11.421    u_accel/gen_nn_standard.u_accel/gen_hl1_lif[28].hl1_lif/membrane_potential[3]_i_5__28_n_0
    SLICE_X11Y96         CARRY4 (Prop_carry4_S[1]_CO[3])
                                                      0.550    11.971 r  u_accel/gen_nn_standard.u_accel/gen_hl1_lif[28].hl1_lif/membrane_potential_reg[3]_i_2__28/CO[3]
                         net (fo=1, routed)           0.000    11.971    u_accel/gen_nn_standard.u_accel/gen_hl1_lif[28].hl1_lif/membrane_potential_reg[3]_i_2__28_n_0
    SLICE_X11Y97         CARRY4 (Prop_carry4_CI_CO[3])
                                                      0.114    12.085 r  u_accel/gen_nn_standard.u_accel/gen_hl1_lif[28].hl1_lif/membrane_potential_reg[7]_i_2__28/CO[3]
                         net (fo=1, routed)           0.000    12.085    u_accel/gen_nn_standard.u_accel/gen_hl1_lif[28].hl1_lif/membrane_potential_reg[7]_i_2__28_n_0
    SLICE_X11Y98         CARRY4 (Prop_carry4_CI_CO[3])
                                                      0.114    12.199 r  u_accel/gen_nn_standard.u_accel/gen_hl1_lif[28].hl1_lif/membrane_potential_reg[11]_i_2__28/CO[3]
                         net (fo=1, routed)           0.000    12.199    u_accel/gen_nn_standard.u_accel/gen_hl1_lif[28].hl1_lif/membrane_potential_reg[11]_i_2__28_n_0
    SLICE_X11Y99         CARRY4 (Prop_carry4_CI_CO[3])
                                                      0.114    12.313 r  u_accel/gen_nn_standard.u_accel/gen_hl1_lif[28].hl1_lif/membrane_potential_reg[15]_i_2__28/CO[3]
                         net (fo=1, routed)           0.001    12.314    u_accel/gen_nn_standard.u_accel/gen_hl1_lif[28].hl1_lif/membrane_potential_reg[15]_i_2__28_n_0
    SLICE_X11Y100        CARRY4 (Prop_carry4_CI_CO[3])
                                                      0.114    12.428 r  u_accel/gen_nn_standard.u_accel/gen_hl1_lif[28].hl1_lif/membrane_potential_reg[19]_i_2__28/CO[3]
                         net (fo=1, routed)           0.000    12.428    u_accel/gen_nn_standard.u_accel/gen_hl1_lif[28].hl1_lif/membrane_potential_reg[19]_i_2__28_n_0
    SLICE_X11Y101        CARRY4 (Prop_carry4_CI_O[2])
                                                      0.239    12.667 f  u_accel/gen_nn_standard.u_accel/gen_hl1_lif[28].hl1_lif/membrane_potential_reg[23]_i_2__26/O[2]
                         net (fo=3, routed)           0.853    13.520    u_accel/gen_nn_standard.u_accel/gen_hl1_lif[28].hl1_lif/membrane_potential0[22]
    SLICE_X12Y99         LUT2 (Prop_lut2_I0_O)        0.302    13.822 r  u_accel/gen_nn_standard.u_accel/gen_hl1_lif[28].hl1_lif/spike_prev_i_8__28/O
                         net (fo=1, routed)           0.000    13.822    u_accel/gen_nn_standard.u_accel/gen_hl1_lif[28].hl1_lif/spike_prev_i_8__28_n_0
    SLICE_X12Y99         CARRY4 (Prop_carry4_S[3]_CO[3])
                                                      0.376    14.198 r  u_accel/gen_nn_standard.u_accel/gen_hl1_lif[28].hl1_lif/spike_prev_reg_i_2__28/CO[3]
                         net (fo=1, routed)           0.800    14.998    u_accel/gen_nn_standard.u_accel/gen_hl1_lif[28].hl1_lif/next_spike
    SLICE_X14Y100        LUT2 (Prop_lut2_I0_O)        0.124    15.122 r  u_accel/gen_nn_standard.u_accel/gen_hl1_lif[28].hl1_lif/spike_prev_i_1__55/O
                         net (fo=1, routed)           0.000    15.122    u_accel/gen_nn_standard.u_accel/gen_hl1_lif[28].hl1_lif/spike_prev_i_1__55_n_0
    SLICE_X14Y100        FDCE                                         r  u_accel/gen_nn_standard.u_accel/gen_hl1_lif[28].hl1_lif/spike_prev_reg/D
  -------------------------------------------------------------------    -------------------

                         (clock sys_clk_pin rise edge)
                                                     10.000    10.000 r  
    E3                                                0.000    10.000 r  CLK100MHZ (IN)
                         net (fo=0)                   0.000    10.000    CLK100MHZ
    E3                   IBUF (Prop_ibuf_I_O)         1.411    11.411 r  CLK100MHZ_IBUF_inst/O
                         net (fo=1, routed)           1.920    13.331    CLK100MHZ_IBUF
    BUFGCTRL_X0Y16       BUFG (Prop_bufg_I_O)         0.091    13.422 r  CLK100MHZ_IBUF_BUFG_inst/O
                         net (fo=21506, routed)       1.509    14.931    u_accel/gen_nn_standard.u_accel/gen_hl1_lif[28].hl1_lif/CLK100MHZ_IBUF_BUFG
    SLICE_X14Y100        FDCE                                         r  u_accel/gen_nn_standard.u_accel/gen_hl1_lif[28].hl1_lif/spike_prev_reg/C
                         clock pessimism              0.302    15.233    
                         clock uncertainty           -0.035    15.198    
    SLICE_X14Y100        FDCE (Setup_fdce_C_D)        0.079    15.277    u_accel/gen_nn_standard.u_accel/gen_hl1_lif[28].hl1_lif/spike_prev_reg
  -------------------------------------------------------------------
                         required time                         15.277    
                         arrival time                         -15.122    
  -------------------------------------------------------------------
                         slack                                  0.155    

Slack (MET) :             0.156ns  (required time - arrival time)
  Source:                 u_accel/gen_nn_standard.u_accel/gen_hl1_lif[31].hl1_lif/membrane_potential_reg[23]/C
                            (rising edge-triggered cell FDCE clocked by sys_clk_pin  {rise@0.000ns fall@5.000ns period=10.000ns})
  Destination:            u_accel/gen_nn_standard.u_accel/gen_hl1_lif[31].hl1_lif/spike_prev_reg/D
                            (rising edge-triggered cell FDCE clocked by sys_clk_pin  {rise@0.000ns fall@5.000ns period=10.000ns})
  Path Group:             sys_clk_pin
  Path Type:              Setup (Max at Slow Process Corner)
  Requirement:            10.000ns  (sys_clk_pin rise@10.000ns - sys_clk_pin rise@0.000ns)
  Data Path Delay:        9.842ns  (logic 6.662ns (67.689%)  route 3.180ns (32.311%))
  Logic Levels:           11  (CARRY4=7 DSP48E1=1 LUT2=3)
  Clock Path Skew:        -0.044ns (DCD - SCD + CPR)
    Destination Clock Delay (DCD):    4.947ns = ( 14.947 - 10.000 ) 
    Source Clock Delay      (SCD):    5.250ns
    Clock Pessimism Removal (CPR):    0.259ns
  Clock Uncertainty:      0.035ns  ((TSJ^2 + TIJ^2)^1/2 + DJ) / 2 + PE
    Total System Jitter     (TSJ):    0.071ns
    Total Input Jitter      (TIJ):    0.000ns
    Discrete Jitter          (DJ):    0.000ns
    Phase Error              (PE):    0.000ns

    Location             Delay type                Incr(ns)  Path(ns)    Netlist Resource(s)
  -------------------------------------------------------------------    -------------------
                         (clock sys_clk_pin rise edge)
                                                      0.000     0.000 r  
    E3                                                0.000     0.000 r  CLK100MHZ (IN)
                         net (fo=0)                   0.000     0.000    CLK100MHZ
    E3                   IBUF (Prop_ibuf_I_O)         1.482     1.482 r  CLK100MHZ_IBUF_inst/O
                         net (fo=1, routed)           2.025     3.506    CLK100MHZ_IBUF
    BUFGCTRL_X0Y16       BUFG (Prop_bufg_I_O)         0.096     3.602 r  CLK100MHZ_IBUF_BUFG_inst/O
                         net (fo=21506, routed)       1.647     5.250    u_accel/gen_nn_standard.u_accel/gen_hl1_lif[31].hl1_lif/CLK100MHZ_IBUF_BUFG
    SLICE_X10Y95         FDCE                                         r  u_accel/gen_nn_standard.u_accel/gen_hl1_lif[31].hl1_lif/membrane_potential_reg[23]/C
  -------------------------------------------------------------------    -------------------
    SLICE_X10Y95         FDCE (Prop_fdce_C_Q)         0.478     5.728 r  u_accel/gen_nn_standard.u_accel/gen_hl1_lif[31].hl1_lif/membrane_potential_reg[23]/Q
                         net (fo=7, routed)           0.844     6.572    u_accel/gen_nn_standard.u_accel/gen_hl1_lif[31].hl1_lif/membrane_potential_reg_n_0_[23]
    DSP48_X0Y36          DSP48E1 (Prop_dsp48e1_A[23]_P[8])
                                                      4.013    10.585 r  u_accel/gen_nn_standard.u_accel/gen_hl1_lif[31].hl1_lif/membrane_potential3/P[8]
                         net (fo=2, routed)           0.901    11.485    u_accel/gen_nn_standard.u_accel/gen_hl1_lif[31].hl1_lif/membrane_potential2[1]
    SLICE_X11Y90         LUT2 (Prop_lut2_I0_O)        0.124    11.609 r  u_accel/gen_nn_standard.u_accel/gen_hl1_lif[31].hl1_lif/membrane_potential[3]_i_5__25/O
                         net (fo=1, routed)           0.000    11.609    u_accel/gen_nn_standard.u_accel/gen_hl1_lif[31].hl1_lif/membrane_potential[3]_i_5__25_n_0
    SLICE_X11Y90         CARRY4 (Prop_carry4_S[1]_CO[3])
                                                      0.550    12.159 r  u_accel/gen_nn_standard.u_accel/gen_hl1_lif[31].hl1_lif/membrane_potential_reg[3]_i_2__25/CO[3]
                         net (fo=1, routed)           0.000    12.159    u_accel/gen_nn_standard.u_accel/gen_hl1_lif[31].hl1_lif/membrane_potential_reg[3]_i_2__25_n_0
    SLICE_X11Y91         CARRY4 (Prop_carry4_CI_CO[3])
                                                      0.114    12.273 r  u_accel/gen_nn_standard.u_accel/gen_hl1_lif[31].hl1_lif/membrane_potential_reg[7]_i_2__25/CO[3]
                         net (fo=1, routed)           0.000    12.273    u_accel/gen_nn_standard.u_accel/gen_hl1_lif[31].hl1_lif/membrane_potential_reg[7]_i_2__25_n_0
    SLICE_X11Y92         CARRY4 (Prop_carry4_CI_CO[3])
                                                      0.114    12.387 r  u_accel/gen_nn_standard.u_accel/gen_hl1_lif[31].hl1_lif/membrane_potential_reg[11]_i_2__25/CO[3]
                         net (fo=1, routed)           0.000    12.387    u_accel/gen_nn_standard.u_accel/gen_hl1_lif[31].hl1_lif/membrane_potential_reg[11]_i_2__25_n_0
    SLICE_X11Y93         CARRY4 (Prop_carry4_CI_CO[3])
                                                      0.114    12.501 r  u_accel/gen_nn_standard.u_accel/gen_hl1_lif[31].hl1_lif/membrane_potential_reg[15]_i_2__25/CO[3]
                         net (fo=1, routed)           0.000    12.501    u_accel/gen_nn_standard.u_accel/gen_hl1_lif[31].hl1_lif/membrane_potential_reg[15]_i_2__25_n_0
    SLICE_X11Y94         CARRY4 (Prop_carry4_CI_CO[3])
                                                      0.114    12.615 r  u_accel/gen_nn_standard.u_accel/gen_hl1_lif[31].hl1_lif/membrane_potential_reg[19]_i_2__25/CO[3]
                         net (fo=1, routed)           0.000    12.615    u_accel/gen_nn_standard.u_accel/gen_hl1_lif[31].hl1_lif/membrane_potential_reg[19]_i_2__25_n_0
    SLICE_X11Y95         CARRY4 (Prop_carry4_CI_O[2])
                                                      0.239    12.854 f  u_accel/gen_nn_standard.u_accel/gen_hl1_lif[31].hl1_lif/membrane_potential_reg[23]_i_3/O[2]
                         net (fo=3, routed)           0.818    13.672    u_accel/gen_nn_standard.u_accel/gen_hl1_lif[31].hl1_lif/membrane_potential0[22]
    SLICE_X10Y93         LUT2 (Prop_lut2_I0_O)        0.302    13.974 r  u_accel/gen_nn_standard.u_accel/gen_hl1_lif[31].hl1_lif/spike_prev_i_8__25/O
                         net (fo=1, routed)           0.000    13.974    u_accel/gen_nn_standard.u_accel/gen_hl1_lif[31].hl1_lif/spike_prev_i_8__25_n_0
    SLICE_X10Y93         CARRY4 (Prop_carry4_S[3]_CO[3])
                                                      0.376    14.350 r  u_accel/gen_nn_standard.u_accel/gen_hl1_lif[31].hl1_lif/spike_prev_reg_i_2__25/CO[3]
                         net (fo=1, routed)           0.617    14.968    u_accel/gen_nn_standard.u_accel/gen_hl1_lif[31].hl1_lif/next_spike
    SLICE_X8Y93          LUT2 (Prop_lut2_I0_O)        0.124    15.092 r  u_accel/gen_nn_standard.u_accel/gen_hl1_lif[31].hl1_lif/spike_prev_i_1__54/O
                         net (fo=1, routed)           0.000    15.092    u_accel/gen_nn_standard.u_accel/gen_hl1_lif[31].hl1_lif/spike_prev_i_1__54_n_0
    SLICE_X8Y93          FDCE                                         r  u_accel/gen_nn_standard.u_accel/gen_hl1_lif[31].hl1_lif/spike_prev_reg/D
  -------------------------------------------------------------------    -------------------

                         (clock sys_clk_pin rise edge)
                                                     10.000    10.000 r  
    E3                                                0.000    10.000 r  CLK100MHZ (IN)
                         net (fo=0)                   0.000    10.000    CLK100MHZ
    E3                   IBUF (Prop_ibuf_I_O)         1.411    11.411 r  CLK100MHZ_IBUF_inst/O
                         net (fo=1, routed)           1.920    13.331    CLK100MHZ_IBUF
    BUFGCTRL_X0Y16       BUFG (Prop_bufg_I_O)         0.091    13.422 r  CLK100MHZ_IBUF_BUFG_inst/O
                         net (fo=21506, routed)       1.524    14.947    u_accel/gen_nn_standard.u_accel/gen_hl1_lif[31].hl1_lif/CLK100MHZ_IBUF_BUFG
    SLICE_X8Y93          FDCE                                         r  u_accel/gen_nn_standard.u_accel/gen_hl1_lif[31].hl1_lif/spike_prev_reg/C
                         clock pessimism              0.259    15.206    
                         clock uncertainty           -0.035    15.170    
    SLICE_X8Y93          FDCE (Setup_fdce_C_D)        0.077    15.247    u_accel/gen_nn_standard.u_accel/gen_hl1_lif[31].hl1_lif/spike_prev_reg
  -------------------------------------------------------------------
                         required time                         15.247    
                         arrival time                         -15.092    
  -------------------------------------------------------------------
                         slack                                  0.156    





Min Delay Paths
--------------------------------------------------------------------------------------
Slack (MET) :             0.027ns  (arrival time - required time)
  Source:                 u_accel/gen_nn_standard.u_accel/gen_hl2[21].membrane_buf/membrane_out_reg[16]/C
                            (rising edge-triggered cell FDCE clocked by sys_clk_pin  {rise@0.000ns fall@5.000ns period=10.000ns})
  Destination:            u_accel/gen_nn_standard.u_accel/q_accum/mem_sel_r_reg[0][1][16]/D
                            (rising edge-triggered cell FDCE clocked by sys_clk_pin  {rise@0.000ns fall@5.000ns period=10.000ns})
  Path Group:             sys_clk_pin
  Path Type:              Hold (Min at Fast Process Corner)
  Requirement:            0.000ns  (sys_clk_pin rise@0.000ns - sys_clk_pin rise@0.000ns)
  Data Path Delay:        0.422ns  (logic 0.261ns (61.806%)  route 0.161ns (38.194%))
  Logic Levels:           2  (LUT6=1 MUXF7=1)
  Clock Path Skew:        0.261ns (DCD - SCD - CPR)
    Destination Clock Delay (DCD):    1.984ns
    Source Clock Delay      (SCD):    1.472ns
    Clock Pessimism Removal (CPR):    0.250ns

    Location             Delay type                Incr(ns)  Path(ns)    Netlist Resource(s)
  -------------------------------------------------------------------    -------------------
                         (clock sys_clk_pin rise edge)
                                                      0.000     0.000 r  
    E3                                                0.000     0.000 r  CLK100MHZ (IN)
                         net (fo=0)                   0.000     0.000    CLK100MHZ
    E3                   IBUF (Prop_ibuf_I_O)         0.250     0.250 r  CLK100MHZ_IBUF_inst/O
                         net (fo=1, routed)           0.644     0.894    CLK100MHZ_IBUF
    BUFGCTRL_X0Y16       BUFG (Prop_bufg_I_O)         0.026     0.920 r  CLK100MHZ_IBUF_BUFG_inst/O
                         net (fo=21506, routed)       0.553     1.472    u_accel/gen_nn_standard.u_accel/gen_hl2[21].membrane_buf/CLK100MHZ_IBUF_BUFG
    SLICE_X51Y76         FDCE                                         r  u_accel/gen_nn_standard.u_accel/gen_hl2[21].membrane_buf/membrane_out_reg[16]/C
  -------------------------------------------------------------------    -------------------
    SLICE_X51Y76         FDCE (Prop_fdce_C_Q)         0.141     1.613 r  u_accel/gen_nn_standard.u_accel/gen_hl2[21].membrane_buf/membrane_out_reg[16]/Q
                         net (fo=1, routed)           0.161     1.775    u_accel/gen_nn_standard.u_accel/q_accum/mem_sel_r_reg[0][1][23]_5[16]
    SLICE_X54Y76         LUT6 (Prop_lut6_I3_O)        0.045     1.820 r  u_accel/gen_nn_standard.u_accel/q_accum/mem_sel_r[0][1][16]_i_3/O
                         net (fo=1, routed)           0.000     1.820    u_accel/gen_nn_standard.u_accel/q_accum/mem_sel_r[0][1][16]_i_3_n_0
    SLICE_X54Y76         MUXF7 (Prop_muxf7_I1_O)      0.075     1.895 r  u_accel/gen_nn_standard.u_accel/q_accum/mem_sel_r_reg[0][1][16]_i_1/O
                         net (fo=1, routed)           0.000     1.895    u_accel/gen_nn_standard.u_accel/q_accum/mem_sel_r_reg[0][1][16]_i_1_n_0
    SLICE_X54Y76         FDCE                                         r  u_accel/gen_nn_standard.u_accel/q_accum/mem_sel_r_reg[0][1][16]/D
  -------------------------------------------------------------------    -------------------

                         (clock sys_clk_pin rise edge)
                                                      0.000     0.000 r  
    E3                                                0.000     0.000 r  CLK100MHZ (IN)
                         net (fo=0)                   0.000     0.000    CLK100MHZ
    E3                   IBUF (Prop_ibuf_I_O)         0.438     0.438 r  CLK100MHZ_IBUF_inst/O
                         net (fo=1, routed)           0.699     1.136    CLK100MHZ_IBUF
    BUFGCTRL_X0Y16       BUFG (Prop_bufg_I_O)         0.029     1.165 r  CLK100MHZ_IBUF_BUFG_inst/O
                         net (fo=21506, routed)       0.819     1.984    u_accel/gen_nn_standard.u_accel/q_accum/CLK100MHZ_IBUF_BUFG
    SLICE_X54Y76         FDCE                                         r  u_accel/gen_nn_standard.u_accel/q_accum/mem_sel_r_reg[0][1][16]/C
                         clock pessimism             -0.250     1.733    
    SLICE_X54Y76         FDCE (Hold_fdce_C_D)         0.134     1.867    u_accel/gen_nn_standard.u_accel/q_accum/mem_sel_r_reg[0][1][16]
  -------------------------------------------------------------------
                         required time                         -1.867    
                         arrival time                           1.895    
  -------------------------------------------------------------------
                         slack                                  0.027    

Slack (MET) :             0.043ns  (arrival time - required time)
  Source:                 u_accel/gen_nn_standard.u_accel/gen_hl2[10].hl2_lif/membrane_potential_reg[4]/C
                            (rising edge-triggered cell FDCE clocked by sys_clk_pin  {rise@0.000ns fall@5.000ns period=10.000ns})
  Destination:            u_accel/gen_nn_standard.u_accel/gen_hl2[10].membrane_buf/membrane_storage_reg[16][4]/D
                            (rising edge-triggered cell FDCE clocked by sys_clk_pin  {rise@0.000ns fall@5.000ns period=10.000ns})
  Path Group:             sys_clk_pin
  Path Type:              Hold (Min at Fast Process Corner)
  Requirement:            0.000ns  (sys_clk_pin rise@0.000ns - sys_clk_pin rise@0.000ns)
  Data Path Delay:        0.379ns  (logic 0.141ns (37.239%)  route 0.238ns (62.761%))
  Logic Levels:           0  
  Clock Path Skew:        0.265ns (DCD - SCD - CPR)
    Destination Clock Delay (DCD):    2.069ns
    Source Clock Delay      (SCD):    1.550ns
    Clock Pessimism Removal (CPR):    0.254ns

    Location             Delay type                Incr(ns)  Path(ns)    Netlist Resource(s)
  -------------------------------------------------------------------    -------------------
                         (clock sys_clk_pin rise edge)
                                                      0.000     0.000 r  
    E3                                                0.000     0.000 r  CLK100MHZ (IN)
                         net (fo=0)                   0.000     0.000    CLK100MHZ
    E3                   IBUF (Prop_ibuf_I_O)         0.250     0.250 r  CLK100MHZ_IBUF_inst/O
                         net (fo=1, routed)           0.644     0.894    CLK100MHZ_IBUF
    BUFGCTRL_X0Y16       BUFG (Prop_bufg_I_O)         0.026     0.920 r  CLK100MHZ_IBUF_BUFG_inst/O
                         net (fo=21506, routed)       0.630     1.550    u_accel/gen_nn_standard.u_accel/gen_hl2[10].hl2_lif/CLK100MHZ_IBUF_BUFG
    SLICE_X57Y40         FDCE                                         r  u_accel/gen_nn_standard.u_accel/gen_hl2[10].hl2_lif/membrane_potential_reg[4]/C
  -------------------------------------------------------------------    -------------------
    SLICE_X57Y40         FDCE (Prop_fdce_C_Q)         0.141     1.691 r  u_accel/gen_nn_standard.u_accel/gen_hl2[10].hl2_lif/membrane_potential_reg[4]/Q
                         net (fo=21, routed)          0.238     1.929    u_accel/gen_nn_standard.u_accel/gen_hl2[10].membrane_buf/D[4]
    SLICE_X51Y41         FDCE                                         r  u_accel/gen_nn_standard.u_accel/gen_hl2[10].membrane_buf/membrane_storage_reg[16][4]/D
  -------------------------------------------------------------------    -------------------

                         (clock sys_clk_pin rise edge)
                                                      0.000     0.000 r  
    E3                                                0.000     0.000 r  CLK100MHZ (IN)
                         net (fo=0)                   0.000     0.000    CLK100MHZ
    E3                   IBUF (Prop_ibuf_I_O)         0.438     0.438 r  CLK100MHZ_IBUF_inst/O
                         net (fo=1, routed)           0.699     1.136    CLK100MHZ_IBUF
    BUFGCTRL_X0Y16       BUFG (Prop_bufg_I_O)         0.029     1.165 r  CLK100MHZ_IBUF_BUFG_inst/O
                         net (fo=21506, routed)       0.904     2.069    u_accel/gen_nn_standard.u_accel/gen_hl2[10].membrane_buf/CLK100MHZ_IBUF_BUFG
    SLICE_X51Y41         FDCE                                         r  u_accel/gen_nn_standard.u_accel/gen_hl2[10].membrane_buf/membrane_storage_reg[16][4]/C
                         clock pessimism             -0.254     1.815    
    SLICE_X51Y41         FDCE (Hold_fdce_C_D)         0.071     1.886    u_accel/gen_nn_standard.u_accel/gen_hl2[10].membrane_buf/membrane_storage_reg[16][4]
  -------------------------------------------------------------------
                         required time                         -1.886    
                         arrival time                           1.929    
  -------------------------------------------------------------------
                         slack                                  0.043    

Slack (MET) :             0.048ns  (arrival time - required time)
  Source:                 u_accel/gen_nn_standard.u_accel/gen_hl2[3].membrane_buf/membrane_out_reg[11]/C
                            (rising edge-triggered cell FDCE clocked by sys_clk_pin  {rise@0.000ns fall@5.000ns period=10.000ns})
  Destination:            u_accel/gen_nn_standard.u_accel/q_accum/mem_sel_r_reg[0][3][11]/D
                            (rising edge-triggered cell FDCE clocked by sys_clk_pin  {rise@0.000ns fall@5.000ns period=10.000ns})
  Path Group:             sys_clk_pin
  Path Type:              Hold (Min at Fast Process Corner)
  Requirement:            0.000ns  (sys_clk_pin rise@0.000ns - sys_clk_pin rise@0.000ns)
  Data Path Delay:        0.420ns  (logic 0.248ns (59.089%)  route 0.172ns (40.911%))
  Logic Levels:           2  (LUT6=1 MUXF7=1)
  Clock Path Skew:        0.267ns (DCD - SCD - CPR)
    Destination Clock Delay (DCD):    2.068ns
    Source Clock Delay      (SCD):    1.547ns
    Clock Pessimism Removal (CPR):    0.254ns

    Location             Delay type                Incr(ns)  Path(ns)    Netlist Resource(s)
  -------------------------------------------------------------------    -------------------
                         (clock sys_clk_pin rise edge)
                                                      0.000     0.000 r  
    E3                                                0.000     0.000 r  CLK100MHZ (IN)
                         net (fo=0)                   0.000     0.000    CLK100MHZ
    E3                   IBUF (Prop_ibuf_I_O)         0.250     0.250 r  CLK100MHZ_IBUF_inst/O
                         net (fo=1, routed)           0.644     0.894    CLK100MHZ_IBUF
    BUFGCTRL_X0Y16       BUFG (Prop_bufg_I_O)         0.026     0.920 r  CLK100MHZ_IBUF_BUFG_inst/O
                         net (fo=21506, routed)       0.627     1.547    u_accel/gen_nn_standard.u_accel/gen_hl2[3].membrane_buf/CLK100MHZ_IBUF_BUFG
    SLICE_X52Y12         FDCE                                         r  u_accel/gen_nn_standard.u_accel/gen_hl2[3].membrane_buf/membrane_out_reg[11]/C
  -------------------------------------------------------------------    -------------------
    SLICE_X52Y12         FDCE (Prop_fdce_C_Q)         0.141     1.688 r  u_accel/gen_nn_standard.u_accel/gen_hl2[3].membrane_buf/membrane_out_reg[11]/Q
                         net (fo=1, routed)           0.172     1.860    u_accel/gen_nn_standard.u_accel/q_accum/mem_sel_r_reg[0][3][23]_3[11]
    SLICE_X49Y12         LUT6 (Prop_lut6_I5_O)        0.045     1.905 r  u_accel/gen_nn_standard.u_accel/q_accum/mem_sel_r[0][3][11]_i_2/O
                         net (fo=1, routed)           0.000     1.905    u_accel/gen_nn_standard.u_accel/q_accum/mem_sel_r[0][3][11]_i_2_n_0
    SLICE_X49Y12         MUXF7 (Prop_muxf7_I0_O)      0.062     1.967 r  u_accel/gen_nn_standard.u_accel/q_accum/mem_sel_r_reg[0][3][11]_i_1/O
                         net (fo=1, routed)           0.000     1.967    u_accel/gen_nn_standard.u_accel/q_accum/mem_sel_r_reg[0][3][11]_i_1_n_0
    SLICE_X49Y12         FDCE                                         r  u_accel/gen_nn_standard.u_accel/q_accum/mem_sel_r_reg[0][3][11]/D
  -------------------------------------------------------------------    -------------------

                         (clock sys_clk_pin rise edge)
                                                      0.000     0.000 r  
    E3                                                0.000     0.000 r  CLK100MHZ (IN)
                         net (fo=0)                   0.000     0.000    CLK100MHZ
    E3                   IBUF (Prop_ibuf_I_O)         0.438     0.438 r  CLK100MHZ_IBUF_inst/O
                         net (fo=1, routed)           0.699     1.136    CLK100MHZ_IBUF
    BUFGCTRL_X0Y16       BUFG (Prop_bufg_I_O)         0.029     1.165 r  CLK100MHZ_IBUF_BUFG_inst/O
                         net (fo=21506, routed)       0.903     2.068    u_accel/gen_nn_standard.u_accel/q_accum/CLK100MHZ_IBUF_BUFG
    SLICE_X49Y12         FDCE                                         r  u_accel/gen_nn_standard.u_accel/q_accum/mem_sel_r_reg[0][3][11]/C
                         clock pessimism             -0.254     1.814    
    SLICE_X49Y12         FDCE (Hold_fdce_C_D)         0.105     1.919    u_accel/gen_nn_standard.u_accel/q_accum/mem_sel_r_reg[0][3][11]
  -------------------------------------------------------------------
                         required time                         -1.919    
                         arrival time                           1.967    
  -------------------------------------------------------------------
                         slack                                  0.048    

Slack (MET) :             0.057ns  (arrival time - required time)
  Source:                 u_accel/gen_nn_standard.u_accel/gen_hl2[1].membrane_buf/membrane_out_reg[23]/C
                            (rising edge-triggered cell FDCE clocked by sys_clk_pin  {rise@0.000ns fall@5.000ns period=10.000ns})
  Destination:            u_accel/gen_nn_standard.u_accel/q_accum/mem_sel_r_reg[0][1][23]/D
                            (rising edge-triggered cell FDCE clocked by sys_clk_pin  {rise@0.000ns fall@5.000ns period=10.000ns})
  Path Group:             sys_clk_pin
  Path Type:              Hold (Min at Fast Process Corner)
  Requirement:            0.000ns  (sys_clk_pin rise@0.000ns - sys_clk_pin rise@0.000ns)
  Data Path Delay:        0.429ns  (logic 0.257ns (59.942%)  route 0.172ns (40.058%))
  Logic Levels:           2  (LUT6=1 MUXF7=1)
  Clock Path Skew:        0.267ns (DCD - SCD - CPR)
    Destination Clock Delay (DCD):    1.997ns
    Source Clock Delay      (SCD):    1.479ns
    Clock Pessimism Removal (CPR):    0.250ns

    Location             Delay type                Incr(ns)  Path(ns)    Netlist Resource(s)
  -------------------------------------------------------------------    -------------------
                         (clock sys_clk_pin rise edge)
                                                      0.000     0.000 r  
    E3                                                0.000     0.000 r  CLK100MHZ (IN)
                         net (fo=0)                   0.000     0.000    CLK100MHZ
    E3                   IBUF (Prop_ibuf_I_O)         0.250     0.250 r  CLK100MHZ_IBUF_inst/O
                         net (fo=1, routed)           0.644     0.894    CLK100MHZ_IBUF
    BUFGCTRL_X0Y16       BUFG (Prop_bufg_I_O)         0.026     0.920 r  CLK100MHZ_IBUF_BUFG_inst/O
                         net (fo=21506, routed)       0.560     1.479    u_accel/gen_nn_standard.u_accel/gen_hl2[1].membrane_buf/CLK100MHZ_IBUF_BUFG
    SLICE_X52Y63         FDCE                                         r  u_accel/gen_nn_standard.u_accel/gen_hl2[1].membrane_buf/membrane_out_reg[23]/C
  -------------------------------------------------------------------    -------------------
    SLICE_X52Y63         FDCE (Prop_fdce_C_Q)         0.141     1.620 r  u_accel/gen_nn_standard.u_accel/gen_hl2[1].membrane_buf/membrane_out_reg[23]/Q
                         net (fo=1, routed)           0.172     1.792    u_accel/gen_nn_standard.u_accel/q_accum/mem_sel_r_reg[0][1][23]_2[23]
    SLICE_X49Y63         LUT6 (Prop_lut6_I5_O)        0.045     1.837 r  u_accel/gen_nn_standard.u_accel/q_accum/mem_sel_r[0][1][23]_i_2/O
                         net (fo=1, routed)           0.000     1.837    u_accel/gen_nn_standard.u_accel/q_accum/mem_sel_r[0][1][23]_i_2_n_0
    SLICE_X49Y63         MUXF7 (Prop_muxf7_I0_O)      0.071     1.908 r  u_accel/gen_nn_standard.u_accel/q_accum/mem_sel_r_reg[0][1][23]_i_1/O
                         net (fo=1, routed)           0.000     1.908    u_accel/gen_nn_standard.u_accel/q_accum/mem_sel_r_reg[0][1][23]_i_1_n_0
    SLICE_X49Y63         FDCE                                         r  u_accel/gen_nn_standard.u_accel/q_accum/mem_sel_r_reg[0][1][23]/D
  -------------------------------------------------------------------    -------------------

                         (clock sys_clk_pin rise edge)
                                                      0.000     0.000 r  
    E3                                                0.000     0.000 r  CLK100MHZ (IN)
                         net (fo=0)                   0.000     0.000    CLK100MHZ
    E3                   IBUF (Prop_ibuf_I_O)         0.438     0.438 r  CLK100MHZ_IBUF_inst/O
                         net (fo=1, routed)           0.699     1.136    CLK100MHZ_IBUF
    BUFGCTRL_X0Y16       BUFG (Prop_bufg_I_O)         0.029     1.165 r  CLK100MHZ_IBUF_BUFG_inst/O
                         net (fo=21506, routed)       0.832     1.997    u_accel/gen_nn_standard.u_accel/q_accum/CLK100MHZ_IBUF_BUFG
    SLICE_X49Y63         FDCE                                         r  u_accel/gen_nn_standard.u_accel/q_accum/mem_sel_r_reg[0][1][23]/C
                         clock pessimism             -0.250     1.746    
    SLICE_X49Y63         FDCE (Hold_fdce_C_D)         0.105     1.851    u_accel/gen_nn_standard.u_accel/q_accum/mem_sel_r_reg[0][1][23]
  -------------------------------------------------------------------
                         required time                         -1.851    
                         arrival time                           1.908    
  -------------------------------------------------------------------
                         slack                                  0.057    

Slack (MET) :             0.059ns  (arrival time - required time)
  Source:                 u_accel/gen_nn_standard.u_accel/gen_hl2[1].hl2_lif/membrane_potential_reg[21]/C
                            (rising edge-triggered cell FDCE clocked by sys_clk_pin  {rise@0.000ns fall@5.000ns period=10.000ns})
  Destination:            u_accel/gen_nn_standard.u_accel/gen_hl2[1].membrane_buf/membrane_storage_reg[2][21]/D
                            (rising edge-triggered cell FDCE clocked by sys_clk_pin  {rise@0.000ns fall@5.000ns period=10.000ns})
  Path Group:             sys_clk_pin
  Path Type:              Hold (Min at Fast Process Corner)
  Requirement:            0.000ns  (sys_clk_pin rise@0.000ns - sys_clk_pin rise@0.000ns)
  Data Path Delay:        0.401ns  (logic 0.141ns (35.152%)  route 0.260ns (64.848%))
  Logic Levels:           0  
  Clock Path Skew:        0.267ns (DCD - SCD - CPR)
    Destination Clock Delay (DCD):    1.995ns
    Source Clock Delay      (SCD):    1.477ns
    Clock Pessimism Removal (CPR):    0.250ns

    Location             Delay type                Incr(ns)  Path(ns)    Netlist Resource(s)
  -------------------------------------------------------------------    -------------------
                         (clock sys_clk_pin rise edge)
                                                      0.000     0.000 r  
    E3                                                0.000     0.000 r  CLK100MHZ (IN)
                         net (fo=0)                   0.000     0.000    CLK100MHZ
    E3                   IBUF (Prop_ibuf_I_O)         0.250     0.250 r  CLK100MHZ_IBUF_inst/O
                         net (fo=1, routed)           0.644     0.894    CLK100MHZ_IBUF
    BUFGCTRL_X0Y16       BUFG (Prop_bufg_I_O)         0.026     0.920 r  CLK100MHZ_IBUF_BUFG_inst/O
                         net (fo=21506, routed)       0.558     1.477    u_accel/gen_nn_standard.u_accel/gen_hl2[1].hl2_lif/CLK100MHZ_IBUF_BUFG
    SLICE_X57Y68         FDCE                                         r  u_accel/gen_nn_standard.u_accel/gen_hl2[1].hl2_lif/membrane_potential_reg[21]/C
  -------------------------------------------------------------------    -------------------
    SLICE_X57Y68         FDCE (Prop_fdce_C_Q)         0.141     1.618 r  u_accel/gen_nn_standard.u_accel/gen_hl2[1].hl2_lif/membrane_potential_reg[21]/Q
                         net (fo=21, routed)          0.260     1.878    u_accel/gen_nn_standard.u_accel/gen_hl2[1].membrane_buf/D[21]
    SLICE_X50Y64         FDCE                                         r  u_accel/gen_nn_standard.u_accel/gen_hl2[1].membrane_buf/membrane_storage_reg[2][21]/D
  -------------------------------------------------------------------    -------------------

                         (clock sys_clk_pin rise edge)
                                                      0.000     0.000 r  
    E3                                                0.000     0.000 r  CLK100MHZ (IN)
                         net (fo=0)                   0.000     0.000    CLK100MHZ
    E3                   IBUF (Prop_ibuf_I_O)         0.438     0.438 r  CLK100MHZ_IBUF_inst/O
                         net (fo=1, routed)           0.699     1.136    CLK100MHZ_IBUF
    BUFGCTRL_X0Y16       BUFG (Prop_bufg_I_O)         0.029     1.165 r  CLK100MHZ_IBUF_BUFG_inst/O
                         net (fo=21506, routed)       0.830     1.995    u_accel/gen_nn_standard.u_accel/gen_hl2[1].membrane_buf/CLK100MHZ_IBUF_BUFG
    SLICE_X50Y64         FDCE                                         r  u_accel/gen_nn_standard.u_accel/gen_hl2[1].membrane_buf/membrane_storage_reg[2][21]/C
                         clock pessimism             -0.250     1.744    
    SLICE_X50Y64         FDCE (Hold_fdce_C_D)         0.075     1.819    u_accel/gen_nn_standard.u_accel/gen_hl2[1].membrane_buf/membrane_storage_reg[2][21]
  -------------------------------------------------------------------
                         required time                         -1.819    
                         arrival time                           1.878    
  -------------------------------------------------------------------
                         slack                                  0.059    

Slack (MET) :             0.063ns  (arrival time - required time)
  Source:                 u_accel/gen_nn_standard.u_accel/gen_hl2[27].hl2_lif/membrane_potential_reg[6]/C
                            (rising edge-triggered cell FDCE clocked by sys_clk_pin  {rise@0.000ns fall@5.000ns period=10.000ns})
  Destination:            u_accel/gen_nn_standard.u_accel/gen_hl2[27].membrane_buf/membrane_storage_reg[3][6]/D
                            (rising edge-triggered cell FDCE clocked by sys_clk_pin  {rise@0.000ns fall@5.000ns period=10.000ns})
  Path Group:             sys_clk_pin
  Path Type:              Hold (Min at Fast Process Corner)
  Requirement:            0.000ns  (sys_clk_pin rise@0.000ns - sys_clk_pin rise@0.000ns)
  Data Path Delay:        0.344ns  (logic 0.128ns (37.175%)  route 0.216ns (62.825%))
  Logic Levels:           0  
  Clock Path Skew:        0.268ns (DCD - SCD - CPR)
    Destination Clock Delay (DCD):    2.072ns
    Source Clock Delay      (SCD):    1.550ns
    Clock Pessimism Removal (CPR):    0.254ns

    Location             Delay type                Incr(ns)  Path(ns)    Netlist Resource(s)
  -------------------------------------------------------------------    -------------------
                         (clock sys_clk_pin rise edge)
                                                      0.000     0.000 r  
    E3                                                0.000     0.000 r  CLK100MHZ (IN)
                         net (fo=0)                   0.000     0.000    CLK100MHZ
    E3                   IBUF (Prop_ibuf_I_O)         0.250     0.250 r  CLK100MHZ_IBUF_inst/O
                         net (fo=1, routed)           0.644     0.894    CLK100MHZ_IBUF
    BUFGCTRL_X0Y16       BUFG (Prop_bufg_I_O)         0.026     0.920 r  CLK100MHZ_IBUF_BUFG_inst/O
                         net (fo=21506, routed)       0.630     1.550    u_accel/gen_nn_standard.u_accel/gen_hl2[27].hl2_lif/CLK100MHZ_IBUF_BUFG
    SLICE_X55Y3          FDCE                                         r  u_accel/gen_nn_standard.u_accel/gen_hl2[27].hl2_lif/membrane_potential_reg[6]/C
  -------------------------------------------------------------------    -------------------
    SLICE_X55Y3          FDCE (Prop_fdce_C_Q)         0.128     1.678 r  u_accel/gen_nn_standard.u_accel/gen_hl2[27].hl2_lif/membrane_potential_reg[6]/Q
                         net (fo=21, routed)          0.216     1.894    u_accel/gen_nn_standard.u_accel/gen_hl2[27].membrane_buf/D[6]
    SLICE_X49Y3          FDCE                                         r  u_accel/gen_nn_standard.u_accel/gen_hl2[27].membrane_buf/membrane_storage_reg[3][6]/D
  -------------------------------------------------------------------    -------------------

                         (clock sys_clk_pin rise edge)
                                                      0.000     0.000 r  
    E3                                                0.000     0.000 r  CLK100MHZ (IN)
                         net (fo=0)                   0.000     0.000    CLK100MHZ
    E3                   IBUF (Prop_ibuf_I_O)         0.438     0.438 r  CLK100MHZ_IBUF_inst/O
                         net (fo=1, routed)           0.699     1.136    CLK100MHZ_IBUF
    BUFGCTRL_X0Y16       BUFG (Prop_bufg_I_O)         0.029     1.165 r  CLK100MHZ_IBUF_BUFG_inst/O
                         net (fo=21506, routed)       0.907     2.072    u_accel/gen_nn_standard.u_accel/gen_hl2[27].membrane_buf/CLK100MHZ_IBUF_BUFG
    SLICE_X49Y3          FDCE                                         r  u_accel/gen_nn_standard.u_accel/gen_hl2[27].membrane_buf/membrane_storage_reg[3][6]/C
                         clock pessimism             -0.254     1.818    
    SLICE_X49Y3          FDCE (Hold_fdce_C_D)         0.013     1.831    u_accel/gen_nn_standard.u_accel/gen_hl2[27].membrane_buf/membrane_storage_reg[3][6]
  -------------------------------------------------------------------
                         required time                         -1.831    
                         arrival time                           1.894    
  -------------------------------------------------------------------
                         slack                                  0.063    

Slack (MET) :             0.065ns  (arrival time - required time)
  Source:                 u_accel/gen_nn_standard.u_accel/gen_hl2[30].membrane_buf/membrane_out_reg[21]/C
                            (rising edge-triggered cell FDCE clocked by sys_clk_pin  {rise@0.000ns fall@5.000ns period=10.000ns})
  Destination:            u_accel/gen_nn_standard.u_accel/q_accum/mem_sel_r_reg[0][2][21]/D
                            (rising edge-triggered cell FDCE clocked by sys_clk_pin  {rise@0.000ns fall@5.000ns period=10.000ns})
  Path Group:             sys_clk_pin
  Path Type:              Hold (Min at Fast Process Corner)
  Requirement:            0.000ns  (sys_clk_pin rise@0.000ns - sys_clk_pin rise@0.000ns)
  Data Path Delay:        0.432ns  (logic 0.260ns (60.117%)  route 0.172ns (39.883%))
  Logic Levels:           2  (LUT6=1 MUXF7=1)
  Clock Path Skew:        0.262ns (DCD - SCD - CPR)
    Destination Clock Delay (DCD):    2.069ns
    Source Clock Delay      (SCD):    1.553ns
    Clock Pessimism Removal (CPR):    0.254ns

    Location             Delay type                Incr(ns)  Path(ns)    Netlist Resource(s)
  -------------------------------------------------------------------    -------------------
                         (clock sys_clk_pin rise edge)
                                                      0.000     0.000 r  
    E3                                                0.000     0.000 r  CLK100MHZ (IN)
                         net (fo=0)                   0.000     0.000    CLK100MHZ
    E3                   IBUF (Prop_ibuf_I_O)         0.250     0.250 r  CLK100MHZ_IBUF_inst/O
                         net (fo=1, routed)           0.644     0.894    CLK100MHZ_IBUF
    BUFGCTRL_X0Y16       BUFG (Prop_bufg_I_O)         0.026     0.920 r  CLK100MHZ_IBUF_BUFG_inst/O
                         net (fo=21506, routed)       0.633     1.553    u_accel/gen_nn_standard.u_accel/gen_hl2[30].membrane_buf/CLK100MHZ_IBUF_BUFG
    SLICE_X49Y47         FDCE                                         r  u_accel/gen_nn_standard.u_accel/gen_hl2[30].membrane_buf/membrane_out_reg[21]/C
  -------------------------------------------------------------------    -------------------
    SLICE_X49Y47         FDCE (Prop_fdce_C_Q)         0.141     1.694 r  u_accel/gen_nn_standard.u_accel/gen_hl2[30].membrane_buf/membrane_out_reg[21]/Q
                         net (fo=1, routed)           0.172     1.866    u_accel/gen_nn_standard.u_accel/q_accum/mem_sel_r_reg[0][2][23]_4[21]
    SLICE_X52Y46         LUT6 (Prop_lut6_I0_O)        0.045     1.911 r  u_accel/gen_nn_standard.u_accel/q_accum/mem_sel_r[0][2][21]_i_3/O
                         net (fo=1, routed)           0.000     1.911    u_accel/gen_nn_standard.u_accel/q_accum/mem_sel_r[0][2][21]_i_3_n_0
    SLICE_X52Y46         MUXF7 (Prop_muxf7_I1_O)      0.074     1.985 r  u_accel/gen_nn_standard.u_accel/q_accum/mem_sel_r_reg[0][2][21]_i_1/O
                         net (fo=1, routed)           0.000     1.985    u_accel/gen_nn_standard.u_accel/q_accum/mem_sel_r_reg[0][2][21]_i_1_n_0
    SLICE_X52Y46         FDCE                                         r  u_accel/gen_nn_standard.u_accel/q_accum/mem_sel_r_reg[0][2][21]/D
  -------------------------------------------------------------------    -------------------

                         (clock sys_clk_pin rise edge)
                                                      0.000     0.000 r  
    E3                                                0.000     0.000 r  CLK100MHZ (IN)
                         net (fo=0)                   0.000     0.000    CLK100MHZ
    E3                   IBUF (Prop_ibuf_I_O)         0.438     0.438 r  CLK100MHZ_IBUF_inst/O
                         net (fo=1, routed)           0.699     1.136    CLK100MHZ_IBUF
    BUFGCTRL_X0Y16       BUFG (Prop_bufg_I_O)         0.029     1.165 r  CLK100MHZ_IBUF_BUFG_inst/O
                         net (fo=21506, routed)       0.904     2.069    u_accel/gen_nn_standard.u_accel/q_accum/CLK100MHZ_IBUF_BUFG
    SLICE_X52Y46         FDCE                                         r  u_accel/gen_nn_standard.u_accel/q_accum/mem_sel_r_reg[0][2][21]/C
                         clock pessimism             -0.254     1.815    
    SLICE_X52Y46         FDCE (Hold_fdce_C_D)         0.105     1.920    u_accel/gen_nn_standard.u_accel/q_accum/mem_sel_r_reg[0][2][21]
  -------------------------------------------------------------------
                         required time                         -1.920    
                         arrival time                           1.985    
  -------------------------------------------------------------------
                         slack                                  0.065    

Slack (MET) :             0.079ns  (arrival time - required time)
  Source:                 u_accel/gen_nn_standard.u_accel/gen_hl2[19].hl2_lif/membrane_potential_reg[9]/C
                            (rising edge-triggered cell FDCE clocked by sys_clk_pin  {rise@0.000ns fall@5.000ns period=10.000ns})
  Destination:            u_accel/gen_nn_standard.u_accel/gen_hl2[19].membrane_buf/membrane_storage_reg[12][9]/D
                            (rising edge-triggered cell FDCE clocked by sys_clk_pin  {rise@0.000ns fall@5.000ns period=10.000ns})
  Path Group:             sys_clk_pin
  Path Type:              Hold (Min at Fast Process Corner)
  Requirement:            0.000ns  (sys_clk_pin rise@0.000ns - sys_clk_pin rise@0.000ns)
  Data Path Delay:        0.337ns  (logic 0.128ns (37.935%)  route 0.209ns (62.065%))
  Logic Levels:           0  
  Clock Path Skew:        0.266ns (DCD - SCD - CPR)
    Destination Clock Delay (DCD):    2.069ns
    Source Clock Delay      (SCD):    1.549ns
    Clock Pessimism Removal (CPR):    0.254ns

    Location             Delay type                Incr(ns)  Path(ns)    Netlist Resource(s)
  -------------------------------------------------------------------    -------------------
                         (clock sys_clk_pin rise edge)
                                                      0.000     0.000 r  
    E3                                                0.000     0.000 r  CLK100MHZ (IN)
                         net (fo=0)                   0.000     0.000    CLK100MHZ
    E3                   IBUF (Prop_ibuf_I_O)         0.250     0.250 r  CLK100MHZ_IBUF_inst/O
                         net (fo=1, routed)           0.644     0.894    CLK100MHZ_IBUF
    BUFGCTRL_X0Y16       BUFG (Prop_bufg_I_O)         0.026     0.920 r  CLK100MHZ_IBUF_BUFG_inst/O
                         net (fo=21506, routed)       0.629     1.549    u_accel/gen_nn_standard.u_accel/gen_hl2[19].hl2_lif/CLK100MHZ_IBUF_BUFG
    SLICE_X55Y9          FDCE                                         r  u_accel/gen_nn_standard.u_accel/gen_hl2[19].hl2_lif/membrane_potential_reg[9]/C
  -------------------------------------------------------------------    -------------------
    SLICE_X55Y9          FDCE (Prop_fdce_C_Q)         0.128     1.677 r  u_accel/gen_nn_standard.u_accel/gen_hl2[19].hl2_lif/membrane_potential_reg[9]/Q
                         net (fo=21, routed)          0.209     1.886    u_accel/gen_nn_standard.u_accel/gen_hl2[19].membrane_buf/D[9]
    SLICE_X51Y8          FDCE                                         r  u_accel/gen_nn_standard.u_accel/gen_hl2[19].membrane_buf/membrane_storage_reg[12][9]/D
  -------------------------------------------------------------------    -------------------

                         (clock sys_clk_pin rise edge)
                                                      0.000     0.000 r  
    E3                                                0.000     0.000 r  CLK100MHZ (IN)
                         net (fo=0)                   0.000     0.000    CLK100MHZ
    E3                   IBUF (Prop_ibuf_I_O)         0.438     0.438 r  CLK100MHZ_IBUF_inst/O
                         net (fo=1, routed)           0.699     1.136    CLK100MHZ_IBUF
    BUFGCTRL_X0Y16       BUFG (Prop_bufg_I_O)         0.029     1.165 r  CLK100MHZ_IBUF_BUFG_inst/O
                         net (fo=21506, routed)       0.904     2.069    u_accel/gen_nn_standard.u_accel/gen_hl2[19].membrane_buf/CLK100MHZ_IBUF_BUFG
    SLICE_X51Y8          FDCE                                         r  u_accel/gen_nn_standard.u_accel/gen_hl2[19].membrane_buf/membrane_storage_reg[12][9]/C
                         clock pessimism             -0.254     1.815    
    SLICE_X51Y8          FDCE (Hold_fdce_C_D)        -0.008     1.807    u_accel/gen_nn_standard.u_accel/gen_hl2[19].membrane_buf/membrane_storage_reg[12][9]
  -------------------------------------------------------------------
                         required time                         -1.807    
                         arrival time                           1.886    
  -------------------------------------------------------------------
                         slack                                  0.079    

Slack (MET) :             0.088ns  (arrival time - required time)
  Source:                 u_accel/gen_nn_standard.u_accel/fc2/FSM_onehot_state_reg[1]_rep__3/C
                            (rising edge-triggered cell FDCE clocked by sys_clk_pin  {rise@0.000ns fall@5.000ns period=10.000ns})
  Destination:            u_accel/gen_nn_standard.u_accel/fc2/accums_reg[13][23]/D
                            (rising edge-triggered cell FDCE clocked by sys_clk_pin  {rise@0.000ns fall@5.000ns period=10.000ns})
  Path Group:             sys_clk_pin
  Path Type:              Hold (Min at Fast Process Corner)
  Requirement:            0.000ns  (sys_clk_pin rise@0.000ns - sys_clk_pin rise@0.000ns)
  Data Path Delay:        0.416ns  (logic 0.188ns (45.169%)  route 0.228ns (54.831%))
  Logic Levels:           1  (LUT2=1)
  Clock Path Skew:        0.197ns (DCD - SCD - CPR)
    Destination Clock Delay (DCD):    2.000ns
    Source Clock Delay      (SCD):    1.552ns
    Clock Pessimism Removal (CPR):    0.250ns

    Location             Delay type                Incr(ns)  Path(ns)    Netlist Resource(s)
  -------------------------------------------------------------------    -------------------
                         (clock sys_clk_pin rise edge)
                                                      0.000     0.000 r  
    E3                                                0.000     0.000 r  CLK100MHZ (IN)
                         net (fo=0)                   0.000     0.000    CLK100MHZ
    E3                   IBUF (Prop_ibuf_I_O)         0.250     0.250 r  CLK100MHZ_IBUF_inst/O
                         net (fo=1, routed)           0.644     0.894    CLK100MHZ_IBUF
    BUFGCTRL_X0Y16       BUFG (Prop_bufg_I_O)         0.026     0.920 r  CLK100MHZ_IBUF_BUFG_inst/O
                         net (fo=21506, routed)       0.632     1.552    u_accel/gen_nn_standard.u_accel/fc2/CLK100MHZ_IBUF_BUFG
    SLICE_X57Y49         FDCE                                         r  u_accel/gen_nn_standard.u_accel/fc2/FSM_onehot_state_reg[1]_rep__3/C
  -------------------------------------------------------------------    -------------------
    SLICE_X57Y49         FDCE (Prop_fdce_C_Q)         0.141     1.693 r  u_accel/gen_nn_standard.u_accel/fc2/FSM_onehot_state_reg[1]_rep__3/Q
                         net (fo=121, routed)         0.228     1.921    u_accel/gen_nn_standard.u_accel/fc2/FSM_onehot_state_reg[1]_rep__3_n_0
    SLICE_X54Y50         LUT2 (Prop_lut2_I0_O)        0.047     1.968 r  u_accel/gen_nn_standard.u_accel/fc2/accums[13][23]_i_1/O
                         net (fo=1, routed)           0.000     1.968    u_accel/gen_nn_standard.u_accel/fc2/accums[13][23]_i_1_n_0
    SLICE_X54Y50         FDCE                                         r  u_accel/gen_nn_standard.u_accel/fc2/accums_reg[13][23]/D
  -------------------------------------------------------------------    -------------------

                         (clock sys_clk_pin rise edge)
                                                      0.000     0.000 r  
    E3                                                0.000     0.000 r  CLK100MHZ (IN)
                         net (fo=0)                   0.000     0.000    CLK100MHZ
    E3                   IBUF (Prop_ibuf_I_O)         0.438     0.438 r  CLK100MHZ_IBUF_inst/O
                         net (fo=1, routed)           0.699     1.136    CLK100MHZ_IBUF
    BUFGCTRL_X0Y16       BUFG (Prop_bufg_I_O)         0.029     1.165 r  CLK100MHZ_IBUF_BUFG_inst/O
                         net (fo=21506, routed)       0.835     2.000    u_accel/gen_nn_standard.u_accel/fc2/CLK100MHZ_IBUF_BUFG
    SLICE_X54Y50         FDCE                                         r  u_accel/gen_nn_standard.u_accel/fc2/accums_reg[13][23]/C
                         clock pessimism             -0.250     1.749    
    SLICE_X54Y50         FDCE (Hold_fdce_C_D)         0.131     1.880    u_accel/gen_nn_standard.u_accel/fc2/accums_reg[13][23]
  -------------------------------------------------------------------
                         required time                         -1.880    
                         arrival time                           1.968    
  -------------------------------------------------------------------
                         slack                                  0.088    

Slack (MET) :             0.088ns  (arrival time - required time)
  Source:                 u_accel/gen_nn_standard.u_accel/gen_hl2[3].hl2_lif/membrane_potential_reg[5]/C
                            (rising edge-triggered cell FDCE clocked by sys_clk_pin  {rise@0.000ns fall@5.000ns period=10.000ns})
  Destination:            u_accel/gen_nn_standard.u_accel/gen_hl2[3].membrane_buf/membrane_storage_reg[15][5]/D
                            (rising edge-triggered cell FDCE clocked by sys_clk_pin  {rise@0.000ns fall@5.000ns period=10.000ns})
  Path Group:             sys_clk_pin
  Path Type:              Hold (Min at Fast Process Corner)
  Requirement:            0.000ns  (sys_clk_pin rise@0.000ns - sys_clk_pin rise@0.000ns)
  Data Path Delay:        0.413ns  (logic 0.164ns (39.715%)  route 0.249ns (60.285%))
  Logic Levels:           0  
  Clock Path Skew:        0.265ns (DCD - SCD - CPR)
    Destination Clock Delay (DCD):    2.069ns
    Source Clock Delay      (SCD):    1.550ns
    Clock Pessimism Removal (CPR):    0.254ns

    Location             Delay type                Incr(ns)  Path(ns)    Netlist Resource(s)
  -------------------------------------------------------------------    -------------------
                         (clock sys_clk_pin rise edge)
                                                      0.000     0.000 r  
    E3                                                0.000     0.000 r  CLK100MHZ (IN)
                         net (fo=0)                   0.000     0.000    CLK100MHZ
    E3                   IBUF (Prop_ibuf_I_O)         0.250     0.250 r  CLK100MHZ_IBUF_inst/O
                         net (fo=1, routed)           0.644     0.894    CLK100MHZ_IBUF
    BUFGCTRL_X0Y16       BUFG (Prop_bufg_I_O)         0.026     0.920 r  CLK100MHZ_IBUF_BUFG_inst/O
                         net (fo=21506, routed)       0.630     1.550    u_accel/gen_nn_standard.u_accel/gen_hl2[3].hl2_lif/CLK100MHZ_IBUF_BUFG
    SLICE_X56Y7          FDCE                                         r  u_accel/gen_nn_standard.u_accel/gen_hl2[3].hl2_lif/membrane_potential_reg[5]/C
  -------------------------------------------------------------------    -------------------
    SLICE_X56Y7          FDCE (Prop_fdce_C_Q)         0.164     1.714 r  u_accel/gen_nn_standard.u_accel/gen_hl2[3].hl2_lif/membrane_potential_reg[5]/Q
                         net (fo=21, routed)          0.249     1.963    u_accel/gen_nn_standard.u_accel/gen_hl2[3].membrane_buf/D[5]
    SLICE_X50Y9          FDCE                                         r  u_accel/gen_nn_standard.u_accel/gen_hl2[3].membrane_buf/membrane_storage_reg[15][5]/D
  -------------------------------------------------------------------    -------------------

                         (clock sys_clk_pin rise edge)
                                                      0.000     0.000 r  
    E3                                                0.000     0.000 r  CLK100MHZ (IN)
                         net (fo=0)                   0.000     0.000    CLK100MHZ
    E3                   IBUF (Prop_ibuf_I_O)         0.438     0.438 r  CLK100MHZ_IBUF_inst/O
                         net (fo=1, routed)           0.699     1.136    CLK100MHZ_IBUF
    BUFGCTRL_X0Y16       BUFG (Prop_bufg_I_O)         0.029     1.165 r  CLK100MHZ_IBUF_BUFG_inst/O
                         net (fo=21506, routed)       0.904     2.069    u_accel/gen_nn_standard.u_accel/gen_hl2[3].membrane_buf/CLK100MHZ_IBUF_BUFG
    SLICE_X50Y9          FDCE                                         r  u_accel/gen_nn_standard.u_accel/gen_hl2[3].membrane_buf/membrane_storage_reg[15][5]/C
                         clock pessimism             -0.254     1.815    
    SLICE_X50Y9          FDCE (Hold_fdce_C_D)         0.060     1.875    u_accel/gen_nn_standard.u_accel/gen_hl2[3].membrane_buf/membrane_storage_reg[15][5]
  -------------------------------------------------------------------
                         required time                         -1.875    
                         arrival time                           1.963    
  -------------------------------------------------------------------
                         slack                                  0.088    





Pulse Width Checks
--------------------------------------------------------------------------------------
Clock Name:         sys_clk_pin
Waveform(ns):       { 0.000 5.000 }
Period(ns):         10.000
Sources:            { CLK100MHZ }

Check Type        Corner  Lib Pin      Reference Pin  Required(ns)  Actual(ns)  Slack(ns)  Location        Pin
Min Period        n/a     BUFG/I       n/a            2.155         10.000      7.845      BUFGCTRL_X0Y16  CLK100MHZ_IBUF_BUFG_inst/I
Min Period        n/a     DSP48E1/CLK  n/a            2.154         10.000      7.846      DSP48_X2Y11     u_accel/gen_nn_standard.u_accel/q_accum/p_0_out/CLK
Min Period        n/a     DSP48E1/CLK  n/a            2.154         10.000      7.846      DSP48_X1Y12     u_accel/gen_nn_standard.u_accel/q_accum/p_0_out__0/CLK
Min Period        n/a     DSP48E1/CLK  n/a            2.154         10.000      7.846      DSP48_X1Y9      u_accel/gen_nn_standard.u_accel/q_accum/p_0_out__1/CLK
Min Period        n/a     DSP48E1/CLK  n/a            2.154         10.000      7.846      DSP48_X2Y10     u_accel/gen_nn_standard.u_accel/q_accum/p_0_out__3/CLK
Min Period        n/a     DSP48E1/CLK  n/a            2.154         10.000      7.846      DSP48_X2Y12     u_accel/gen_nn_standard.u_accel/q_accum/p_0_out__4/CLK
Min Period        n/a     DSP48E1/CLK  n/a            2.154         10.000      7.846      DSP48_X2Y8      u_accel/gen_nn_standard.u_accel/q_accum/p_0_out__5/CLK
Min Period        n/a     FDCE/C       n/a            1.000         10.000      9.000      SLICE_X36Y101   action_q_reg/C
Min Period        n/a     FDRE/C       n/a            1.000         10.000      9.000      SLICE_X0Y51     heartbeat_count_reg[0]/C
Min Period        n/a     FDRE/C       n/a            1.000         10.000      9.000      SLICE_X0Y53     heartbeat_count_reg[10]/C
Low Pulse Width   Slow    FDCE/C       n/a            0.500         5.000       4.500      SLICE_X36Y101   action_q_reg/C
Low Pulse Width   Fast    FDCE/C       n/a            0.500         5.000       4.500      SLICE_X36Y101   action_q_reg/C
Low Pulse Width   Slow    FDRE/C       n/a            0.500         5.000       4.500      SLICE_X0Y51     heartbeat_count_reg[0]/C
Low Pulse Width   Fast    FDRE/C       n/a            0.500         5.000       4.500      SLICE_X0Y51     heartbeat_count_reg[0]/C
Low Pulse Width   Slow    FDRE/C       n/a            0.500         5.000       4.500      SLICE_X0Y53     heartbeat_count_reg[10]/C
Low Pulse Width   Fast    FDRE/C       n/a            0.500         5.000       4.500      SLICE_X0Y53     heartbeat_count_reg[10]/C
Low Pulse Width   Slow    FDRE/C       n/a            0.500         5.000       4.500      SLICE_X0Y53     heartbeat_count_reg[11]/C
Low Pulse Width   Fast    FDRE/C       n/a            0.500         5.000       4.500      SLICE_X0Y53     heartbeat_count_reg[11]/C
Low Pulse Width   Slow    FDRE/C       n/a            0.500         5.000       4.500      SLICE_X0Y54     heartbeat_count_reg[12]/C
Low Pulse Width   Fast    FDRE/C       n/a            0.500         5.000       4.500      SLICE_X0Y54     heartbeat_count_reg[12]/C
High Pulse Width  Slow    FDCE/C       n/a            0.500         5.000       4.500      SLICE_X36Y101   action_q_reg/C
High Pulse Width  Fast    FDCE/C       n/a            0.500         5.000       4.500      SLICE_X36Y101   action_q_reg/C
High Pulse Width  Slow    FDRE/C       n/a            0.500         5.000       4.500      SLICE_X0Y51     heartbeat_count_reg[0]/C
High Pulse Width  Fast    FDRE/C       n/a            0.500         5.000       4.500      SLICE_X0Y51     heartbeat_count_reg[0]/C
High Pulse Width  Slow    FDRE/C       n/a            0.500         5.000       4.500      SLICE_X0Y53     heartbeat_count_reg[10]/C
High Pulse Width  Fast    FDRE/C       n/a            0.500         5.000       4.500      SLICE_X0Y53     heartbeat_count_reg[10]/C
High Pulse Width  Slow    FDRE/C       n/a            0.500         5.000       4.500      SLICE_X0Y53     heartbeat_count_reg[11]/C
High Pulse Width  Fast    FDRE/C       n/a            0.500         5.000       4.500      SLICE_X0Y53     heartbeat_count_reg[11]/C
High Pulse Width  Slow    FDRE/C       n/a            0.500         5.000       4.500      SLICE_X0Y54     heartbeat_count_reg[12]/C
High Pulse Width  Fast    FDRE/C       n/a            0.500         5.000       4.500      SLICE_X0Y54     heartbeat_count_reg[12]/C



--------------------------------------------------------------------------------------
Path Group:  (none)
From Clock:  sys_clk_pin
  To Clock:  

Max Delay             4 Endpoints
Min Delay             4 Endpoints
--------------------------------------------------------------------------------------


Max Delay Paths
--------------------------------------------------------------------------------------
Slack:                    inf
  Source:                 u_accel/u_uart_tx/tx_reg/C
                            (rising edge-triggered cell FDPE clocked by sys_clk_pin  {rise@0.000ns fall@5.000ns period=10.000ns})
  Destination:            UART_RXD_OUT
                            (output port)
  Path Group:             (none)
  Path Type:              Max at Slow Process Corner
  Data Path Delay:        7.963ns  (logic 4.011ns (50.376%)  route 3.951ns (49.624%))
  Logic Levels:           1  (OBUF=1)
  Clock Uncertainty:      0.025ns  ((TSJ^2 + TIJ^2)^1/2 + DJ) / 2 + PE
    Total System Jitter     (TSJ):    0.050ns
    Total Input Jitter      (TIJ):    0.000ns
    Discrete Jitter          (DJ):    0.000ns
    Phase Error              (PE):    0.000ns

    Location             Delay type                Incr(ns)  Path(ns)    Netlist Resource(s)
  -------------------------------------------------------------------    -------------------
                         (clock sys_clk_pin rise edge)
                                                      0.000     0.000 r  
    E3                                                0.000     0.000 r  CLK100MHZ (IN)
                         net (fo=0)                   0.000     0.000    CLK100MHZ
    E3                   IBUF (Prop_ibuf_I_O)         1.482     1.482 r  CLK100MHZ_IBUF_inst/O
                         net (fo=1, routed)           2.025     3.506    CLK100MHZ_IBUF
    BUFGCTRL_X0Y16       BUFG (Prop_bufg_I_O)         0.096     3.602 r  CLK100MHZ_IBUF_BUFG_inst/O
                         net (fo=21506, routed)       1.625     5.227    u_accel/u_uart_tx/CLK100MHZ_IBUF_BUFG
    SLICE_X32Y144        FDPE                                         r  u_accel/u_uart_tx/tx_reg/C
  -------------------------------------------------------------------    -------------------
    SLICE_X32Y144        FDPE (Prop_fdpe_C_Q)         0.456     5.683 r  u_accel/u_uart_tx/tx_reg/Q
                         net (fo=1, routed)           3.951     9.635    UART_RXD_OUT_OBUF
    D4                   OBUF (Prop_obuf_I_O)         3.555    13.190 r  UART_RXD_OUT_OBUF_inst/O
                         net (fo=0)                   0.000    13.190    UART_RXD_OUT
    D4                                                                r  UART_RXD_OUT (OUT)
  -------------------------------------------------------------------    -------------------

Slack:                    inf
  Source:                 u_accel/accel_busy_reg/C
                            (rising edge-triggered cell FDCE clocked by sys_clk_pin  {rise@0.000ns fall@5.000ns period=10.000ns})
  Destination:            LED[0]
                            (output port)
  Path Group:             (none)
  Path Type:              Max at Slow Process Corner
  Data Path Delay:        6.691ns  (logic 4.038ns (60.351%)  route 2.653ns (39.649%))
  Logic Levels:           1  (OBUF=1)
  Clock Uncertainty:      0.025ns  ((TSJ^2 + TIJ^2)^1/2 + DJ) / 2 + PE
    Total System Jitter     (TSJ):    0.050ns
    Total Input Jitter      (TIJ):    0.000ns
    Discrete Jitter          (DJ):    0.000ns
    Phase Error              (PE):    0.000ns

    Location             Delay type                Incr(ns)  Path(ns)    Netlist Resource(s)
  -------------------------------------------------------------------    -------------------
                         (clock sys_clk_pin rise edge)
                                                      0.000     0.000 r  
    E3                                                0.000     0.000 r  CLK100MHZ (IN)
                         net (fo=0)                   0.000     0.000    CLK100MHZ
    E3                   IBUF (Prop_ibuf_I_O)         1.482     1.482 r  CLK100MHZ_IBUF_inst/O
                         net (fo=1, routed)           2.025     3.506    CLK100MHZ_IBUF
    BUFGCTRL_X0Y16       BUFG (Prop_bufg_I_O)         0.096     3.602 r  CLK100MHZ_IBUF_BUFG_inst/O
                         net (fo=21506, routed)       1.615     5.217    u_accel/CLK100MHZ_IBUF_BUFG
    SLICE_X38Y116        FDCE                                         r  u_accel/accel_busy_reg/C
  -------------------------------------------------------------------    -------------------
    SLICE_X38Y116        FDCE (Prop_fdce_C_Q)         0.518     5.735 r  u_accel/accel_busy_reg/Q
                         net (fo=18, routed)          2.653     8.388    LED_OBUF[0]
    H17                  OBUF (Prop_obuf_I_O)         3.520    11.909 r  LED_OBUF[0]_inst/O
                         net (fo=0)                   0.000    11.909    LED[0]
    H17                                                               r  LED[0] (OUT)
  -------------------------------------------------------------------    -------------------

Slack:                    inf
  Source:                 action_q_reg/C
                            (rising edge-triggered cell FDCE clocked by sys_clk_pin  {rise@0.000ns fall@5.000ns period=10.000ns})
  Destination:            LED[1]
                            (output port)
  Path Group:             (none)
  Path Type:              Max at Slow Process Corner
  Data Path Delay:        6.474ns  (logic 3.991ns (61.651%)  route 2.483ns (38.349%))
  Logic Levels:           1  (OBUF=1)
  Clock Uncertainty:      0.025ns  ((TSJ^2 + TIJ^2)^1/2 + DJ) / 2 + PE
    Total System Jitter     (TSJ):    0.050ns
    Total Input Jitter      (TIJ):    0.000ns
    Discrete Jitter          (DJ):    0.000ns
    Phase Error              (PE):    0.000ns

    Location             Delay type                Incr(ns)  Path(ns)    Netlist Resource(s)
  -------------------------------------------------------------------    -------------------
                         (clock sys_clk_pin rise edge)
                                                      0.000     0.000 r  
    E3                                                0.000     0.000 r  CLK100MHZ (IN)
                         net (fo=0)                   0.000     0.000    CLK100MHZ
    E3                   IBUF (Prop_ibuf_I_O)         1.482     1.482 r  CLK100MHZ_IBUF_inst/O
                         net (fo=1, routed)           2.025     3.506    CLK100MHZ_IBUF
    BUFGCTRL_X0Y16       BUFG (Prop_bufg_I_O)         0.096     3.602 r  CLK100MHZ_IBUF_BUFG_inst/O
                         net (fo=21506, routed)       1.625     5.227    CLK100MHZ_IBUF_BUFG
    SLICE_X36Y101        FDCE                                         r  action_q_reg/C
  -------------------------------------------------------------------    -------------------
    SLICE_X36Y101        FDCE (Prop_fdce_C_Q)         0.456     5.683 r  action_q_reg/Q
                         net (fo=1, routed)           2.483     8.166    LED_OBUF[1]
    K15                  OBUF (Prop_obuf_I_O)         3.535    11.701 r  LED_OBUF[1]_inst/O
                         net (fo=0)                   0.000    11.701    LED[1]
    K15                                                               r  LED[1] (OUT)
  -------------------------------------------------------------------    -------------------

Slack:                    inf
  Source:                 heartbeat_count_reg[24]/C
                            (rising edge-triggered cell FDRE clocked by sys_clk_pin  {rise@0.000ns fall@5.000ns period=10.000ns})
  Destination:            LED[15]
                            (output port)
  Path Group:             (none)
  Path Type:              Max at Slow Process Corner
  Data Path Delay:        5.572ns  (logic 4.025ns (72.236%)  route 1.547ns (27.764%))
  Logic Levels:           1  (OBUF=1)
  Clock Uncertainty:      0.025ns  ((TSJ^2 + TIJ^2)^1/2 + DJ) / 2 + PE
    Total System Jitter     (TSJ):    0.050ns
    Total Input Jitter      (TIJ):    0.000ns
    Discrete Jitter          (DJ):    0.000ns
    Phase Error              (PE):    0.000ns

    Location             Delay type                Incr(ns)  Path(ns)    Netlist Resource(s)
  -------------------------------------------------------------------    -------------------
                         (clock sys_clk_pin rise edge)
                                                      0.000     0.000 r  
    E3                                                0.000     0.000 r  CLK100MHZ (IN)
                         net (fo=0)                   0.000     0.000    CLK100MHZ
    E3                   IBUF (Prop_ibuf_I_O)         1.482     1.482 r  CLK100MHZ_IBUF_inst/O
                         net (fo=1, routed)           2.025     3.506    CLK100MHZ_IBUF
    BUFGCTRL_X0Y16       BUFG (Prop_bufg_I_O)         0.096     3.602 r  CLK100MHZ_IBUF_BUFG_inst/O
                         net (fo=21506, routed)       1.724     5.327    CLK100MHZ_IBUF_BUFG
    SLICE_X0Y57          FDRE                                         r  heartbeat_count_reg[24]/C
  -------------------------------------------------------------------    -------------------
    SLICE_X0Y57          FDRE (Prop_fdre_C_Q)         0.456     5.783 r  heartbeat_count_reg[24]/Q
                         net (fo=2, routed)           1.547     7.330    LED_OBUF[15]
    V11                  OBUF (Prop_obuf_I_O)         3.569    10.899 r  LED_OBUF[15]_inst/O
                         net (fo=0)                   0.000    10.899    LED[15]
    V11                                                               r  LED[15] (OUT)
  -------------------------------------------------------------------    -------------------





Min Delay Paths
--------------------------------------------------------------------------------------
Slack:                    inf
  Source:                 heartbeat_count_reg[24]/C
                            (rising edge-triggered cell FDRE clocked by sys_clk_pin  {rise@0.000ns fall@5.000ns period=10.000ns})
  Destination:            LED[15]
                            (output port)
  Path Group:             (none)
  Path Type:              Min at Fast Process Corner
  Data Path Delay:        1.710ns  (logic 1.410ns (82.462%)  route 0.300ns (17.538%))
  Logic Levels:           1  (OBUF=1)
  Clock Uncertainty:      0.025ns  ((TSJ^2 + TIJ^2)^1/2 + DJ) / 2 + PE
    Total System Jitter     (TSJ):    0.050ns
    Total Input Jitter      (TIJ):    0.000ns
    Discrete Jitter          (DJ):    0.000ns
    Phase Error              (PE):    0.000ns

    Location             Delay type                Incr(ns)  Path(ns)    Netlist Resource(s)
  -------------------------------------------------------------------    -------------------
                         (clock sys_clk_pin rise edge)
                                                      0.000     0.000 r  
    E3                                                0.000     0.000 r  CLK100MHZ (IN)
                         net (fo=0)                   0.000     0.000    CLK100MHZ
    E3                   IBUF (Prop_ibuf_I_O)         0.250     0.250 r  CLK100MHZ_IBUF_inst/O
                         net (fo=1, routed)           0.644     0.894    CLK100MHZ_IBUF
    BUFGCTRL_X0Y16       BUFG (Prop_bufg_I_O)         0.026     0.920 r  CLK100MHZ_IBUF_BUFG_inst/O
                         net (fo=21506, routed)       0.603     1.522    CLK100MHZ_IBUF_BUFG
    SLICE_X0Y57          FDRE                                         r  heartbeat_count_reg[24]/C
  -------------------------------------------------------------------    -------------------
    SLICE_X0Y57          FDRE (Prop_fdre_C_Q)         0.141     1.663 r  heartbeat_count_reg[24]/Q
                         net (fo=2, routed)           0.300     1.963    LED_OBUF[15]
    V11                  OBUF (Prop_obuf_I_O)         1.269     3.233 r  LED_OBUF[15]_inst/O
                         net (fo=0)                   0.000     3.233    LED[15]
    V11                                                               r  LED[15] (OUT)
  -------------------------------------------------------------------    -------------------

Slack:                    inf
  Source:                 action_q_reg/C
                            (rising edge-triggered cell FDCE clocked by sys_clk_pin  {rise@0.000ns fall@5.000ns period=10.000ns})
  Destination:            LED[1]
                            (output port)
  Path Group:             (none)
  Path Type:              Min at Fast Process Corner
  Data Path Delay:        2.075ns  (logic 1.377ns (66.374%)  route 0.698ns (33.626%))
  Logic Levels:           1  (OBUF=1)
  Clock Uncertainty:      0.025ns  ((TSJ^2 + TIJ^2)^1/2 + DJ) / 2 + PE
    Total System Jitter     (TSJ):    0.050ns
    Total Input Jitter      (TIJ):    0.000ns
    Discrete Jitter          (DJ):    0.000ns
    Phase Error              (PE):    0.000ns

    Location             Delay type                Incr(ns)  Path(ns)    Netlist Resource(s)
  -------------------------------------------------------------------    -------------------
                         (clock sys_clk_pin rise edge)
                                                      0.000     0.000 r  
    E3                                                0.000     0.000 r  CLK100MHZ (IN)
                         net (fo=0)                   0.000     0.000    CLK100MHZ
    E3                   IBUF (Prop_ibuf_I_O)         0.250     0.250 r  CLK100MHZ_IBUF_inst/O
                         net (fo=1, routed)           0.644     0.894    CLK100MHZ_IBUF
    BUFGCTRL_X0Y16       BUFG (Prop_bufg_I_O)         0.026     0.920 r  CLK100MHZ_IBUF_BUFG_inst/O
                         net (fo=21506, routed)       0.565     1.484    CLK100MHZ_IBUF_BUFG
    SLICE_X36Y101        FDCE                                         r  action_q_reg/C
  -------------------------------------------------------------------    -------------------
    SLICE_X36Y101        FDCE (Prop_fdce_C_Q)         0.141     1.625 r  action_q_reg/Q
                         net (fo=1, routed)           0.698     2.323    LED_OBUF[1]
    K15                  OBUF (Prop_obuf_I_O)         1.236     3.559 r  LED_OBUF[1]_inst/O
                         net (fo=0)                   0.000     3.559    LED[1]
    K15                                                               r  LED[1] (OUT)
  -------------------------------------------------------------------    -------------------

Slack:                    inf
  Source:                 u_accel/accel_busy_reg/C
                            (rising edge-triggered cell FDCE clocked by sys_clk_pin  {rise@0.000ns fall@5.000ns period=10.000ns})
  Destination:            LED[0]
                            (output port)
  Path Group:             (none)
  Path Type:              Min at Fast Process Corner
  Data Path Delay:        2.198ns  (logic 1.385ns (63.016%)  route 0.813ns (36.984%))
  Logic Levels:           1  (OBUF=1)
  Clock Uncertainty:      0.025ns  ((TSJ^2 + TIJ^2)^1/2 + DJ) / 2 + PE
    Total System Jitter     (TSJ):    0.050ns
    Total Input Jitter      (TIJ):    0.000ns
    Discrete Jitter          (DJ):    0.000ns
    Phase Error              (PE):    0.000ns

    Location             Delay type                Incr(ns)  Path(ns)    Netlist Resource(s)
  -------------------------------------------------------------------    -------------------
                         (clock sys_clk_pin rise edge)
                                                      0.000     0.000 r  
    E3                                                0.000     0.000 r  CLK100MHZ (IN)
                         net (fo=0)                   0.000     0.000    CLK100MHZ
    E3                   IBUF (Prop_ibuf_I_O)         0.250     0.250 r  CLK100MHZ_IBUF_inst/O
                         net (fo=1, routed)           0.644     0.894    CLK100MHZ_IBUF
    BUFGCTRL_X0Y16       BUFG (Prop_bufg_I_O)         0.026     0.920 r  CLK100MHZ_IBUF_BUFG_inst/O
                         net (fo=21506, routed)       0.557     1.476    u_accel/CLK100MHZ_IBUF_BUFG
    SLICE_X38Y116        FDCE                                         r  u_accel/accel_busy_reg/C
  -------------------------------------------------------------------    -------------------
    SLICE_X38Y116        FDCE (Prop_fdce_C_Q)         0.164     1.640 r  u_accel/accel_busy_reg/Q
                         net (fo=18, routed)          0.813     2.453    LED_OBUF[0]
    H17                  OBUF (Prop_obuf_I_O)         1.221     3.675 r  LED_OBUF[0]_inst/O
                         net (fo=0)                   0.000     3.675    LED[0]
    H17                                                               r  LED[0] (OUT)
  -------------------------------------------------------------------    -------------------

Slack:                    inf
  Source:                 u_accel/u_uart_tx/tx_reg/C
                            (rising edge-triggered cell FDPE clocked by sys_clk_pin  {rise@0.000ns fall@5.000ns period=10.000ns})
  Destination:            UART_RXD_OUT
                            (output port)
  Path Group:             (none)
  Path Type:              Min at Fast Process Corner
  Data Path Delay:        2.805ns  (logic 1.397ns (49.796%)  route 1.408ns (50.204%))
  Logic Levels:           1  (OBUF=1)
  Clock Uncertainty:      0.025ns  ((TSJ^2 + TIJ^2)^1/2 + DJ) / 2 + PE
    Total System Jitter     (TSJ):    0.050ns
    Total Input Jitter      (TIJ):    0.000ns
    Discrete Jitter          (DJ):    0.000ns
    Phase Error              (PE):    0.000ns

    Location             Delay type                Incr(ns)  Path(ns)    Netlist Resource(s)
  -------------------------------------------------------------------    -------------------
                         (clock sys_clk_pin rise edge)
                                                      0.000     0.000 r  
    E3                                                0.000     0.000 r  CLK100MHZ (IN)
                         net (fo=0)                   0.000     0.000    CLK100MHZ
    E3                   IBUF (Prop_ibuf_I_O)         0.250     0.250 r  CLK100MHZ_IBUF_inst/O
                         net (fo=1, routed)           0.644     0.894    CLK100MHZ_IBUF
    BUFGCTRL_X0Y16       BUFG (Prop_bufg_I_O)         0.026     0.920 r  CLK100MHZ_IBUF_BUFG_inst/O
                         net (fo=21506, routed)       0.565     1.484    u_accel/u_uart_tx/CLK100MHZ_IBUF_BUFG
    SLICE_X32Y144        FDPE                                         r  u_accel/u_uart_tx/tx_reg/C
  -------------------------------------------------------------------    -------------------
    SLICE_X32Y144        FDPE (Prop_fdpe_C_Q)         0.141     1.625 r  u_accel/u_uart_tx/tx_reg/Q
                         net (fo=1, routed)           1.408     3.034    UART_RXD_OUT_OBUF
    D4                   OBUF (Prop_obuf_I_O)         1.256     4.290 r  UART_RXD_OUT_OBUF_inst/O
                         net (fo=0)                   0.000     4.290    UART_RXD_OUT
    D4                                                                r  UART_RXD_OUT (OUT)
  -------------------------------------------------------------------    -------------------





--------------------------------------------------------------------------------------
Path Group:  (none)
From Clock:  
  To Clock:  sys_clk_pin

Max Delay         21468 Endpoints
Min Delay         21468 Endpoints
--------------------------------------------------------------------------------------


Max Delay Paths
--------------------------------------------------------------------------------------
Slack:                    inf
  Source:                 CPU_RESETN
                            (input port)
  Destination:            u_accel/gen_nn_standard.u_accel/gen_hl2[27].membrane_buf/membrane_storage_reg[16][0]/CLR
                            (recovery check against rising-edge clock sys_clk_pin  {rise@0.000ns fall@5.000ns period=10.000ns})
  Path Group:             (none)
  Path Type:              Recovery (Max at Slow Process Corner)
  Data Path Delay:        11.765ns  (logic 1.631ns (13.863%)  route 10.134ns (86.137%))
  Logic Levels:           2  (IBUF=1 LUT1=1)
  Clock Path Skew:        5.112ns (DCD - SCD + CPR)
    Destination Clock Delay (DCD):    5.112ns
    Source Clock Delay      (SCD):    0.000ns
    Clock Pessimism Removal (CPR):    0.000ns
  Clock Uncertainty:      0.025ns  ((TSJ^2 + TIJ^2)^1/2 + DJ) / 2 + PE
    Total System Jitter     (TSJ):    0.050ns
    Total Input Jitter      (TIJ):    0.000ns
    Discrete Jitter          (DJ):    0.000ns
    Phase Error              (PE):    0.000ns

    Location             Delay type                Incr(ns)  Path(ns)    Netlist Resource(s)
  -------------------------------------------------------------------    -------------------
    C12                                               0.000     0.000 r  CPU_RESETN (IN)
                         net (fo=0)                   0.000     0.000    CPU_RESETN
    C12                  IBUF (Prop_ibuf_I_O)         1.507     1.507 r  CPU_RESETN_IBUF_inst/O
                         net (fo=24, routed)          1.580     3.087    u_accel/gen_nn_standard.u_accel/fc2/CPU_RESETN_IBUF
    SLICE_X6Y139         LUT1 (Prop_lut1_I0_O)        0.124     3.211 f  u_accel/gen_nn_standard.u_accel/fc2/membrane_potential[23]_i_3__55/O
                         net (fo=21258, routed)       8.554    11.765    u_accel/gen_nn_standard.u_accel/gen_hl2[27].membrane_buf/membrane_storage_reg[19][0]_0
    SLICE_X20Y0          FDCE                                         f  u_accel/gen_nn_standard.u_accel/gen_hl2[27].membrane_buf/membrane_storage_reg[16][0]/CLR
  -------------------------------------------------------------------    -------------------

                         (clock sys_clk_pin rise edge)
                                                      0.000     0.000 r  
    E3                                                0.000     0.000 r  CLK100MHZ (IN)
                         net (fo=0)                   0.000     0.000    CLK100MHZ
    E3                   IBUF (Prop_ibuf_I_O)         1.411     1.411 r  CLK100MHZ_IBUF_inst/O
                         net (fo=1, routed)           1.920     3.331    CLK100MHZ_IBUF
    BUFGCTRL_X0Y16       BUFG (Prop_bufg_I_O)         0.091     3.422 r  CLK100MHZ_IBUF_BUFG_inst/O
                         net (fo=21506, routed)       1.690     5.112    u_accel/gen_nn_standard.u_accel/gen_hl2[27].membrane_buf/CLK100MHZ_IBUF_BUFG
    SLICE_X20Y0          FDCE                                         r  u_accel/gen_nn_standard.u_accel/gen_hl2[27].membrane_buf/membrane_storage_reg[16][0]/C

Slack:                    inf
  Source:                 CPU_RESETN
                            (input port)
  Destination:            u_accel/gen_nn_standard.u_accel/gen_hl2[23].membrane_buf/membrane_storage_reg[5][0]/CLR
                            (recovery check against rising-edge clock sys_clk_pin  {rise@0.000ns fall@5.000ns period=10.000ns})
  Path Group:             (none)
  Path Type:              Recovery (Max at Slow Process Corner)
  Data Path Delay:        11.761ns  (logic 1.631ns (13.868%)  route 10.130ns (86.132%))
  Logic Levels:           2  (IBUF=1 LUT1=1)
  Clock Path Skew:        5.112ns (DCD - SCD + CPR)
    Destination Clock Delay (DCD):    5.112ns
    Source Clock Delay      (SCD):    0.000ns
    Clock Pessimism Removal (CPR):    0.000ns
  Clock Uncertainty:      0.025ns  ((TSJ^2 + TIJ^2)^1/2 + DJ) / 2 + PE
    Total System Jitter     (TSJ):    0.050ns
    Total Input Jitter      (TIJ):    0.000ns
    Discrete Jitter          (DJ):    0.000ns
    Phase Error              (PE):    0.000ns

    Location             Delay type                Incr(ns)  Path(ns)    Netlist Resource(s)
  -------------------------------------------------------------------    -------------------
    C12                                               0.000     0.000 r  CPU_RESETN (IN)
                         net (fo=0)                   0.000     0.000    CPU_RESETN
    C12                  IBUF (Prop_ibuf_I_O)         1.507     1.507 r  CPU_RESETN_IBUF_inst/O
                         net (fo=24, routed)          1.580     3.087    u_accel/gen_nn_standard.u_accel/fc2/CPU_RESETN_IBUF
    SLICE_X6Y139         LUT1 (Prop_lut1_I0_O)        0.124     3.211 f  u_accel/gen_nn_standard.u_accel/fc2/membrane_potential[23]_i_3__55/O
                         net (fo=21258, routed)       8.550    11.761    u_accel/gen_nn_standard.u_accel/gen_hl2[23].membrane_buf/membrane_storage_reg[19][0]_0
    SLICE_X21Y0          FDCE                                         f  u_accel/gen_nn_standard.u_accel/gen_hl2[23].membrane_buf/membrane_storage_reg[5][0]/CLR
  -------------------------------------------------------------------    -------------------

                         (clock sys_clk_pin rise edge)
                                                      0.000     0.000 r  
    E3                                                0.000     0.000 r  CLK100MHZ (IN)
                         net (fo=0)                   0.000     0.000    CLK100MHZ
    E3                   IBUF (Prop_ibuf_I_O)         1.411     1.411 r  CLK100MHZ_IBUF_inst/O
                         net (fo=1, routed)           1.920     3.331    CLK100MHZ_IBUF
    BUFGCTRL_X0Y16       BUFG (Prop_bufg_I_O)         0.091     3.422 r  CLK100MHZ_IBUF_BUFG_inst/O
                         net (fo=21506, routed)       1.690     5.112    u_accel/gen_nn_standard.u_accel/gen_hl2[23].membrane_buf/CLK100MHZ_IBUF_BUFG
    SLICE_X21Y0          FDCE                                         r  u_accel/gen_nn_standard.u_accel/gen_hl2[23].membrane_buf/membrane_storage_reg[5][0]/C

Slack:                    inf
  Source:                 CPU_RESETN
                            (input port)
  Destination:            u_accel/gen_nn_standard.u_accel/gen_hl2[19].membrane_buf/membrane_storage_reg[14][23]/CLR
                            (recovery check against rising-edge clock sys_clk_pin  {rise@0.000ns fall@5.000ns period=10.000ns})
  Path Group:             (none)
  Path Type:              Recovery (Max at Slow Process Corner)
  Data Path Delay:        11.751ns  (logic 1.631ns (13.880%)  route 10.120ns (86.120%))
  Logic Levels:           2  (IBUF=1 LUT1=1)
  Clock Path Skew:        5.097ns (DCD - SCD + CPR)
    Destination Clock Delay (DCD):    5.097ns
    Source Clock Delay      (SCD):    0.000ns
    Clock Pessimism Removal (CPR):    0.000ns
  Clock Uncertainty:      0.025ns  ((TSJ^2 + TIJ^2)^1/2 + DJ) / 2 + PE
    Total System Jitter     (TSJ):    0.050ns
    Total Input Jitter      (TIJ):    0.000ns
    Discrete Jitter          (DJ):    0.000ns
    Phase Error              (PE):    0.000ns

    Location             Delay type                Incr(ns)  Path(ns)    Netlist Resource(s)
  -------------------------------------------------------------------    -------------------
    C12                                               0.000     0.000 r  CPU_RESETN (IN)
                         net (fo=0)                   0.000     0.000    CPU_RESETN
    C12                  IBUF (Prop_ibuf_I_O)         1.507     1.507 r  CPU_RESETN_IBUF_inst/O
                         net (fo=24, routed)          1.580     3.087    u_accel/gen_nn_standard.u_accel/fc2/CPU_RESETN_IBUF
    SLICE_X6Y139         LUT1 (Prop_lut1_I0_O)        0.124     3.211 f  u_accel/gen_nn_standard.u_accel/fc2/membrane_potential[23]_i_3__55/O
                         net (fo=21258, routed)       8.539    11.751    u_accel/gen_nn_standard.u_accel/gen_hl2[19].membrane_buf/membrane_storage_reg[19][0]_0
    SLICE_X60Y0          FDCE                                         f  u_accel/gen_nn_standard.u_accel/gen_hl2[19].membrane_buf/membrane_storage_reg[14][23]/CLR
  -------------------------------------------------------------------    -------------------

                         (clock sys_clk_pin rise edge)
                                                      0.000     0.000 r  
    E3                                                0.000     0.000 r  CLK100MHZ (IN)
                         net (fo=0)                   0.000     0.000    CLK100MHZ
    E3                   IBUF (Prop_ibuf_I_O)         1.411     1.411 r  CLK100MHZ_IBUF_inst/O
                         net (fo=1, routed)           1.920     3.331    CLK100MHZ_IBUF
    BUFGCTRL_X0Y16       BUFG (Prop_bufg_I_O)         0.091     3.422 r  CLK100MHZ_IBUF_BUFG_inst/O
                         net (fo=21506, routed)       1.675     5.097    u_accel/gen_nn_standard.u_accel/gen_hl2[19].membrane_buf/CLK100MHZ_IBUF_BUFG
    SLICE_X60Y0          FDCE                                         r  u_accel/gen_nn_standard.u_accel/gen_hl2[19].membrane_buf/membrane_storage_reg[14][23]/C

Slack:                    inf
  Source:                 CPU_RESETN
                            (input port)
  Destination:            u_accel/gen_nn_standard.u_accel/gen_hl2[19].membrane_buf/membrane_storage_reg[14][3]/CLR
                            (recovery check against rising-edge clock sys_clk_pin  {rise@0.000ns fall@5.000ns period=10.000ns})
  Path Group:             (none)
  Path Type:              Recovery (Max at Slow Process Corner)
  Data Path Delay:        11.751ns  (logic 1.631ns (13.880%)  route 10.120ns (86.120%))
  Logic Levels:           2  (IBUF=1 LUT1=1)
  Clock Path Skew:        5.097ns (DCD - SCD + CPR)
    Destination Clock Delay (DCD):    5.097ns
    Source Clock Delay      (SCD):    0.000ns
    Clock Pessimism Removal (CPR):    0.000ns
  Clock Uncertainty:      0.025ns  ((TSJ^2 + TIJ^2)^1/2 + DJ) / 2 + PE
    Total System Jitter     (TSJ):    0.050ns
    Total Input Jitter      (TIJ):    0.000ns
    Discrete Jitter          (DJ):    0.000ns
    Phase Error              (PE):    0.000ns

    Location             Delay type                Incr(ns)  Path(ns)    Netlist Resource(s)
  -------------------------------------------------------------------    -------------------
    C12                                               0.000     0.000 r  CPU_RESETN (IN)
                         net (fo=0)                   0.000     0.000    CPU_RESETN
    C12                  IBUF (Prop_ibuf_I_O)         1.507     1.507 r  CPU_RESETN_IBUF_inst/O
                         net (fo=24, routed)          1.580     3.087    u_accel/gen_nn_standard.u_accel/fc2/CPU_RESETN_IBUF
    SLICE_X6Y139         LUT1 (Prop_lut1_I0_O)        0.124     3.211 f  u_accel/gen_nn_standard.u_accel/fc2/membrane_potential[23]_i_3__55/O
                         net (fo=21258, routed)       8.539    11.751    u_accel/gen_nn_standard.u_accel/gen_hl2[19].membrane_buf/membrane_storage_reg[19][0]_0
    SLICE_X60Y0          FDCE                                         f  u_accel/gen_nn_standard.u_accel/gen_hl2[19].membrane_buf/membrane_storage_reg[14][3]/CLR
  -------------------------------------------------------------------    -------------------

                         (clock sys_clk_pin rise edge)
                                                      0.000     0.000 r  
    E3                                                0.000     0.000 r  CLK100MHZ (IN)
                         net (fo=0)                   0.000     0.000    CLK100MHZ
    E3                   IBUF (Prop_ibuf_I_O)         1.411     1.411 r  CLK100MHZ_IBUF_inst/O
                         net (fo=1, routed)           1.920     3.331    CLK100MHZ_IBUF
    BUFGCTRL_X0Y16       BUFG (Prop_bufg_I_O)         0.091     3.422 r  CLK100MHZ_IBUF_BUFG_inst/O
                         net (fo=21506, routed)       1.675     5.097    u_accel/gen_nn_standard.u_accel/gen_hl2[19].membrane_buf/CLK100MHZ_IBUF_BUFG
    SLICE_X60Y0          FDCE                                         r  u_accel/gen_nn_standard.u_accel/gen_hl2[19].membrane_buf/membrane_storage_reg[14][3]/C

Slack:                    inf
  Source:                 CPU_RESETN
                            (input port)
  Destination:            u_accel/gen_nn_standard.u_accel/gen_hl2[19].membrane_buf/membrane_storage_reg[19][23]/CLR
                            (recovery check against rising-edge clock sys_clk_pin  {rise@0.000ns fall@5.000ns period=10.000ns})
  Path Group:             (none)
  Path Type:              Recovery (Max at Slow Process Corner)
  Data Path Delay:        11.751ns  (logic 1.631ns (13.880%)  route 10.120ns (86.120%))
  Logic Levels:           2  (IBUF=1 LUT1=1)
  Clock Path Skew:        5.097ns (DCD - SCD + CPR)
    Destination Clock Delay (DCD):    5.097ns
    Source Clock Delay      (SCD):    0.000ns
    Clock Pessimism Removal (CPR):    0.000ns
  Clock Uncertainty:      0.025ns  ((TSJ^2 + TIJ^2)^1/2 + DJ) / 2 + PE
    Total System Jitter     (TSJ):    0.050ns
    Total Input Jitter      (TIJ):    0.000ns
    Discrete Jitter          (DJ):    0.000ns
    Phase Error              (PE):    0.000ns

    Location             Delay type                Incr(ns)  Path(ns)    Netlist Resource(s)
  -------------------------------------------------------------------    -------------------
    C12                                               0.000     0.000 r  CPU_RESETN (IN)
                         net (fo=0)                   0.000     0.000    CPU_RESETN
    C12                  IBUF (Prop_ibuf_I_O)         1.507     1.507 r  CPU_RESETN_IBUF_inst/O
                         net (fo=24, routed)          1.580     3.087    u_accel/gen_nn_standard.u_accel/fc2/CPU_RESETN_IBUF
    SLICE_X6Y139         LUT1 (Prop_lut1_I0_O)        0.124     3.211 f  u_accel/gen_nn_standard.u_accel/fc2/membrane_potential[23]_i_3__55/O
                         net (fo=21258, routed)       8.539    11.751    u_accel/gen_nn_standard.u_accel/gen_hl2[19].membrane_buf/membrane_storage_reg[19][0]_0
    SLICE_X61Y0          FDCE                                         f  u_accel/gen_nn_standard.u_accel/gen_hl2[19].membrane_buf/membrane_storage_reg[19][23]/CLR
  -------------------------------------------------------------------    -------------------

                         (clock sys_clk_pin rise edge)
                                                      0.000     0.000 r  
    E3                                                0.000     0.000 r  CLK100MHZ (IN)
                         net (fo=0)                   0.000     0.000    CLK100MHZ
    E3                   IBUF (Prop_ibuf_I_O)         1.411     1.411 r  CLK100MHZ_IBUF_inst/O
                         net (fo=1, routed)           1.920     3.331    CLK100MHZ_IBUF
    BUFGCTRL_X0Y16       BUFG (Prop_bufg_I_O)         0.091     3.422 r  CLK100MHZ_IBUF_BUFG_inst/O
                         net (fo=21506, routed)       1.675     5.097    u_accel/gen_nn_standard.u_accel/gen_hl2[19].membrane_buf/CLK100MHZ_IBUF_BUFG
    SLICE_X61Y0          FDCE                                         r  u_accel/gen_nn_standard.u_accel/gen_hl2[19].membrane_buf/membrane_storage_reg[19][23]/C

Slack:                    inf
  Source:                 CPU_RESETN
                            (input port)
  Destination:            u_accel/gen_nn_standard.u_accel/gen_hl2[19].membrane_buf/membrane_storage_reg[8][20]/CLR
                            (recovery check against rising-edge clock sys_clk_pin  {rise@0.000ns fall@5.000ns period=10.000ns})
  Path Group:             (none)
  Path Type:              Recovery (Max at Slow Process Corner)
  Data Path Delay:        11.595ns  (logic 1.631ns (14.067%)  route 9.964ns (85.933%))
  Logic Levels:           2  (IBUF=1 LUT1=1)
  Clock Path Skew:        5.100ns (DCD - SCD + CPR)
    Destination Clock Delay (DCD):    5.100ns
    Source Clock Delay      (SCD):    0.000ns
    Clock Pessimism Removal (CPR):    0.000ns
  Clock Uncertainty:      0.025ns  ((TSJ^2 + TIJ^2)^1/2 + DJ) / 2 + PE
    Total System Jitter     (TSJ):    0.050ns
    Total Input Jitter      (TIJ):    0.000ns
    Discrete Jitter          (DJ):    0.000ns
    Phase Error              (PE):    0.000ns

    Location             Delay type                Incr(ns)  Path(ns)    Netlist Resource(s)
  -------------------------------------------------------------------    -------------------
    C12                                               0.000     0.000 r  CPU_RESETN (IN)
                         net (fo=0)                   0.000     0.000    CPU_RESETN
    C12                  IBUF (Prop_ibuf_I_O)         1.507     1.507 r  CPU_RESETN_IBUF_inst/O
                         net (fo=24, routed)          1.580     3.087    u_accel/gen_nn_standard.u_accel/fc2/CPU_RESETN_IBUF
    SLICE_X6Y139         LUT1 (Prop_lut1_I0_O)        0.124     3.211 f  u_accel/gen_nn_standard.u_accel/fc2/membrane_potential[23]_i_3__55/O
                         net (fo=21258, routed)       8.384    11.595    u_accel/gen_nn_standard.u_accel/gen_hl2[19].membrane_buf/membrane_storage_reg[19][0]_0
    SLICE_X66Y2          FDCE                                         f  u_accel/gen_nn_standard.u_accel/gen_hl2[19].membrane_buf/membrane_storage_reg[8][20]/CLR
  -------------------------------------------------------------------    -------------------

                         (clock sys_clk_pin rise edge)
                                                      0.000     0.000 r  
    E3                                                0.000     0.000 r  CLK100MHZ (IN)
                         net (fo=0)                   0.000     0.000    CLK100MHZ
    E3                   IBUF (Prop_ibuf_I_O)         1.411     1.411 r  CLK100MHZ_IBUF_inst/O
                         net (fo=1, routed)           1.920     3.331    CLK100MHZ_IBUF
    BUFGCTRL_X0Y16       BUFG (Prop_bufg_I_O)         0.091     3.422 r  CLK100MHZ_IBUF_BUFG_inst/O
                         net (fo=21506, routed)       1.678     5.100    u_accel/gen_nn_standard.u_accel/gen_hl2[19].membrane_buf/CLK100MHZ_IBUF_BUFG
    SLICE_X66Y2          FDCE                                         r  u_accel/gen_nn_standard.u_accel/gen_hl2[19].membrane_buf/membrane_storage_reg[8][20]/C

Slack:                    inf
  Source:                 CPU_RESETN
                            (input port)
  Destination:            u_accel/gen_nn_standard.u_accel/gen_hl2[23].membrane_buf/membrane_storage_reg[8][1]/CLR
                            (recovery check against rising-edge clock sys_clk_pin  {rise@0.000ns fall@5.000ns period=10.000ns})
  Path Group:             (none)
  Path Type:              Recovery (Max at Slow Process Corner)
  Data Path Delay:        11.595ns  (logic 1.631ns (14.067%)  route 9.964ns (85.933%))
  Logic Levels:           2  (IBUF=1 LUT1=1)
  Clock Path Skew:        5.100ns (DCD - SCD + CPR)
    Destination Clock Delay (DCD):    5.100ns
    Source Clock Delay      (SCD):    0.000ns
    Clock Pessimism Removal (CPR):    0.000ns
  Clock Uncertainty:      0.025ns  ((TSJ^2 + TIJ^2)^1/2 + DJ) / 2 + PE
    Total System Jitter     (TSJ):    0.050ns
    Total Input Jitter      (TIJ):    0.000ns
    Discrete Jitter          (DJ):    0.000ns
    Phase Error              (PE):    0.000ns

    Location             Delay type                Incr(ns)  Path(ns)    Netlist Resource(s)
  -------------------------------------------------------------------    -------------------
    C12                                               0.000     0.000 r  CPU_RESETN (IN)
                         net (fo=0)                   0.000     0.000    CPU_RESETN
    C12                  IBUF (Prop_ibuf_I_O)         1.507     1.507 r  CPU_RESETN_IBUF_inst/O
                         net (fo=24, routed)          1.580     3.087    u_accel/gen_nn_standard.u_accel/fc2/CPU_RESETN_IBUF
    SLICE_X6Y139         LUT1 (Prop_lut1_I0_O)        0.124     3.211 f  u_accel/gen_nn_standard.u_accel/fc2/membrane_potential[23]_i_3__55/O
                         net (fo=21258, routed)       8.384    11.595    u_accel/gen_nn_standard.u_accel/gen_hl2[23].membrane_buf/membrane_storage_reg[19][0]_0
    SLICE_X66Y2          FDCE                                         f  u_accel/gen_nn_standard.u_accel/gen_hl2[23].membrane_buf/membrane_storage_reg[8][1]/CLR
  -------------------------------------------------------------------    -------------------

                         (clock sys_clk_pin rise edge)
                                                      0.000     0.000 r  
    E3                                                0.000     0.000 r  CLK100MHZ (IN)
                         net (fo=0)                   0.000     0.000    CLK100MHZ
    E3                   IBUF (Prop_ibuf_I_O)         1.411     1.411 r  CLK100MHZ_IBUF_inst/O
                         net (fo=1, routed)           1.920     3.331    CLK100MHZ_IBUF
    BUFGCTRL_X0Y16       BUFG (Prop_bufg_I_O)         0.091     3.422 r  CLK100MHZ_IBUF_BUFG_inst/O
                         net (fo=21506, routed)       1.678     5.100    u_accel/gen_nn_standard.u_accel/gen_hl2[23].membrane_buf/CLK100MHZ_IBUF_BUFG
    SLICE_X66Y2          FDCE                                         r  u_accel/gen_nn_standard.u_accel/gen_hl2[23].membrane_buf/membrane_storage_reg[8][1]/C

Slack:                    inf
  Source:                 CPU_RESETN
                            (input port)
  Destination:            u_accel/gen_nn_standard.u_accel/gen_hl2[23].membrane_buf/membrane_storage_reg[9][1]/CLR
                            (recovery check against rising-edge clock sys_clk_pin  {rise@0.000ns fall@5.000ns period=10.000ns})
  Path Group:             (none)
  Path Type:              Recovery (Max at Slow Process Corner)
  Data Path Delay:        11.595ns  (logic 1.631ns (14.067%)  route 9.964ns (85.933%))
  Logic Levels:           2  (IBUF=1 LUT1=1)
  Clock Path Skew:        5.100ns (DCD - SCD + CPR)
    Destination Clock Delay (DCD):    5.100ns
    Source Clock Delay      (SCD):    0.000ns
    Clock Pessimism Removal (CPR):    0.000ns
  Clock Uncertainty:      0.025ns  ((TSJ^2 + TIJ^2)^1/2 + DJ) / 2 + PE
    Total System Jitter     (TSJ):    0.050ns
    Total Input Jitter      (TIJ):    0.000ns
    Discrete Jitter          (DJ):    0.000ns
    Phase Error              (PE):    0.000ns

    Location             Delay type                Incr(ns)  Path(ns)    Netlist Resource(s)
  -------------------------------------------------------------------    -------------------
    C12                                               0.000     0.000 r  CPU_RESETN (IN)
                         net (fo=0)                   0.000     0.000    CPU_RESETN
    C12                  IBUF (Prop_ibuf_I_O)         1.507     1.507 r  CPU_RESETN_IBUF_inst/O
                         net (fo=24, routed)          1.580     3.087    u_accel/gen_nn_standard.u_accel/fc2/CPU_RESETN_IBUF
    SLICE_X6Y139         LUT1 (Prop_lut1_I0_O)        0.124     3.211 f  u_accel/gen_nn_standard.u_accel/fc2/membrane_potential[23]_i_3__55/O
                         net (fo=21258, routed)       8.384    11.595    u_accel/gen_nn_standard.u_accel/gen_hl2[23].membrane_buf/membrane_storage_reg[19][0]_0
    SLICE_X67Y2          FDCE                                         f  u_accel/gen_nn_standard.u_accel/gen_hl2[23].membrane_buf/membrane_storage_reg[9][1]/CLR
  -------------------------------------------------------------------    -------------------

                         (clock sys_clk_pin rise edge)
                                                      0.000     0.000 r  
    E3                                                0.000     0.000 r  CLK100MHZ (IN)
                         net (fo=0)                   0.000     0.000    CLK100MHZ
    E3                   IBUF (Prop_ibuf_I_O)         1.411     1.411 r  CLK100MHZ_IBUF_inst/O
                         net (fo=1, routed)           1.920     3.331    CLK100MHZ_IBUF
    BUFGCTRL_X0Y16       BUFG (Prop_bufg_I_O)         0.091     3.422 r  CLK100MHZ_IBUF_BUFG_inst/O
                         net (fo=21506, routed)       1.678     5.100    u_accel/gen_nn_standard.u_accel/gen_hl2[23].membrane_buf/CLK100MHZ_IBUF_BUFG
    SLICE_X67Y2          FDCE                                         r  u_accel/gen_nn_standard.u_accel/gen_hl2[23].membrane_buf/membrane_storage_reg[9][1]/C

Slack:                    inf
  Source:                 CPU_RESETN
                            (input port)
  Destination:            u_accel/gen_nn_standard.u_accel/gen_hl2[7].membrane_buf/membrane_storage_reg[8][20]/CLR
                            (recovery check against rising-edge clock sys_clk_pin  {rise@0.000ns fall@5.000ns period=10.000ns})
  Path Group:             (none)
  Path Type:              Recovery (Max at Slow Process Corner)
  Data Path Delay:        11.595ns  (logic 1.631ns (14.067%)  route 9.964ns (85.933%))
  Logic Levels:           2  (IBUF=1 LUT1=1)
  Clock Path Skew:        5.100ns (DCD - SCD + CPR)
    Destination Clock Delay (DCD):    5.100ns
    Source Clock Delay      (SCD):    0.000ns
    Clock Pessimism Removal (CPR):    0.000ns
  Clock Uncertainty:      0.025ns  ((TSJ^2 + TIJ^2)^1/2 + DJ) / 2 + PE
    Total System Jitter     (TSJ):    0.050ns
    Total Input Jitter      (TIJ):    0.000ns
    Discrete Jitter          (DJ):    0.000ns
    Phase Error              (PE):    0.000ns

    Location             Delay type                Incr(ns)  Path(ns)    Netlist Resource(s)
  -------------------------------------------------------------------    -------------------
    C12                                               0.000     0.000 r  CPU_RESETN (IN)
                         net (fo=0)                   0.000     0.000    CPU_RESETN
    C12                  IBUF (Prop_ibuf_I_O)         1.507     1.507 r  CPU_RESETN_IBUF_inst/O
                         net (fo=24, routed)          1.580     3.087    u_accel/gen_nn_standard.u_accel/fc2/CPU_RESETN_IBUF
    SLICE_X6Y139         LUT1 (Prop_lut1_I0_O)        0.124     3.211 f  u_accel/gen_nn_standard.u_accel/fc2/membrane_potential[23]_i_3__55/O
                         net (fo=21258, routed)       8.384    11.595    u_accel/gen_nn_standard.u_accel/gen_hl2[7].membrane_buf/membrane_storage_reg[19][0]_0
    SLICE_X66Y2          FDCE                                         f  u_accel/gen_nn_standard.u_accel/gen_hl2[7].membrane_buf/membrane_storage_reg[8][20]/CLR
  -------------------------------------------------------------------    -------------------

                         (clock sys_clk_pin rise edge)
                                                      0.000     0.000 r  
    E3                                                0.000     0.000 r  CLK100MHZ (IN)
                         net (fo=0)                   0.000     0.000    CLK100MHZ
    E3                   IBUF (Prop_ibuf_I_O)         1.411     1.411 r  CLK100MHZ_IBUF_inst/O
                         net (fo=1, routed)           1.920     3.331    CLK100MHZ_IBUF
    BUFGCTRL_X0Y16       BUFG (Prop_bufg_I_O)         0.091     3.422 r  CLK100MHZ_IBUF_BUFG_inst/O
                         net (fo=21506, routed)       1.678     5.100    u_accel/gen_nn_standard.u_accel/gen_hl2[7].membrane_buf/CLK100MHZ_IBUF_BUFG
    SLICE_X66Y2          FDCE                                         r  u_accel/gen_nn_standard.u_accel/gen_hl2[7].membrane_buf/membrane_storage_reg[8][20]/C

Slack:                    inf
  Source:                 CPU_RESETN
                            (input port)
  Destination:            u_accel/gen_nn_standard.u_accel/gen_hl2[7].membrane_buf/membrane_storage_reg[8][22]/CLR
                            (recovery check against rising-edge clock sys_clk_pin  {rise@0.000ns fall@5.000ns period=10.000ns})
  Path Group:             (none)
  Path Type:              Recovery (Max at Slow Process Corner)
  Data Path Delay:        11.595ns  (logic 1.631ns (14.067%)  route 9.964ns (85.933%))
  Logic Levels:           2  (IBUF=1 LUT1=1)
  Clock Path Skew:        5.100ns (DCD - SCD + CPR)
    Destination Clock Delay (DCD):    5.100ns
    Source Clock Delay      (SCD):    0.000ns
    Clock Pessimism Removal (CPR):    0.000ns
  Clock Uncertainty:      0.025ns  ((TSJ^2 + TIJ^2)^1/2 + DJ) / 2 + PE
    Total System Jitter     (TSJ):    0.050ns
    Total Input Jitter      (TIJ):    0.000ns
    Discrete Jitter          (DJ):    0.000ns
    Phase Error              (PE):    0.000ns

    Location             Delay type                Incr(ns)  Path(ns)    Netlist Resource(s)
  -------------------------------------------------------------------    -------------------
    C12                                               0.000     0.000 r  CPU_RESETN (IN)
                         net (fo=0)                   0.000     0.000    CPU_RESETN
    C12                  IBUF (Prop_ibuf_I_O)         1.507     1.507 r  CPU_RESETN_IBUF_inst/O
                         net (fo=24, routed)          1.580     3.087    u_accel/gen_nn_standard.u_accel/fc2/CPU_RESETN_IBUF
    SLICE_X6Y139         LUT1 (Prop_lut1_I0_O)        0.124     3.211 f  u_accel/gen_nn_standard.u_accel/fc2/membrane_potential[23]_i_3__55/O
                         net (fo=21258, routed)       8.384    11.595    u_accel/gen_nn_standard.u_accel/gen_hl2[7].membrane_buf/membrane_storage_reg[19][0]_0
    SLICE_X66Y2          FDCE                                         f  u_accel/gen_nn_standard.u_accel/gen_hl2[7].membrane_buf/membrane_storage_reg[8][22]/CLR
  -------------------------------------------------------------------    -------------------

                         (clock sys_clk_pin rise edge)
                                                      0.000     0.000 r  
    E3                                                0.000     0.000 r  CLK100MHZ (IN)
                         net (fo=0)                   0.000     0.000    CLK100MHZ
    E3                   IBUF (Prop_ibuf_I_O)         1.411     1.411 r  CLK100MHZ_IBUF_inst/O
                         net (fo=1, routed)           1.920     3.331    CLK100MHZ_IBUF
    BUFGCTRL_X0Y16       BUFG (Prop_bufg_I_O)         0.091     3.422 r  CLK100MHZ_IBUF_BUFG_inst/O
                         net (fo=21506, routed)       1.678     5.100    u_accel/gen_nn_standard.u_accel/gen_hl2[7].membrane_buf/CLK100MHZ_IBUF_BUFG
    SLICE_X66Y2          FDCE                                         r  u_accel/gen_nn_standard.u_accel/gen_hl2[7].membrane_buf/membrane_storage_reg[8][22]/C





Min Delay Paths
--------------------------------------------------------------------------------------
Slack:                    inf
  Source:                 CPU_RESETN
                            (input port)
  Destination:            u_accel/u_ctrl/tx_frame_reg[18][0]/CE
                            (rising edge-triggered cell FDRE clocked by sys_clk_pin  {rise@0.000ns fall@5.000ns period=10.000ns})
  Path Group:             (none)
  Path Type:              Hold (Min at Fast Process Corner)
  Data Path Delay:        1.263ns  (logic 0.320ns (25.308%)  route 0.943ns (74.692%))
  Logic Levels:           2  (IBUF=1 LUT6=1)
  Clock Path Skew:        1.999ns (DCD - SCD - CPR)
    Destination Clock Delay (DCD):    1.999ns
    Source Clock Delay      (SCD):    0.000ns
    Clock Pessimism Removal (CPR):    -0.000ns

    Location             Delay type                Incr(ns)  Path(ns)    Netlist Resource(s)
  -------------------------------------------------------------------    -------------------
    C12                                               0.000     0.000 r  CPU_RESETN (IN)
                         net (fo=0)                   0.000     0.000    CPU_RESETN
    C12                  IBUF (Prop_ibuf_I_O)         0.275     0.275 r  CPU_RESETN_IBUF_inst/O
                         net (fo=24, routed)          0.827     1.102    u_accel/u_ctrl/CPU_RESETN_IBUF
    SLICE_X30Y139        LUT6 (Prop_lut6_I0_O)        0.045     1.147 r  u_accel/u_ctrl/tx_frame[18][7]_i_1/O
                         net (fo=8, routed)           0.116     1.263    u_accel/u_ctrl/tx_frame[18][7]_i_1_n_0
    SLICE_X30Y139        FDRE                                         r  u_accel/u_ctrl/tx_frame_reg[18][0]/CE
  -------------------------------------------------------------------    -------------------

                         (clock sys_clk_pin rise edge)
                                                      0.000     0.000 r  
    E3                                                0.000     0.000 r  CLK100MHZ (IN)
                         net (fo=0)                   0.000     0.000    CLK100MHZ
    E3                   IBUF (Prop_ibuf_I_O)         0.438     0.438 r  CLK100MHZ_IBUF_inst/O
                         net (fo=1, routed)           0.699     1.136    CLK100MHZ_IBUF
    BUFGCTRL_X0Y16       BUFG (Prop_bufg_I_O)         0.029     1.165 r  CLK100MHZ_IBUF_BUFG_inst/O
                         net (fo=21506, routed)       0.834     1.999    u_accel/u_ctrl/CLK100MHZ_IBUF_BUFG
    SLICE_X30Y139        FDRE                                         r  u_accel/u_ctrl/tx_frame_reg[18][0]/C

Slack:                    inf
  Source:                 CPU_RESETN
                            (input port)
  Destination:            u_accel/u_ctrl/tx_frame_reg[18][4]/CE
                            (rising edge-triggered cell FDRE clocked by sys_clk_pin  {rise@0.000ns fall@5.000ns period=10.000ns})
  Path Group:             (none)
  Path Type:              Hold (Min at Fast Process Corner)
  Data Path Delay:        1.263ns  (logic 0.320ns (25.308%)  route 0.943ns (74.692%))
  Logic Levels:           2  (IBUF=1 LUT6=1)
  Clock Path Skew:        1.999ns (DCD - SCD - CPR)
    Destination Clock Delay (DCD):    1.999ns
    Source Clock Delay      (SCD):    0.000ns
    Clock Pessimism Removal (CPR):    -0.000ns

    Location             Delay type                Incr(ns)  Path(ns)    Netlist Resource(s)
  -------------------------------------------------------------------    -------------------
    C12                                               0.000     0.000 r  CPU_RESETN (IN)
                         net (fo=0)                   0.000     0.000    CPU_RESETN
    C12                  IBUF (Prop_ibuf_I_O)         0.275     0.275 r  CPU_RESETN_IBUF_inst/O
                         net (fo=24, routed)          0.827     1.102    u_accel/u_ctrl/CPU_RESETN_IBUF
    SLICE_X30Y139        LUT6 (Prop_lut6_I0_O)        0.045     1.147 r  u_accel/u_ctrl/tx_frame[18][7]_i_1/O
                         net (fo=8, routed)           0.116     1.263    u_accel/u_ctrl/tx_frame[18][7]_i_1_n_0
    SLICE_X30Y139        FDRE                                         r  u_accel/u_ctrl/tx_frame_reg[18][4]/CE
  -------------------------------------------------------------------    -------------------

                         (clock sys_clk_pin rise edge)
                                                      0.000     0.000 r  
    E3                                                0.000     0.000 r  CLK100MHZ (IN)
                         net (fo=0)                   0.000     0.000    CLK100MHZ
    E3                   IBUF (Prop_ibuf_I_O)         0.438     0.438 r  CLK100MHZ_IBUF_inst/O
                         net (fo=1, routed)           0.699     1.136    CLK100MHZ_IBUF
    BUFGCTRL_X0Y16       BUFG (Prop_bufg_I_O)         0.029     1.165 r  CLK100MHZ_IBUF_BUFG_inst/O
                         net (fo=21506, routed)       0.834     1.999    u_accel/u_ctrl/CLK100MHZ_IBUF_BUFG
    SLICE_X30Y139        FDRE                                         r  u_accel/u_ctrl/tx_frame_reg[18][4]/C

Slack:                    inf
  Source:                 CPU_RESETN
                            (input port)
  Destination:            u_accel/u_ctrl/tx_frame_reg[18][5]/CE
                            (rising edge-triggered cell FDRE clocked by sys_clk_pin  {rise@0.000ns fall@5.000ns period=10.000ns})
  Path Group:             (none)
  Path Type:              Hold (Min at Fast Process Corner)
  Data Path Delay:        1.263ns  (logic 0.320ns (25.308%)  route 0.943ns (74.692%))
  Logic Levels:           2  (IBUF=1 LUT6=1)
  Clock Path Skew:        1.999ns (DCD - SCD - CPR)
    Destination Clock Delay (DCD):    1.999ns
    Source Clock Delay      (SCD):    0.000ns
    Clock Pessimism Removal (CPR):    -0.000ns

    Location             Delay type                Incr(ns)  Path(ns)    Netlist Resource(s)
  -------------------------------------------------------------------    -------------------
    C12                                               0.000     0.000 r  CPU_RESETN (IN)
                         net (fo=0)                   0.000     0.000    CPU_RESETN
    C12                  IBUF (Prop_ibuf_I_O)         0.275     0.275 r  CPU_RESETN_IBUF_inst/O
                         net (fo=24, routed)          0.827     1.102    u_accel/u_ctrl/CPU_RESETN_IBUF
    SLICE_X30Y139        LUT6 (Prop_lut6_I0_O)        0.045     1.147 r  u_accel/u_ctrl/tx_frame[18][7]_i_1/O
                         net (fo=8, routed)           0.116     1.263    u_accel/u_ctrl/tx_frame[18][7]_i_1_n_0
    SLICE_X30Y139        FDRE                                         r  u_accel/u_ctrl/tx_frame_reg[18][5]/CE
  -------------------------------------------------------------------    -------------------

                         (clock sys_clk_pin rise edge)
                                                      0.000     0.000 r  
    E3                                                0.000     0.000 r  CLK100MHZ (IN)
                         net (fo=0)                   0.000     0.000    CLK100MHZ
    E3                   IBUF (Prop_ibuf_I_O)         0.438     0.438 r  CLK100MHZ_IBUF_inst/O
                         net (fo=1, routed)           0.699     1.136    CLK100MHZ_IBUF
    BUFGCTRL_X0Y16       BUFG (Prop_bufg_I_O)         0.029     1.165 r  CLK100MHZ_IBUF_BUFG_inst/O
                         net (fo=21506, routed)       0.834     1.999    u_accel/u_ctrl/CLK100MHZ_IBUF_BUFG
    SLICE_X30Y139        FDRE                                         r  u_accel/u_ctrl/tx_frame_reg[18][5]/C

Slack:                    inf
  Source:                 CPU_RESETN
                            (input port)
  Destination:            u_accel/u_ctrl/tx_frame_reg[18][6]/CE
                            (rising edge-triggered cell FDRE clocked by sys_clk_pin  {rise@0.000ns fall@5.000ns period=10.000ns})
  Path Group:             (none)
  Path Type:              Hold (Min at Fast Process Corner)
  Data Path Delay:        1.263ns  (logic 0.320ns (25.308%)  route 0.943ns (74.692%))
  Logic Levels:           2  (IBUF=1 LUT6=1)
  Clock Path Skew:        1.999ns (DCD - SCD - CPR)
    Destination Clock Delay (DCD):    1.999ns
    Source Clock Delay      (SCD):    0.000ns
    Clock Pessimism Removal (CPR):    -0.000ns

    Location             Delay type                Incr(ns)  Path(ns)    Netlist Resource(s)
  -------------------------------------------------------------------    -------------------
    C12                                               0.000     0.000 r  CPU_RESETN (IN)
                         net (fo=0)                   0.000     0.000    CPU_RESETN
    C12                  IBUF (Prop_ibuf_I_O)         0.275     0.275 r  CPU_RESETN_IBUF_inst/O
                         net (fo=24, routed)          0.827     1.102    u_accel/u_ctrl/CPU_RESETN_IBUF
    SLICE_X30Y139        LUT6 (Prop_lut6_I0_O)        0.045     1.147 r  u_accel/u_ctrl/tx_frame[18][7]_i_1/O
                         net (fo=8, routed)           0.116     1.263    u_accel/u_ctrl/tx_frame[18][7]_i_1_n_0
    SLICE_X30Y139        FDRE                                         r  u_accel/u_ctrl/tx_frame_reg[18][6]/CE
  -------------------------------------------------------------------    -------------------

                         (clock sys_clk_pin rise edge)
                                                      0.000     0.000 r  
    E3                                                0.000     0.000 r  CLK100MHZ (IN)
                         net (fo=0)                   0.000     0.000    CLK100MHZ
    E3                   IBUF (Prop_ibuf_I_O)         0.438     0.438 r  CLK100MHZ_IBUF_inst/O
                         net (fo=1, routed)           0.699     1.136    CLK100MHZ_IBUF
    BUFGCTRL_X0Y16       BUFG (Prop_bufg_I_O)         0.029     1.165 r  CLK100MHZ_IBUF_BUFG_inst/O
                         net (fo=21506, routed)       0.834     1.999    u_accel/u_ctrl/CLK100MHZ_IBUF_BUFG
    SLICE_X30Y139        FDRE                                         r  u_accel/u_ctrl/tx_frame_reg[18][6]/C

Slack:                    inf
  Source:                 CPU_RESETN
                            (input port)
  Destination:            u_accel/u_ctrl/tx_frame_reg[18][1]/CE
                            (rising edge-triggered cell FDRE clocked by sys_clk_pin  {rise@0.000ns fall@5.000ns period=10.000ns})
  Path Group:             (none)
  Path Type:              Hold (Min at Fast Process Corner)
  Data Path Delay:        1.294ns  (logic 0.320ns (24.703%)  route 0.974ns (75.297%))
  Logic Levels:           2  (IBUF=1 LUT6=1)
  Clock Path Skew:        1.999ns (DCD - SCD - CPR)
    Destination Clock Delay (DCD):    1.999ns
    Source Clock Delay      (SCD):    0.000ns
    Clock Pessimism Removal (CPR):    -0.000ns

    Location             Delay type                Incr(ns)  Path(ns)    Netlist Resource(s)
  -------------------------------------------------------------------    -------------------
    C12                                               0.000     0.000 r  CPU_RESETN (IN)
                         net (fo=0)                   0.000     0.000    CPU_RESETN
    C12                  IBUF (Prop_ibuf_I_O)         0.275     0.275 r  CPU_RESETN_IBUF_inst/O
                         net (fo=24, routed)          0.827     1.102    u_accel/u_ctrl/CPU_RESETN_IBUF
    SLICE_X30Y139        LUT6 (Prop_lut6_I0_O)        0.045     1.147 r  u_accel/u_ctrl/tx_frame[18][7]_i_1/O
                         net (fo=8, routed)           0.147     1.294    u_accel/u_ctrl/tx_frame[18][7]_i_1_n_0
    SLICE_X31Y139        FDRE                                         r  u_accel/u_ctrl/tx_frame_reg[18][1]/CE
  -------------------------------------------------------------------    -------------------

                         (clock sys_clk_pin rise edge)
                                                      0.000     0.000 r  
    E3                                                0.000     0.000 r  CLK100MHZ (IN)
                         net (fo=0)                   0.000     0.000    CLK100MHZ
    E3                   IBUF (Prop_ibuf_I_O)         0.438     0.438 r  CLK100MHZ_IBUF_inst/O
                         net (fo=1, routed)           0.699     1.136    CLK100MHZ_IBUF
    BUFGCTRL_X0Y16       BUFG (Prop_bufg_I_O)         0.029     1.165 r  CLK100MHZ_IBUF_BUFG_inst/O
                         net (fo=21506, routed)       0.834     1.999    u_accel/u_ctrl/CLK100MHZ_IBUF_BUFG
    SLICE_X31Y139        FDRE                                         r  u_accel/u_ctrl/tx_frame_reg[18][1]/C

Slack:                    inf
  Source:                 CPU_RESETN
                            (input port)
  Destination:            u_accel/u_ctrl/tx_frame_reg[18][2]/CE
                            (rising edge-triggered cell FDRE clocked by sys_clk_pin  {rise@0.000ns fall@5.000ns period=10.000ns})
  Path Group:             (none)
  Path Type:              Hold (Min at Fast Process Corner)
  Data Path Delay:        1.294ns  (logic 0.320ns (24.703%)  route 0.974ns (75.297%))
  Logic Levels:           2  (IBUF=1 LUT6=1)
  Clock Path Skew:        1.999ns (DCD - SCD - CPR)
    Destination Clock Delay (DCD):    1.999ns
    Source Clock Delay      (SCD):    0.000ns
    Clock Pessimism Removal (CPR):    -0.000ns

    Location             Delay type                Incr(ns)  Path(ns)    Netlist Resource(s)
  -------------------------------------------------------------------    -------------------
    C12                                               0.000     0.000 r  CPU_RESETN (IN)
                         net (fo=0)                   0.000     0.000    CPU_RESETN
    C12                  IBUF (Prop_ibuf_I_O)         0.275     0.275 r  CPU_RESETN_IBUF_inst/O
                         net (fo=24, routed)          0.827     1.102    u_accel/u_ctrl/CPU_RESETN_IBUF
    SLICE_X30Y139        LUT6 (Prop_lut6_I0_O)        0.045     1.147 r  u_accel/u_ctrl/tx_frame[18][7]_i_1/O
                         net (fo=8, routed)           0.147     1.294    u_accel/u_ctrl/tx_frame[18][7]_i_1_n_0
    SLICE_X31Y139        FDRE                                         r  u_accel/u_ctrl/tx_frame_reg[18][2]/CE
  -------------------------------------------------------------------    -------------------

                         (clock sys_clk_pin rise edge)
                                                      0.000     0.000 r  
    E3                                                0.000     0.000 r  CLK100MHZ (IN)
                         net (fo=0)                   0.000     0.000    CLK100MHZ
    E3                   IBUF (Prop_ibuf_I_O)         0.438     0.438 r  CLK100MHZ_IBUF_inst/O
                         net (fo=1, routed)           0.699     1.136    CLK100MHZ_IBUF
    BUFGCTRL_X0Y16       BUFG (Prop_bufg_I_O)         0.029     1.165 r  CLK100MHZ_IBUF_BUFG_inst/O
                         net (fo=21506, routed)       0.834     1.999    u_accel/u_ctrl/CLK100MHZ_IBUF_BUFG
    SLICE_X31Y139        FDRE                                         r  u_accel/u_ctrl/tx_frame_reg[18][2]/C

Slack:                    inf
  Source:                 CPU_RESETN
                            (input port)
  Destination:            u_accel/u_ctrl/tx_frame_reg[18][3]/CE
                            (rising edge-triggered cell FDRE clocked by sys_clk_pin  {rise@0.000ns fall@5.000ns period=10.000ns})
  Path Group:             (none)
  Path Type:              Hold (Min at Fast Process Corner)
  Data Path Delay:        1.294ns  (logic 0.320ns (24.703%)  route 0.974ns (75.297%))
  Logic Levels:           2  (IBUF=1 LUT6=1)
  Clock Path Skew:        1.999ns (DCD - SCD - CPR)
    Destination Clock Delay (DCD):    1.999ns
    Source Clock Delay      (SCD):    0.000ns
    Clock Pessimism Removal (CPR):    -0.000ns

    Location             Delay type                Incr(ns)  Path(ns)    Netlist Resource(s)
  -------------------------------------------------------------------    -------------------
    C12                                               0.000     0.000 r  CPU_RESETN (IN)
                         net (fo=0)                   0.000     0.000    CPU_RESETN
    C12                  IBUF (Prop_ibuf_I_O)         0.275     0.275 r  CPU_RESETN_IBUF_inst/O
                         net (fo=24, routed)          0.827     1.102    u_accel/u_ctrl/CPU_RESETN_IBUF
    SLICE_X30Y139        LUT6 (Prop_lut6_I0_O)        0.045     1.147 r  u_accel/u_ctrl/tx_frame[18][7]_i_1/O
                         net (fo=8, routed)           0.147     1.294    u_accel/u_ctrl/tx_frame[18][7]_i_1_n_0
    SLICE_X31Y139        FDRE                                         r  u_accel/u_ctrl/tx_frame_reg[18][3]/CE
  -------------------------------------------------------------------    -------------------

                         (clock sys_clk_pin rise edge)
                                                      0.000     0.000 r  
    E3                                                0.000     0.000 r  CLK100MHZ (IN)
                         net (fo=0)                   0.000     0.000    CLK100MHZ
    E3                   IBUF (Prop_ibuf_I_O)         0.438     0.438 r  CLK100MHZ_IBUF_inst/O
                         net (fo=1, routed)           0.699     1.136    CLK100MHZ_IBUF
    BUFGCTRL_X0Y16       BUFG (Prop_bufg_I_O)         0.029     1.165 r  CLK100MHZ_IBUF_BUFG_inst/O
                         net (fo=21506, routed)       0.834     1.999    u_accel/u_ctrl/CLK100MHZ_IBUF_BUFG
    SLICE_X31Y139        FDRE                                         r  u_accel/u_ctrl/tx_frame_reg[18][3]/C

Slack:                    inf
  Source:                 CPU_RESETN
                            (input port)
  Destination:            u_accel/u_ctrl/tx_frame_reg[18][7]/CE
                            (rising edge-triggered cell FDRE clocked by sys_clk_pin  {rise@0.000ns fall@5.000ns period=10.000ns})
  Path Group:             (none)
  Path Type:              Hold (Min at Fast Process Corner)
  Data Path Delay:        1.294ns  (logic 0.320ns (24.703%)  route 0.974ns (75.297%))
  Logic Levels:           2  (IBUF=1 LUT6=1)
  Clock Path Skew:        1.999ns (DCD - SCD - CPR)
    Destination Clock Delay (DCD):    1.999ns
    Source Clock Delay      (SCD):    0.000ns
    Clock Pessimism Removal (CPR):    -0.000ns

    Location             Delay type                Incr(ns)  Path(ns)    Netlist Resource(s)
  -------------------------------------------------------------------    -------------------
    C12                                               0.000     0.000 r  CPU_RESETN (IN)
                         net (fo=0)                   0.000     0.000    CPU_RESETN
    C12                  IBUF (Prop_ibuf_I_O)         0.275     0.275 r  CPU_RESETN_IBUF_inst/O
                         net (fo=24, routed)          0.827     1.102    u_accel/u_ctrl/CPU_RESETN_IBUF
    SLICE_X30Y139        LUT6 (Prop_lut6_I0_O)        0.045     1.147 r  u_accel/u_ctrl/tx_frame[18][7]_i_1/O
                         net (fo=8, routed)           0.147     1.294    u_accel/u_ctrl/tx_frame[18][7]_i_1_n_0
    SLICE_X31Y139        FDRE                                         r  u_accel/u_ctrl/tx_frame_reg[18][7]/CE
  -------------------------------------------------------------------    -------------------

                         (clock sys_clk_pin rise edge)
                                                      0.000     0.000 r  
    E3                                                0.000     0.000 r  CLK100MHZ (IN)
                         net (fo=0)                   0.000     0.000    CLK100MHZ
    E3                   IBUF (Prop_ibuf_I_O)         0.438     0.438 r  CLK100MHZ_IBUF_inst/O
                         net (fo=1, routed)           0.699     1.136    CLK100MHZ_IBUF
    BUFGCTRL_X0Y16       BUFG (Prop_bufg_I_O)         0.029     1.165 r  CLK100MHZ_IBUF_BUFG_inst/O
                         net (fo=21506, routed)       0.834     1.999    u_accel/u_ctrl/CLK100MHZ_IBUF_BUFG
    SLICE_X31Y139        FDRE                                         r  u_accel/u_ctrl/tx_frame_reg[18][7]/C

Slack:                    inf
  Source:                 CPU_RESETN
                            (input port)
  Destination:            u_accel/u_ctrl/tx_frame_reg[14][2]/CE
                            (rising edge-triggered cell FDRE clocked by sys_clk_pin  {rise@0.000ns fall@5.000ns period=10.000ns})
  Path Group:             (none)
  Path Type:              Hold (Min at Fast Process Corner)
  Data Path Delay:        1.389ns  (logic 0.320ns (23.011%)  route 1.069ns (76.989%))
  Logic Levels:           2  (IBUF=1 LUT6=1)
  Clock Path Skew:        1.997ns (DCD - SCD - CPR)
    Destination Clock Delay (DCD):    1.997ns
    Source Clock Delay      (SCD):    0.000ns
    Clock Pessimism Removal (CPR):    -0.000ns

    Location             Delay type                Incr(ns)  Path(ns)    Netlist Resource(s)
  -------------------------------------------------------------------    -------------------
    C12                                               0.000     0.000 r  CPU_RESETN (IN)
                         net (fo=0)                   0.000     0.000    CPU_RESETN
    C12                  IBUF (Prop_ibuf_I_O)         0.275     0.275 r  CPU_RESETN_IBUF_inst/O
                         net (fo=24, routed)          0.947     1.221    u_accel/u_ctrl/CPU_RESETN_IBUF
    SLICE_X32Y138        LUT6 (Prop_lut6_I0_O)        0.045     1.266 r  u_accel/u_ctrl/tx_frame[14][7]_i_2/O
                         net (fo=8, routed)           0.123     1.389    u_accel/u_ctrl/tx_frame[14][7]_i_2_n_0
    SLICE_X32Y137        FDRE                                         r  u_accel/u_ctrl/tx_frame_reg[14][2]/CE
  -------------------------------------------------------------------    -------------------

                         (clock sys_clk_pin rise edge)
                                                      0.000     0.000 r  
    E3                                                0.000     0.000 r  CLK100MHZ (IN)
                         net (fo=0)                   0.000     0.000    CLK100MHZ
    E3                   IBUF (Prop_ibuf_I_O)         0.438     0.438 r  CLK100MHZ_IBUF_inst/O
                         net (fo=1, routed)           0.699     1.136    CLK100MHZ_IBUF
    BUFGCTRL_X0Y16       BUFG (Prop_bufg_I_O)         0.029     1.165 r  CLK100MHZ_IBUF_BUFG_inst/O
                         net (fo=21506, routed)       0.832     1.997    u_accel/u_ctrl/CLK100MHZ_IBUF_BUFG
    SLICE_X32Y137        FDRE                                         r  u_accel/u_ctrl/tx_frame_reg[14][2]/C

Slack:                    inf
  Source:                 CPU_RESETN
                            (input port)
  Destination:            u_accel/u_ctrl/tx_frame_reg[14][3]/CE
                            (rising edge-triggered cell FDRE clocked by sys_clk_pin  {rise@0.000ns fall@5.000ns period=10.000ns})
  Path Group:             (none)
  Path Type:              Hold (Min at Fast Process Corner)
  Data Path Delay:        1.389ns  (logic 0.320ns (23.011%)  route 1.069ns (76.989%))
  Logic Levels:           2  (IBUF=1 LUT6=1)
  Clock Path Skew:        1.997ns (DCD - SCD - CPR)
    Destination Clock Delay (DCD):    1.997ns
    Source Clock Delay      (SCD):    0.000ns
    Clock Pessimism Removal (CPR):    -0.000ns

    Location             Delay type                Incr(ns)  Path(ns)    Netlist Resource(s)
  -------------------------------------------------------------------    -------------------
    C12                                               0.000     0.000 r  CPU_RESETN (IN)
                         net (fo=0)                   0.000     0.000    CPU_RESETN
    C12                  IBUF (Prop_ibuf_I_O)         0.275     0.275 r  CPU_RESETN_IBUF_inst/O
                         net (fo=24, routed)          0.947     1.221    u_accel/u_ctrl/CPU_RESETN_IBUF
    SLICE_X32Y138        LUT6 (Prop_lut6_I0_O)        0.045     1.266 r  u_accel/u_ctrl/tx_frame[14][7]_i_2/O
                         net (fo=8, routed)           0.123     1.389    u_accel/u_ctrl/tx_frame[14][7]_i_2_n_0
    SLICE_X32Y137        FDRE                                         r  u_accel/u_ctrl/tx_frame_reg[14][3]/CE
  -------------------------------------------------------------------    -------------------

                         (clock sys_clk_pin rise edge)
                                                      0.000     0.000 r  
    E3                                                0.000     0.000 r  CLK100MHZ (IN)
                         net (fo=0)                   0.000     0.000    CLK100MHZ
    E3                   IBUF (Prop_ibuf_I_O)         0.438     0.438 r  CLK100MHZ_IBUF_inst/O
                         net (fo=1, routed)           0.699     1.136    CLK100MHZ_IBUF
    BUFGCTRL_X0Y16       BUFG (Prop_bufg_I_O)         0.029     1.165 r  CLK100MHZ_IBUF_BUFG_inst/O
                         net (fo=21506, routed)       0.832     1.997    u_accel/u_ctrl/CLK100MHZ_IBUF_BUFG
    SLICE_X32Y137        FDRE                                         r  u_accel/u_ctrl/tx_frame_reg[14][3]/C





